remark: /home/silvenchen/Desktop/DitBlock/WorkDCT/DitBlock/kernel.cpp:427:8: Loop 'l_ai' is marked as complete unroll implied by the pipeline pragma
remark: /home/silvenchen/Desktop/DitBlock/WorkDCT/DitBlock/kernel.cpp:446:8: Loop 'l_si' is marked as complete unroll implied by the pipeline pragma
remark: /home/silvenchen/Desktop/DitBlock/WorkDCT/DitBlock/kernel.cpp:414:0: Unrolling loop 'l_ai' (/home/silvenchen/Desktop/DitBlock/WorkDCT/DitBlock/kernel.cpp:427:8) in function 'systolic_modulate' completely with a factor of 1
remark: /home/silvenchen/Desktop/DitBlock/WorkDCT/DitBlock/kernel.cpp:414:0: Unrolling loop 'l_si' (/home/silvenchen/Desktop/DitBlock/WorkDCT/DitBlock/kernel.cpp:446:8) in function 'systolic_modulate' completely with a factor of 1
remark: /home/silvenchen/Desktop/DitBlock/WorkDCT/DitBlock/kernel.cpp:513:0: Inlining function 'systolic_modulate' into 'adaLN_modulate'
remark: /home/silvenchen/Desktop/DitBlock/WorkDCT/DitBlock/kernel.cpp:15692:0: Inlining function 'sft_head' into 'scaled_dot_product_attention'
remark: /wrk/ci/prod/2023.2/hls_product/continuous/689/2023.2/src/shared/hls/clib/hlsmath/include/FloatingPoint/hls_isinf.h:16:0: Inlining function 'fp_struct<double>::fp_struct(double)' into 'int generic_isinf<double>(double)'
remark: /wrk/ci/prod/2023.2/hls_product/continuous/689/2023.2/src/shared/hls/clib/hlsmath/include/FloatingPoint/hls_isnan.h:16:0: Inlining function 'fp_struct<double>::fp_struct(double)' into 'int generic_isnan<double>(double)'
remark: /wrk/ci/prod/2023.2/hls_product/continuous/689/2023.2/src/shared/hls/clib/src/hls/utils/x_hls_utils.h:494:0: Inlining function 'fp_struct<double>::data() const (.935.944.954.985)' into 'fp_struct<double>::to_double() const (.932.941.951.982)'
remark: /wrk/ci/prod/2023.2/hls_product/continuous/689/2023.2/src/shared/hls/clib/src/hls/utils/x_hls_utils.h:509:0: Inlining function 'fp_struct<double>::to_double() const (.932.941.951.982)' into 'fp_struct<double>::to_ieee() const'
remark: /wrk/ci/prod/2023.2/hls_product/continuous/689/2023.2/src/shared/hls/clib/hlsmath/include/FloatingPoint/hls_pow.h:186:0: Inlining function 'void pow_reduce::log_range_reduce<ap_fixed<121, 12, (ap_q_mode)5, (ap_o_mode)3, 0>, 4, 4, 71, 73>(ap_ufixed<71, -(4), (ap_q_mode)5, (ap_o_mode)3, 0>, ap_fixed<121, 12, (ap_q_mode)5, (ap_o_mode)3, 0>&, ap_ufixed<73, -(((4) + (4)) - (1)), (ap_q_mode)5, (ap_o_mode)3, 0>&)' into 'ap_ufixed<72, -37, (ap_q_mode)5, (ap_o_mode)3, 0> pow_reduce::pow_traits<double>::log_range_reduction<71>(ap_ufixed<71, -4, (ap_q_mode)5, (ap_o_mode)3, 0>, ap_fixed<121, 12, (ap_q_mode)5, (ap_o_mode)3, 0>&)'
remark: /wrk/ci/prod/2023.2/hls_product/continuous/689/2023.2/src/shared/hls/clib/hlsmath/include/FloatingPoint/hls_pow.h:186:0: Inlining function 'void pow_reduce::log_range_reduce<ap_fixed<121, 12, (ap_q_mode)5, (ap_o_mode)3, 0>, 7, 6, 73, 83>(ap_ufixed<73, -(7), (ap_q_mode)5, (ap_o_mode)3, 0>, ap_fixed<121, 12, (ap_q_mode)5, (ap_o_mode)3, 0>&, ap_ufixed<83, -(((7) + (6)) - (1)), (ap_q_mode)5, (ap_o_mode)3, 0>&)' into 'ap_ufixed<72, -37, (ap_q_mode)5, (ap_o_mode)3, 0> pow_reduce::pow_traits<double>::log_range_reduction<71>(ap_ufixed<71, -4, (ap_q_mode)5, (ap_o_mode)3, 0>, ap_fixed<121, 12, (ap_q_mode)5, (ap_o_mode)3, 0>&)'
remark: /wrk/ci/prod/2023.2/hls_product/continuous/689/2023.2/src/shared/hls/clib/hlsmath/include/FloatingPoint/hls_pow.h:186:0: Inlining function 'void pow_reduce::log_range_reduce<ap_fixed<121, 12, (ap_q_mode)5, (ap_o_mode)3, 0>, 12, 6, 83, 92>(ap_ufixed<83, -(12), (ap_q_mode)5, (ap_o_mode)3, 0>, ap_fixed<121, 12, (ap_q_mode)5, (ap_o_mode)3, 0>&, ap_ufixed<92, -(((12) + (6)) - (1)), (ap_q_mode)5, (ap_o_mode)3, 0>&)' into 'ap_ufixed<72, -37, (ap_q_mode)5, (ap_o_mode)3, 0> pow_reduce::pow_traits<double>::log_range_reduction<71>(ap_ufixed<71, -4, (ap_q_mode)5, (ap_o_mode)3, 0>, ap_fixed<121, 12, (ap_q_mode)5, (ap_o_mode)3, 0>&)'
remark: /wrk/ci/prod/2023.2/hls_product/continuous/689/2023.2/src/shared/hls/clib/hlsmath/include/FloatingPoint/hls_pow.h:186:0: Inlining function 'void pow_reduce::log_range_reduce<ap_fixed<121, 12, (ap_q_mode)5, (ap_o_mode)3, 0>, 17, 6, 92, 87>(ap_ufixed<92, -(17), (ap_q_mode)5, (ap_o_mode)3, 0>, ap_fixed<121, 12, (ap_q_mode)5, (ap_o_mode)3, 0>&, ap_ufixed<87, -(((17) + (6)) - (1)), (ap_q_mode)5, (ap_o_mode)3, 0>&)' into 'ap_ufixed<72, -37, (ap_q_mode)5, (ap_o_mode)3, 0> pow_reduce::pow_traits<double>::log_range_reduction<71>(ap_ufixed<71, -4, (ap_q_mode)5, (ap_o_mode)3, 0>, ap_fixed<121, 12, (ap_q_mode)5, (ap_o_mode)3, 0>&)'
remark: /wrk/ci/prod/2023.2/hls_product/continuous/689/2023.2/src/shared/hls/clib/hlsmath/include/FloatingPoint/hls_pow.h:186:0: Inlining function 'void pow_reduce::log_range_reduce<ap_fixed<121, 12, (ap_q_mode)5, (ap_o_mode)3, 0>, 22, 6, 87, 82>(ap_ufixed<87, -(22), (ap_q_mode)5, (ap_o_mode)3, 0>, ap_fixed<121, 12, (ap_q_mode)5, (ap_o_mode)3, 0>&, ap_ufixed<82, -(((22) + (6)) - (1)), (ap_q_mode)5, (ap_o_mode)3, 0>&)' into 'ap_ufixed<72, -37, (ap_q_mode)5, (ap_o_mode)3, 0> pow_reduce::pow_traits<double>::log_range_reduction<71>(ap_ufixed<71, -4, (ap_q_mode)5, (ap_o_mode)3, 0>, ap_fixed<121, 12, (ap_q_mode)5, (ap_o_mode)3, 0>&)'
remark: /wrk/ci/prod/2023.2/hls_product/continuous/689/2023.2/src/shared/hls/clib/hlsmath/include/FloatingPoint/hls_pow.h:186:0: Inlining function 'void pow_reduce::log_range_reduce<ap_fixed<121, 12, (ap_q_mode)5, (ap_o_mode)3, 0>, 27, 6, 82, 77>(ap_ufixed<82, -(27), (ap_q_mode)5, (ap_o_mode)3, 0>, ap_fixed<121, 12, (ap_q_mode)5, (ap_o_mode)3, 0>&, ap_ufixed<77, -(((27) + (6)) - (1)), (ap_q_mode)5, (ap_o_mode)3, 0>&)' into 'ap_ufixed<72, -37, (ap_q_mode)5, (ap_o_mode)3, 0> pow_reduce::pow_traits<double>::log_range_reduction<71>(ap_ufixed<71, -4, (ap_q_mode)5, (ap_o_mode)3, 0>, ap_fixed<121, 12, (ap_q_mode)5, (ap_o_mode)3, 0>&)'
remark: /wrk/ci/prod/2023.2/hls_product/continuous/689/2023.2/src/shared/hls/clib/hlsmath/include/FloatingPoint/hls_pow.h:186:0: Inlining function 'void pow_reduce::log_range_reduce<ap_fixed<121, 12, (ap_q_mode)5, (ap_o_mode)3, 0>, 32, 6, 77, 72>(ap_ufixed<77, -(32), (ap_q_mode)5, (ap_o_mode)3, 0>, ap_fixed<121, 12, (ap_q_mode)5, (ap_o_mode)3, 0>&, ap_ufixed<72, -(((32) + (6)) - (1)), (ap_q_mode)5, (ap_o_mode)3, 0>&)' into 'ap_ufixed<72, -37, (ap_q_mode)5, (ap_o_mode)3, 0> pow_reduce::pow_traits<double>::log_range_reduction<71>(ap_ufixed<71, -4, (ap_q_mode)5, (ap_o_mode)3, 0>, ap_fixed<121, 12, (ap_q_mode)5, (ap_o_mode)3, 0>&)'
remark: /wrk/ci/prod/2023.2/hls_product/continuous/689/2023.2/src/shared/hls/clib/hlsmath/include/FloatingPoint/hls_pow.h:292:0: Inlining function 'fp_struct<double>::fp_struct(double)' into 'double pow_reduce::pow_generic<double>(double, double)'
remark: /wrk/ci/prod/2023.2/hls_product/continuous/689/2023.2/src/shared/hls/clib/hlsmath/include/FloatingPoint/hls_pow.h:292:0: Inlining function 'fp_struct<double>::expv() const' into 'double pow_reduce::pow_generic<double>(double, double)'
remark: /wrk/ci/prod/2023.2/hls_product/continuous/689/2023.2/src/shared/hls/clib/hlsmath/include/FloatingPoint/hls_pow.h:292:0: Inlining function 'int generic_isinf<double>(double)' into 'double pow_reduce::pow_generic<double>(double, double)'
remark: /wrk/ci/prod/2023.2/hls_product/continuous/689/2023.2/src/shared/hls/clib/hlsmath/include/FloatingPoint/hls_pow.h:292:0: Inlining function 'int generic_isnan<double>(double)' into 'double pow_reduce::pow_generic<double>(double, double)'
remark: /wrk/ci/prod/2023.2/hls_product/continuous/689/2023.2/src/shared/hls/clib/hlsmath/include/FloatingPoint/hls_pow.h:292:0: Inlining function 'pow_reduce::pow_traits<double>::exp_Z1P_m_1(ap_ufixed<51, -8, (ap_q_mode)5, (ap_o_mode)3, 0>)' into 'double pow_reduce::pow_generic<double>(double, double)'
remark: /tools/Xilinx/Vitis_HLS/2023.2/tps/lnx64/gcc-8.3.0/lib/gcc/x86_64-pc-linux-gnu/8.3.0/../../../../include/c++/8.3.0/cmath:416:0: Inlining function 'pow' into '__gnu_cxx::__promote_2<float, double, __gnu_cxx::__promote<float, std::__is_integer<float>::__value>::__type, __gnu_cxx::__promote<double, std::__is_integer<double>::__value>::__type>::__type std::pow<float, double>(float, double)'
remark: /wrk/ci/prod/2023.2/hls_product/continuous/689/2023.2/src/shared/hls/clib/src/hls/utils/x_hls_utils.h:322:0: Inlining function 'fp_struct<float>::data() const (.1008.1018.1027.1038)' into 'fp_struct<float>::to_float() const (.1005.1015.1024.1035)'
remark: /wrk/ci/prod/2023.2/hls_product/continuous/689/2023.2/src/shared/hls/clib/src/hls/utils/x_hls_utils.h:346:0: Inlining function 'fp_struct<float>::to_float() const (.1005.1015.1024.1035)' into 'fp_struct<float>::to_ieee() const'
remark: /wrk/ci/prod/2023.2/hls_product/continuous/689/2023.2/src/shared/hls/clib/hlsmath/include/FloatingPoint/hls_copysign.h:10:0: Inlining function 'fp_struct<float>::fp_struct(float)' into 'float generic_copysign<float>(float, float)'
remark: /wrk/ci/prod/2023.2/hls_product/continuous/689/2023.2/src/shared/hls/clib/hlsmath/include/FloatingPoint/hls_copysign.h:10:0: Inlining function 'fp_struct<float>::to_ieee() const' into 'float generic_copysign<float>(float, float)'
remark: /wrk/ci/prod/2023.2/hls_product/continuous/689/2023.2/src/shared/hls/clib/hlsmath/include/FloatingPoint/hls_fabs.h:12:0: Inlining function 'float generic_copysign<float>(float, float)' into 'float generic_fabs<float>(float)'
remark: /wrk/ci/prod/2023.2/hls_product/continuous/689/2023.2/src/shared/hls/clib/hlsmath/include/FloatingPoint/hls_nan.h:10:0: Inlining function 'fp_struct<float>::to_ieee() const' into 'float generic_nan<float>(char const*)'
remark: /wrk/ci/prod/2023.2/hls_product/continuous/689/2023.2/src/shared/hls/clib/hlsmath/include/FloatingPoint/hls_exp_.h:157:0: Inlining function 'fp_struct<double>::fp_struct(double)' into 'double exp_reduce_::exp_generic<double>(double)'
remark: /wrk/ci/prod/2023.2/hls_product/continuous/689/2023.2/src/shared/hls/clib/hlsmath/include/FloatingPoint/hls_exp_.h:157:0: Inlining function 'int generic_isnan<double>(double)' into 'double exp_reduce_::exp_generic<double>(double)'
remark: /wrk/ci/prod/2023.2/hls_product/continuous/689/2023.2/src/shared/hls/clib/hlsmath/include/FloatingPoint/hls_exp_.h:157:0: Inlining function 'int generic_isinf<double>(double)' into 'double exp_reduce_::exp_generic<double>(double)'
remark: /wrk/ci/prod/2023.2/hls_product/continuous/689/2023.2/src/shared/hls/clib/hlsmath/include/FloatingPoint/hls_exp_.h:157:0: Inlining function 'fp_struct<double>::to_ieee() const' into 'double exp_reduce_::exp_generic<double>(double)'
remark: /wrk/ci/prod/2023.2/hls_product/continuous/689/2023.2/src/shared/hls/clib/hlsmath/include/FloatingPoint/hls_exp_.h:157:0: Inlining function 'fp_struct<double>::expv() const' into 'double exp_reduce_::exp_generic<double>(double)'
remark: /wrk/ci/prod/2023.2/hls_product/continuous/689/2023.2/src/shared/hls/clib/hlsmath/include/FloatingPoint/hls_exp_.h:157:0: Inlining function 'exp_reduce_::exp_traits<double>::exp_Z1P_m_1(ap_ufixed<51, -8, (ap_q_mode)5, (ap_o_mode)3, 0>)' into 'double exp_reduce_::exp_generic<double>(double)'
remark: /wrk/ci/prod/2023.2/hls_product/continuous/689/2023.2/src/shared/hls/clib/hlsmath/src/common/hls_exp_float.cpp:7:0: Inlining function 'fp_struct<float>::fp_struct(float)' into 'exp_reduce_::expm1(float)'
remark: /wrk/ci/prod/2023.2/hls_product/continuous/689/2023.2/src/shared/hls/clib/hlsmath/include/FloatingPoint/hls_tanh.h:28:0: Inlining function 'fp_struct<float>::fp_struct(float)' into 'float explog_based::generic_tanh<float>(float)'
remark: /wrk/ci/prod/2023.2/hls_product/continuous/689/2023.2/src/shared/hls/clib/hlsmath/include/FloatingPoint/hls_tanh.h:28:0: Inlining function 'float generic_fabs<float>(float)' into 'float explog_based::generic_tanh<float>(float)'
remark: /wrk/ci/prod/2023.2/hls_product/continuous/689/2023.2/src/shared/hls/clib/hlsmath/include/FloatingPoint/hls_tanh.h:28:0: Inlining function 'float generic_nan<float>(char const*)' into 'float explog_based::generic_tanh<float>(float)'
remark: /wrk/ci/prod/2023.2/hls_product/continuous/689/2023.2/src/shared/hls/clib/hlsmath/include/FloatingPoint/hls_tanh.h:28:0: Inlining function 'exp_reduce_::expm1(float)' into 'float explog_based::generic_tanh<float>(float)'
remark: /tools/Xilinx/Vitis_HLS/2023.2/tps/lnx64/gcc-8.3.0/lib/gcc/x86_64-pc-linux-gnu/8.3.0/../../../../include/c++/8.3.0/cmath:502:0: Inlining function 'tanhf' into 'std::tanh(float)'
remark: /home/silvenchen/Desktop/DitBlock/WorkDCT/DitBlock/kernel.cpp:25265:0: Inlining function 'modulate_fused' into 'allo_DDitBlock'
remark: /home/silvenchen/Desktop/DitBlock/WorkDCT/DitBlock/kernel.cpp:25265:0: Inlining function 'bias_add_scale' into 'allo_DDitBlock'
remark: /home/silvenchen/Desktop/DitBlock/WorkDCT/DitBlock/kernel.cpp:25265:0: Inlining function 'bias_add' into 'allo_DDitBlock'
remark: /home/silvenchen/Desktop/DitBlock/WorkDCT/DitBlock/kernel.cpp:25265:0: Inlining function 'GeLU' into 'allo_DDitBlock'
remark: /home/silvenchen/Desktop/DitBlock/WorkDCT/DitBlock/kernel.cpp:342:23: Applying array_partition to 'A_fifo': Complete partitioning on dimension 1. Complete partitioning on dimension 2.
remark: /home/silvenchen/Desktop/DitBlock/WorkDCT/DitBlock/kernel.cpp:344:23: Applying array_partition to 'B_fifo': Complete partitioning on dimension 1. Complete partitioning on dimension 2.
remark: /home/silvenchen/Desktop/DitBlock/WorkDCT/DitBlock/kernel.cpp:416:9: Applying array_partition to 'local_B.i': Complete partitioning on dimension 2.
remark: /home/silvenchen/Desktop/DitBlock/WorkDCT/DitBlock/kernel.cpp:419:8: Applying array_partition to 'local_C.i': Complete partitioning on dimension 2.
remark: /home/silvenchen/Desktop/DitBlock/WorkDCT/DitBlock/kernel.cpp:3263:23: Applying array_partition to 'A_fifo1': Complete partitioning on dimension 1. Complete partitioning on dimension 2.
remark: /home/silvenchen/Desktop/DitBlock/WorkDCT/DitBlock/kernel.cpp:3265:23: Applying array_partition to 'B_fifo1': Complete partitioning on dimension 1. Complete partitioning on dimension 2.
remark: /home/silvenchen/Desktop/DitBlock/WorkDCT/DitBlock/kernel.cpp:3616:9: Applying array_partition to 'local_A1': Complete partitioning on dimension 1.
remark: /home/silvenchen/Desktop/DitBlock/WorkDCT/DitBlock/kernel.cpp:3619:8: Applying array_partition to 'local_B1': Complete partitioning on dimension 2.
remark: /home/silvenchen/Desktop/DitBlock/WorkDCT/DitBlock/kernel.cpp:3622:8: Applying array_partition to 'local_C1': Complete partitioning on dimension 1. Complete partitioning on dimension 2.
remark: /home/silvenchen/Desktop/DitBlock/WorkDCT/DitBlock/kernel.cpp:12241:23: Applying array_partition to 'A_fifo4': Complete partitioning on dimension 1. Complete partitioning on dimension 2.
remark: /home/silvenchen/Desktop/DitBlock/WorkDCT/DitBlock/kernel.cpp:12243:23: Applying array_partition to 'B_fifo4': Complete partitioning on dimension 1. Complete partitioning on dimension 2.
remark: /home/silvenchen/Desktop/DitBlock/WorkDCT/DitBlock/kernel.cpp:12594:9: Applying array_partition to 'local_A4': Complete partitioning on dimension 1.
remark: /home/silvenchen/Desktop/DitBlock/WorkDCT/DitBlock/kernel.cpp:12597:8: Applying array_partition to 'local_B4': Complete partitioning on dimension 2.
remark: /home/silvenchen/Desktop/DitBlock/WorkDCT/DitBlock/kernel.cpp:12600:8: Applying array_partition to 'local_C4': Complete partitioning on dimension 1. Complete partitioning on dimension 2.
remark: /home/silvenchen/Desktop/DitBlock/WorkDCT/DitBlock/kernel.cpp:15291:23: Applying array_partition to 'A_fifo5': Complete partitioning on dimension 1. Complete partitioning on dimension 2.
remark: /home/silvenchen/Desktop/DitBlock/WorkDCT/DitBlock/kernel.cpp:15293:23: Applying array_partition to 'B_fifo5': Complete partitioning on dimension 1. Complete partitioning on dimension 2.
remark: /home/silvenchen/Desktop/DitBlock/WorkDCT/DitBlock/kernel.cpp:15644:9: Applying array_partition to 'local_A5': Complete partitioning on dimension 1.
remark: /home/silvenchen/Desktop/DitBlock/WorkDCT/DitBlock/kernel.cpp:15647:8: Applying array_partition to 'local_B5': Complete partitioning on dimension 2.
remark: /home/silvenchen/Desktop/DitBlock/WorkDCT/DitBlock/kernel.cpp:15650:8: Applying array_partition to 'local_C5': Complete partitioning on dimension 1. Complete partitioning on dimension 2.
remark: automatically set the pipeline for Loop< l_S_k_0_k337> at /home/silvenchen/Desktop/DitBlock/WorkDCT/DitBlock/kernel.cpp:15256:17 
remark: automatically set the pipeline for Loop< l_S_k_0_k336> at /home/silvenchen/Desktop/DitBlock/WorkDCT/DitBlock/kernel.cpp:15216:17 
remark: automatically set the pipeline for Loop< l_S_k_0_k335> at /home/silvenchen/Desktop/DitBlock/WorkDCT/DitBlock/kernel.cpp:15176:17 
remark: automatically set the pipeline for Loop< l_S_k_0_k334> at /home/silvenchen/Desktop/DitBlock/WorkDCT/DitBlock/kernel.cpp:15136:17 
remark: automatically set the pipeline for Loop< l_S_k_0_k333> at /home/silvenchen/Desktop/DitBlock/WorkDCT/DitBlock/kernel.cpp:15096:17 
remark: automatically set the pipeline for Loop< l_S_k_0_k332> at /home/silvenchen/Desktop/DitBlock/WorkDCT/DitBlock/kernel.cpp:15056:17 
remark: automatically set the pipeline for Loop< l_S_k_0_k331> at /home/silvenchen/Desktop/DitBlock/WorkDCT/DitBlock/kernel.cpp:15016:17 
remark: automatically set the pipeline for Loop< l_S_k_0_k330> at /home/silvenchen/Desktop/DitBlock/WorkDCT/DitBlock/kernel.cpp:14976:17 
remark: automatically set the pipeline for Loop< l_S_k_0_k329> at /home/silvenchen/Desktop/DitBlock/WorkDCT/DitBlock/kernel.cpp:14936:17 
remark: automatically set the pipeline for Loop< l_S_k_0_k328> at /home/silvenchen/Desktop/DitBlock/WorkDCT/DitBlock/kernel.cpp:14896:17 
remark: automatically set the pipeline for Loop< l_S_k_0_k327> at /home/silvenchen/Desktop/DitBlock/WorkDCT/DitBlock/kernel.cpp:14856:17 
remark: automatically set the pipeline for Loop< l_S_k_0_k326> at /home/silvenchen/Desktop/DitBlock/WorkDCT/DitBlock/kernel.cpp:14816:17 
remark: automatically set the pipeline for Loop< l_S_k_0_k325> at /home/silvenchen/Desktop/DitBlock/WorkDCT/DitBlock/kernel.cpp:14776:17 
remark: automatically set the pipeline for Loop< l_S_k_0_k324> at /home/silvenchen/Desktop/DitBlock/WorkDCT/DitBlock/kernel.cpp:14736:17 
remark: automatically set the pipeline for Loop< l_S_k_0_k323> at /home/silvenchen/Desktop/DitBlock/WorkDCT/DitBlock/kernel.cpp:14696:17 
remark: automatically set the pipeline for Loop< l_S_k_0_k322> at /home/silvenchen/Desktop/DitBlock/WorkDCT/DitBlock/kernel.cpp:14656:17 
remark: automatically set the pipeline for Loop< l_S_k_0_k321> at /home/silvenchen/Desktop/DitBlock/WorkDCT/DitBlock/kernel.cpp:14616:17 
remark: automatically set the pipeline for Loop< l_S_k_0_k320> at /home/silvenchen/Desktop/DitBlock/WorkDCT/DitBlock/kernel.cpp:14576:17 
remark: automatically set the pipeline for Loop< l_S_k_0_k319> at /home/silvenchen/Desktop/DitBlock/WorkDCT/DitBlock/kernel.cpp:14536:17 
remark: automatically set the pipeline for Loop< l_S_k_0_k318> at /home/silvenchen/Desktop/DitBlock/WorkDCT/DitBlock/kernel.cpp:14496:17 
remark: automatically set the pipeline for Loop< l_S_k_0_k317> at /home/silvenchen/Desktop/DitBlock/WorkDCT/DitBlock/kernel.cpp:14456:17 
remark: automatically set the pipeline for Loop< l_S_k_0_k316> at /home/silvenchen/Desktop/DitBlock/WorkDCT/DitBlock/kernel.cpp:14416:17 
remark: automatically set the pipeline for Loop< l_S_k_0_k315> at /home/silvenchen/Desktop/DitBlock/WorkDCT/DitBlock/kernel.cpp:14376:17 
remark: automatically set the pipeline for Loop< l_S_k_0_k314> at /home/silvenchen/Desktop/DitBlock/WorkDCT/DitBlock/kernel.cpp:14336:17 
remark: automatically set the pipeline for Loop< l_S_k_0_k313> at /home/silvenchen/Desktop/DitBlock/WorkDCT/DitBlock/kernel.cpp:14296:17 
remark: automatically set the pipeline for Loop< l_S_k_0_k312> at /home/silvenchen/Desktop/DitBlock/WorkDCT/DitBlock/kernel.cpp:14256:17 
remark: automatically set the pipeline for Loop< l_S_k_0_k311> at /home/silvenchen/Desktop/DitBlock/WorkDCT/DitBlock/kernel.cpp:14216:17 
remark: automatically set the pipeline for Loop< l_S_k_0_k310> at /home/silvenchen/Desktop/DitBlock/WorkDCT/DitBlock/kernel.cpp:14176:17 
remark: automatically set the pipeline for Loop< l_S_k_0_k309> at /home/silvenchen/Desktop/DitBlock/WorkDCT/DitBlock/kernel.cpp:14136:17 
remark: automatically set the pipeline for Loop< l_S_k_0_k308> at /home/silvenchen/Desktop/DitBlock/WorkDCT/DitBlock/kernel.cpp:14096:17 
remark: automatically set the pipeline for Loop< l_S_k_0_k307> at /home/silvenchen/Desktop/DitBlock/WorkDCT/DitBlock/kernel.cpp:14056:17 
remark: automatically set the pipeline for Loop< l_S_k_0_k306> at /home/silvenchen/Desktop/DitBlock/WorkDCT/DitBlock/kernel.cpp:14016:17 
remark: automatically set the pipeline for Loop< l_S_k_0_k305> at /home/silvenchen/Desktop/DitBlock/WorkDCT/DitBlock/kernel.cpp:13976:17 
remark: automatically set the pipeline for Loop< l_S_k_0_k304> at /home/silvenchen/Desktop/DitBlock/WorkDCT/DitBlock/kernel.cpp:13936:17 
remark: automatically set the pipeline for Loop< l_S_k_0_k303> at /home/silvenchen/Desktop/DitBlock/WorkDCT/DitBlock/kernel.cpp:13896:17 
remark: automatically set the pipeline for Loop< l_S_k_0_k302> at /home/silvenchen/Desktop/DitBlock/WorkDCT/DitBlock/kernel.cpp:13856:17 
remark: automatically set the pipeline for Loop< l_S_k_0_k301> at /home/silvenchen/Desktop/DitBlock/WorkDCT/DitBlock/kernel.cpp:13816:17 
remark: automatically set the pipeline for Loop< l_S_k_0_k300> at /home/silvenchen/Desktop/DitBlock/WorkDCT/DitBlock/kernel.cpp:13776:17 
remark: automatically set the pipeline for Loop< l_S_k_0_k299> at /home/silvenchen/Desktop/DitBlock/WorkDCT/DitBlock/kernel.cpp:13736:17 
remark: automatically set the pipeline for Loop< l_S_k_0_k298> at /home/silvenchen/Desktop/DitBlock/WorkDCT/DitBlock/kernel.cpp:13696:17 
remark: automatically set the pipeline for Loop< l_S_k_0_k297> at /home/silvenchen/Desktop/DitBlock/WorkDCT/DitBlock/kernel.cpp:13656:17 
remark: automatically set the pipeline for Loop< l_S_k_0_k296> at /home/silvenchen/Desktop/DitBlock/WorkDCT/DitBlock/kernel.cpp:13616:17 
remark: automatically set the pipeline for Loop< l_S_k_0_k295> at /home/silvenchen/Desktop/DitBlock/WorkDCT/DitBlock/kernel.cpp:13576:17 
remark: automatically set the pipeline for Loop< l_S_k_0_k294> at /home/silvenchen/Desktop/DitBlock/WorkDCT/DitBlock/kernel.cpp:13536:17 
remark: automatically set the pipeline for Loop< l_S_k_0_k293> at /home/silvenchen/Desktop/DitBlock/WorkDCT/DitBlock/kernel.cpp:13496:17 
remark: automatically set the pipeline for Loop< l_S_k_0_k292> at /home/silvenchen/Desktop/DitBlock/WorkDCT/DitBlock/kernel.cpp:13456:17 
remark: automatically set the pipeline for Loop< l_S_k_0_k291> at /home/silvenchen/Desktop/DitBlock/WorkDCT/DitBlock/kernel.cpp:13416:17 
remark: automatically set the pipeline for Loop< l_S_k_0_k290> at /home/silvenchen/Desktop/DitBlock/WorkDCT/DitBlock/kernel.cpp:13376:17 
remark: automatically set the pipeline for Loop< l_S_k_0_k289> at /home/silvenchen/Desktop/DitBlock/WorkDCT/DitBlock/kernel.cpp:13336:17 
remark: automatically set the pipeline for Loop< l_S_k_0_k288> at /home/silvenchen/Desktop/DitBlock/WorkDCT/DitBlock/kernel.cpp:13296:17 
remark: automatically set the pipeline for Loop< l_S_k_0_k287> at /home/silvenchen/Desktop/DitBlock/WorkDCT/DitBlock/kernel.cpp:13256:17 
remark: automatically set the pipeline for Loop< l_S_k_0_k286> at /home/silvenchen/Desktop/DitBlock/WorkDCT/DitBlock/kernel.cpp:13216:17 
remark: automatically set the pipeline for Loop< l_S_k_0_k285> at /home/silvenchen/Desktop/DitBlock/WorkDCT/DitBlock/kernel.cpp:13176:17 
remark: automatically set the pipeline for Loop< l_S_k_0_k284> at /home/silvenchen/Desktop/DitBlock/WorkDCT/DitBlock/kernel.cpp:13136:17 
remark: automatically set the pipeline for Loop< l_S_k_0_k283> at /home/silvenchen/Desktop/DitBlock/WorkDCT/DitBlock/kernel.cpp:13096:17 
remark: automatically set the pipeline for Loop< l_S_k_0_k282> at /home/silvenchen/Desktop/DitBlock/WorkDCT/DitBlock/kernel.cpp:13056:17 
remark: automatically set the pipeline for Loop< l_S_k_0_k281> at /home/silvenchen/Desktop/DitBlock/WorkDCT/DitBlock/kernel.cpp:13016:17 
remark: automatically set the pipeline for Loop< l_S_k_0_k280> at /home/silvenchen/Desktop/DitBlock/WorkDCT/DitBlock/kernel.cpp:12976:17 
remark: automatically set the pipeline for Loop< l_S_k_0_k279> at /home/silvenchen/Desktop/DitBlock/WorkDCT/DitBlock/kernel.cpp:12936:17 
remark: automatically set the pipeline for Loop< l_S_k_0_k278> at /home/silvenchen/Desktop/DitBlock/WorkDCT/DitBlock/kernel.cpp:12896:17 
remark: automatically set the pipeline for Loop< l_S_k_0_k277> at /home/silvenchen/Desktop/DitBlock/WorkDCT/DitBlock/kernel.cpp:12856:17 
remark: automatically set the pipeline for Loop< l_S_k_0_k276> at /home/silvenchen/Desktop/DitBlock/WorkDCT/DitBlock/kernel.cpp:12816:17 
remark: automatically set the pipeline for Loop< l_S_k_0_k275> at /home/silvenchen/Desktop/DitBlock/WorkDCT/DitBlock/kernel.cpp:12776:17 
remark: automatically set the pipeline for Loop< l_S_k_0_k274> at /home/silvenchen/Desktop/DitBlock/WorkDCT/DitBlock/kernel.cpp:12736:17 
remark: automatically set the pipeline for Loop< l_data_load_k338> at /home/silvenchen/Desktop/DitBlock/WorkDCT/DitBlock/kernel.cpp:15297:21 
remark: automatically set the pipeline for Loop< l_data_drain_k339> at /home/silvenchen/Desktop/DitBlock/WorkDCT/DitBlock/kernel.cpp:15627:22 
remark: automatically set the pipeline for Loop< l_S_k_0_k271> at /home/silvenchen/Desktop/DitBlock/WorkDCT/DitBlock/kernel.cpp:12206:17 
remark: automatically set the pipeline for Loop< l_S_k_0_k270> at /home/silvenchen/Desktop/DitBlock/WorkDCT/DitBlock/kernel.cpp:12166:17 
remark: automatically set the pipeline for Loop< l_S_k_0_k269> at /home/silvenchen/Desktop/DitBlock/WorkDCT/DitBlock/kernel.cpp:12126:17 
remark: automatically set the pipeline for Loop< l_S_k_0_k268> at /home/silvenchen/Desktop/DitBlock/WorkDCT/DitBlock/kernel.cpp:12086:17 
remark: automatically set the pipeline for Loop< l_S_k_0_k267> at /home/silvenchen/Desktop/DitBlock/WorkDCT/DitBlock/kernel.cpp:12046:17 
remark: automatically set the pipeline for Loop< l_S_k_0_k266> at /home/silvenchen/Desktop/DitBlock/WorkDCT/DitBlock/kernel.cpp:12006:17 
remark: automatically set the pipeline for Loop< l_S_k_0_k265> at /home/silvenchen/Desktop/DitBlock/WorkDCT/DitBlock/kernel.cpp:11966:17 
remark: automatically set the pipeline for Loop< l_S_k_0_k264> at /home/silvenchen/Desktop/DitBlock/WorkDCT/DitBlock/kernel.cpp:11926:17 
remark: automatically set the pipeline for Loop< l_S_k_0_k263> at /home/silvenchen/Desktop/DitBlock/WorkDCT/DitBlock/kernel.cpp:11886:17 
remark: automatically set the pipeline for Loop< l_S_k_0_k262> at /home/silvenchen/Desktop/DitBlock/WorkDCT/DitBlock/kernel.cpp:11846:17 
remark: automatically set the pipeline for Loop< l_S_k_0_k261> at /home/silvenchen/Desktop/DitBlock/WorkDCT/DitBlock/kernel.cpp:11806:17 
remark: automatically set the pipeline for Loop< l_S_k_0_k260> at /home/silvenchen/Desktop/DitBlock/WorkDCT/DitBlock/kernel.cpp:11766:17 
remark: automatically set the pipeline for Loop< l_S_k_0_k259> at /home/silvenchen/Desktop/DitBlock/WorkDCT/DitBlock/kernel.cpp:11726:17 
remark: automatically set the pipeline for Loop< l_S_k_0_k258> at /home/silvenchen/Desktop/DitBlock/WorkDCT/DitBlock/kernel.cpp:11686:17 
remark: automatically set the pipeline for Loop< l_S_k_0_k257> at /home/silvenchen/Desktop/DitBlock/WorkDCT/DitBlock/kernel.cpp:11646:17 
remark: automatically set the pipeline for Loop< l_S_k_0_k256> at /home/silvenchen/Desktop/DitBlock/WorkDCT/DitBlock/kernel.cpp:11606:17 
remark: automatically set the pipeline for Loop< l_S_k_0_k255> at /home/silvenchen/Desktop/DitBlock/WorkDCT/DitBlock/kernel.cpp:11566:17 
remark: automatically set the pipeline for Loop< l_S_k_0_k254> at /home/silvenchen/Desktop/DitBlock/WorkDCT/DitBlock/kernel.cpp:11526:17 
remark: automatically set the pipeline for Loop< l_S_k_0_k253> at /home/silvenchen/Desktop/DitBlock/WorkDCT/DitBlock/kernel.cpp:11486:17 
remark: automatically set the pipeline for Loop< l_S_k_0_k252> at /home/silvenchen/Desktop/DitBlock/WorkDCT/DitBlock/kernel.cpp:11446:17 
remark: automatically set the pipeline for Loop< l_S_k_0_k251> at /home/silvenchen/Desktop/DitBlock/WorkDCT/DitBlock/kernel.cpp:11406:17 
remark: automatically set the pipeline for Loop< l_S_k_0_k250> at /home/silvenchen/Desktop/DitBlock/WorkDCT/DitBlock/kernel.cpp:11366:17 
remark: automatically set the pipeline for Loop< l_S_k_0_k249> at /home/silvenchen/Desktop/DitBlock/WorkDCT/DitBlock/kernel.cpp:11326:17 
remark: automatically set the pipeline for Loop< l_S_k_0_k248> at /home/silvenchen/Desktop/DitBlock/WorkDCT/DitBlock/kernel.cpp:11286:17 
remark: automatically set the pipeline for Loop< l_S_k_0_k247> at /home/silvenchen/Desktop/DitBlock/WorkDCT/DitBlock/kernel.cpp:11246:17 
remark: automatically set the pipeline for Loop< l_S_k_0_k246> at /home/silvenchen/Desktop/DitBlock/WorkDCT/DitBlock/kernel.cpp:11206:17 
remark: automatically set the pipeline for Loop< l_S_k_0_k245> at /home/silvenchen/Desktop/DitBlock/WorkDCT/DitBlock/kernel.cpp:11166:17 
remark: automatically set the pipeline for Loop< l_S_k_0_k244> at /home/silvenchen/Desktop/DitBlock/WorkDCT/DitBlock/kernel.cpp:11126:17 
remark: automatically set the pipeline for Loop< l_S_k_0_k243> at /home/silvenchen/Desktop/DitBlock/WorkDCT/DitBlock/kernel.cpp:11086:17 
remark: automatically set the pipeline for Loop< l_S_k_0_k242> at /home/silvenchen/Desktop/DitBlock/WorkDCT/DitBlock/kernel.cpp:11046:17 
remark: automatically set the pipeline for Loop< l_S_k_0_k241> at /home/silvenchen/Desktop/DitBlock/WorkDCT/DitBlock/kernel.cpp:11006:17 
remark: automatically set the pipeline for Loop< l_S_k_0_k240> at /home/silvenchen/Desktop/DitBlock/WorkDCT/DitBlock/kernel.cpp:10966:17 
remark: automatically set the pipeline for Loop< l_S_k_0_k239> at /home/silvenchen/Desktop/DitBlock/WorkDCT/DitBlock/kernel.cpp:10926:17 
remark: automatically set the pipeline for Loop< l_S_k_0_k238> at /home/silvenchen/Desktop/DitBlock/WorkDCT/DitBlock/kernel.cpp:10886:17 
remark: automatically set the pipeline for Loop< l_S_k_0_k237> at /home/silvenchen/Desktop/DitBlock/WorkDCT/DitBlock/kernel.cpp:10846:17 
remark: automatically set the pipeline for Loop< l_S_k_0_k236> at /home/silvenchen/Desktop/DitBlock/WorkDCT/DitBlock/kernel.cpp:10806:17 
remark: automatically set the pipeline for Loop< l_S_k_0_k235> at /home/silvenchen/Desktop/DitBlock/WorkDCT/DitBlock/kernel.cpp:10766:17 
remark: automatically set the pipeline for Loop< l_S_k_0_k234> at /home/silvenchen/Desktop/DitBlock/WorkDCT/DitBlock/kernel.cpp:10726:17 
remark: automatically set the pipeline for Loop< l_S_k_0_k233> at /home/silvenchen/Desktop/DitBlock/WorkDCT/DitBlock/kernel.cpp:10686:17 
remark: automatically set the pipeline for Loop< l_S_k_0_k232> at /home/silvenchen/Desktop/DitBlock/WorkDCT/DitBlock/kernel.cpp:10646:17 
remark: automatically set the pipeline for Loop< l_S_k_0_k231> at /home/silvenchen/Desktop/DitBlock/WorkDCT/DitBlock/kernel.cpp:10606:17 
remark: automatically set the pipeline for Loop< l_S_k_0_k230> at /home/silvenchen/Desktop/DitBlock/WorkDCT/DitBlock/kernel.cpp:10566:17 
remark: automatically set the pipeline for Loop< l_S_k_0_k229> at /home/silvenchen/Desktop/DitBlock/WorkDCT/DitBlock/kernel.cpp:10526:17 
remark: automatically set the pipeline for Loop< l_S_k_0_k228> at /home/silvenchen/Desktop/DitBlock/WorkDCT/DitBlock/kernel.cpp:10486:17 
remark: automatically set the pipeline for Loop< l_S_k_0_k227> at /home/silvenchen/Desktop/DitBlock/WorkDCT/DitBlock/kernel.cpp:10446:17 
remark: automatically set the pipeline for Loop< l_S_k_0_k226> at /home/silvenchen/Desktop/DitBlock/WorkDCT/DitBlock/kernel.cpp:10406:17 
remark: automatically set the pipeline for Loop< l_S_k_0_k225> at /home/silvenchen/Desktop/DitBlock/WorkDCT/DitBlock/kernel.cpp:10366:17 
remark: automatically set the pipeline for Loop< l_S_k_0_k224> at /home/silvenchen/Desktop/DitBlock/WorkDCT/DitBlock/kernel.cpp:10326:17 
remark: automatically set the pipeline for Loop< l_S_k_0_k223> at /home/silvenchen/Desktop/DitBlock/WorkDCT/DitBlock/kernel.cpp:10286:17 
remark: automatically set the pipeline for Loop< l_S_k_0_k222> at /home/silvenchen/Desktop/DitBlock/WorkDCT/DitBlock/kernel.cpp:10246:17 
remark: automatically set the pipeline for Loop< l_S_k_0_k221> at /home/silvenchen/Desktop/DitBlock/WorkDCT/DitBlock/kernel.cpp:10206:17 
remark: automatically set the pipeline for Loop< l_S_k_0_k220> at /home/silvenchen/Desktop/DitBlock/WorkDCT/DitBlock/kernel.cpp:10166:17 
remark: automatically set the pipeline for Loop< l_S_k_0_k219> at /home/silvenchen/Desktop/DitBlock/WorkDCT/DitBlock/kernel.cpp:10126:17 
remark: automatically set the pipeline for Loop< l_S_k_0_k218> at /home/silvenchen/Desktop/DitBlock/WorkDCT/DitBlock/kernel.cpp:10086:17 
remark: automatically set the pipeline for Loop< l_S_k_0_k217> at /home/silvenchen/Desktop/DitBlock/WorkDCT/DitBlock/kernel.cpp:10046:17 
remark: automatically set the pipeline for Loop< l_S_k_0_k216> at /home/silvenchen/Desktop/DitBlock/WorkDCT/DitBlock/kernel.cpp:10006:17 
remark: automatically set the pipeline for Loop< l_S_k_0_k215> at /home/silvenchen/Desktop/DitBlock/WorkDCT/DitBlock/kernel.cpp:9966:17 
remark: automatically set the pipeline for Loop< l_S_k_0_k214> at /home/silvenchen/Desktop/DitBlock/WorkDCT/DitBlock/kernel.cpp:9926:17 
remark: automatically set the pipeline for Loop< l_S_k_0_k213> at /home/silvenchen/Desktop/DitBlock/WorkDCT/DitBlock/kernel.cpp:9886:17 
remark: automatically set the pipeline for Loop< l_S_k_0_k212> at /home/silvenchen/Desktop/DitBlock/WorkDCT/DitBlock/kernel.cpp:9846:17 
remark: automatically set the pipeline for Loop< l_S_k_0_k211> at /home/silvenchen/Desktop/DitBlock/WorkDCT/DitBlock/kernel.cpp:9806:17 
remark: automatically set the pipeline for Loop< l_S_k_0_k210> at /home/silvenchen/Desktop/DitBlock/WorkDCT/DitBlock/kernel.cpp:9766:17 
remark: automatically set the pipeline for Loop< l_S_k_0_k209> at /home/silvenchen/Desktop/DitBlock/WorkDCT/DitBlock/kernel.cpp:9726:17 
remark: automatically set the pipeline for Loop< l_S_k_0_k208> at /home/silvenchen/Desktop/DitBlock/WorkDCT/DitBlock/kernel.cpp:9686:17 
remark: automatically set the pipeline for Loop< l_data_load_k272> at /home/silvenchen/Desktop/DitBlock/WorkDCT/DitBlock/kernel.cpp:12247:21 
remark: automatically set the pipeline for Loop< l_data_drain_k273> at /home/silvenchen/Desktop/DitBlock/WorkDCT/DitBlock/kernel.cpp:12577:22 
remark: automatically set the pipeline for Loop< l_j15> at /home/silvenchen/Desktop/DitBlock/WorkDCT/DitBlock/kernel.cpp:15739:14 
remark: automatically set the pipeline for Loop< l_j12> at /home/silvenchen/Desktop/DitBlock/WorkDCT/DitBlock/kernel.cpp:12711:12 
remark: automatically set the pipeline for Loop< l_j11> at /home/silvenchen/Desktop/DitBlock/WorkDCT/DitBlock/kernel.cpp:12704:12 
remark: automatically set the pipeline for Loop< l_j10> at /home/silvenchen/Desktop/DitBlock/WorkDCT/DitBlock/kernel.cpp:12696:12 
remark: automatically set the pipeline for Loop< VITIS_LOOP_12692_2> at /home/silvenchen/Desktop/DitBlock/WorkDCT/DitBlock/kernel.cpp:12692:23 
remark: automatically set the pipeline for Loop< VITIS_LOOP_12688_1> at /home/silvenchen/Desktop/DitBlock/WorkDCT/DitBlock/kernel.cpp:12688:23 
remark: automatically set the pipeline for Loop< l_j14> at /home/silvenchen/Desktop/DitBlock/WorkDCT/DitBlock/kernel.cpp:15729:14 
remark: automatically set the pipeline for Loop< VITIS_LOOP_15724_6> at /home/silvenchen/Desktop/DitBlock/WorkDCT/DitBlock/kernel.cpp:15724:27 
remark: automatically set the pipeline for Loop< VITIS_LOOP_15717_4> at /home/silvenchen/Desktop/DitBlock/WorkDCT/DitBlock/kernel.cpp:15717:27 
remark: automatically set the pipeline for Loop< VITIS_LOOP_15709_2> at /home/silvenchen/Desktop/DitBlock/WorkDCT/DitBlock/kernel.cpp:15709:27 
remark: automatically set the pipeline for Loop< l_j13> at /home/silvenchen/Desktop/DitBlock/WorkDCT/DitBlock/kernel.cpp:15698:14 
remark: automatically set the pipeline for Loop< l_j9> at /home/silvenchen/Desktop/DitBlock/WorkDCT/DitBlock/kernel.cpp:9660:13 
remark: automatically set the pipeline for Loop< l_j8> at /home/silvenchen/Desktop/DitBlock/WorkDCT/DitBlock/kernel.cpp:9654:13 
remark: automatically set the pipeline for Loop< l_j7> at /home/silvenchen/Desktop/DitBlock/WorkDCT/DitBlock/kernel.cpp:9642:13 
remark: automatically set the pipeline for Loop< l_j6> at /home/silvenchen/Desktop/DitBlock/WorkDCT/DitBlock/kernel.cpp:9630:13 
remark: automatically set the pipeline for Loop< VITIS_LOOP_9625_4> at /home/silvenchen/Desktop/DitBlock/WorkDCT/DitBlock/kernel.cpp:9625:26 
remark: automatically set the pipeline for Loop< VITIS_LOOP_9619_2> at /home/silvenchen/Desktop/DitBlock/WorkDCT/DitBlock/kernel.cpp:9619:26 
remark: automatically set the pipeline for Loop< l_j5> at /home/silvenchen/Desktop/DitBlock/WorkDCT/DitBlock/kernel.cpp:9612:13 
remark: automatically set the pipeline for Loop< l_j4> at /home/silvenchen/Desktop/DitBlock/WorkDCT/DitBlock/kernel.cpp:9606:13 
remark: automatically set the pipeline for Loop< l_S_k_0_k73> at /home/silvenchen/Desktop/DitBlock/WorkDCT/DitBlock/kernel.cpp:3228:16 
remark: automatically set the pipeline for Loop< l_S_k_0_k72> at /home/silvenchen/Desktop/DitBlock/WorkDCT/DitBlock/kernel.cpp:3188:16 
remark: automatically set the pipeline for Loop< l_S_k_0_k71> at /home/silvenchen/Desktop/DitBlock/WorkDCT/DitBlock/kernel.cpp:3148:16 
remark: automatically set the pipeline for Loop< l_S_k_0_k70> at /home/silvenchen/Desktop/DitBlock/WorkDCT/DitBlock/kernel.cpp:3108:16 
remark: automatically set the pipeline for Loop< l_S_k_0_k69> at /home/silvenchen/Desktop/DitBlock/WorkDCT/DitBlock/kernel.cpp:3068:16 
remark: automatically set the pipeline for Loop< l_S_k_0_k68> at /home/silvenchen/Desktop/DitBlock/WorkDCT/DitBlock/kernel.cpp:3028:16 
remark: automatically set the pipeline for Loop< l_S_k_0_k67> at /home/silvenchen/Desktop/DitBlock/WorkDCT/DitBlock/kernel.cpp:2988:16 
remark: automatically set the pipeline for Loop< l_S_k_0_k66> at /home/silvenchen/Desktop/DitBlock/WorkDCT/DitBlock/kernel.cpp:2948:16 
remark: automatically set the pipeline for Loop< l_S_k_0_k65> at /home/silvenchen/Desktop/DitBlock/WorkDCT/DitBlock/kernel.cpp:2908:16 
remark: automatically set the pipeline for Loop< l_S_k_0_k64> at /home/silvenchen/Desktop/DitBlock/WorkDCT/DitBlock/kernel.cpp:2868:16 
remark: automatically set the pipeline for Loop< l_S_k_0_k63> at /home/silvenchen/Desktop/DitBlock/WorkDCT/DitBlock/kernel.cpp:2828:16 
remark: automatically set the pipeline for Loop< l_S_k_0_k62> at /home/silvenchen/Desktop/DitBlock/WorkDCT/DitBlock/kernel.cpp:2788:16 
remark: automatically set the pipeline for Loop< l_S_k_0_k61> at /home/silvenchen/Desktop/DitBlock/WorkDCT/DitBlock/kernel.cpp:2748:16 
remark: automatically set the pipeline for Loop< l_S_k_0_k60> at /home/silvenchen/Desktop/DitBlock/WorkDCT/DitBlock/kernel.cpp:2708:16 
remark: automatically set the pipeline for Loop< l_S_k_0_k59> at /home/silvenchen/Desktop/DitBlock/WorkDCT/DitBlock/kernel.cpp:2668:16 
remark: automatically set the pipeline for Loop< l_S_k_0_k58> at /home/silvenchen/Desktop/DitBlock/WorkDCT/DitBlock/kernel.cpp:2628:16 
remark: automatically set the pipeline for Loop< l_S_k_0_k57> at /home/silvenchen/Desktop/DitBlock/WorkDCT/DitBlock/kernel.cpp:2588:16 
remark: automatically set the pipeline for Loop< l_S_k_0_k56> at /home/silvenchen/Desktop/DitBlock/WorkDCT/DitBlock/kernel.cpp:2548:16 
remark: automatically set the pipeline for Loop< l_S_k_0_k55> at /home/silvenchen/Desktop/DitBlock/WorkDCT/DitBlock/kernel.cpp:2508:16 
remark: automatically set the pipeline for Loop< l_S_k_0_k54> at /home/silvenchen/Desktop/DitBlock/WorkDCT/DitBlock/kernel.cpp:2468:16 
remark: automatically set the pipeline for Loop< l_S_k_0_k53> at /home/silvenchen/Desktop/DitBlock/WorkDCT/DitBlock/kernel.cpp:2428:16 
remark: automatically set the pipeline for Loop< l_S_k_0_k52> at /home/silvenchen/Desktop/DitBlock/WorkDCT/DitBlock/kernel.cpp:2388:16 
remark: automatically set the pipeline for Loop< l_S_k_0_k51> at /home/silvenchen/Desktop/DitBlock/WorkDCT/DitBlock/kernel.cpp:2348:16 
remark: automatically set the pipeline for Loop< l_S_k_0_k50> at /home/silvenchen/Desktop/DitBlock/WorkDCT/DitBlock/kernel.cpp:2308:16 
remark: automatically set the pipeline for Loop< l_S_k_0_k49> at /home/silvenchen/Desktop/DitBlock/WorkDCT/DitBlock/kernel.cpp:2268:16 
remark: automatically set the pipeline for Loop< l_S_k_0_k48> at /home/silvenchen/Desktop/DitBlock/WorkDCT/DitBlock/kernel.cpp:2228:16 
remark: automatically set the pipeline for Loop< l_S_k_0_k47> at /home/silvenchen/Desktop/DitBlock/WorkDCT/DitBlock/kernel.cpp:2188:16 
remark: automatically set the pipeline for Loop< l_S_k_0_k46> at /home/silvenchen/Desktop/DitBlock/WorkDCT/DitBlock/kernel.cpp:2148:16 
remark: automatically set the pipeline for Loop< l_S_k_0_k45> at /home/silvenchen/Desktop/DitBlock/WorkDCT/DitBlock/kernel.cpp:2108:16 
remark: automatically set the pipeline for Loop< l_S_k_0_k44> at /home/silvenchen/Desktop/DitBlock/WorkDCT/DitBlock/kernel.cpp:2068:16 
remark: automatically set the pipeline for Loop< l_S_k_0_k43> at /home/silvenchen/Desktop/DitBlock/WorkDCT/DitBlock/kernel.cpp:2028:16 
remark: automatically set the pipeline for Loop< l_S_k_0_k42> at /home/silvenchen/Desktop/DitBlock/WorkDCT/DitBlock/kernel.cpp:1988:16 
remark: automatically set the pipeline for Loop< l_S_k_0_k41> at /home/silvenchen/Desktop/DitBlock/WorkDCT/DitBlock/kernel.cpp:1948:16 
remark: automatically set the pipeline for Loop< l_S_k_0_k40> at /home/silvenchen/Desktop/DitBlock/WorkDCT/DitBlock/kernel.cpp:1908:16 
remark: automatically set the pipeline for Loop< l_S_k_0_k39> at /home/silvenchen/Desktop/DitBlock/WorkDCT/DitBlock/kernel.cpp:1868:16 
remark: automatically set the pipeline for Loop< l_S_k_0_k38> at /home/silvenchen/Desktop/DitBlock/WorkDCT/DitBlock/kernel.cpp:1828:16 
remark: automatically set the pipeline for Loop< l_S_k_0_k37> at /home/silvenchen/Desktop/DitBlock/WorkDCT/DitBlock/kernel.cpp:1788:16 
remark: automatically set the pipeline for Loop< l_S_k_0_k36> at /home/silvenchen/Desktop/DitBlock/WorkDCT/DitBlock/kernel.cpp:1748:16 
remark: automatically set the pipeline for Loop< l_S_k_0_k35> at /home/silvenchen/Desktop/DitBlock/WorkDCT/DitBlock/kernel.cpp:1708:16 
remark: automatically set the pipeline for Loop< l_S_k_0_k34> at /home/silvenchen/Desktop/DitBlock/WorkDCT/DitBlock/kernel.cpp:1668:16 
remark: automatically set the pipeline for Loop< l_S_k_0_k33> at /home/silvenchen/Desktop/DitBlock/WorkDCT/DitBlock/kernel.cpp:1628:16 
remark: automatically set the pipeline for Loop< l_S_k_0_k32> at /home/silvenchen/Desktop/DitBlock/WorkDCT/DitBlock/kernel.cpp:1588:16 
remark: automatically set the pipeline for Loop< l_S_k_0_k31> at /home/silvenchen/Desktop/DitBlock/WorkDCT/DitBlock/kernel.cpp:1548:16 
remark: automatically set the pipeline for Loop< l_S_k_0_k30> at /home/silvenchen/Desktop/DitBlock/WorkDCT/DitBlock/kernel.cpp:1508:16 
remark: automatically set the pipeline for Loop< l_S_k_0_k29> at /home/silvenchen/Desktop/DitBlock/WorkDCT/DitBlock/kernel.cpp:1468:16 
remark: automatically set the pipeline for Loop< l_S_k_0_k28> at /home/silvenchen/Desktop/DitBlock/WorkDCT/DitBlock/kernel.cpp:1428:16 
remark: automatically set the pipeline for Loop< l_S_k_0_k27> at /home/silvenchen/Desktop/DitBlock/WorkDCT/DitBlock/kernel.cpp:1388:16 
remark: automatically set the pipeline for Loop< l_S_k_0_k26> at /home/silvenchen/Desktop/DitBlock/WorkDCT/DitBlock/kernel.cpp:1348:16 
remark: automatically set the pipeline for Loop< l_S_k_0_k25> at /home/silvenchen/Desktop/DitBlock/WorkDCT/DitBlock/kernel.cpp:1308:16 
remark: automatically set the pipeline for Loop< l_S_k_0_k24> at /home/silvenchen/Desktop/DitBlock/WorkDCT/DitBlock/kernel.cpp:1268:16 
remark: automatically set the pipeline for Loop< l_S_k_0_k23> at /home/silvenchen/Desktop/DitBlock/WorkDCT/DitBlock/kernel.cpp:1228:16 
remark: automatically set the pipeline for Loop< l_S_k_0_k22> at /home/silvenchen/Desktop/DitBlock/WorkDCT/DitBlock/kernel.cpp:1188:16 
remark: automatically set the pipeline for Loop< l_S_k_0_k21> at /home/silvenchen/Desktop/DitBlock/WorkDCT/DitBlock/kernel.cpp:1148:16 
remark: automatically set the pipeline for Loop< l_S_k_0_k20> at /home/silvenchen/Desktop/DitBlock/WorkDCT/DitBlock/kernel.cpp:1108:16 
remark: automatically set the pipeline for Loop< l_S_k_0_k19> at /home/silvenchen/Desktop/DitBlock/WorkDCT/DitBlock/kernel.cpp:1068:16 
remark: automatically set the pipeline for Loop< l_S_k_0_k18> at /home/silvenchen/Desktop/DitBlock/WorkDCT/DitBlock/kernel.cpp:1028:16 
remark: automatically set the pipeline for Loop< l_S_k_0_k17> at /home/silvenchen/Desktop/DitBlock/WorkDCT/DitBlock/kernel.cpp:988:16 
remark: automatically set the pipeline for Loop< l_S_k_0_k16> at /home/silvenchen/Desktop/DitBlock/WorkDCT/DitBlock/kernel.cpp:948:16 
remark: automatically set the pipeline for Loop< l_S_k_0_k15> at /home/silvenchen/Desktop/DitBlock/WorkDCT/DitBlock/kernel.cpp:908:16 
remark: automatically set the pipeline for Loop< l_S_k_0_k14> at /home/silvenchen/Desktop/DitBlock/WorkDCT/DitBlock/kernel.cpp:868:16 
remark: automatically set the pipeline for Loop< l_S_k_0_k13> at /home/silvenchen/Desktop/DitBlock/WorkDCT/DitBlock/kernel.cpp:828:16 
remark: automatically set the pipeline for Loop< l_S_k_0_k12> at /home/silvenchen/Desktop/DitBlock/WorkDCT/DitBlock/kernel.cpp:788:16 
remark: automatically set the pipeline for Loop< l_S_k_0_k11> at /home/silvenchen/Desktop/DitBlock/WorkDCT/DitBlock/kernel.cpp:748:16 
remark: automatically set the pipeline for Loop< l_S_k_0_k10> at /home/silvenchen/Desktop/DitBlock/WorkDCT/DitBlock/kernel.cpp:708:16 
remark: automatically set the pipeline for Loop< l_data_load_k74> at /home/silvenchen/Desktop/DitBlock/WorkDCT/DitBlock/kernel.cpp:3269:20 
remark: automatically set the pipeline for Loop< l_data_drain_k75> at /home/silvenchen/Desktop/DitBlock/WorkDCT/DitBlock/kernel.cpp:3599:21 
remark: automatically set the pipeline for Loop< VITIS_LOOP_617_1> at /home/silvenchen/Desktop/DitBlock/WorkDCT/DitBlock/kernel.cpp:617:21 
remark: automatically set the pipeline for Loop< VITIS_LOOP_621_2> at /home/silvenchen/Desktop/DitBlock/WorkDCT/DitBlock/kernel.cpp:621:21 
remark: automatically set the pipeline for Loop< l_j1> at /home/silvenchen/Desktop/DitBlock/WorkDCT/DitBlock/kernel.cpp:626:11 
remark: automatically set the pipeline for Loop< l_mean_var_i3> at /home/silvenchen/Desktop/DitBlock/WorkDCT/DitBlock/kernel.cpp:638:18 
remark: automatically set the pipeline for Loop< l_j2> at /home/silvenchen/Desktop/DitBlock/WorkDCT/DitBlock/kernel.cpp:652:11 
remark: automatically set the pipeline for Loop< l_S_k_0_k7> at /home/silvenchen/Desktop/DitBlock/WorkDCT/DitBlock/kernel.cpp:310:15 
remark: automatically set the pipeline for Loop< l_S_k_0_k6> at /home/silvenchen/Desktop/DitBlock/WorkDCT/DitBlock/kernel.cpp:271:15 
remark: automatically set the pipeline for Loop< l_S_k_0_k5> at /home/silvenchen/Desktop/DitBlock/WorkDCT/DitBlock/kernel.cpp:232:15 
remark: automatically set the pipeline for Loop< l_S_k_0_k4> at /home/silvenchen/Desktop/DitBlock/WorkDCT/DitBlock/kernel.cpp:193:15 
remark: automatically set the pipeline for Loop< l_S_k_0_k3> at /home/silvenchen/Desktop/DitBlock/WorkDCT/DitBlock/kernel.cpp:154:15 
remark: automatically set the pipeline for Loop< l_S_k_0_k2> at /home/silvenchen/Desktop/DitBlock/WorkDCT/DitBlock/kernel.cpp:115:15 
remark: automatically set the pipeline for Loop< l_S_k_0_k1> at /home/silvenchen/Desktop/DitBlock/WorkDCT/DitBlock/kernel.cpp:76:15 
remark: automatically set the pipeline for Loop< l_S_k_0_k> at /home/silvenchen/Desktop/DitBlock/WorkDCT/DitBlock/kernel.cpp:37:14 
remark: automatically set the pipeline for Loop< l_S_n_1_n> at /home/silvenchen/Desktop/DitBlock/WorkDCT/DitBlock/kernel.cpp:353:16 
remark: automatically set the pipeline for Loop< l_S_n_5_n1> at /home/silvenchen/Desktop/DitBlock/WorkDCT/DitBlock/kernel.cpp:403:17 
remark: automatically set the pipeline for Loop< VITIS_LOOP_522_2> at /home/silvenchen/Desktop/DitBlock/WorkDCT/DitBlock/kernel.cpp:522:23 
remark: automatically set the pipeline for Loop< l_bias_add> at /home/silvenchen/Desktop/DitBlock/WorkDCT/DitBlock/kernel.cpp:534:15 
remark: automatically set the pipeline for Loop< VITIS_LOOP_25294_2> at /home/silvenchen/Desktop/DitBlock/WorkDCT/DitBlock/kernel.cpp:25294:27 
remark: automatically set the pipeline for Loop< VITIS_LOOP_25298_3> at /home/silvenchen/Desktop/DitBlock/WorkDCT/DitBlock/kernel.cpp:25298:23 
remark: automatically set the pipeline for Loop< VITIS_LOOP_25302_5> at /home/silvenchen/Desktop/DitBlock/WorkDCT/DitBlock/kernel.cpp:25302:27 
remark: automatically set the pipeline for Loop< VITIS_LOOP_25308_6> at /home/silvenchen/Desktop/DitBlock/WorkDCT/DitBlock/kernel.cpp:25308:23 
remark: automatically set the pipeline for Loop< VITIS_LOOP_25312_8> at /home/silvenchen/Desktop/DitBlock/WorkDCT/DitBlock/kernel.cpp:25312:27 
remark: automatically set the pipeline for Loop< VITIS_LOOP_25318_9> at /home/silvenchen/Desktop/DitBlock/WorkDCT/DitBlock/kernel.cpp:25318:23 
remark: automatically set the pipeline for Loop< VITIS_LOOP_25322_11> at /home/silvenchen/Desktop/DitBlock/WorkDCT/DitBlock/kernel.cpp:25322:28 
remark: automatically set the pipeline for Loop< VITIS_LOOP_25329_12> at /home/silvenchen/Desktop/DitBlock/WorkDCT/DitBlock/kernel.cpp:25329:24 
remark: automatically set the pipeline for Loop< VITIS_LOOP_25333_14> at /home/silvenchen/Desktop/DitBlock/WorkDCT/DitBlock/kernel.cpp:25333:28 
remark: automatically set the pipeline for Loop< VITIS_LOOP_25340_15> at /home/silvenchen/Desktop/DitBlock/WorkDCT/DitBlock/kernel.cpp:25340:24 
remark: automatically set the pipeline for Loop< VITIS_LOOP_25344_17> at /home/silvenchen/Desktop/DitBlock/WorkDCT/DitBlock/kernel.cpp:25344:28 
remark: automatically set the pipeline for Loop< VITIS_LOOP_25351_18> at /home/silvenchen/Desktop/DitBlock/WorkDCT/DitBlock/kernel.cpp:25351:24 
remark: automatically set the pipeline for Loop< VITIS_LOOP_25355_20> at /home/silvenchen/Desktop/DitBlock/WorkDCT/DitBlock/kernel.cpp:25355:28 
remark: automatically set the pipeline for Loop< VITIS_LOOP_25365_22> at /home/silvenchen/Desktop/DitBlock/WorkDCT/DitBlock/kernel.cpp:25365:28 
remark: automatically set the pipeline for Loop< l_j3> at /home/silvenchen/Desktop/DitBlock/WorkDCT/DitBlock/kernel.cpp:678:11 
remark: automatically set the pipeline for Loop< VITIS_LOOP_25382_24> at /home/silvenchen/Desktop/DitBlock/WorkDCT/DitBlock/kernel.cpp:25382:28 
remark: automatically set the pipeline for Loop< VITIS_LOOP_25388_26> at /home/silvenchen/Desktop/DitBlock/WorkDCT/DitBlock/kernel.cpp:25388:28 
remark: automatically set the pipeline for Loop< VITIS_LOOP_25395_28> at /home/silvenchen/Desktop/DitBlock/WorkDCT/DitBlock/kernel.cpp:25395:28 
remark: automatically set the pipeline for Loop< VITIS_LOOP_25402_30> at /home/silvenchen/Desktop/DitBlock/WorkDCT/DitBlock/kernel.cpp:25402:28 
remark: automatically set the pipeline for Loop< VITIS_LOOP_25407_32> at /home/silvenchen/Desktop/DitBlock/WorkDCT/DitBlock/kernel.cpp:25407:28 
remark: automatically set the pipeline for Loop< VITIS_LOOP_25421_34> at /home/silvenchen/Desktop/DitBlock/WorkDCT/DitBlock/kernel.cpp:25421:28 
remark: automatically set the pipeline for Loop< VITIS_LOOP_25428_36> at /home/silvenchen/Desktop/DitBlock/WorkDCT/DitBlock/kernel.cpp:25428:28 
remark: automatically set the pipeline for Loop< l_j16> at /home/silvenchen/Desktop/DitBlock/WorkDCT/DitBlock/kernel.cpp:18748:12 
remark: automatically set the pipeline for Loop< l_j17> at /home/silvenchen/Desktop/DitBlock/WorkDCT/DitBlock/kernel.cpp:18756:12 
remark: automatically set the pipeline for Loop< VITIS_LOOP_25436_38> at /home/silvenchen/Desktop/DitBlock/WorkDCT/DitBlock/kernel.cpp:25436:28 
remark: automatically set the pipeline for Loop< l_j3> at /home/silvenchen/Desktop/DitBlock/WorkDCT/DitBlock/kernel.cpp:678:11 
remark: automatically set the pipeline for Loop< VITIS_LOOP_25447_40> at /home/silvenchen/Desktop/DitBlock/WorkDCT/DitBlock/kernel.cpp:25447:28 
remark: automatically set the pipeline for Loop< VITIS_LOOP_25454_41> at /home/silvenchen/Desktop/DitBlock/WorkDCT/DitBlock/kernel.cpp:25454:24 
remark: automatically set the pipeline for Loop< l_j18> at /home/silvenchen/Desktop/DitBlock/WorkDCT/DitBlock/kernel.cpp:21740:12 
remark: automatically set the pipeline for Loop< l_j19> at /home/silvenchen/Desktop/DitBlock/WorkDCT/DitBlock/kernel.cpp:21754:12 
remark: automatically set the pipeline for Loop< VITIS_LOOP_25460_43> at /home/silvenchen/Desktop/DitBlock/WorkDCT/DitBlock/kernel.cpp:25460:28 
remark: automatically set the pipeline for Loop< VITIS_LOOP_25467_44> at /home/silvenchen/Desktop/DitBlock/WorkDCT/DitBlock/kernel.cpp:25467:24 
remark: automatically set the pipeline for Loop< l_j18> at /home/silvenchen/Desktop/DitBlock/WorkDCT/DitBlock/kernel.cpp:21740:12 
remark: automatically set the pipeline for Loop< l_j16> at /home/silvenchen/Desktop/DitBlock/WorkDCT/DitBlock/kernel.cpp:18748:12 
remark: automatically set the pipeline for Loop< l_j17> at /home/silvenchen/Desktop/DitBlock/WorkDCT/DitBlock/kernel.cpp:18756:12 
remark: automatically set the pipeline for Loop< VITIS_LOOP_25475_46> at /home/silvenchen/Desktop/DitBlock/WorkDCT/DitBlock/kernel.cpp:25475:28 
remark: /home/silvenchen/Desktop/DitBlock/WorkDCT/DitBlock/kernel.cpp:15628:18: Loop 'l_S_m_4_m11' is marked as complete unroll implied by the pipeline pragma
remark: /home/silvenchen/Desktop/DitBlock/WorkDCT/DitBlock/kernel.cpp:15632:18: Loop 'l_S_n_5_n11' is marked as complete unroll implied by the pipeline pragma
remark: /home/silvenchen/Desktop/DitBlock/WorkDCT/DitBlock/kernel.cpp:15298:18: Loop 'l_S_m_0_m10' is marked as complete unroll implied by the pipeline pragma
remark: /home/silvenchen/Desktop/DitBlock/WorkDCT/DitBlock/kernel.cpp:15302:18: Loop 'l_S_n_1_n10' is marked as complete unroll implied by the pipeline pragma
remark: /home/silvenchen/Desktop/DitBlock/WorkDCT/DitBlock/kernel.cpp:12578:17: Loop 'l_S_m_4_m9' is marked as complete unroll implied by the pipeline pragma
remark: /home/silvenchen/Desktop/DitBlock/WorkDCT/DitBlock/kernel.cpp:12582:17: Loop 'l_S_n_5_n9' is marked as complete unroll implied by the pipeline pragma
remark: /home/silvenchen/Desktop/DitBlock/WorkDCT/DitBlock/kernel.cpp:12248:17: Loop 'l_S_m_0_m8' is marked as complete unroll implied by the pipeline pragma
remark: /home/silvenchen/Desktop/DitBlock/WorkDCT/DitBlock/kernel.cpp:12252:17: Loop 'l_S_n_1_n8' is marked as complete unroll implied by the pipeline pragma
remark: /home/silvenchen/Desktop/DitBlock/WorkDCT/DitBlock/kernel.cpp:3600:17: Loop 'l_S_m_4_m3' is marked as complete unroll implied by the pipeline pragma
remark: /home/silvenchen/Desktop/DitBlock/WorkDCT/DitBlock/kernel.cpp:3604:17: Loop 'l_S_n_5_n3' is marked as complete unroll implied by the pipeline pragma
remark: /home/silvenchen/Desktop/DitBlock/WorkDCT/DitBlock/kernel.cpp:3270:17: Loop 'l_S_m_0_m2' is marked as complete unroll implied by the pipeline pragma
remark: /home/silvenchen/Desktop/DitBlock/WorkDCT/DitBlock/kernel.cpp:3274:17: Loop 'l_S_n_1_n2' is marked as complete unroll implied by the pipeline pragma
remark: /home/silvenchen/Desktop/DitBlock/WorkDCT/DitBlock/kernel.cpp:15282:0: Unrolling loop 'l_S_m_4_m11' (/home/silvenchen/Desktop/DitBlock/WorkDCT/DitBlock/kernel.cpp:15628:18) in function 'systolic_tile_YV' completely with a factor of 8
remark: /home/silvenchen/Desktop/DitBlock/WorkDCT/DitBlock/kernel.cpp:15282:0: Unrolling loop 'l_S_n_5_n11' (/home/silvenchen/Desktop/DitBlock/WorkDCT/DitBlock/kernel.cpp:15632:18) in function 'systolic_tile_YV' completely with a factor of 8
remark: /home/silvenchen/Desktop/DitBlock/WorkDCT/DitBlock/kernel.cpp:15282:0: Unrolling loop 'l_S_m_0_m10' (/home/silvenchen/Desktop/DitBlock/WorkDCT/DitBlock/kernel.cpp:15298:18) in function 'systolic_tile_YV' completely with a factor of 8
remark: /home/silvenchen/Desktop/DitBlock/WorkDCT/DitBlock/kernel.cpp:15282:0: Unrolling loop 'l_S_n_1_n10' (/home/silvenchen/Desktop/DitBlock/WorkDCT/DitBlock/kernel.cpp:15302:18) in function 'systolic_tile_YV' completely with a factor of 8
remark: /home/silvenchen/Desktop/DitBlock/WorkDCT/DitBlock/kernel.cpp:12232:0: Unrolling loop 'l_S_m_4_m9' (/home/silvenchen/Desktop/DitBlock/WorkDCT/DitBlock/kernel.cpp:12578:17) in function 'systolic_tile_QKT' completely with a factor of 8
remark: /home/silvenchen/Desktop/DitBlock/WorkDCT/DitBlock/kernel.cpp:12232:0: Unrolling loop 'l_S_n_5_n9' (/home/silvenchen/Desktop/DitBlock/WorkDCT/DitBlock/kernel.cpp:12582:17) in function 'systolic_tile_QKT' completely with a factor of 8
remark: /home/silvenchen/Desktop/DitBlock/WorkDCT/DitBlock/kernel.cpp:12232:0: Unrolling loop 'l_S_m_0_m8' (/home/silvenchen/Desktop/DitBlock/WorkDCT/DitBlock/kernel.cpp:12248:17) in function 'systolic_tile_QKT' completely with a factor of 8
remark: /home/silvenchen/Desktop/DitBlock/WorkDCT/DitBlock/kernel.cpp:12232:0: Unrolling loop 'l_S_n_1_n8' (/home/silvenchen/Desktop/DitBlock/WorkDCT/DitBlock/kernel.cpp:12252:17) in function 'systolic_tile_QKT' completely with a factor of 8
remark: /home/silvenchen/Desktop/DitBlock/WorkDCT/DitBlock/kernel.cpp:3254:0: Unrolling loop 'l_S_m_4_m3' (/home/silvenchen/Desktop/DitBlock/WorkDCT/DitBlock/kernel.cpp:3600:17) in function 'systolic_tile_Q' completely with a factor of 8
remark: /home/silvenchen/Desktop/DitBlock/WorkDCT/DitBlock/kernel.cpp:3254:0: Unrolling loop 'l_S_n_5_n3' (/home/silvenchen/Desktop/DitBlock/WorkDCT/DitBlock/kernel.cpp:3604:17) in function 'systolic_tile_Q' completely with a factor of 8
remark: /home/silvenchen/Desktop/DitBlock/WorkDCT/DitBlock/kernel.cpp:3254:0: Unrolling loop 'l_S_m_0_m2' (/home/silvenchen/Desktop/DitBlock/WorkDCT/DitBlock/kernel.cpp:3270:17) in function 'systolic_tile_Q' completely with a factor of 8
remark: /home/silvenchen/Desktop/DitBlock/WorkDCT/DitBlock/kernel.cpp:3254:0: Unrolling loop 'l_S_n_1_n2' (/home/silvenchen/Desktop/DitBlock/WorkDCT/DitBlock/kernel.cpp:3274:17) in function 'systolic_tile_Q' completely with a factor of 8
===-------------------------------------------------------------------------===
                         Miscellaneous Ungrouped Timers
===-------------------------------------------------------------------------===

   ---User Time---   --System Time--   --User+System--   ---Wall Time---  --- Name ---
   3.9489 (100.0%)   1.4565 (100.0%)   5.4054 (100.0%)   5.4055 (100.0%)  Code Generation Time
   3.9489 (100.0%)   1.4565 (100.0%)   5.4054 (100.0%)   5.4055 (100.0%)  Total

===-------------------------------------------------------------------------===
                      ... Pass execution timing report ...
===-------------------------------------------------------------------------===
  Total Execution Time: 5.1334 seconds (5.1324 wall clock)

   ---User Time---   --System Time--   --User+System--   ---Wall Time---  --- Name ---
   0.0555 (  1.5%)   0.4438 ( 31.3%)   0.4993 (  9.7%)   0.4993 (  9.7%)  Auto automatic array partition analysis
   0.0548 (  1.5%)   0.3594 ( 25.3%)   0.4142 (  8.1%)   0.4142 (  8.1%)  Automatic array partition transformation
   0.0710 (  1.9%)   0.3038 ( 21.4%)   0.3748 (  7.3%)   0.3748 (  7.3%)  Auto automatic array partition analysis
   0.1613 (  4.3%)   0.0040 (  0.3%)   0.1653 (  3.2%)   0.1653 (  3.2%)  Generate HLS compatible IR
   0.1132 (  3.0%)   0.0271 (  1.9%)   0.1403 (  2.7%)   0.1403 (  2.7%)  Auto automatic array partition analysis
   0.1383 (  3.7%)   0.0000 (  0.0%)   0.1383 (  2.7%)   0.1383 (  2.7%)  Inliner for always_inline functions
   0.1092 (  2.9%)   0.0285 (  2.0%)   0.1377 (  2.7%)   0.1377 (  2.7%)  Auto automatic array partition analysis
   0.1182 (  3.2%)   0.0000 (  0.0%)   0.1182 (  2.3%)   0.1182 (  2.3%)  Lower intermediate type generated by HLSGen
   0.1047 (  2.8%)   0.0000 (  0.0%)   0.1047 (  2.0%)   0.1047 (  2.0%)  Pragma preprocessing after clang
   0.0618 (  1.7%)   0.0011 (  0.1%)   0.0628 (  1.2%)   0.0628 (  1.2%)  ArrayPartition - Partition Arrays into Banks
   0.0491 (  1.3%)   0.0036 (  0.3%)   0.0527 (  1.0%)   0.0526 (  1.0%)  PredicateAnalyzer - Predidate Analysis
   0.0526 (  1.4%)   0.0000 (  0.0%)   0.0526 (  1.0%)   0.0526 (  1.0%)  PredicateAnalyzer - Predidate Analysis
   0.0453 (  1.2%)   0.0000 (  0.0%)   0.0453 (  0.9%)   0.0453 (  0.9%)  ReflowCheckPragmaConflicts - check pragma conflicts in reflow
   0.0428 (  1.2%)   0.0000 (  0.0%)   0.0428 (  0.8%)   0.0428 (  0.8%)  Undecay arrays
   0.0425 (  1.1%)   0.0000 (  0.0%)   0.0425 (  0.8%)   0.0425 (  0.8%)  Deduce function attributes
   0.0311 (  0.8%)   0.0000 (  0.0%)   0.0311 (  0.6%)   0.0311 (  0.6%)  Object Decomposition
   0.0306 (  0.8%)   0.0004 (  0.0%)   0.0309 (  0.6%)   0.0309 (  0.6%)  Lower HLS related loops
   0.0306 (  0.8%)   0.0000 (  0.0%)   0.0306 (  0.6%)   0.0306 (  0.6%)  Detach IR Wrapper
   0.0192 (  0.5%)   0.0030 (  0.2%)   0.0222 (  0.4%)   0.0222 (  0.4%)  Bitcode for HLS
   0.0215 (  0.6%)   0.0000 (  0.0%)   0.0215 (  0.4%)   0.0215 (  0.4%)  Global Variable Optimizer
   0.0176 (  0.5%)   0.0024 (  0.2%)   0.0200 (  0.4%)   0.0200 (  0.4%)  Induction Variable Simplification
   0.0191 (  0.5%)   0.0000 (  0.0%)   0.0191 (  0.4%)   0.0191 (  0.4%)  AnnotateNoAlias - Annotate NoAlias Attribute on Arguments
   0.0179 (  0.5%)   0.0000 (  0.0%)   0.0179 (  0.3%)   0.0179 (  0.3%)  Combine redundant instructions
   0.0171 (  0.5%)   0.0000 (  0.0%)   0.0171 (  0.3%)   0.0171 (  0.3%)  Automatic inliner in reflow
   0.0122 (  0.3%)   0.0040 (  0.3%)   0.0162 (  0.3%)   0.0162 (  0.3%)  AnnotateNoAlias - Annotate NoAlias Attribute on Arguments
   0.0159 (  0.4%)   0.0000 (  0.0%)   0.0159 (  0.3%)   0.0159 (  0.3%)  Generate IR Wrapper
   0.0141 (  0.4%)   0.0005 (  0.0%)   0.0146 (  0.3%)   0.0146 (  0.3%)  Reflow pipeline loop automatically
   0.0128 (  0.3%)   0.0000 (  0.0%)   0.0128 (  0.2%)   0.0128 (  0.2%)   automatic function inline driven by performance to break up circuit dependence
   0.0105 (  0.3%)   0.0022 (  0.2%)   0.0127 (  0.2%)   0.0127 (  0.2%)  Dead Store Elimination
   0.0106 (  0.3%)   0.0020 (  0.1%)   0.0126 (  0.2%)   0.0127 (  0.2%)  Dead Store Elimination
   0.0118 (  0.3%)   0.0006 (  0.0%)   0.0125 (  0.2%)   0.0125 (  0.2%)  Dead Store Elimination
   0.0124 (  0.3%)   0.0000 (  0.0%)   0.0124 (  0.2%)   0.0124 (  0.2%)  Dead Store Elimination
   0.0122 (  0.3%)   0.0002 (  0.0%)   0.0123 (  0.2%)   0.0123 (  0.2%)  AlignMemory - Align memory accesses
   0.0122 (  0.3%)   0.0000 (  0.0%)   0.0122 (  0.2%)   0.0122 (  0.2%)  MemSSAOpt - Memory SSA based optimizations
   0.0122 (  0.3%)   0.0000 (  0.0%)   0.0122 (  0.2%)   0.0122 (  0.2%)  Function Alias Analysis Results
   0.0118 (  0.3%)   0.0000 (  0.0%)   0.0118 (  0.2%)   0.0118 (  0.2%)  AlignMemory - Align memory accesses
   0.0108 (  0.3%)   0.0010 (  0.1%)   0.0118 (  0.2%)   0.0118 (  0.2%)  Function Alias Analysis Results
   0.0118 (  0.3%)   0.0000 (  0.0%)   0.0118 (  0.2%)   0.0118 (  0.2%)  Memory Summary
   0.0116 (  0.3%)   0.0002 (  0.0%)   0.0118 (  0.2%)   0.0118 (  0.2%)  Memory Summary
   0.0117 (  0.3%)   0.0000 (  0.0%)   0.0117 (  0.2%)   0.0117 (  0.2%)  Reflow pragma unroll loops
   0.0076 (  0.2%)   0.0038 (  0.3%)   0.0115 (  0.2%)   0.0115 (  0.2%)  Automatic data reuse optimization
   0.0114 (  0.3%)   0.0000 (  0.0%)   0.0114 (  0.2%)   0.0114 (  0.2%)  AlignMemory - Align memory accesses
   0.0112 (  0.3%)   0.0000 (  0.0%)   0.0112 (  0.2%)   0.0112 (  0.2%)  Reflow pragma unroll loops
   0.0098 (  0.3%)   0.0015 (  0.1%)   0.0112 (  0.2%)   0.0112 (  0.2%)  Dead Store Elimination
   0.0112 (  0.3%)   0.0000 (  0.0%)   0.0112 (  0.2%)   0.0112 (  0.2%)   automatic function inline driven by performance to break up circuit dependence
   0.0111 (  0.3%)   0.0000 (  0.0%)   0.0111 (  0.2%)   0.0111 (  0.2%)  Dead Store Elimination
   0.0102 (  0.3%)   0.0009 (  0.1%)   0.0110 (  0.2%)   0.0110 (  0.2%)  Dead Store Elimination
   0.0109 (  0.3%)   0.0001 (  0.0%)   0.0109 (  0.2%)   0.0109 (  0.2%)  Dead Store Elimination
   0.0109 (  0.3%)   0.0000 (  0.0%)   0.0109 (  0.2%)   0.0109 (  0.2%)  AlignMemory - Align memory accesses
   0.0109 (  0.3%)   0.0000 (  0.0%)   0.0109 (  0.2%)   0.0109 (  0.2%)  Dead Store Elimination
   0.0102 (  0.3%)   0.0006 (  0.0%)   0.0108 (  0.2%)   0.0108 (  0.2%)  Dead Store Elimination
   0.0090 (  0.2%)   0.0019 (  0.1%)   0.0108 (  0.2%)   0.0108 (  0.2%)  Dead Store Elimination
   0.0108 (  0.3%)   0.0000 (  0.0%)   0.0108 (  0.2%)   0.0108 (  0.2%)  Dead Store Elimination
   0.0106 (  0.3%)   0.0002 (  0.0%)   0.0108 (  0.2%)   0.0108 (  0.2%)  Dead Store Elimination
   0.0107 (  0.3%)   0.0001 (  0.0%)   0.0108 (  0.2%)   0.0108 (  0.2%)  Dead Store Elimination
   0.0108 (  0.3%)   0.0000 (  0.0%)   0.0108 (  0.2%)   0.0108 (  0.2%)  Interprocedural Sparse Conditional Constant Propagation
   0.0107 (  0.3%)   0.0000 (  0.0%)   0.0107 (  0.2%)   0.0107 (  0.2%)  Dead Store Elimination
   0.0104 (  0.3%)   0.0000 (  0.0%)   0.0104 (  0.2%)   0.0104 (  0.2%)  Induction Variable Simplification
   0.0063 (  0.2%)   0.0040 (  0.3%)   0.0103 (  0.2%)   0.0103 (  0.2%)  Memory Summary
   0.0094 (  0.3%)   0.0007 (  0.0%)   0.0101 (  0.2%)   0.0101 (  0.2%)  Induction Variable Simplification
   0.0101 (  0.3%)   0.0000 (  0.0%)   0.0101 (  0.2%)   0.0101 (  0.2%)  Evaluate _ssdm_string2bits
   0.0060 (  0.2%)   0.0040 (  0.3%)   0.0100 (  0.2%)   0.0100 (  0.2%)  Induction Variable Simplification
   0.0098 (  0.3%)   0.0000 (  0.0%)   0.0098 (  0.2%)   0.0098 (  0.2%)  Induction Variable Simplification
   0.0087 (  0.2%)   0.0011 (  0.1%)   0.0098 (  0.2%)   0.0098 (  0.2%)  Induction Variable Simplification
   0.0079 (  0.2%)   0.0019 (  0.1%)   0.0098 (  0.2%)   0.0098 (  0.2%)  Promote Memory to Register
   0.0070 (  0.2%)   0.0026 (  0.2%)   0.0096 (  0.2%)   0.0096 (  0.2%)  Combine redundant instructions
   0.0094 (  0.3%)   0.0000 (  0.0%)   0.0094 (  0.2%)   0.0094 (  0.2%)  ROM inference pass
   0.0093 (  0.3%)   0.0000 (  0.0%)   0.0093 (  0.2%)   0.0093 (  0.2%)  Memory Summary
   0.0093 (  0.3%)   0.0000 (  0.0%)   0.0093 (  0.2%)   0.0093 (  0.2%)  AlignMemory - Align memory accesses
   0.0092 (  0.2%)   0.0000 (  0.0%)   0.0092 (  0.2%)   0.0092 (  0.2%)  AlignMemory - Align memory accesses
   0.0092 (  0.2%)   0.0000 (  0.0%)   0.0092 (  0.2%)   0.0092 (  0.2%)  Collect complexity metrics for FE reflow
   0.0092 (  0.2%)   0.0000 (  0.0%)   0.0092 (  0.2%)   0.0092 (  0.2%)  Induction Variable Simplification
   0.0091 (  0.2%)   0.0000 (  0.0%)   0.0091 (  0.2%)   0.0091 (  0.2%)  AnnotateNoAlias - Annotate NoAlias Attribute on Arguments
   0.0088 (  0.2%)   0.0000 (  0.0%)   0.0088 (  0.2%)   0.0088 (  0.2%)  AlignMemory - Align memory accesses
   0.0079 (  0.2%)   0.0007 (  0.1%)   0.0086 (  0.2%)   0.0086 (  0.2%)  AlignMemory - Align memory accesses
   0.0043 (  0.1%)   0.0040 (  0.3%)   0.0083 (  0.2%)   0.0083 (  0.2%)  Reflow pragma unroll loops
   0.0080 (  0.2%)   0.0003 (  0.0%)   0.0082 (  0.2%)   0.0082 (  0.2%)  Loop Invariant Code Motion
   0.0053 (  0.1%)   0.0029 (  0.2%)   0.0082 (  0.2%)   0.0082 (  0.2%)  AlignMemory - Align memory accesses
   0.0081 (  0.2%)   0.0000 (  0.0%)   0.0081 (  0.2%)   0.0081 (  0.2%)  Deduce function attributes
   0.0081 (  0.2%)   0.0000 (  0.0%)   0.0081 (  0.2%)   0.0081 (  0.2%)  Reflow pragma unroll loops
   0.0080 (  0.2%)   0.0000 (  0.0%)   0.0080 (  0.2%)   0.0080 (  0.2%)  Memory SSA
   0.0080 (  0.2%)   0.0000 (  0.0%)   0.0080 (  0.2%)   0.0080 (  0.2%)  dump pragma info via xml format
   0.0077 (  0.2%)   0.0000 (  0.0%)   0.0077 (  0.1%)   0.0077 (  0.1%)  AnnotateNoAlias - Annotate NoAlias Attribute on Arguments
   0.0075 (  0.2%)   0.0000 (  0.0%)   0.0075 (  0.1%)   0.0076 (  0.1%)  Value Propagation
   0.0075 (  0.2%)   0.0000 (  0.0%)   0.0075 (  0.1%)   0.0075 (  0.1%)  Reflow pragma unroll loops
   0.0075 (  0.2%)   0.0000 (  0.0%)   0.0075 (  0.1%)   0.0075 (  0.1%)  Deduce function attributes
   0.0074 (  0.2%)   0.0000 (  0.0%)   0.0074 (  0.1%)   0.0073 (  0.1%)  Deduce function attributes
   0.0067 (  0.2%)   0.0006 (  0.0%)   0.0073 (  0.1%)   0.0073 (  0.1%)  Reflow pragma unroll loops
   0.0052 (  0.1%)   0.0020 (  0.1%)   0.0073 (  0.1%)   0.0073 (  0.1%)  Analyze sequential accesses
   0.0056 (  0.2%)   0.0016 (  0.1%)   0.0072 (  0.1%)   0.0072 (  0.1%)  Induction Variable Simplification
   0.0037 (  0.1%)   0.0035 (  0.2%)   0.0071 (  0.1%)   0.0071 (  0.1%)  Lower HLS related attributes
   0.0039 (  0.1%)   0.0030 (  0.2%)   0.0069 (  0.1%)   0.0069 (  0.1%)  Global Value Numbering
   0.0067 (  0.2%)   0.0000 (  0.0%)   0.0067 (  0.1%)   0.0067 (  0.1%)  AttrPropagation - Propagate Pointer Parameter Attribute
   0.0065 (  0.2%)   0.0000 (  0.0%)   0.0065 (  0.1%)   0.0065 (  0.1%)  Synthesis checker
   0.0058 (  0.2%)   0.0005 (  0.0%)   0.0063 (  0.1%)   0.0063 (  0.1%)  Rotate Loops
   0.0063 (  0.2%)   0.0000 (  0.0%)   0.0063 (  0.1%)   0.0063 (  0.1%)  Synthesis checker
   0.0051 (  0.1%)   0.0012 (  0.1%)   0.0062 (  0.1%)   0.0062 (  0.1%)  Dead Store Elimination
   0.0050 (  0.1%)   0.0011 (  0.1%)   0.0061 (  0.1%)   0.0061 (  0.1%)  Produce message if basic block has too many instructions
   0.0060 (  0.2%)   0.0000 (  0.0%)   0.0060 (  0.1%)   0.0059 (  0.1%)  Value Propagation
   0.0057 (  0.2%)   0.0000 (  0.0%)   0.0057 (  0.1%)   0.0057 (  0.1%)  Array out of bound check
   0.0054 (  0.1%)   0.0003 (  0.0%)   0.0057 (  0.1%)   0.0057 (  0.1%)  Global Value Numbering
   0.0056 (  0.2%)   0.0000 (  0.0%)   0.0056 (  0.1%)   0.0056 (  0.1%)  Global Value Numbering
   0.0053 (  0.1%)   0.0002 (  0.0%)   0.0055 (  0.1%)   0.0055 (  0.1%)  Global Value Numbering
   0.0047 (  0.1%)   0.0007 (  0.1%)   0.0054 (  0.1%)   0.0054 (  0.1%)  Global Value Numbering
   0.0054 (  0.1%)   0.0000 (  0.0%)   0.0054 (  0.1%)   0.0054 (  0.1%)  Global Value Numbering
   0.0052 (  0.1%)   0.0000 (  0.0%)   0.0052 (  0.1%)   0.0052 (  0.1%)  Array out of bound check
   0.0052 (  0.1%)   0.0000 (  0.0%)   0.0052 (  0.1%)   0.0052 (  0.1%)  Outline pipeline stages
   0.0048 (  0.1%)   0.0003 (  0.0%)   0.0051 (  0.1%)   0.0051 (  0.1%)  Global Value Numbering
   0.0051 (  0.1%)   0.0000 (  0.0%)   0.0051 (  0.1%)   0.0051 (  0.1%)  Array out of bound check
   0.0047 (  0.1%)   0.0003 (  0.0%)   0.0050 (  0.1%)   0.0050 (  0.1%)  Global Value Numbering
   0.0011 (  0.0%)   0.0037 (  0.3%)   0.0049 (  0.1%)   0.0049 (  0.1%)  Array out of bound check
   0.0025 (  0.1%)   0.0023 (  0.2%)   0.0048 (  0.1%)   0.0048 (  0.1%)  Array out of bound check
   0.0013 (  0.0%)   0.0035 (  0.2%)   0.0048 (  0.1%)   0.0048 (  0.1%)  ROM inference pass
   0.0044 (  0.1%)   0.0003 (  0.0%)   0.0047 (  0.1%)   0.0047 (  0.1%)  Global Value Numbering
   0.0046 (  0.1%)   0.0000 (  0.0%)   0.0046 (  0.1%)   0.0046 (  0.1%)  Array out of bound check
   0.0045 (  0.1%)   0.0000 (  0.0%)   0.0045 (  0.1%)   0.0045 (  0.1%)  Combine redundant instructions
   0.0041 (  0.1%)   0.0003 (  0.0%)   0.0044 (  0.1%)   0.0043 (  0.1%)  Global Value Numbering
   0.0042 (  0.1%)   0.0002 (  0.0%)   0.0043 (  0.1%)   0.0043 (  0.1%)  Global Value Numbering
   0.0038 (  0.1%)   0.0005 (  0.0%)   0.0043 (  0.1%)   0.0043 (  0.1%)  Loop Load Elimination
   0.0002 (  0.0%)   0.0041 (  0.3%)   0.0042 (  0.1%)   0.0042 (  0.1%)  Collect complexity metrics for FE reflow
   0.0042 (  0.1%)   0.0000 (  0.0%)   0.0042 (  0.1%)   0.0042 (  0.1%)  Collect complexity metrics for FE reflow
   0.0037 (  0.1%)   0.0005 (  0.0%)   0.0042 (  0.1%)   0.0042 (  0.1%)  LoopDepAnalysis - Reflow Loop Dependence Annotation
   0.0039 (  0.1%)   0.0002 (  0.0%)   0.0041 (  0.1%)   0.0041 (  0.1%)  Global Value Numbering
   0.0037 (  0.1%)   0.0003 (  0.0%)   0.0041 (  0.1%)   0.0041 (  0.1%)  Inliner for always_inline functions
   0.0038 (  0.1%)   0.0003 (  0.0%)   0.0041 (  0.1%)   0.0041 (  0.1%)  Combine redundant instructions
   0.0040 (  0.1%)   0.0000 (  0.0%)   0.0040 (  0.1%)   0.0040 (  0.1%)  Interprocedural Sparse Conditional Constant Propagation
   0.0040 (  0.1%)   0.0000 (  0.0%)   0.0040 (  0.1%)   0.0040 (  0.1%)  Promote Memory to Register
   0.0040 (  0.1%)   0.0000 (  0.0%)   0.0040 (  0.1%)   0.0040 (  0.1%)  Dead Global Elimination
   0.0040 (  0.1%)   0.0000 (  0.0%)   0.0040 (  0.1%)   0.0040 (  0.1%)  Infer nuw/nsw flags for instructions
   0.0036 (  0.1%)   0.0003 (  0.0%)   0.0039 (  0.1%)   0.0039 (  0.1%)  Loop Invariant Code Motion
   0.0039 (  0.1%)   0.0001 (  0.0%)   0.0039 (  0.1%)   0.0039 (  0.1%)  Global Value Numbering
   0.0038 (  0.1%)   0.0001 (  0.0%)   0.0039 (  0.1%)   0.0039 (  0.1%)  Global Value Numbering
   0.0031 (  0.1%)   0.0008 (  0.1%)   0.0039 (  0.1%)   0.0039 (  0.1%)  Global Value Numbering
   0.0038 (  0.1%)   0.0001 (  0.0%)   0.0039 (  0.1%)   0.0039 (  0.1%)  Global Value Numbering
   0.0039 (  0.1%)   0.0000 (  0.0%)   0.0039 (  0.1%)   0.0039 (  0.1%)  Combine redundant instructions
   0.0039 (  0.1%)   0.0000 (  0.0%)   0.0039 (  0.1%)   0.0039 (  0.1%)  Infer complete unroll based on pipeline pragma
   0.0010 (  0.0%)   0.0029 (  0.2%)   0.0039 (  0.1%)   0.0039 (  0.1%)  Dead Global Elimination
   0.0034 (  0.1%)   0.0004 (  0.0%)   0.0039 (  0.1%)   0.0039 (  0.1%)  Global Value Numbering
   0.0038 (  0.1%)   0.0001 (  0.0%)   0.0039 (  0.1%)   0.0038 (  0.1%)  Global Value Numbering
   0.0038 (  0.1%)   0.0000 (  0.0%)   0.0038 (  0.1%)   0.0038 (  0.1%)  Infer PPPO for array-to-streams
   0.0037 (  0.1%)   0.0001 (  0.0%)   0.0037 (  0.1%)   0.0037 (  0.1%)  Global Value Numbering
   0.0037 (  0.1%)   0.0000 (  0.0%)   0.0037 (  0.1%)   0.0037 (  0.1%)  Dead Argument Elimination
   0.0037 (  0.1%)   0.0001 (  0.0%)   0.0037 (  0.1%)   0.0037 (  0.1%)  Combine redundant instructions
   0.0036 (  0.1%)   0.0000 (  0.0%)   0.0036 (  0.1%)   0.0036 (  0.1%)  Simple constant propagation
   0.0033 (  0.1%)   0.0003 (  0.0%)   0.0036 (  0.1%)   0.0036 (  0.1%)  Merge accesses
   0.0033 (  0.1%)   0.0003 (  0.0%)   0.0036 (  0.1%)   0.0036 (  0.1%)  Memory SSA
   0.0032 (  0.1%)   0.0004 (  0.0%)   0.0036 (  0.1%)   0.0036 (  0.1%)  Global Value Numbering
   0.0035 (  0.1%)   0.0000 (  0.0%)   0.0035 (  0.1%)   0.0035 (  0.1%)  LegacyShiftRegisterRecognize - Recognize shift registers and memory
   0.0022 (  0.1%)   0.0012 (  0.1%)   0.0035 (  0.1%)   0.0035 (  0.1%)  Remove redundant instructions
   0.0031 (  0.1%)   0.0003 (  0.0%)   0.0035 (  0.1%)   0.0034 (  0.1%)  Merge accesses
   0.0034 (  0.1%)   0.0000 (  0.0%)   0.0034 (  0.1%)   0.0034 (  0.1%)  Memory SSA
   0.0034 (  0.1%)   0.0000 (  0.0%)   0.0034 (  0.1%)   0.0034 (  0.1%)  Automatically infer occurrence information
   0.0029 (  0.1%)   0.0004 (  0.0%)   0.0034 (  0.1%)   0.0033 (  0.1%)  Global Value Numbering
   0.0031 (  0.1%)   0.0003 (  0.0%)   0.0033 (  0.1%)   0.0033 (  0.1%)  Early GVN Hoisting of Expressions
   0.0027 (  0.1%)   0.0006 (  0.0%)   0.0033 (  0.1%)   0.0033 (  0.1%)  Memory SSA
   0.0029 (  0.1%)   0.0004 (  0.0%)   0.0034 (  0.1%)   0.0033 (  0.1%)  Global Value Numbering
   0.0033 (  0.1%)   0.0000 (  0.0%)   0.0033 (  0.1%)   0.0033 (  0.1%)  Infer nuw/nsw flags for instructions
   0.0031 (  0.1%)   0.0002 (  0.0%)   0.0033 (  0.1%)   0.0033 (  0.1%)  Memory SSA
   0.0031 (  0.1%)   0.0002 (  0.0%)   0.0033 (  0.1%)   0.0033 (  0.1%)  Global Value Numbering
   0.0032 (  0.1%)   0.0000 (  0.0%)   0.0032 (  0.1%)   0.0032 (  0.1%)  Global Value Numbering
   0.0030 (  0.1%)   0.0003 (  0.0%)   0.0032 (  0.1%)   0.0032 (  0.1%)  Global Value Numbering
   0.0030 (  0.1%)   0.0002 (  0.0%)   0.0032 (  0.1%)   0.0032 (  0.1%)  Early GVN Hoisting of Expressions
   0.0025 (  0.1%)   0.0007 (  0.0%)   0.0032 (  0.1%)   0.0032 (  0.1%)  Value Propagation
   0.0032 (  0.1%)   0.0000 (  0.0%)   0.0032 (  0.1%)   0.0032 (  0.1%)  Produce message if basic block has too many instructions
   0.0030 (  0.1%)   0.0002 (  0.0%)   0.0032 (  0.1%)   0.0032 (  0.1%)  Global Value Numbering
   0.0029 (  0.1%)   0.0003 (  0.0%)   0.0032 (  0.1%)   0.0032 (  0.1%)  Memory SSA
   0.0027 (  0.1%)   0.0005 (  0.0%)   0.0032 (  0.1%)   0.0032 (  0.1%)  Global Value Numbering
   0.0028 (  0.1%)   0.0003 (  0.0%)   0.0031 (  0.1%)   0.0031 (  0.1%)  Global Value Numbering
   0.0031 (  0.1%)   0.0001 (  0.0%)   0.0031 (  0.1%)   0.0031 (  0.1%)  Global Value Numbering
   0.0031 (  0.1%)   0.0000 (  0.0%)   0.0031 (  0.1%)   0.0031 (  0.1%)  Collect complexity metrics for FE reflow
   0.0026 (  0.1%)   0.0005 (  0.0%)   0.0031 (  0.1%)   0.0031 (  0.1%)  Global Value Numbering
   0.0026 (  0.1%)   0.0005 (  0.0%)   0.0031 (  0.1%)   0.0031 (  0.1%)  Global Value Numbering
   0.0030 (  0.1%)   0.0001 (  0.0%)   0.0031 (  0.1%)   0.0031 (  0.1%)  Early GVN Hoisting of Expressions
   0.0031 (  0.1%)   0.0000 (  0.0%)   0.0031 (  0.1%)   0.0031 (  0.1%)  Collect complexity metrics for FE reflow
   0.0031 (  0.1%)   0.0000 (  0.0%)   0.0031 (  0.1%)   0.0031 (  0.1%)  Early GVN Hoisting of Expressions
   0.0031 (  0.1%)   0.0001 (  0.0%)   0.0031 (  0.1%)   0.0031 (  0.1%)  Global Value Numbering
   0.0031 (  0.1%)   0.0000 (  0.0%)   0.0031 (  0.1%)   0.0031 (  0.1%)  Promote 'by reference' arguments to scalars
   0.0029 (  0.1%)   0.0002 (  0.0%)   0.0031 (  0.1%)   0.0031 (  0.1%)  Combine redundant instructions
   0.0025 (  0.1%)   0.0006 (  0.0%)   0.0031 (  0.1%)   0.0031 (  0.1%)  Combine redundant instructions
   0.0031 (  0.1%)   0.0000 (  0.0%)   0.0031 (  0.1%)   0.0031 (  0.1%)  Combine redundant instructions
   0.0031 (  0.1%)   0.0000 (  0.0%)   0.0031 (  0.1%)   0.0031 (  0.1%)  Pragma preprocessing after clang
   0.0030 (  0.1%)   0.0000 (  0.0%)   0.0030 (  0.1%)   0.0030 (  0.1%)  Collect complexity metrics for FE reflow
   0.0030 (  0.1%)   0.0001 (  0.0%)   0.0030 (  0.1%)   0.0030 (  0.1%)  Aggressive Dead Code Elimination
   0.0021 (  0.1%)   0.0009 (  0.1%)   0.0030 (  0.1%)   0.0030 (  0.1%)  Global Value Numbering
   0.0029 (  0.1%)   0.0001 (  0.0%)   0.0030 (  0.1%)   0.0030 (  0.1%)  Combine redundant instructions
   0.0029 (  0.1%)   0.0001 (  0.0%)   0.0030 (  0.1%)   0.0030 (  0.1%)  Combine redundant instructions
   0.0030 (  0.1%)   0.0000 (  0.0%)   0.0030 (  0.1%)   0.0030 (  0.1%)  Combine redundant instructions
   0.0023 (  0.1%)   0.0007 (  0.0%)   0.0030 (  0.1%)   0.0030 (  0.1%)  Global Value Numbering
   0.0026 (  0.1%)   0.0004 (  0.0%)   0.0030 (  0.1%)   0.0030 (  0.1%)  Memory SSA
   0.0025 (  0.1%)   0.0005 (  0.0%)   0.0030 (  0.1%)   0.0030 (  0.1%)  Early GVN Hoisting of Expressions
   0.0028 (  0.1%)   0.0002 (  0.0%)   0.0030 (  0.1%)   0.0030 (  0.1%)  Global Value Numbering
   0.0030 (  0.1%)   0.0000 (  0.0%)   0.0030 (  0.1%)   0.0030 (  0.1%)  Combine redundant instructions
   0.0030 (  0.1%)   0.0000 (  0.0%)   0.0030 (  0.1%)   0.0030 (  0.1%)  Combine redundant instructions
   0.0030 (  0.1%)   0.0000 (  0.0%)   0.0030 (  0.1%)   0.0030 (  0.1%)  Memory SSA
   0.0030 (  0.1%)   0.0000 (  0.0%)   0.0030 (  0.1%)   0.0030 (  0.1%)  Global Value Numbering
   0.0029 (  0.1%)   0.0001 (  0.0%)   0.0029 (  0.1%)   0.0029 (  0.1%)  Global Value Numbering
   0.0029 (  0.1%)   0.0000 (  0.0%)   0.0029 (  0.1%)   0.0029 (  0.1%)  Collect complexity metrics for FE reflow
   0.0028 (  0.1%)   0.0001 (  0.0%)   0.0029 (  0.1%)   0.0029 (  0.1%)  Combine redundant instructions
   0.0029 (  0.1%)   0.0000 (  0.0%)   0.0029 (  0.1%)   0.0029 (  0.1%)  Collect complexity metrics for FE reflow
   0.0026 (  0.1%)   0.0004 (  0.0%)   0.0029 (  0.1%)   0.0029 (  0.1%)  Combine redundant instructions
   0.0024 (  0.1%)   0.0005 (  0.0%)   0.0029 (  0.1%)   0.0029 (  0.1%)  Combine redundant instructions
   0.0029 (  0.1%)   0.0000 (  0.0%)   0.0029 (  0.1%)   0.0029 (  0.1%)  Combine redundant instructions
   0.0026 (  0.1%)   0.0003 (  0.0%)   0.0029 (  0.1%)   0.0029 (  0.1%)  Combine redundant instructions
   0.0025 (  0.1%)   0.0004 (  0.0%)   0.0029 (  0.1%)   0.0029 (  0.1%)  Memory SSA
   0.0028 (  0.1%)   0.0001 (  0.0%)   0.0029 (  0.1%)   0.0029 (  0.1%)  Global Value Numbering
   0.0023 (  0.1%)   0.0005 (  0.0%)   0.0029 (  0.1%)   0.0029 (  0.1%)  Loop Invariant Code Motion
   0.0026 (  0.1%)   0.0003 (  0.0%)   0.0029 (  0.1%)   0.0029 (  0.1%)  Early GVN Hoisting of Expressions
   0.0018 (  0.0%)   0.0011 (  0.1%)   0.0029 (  0.1%)   0.0029 (  0.1%)  Dead Instruction Elimination
   0.0026 (  0.1%)   0.0003 (  0.0%)   0.0029 (  0.1%)   0.0029 (  0.1%)  Global Value Numbering
   0.0024 (  0.1%)   0.0005 (  0.0%)   0.0029 (  0.1%)   0.0029 (  0.1%)  Combine redundant instructions
   0.0026 (  0.1%)   0.0003 (  0.0%)   0.0029 (  0.1%)   0.0028 (  0.1%)  Early GVN Hoisting of Expressions
   0.0024 (  0.1%)   0.0005 (  0.0%)   0.0029 (  0.1%)   0.0028 (  0.1%)  Dominator Tree Construction
   0.0026 (  0.1%)   0.0002 (  0.0%)   0.0028 (  0.1%)   0.0028 (  0.1%)  Combine redundant instructions
   0.0028 (  0.1%)   0.0001 (  0.0%)   0.0028 (  0.1%)   0.0028 (  0.1%)  Merge accesses
   0.0017 (  0.0%)   0.0012 (  0.1%)   0.0029 (  0.1%)   0.0028 (  0.1%)  Dominator Tree Construction
   0.0026 (  0.1%)   0.0003 (  0.0%)   0.0028 (  0.1%)   0.0028 (  0.1%)  Infer loop trip count
   0.0027 (  0.1%)   0.0001 (  0.0%)   0.0028 (  0.1%)   0.0028 (  0.1%)  LegacyShiftRegisterRecognize - Recognize shift registers and memory
   0.0027 (  0.1%)   0.0002 (  0.0%)   0.0028 (  0.1%)   0.0028 (  0.1%)  Combine redundant instructions
   0.0019 (  0.1%)   0.0009 (  0.1%)   0.0028 (  0.1%)   0.0028 (  0.1%)  Combine redundant instructions
   0.0024 (  0.1%)   0.0004 (  0.0%)   0.0028 (  0.1%)   0.0028 (  0.1%)  Aggressive Dead Code Elimination
   0.0027 (  0.1%)   0.0001 (  0.0%)   0.0028 (  0.1%)   0.0028 (  0.1%)  Loop Invariant Code Motion
   0.0028 (  0.1%)   0.0000 (  0.0%)   0.0028 (  0.1%)   0.0028 (  0.1%)  Collect complexity metrics for FE reflow
   0.0028 (  0.1%)   0.0000 (  0.0%)   0.0028 (  0.1%)   0.0028 (  0.1%)  Merge accesses
   0.0028 (  0.1%)   0.0000 (  0.0%)   0.0028 (  0.1%)   0.0028 (  0.1%)  Simplify the CFG
   0.0023 (  0.1%)   0.0005 (  0.0%)   0.0028 (  0.1%)   0.0028 (  0.1%)  Combine redundant instructions
   0.0028 (  0.1%)   0.0000 (  0.0%)   0.0028 (  0.1%)   0.0028 (  0.1%)  Memory SSA
   0.0028 (  0.1%)   0.0000 (  0.0%)   0.0028 (  0.1%)   0.0028 (  0.1%)  Interprocedural Sparse Conditional Constant Propagation
   0.0020 (  0.1%)   0.0007 (  0.1%)   0.0028 (  0.1%)   0.0028 (  0.1%)  Aggressive Dead Code Elimination
   0.0025 (  0.1%)   0.0002 (  0.0%)   0.0028 (  0.1%)   0.0028 (  0.1%)  Early GVN Hoisting of Expressions
   0.0000 (  0.0%)   0.0027 (  0.2%)   0.0027 (  0.1%)   0.0027 (  0.1%)  Collect complexity metrics for FE reflow
   0.0025 (  0.1%)   0.0002 (  0.0%)   0.0027 (  0.1%)   0.0027 (  0.1%)  Aggressive Dead Code Elimination
   0.0027 (  0.1%)   0.0000 (  0.0%)   0.0027 (  0.1%)   0.0027 (  0.1%)  Dead Argument Elimination
   0.0027 (  0.1%)   0.0000 (  0.0%)   0.0027 (  0.1%)   0.0027 (  0.1%)  Dead Argument Elimination
   0.0027 (  0.1%)   0.0001 (  0.0%)   0.0027 (  0.1%)   0.0027 (  0.1%)  Function Alias Analysis Results
   0.0027 (  0.1%)   0.0000 (  0.0%)   0.0027 (  0.1%)   0.0027 (  0.1%)  Collect complexity metrics for FE reflow
   0.0027 (  0.1%)   0.0000 (  0.0%)   0.0027 (  0.1%)   0.0027 (  0.1%)  Loop Invariant Code Motion
   0.0027 (  0.1%)   0.0000 (  0.0%)   0.0027 (  0.1%)   0.0027 (  0.1%)  Infer complete unroll based on pipeline pragma
   0.0025 (  0.1%)   0.0002 (  0.0%)   0.0027 (  0.1%)   0.0027 (  0.1%)  Value Propagation
   0.0020 (  0.1%)   0.0006 (  0.0%)   0.0027 (  0.1%)   0.0027 (  0.1%)  Merge accesses
   0.0025 (  0.1%)   0.0001 (  0.0%)   0.0027 (  0.1%)   0.0027 (  0.1%)  Memory SSA
   0.0027 (  0.1%)   0.0000 (  0.0%)   0.0027 (  0.1%)   0.0027 (  0.1%)  Aggressive Dead Code Elimination
   0.0026 (  0.1%)   0.0000 (  0.0%)   0.0026 (  0.1%)   0.0027 (  0.1%)  Straight line strength reduction
   0.0027 (  0.1%)   0.0000 (  0.0%)   0.0027 (  0.1%)   0.0026 (  0.1%)  Dataflow Process Duplication
   0.0026 (  0.1%)   0.0000 (  0.0%)   0.0026 (  0.1%)   0.0026 (  0.1%)  Dominator Tree Construction
   0.0018 (  0.0%)   0.0009 (  0.1%)   0.0026 (  0.1%)   0.0026 (  0.1%)  Achieval II estimation - estimate acheival II lower bound according to constraint
   0.0026 (  0.1%)   0.0000 (  0.0%)   0.0026 (  0.1%)   0.0026 (  0.1%)  Collect complexity metrics for FE reflow
   0.0025 (  0.1%)   0.0002 (  0.0%)   0.0026 (  0.1%)   0.0026 (  0.1%)  Memory SSA
   0.0026 (  0.1%)   0.0000 (  0.0%)   0.0026 (  0.1%)   0.0026 (  0.1%)  Collect complexity metrics for FE reflow
   0.0023 (  0.1%)   0.0003 (  0.0%)   0.0026 (  0.1%)   0.0026 (  0.1%)  Loop Invariant Code Motion
   0.0026 (  0.1%)   0.0000 (  0.0%)   0.0026 (  0.1%)   0.0026 (  0.1%)  Aggressive Dead Code Elimination
   0.0022 (  0.1%)   0.0004 (  0.0%)   0.0026 (  0.1%)   0.0026 (  0.1%)  Function Alias Analysis Results
   0.0026 (  0.1%)   0.0000 (  0.0%)   0.0026 (  0.1%)   0.0026 (  0.1%)  Memory SSA
   0.0026 (  0.1%)   0.0000 (  0.0%)   0.0026 (  0.1%)   0.0026 (  0.1%)  Basic Alias Analysis (stateless AA impl)
   0.0020 (  0.1%)   0.0006 (  0.0%)   0.0026 (  0.1%)   0.0026 (  0.1%)  Function Alias Analysis Results
   0.0026 (  0.1%)   0.0000 (  0.0%)   0.0026 (  0.1%)   0.0026 (  0.0%)  Function Alias Analysis Results
   0.0024 (  0.1%)   0.0002 (  0.0%)   0.0026 (  0.0%)   0.0026 (  0.0%)  Global Value Numbering
   0.0026 (  0.1%)   0.0000 (  0.0%)   0.0026 (  0.0%)   0.0026 (  0.0%)  RemoveConflictingBurst - Remove port conflicting bursts
   0.0021 (  0.1%)   0.0004 (  0.0%)   0.0025 (  0.0%)   0.0025 (  0.0%)  Function Alias Analysis Results
   0.0024 (  0.1%)   0.0001 (  0.0%)   0.0025 (  0.0%)   0.0025 (  0.0%)  Combine redundant instructions
   0.0022 (  0.1%)   0.0004 (  0.0%)   0.0025 (  0.0%)   0.0025 (  0.0%)  Function Alias Analysis Results
   0.0024 (  0.1%)   0.0001 (  0.0%)   0.0025 (  0.0%)   0.0025 (  0.0%)  Function Alias Analysis Results
   0.0025 (  0.1%)   0.0000 (  0.0%)   0.0025 (  0.0%)   0.0025 (  0.0%)  Dominator Tree Construction
   0.0021 (  0.1%)   0.0004 (  0.0%)   0.0025 (  0.0%)   0.0025 (  0.0%)  Function Alias Analysis Results
   0.0018 (  0.0%)   0.0007 (  0.0%)   0.0025 (  0.0%)   0.0025 (  0.0%)  Function Alias Analysis Results
   0.0020 (  0.1%)   0.0005 (  0.0%)   0.0025 (  0.0%)   0.0025 (  0.0%)  Aggressive Dead Code Elimination
   0.0018 (  0.0%)   0.0007 (  0.1%)   0.0025 (  0.0%)   0.0025 (  0.0%)  Function Alias Analysis Results
   0.0021 (  0.1%)   0.0004 (  0.0%)   0.0025 (  0.0%)   0.0025 (  0.0%)  Function Alias Analysis Results
   0.0025 (  0.1%)   0.0000 (  0.0%)   0.0025 (  0.0%)   0.0025 (  0.0%)  Function Alias Analysis Results
   0.0025 (  0.1%)   0.0000 (  0.0%)   0.0025 (  0.0%)   0.0025 (  0.0%)  Function Alias Analysis Results
   0.0016 (  0.0%)   0.0009 (  0.1%)   0.0025 (  0.0%)   0.0025 (  0.0%)  Aggressive Dead Code Elimination
   0.0022 (  0.1%)   0.0003 (  0.0%)   0.0025 (  0.0%)   0.0025 (  0.0%)  Aggressive Dead Code Elimination
   0.0025 (  0.1%)   0.0000 (  0.0%)   0.0025 (  0.0%)   0.0025 (  0.0%)  Function Alias Analysis Results
   0.0024 (  0.1%)   0.0001 (  0.0%)   0.0025 (  0.0%)   0.0025 (  0.0%)  Function Alias Analysis Results
   0.0025 (  0.1%)   0.0000 (  0.0%)   0.0025 (  0.0%)   0.0025 (  0.0%)  Function Alias Analysis Results
   0.0025 (  0.1%)   0.0000 (  0.0%)   0.0025 (  0.0%)   0.0025 (  0.0%)  Function Alias Analysis Results
   0.0023 (  0.1%)   0.0002 (  0.0%)   0.0025 (  0.0%)   0.0025 (  0.0%)  Loop Invariant Code Motion
   0.0025 (  0.1%)   0.0000 (  0.0%)   0.0025 (  0.0%)   0.0025 (  0.0%)  Function Alias Analysis Results
   0.0019 (  0.1%)   0.0006 (  0.0%)   0.0025 (  0.0%)   0.0025 (  0.0%)  Function Alias Analysis Results
   0.0021 (  0.1%)   0.0004 (  0.0%)   0.0025 (  0.0%)   0.0025 (  0.0%)  Function Alias Analysis Results
   0.0018 (  0.0%)   0.0007 (  0.0%)   0.0025 (  0.0%)   0.0025 (  0.0%)  Function Alias Analysis Results
   0.0019 (  0.1%)   0.0006 (  0.0%)   0.0025 (  0.0%)   0.0025 (  0.0%)  Memory SSA
   0.0021 (  0.1%)   0.0003 (  0.0%)   0.0025 (  0.0%)   0.0025 (  0.0%)  Function Alias Analysis Results
   0.0024 (  0.1%)   0.0000 (  0.0%)   0.0024 (  0.0%)   0.0025 (  0.0%)  Function Alias Analysis Results
   0.0024 (  0.1%)   0.0000 (  0.0%)   0.0024 (  0.0%)   0.0025 (  0.0%)  Function Alias Analysis Results
   0.0025 (  0.1%)   0.0000 (  0.0%)   0.0025 (  0.0%)   0.0024 (  0.0%)  Function Alias Analysis Results
   0.0017 (  0.0%)   0.0008 (  0.1%)   0.0025 (  0.0%)   0.0024 (  0.0%)  Function Alias Analysis Results
   0.0020 (  0.1%)   0.0004 (  0.0%)   0.0025 (  0.0%)   0.0024 (  0.0%)  Function Alias Analysis Results
   0.0021 (  0.1%)   0.0004 (  0.0%)   0.0024 (  0.0%)   0.0024 (  0.0%)  Function Alias Analysis Results
   0.0018 (  0.0%)   0.0007 (  0.0%)   0.0025 (  0.0%)   0.0024 (  0.0%)  Function Alias Analysis Results
   0.0024 (  0.1%)   0.0000 (  0.0%)   0.0024 (  0.0%)   0.0024 (  0.0%)  Combine redundant instructions
   0.0024 (  0.1%)   0.0000 (  0.0%)   0.0024 (  0.0%)   0.0024 (  0.0%)  Function Alias Analysis Results
   0.0020 (  0.1%)   0.0004 (  0.0%)   0.0024 (  0.0%)   0.0024 (  0.0%)  Function Alias Analysis Results
   0.0024 (  0.1%)   0.0000 (  0.0%)   0.0024 (  0.0%)   0.0024 (  0.0%)  Collect complexity metrics for FE reflow
   0.0020 (  0.1%)   0.0005 (  0.0%)   0.0024 (  0.0%)   0.0024 (  0.0%)  Function Alias Analysis Results
   0.0017 (  0.0%)   0.0007 (  0.1%)   0.0024 (  0.0%)   0.0024 (  0.0%)  Function Alias Analysis Results
   0.0024 (  0.1%)   0.0000 (  0.0%)   0.0024 (  0.0%)   0.0024 (  0.0%)  Function Alias Analysis Results
   0.0017 (  0.0%)   0.0007 (  0.1%)   0.0024 (  0.0%)   0.0024 (  0.0%)  Function Alias Analysis Results
   0.0024 (  0.1%)   0.0000 (  0.0%)   0.0024 (  0.0%)   0.0024 (  0.0%)  Function Alias Analysis Results
   0.0018 (  0.0%)   0.0006 (  0.0%)   0.0024 (  0.0%)   0.0024 (  0.0%)  Function Alias Analysis Results
   0.0024 (  0.1%)   0.0000 (  0.0%)   0.0024 (  0.0%)   0.0024 (  0.0%)  Early GVN Hoisting of Expressions
   0.0021 (  0.1%)   0.0003 (  0.0%)   0.0024 (  0.0%)   0.0024 (  0.0%)  Function Alias Analysis Results
   0.0016 (  0.0%)   0.0008 (  0.1%)   0.0024 (  0.0%)   0.0024 (  0.0%)  Infer nuw/nsw flags for instructions
   0.0024 (  0.1%)   0.0000 (  0.0%)   0.0024 (  0.0%)   0.0024 (  0.0%)  Function Alias Analysis Results
   0.0011 (  0.0%)   0.0013 (  0.1%)   0.0024 (  0.0%)   0.0024 (  0.0%)  Function Alias Analysis Results
   0.0023 (  0.1%)   0.0001 (  0.0%)   0.0024 (  0.0%)   0.0024 (  0.0%)  Function Alias Analysis Results
   0.0024 (  0.1%)   0.0000 (  0.0%)   0.0024 (  0.0%)   0.0024 (  0.0%)  Function Alias Analysis Results
   0.0024 (  0.1%)   0.0000 (  0.0%)   0.0024 (  0.0%)   0.0024 (  0.0%)  Function Alias Analysis Results
   0.0019 (  0.1%)   0.0005 (  0.0%)   0.0024 (  0.0%)   0.0024 (  0.0%)  Dominator Tree Construction
   0.0020 (  0.1%)   0.0004 (  0.0%)   0.0024 (  0.0%)   0.0024 (  0.0%)  Function Alias Analysis Results
   0.0023 (  0.1%)   0.0001 (  0.0%)   0.0024 (  0.0%)   0.0024 (  0.0%)  Function Alias Analysis Results
   0.0024 (  0.1%)   0.0000 (  0.0%)   0.0024 (  0.0%)   0.0024 (  0.0%)  Collect complexity metrics for FE reflow
   0.0024 (  0.1%)   0.0000 (  0.0%)   0.0024 (  0.0%)   0.0024 (  0.0%)  Memory SSA
   0.0012 (  0.0%)   0.0011 (  0.1%)   0.0024 (  0.0%)   0.0024 (  0.0%)  Function Alias Analysis Results
   0.0018 (  0.0%)   0.0006 (  0.0%)   0.0024 (  0.0%)   0.0024 (  0.0%)  Function Alias Analysis Results
   0.0018 (  0.0%)   0.0006 (  0.0%)   0.0024 (  0.0%)   0.0024 (  0.0%)  Aggressive Dead Code Elimination
   0.0022 (  0.1%)   0.0001 (  0.0%)   0.0024 (  0.0%)   0.0024 (  0.0%)  Memory SSA
   0.0019 (  0.1%)   0.0005 (  0.0%)   0.0024 (  0.0%)   0.0024 (  0.0%)  Early GVN Hoisting of Expressions
   0.0018 (  0.0%)   0.0006 (  0.0%)   0.0024 (  0.0%)   0.0024 (  0.0%)  Function Alias Analysis Results
   0.0020 (  0.1%)   0.0003 (  0.0%)   0.0023 (  0.0%)   0.0023 (  0.0%)  Function Alias Analysis Results
   0.0023 (  0.1%)   0.0000 (  0.0%)   0.0023 (  0.0%)   0.0023 (  0.0%)  Function Alias Analysis Results
   0.0023 (  0.1%)   0.0000 (  0.0%)   0.0023 (  0.0%)   0.0023 (  0.0%)  Function Alias Analysis Results
   0.0021 (  0.1%)   0.0002 (  0.0%)   0.0023 (  0.0%)   0.0023 (  0.0%)  Function Alias Analysis Results
   0.0017 (  0.0%)   0.0006 (  0.0%)   0.0023 (  0.0%)   0.0023 (  0.0%)  Memory SSA
   0.0019 (  0.1%)   0.0004 (  0.0%)   0.0023 (  0.0%)   0.0023 (  0.0%)  Aggressive Dead Code Elimination
   0.0023 (  0.1%)   0.0000 (  0.0%)   0.0023 (  0.0%)   0.0023 (  0.0%)  Combine redundant instructions
   0.0023 (  0.1%)   0.0000 (  0.0%)   0.0023 (  0.0%)   0.0023 (  0.0%)  LoopDepAnalysis - Reflow Loop Dependence Annotation
   0.0017 (  0.0%)   0.0006 (  0.0%)   0.0023 (  0.0%)   0.0023 (  0.0%)  Function Alias Analysis Results
   0.0022 (  0.1%)   0.0001 (  0.0%)   0.0023 (  0.0%)   0.0023 (  0.0%)  Memory SSA
   0.0022 (  0.1%)   0.0001 (  0.0%)   0.0023 (  0.0%)   0.0023 (  0.0%)  Function Alias Analysis Results
   0.0011 (  0.0%)   0.0012 (  0.1%)   0.0023 (  0.0%)   0.0023 (  0.0%)  Function Alias Analysis Results
   0.0017 (  0.0%)   0.0006 (  0.0%)   0.0023 (  0.0%)   0.0023 (  0.0%)  Function Alias Analysis Results
   0.0017 (  0.0%)   0.0006 (  0.0%)   0.0023 (  0.0%)   0.0023 (  0.0%)  Function Alias Analysis Results
   0.0021 (  0.1%)   0.0001 (  0.0%)   0.0023 (  0.0%)   0.0023 (  0.0%)  Function Alias Analysis Results
   0.0022 (  0.1%)   0.0001 (  0.0%)   0.0023 (  0.0%)   0.0023 (  0.0%)  Function Alias Analysis Results
   0.0019 (  0.1%)   0.0003 (  0.0%)   0.0023 (  0.0%)   0.0023 (  0.0%)  Function Alias Analysis Results
   0.0018 (  0.0%)   0.0005 (  0.0%)   0.0023 (  0.0%)   0.0023 (  0.0%)  Function Alias Analysis Results
   0.0016 (  0.0%)   0.0007 (  0.0%)   0.0023 (  0.0%)   0.0023 (  0.0%)  Function Alias Analysis Results
   0.0019 (  0.1%)   0.0003 (  0.0%)   0.0023 (  0.0%)   0.0023 (  0.0%)  Function Alias Analysis Results
   0.0021 (  0.1%)   0.0002 (  0.0%)   0.0023 (  0.0%)   0.0023 (  0.0%)  Function Alias Analysis Results
   0.0017 (  0.0%)   0.0005 (  0.0%)   0.0023 (  0.0%)   0.0023 (  0.0%)  Function Alias Analysis Results
   0.0019 (  0.1%)   0.0003 (  0.0%)   0.0023 (  0.0%)   0.0023 (  0.0%)  Function Alias Analysis Results
   0.0017 (  0.0%)   0.0006 (  0.0%)   0.0023 (  0.0%)   0.0023 (  0.0%)  Function Alias Analysis Results
   0.0018 (  0.0%)   0.0005 (  0.0%)   0.0023 (  0.0%)   0.0023 (  0.0%)  Function Alias Analysis Results
   0.0018 (  0.0%)   0.0005 (  0.0%)   0.0023 (  0.0%)   0.0023 (  0.0%)  Function Alias Analysis Results
   0.0022 (  0.1%)   0.0000 (  0.0%)   0.0023 (  0.0%)   0.0023 (  0.0%)  Function Alias Analysis Results
   0.0021 (  0.1%)   0.0002 (  0.0%)   0.0023 (  0.0%)   0.0023 (  0.0%)  Function Alias Analysis Results
   0.0022 (  0.1%)   0.0000 (  0.0%)   0.0023 (  0.0%)   0.0023 (  0.0%)  Function Alias Analysis Results
   0.0021 (  0.1%)   0.0001 (  0.0%)   0.0023 (  0.0%)   0.0023 (  0.0%)  Function Alias Analysis Results
   0.0017 (  0.0%)   0.0006 (  0.0%)   0.0023 (  0.0%)   0.0022 (  0.0%)  Aggressive Dead Code Elimination
   0.0019 (  0.1%)   0.0003 (  0.0%)   0.0022 (  0.0%)   0.0022 (  0.0%)  Value Propagation
   0.0020 (  0.1%)   0.0002 (  0.0%)   0.0022 (  0.0%)   0.0022 (  0.0%)  Function Alias Analysis Results
   0.0022 (  0.1%)   0.0000 (  0.0%)   0.0022 (  0.0%)   0.0022 (  0.0%)  Simplify types in the LLVM IR, redundant type hierarchy
   0.0022 (  0.1%)   0.0000 (  0.0%)   0.0022 (  0.0%)   0.0022 (  0.0%)  Function Alias Analysis Results
   0.0021 (  0.1%)   0.0001 (  0.0%)   0.0022 (  0.0%)   0.0022 (  0.0%)  Infer complete unroll based on pipeline pragma
   0.0022 (  0.1%)   0.0000 (  0.0%)   0.0022 (  0.0%)   0.0022 (  0.0%)  Function Alias Analysis Results
   0.0022 (  0.1%)   0.0000 (  0.0%)   0.0022 (  0.0%)   0.0022 (  0.0%)  Function Alias Analysis Results
   0.0022 (  0.1%)   0.0000 (  0.0%)   0.0022 (  0.0%)   0.0022 (  0.0%)  Simplify types in the LLVM IR, redundant type hierarchy
   0.0021 (  0.1%)   0.0001 (  0.0%)   0.0022 (  0.0%)   0.0022 (  0.0%)  Function Alias Analysis Results
   0.0022 (  0.1%)   0.0000 (  0.0%)   0.0022 (  0.0%)   0.0022 (  0.0%)  CallGraph Construction
   0.0022 (  0.1%)   0.0000 (  0.0%)   0.0022 (  0.0%)   0.0022 (  0.0%)  Function Alias Analysis Results
   0.0022 (  0.1%)   0.0000 (  0.0%)   0.0022 (  0.0%)   0.0022 (  0.0%)  Function Alias Analysis Results
   0.0018 (  0.0%)   0.0004 (  0.0%)   0.0022 (  0.0%)   0.0022 (  0.0%)  Function Alias Analysis Results
   0.0020 (  0.1%)   0.0002 (  0.0%)   0.0022 (  0.0%)   0.0022 (  0.0%)  Aggressive Dead Code Elimination
   0.0018 (  0.0%)   0.0004 (  0.0%)   0.0022 (  0.0%)   0.0022 (  0.0%)  Function Alias Analysis Results
   0.0019 (  0.0%)   0.0003 (  0.0%)   0.0022 (  0.0%)   0.0022 (  0.0%)  Function Alias Analysis Results
   0.0019 (  0.1%)   0.0003 (  0.0%)   0.0022 (  0.0%)   0.0022 (  0.0%)  Memory SSA
   0.0022 (  0.1%)   0.0000 (  0.0%)   0.0022 (  0.0%)   0.0022 (  0.0%)  Function Alias Analysis Results
   0.0017 (  0.0%)   0.0005 (  0.0%)   0.0022 (  0.0%)   0.0022 (  0.0%)  Function Alias Analysis Results
   0.0022 (  0.1%)   0.0000 (  0.0%)   0.0022 (  0.0%)   0.0022 (  0.0%)  Promote Memory to Register
   0.0018 (  0.0%)   0.0004 (  0.0%)   0.0022 (  0.0%)   0.0022 (  0.0%)  Function Alias Analysis Results
   0.0022 (  0.1%)   0.0000 (  0.0%)   0.0022 (  0.0%)   0.0022 (  0.0%)  Function Alias Analysis Results
   0.0022 (  0.1%)   0.0000 (  0.0%)   0.0022 (  0.0%)   0.0022 (  0.0%)  Dominator Tree Construction
   0.0018 (  0.0%)   0.0004 (  0.0%)   0.0022 (  0.0%)   0.0022 (  0.0%)  Function Alias Analysis Results
   0.0017 (  0.0%)   0.0004 (  0.0%)   0.0022 (  0.0%)   0.0022 (  0.0%)  Function Alias Analysis Results
   0.0018 (  0.0%)   0.0004 (  0.0%)   0.0022 (  0.0%)   0.0022 (  0.0%)  Function Alias Analysis Results
   0.0022 (  0.1%)   0.0000 (  0.0%)   0.0022 (  0.0%)   0.0022 (  0.0%)  CallGraph Construction
   0.0018 (  0.0%)   0.0003 (  0.0%)   0.0022 (  0.0%)   0.0022 (  0.0%)  Function Alias Analysis Results
   0.0018 (  0.0%)   0.0004 (  0.0%)   0.0022 (  0.0%)   0.0021 (  0.0%)  Function Alias Analysis Results
   0.0019 (  0.1%)   0.0003 (  0.0%)   0.0022 (  0.0%)   0.0021 (  0.0%)  Function Alias Analysis Results
   0.0022 (  0.1%)   0.0000 (  0.0%)   0.0022 (  0.0%)   0.0021 (  0.0%)  Function Alias Analysis Results
   0.0021 (  0.1%)   0.0000 (  0.0%)   0.0021 (  0.0%)   0.0021 (  0.0%)  Function Alias Analysis Results
   0.0015 (  0.0%)   0.0007 (  0.0%)   0.0021 (  0.0%)   0.0021 (  0.0%)  Function Alias Analysis Results
   0.0017 (  0.0%)   0.0004 (  0.0%)   0.0021 (  0.0%)   0.0021 (  0.0%)  Function Alias Analysis Results
   0.0018 (  0.0%)   0.0003 (  0.0%)   0.0021 (  0.0%)   0.0021 (  0.0%)  Aggressive Dead Code Elimination
   0.0013 (  0.0%)   0.0009 (  0.1%)   0.0021 (  0.0%)   0.0021 (  0.0%)  Function Alias Analysis Results
   0.0021 (  0.1%)   0.0000 (  0.0%)   0.0021 (  0.0%)   0.0021 (  0.0%)  Dead Global Elimination
   0.0021 (  0.1%)   0.0000 (  0.0%)   0.0021 (  0.0%)   0.0021 (  0.0%)  Function Alias Analysis Results
   0.0016 (  0.0%)   0.0006 (  0.0%)   0.0021 (  0.0%)   0.0021 (  0.0%)  Function Alias Analysis Results
   0.0020 (  0.1%)   0.0001 (  0.0%)   0.0021 (  0.0%)   0.0021 (  0.0%)  Function Alias Analysis Results
   0.0018 (  0.0%)   0.0003 (  0.0%)   0.0021 (  0.0%)   0.0021 (  0.0%)  Function Alias Analysis Results
   0.0021 (  0.1%)   0.0000 (  0.0%)   0.0021 (  0.0%)   0.0021 (  0.0%)  Structure stription
   0.0013 (  0.0%)   0.0009 (  0.1%)   0.0021 (  0.0%)   0.0021 (  0.0%)  Function Alias Analysis Results
   0.0017 (  0.0%)   0.0004 (  0.0%)   0.0021 (  0.0%)   0.0021 (  0.0%)  Function Alias Analysis Results
   0.0016 (  0.0%)   0.0006 (  0.0%)   0.0021 (  0.0%)   0.0021 (  0.0%)  Function Alias Analysis Results
   0.0020 (  0.1%)   0.0001 (  0.0%)   0.0021 (  0.0%)   0.0021 (  0.0%)  Function Alias Analysis Results
   0.0021 (  0.1%)   0.0000 (  0.0%)   0.0021 (  0.0%)   0.0021 (  0.0%)  Function Alias Analysis Results
   0.0014 (  0.0%)   0.0007 (  0.0%)   0.0021 (  0.0%)   0.0021 (  0.0%)  Function Alias Analysis Results
   0.0021 (  0.1%)   0.0000 (  0.0%)   0.0021 (  0.0%)   0.0021 (  0.0%)  Infer PPPO for array-to-streams
   0.0015 (  0.0%)   0.0007 (  0.0%)   0.0021 (  0.0%)   0.0021 (  0.0%)  Function Alias Analysis Results
   0.0020 (  0.1%)   0.0001 (  0.0%)   0.0021 (  0.0%)   0.0021 (  0.0%)  Function Alias Analysis Results
   0.0021 (  0.1%)   0.0000 (  0.0%)   0.0021 (  0.0%)   0.0021 (  0.0%)  CallGraph Construction
   0.0015 (  0.0%)   0.0006 (  0.0%)   0.0021 (  0.0%)   0.0021 (  0.0%)  Function Alias Analysis Results
   0.0020 (  0.1%)   0.0001 (  0.0%)   0.0021 (  0.0%)   0.0021 (  0.0%)  Function Alias Analysis Results
   0.0021 (  0.1%)   0.0000 (  0.0%)   0.0021 (  0.0%)   0.0021 (  0.0%)  Function Alias Analysis Results
   0.0020 (  0.1%)   0.0001 (  0.0%)   0.0021 (  0.0%)   0.0021 (  0.0%)  Function Alias Analysis Results
   0.0016 (  0.0%)   0.0005 (  0.0%)   0.0021 (  0.0%)   0.0021 (  0.0%)  Function Alias Analysis Results
   0.0021 (  0.1%)   0.0000 (  0.0%)   0.0021 (  0.0%)   0.0021 (  0.0%)  Infer PPPO for array-to-streams
   0.0020 (  0.1%)   0.0001 (  0.0%)   0.0021 (  0.0%)   0.0021 (  0.0%)  Function Alias Analysis Results
   0.0021 (  0.1%)   0.0000 (  0.0%)   0.0021 (  0.0%)   0.0021 (  0.0%)  Function Alias Analysis Results
   0.0020 (  0.1%)   0.0001 (  0.0%)   0.0021 (  0.0%)   0.0021 (  0.0%)  Function Alias Analysis Results
   0.0014 (  0.0%)   0.0007 (  0.0%)   0.0021 (  0.0%)   0.0021 (  0.0%)  Function Alias Analysis Results
   0.0020 (  0.1%)   0.0000 (  0.0%)   0.0021 (  0.0%)   0.0021 (  0.0%)  Function Alias Analysis Results
   0.0015 (  0.0%)   0.0006 (  0.0%)   0.0021 (  0.0%)   0.0021 (  0.0%)  Function Alias Analysis Results
   0.0020 (  0.1%)   0.0001 (  0.0%)   0.0021 (  0.0%)   0.0021 (  0.0%)  Function Alias Analysis Results
   0.0019 (  0.1%)   0.0001 (  0.0%)   0.0021 (  0.0%)   0.0021 (  0.0%)  Recursively inline barriers caller to kernel
   0.0021 (  0.1%)   0.0000 (  0.0%)   0.0021 (  0.0%)   0.0021 (  0.0%)  Dominator Tree Construction
   0.0021 (  0.1%)   0.0000 (  0.0%)   0.0021 (  0.0%)   0.0021 (  0.0%)  Collect complexity metrics for FE reflow
   0.0018 (  0.0%)   0.0003 (  0.0%)   0.0021 (  0.0%)   0.0021 (  0.0%)  Value Propagation
   0.0020 (  0.1%)   0.0000 (  0.0%)   0.0020 (  0.0%)   0.0021 (  0.0%)  Aggressive Dead Code Elimination
   0.0020 (  0.1%)   0.0001 (  0.0%)   0.0021 (  0.0%)   0.0021 (  0.0%)  Value Propagation
   0.0017 (  0.0%)   0.0003 (  0.0%)   0.0020 (  0.0%)   0.0020 (  0.0%)  Function Alias Analysis Results
   0.0009 (  0.0%)   0.0011 (  0.1%)   0.0020 (  0.0%)   0.0020 (  0.0%)  InferXCLAttributes - Infer XCL attributes
   0.0018 (  0.0%)   0.0002 (  0.0%)   0.0020 (  0.0%)   0.0020 (  0.0%)  Function Alias Analysis Results
   0.0015 (  0.0%)   0.0005 (  0.0%)   0.0020 (  0.0%)   0.0020 (  0.0%)  Function Alias Analysis Results
   0.0020 (  0.1%)   0.0000 (  0.0%)   0.0020 (  0.0%)   0.0020 (  0.0%)  Collect complexity metrics for FE reflow
   0.0020 (  0.1%)   0.0000 (  0.0%)   0.0020 (  0.0%)   0.0020 (  0.0%)  Function Alias Analysis Results
   0.0020 (  0.1%)   0.0000 (  0.0%)   0.0020 (  0.0%)   0.0020 (  0.0%)  Function Alias Analysis Results
   0.0020 (  0.1%)   0.0000 (  0.0%)   0.0020 (  0.0%)   0.0020 (  0.0%)  Function Alias Analysis Results
   0.0020 (  0.1%)   0.0000 (  0.0%)   0.0020 (  0.0%)   0.0020 (  0.0%)  Function Alias Analysis Results
   0.0019 (  0.1%)   0.0001 (  0.0%)   0.0020 (  0.0%)   0.0020 (  0.0%)  Function Alias Analysis Results
   0.0017 (  0.0%)   0.0003 (  0.0%)   0.0020 (  0.0%)   0.0020 (  0.0%)  Function Alias Analysis Results
   0.0019 (  0.1%)   0.0001 (  0.0%)   0.0020 (  0.0%)   0.0020 (  0.0%)  Function Alias Analysis Results
   0.0020 (  0.1%)   0.0000 (  0.0%)   0.0020 (  0.0%)   0.0020 (  0.0%)  Lower HLS related intrinsics
   0.0016 (  0.0%)   0.0004 (  0.0%)   0.0020 (  0.0%)   0.0020 (  0.0%)  Function Alias Analysis Results
   0.0020 (  0.1%)   0.0000 (  0.0%)   0.0020 (  0.0%)   0.0020 (  0.0%)  Infer complete unroll based on pipeline pragma
   0.0019 (  0.1%)   0.0001 (  0.0%)   0.0020 (  0.0%)   0.0020 (  0.0%)  Function Alias Analysis Results
   0.0016 (  0.0%)   0.0004 (  0.0%)   0.0020 (  0.0%)   0.0020 (  0.0%)  Value Propagation
   0.0020 (  0.1%)   0.0000 (  0.0%)   0.0020 (  0.0%)   0.0020 (  0.0%)  Function Alias Analysis Results
   0.0019 (  0.1%)   0.0000 (  0.0%)   0.0020 (  0.0%)   0.0020 (  0.0%)  Function Alias Analysis Results
   0.0016 (  0.0%)   0.0004 (  0.0%)   0.0020 (  0.0%)   0.0020 (  0.0%)  Function Alias Analysis Results
   0.0019 (  0.1%)   0.0000 (  0.0%)   0.0020 (  0.0%)   0.0020 (  0.0%)  Function Alias Analysis Results
   0.0017 (  0.0%)   0.0003 (  0.0%)   0.0020 (  0.0%)   0.0019 (  0.0%)  Aggressive Dead Code Elimination
   0.0013 (  0.0%)   0.0007 (  0.0%)   0.0019 (  0.0%)   0.0019 (  0.0%)  Function Alias Analysis Results
   0.0019 (  0.1%)   0.0000 (  0.0%)   0.0019 (  0.0%)   0.0019 (  0.0%)  Function Alias Analysis Results
   0.0019 (  0.1%)   0.0000 (  0.0%)   0.0019 (  0.0%)   0.0019 (  0.0%)  Value Propagation
   0.0012 (  0.0%)   0.0007 (  0.1%)   0.0019 (  0.0%)   0.0019 (  0.0%)  Memory SSA
   0.0018 (  0.0%)   0.0001 (  0.0%)   0.0019 (  0.0%)   0.0019 (  0.0%)  Combine redundant instructions
   0.0013 (  0.0%)   0.0006 (  0.0%)   0.0019 (  0.0%)   0.0019 (  0.0%)  Function Alias Analysis Results
   0.0018 (  0.0%)   0.0001 (  0.0%)   0.0019 (  0.0%)   0.0019 (  0.0%)  Value Propagation
   0.0016 (  0.0%)   0.0003 (  0.0%)   0.0019 (  0.0%)   0.0019 (  0.0%)  Function Alias Analysis Results
   0.0015 (  0.0%)   0.0004 (  0.0%)   0.0019 (  0.0%)   0.0019 (  0.0%)  Value Propagation
   0.0008 (  0.0%)   0.0011 (  0.1%)   0.0019 (  0.0%)   0.0019 (  0.0%)  Dominator Tree Construction
   0.0015 (  0.0%)   0.0004 (  0.0%)   0.0019 (  0.0%)   0.0019 (  0.0%)  Function Alias Analysis Results
   0.0018 (  0.0%)   0.0000 (  0.0%)   0.0018 (  0.0%)   0.0019 (  0.0%)  Dominator Tree Construction
   0.0015 (  0.0%)   0.0003 (  0.0%)   0.0019 (  0.0%)   0.0019 (  0.0%)  Function Alias Analysis Results
   0.0016 (  0.0%)   0.0002 (  0.0%)   0.0019 (  0.0%)   0.0019 (  0.0%)  Value Propagation
   0.0014 (  0.0%)   0.0005 (  0.0%)   0.0018 (  0.0%)   0.0019 (  0.0%)  Function Alias Analysis Results
   0.0019 (  0.0%)   0.0000 (  0.0%)   0.0019 (  0.0%)   0.0019 (  0.0%)  CallGraph Construction
   0.0018 (  0.0%)   0.0000 (  0.0%)   0.0018 (  0.0%)   0.0018 (  0.0%)  CallGraph Construction
   0.0018 (  0.0%)   0.0000 (  0.0%)   0.0018 (  0.0%)   0.0018 (  0.0%)  Value Propagation
   0.0017 (  0.0%)   0.0001 (  0.0%)   0.0018 (  0.0%)   0.0018 (  0.0%)  Function Alias Analysis Results
   0.0017 (  0.0%)   0.0001 (  0.0%)   0.0018 (  0.0%)   0.0018 (  0.0%)  Function Alias Analysis Results
   0.0015 (  0.0%)   0.0003 (  0.0%)   0.0019 (  0.0%)   0.0018 (  0.0%)  Function Alias Analysis Results
   0.0017 (  0.0%)   0.0001 (  0.0%)   0.0018 (  0.0%)   0.0018 (  0.0%)  Function Alias Analysis Results
   0.0018 (  0.0%)   0.0000 (  0.0%)   0.0018 (  0.0%)   0.0018 (  0.0%)  Simple constant propagation
   0.0018 (  0.0%)   0.0000 (  0.0%)   0.0018 (  0.0%)   0.0018 (  0.0%)  Function Alias Analysis Results
   0.0015 (  0.0%)   0.0004 (  0.0%)   0.0018 (  0.0%)   0.0018 (  0.0%)  Value Propagation
   0.0018 (  0.0%)   0.0000 (  0.0%)   0.0018 (  0.0%)   0.0018 (  0.0%)  Value Propagation
   0.0016 (  0.0%)   0.0002 (  0.0%)   0.0018 (  0.0%)   0.0018 (  0.0%)  Value Propagation
   0.0016 (  0.0%)   0.0002 (  0.0%)   0.0018 (  0.0%)   0.0018 (  0.0%)  Scalar Evolution Analysis
   0.0017 (  0.0%)   0.0001 (  0.0%)   0.0018 (  0.0%)   0.0018 (  0.0%)  Assign names to anonymous instructions (structure based)
   0.0010 (  0.0%)   0.0008 (  0.1%)   0.0018 (  0.0%)   0.0018 (  0.0%)  Dominator Tree Construction
   0.0018 (  0.0%)   0.0000 (  0.0%)   0.0018 (  0.0%)   0.0018 (  0.0%)  Dominator Tree Construction
   0.0016 (  0.0%)   0.0002 (  0.0%)   0.0018 (  0.0%)   0.0018 (  0.0%)  Remove redundant instructions
   0.0014 (  0.0%)   0.0004 (  0.0%)   0.0018 (  0.0%)   0.0018 (  0.0%)  Value Propagation
   0.0017 (  0.0%)   0.0001 (  0.0%)   0.0018 (  0.0%)   0.0017 (  0.0%)  Dominator Tree Construction
   0.0015 (  0.0%)   0.0003 (  0.0%)   0.0017 (  0.0%)   0.0017 (  0.0%)  Value Propagation
   0.0015 (  0.0%)   0.0002 (  0.0%)   0.0017 (  0.0%)   0.0017 (  0.0%)  Aggressive Dead Code Elimination
   0.0017 (  0.0%)   0.0000 (  0.0%)   0.0017 (  0.0%)   0.0017 (  0.0%)  Value Propagation
   0.0017 (  0.0%)   0.0000 (  0.0%)   0.0017 (  0.0%)   0.0017 (  0.0%)  Value Propagation
   0.0016 (  0.0%)   0.0000 (  0.0%)   0.0017 (  0.0%)   0.0017 (  0.0%)  Dead Code Elimination
   0.0013 (  0.0%)   0.0004 (  0.0%)   0.0017 (  0.0%)   0.0017 (  0.0%)  Memory SSA
   0.0014 (  0.0%)   0.0003 (  0.0%)   0.0017 (  0.0%)   0.0017 (  0.0%)  Remove redundant instructions
   0.0015 (  0.0%)   0.0002 (  0.0%)   0.0017 (  0.0%)   0.0017 (  0.0%)  Remove redundant instructions
   0.0016 (  0.0%)   0.0000 (  0.0%)   0.0017 (  0.0%)   0.0017 (  0.0%)  Post-Dominator Tree Construction
   0.0012 (  0.0%)   0.0004 (  0.0%)   0.0016 (  0.0%)   0.0016 (  0.0%)  Dominator Tree Construction
   0.0015 (  0.0%)   0.0001 (  0.0%)   0.0016 (  0.0%)   0.0016 (  0.0%)  Remove redundant instructions
   0.0015 (  0.0%)   0.0002 (  0.0%)   0.0017 (  0.0%)   0.0016 (  0.0%)  Remove redundant instructions
   0.0016 (  0.0%)   0.0000 (  0.0%)   0.0016 (  0.0%)   0.0016 (  0.0%)  Remove redundant instructions
   0.0016 (  0.0%)   0.0000 (  0.0%)   0.0016 (  0.0%)   0.0016 (  0.0%)  Dominator Tree Construction
   0.0016 (  0.0%)   0.0000 (  0.0%)   0.0016 (  0.0%)   0.0016 (  0.0%)  Aggressive Dead Code Elimination
   0.0016 (  0.0%)   0.0000 (  0.0%)   0.0016 (  0.0%)   0.0016 (  0.0%)  Dominator Tree Construction
   0.0016 (  0.0%)   0.0000 (  0.0%)   0.0016 (  0.0%)   0.0016 (  0.0%)  Change xcl attribute to call sideeffect
   0.0016 (  0.0%)   0.0000 (  0.0%)   0.0016 (  0.0%)   0.0016 (  0.0%)  Dominator Tree Construction
   0.0014 (  0.0%)   0.0002 (  0.0%)   0.0016 (  0.0%)   0.0016 (  0.0%)  Aggressive Dead Code Elimination
   0.0013 (  0.0%)   0.0003 (  0.0%)   0.0016 (  0.0%)   0.0016 (  0.0%)  Remove redundant instructions
   0.0015 (  0.0%)   0.0001 (  0.0%)   0.0016 (  0.0%)   0.0016 (  0.0%)  Remove redundant instructions
   0.0015 (  0.0%)   0.0000 (  0.0%)   0.0016 (  0.0%)   0.0016 (  0.0%)  Aggressive Dead Code Elimination
   0.0016 (  0.0%)   0.0000 (  0.0%)   0.0016 (  0.0%)   0.0016 (  0.0%)  Assign names to anonymous instructions (structure based)
   0.0014 (  0.0%)   0.0001 (  0.0%)   0.0016 (  0.0%)   0.0016 (  0.0%)  Aggressive Dead Code Elimination
   0.0016 (  0.0%)   0.0000 (  0.0%)   0.0016 (  0.0%)   0.0016 (  0.0%)  Remove redundant instructions
   0.0015 (  0.0%)   0.0000 (  0.0%)   0.0016 (  0.0%)   0.0016 (  0.0%)  Aggressive Dead Code Elimination
   0.0015 (  0.0%)   0.0000 (  0.0%)   0.0015 (  0.0%)   0.0015 (  0.0%)  Post-Dominator Tree Construction
   0.0014 (  0.0%)   0.0002 (  0.0%)   0.0016 (  0.0%)   0.0015 (  0.0%)  Aggressive Dead Code Elimination
   0.0015 (  0.0%)   0.0000 (  0.0%)   0.0015 (  0.0%)   0.0015 (  0.0%)  Assign names to anonymous instructions (structure based)
   0.0014 (  0.0%)   0.0001 (  0.0%)   0.0015 (  0.0%)   0.0015 (  0.0%)  Aggressive Dead Code Elimination
   0.0015 (  0.0%)   0.0000 (  0.0%)   0.0015 (  0.0%)   0.0015 (  0.0%)  Dead Store Elimination
   0.0014 (  0.0%)   0.0001 (  0.0%)   0.0015 (  0.0%)   0.0015 (  0.0%)  Aggressive Dead Code Elimination
   0.0013 (  0.0%)   0.0002 (  0.0%)   0.0015 (  0.0%)   0.0015 (  0.0%)  Dead Store Elimination
   0.0015 (  0.0%)   0.0000 (  0.0%)   0.0015 (  0.0%)   0.0015 (  0.0%)  Divergence Analysis
   0.0012 (  0.0%)   0.0003 (  0.0%)   0.0015 (  0.0%)   0.0015 (  0.0%)  Aggressive Dead Code Elimination
   0.0013 (  0.0%)   0.0002 (  0.0%)   0.0015 (  0.0%)   0.0015 (  0.0%)  Remove redundant instructions
   0.0014 (  0.0%)   0.0000 (  0.0%)   0.0014 (  0.0%)   0.0015 (  0.0%)  Natural Loop Information
   0.0015 (  0.0%)   0.0000 (  0.0%)   0.0015 (  0.0%)   0.0015 (  0.0%)  Remove redundant instructions
   0.0012 (  0.0%)   0.0003 (  0.0%)   0.0015 (  0.0%)   0.0015 (  0.0%)  Aggressive Dead Code Elimination
   0.0013 (  0.0%)   0.0002 (  0.0%)   0.0015 (  0.0%)   0.0015 (  0.0%)  Remove redundant instructions
   0.0011 (  0.0%)   0.0003 (  0.0%)   0.0015 (  0.0%)   0.0015 (  0.0%)  Aggressive Dead Code Elimination
   0.0008 (  0.0%)   0.0007 (  0.0%)   0.0015 (  0.0%)   0.0015 (  0.0%)  Remove redundant instructions
   0.0015 (  0.0%)   0.0000 (  0.0%)   0.0015 (  0.0%)   0.0015 (  0.0%)  Interleave memory accesses
   0.0014 (  0.0%)   0.0001 (  0.0%)   0.0015 (  0.0%)   0.0015 (  0.0%)  Natural Loop Information
   0.0015 (  0.0%)   0.0000 (  0.0%)   0.0015 (  0.0%)   0.0015 (  0.0%)  CallGraph Construction
   0.0015 (  0.0%)   0.0000 (  0.0%)   0.0015 (  0.0%)   0.0015 (  0.0%)  Detect single entry single exit regions
   0.0014 (  0.0%)   0.0001 (  0.0%)   0.0015 (  0.0%)   0.0015 (  0.0%)  Infer nuw/nsw flags for instructions
   0.0014 (  0.0%)   0.0001 (  0.0%)   0.0015 (  0.0%)   0.0015 (  0.0%)  Remove redundant instructions
   0.0014 (  0.0%)   0.0001 (  0.0%)   0.0015 (  0.0%)   0.0015 (  0.0%)  Remove redundant instructions
   0.0014 (  0.0%)   0.0001 (  0.0%)   0.0015 (  0.0%)   0.0015 (  0.0%)  Dominator Tree Construction
   0.0012 (  0.0%)   0.0002 (  0.0%)   0.0015 (  0.0%)   0.0015 (  0.0%)  Remove redundant instructions
   0.0012 (  0.0%)   0.0003 (  0.0%)   0.0015 (  0.0%)   0.0015 (  0.0%)  Natural Loop Information
   0.0014 (  0.0%)   0.0000 (  0.0%)   0.0015 (  0.0%)   0.0015 (  0.0%)  Aggressive Dead Code Elimination
   0.0011 (  0.0%)   0.0004 (  0.0%)   0.0015 (  0.0%)   0.0015 (  0.0%)  Dead Code Elimination
   0.0015 (  0.0%)   0.0000 (  0.0%)   0.0015 (  0.0%)   0.0015 (  0.0%)  Remove redundant instructions
   0.0012 (  0.0%)   0.0002 (  0.0%)   0.0014 (  0.0%)   0.0014 (  0.0%)  Remove redundant instructions
   0.0014 (  0.0%)   0.0000 (  0.0%)   0.0014 (  0.0%)   0.0014 (  0.0%)  Stream object marker
   0.0014 (  0.0%)   0.0000 (  0.0%)   0.0015 (  0.0%)   0.0014 (  0.0%)  Remove redundant instructions
   0.0011 (  0.0%)   0.0003 (  0.0%)   0.0014 (  0.0%)   0.0014 (  0.0%)  Aggressive Dead Code Elimination
   0.0014 (  0.0%)   0.0000 (  0.0%)   0.0014 (  0.0%)   0.0014 (  0.0%)  CallGraph Construction
   0.0011 (  0.0%)   0.0003 (  0.0%)   0.0014 (  0.0%)   0.0014 (  0.0%)  Natural Loop Information
   0.0013 (  0.0%)   0.0001 (  0.0%)   0.0014 (  0.0%)   0.0014 (  0.0%)  Remove redundant instructions
   0.0014 (  0.0%)   0.0000 (  0.0%)   0.0014 (  0.0%)   0.0014 (  0.0%)  Dominator Tree Construction
   0.0014 (  0.0%)   0.0000 (  0.0%)   0.0014 (  0.0%)   0.0014 (  0.0%)  Infer nuw/nsw flags for instructions
   0.0014 (  0.0%)   0.0000 (  0.0%)   0.0014 (  0.0%)   0.0014 (  0.0%)  Aggressive Dead Code Elimination
   0.0010 (  0.0%)   0.0004 (  0.0%)   0.0014 (  0.0%)   0.0014 (  0.0%)  Remove redundant instructions
   0.0014 (  0.0%)   0.0000 (  0.0%)   0.0014 (  0.0%)   0.0014 (  0.0%)  Disaggregation preprocessing
   0.0014 (  0.0%)   0.0000 (  0.0%)   0.0014 (  0.0%)   0.0014 (  0.0%)  Aggressive Dead Code Elimination
   0.0012 (  0.0%)   0.0002 (  0.0%)   0.0014 (  0.0%)   0.0014 (  0.0%)  Aggressive Dead Code Elimination
   0.0012 (  0.0%)   0.0002 (  0.0%)   0.0014 (  0.0%)   0.0014 (  0.0%)  Dead Store Elimination
   0.0013 (  0.0%)   0.0001 (  0.0%)   0.0014 (  0.0%)   0.0014 (  0.0%)  Aggressive Dead Code Elimination
   0.0011 (  0.0%)   0.0002 (  0.0%)   0.0014 (  0.0%)   0.0014 (  0.0%)  Rotate Loops
   0.0014 (  0.0%)   0.0000 (  0.0%)   0.0014 (  0.0%)   0.0014 (  0.0%)  CallGraph Construction
   0.0014 (  0.0%)   0.0000 (  0.0%)   0.0014 (  0.0%)   0.0014 (  0.0%)  Dead Code Elimination
   0.0014 (  0.0%)   0.0000 (  0.0%)   0.0014 (  0.0%)   0.0014 (  0.0%)  Aggressive Dead Code Elimination
   0.0013 (  0.0%)   0.0001 (  0.0%)   0.0014 (  0.0%)   0.0014 (  0.0%)  Remove redundant instructions
   0.0013 (  0.0%)   0.0000 (  0.0%)   0.0014 (  0.0%)   0.0014 (  0.0%)  Aggressive Dead Code Elimination
   0.0014 (  0.0%)   0.0000 (  0.0%)   0.0014 (  0.0%)   0.0014 (  0.0%)  Dominator Tree Construction
   0.0013 (  0.0%)   0.0000 (  0.0%)   0.0014 (  0.0%)   0.0014 (  0.0%)  Aggressive Dead Code Elimination
   0.0011 (  0.0%)   0.0003 (  0.0%)   0.0013 (  0.0%)   0.0013 (  0.0%)  Dominator Tree Construction
   0.0014 (  0.0%)   0.0000 (  0.0%)   0.0014 (  0.0%)   0.0013 (  0.0%)  Aggressive Dead Code Elimination
   0.0012 (  0.0%)   0.0002 (  0.0%)   0.0014 (  0.0%)   0.0013 (  0.0%)  Aggressive Dead Code Elimination
   0.0013 (  0.0%)   0.0000 (  0.0%)   0.0013 (  0.0%)   0.0013 (  0.0%)  Remove redundant instructions
   0.0012 (  0.0%)   0.0001 (  0.0%)   0.0013 (  0.0%)   0.0013 (  0.0%)  Divergence Analysis
   0.0011 (  0.0%)   0.0002 (  0.0%)   0.0013 (  0.0%)   0.0013 (  0.0%)  Aggressive Dead Code Elimination
   0.0013 (  0.0%)   0.0000 (  0.0%)   0.0013 (  0.0%)   0.0013 (  0.0%)  Infer nuw/nsw flags for instructions
   0.0013 (  0.0%)   0.0000 (  0.0%)   0.0013 (  0.0%)   0.0013 (  0.0%)  Build loop flatten cost model
   0.0013 (  0.0%)   0.0000 (  0.0%)   0.0013 (  0.0%)   0.0013 (  0.0%)  Simple constant propagation
   0.0013 (  0.0%)   0.0000 (  0.0%)   0.0013 (  0.0%)   0.0013 (  0.0%)  Remove redundant instructions
   0.0013 (  0.0%)   0.0000 (  0.0%)   0.0013 (  0.0%)   0.0013 (  0.0%)  Dead Code Elimination
   0.0013 (  0.0%)   0.0000 (  0.0%)   0.0013 (  0.0%)   0.0013 (  0.0%)  Infer nuw/nsw flags for instructions
   0.0013 (  0.0%)   0.0000 (  0.0%)   0.0013 (  0.0%)   0.0013 (  0.0%)  Aggressive Dead Code Elimination
   0.0013 (  0.0%)   0.0000 (  0.0%)   0.0013 (  0.0%)   0.0013 (  0.0%)  Dominator Tree Construction
   0.0013 (  0.0%)   0.0000 (  0.0%)   0.0013 (  0.0%)   0.0013 (  0.0%)  Dominator Tree Construction
   0.0013 (  0.0%)   0.0000 (  0.0%)   0.0013 (  0.0%)   0.0013 (  0.0%)  Aggressive Dead Code Elimination
   0.0013 (  0.0%)   0.0000 (  0.0%)   0.0013 (  0.0%)   0.0013 (  0.0%)  Global Variable Optimizer
   0.0013 (  0.0%)   0.0000 (  0.0%)   0.0013 (  0.0%)   0.0013 (  0.0%)  Aggressive Dead Code Elimination
   0.0013 (  0.0%)   0.0000 (  0.0%)   0.0013 (  0.0%)   0.0013 (  0.0%)  Aggressive Dead Code Elimination
   0.0013 (  0.0%)   0.0000 (  0.0%)   0.0013 (  0.0%)   0.0013 (  0.0%)  Post-Dominator Tree Construction
   0.0012 (  0.0%)   0.0001 (  0.0%)   0.0013 (  0.0%)   0.0013 (  0.0%)  Remove redundant instructions
   0.0008 (  0.0%)   0.0005 (  0.0%)   0.0013 (  0.0%)   0.0013 (  0.0%)  Dominator Tree Construction
   0.0005 (  0.0%)   0.0007 (  0.0%)   0.0012 (  0.0%)   0.0013 (  0.0%)  Natural Loop Information
   0.0013 (  0.0%)   0.0000 (  0.0%)   0.0013 (  0.0%)   0.0013 (  0.0%)  Dominator Tree Construction
   0.0013 (  0.0%)   0.0000 (  0.0%)   0.0013 (  0.0%)   0.0013 (  0.0%)  Special handling of axis with side-channels
   0.0012 (  0.0%)   0.0000 (  0.0%)   0.0012 (  0.0%)   0.0013 (  0.0%)  Canonicalize natural loops
   0.0013 (  0.0%)   0.0000 (  0.0%)   0.0013 (  0.0%)   0.0013 (  0.0%)  Dominator Tree Construction
   0.0011 (  0.0%)   0.0001 (  0.0%)   0.0013 (  0.0%)   0.0012 (  0.0%)  Remove redundant instructions
   0.0012 (  0.0%)   0.0000 (  0.0%)   0.0012 (  0.0%)   0.0012 (  0.0%)  Remove redundant instructions
   0.0011 (  0.0%)   0.0002 (  0.0%)   0.0012 (  0.0%)   0.0012 (  0.0%)  Aggressive Dead Code Elimination
   0.0012 (  0.0%)   0.0000 (  0.0%)   0.0012 (  0.0%)   0.0012 (  0.0%)  Lower black box
   0.0012 (  0.0%)   0.0000 (  0.0%)   0.0012 (  0.0%)   0.0012 (  0.0%)  Remove redundant instructions
   0.0012 (  0.0%)   0.0000 (  0.0%)   0.0012 (  0.0%)   0.0012 (  0.0%)  Remove redundant instructions
   0.0012 (  0.0%)   0.0000 (  0.0%)   0.0012 (  0.0%)   0.0012 (  0.0%)  Detect single entry single exit regions
   0.0012 (  0.0%)   0.0000 (  0.0%)   0.0012 (  0.0%)   0.0012 (  0.0%)  Extract dataflow loop
   0.0012 (  0.0%)   0.0000 (  0.0%)   0.0012 (  0.0%)   0.0012 (  0.0%)  Resolve full load/store
   0.0012 (  0.0%)   0.0000 (  0.0%)   0.0012 (  0.0%)   0.0012 (  0.0%)  CallGraph Construction
   0.0012 (  0.0%)   0.0000 (  0.0%)   0.0012 (  0.0%)   0.0012 (  0.0%)  Natural Loop Information
   0.0012 (  0.0%)   0.0000 (  0.0%)   0.0012 (  0.0%)   0.0012 (  0.0%)  Remove redundant instructions
   0.0012 (  0.0%)   0.0000 (  0.0%)   0.0012 (  0.0%)   0.0012 (  0.0%)  Disaggregation preprocessing
   0.0012 (  0.0%)   0.0000 (  0.0%)   0.0012 (  0.0%)   0.0012 (  0.0%)  clean some traps produced by clang
   0.0011 (  0.0%)   0.0001 (  0.0%)   0.0012 (  0.0%)   0.0012 (  0.0%)  Loop-Closed SSA Form Pass
   0.0012 (  0.0%)   0.0000 (  0.0%)   0.0012 (  0.0%)   0.0012 (  0.0%)  Infer PPPO for array-to-streams
   0.0012 (  0.0%)   0.0000 (  0.0%)   0.0012 (  0.0%)   0.0012 (  0.0%)  Lower BINDOP scope bundle
   0.0010 (  0.0%)   0.0001 (  0.0%)   0.0012 (  0.0%)   0.0012 (  0.0%)  Remove redundant instructions
   0.0010 (  0.0%)   0.0002 (  0.0%)   0.0012 (  0.0%)   0.0012 (  0.0%)  Simplify the CFG
   0.0011 (  0.0%)   0.0001 (  0.0%)   0.0012 (  0.0%)   0.0012 (  0.0%)  Rotate Loops
   0.0011 (  0.0%)   0.0000 (  0.0%)   0.0012 (  0.0%)   0.0012 (  0.0%)  Remove redundant instructions
   0.0011 (  0.0%)   0.0000 (  0.0%)   0.0011 (  0.0%)   0.0012 (  0.0%)  Internalize Global Symbols
   0.0010 (  0.0%)   0.0002 (  0.0%)   0.0012 (  0.0%)   0.0012 (  0.0%)  Aggressive Dead Code Elimination
   0.0011 (  0.0%)   0.0000 (  0.0%)   0.0012 (  0.0%)   0.0012 (  0.0%)  Aggressive Dead Code Elimination
   0.0005 (  0.0%)   0.0006 (  0.0%)   0.0012 (  0.0%)   0.0011 (  0.0%)  Canonicalize natural loops
   0.0012 (  0.0%)   0.0000 (  0.0%)   0.0012 (  0.0%)   0.0011 (  0.0%)  Canonicalize natural loops
   0.0012 (  0.0%)   0.0000 (  0.0%)   0.0012 (  0.0%)   0.0011 (  0.0%)  Canonicalize natural loops
   0.0012 (  0.0%)   0.0000 (  0.0%)   0.0012 (  0.0%)   0.0011 (  0.0%)  Dead Store Elimination
   0.0007 (  0.0%)   0.0005 (  0.0%)   0.0011 (  0.0%)   0.0011 (  0.0%)  Dominator Tree Construction
   0.0009 (  0.0%)   0.0002 (  0.0%)   0.0011 (  0.0%)   0.0011 (  0.0%)  Aggressive Dead Code Elimination
   0.0009 (  0.0%)   0.0002 (  0.0%)   0.0011 (  0.0%)   0.0011 (  0.0%)  Aggressive Dead Code Elimination
   0.0011 (  0.0%)   0.0000 (  0.0%)   0.0011 (  0.0%)   0.0011 (  0.0%)  Canonicalize natural loops
   0.0011 (  0.0%)   0.0000 (  0.0%)   0.0011 (  0.0%)   0.0011 (  0.0%)  Canonicalize natural loops
   0.0000 (  0.0%)   0.0011 (  0.1%)   0.0011 (  0.0%)   0.0011 (  0.0%)  Dead Global Elimination
   0.0010 (  0.0%)   0.0001 (  0.0%)   0.0011 (  0.0%)   0.0011 (  0.0%)  Dead Store Elimination
   0.0011 (  0.0%)   0.0000 (  0.0%)   0.0011 (  0.0%)   0.0011 (  0.0%)  Infer nuw/nsw flags for instructions
   0.0010 (  0.0%)   0.0001 (  0.0%)   0.0011 (  0.0%)   0.0011 (  0.0%)  Aggressive Dead Code Elimination
   0.0009 (  0.0%)   0.0002 (  0.0%)   0.0011 (  0.0%)   0.0011 (  0.0%)  Aggressive Dead Code Elimination
   0.0009 (  0.0%)   0.0002 (  0.0%)   0.0011 (  0.0%)   0.0011 (  0.0%)  Canonicalize natural loops
   0.0011 (  0.0%)   0.0000 (  0.0%)   0.0011 (  0.0%)   0.0011 (  0.0%)  Dominator Tree Construction
   0.0006 (  0.0%)   0.0004 (  0.0%)   0.0011 (  0.0%)   0.0011 (  0.0%)  Post-Dominator Tree Construction
   0.0011 (  0.0%)   0.0000 (  0.0%)   0.0011 (  0.0%)   0.0011 (  0.0%)  Natural Loop Information
   0.0008 (  0.0%)   0.0003 (  0.0%)   0.0011 (  0.0%)   0.0011 (  0.0%)  Eliminate pointer selection
   0.0011 (  0.0%)   0.0000 (  0.0%)   0.0011 (  0.0%)   0.0011 (  0.0%)  Canonicalize natural loops
   0.0011 (  0.0%)   0.0000 (  0.0%)   0.0011 (  0.0%)   0.0011 (  0.0%)  Array abnormal access check
   0.0011 (  0.0%)   0.0000 (  0.0%)   0.0011 (  0.0%)   0.0011 (  0.0%)  Dominator Tree Construction
   0.0011 (  0.0%)   0.0000 (  0.0%)   0.0011 (  0.0%)   0.0011 (  0.0%)  Loop-Closed SSA Form Pass
   0.0011 (  0.0%)   0.0000 (  0.0%)   0.0011 (  0.0%)   0.0011 (  0.0%)  Canonicalize natural loops
   0.0008 (  0.0%)   0.0002 (  0.0%)   0.0011 (  0.0%)   0.0011 (  0.0%)  Infer nuw/nsw flags for instructions
   0.0010 (  0.0%)   0.0000 (  0.0%)   0.0010 (  0.0%)   0.0011 (  0.0%)  Loop-Closed SSA Form Pass
   0.0006 (  0.0%)   0.0005 (  0.0%)   0.0011 (  0.0%)   0.0011 (  0.0%)  Canonicalize natural loops
   0.0010 (  0.0%)   0.0000 (  0.0%)   0.0011 (  0.0%)   0.0011 (  0.0%)  Dead Store Elimination
   0.0011 (  0.0%)   0.0000 (  0.0%)   0.0011 (  0.0%)   0.0010 (  0.0%)  Resolve full load/store
   0.0010 (  0.0%)   0.0000 (  0.0%)   0.0010 (  0.0%)   0.0010 (  0.0%)  Dead Global Elimination
   0.0011 (  0.0%)   0.0000 (  0.0%)   0.0011 (  0.0%)   0.0010 (  0.0%)  Canonicalize natural loops
   0.0010 (  0.0%)   0.0000 (  0.0%)   0.0010 (  0.0%)   0.0010 (  0.0%)  Canonicalize natural loops
   0.0010 (  0.0%)   0.0000 (  0.0%)   0.0010 (  0.0%)   0.0010 (  0.0%)   automatic parallel and pipeline insertion based performance constraint
   0.0009 (  0.0%)   0.0002 (  0.0%)   0.0010 (  0.0%)   0.0010 (  0.0%)  Dominator Tree Construction
   0.0010 (  0.0%)   0.0000 (  0.0%)   0.0010 (  0.0%)   0.0010 (  0.0%)  WidenBurst - Widen bursts
   0.0010 (  0.0%)   0.0000 (  0.0%)   0.0010 (  0.0%)   0.0010 (  0.0%)  Dominator Tree Construction
   0.0010 (  0.0%)   0.0000 (  0.0%)   0.0010 (  0.0%)   0.0010 (  0.0%)  Dominator Tree Construction
   0.0007 (  0.0%)   0.0003 (  0.0%)   0.0010 (  0.0%)   0.0010 (  0.0%)   automatic parallel and pipeline insertion based performance constraint
   0.0010 (  0.0%)   0.0000 (  0.0%)   0.0010 (  0.0%)   0.0010 (  0.0%)  CallGraph Construction
   0.0006 (  0.0%)   0.0004 (  0.0%)   0.0010 (  0.0%)   0.0010 (  0.0%)  Dominator Tree Construction
   0.0010 (  0.0%)   0.0000 (  0.0%)   0.0010 (  0.0%)   0.0010 (  0.0%)  Array abnormal access check
   0.0008 (  0.0%)   0.0002 (  0.0%)   0.0010 (  0.0%)   0.0010 (  0.0%)  Canonicalize natural loops
   0.0010 (  0.0%)   0.0000 (  0.0%)   0.0010 (  0.0%)   0.0010 (  0.0%)  Struct object aggregation
   0.0010 (  0.0%)   0.0000 (  0.0%)   0.0010 (  0.0%)   0.0010 (  0.0%)  Infer PPPO for array-to-streams
   0.0010 (  0.0%)   0.0000 (  0.0%)   0.0010 (  0.0%)   0.0010 (  0.0%)  Assign names to anonymous instructions (structure based)
   0.0008 (  0.0%)   0.0002 (  0.0%)   0.0010 (  0.0%)   0.0010 (  0.0%)  Simplify the CFG
   0.0008 (  0.0%)   0.0002 (  0.0%)   0.0010 (  0.0%)   0.0010 (  0.0%)  Canonicalize natural loops
   0.0010 (  0.0%)   0.0000 (  0.0%)   0.0010 (  0.0%)   0.0010 (  0.0%)  Function duplication
   0.0008 (  0.0%)   0.0001 (  0.0%)   0.0010 (  0.0%)   0.0010 (  0.0%)  Dominator Tree Construction
   0.0008 (  0.0%)   0.0002 (  0.0%)   0.0010 (  0.0%)   0.0010 (  0.0%)  Dead Store Elimination
   0.0010 (  0.0%)   0.0000 (  0.0%)   0.0010 (  0.0%)   0.0010 (  0.0%)  Canonicalize natural loops
   0.0008 (  0.0%)   0.0001 (  0.0%)   0.0010 (  0.0%)   0.0010 (  0.0%)  Canonicalize natural loops
   0.0009 (  0.0%)   0.0001 (  0.0%)   0.0010 (  0.0%)   0.0010 (  0.0%)  Canonicalize natural loops
   0.0010 (  0.0%)   0.0000 (  0.0%)   0.0010 (  0.0%)   0.0010 (  0.0%)  Loop-Closed SSA Form Pass
   0.0007 (  0.0%)   0.0003 (  0.0%)   0.0010 (  0.0%)   0.0010 (  0.0%)  Dead Store Elimination
   0.0010 (  0.0%)   0.0000 (  0.0%)   0.0010 (  0.0%)   0.0010 (  0.0%)  Dominator Tree Construction
   0.0009 (  0.0%)   0.0001 (  0.0%)   0.0010 (  0.0%)   0.0010 (  0.0%)  Canonicalize natural loops
   0.0010 (  0.0%)   0.0000 (  0.0%)   0.0010 (  0.0%)   0.0010 (  0.0%)  Dominance Frontier Construction
   0.0009 (  0.0%)   0.0000 (  0.0%)   0.0010 (  0.0%)   0.0010 (  0.0%)  Simplify the CFG
   0.0010 (  0.0%)   0.0000 (  0.0%)   0.0010 (  0.0%)   0.0010 (  0.0%)  Lower directive scopes
   0.0007 (  0.0%)   0.0002 (  0.0%)   0.0010 (  0.0%)   0.0010 (  0.0%)  CallGraph Construction
   0.0010 (  0.0%)   0.0000 (  0.0%)   0.0010 (  0.0%)   0.0010 (  0.0%)  Object Decomposition
   0.0008 (  0.0%)   0.0002 (  0.0%)   0.0009 (  0.0%)   0.0010 (  0.0%)  Rotate Loops
   0.0010 (  0.0%)   0.0000 (  0.0%)   0.0010 (  0.0%)   0.0010 (  0.0%)  CallGraph Construction
   0.0010 (  0.0%)   0.0000 (  0.0%)   0.0010 (  0.0%)   0.0010 (  0.0%)  LowerPredicate - Lower predicates to control-flow
   0.0009 (  0.0%)   0.0000 (  0.0%)   0.0009 (  0.0%)   0.0009 (  0.0%)  Dominator Tree Construction
   0.0006 (  0.0%)   0.0004 (  0.0%)   0.0010 (  0.0%)   0.0009 (  0.0%)  Canonicalize natural loops
   0.0009 (  0.0%)   0.0001 (  0.0%)   0.0010 (  0.0%)   0.0009 (  0.0%)  Unswitch loops
   0.0001 (  0.0%)   0.0008 (  0.1%)   0.0009 (  0.0%)   0.0009 (  0.0%)  Dominator Tree Construction
   0.0009 (  0.0%)   0.0000 (  0.0%)   0.0009 (  0.0%)   0.0009 (  0.0%)  Canonicalize natural loops
   0.0009 (  0.0%)   0.0000 (  0.0%)   0.0009 (  0.0%)   0.0009 (  0.0%)  Canonicalize natural loops
   0.0009 (  0.0%)   0.0000 (  0.0%)   0.0009 (  0.0%)   0.0009 (  0.0%)  Canonicalize natural loops
   0.0009 (  0.0%)   0.0000 (  0.0%)   0.0009 (  0.0%)   0.0009 (  0.0%)  Canonicalize natural loops
   0.0007 (  0.0%)   0.0002 (  0.0%)   0.0009 (  0.0%)   0.0009 (  0.0%)  Canonicalize natural loops
   0.0009 (  0.0%)   0.0000 (  0.0%)   0.0009 (  0.0%)   0.0009 (  0.0%)  Natural Loop Information
   0.0007 (  0.0%)   0.0002 (  0.0%)   0.0009 (  0.0%)   0.0009 (  0.0%)  CallGraph Construction
   0.0009 (  0.0%)   0.0000 (  0.0%)   0.0009 (  0.0%)   0.0009 (  0.0%)  Dominator Tree Construction
   0.0009 (  0.0%)   0.0000 (  0.0%)   0.0009 (  0.0%)   0.0009 (  0.0%)  Canonicalize natural loops
   0.0009 (  0.0%)   0.0000 (  0.0%)   0.0009 (  0.0%)   0.0009 (  0.0%)  Lower tasks into dataflow form
   0.0009 (  0.0%)   0.0000 (  0.0%)   0.0009 (  0.0%)   0.0009 (  0.0%)  LowerPredicate - Lower predicates to control-flow
   0.0009 (  0.0%)   0.0000 (  0.0%)   0.0009 (  0.0%)   0.0009 (  0.0%)  Dominator Tree Construction
   0.0008 (  0.0%)   0.0001 (  0.0%)   0.0009 (  0.0%)   0.0009 (  0.0%)  Canonicalize natural loops
   0.0008 (  0.0%)   0.0001 (  0.0%)   0.0009 (  0.0%)   0.0009 (  0.0%)  Simplify the CFG
   0.0007 (  0.0%)   0.0002 (  0.0%)   0.0009 (  0.0%)   0.0009 (  0.0%)  Loop-Closed SSA Form Pass
   0.0009 (  0.0%)   0.0000 (  0.0%)   0.0009 (  0.0%)   0.0009 (  0.0%)  CallGraph Construction
   0.0008 (  0.0%)   0.0001 (  0.0%)   0.0009 (  0.0%)   0.0009 (  0.0%)  CallGraph Construction
   0.0009 (  0.0%)   0.0000 (  0.0%)   0.0009 (  0.0%)   0.0009 (  0.0%)  CallGraph Construction
   0.0008 (  0.0%)   0.0001 (  0.0%)   0.0009 (  0.0%)   0.0009 (  0.0%)  Canonicalize natural loops
   0.0009 (  0.0%)   0.0000 (  0.0%)   0.0009 (  0.0%)   0.0009 (  0.0%)  Dead Store Elimination
   0.0009 (  0.0%)   0.0000 (  0.0%)   0.0009 (  0.0%)   0.0009 (  0.0%)  CallGraph Construction
   0.0008 (  0.0%)   0.0001 (  0.0%)   0.0009 (  0.0%)   0.0009 (  0.0%)  Dead Store Elimination
   0.0008 (  0.0%)   0.0001 (  0.0%)   0.0009 (  0.0%)   0.0009 (  0.0%)  Canonicalize natural loops
   0.0009 (  0.0%)   0.0000 (  0.0%)   0.0009 (  0.0%)   0.0009 (  0.0%)  CallGraph Construction
   0.0009 (  0.0%)   0.0000 (  0.0%)   0.0009 (  0.0%)   0.0009 (  0.0%)  Loop-Closed SSA Form Pass
   0.0009 (  0.0%)   0.0000 (  0.0%)   0.0009 (  0.0%)   0.0009 (  0.0%)  Simplify the CFG
   0.0007 (  0.0%)   0.0002 (  0.0%)   0.0009 (  0.0%)   0.0009 (  0.0%)  Dead Store Elimination
   0.0008 (  0.0%)   0.0001 (  0.0%)   0.0009 (  0.0%)   0.0009 (  0.0%)  Canonicalize natural loops
   0.0004 (  0.0%)   0.0005 (  0.0%)   0.0009 (  0.0%)   0.0009 (  0.0%)  Dominator Tree Construction
   0.0007 (  0.0%)   0.0002 (  0.0%)   0.0009 (  0.0%)   0.0009 (  0.0%)  Canonicalize natural loops
   0.0009 (  0.0%)   0.0000 (  0.0%)   0.0009 (  0.0%)   0.0009 (  0.0%)  CallGraph Construction
   0.0009 (  0.0%)   0.0000 (  0.0%)   0.0009 (  0.0%)   0.0009 (  0.0%)  CallGraph Construction
   0.0009 (  0.0%)   0.0000 (  0.0%)   0.0009 (  0.0%)   0.0009 (  0.0%)  Dominator Tree Construction
   0.0006 (  0.0%)   0.0003 (  0.0%)   0.0009 (  0.0%)   0.0009 (  0.0%)  Canonicalize natural loops
   0.0007 (  0.0%)   0.0001 (  0.0%)   0.0009 (  0.0%)   0.0009 (  0.0%)  Simplify the CFG
   0.0008 (  0.0%)   0.0000 (  0.0%)   0.0008 (  0.0%)   0.0009 (  0.0%)  Simplify the CFG
   0.0008 (  0.0%)   0.0000 (  0.0%)   0.0009 (  0.0%)   0.0009 (  0.0%)  Natural Loop Information
   0.0009 (  0.0%)   0.0000 (  0.0%)   0.0009 (  0.0%)   0.0009 (  0.0%)  Lazy Value Information Analysis
   0.0009 (  0.0%)   0.0000 (  0.0%)   0.0009 (  0.0%)   0.0009 (  0.0%)  CallGraph Construction
   0.0009 (  0.0%)   0.0000 (  0.0%)   0.0009 (  0.0%)   0.0009 (  0.0%)  Dominator Tree Construction
   0.0009 (  0.0%)   0.0000 (  0.0%)   0.0009 (  0.0%)   0.0009 (  0.0%)  Simplify the CFG
   0.0007 (  0.0%)   0.0002 (  0.0%)   0.0009 (  0.0%)   0.0009 (  0.0%)  Dead Store Elimination
   0.0009 (  0.0%)   0.0000 (  0.0%)   0.0009 (  0.0%)   0.0009 (  0.0%)  CallGraph Construction
   0.0008 (  0.0%)   0.0000 (  0.0%)   0.0009 (  0.0%)   0.0009 (  0.0%)  Canonicalize natural loops
   0.0008 (  0.0%)   0.0000 (  0.0%)   0.0008 (  0.0%)   0.0009 (  0.0%)  Canonicalize natural loops
   0.0008 (  0.0%)   0.0001 (  0.0%)   0.0009 (  0.0%)   0.0009 (  0.0%)  Dead Store Elimination
   0.0009 (  0.0%)   0.0000 (  0.0%)   0.0009 (  0.0%)   0.0009 (  0.0%)  CallGraph Construction
   0.0008 (  0.0%)   0.0000 (  0.0%)   0.0009 (  0.0%)   0.0009 (  0.0%)  CallGraph Construction
   0.0006 (  0.0%)   0.0002 (  0.0%)   0.0009 (  0.0%)   0.0009 (  0.0%)  Natural Loop Information
   0.0006 (  0.0%)   0.0003 (  0.0%)   0.0008 (  0.0%)   0.0008 (  0.0%)  Simplify types in the LLVM IR, redundant type hierarchy
   0.0009 (  0.0%)   0.0000 (  0.0%)   0.0009 (  0.0%)   0.0008 (  0.0%)  Dominator Tree Construction
   0.0008 (  0.0%)   0.0001 (  0.0%)   0.0008 (  0.0%)   0.0008 (  0.0%)  Simplify the CFG
   0.0008 (  0.0%)   0.0001 (  0.0%)   0.0009 (  0.0%)   0.0008 (  0.0%)  Canonicalize natural loops
   0.0005 (  0.0%)   0.0004 (  0.0%)   0.0009 (  0.0%)   0.0008 (  0.0%)  Dominator Tree Construction
   0.0007 (  0.0%)   0.0001 (  0.0%)   0.0008 (  0.0%)   0.0008 (  0.0%)  Simplify the CFG
   0.0008 (  0.0%)   0.0000 (  0.0%)   0.0008 (  0.0%)   0.0008 (  0.0%)  Dominator Tree Construction
   0.0008 (  0.0%)   0.0000 (  0.0%)   0.0008 (  0.0%)   0.0008 (  0.0%)  Canonicalize natural loops
   0.0008 (  0.0%)   0.0000 (  0.0%)   0.0008 (  0.0%)   0.0008 (  0.0%)  Dead Store Elimination
   0.0007 (  0.0%)   0.0002 (  0.0%)   0.0008 (  0.0%)   0.0008 (  0.0%)  Simplify the CFG
   0.0007 (  0.0%)   0.0001 (  0.0%)   0.0008 (  0.0%)   0.0008 (  0.0%)  Loop-Closed SSA Form Pass
   0.0008 (  0.0%)   0.0000 (  0.0%)   0.0008 (  0.0%)   0.0008 (  0.0%)  Dominator Tree Construction
   0.0008 (  0.0%)   0.0000 (  0.0%)   0.0008 (  0.0%)   0.0008 (  0.0%)  Divergence Analysis
   0.0005 (  0.0%)   0.0003 (  0.0%)   0.0008 (  0.0%)   0.0008 (  0.0%)  Loop-Closed SSA Form Pass
   0.0006 (  0.0%)   0.0002 (  0.0%)   0.0008 (  0.0%)   0.0008 (  0.0%)  Loop-Closed SSA Form Pass
   0.0006 (  0.0%)   0.0002 (  0.0%)   0.0008 (  0.0%)   0.0008 (  0.0%)  Simplify the CFG
   0.0008 (  0.0%)   0.0000 (  0.0%)   0.0008 (  0.0%)   0.0008 (  0.0%)  Array abnormal access check
   0.0007 (  0.0%)   0.0001 (  0.0%)   0.0008 (  0.0%)   0.0008 (  0.0%)  Dominator Tree Construction
   0.0008 (  0.0%)   0.0000 (  0.0%)   0.0008 (  0.0%)   0.0008 (  0.0%)  CallGraph Construction
   0.0008 (  0.0%)   0.0000 (  0.0%)   0.0008 (  0.0%)   0.0008 (  0.0%)  Dead Global Elimination
   0.0008 (  0.0%)   0.0000 (  0.0%)   0.0008 (  0.0%)   0.0008 (  0.0%)  Dominator Tree Construction
   0.0006 (  0.0%)   0.0002 (  0.0%)   0.0008 (  0.0%)   0.0008 (  0.0%)  Dead Global Elimination
   0.0008 (  0.0%)   0.0000 (  0.0%)   0.0008 (  0.0%)   0.0008 (  0.0%)  Loop-Closed SSA Form Pass
   0.0008 (  0.0%)   0.0000 (  0.0%)   0.0008 (  0.0%)   0.0008 (  0.0%)  Simplify the CFG
   0.0007 (  0.0%)   0.0001 (  0.0%)   0.0008 (  0.0%)   0.0008 (  0.0%)  Loop-Closed SSA Form Pass
   0.0008 (  0.0%)   0.0000 (  0.0%)   0.0008 (  0.0%)   0.0008 (  0.0%)  Dump HBM driver helper code
   0.0006 (  0.0%)   0.0002 (  0.0%)   0.0008 (  0.0%)   0.0008 (  0.0%)  Loop-Closed SSA Form Pass
   0.0008 (  0.0%)   0.0000 (  0.0%)   0.0008 (  0.0%)   0.0008 (  0.0%)  Basic Alias Analysis (stateless AA impl)
   0.0008 (  0.0%)   0.0000 (  0.0%)   0.0008 (  0.0%)   0.0008 (  0.0%)  Natural Loop Information
   0.0007 (  0.0%)   0.0001 (  0.0%)   0.0008 (  0.0%)   0.0008 (  0.0%)  Dead Store Elimination
   0.0004 (  0.0%)   0.0004 (  0.0%)   0.0008 (  0.0%)   0.0008 (  0.0%)  Natural Loop Information
   0.0007 (  0.0%)   0.0001 (  0.0%)   0.0008 (  0.0%)   0.0008 (  0.0%)  Jump Threading
   0.0008 (  0.0%)   0.0000 (  0.0%)   0.0008 (  0.0%)   0.0008 (  0.0%)  Simplify the CFG
   0.0008 (  0.0%)   0.0000 (  0.0%)   0.0008 (  0.0%)   0.0008 (  0.0%)  CallGraph Construction
   0.0008 (  0.0%)   0.0000 (  0.0%)   0.0008 (  0.0%)   0.0008 (  0.0%)  Scalar Evolution Analysis
   0.0008 (  0.0%)   0.0000 (  0.0%)   0.0008 (  0.0%)   0.0008 (  0.0%)  CallGraph Construction
   0.0008 (  0.0%)   0.0000 (  0.0%)   0.0008 (  0.0%)   0.0008 (  0.0%)  Natural Loop Information
   0.0008 (  0.0%)   0.0000 (  0.0%)   0.0008 (  0.0%)   0.0008 (  0.0%)  CallGraph Construction
   0.0007 (  0.0%)   0.0001 (  0.0%)   0.0008 (  0.0%)   0.0008 (  0.0%)  Simplify the CFG
   0.0008 (  0.0%)   0.0000 (  0.0%)   0.0008 (  0.0%)   0.0008 (  0.0%)  Dominator Tree Construction
   0.0004 (  0.0%)   0.0004 (  0.0%)   0.0008 (  0.0%)   0.0008 (  0.0%)  Natural Loop Information
   0.0007 (  0.0%)   0.0001 (  0.0%)   0.0008 (  0.0%)   0.0008 (  0.0%)  Dominator Tree Construction
   0.0008 (  0.0%)   0.0000 (  0.0%)   0.0008 (  0.0%)   0.0008 (  0.0%)  Dominator Tree Construction
   0.0008 (  0.0%)   0.0000 (  0.0%)   0.0008 (  0.0%)   0.0008 (  0.0%)  Dominator Tree Construction
   0.0007 (  0.0%)   0.0001 (  0.0%)   0.0008 (  0.0%)   0.0008 (  0.0%)  Simplify the CFG
   0.0006 (  0.0%)   0.0001 (  0.0%)   0.0008 (  0.0%)   0.0008 (  0.0%)  Jump Threading
   0.0005 (  0.0%)   0.0002 (  0.0%)   0.0008 (  0.0%)   0.0008 (  0.0%)  Dominator Tree Construction
   0.0006 (  0.0%)   0.0001 (  0.0%)   0.0008 (  0.0%)   0.0008 (  0.0%)  Scalar Evolution Analysis
   0.0008 (  0.0%)   0.0000 (  0.0%)   0.0008 (  0.0%)   0.0008 (  0.0%)  CallGraph Construction
   0.0007 (  0.0%)   0.0001 (  0.0%)   0.0008 (  0.0%)   0.0008 (  0.0%)  Dominator Tree Construction
   0.0008 (  0.0%)   0.0000 (  0.0%)   0.0008 (  0.0%)   0.0008 (  0.0%)  Loop-Closed SSA Form Pass
   0.0008 (  0.0%)   0.0000 (  0.0%)   0.0008 (  0.0%)   0.0008 (  0.0%)  Simplify the CFG
   0.0007 (  0.0%)   0.0000 (  0.0%)   0.0008 (  0.0%)   0.0008 (  0.0%)  Loop-Closed SSA Form Pass
   0.0008 (  0.0%)   0.0000 (  0.0%)   0.0008 (  0.0%)   0.0008 (  0.0%)  Dominance Frontier Construction
   0.0007 (  0.0%)   0.0001 (  0.0%)   0.0008 (  0.0%)   0.0008 (  0.0%)  Simplify the CFG
   0.0008 (  0.0%)   0.0000 (  0.0%)   0.0008 (  0.0%)   0.0008 (  0.0%)  CallGraph Construction
   0.0007 (  0.0%)   0.0000 (  0.0%)   0.0008 (  0.0%)   0.0008 (  0.0%)  Dead Store Elimination
   0.0007 (  0.0%)   0.0001 (  0.0%)   0.0008 (  0.0%)   0.0008 (  0.0%)  Jump Threading
   0.0008 (  0.0%)   0.0000 (  0.0%)   0.0008 (  0.0%)   0.0008 (  0.0%)  Dead Argument Elimination
   0.0007 (  0.0%)   0.0001 (  0.0%)   0.0008 (  0.0%)   0.0008 (  0.0%)  Dominator Tree Construction
   0.0005 (  0.0%)   0.0002 (  0.0%)   0.0008 (  0.0%)   0.0008 (  0.0%)  Simplify the CFG
   0.0008 (  0.0%)   0.0000 (  0.0%)   0.0008 (  0.0%)   0.0008 (  0.0%)  CallGraph Construction
   0.0007 (  0.0%)   0.0000 (  0.0%)   0.0008 (  0.0%)   0.0008 (  0.0%)  Post-Dominator Tree Construction
   0.0008 (  0.0%)   0.0000 (  0.0%)   0.0008 (  0.0%)   0.0008 (  0.0%)  Control Dependence Analysis
   0.0008 (  0.0%)   0.0000 (  0.0%)   0.0008 (  0.0%)   0.0008 (  0.0%)  Loop-Closed SSA Form Pass
   0.0006 (  0.0%)   0.0001 (  0.0%)   0.0007 (  0.0%)   0.0008 (  0.0%)  Dead Code Elimination
   0.0008 (  0.0%)   0.0000 (  0.0%)   0.0008 (  0.0%)   0.0008 (  0.0%)  CallGraph Construction
   0.0000 (  0.0%)   0.0008 (  0.1%)   0.0008 (  0.0%)   0.0008 (  0.0%)  Array abnormal access check
   0.0006 (  0.0%)   0.0002 (  0.0%)   0.0008 (  0.0%)   0.0008 (  0.0%)  Dominator Tree Construction
   0.0008 (  0.0%)   0.0000 (  0.0%)   0.0008 (  0.0%)   0.0008 (  0.0%)  CallGraph Construction
   0.0006 (  0.0%)   0.0001 (  0.0%)   0.0007 (  0.0%)   0.0008 (  0.0%)  Infer nuw/nsw flags for instructions
   0.0007 (  0.0%)   0.0000 (  0.0%)   0.0007 (  0.0%)   0.0007 (  0.0%)  Dominator Tree Construction
   0.0005 (  0.0%)   0.0002 (  0.0%)   0.0007 (  0.0%)   0.0007 (  0.0%)  Dominator Tree Construction
   0.0007 (  0.0%)   0.0001 (  0.0%)   0.0007 (  0.0%)   0.0007 (  0.0%)  Memory Dependence Analysis
   0.0007 (  0.0%)   0.0000 (  0.0%)   0.0007 (  0.0%)   0.0007 (  0.0%)  Natural Loop Information
   0.0006 (  0.0%)   0.0001 (  0.0%)   0.0007 (  0.0%)   0.0007 (  0.0%)  Simplify the CFG
   0.0004 (  0.0%)   0.0003 (  0.0%)   0.0007 (  0.0%)   0.0007 (  0.0%)  Natural Loop Information
   0.0007 (  0.0%)   0.0000 (  0.0%)   0.0007 (  0.0%)   0.0007 (  0.0%)  Natural Loop Information
   0.0007 (  0.0%)   0.0001 (  0.0%)   0.0007 (  0.0%)   0.0007 (  0.0%)  Dominator Tree Construction
   0.0007 (  0.0%)   0.0000 (  0.0%)   0.0007 (  0.0%)   0.0007 (  0.0%)  Dominator Tree Construction
   0.0007 (  0.0%)   0.0000 (  0.0%)   0.0007 (  0.0%)   0.0007 (  0.0%)  CallGraph Construction
   0.0007 (  0.0%)   0.0001 (  0.0%)   0.0007 (  0.0%)   0.0007 (  0.0%)  Natural Loop Information
   0.0007 (  0.0%)   0.0000 (  0.0%)   0.0007 (  0.0%)   0.0007 (  0.0%)  Natural Loop Information
   0.0006 (  0.0%)   0.0001 (  0.0%)   0.0007 (  0.0%)   0.0007 (  0.0%)  Basic Alias Analysis (stateless AA impl)
   0.0007 (  0.0%)   0.0000 (  0.0%)   0.0007 (  0.0%)   0.0007 (  0.0%)  Post-Dominator Tree Construction
   0.0005 (  0.0%)   0.0002 (  0.0%)   0.0007 (  0.0%)   0.0007 (  0.0%)  Loop-Closed SSA Form Pass
   0.0007 (  0.0%)   0.0000 (  0.0%)   0.0007 (  0.0%)   0.0007 (  0.0%)  CallGraph Construction
   0.0007 (  0.0%)   0.0001 (  0.0%)   0.0007 (  0.0%)   0.0007 (  0.0%)  Divergence Analysis
   0.0007 (  0.0%)   0.0000 (  0.0%)   0.0007 (  0.0%)   0.0007 (  0.0%)  Dominator Tree Construction
   0.0007 (  0.0%)   0.0000 (  0.0%)   0.0007 (  0.0%)   0.0007 (  0.0%)  Natural Loop Information
   0.0007 (  0.0%)   0.0000 (  0.0%)   0.0007 (  0.0%)   0.0007 (  0.0%)  Dominator Tree Construction
   0.0007 (  0.0%)   0.0000 (  0.0%)   0.0007 (  0.0%)   0.0007 (  0.0%)  Dominator Tree Construction
   0.0007 (  0.0%)   0.0000 (  0.0%)   0.0007 (  0.0%)   0.0007 (  0.0%)  CallGraph Construction
   0.0006 (  0.0%)   0.0001 (  0.0%)   0.0007 (  0.0%)   0.0007 (  0.0%)  Post-Dominator Tree Construction
   0.0006 (  0.0%)   0.0001 (  0.0%)   0.0007 (  0.0%)   0.0007 (  0.0%)  Divergence Analysis
   0.0007 (  0.0%)   0.0000 (  0.0%)   0.0007 (  0.0%)   0.0007 (  0.0%)  Dominator Tree Construction
   0.0006 (  0.0%)   0.0001 (  0.0%)   0.0007 (  0.0%)   0.0007 (  0.0%)  Post-Dominator Tree Construction
   0.0007 (  0.0%)   0.0000 (  0.0%)   0.0007 (  0.0%)   0.0007 (  0.0%)  Natural Loop Information
   0.0006 (  0.0%)   0.0000 (  0.0%)   0.0007 (  0.0%)   0.0007 (  0.0%)  Control Dependence Analysis
   0.0007 (  0.0%)   0.0000 (  0.0%)   0.0007 (  0.0%)   0.0007 (  0.0%)  Dominator Tree Construction
   0.0006 (  0.0%)   0.0001 (  0.0%)   0.0007 (  0.0%)   0.0007 (  0.0%)  Post-Dominator Tree Construction
   0.0007 (  0.0%)   0.0000 (  0.0%)   0.0007 (  0.0%)   0.0007 (  0.0%)  Dominator Tree Construction
   0.0007 (  0.0%)   0.0000 (  0.0%)   0.0007 (  0.0%)   0.0007 (  0.0%)  Natural Loop Information
   0.0007 (  0.0%)   0.0000 (  0.0%)   0.0007 (  0.0%)   0.0007 (  0.0%)  Canonicalize natural loops
   0.0007 (  0.0%)   0.0000 (  0.0%)   0.0007 (  0.0%)   0.0007 (  0.0%)  Dominator Tree Construction
   0.0006 (  0.0%)   0.0001 (  0.0%)   0.0007 (  0.0%)   0.0007 (  0.0%)  Dominator Tree Construction
   0.0007 (  0.0%)   0.0000 (  0.0%)   0.0007 (  0.0%)   0.0007 (  0.0%)  Print module to file
   0.0006 (  0.0%)   0.0001 (  0.0%)   0.0007 (  0.0%)   0.0007 (  0.0%)  Dominator Tree Construction
   0.0007 (  0.0%)   0.0000 (  0.0%)   0.0007 (  0.0%)   0.0007 (  0.0%)  Infer nuw/nsw flags for instructions
   0.0007 (  0.0%)   0.0000 (  0.0%)   0.0007 (  0.0%)   0.0007 (  0.0%)  Dominator Tree Construction
   0.0007 (  0.0%)   0.0000 (  0.0%)   0.0007 (  0.0%)   0.0007 (  0.0%)  Dominator Tree Construction
   0.0005 (  0.0%)   0.0002 (  0.0%)   0.0007 (  0.0%)   0.0007 (  0.0%)  Dominator Tree Construction
   0.0006 (  0.0%)   0.0001 (  0.0%)   0.0007 (  0.0%)   0.0007 (  0.0%)  Post-Dominator Tree Construction
   0.0006 (  0.0%)   0.0001 (  0.0%)   0.0007 (  0.0%)   0.0007 (  0.0%)  Dominator Tree Construction
   0.0006 (  0.0%)   0.0001 (  0.0%)   0.0007 (  0.0%)   0.0007 (  0.0%)  Post-Dominator Tree Construction
   0.0006 (  0.0%)   0.0001 (  0.0%)   0.0007 (  0.0%)   0.0007 (  0.0%)  Infer nuw/nsw flags for instructions
   0.0007 (  0.0%)   0.0000 (  0.0%)   0.0007 (  0.0%)   0.0007 (  0.0%)  Simplify the CFG
   0.0007 (  0.0%)   0.0000 (  0.0%)   0.0007 (  0.0%)   0.0007 (  0.0%)  Array abnormal access check
   0.0006 (  0.0%)   0.0000 (  0.0%)   0.0007 (  0.0%)   0.0007 (  0.0%)  Loop-Closed SSA Form Pass
   0.0004 (  0.0%)   0.0003 (  0.0%)   0.0007 (  0.0%)   0.0007 (  0.0%)  Natural Loop Information
   0.0007 (  0.0%)   0.0000 (  0.0%)   0.0007 (  0.0%)   0.0007 (  0.0%)  Post-Dominator Tree Construction
   0.0007 (  0.0%)   0.0000 (  0.0%)   0.0007 (  0.0%)   0.0007 (  0.0%)  Infer nuw/nsw flags for instructions
   0.0006 (  0.0%)   0.0000 (  0.0%)   0.0007 (  0.0%)   0.0007 (  0.0%)  Post-Dominator Tree Construction
   0.0005 (  0.0%)   0.0001 (  0.0%)   0.0007 (  0.0%)   0.0007 (  0.0%)  Simplify the CFG
   0.0006 (  0.0%)   0.0000 (  0.0%)   0.0007 (  0.0%)   0.0007 (  0.0%)  Infer nuw/nsw flags for instructions
   0.0006 (  0.0%)   0.0000 (  0.0%)   0.0007 (  0.0%)   0.0007 (  0.0%)  Infer nuw/nsw flags for instructions
   0.0007 (  0.0%)   0.0000 (  0.0%)   0.0007 (  0.0%)   0.0007 (  0.0%)  Lazy Branch Probability Analysis
   0.0007 (  0.0%)   0.0000 (  0.0%)   0.0007 (  0.0%)   0.0007 (  0.0%)  Loop-Closed SSA Form Pass
   0.0006 (  0.0%)   0.0001 (  0.0%)   0.0007 (  0.0%)   0.0007 (  0.0%)  Dominator Tree Construction
   0.0006 (  0.0%)   0.0000 (  0.0%)   0.0007 (  0.0%)   0.0007 (  0.0%)  Infer nuw/nsw flags for instructions
   0.0006 (  0.0%)   0.0000 (  0.0%)   0.0007 (  0.0%)   0.0007 (  0.0%)  Dominator Tree Construction
   0.0007 (  0.0%)   0.0000 (  0.0%)   0.0007 (  0.0%)   0.0007 (  0.0%)  Dominator Tree Construction
   0.0007 (  0.0%)   0.0000 (  0.0%)   0.0007 (  0.0%)   0.0007 (  0.0%)  Post-Dominator Tree Construction
   0.0006 (  0.0%)   0.0000 (  0.0%)   0.0007 (  0.0%)   0.0007 (  0.0%)  Dominator Tree Construction
   0.0007 (  0.0%)   0.0000 (  0.0%)   0.0007 (  0.0%)   0.0007 (  0.0%)  Dead Argument Elimination
   0.0006 (  0.0%)   0.0000 (  0.0%)   0.0007 (  0.0%)   0.0007 (  0.0%)  Post-Dominator Tree Construction
   0.0005 (  0.0%)   0.0002 (  0.0%)   0.0007 (  0.0%)   0.0007 (  0.0%)  Dominator Tree Construction
   0.0006 (  0.0%)   0.0000 (  0.0%)   0.0006 (  0.0%)   0.0007 (  0.0%)  Natural Loop Information
   0.0007 (  0.0%)   0.0000 (  0.0%)   0.0007 (  0.0%)   0.0007 (  0.0%)  Natural Loop Information
   0.0006 (  0.0%)   0.0001 (  0.0%)   0.0007 (  0.0%)   0.0007 (  0.0%)  Post-Dominator Tree Construction
   0.0006 (  0.0%)   0.0000 (  0.0%)   0.0006 (  0.0%)   0.0006 (  0.0%)  demangle Name to normal Name
   0.0002 (  0.0%)   0.0004 (  0.0%)   0.0007 (  0.0%)   0.0006 (  0.0%)  InferXCLAttrImplications - Infer XCL attribute implications
   0.0006 (  0.0%)   0.0000 (  0.0%)   0.0006 (  0.0%)   0.0006 (  0.0%)  Natural Loop Information
   0.0006 (  0.0%)   0.0000 (  0.0%)   0.0006 (  0.0%)   0.0006 (  0.0%)  Loop-Closed SSA Form Pass
   0.0006 (  0.0%)   0.0000 (  0.0%)   0.0006 (  0.0%)   0.0006 (  0.0%)  Post-Dominator Tree Construction
   0.0006 (  0.0%)   0.0000 (  0.0%)   0.0006 (  0.0%)   0.0006 (  0.0%)  Dominator Tree Construction
   0.0006 (  0.0%)   0.0000 (  0.0%)   0.0006 (  0.0%)   0.0006 (  0.0%)  Dominator Tree Construction
   0.0006 (  0.0%)   0.0000 (  0.0%)   0.0006 (  0.0%)   0.0006 (  0.0%)  Post-Dominator Tree Construction
   0.0006 (  0.0%)   0.0000 (  0.0%)   0.0006 (  0.0%)   0.0006 (  0.0%)  Array abnormal access check
   0.0006 (  0.0%)   0.0000 (  0.0%)   0.0006 (  0.0%)   0.0006 (  0.0%)  Post-Dominator Tree Construction
   0.0005 (  0.0%)   0.0001 (  0.0%)   0.0006 (  0.0%)   0.0006 (  0.0%)  Dominator Tree Construction
   0.0006 (  0.0%)   0.0000 (  0.0%)   0.0006 (  0.0%)   0.0006 (  0.0%)  Dead Argument Elimination
   0.0006 (  0.0%)   0.0001 (  0.0%)   0.0007 (  0.0%)   0.0006 (  0.0%)  Post-Dominator Tree Construction
   0.0004 (  0.0%)   0.0003 (  0.0%)   0.0006 (  0.0%)   0.0006 (  0.0%)  Scalar Evolution Analysis
   0.0006 (  0.0%)   0.0000 (  0.0%)   0.0006 (  0.0%)   0.0006 (  0.0%)  CallGraph Construction
   0.0005 (  0.0%)   0.0002 (  0.0%)   0.0006 (  0.0%)   0.0006 (  0.0%)  Post-Dominator Tree Construction
   0.0006 (  0.0%)   0.0000 (  0.0%)   0.0006 (  0.0%)   0.0006 (  0.0%)  Infer nuw/nsw flags for instructions
   0.0006 (  0.0%)   0.0001 (  0.0%)   0.0006 (  0.0%)   0.0006 (  0.0%)  Dominator Tree Construction
   0.0005 (  0.0%)   0.0001 (  0.0%)   0.0006 (  0.0%)   0.0006 (  0.0%)  Post-Dominator Tree Construction
   0.0005 (  0.0%)   0.0001 (  0.0%)   0.0006 (  0.0%)   0.0006 (  0.0%)  Simplify the CFG
   0.0005 (  0.0%)   0.0001 (  0.0%)   0.0006 (  0.0%)   0.0006 (  0.0%)  Optimization Remark Emitter
   0.0005 (  0.0%)   0.0002 (  0.0%)   0.0006 (  0.0%)   0.0006 (  0.0%)  Lazy Branch Probability Analysis
   0.0005 (  0.0%)   0.0001 (  0.0%)   0.0006 (  0.0%)   0.0006 (  0.0%)  Dominator Tree Construction
   0.0001 (  0.0%)   0.0006 (  0.0%)   0.0006 (  0.0%)   0.0006 (  0.0%)  Natural Loop Information
   0.0005 (  0.0%)   0.0001 (  0.0%)   0.0006 (  0.0%)   0.0006 (  0.0%)  Post-Dominator Tree Construction
   0.0006 (  0.0%)   0.0000 (  0.0%)   0.0006 (  0.0%)   0.0006 (  0.0%)  Infer nuw/nsw flags for instructions
   0.0006 (  0.0%)   0.0000 (  0.0%)   0.0006 (  0.0%)   0.0006 (  0.0%)  Infer nuw/nsw flags for instructions
   0.0006 (  0.0%)   0.0000 (  0.0%)   0.0006 (  0.0%)   0.0006 (  0.0%)  Dominator Tree Construction
   0.0005 (  0.0%)   0.0001 (  0.0%)   0.0006 (  0.0%)   0.0006 (  0.0%)  Post-Dominator Tree Construction
   0.0005 (  0.0%)   0.0001 (  0.0%)   0.0006 (  0.0%)   0.0006 (  0.0%)  Basic Alias Analysis (stateless AA impl)
   0.0006 (  0.0%)   0.0001 (  0.0%)   0.0006 (  0.0%)   0.0006 (  0.0%)  Post-Dominator Tree Construction
   0.0005 (  0.0%)   0.0001 (  0.0%)   0.0006 (  0.0%)   0.0006 (  0.0%)  Post-Dominator Tree Construction
   0.0005 (  0.0%)   0.0001 (  0.0%)   0.0006 (  0.0%)   0.0006 (  0.0%)  Dominator Tree Construction
   0.0006 (  0.0%)   0.0001 (  0.0%)   0.0006 (  0.0%)   0.0006 (  0.0%)  Detect single entry single exit regions
   0.0006 (  0.0%)   0.0000 (  0.0%)   0.0006 (  0.0%)   0.0006 (  0.0%)  Natural Loop Information
   0.0006 (  0.0%)   0.0000 (  0.0%)   0.0006 (  0.0%)   0.0006 (  0.0%)  Loop-Closed SSA Form Pass
   0.0005 (  0.0%)   0.0001 (  0.0%)   0.0006 (  0.0%)   0.0006 (  0.0%)  Scalar Evolution Analysis
   0.0004 (  0.0%)   0.0002 (  0.0%)   0.0006 (  0.0%)   0.0006 (  0.0%)  Basic Alias Analysis (stateless AA impl)
   0.0005 (  0.0%)   0.0002 (  0.0%)   0.0006 (  0.0%)   0.0006 (  0.0%)  Lazy Block Frequency Analysis
   0.0005 (  0.0%)   0.0001 (  0.0%)   0.0006 (  0.0%)   0.0006 (  0.0%)  Basic Alias Analysis (stateless AA impl)
   0.0006 (  0.0%)   0.0001 (  0.0%)   0.0006 (  0.0%)   0.0006 (  0.0%)  Dominator Tree Construction
   0.0006 (  0.0%)   0.0000 (  0.0%)   0.0006 (  0.0%)   0.0006 (  0.0%)  Post-Dominator Tree Construction
   0.0004 (  0.0%)   0.0002 (  0.0%)   0.0006 (  0.0%)   0.0006 (  0.0%)  Dominator Tree Construction
   0.0006 (  0.0%)   0.0000 (  0.0%)   0.0006 (  0.0%)   0.0006 (  0.0%)  Natural Loop Information
   0.0006 (  0.0%)   0.0000 (  0.0%)   0.0006 (  0.0%)   0.0006 (  0.0%)  Post-Dominator Tree Construction
   0.0006 (  0.0%)   0.0000 (  0.0%)   0.0006 (  0.0%)   0.0006 (  0.0%)  Dominator Tree Construction
   0.0006 (  0.0%)   0.0000 (  0.0%)   0.0006 (  0.0%)   0.0006 (  0.0%)  Dominator Tree Construction
   0.0006 (  0.0%)   0.0000 (  0.0%)   0.0006 (  0.0%)   0.0006 (  0.0%)  Optimization Remark Emitter
   0.0006 (  0.0%)   0.0001 (  0.0%)   0.0006 (  0.0%)   0.0006 (  0.0%)  Dominator Tree Construction
   0.0006 (  0.0%)   0.0000 (  0.0%)   0.0006 (  0.0%)   0.0006 (  0.0%)  Loop-Closed SSA Form Pass
   0.0006 (  0.0%)   0.0000 (  0.0%)   0.0006 (  0.0%)   0.0006 (  0.0%)  Dominator Tree Construction
   0.0006 (  0.0%)   0.0000 (  0.0%)   0.0006 (  0.0%)   0.0006 (  0.0%)  Dominator Tree Construction
   0.0006 (  0.0%)   0.0000 (  0.0%)   0.0006 (  0.0%)   0.0006 (  0.0%)  Natural Loop Information
   0.0005 (  0.0%)   0.0001 (  0.0%)   0.0006 (  0.0%)   0.0006 (  0.0%)  Dominator Tree Construction
   0.0006 (  0.0%)   0.0000 (  0.0%)   0.0006 (  0.0%)   0.0006 (  0.0%)  CallGraph Construction
   0.0006 (  0.0%)   0.0000 (  0.0%)   0.0006 (  0.0%)   0.0006 (  0.0%)  SROA
   0.0004 (  0.0%)   0.0002 (  0.0%)   0.0006 (  0.0%)   0.0006 (  0.0%)  Dominator Tree Construction
   0.0006 (  0.0%)   0.0000 (  0.0%)   0.0006 (  0.0%)   0.0006 (  0.0%)  Reduce the height of tree
   0.0006 (  0.0%)   0.0000 (  0.0%)   0.0006 (  0.0%)   0.0006 (  0.0%)  Infer nuw/nsw flags for instructions
   0.0005 (  0.0%)   0.0001 (  0.0%)   0.0006 (  0.0%)   0.0006 (  0.0%)  Post-Dominator Tree Construction
   0.0006 (  0.0%)   0.0000 (  0.0%)   0.0006 (  0.0%)   0.0006 (  0.0%)  Infer nuw/nsw flags for instructions
   0.0005 (  0.0%)   0.0001 (  0.0%)   0.0006 (  0.0%)   0.0006 (  0.0%)  Dominator Tree Construction
   0.0006 (  0.0%)   0.0000 (  0.0%)   0.0006 (  0.0%)   0.0006 (  0.0%)  Dead Global Elimination
   0.0006 (  0.0%)   0.0000 (  0.0%)   0.0006 (  0.0%)   0.0006 (  0.0%)  Dominator Tree Construction
   0.0006 (  0.0%)   0.0000 (  0.0%)   0.0006 (  0.0%)   0.0006 (  0.0%)  Infer nuw/nsw flags for instructions
   0.0006 (  0.0%)   0.0000 (  0.0%)   0.0006 (  0.0%)   0.0006 (  0.0%)  Lazy Block Frequency Analysis
   0.0006 (  0.0%)   0.0000 (  0.0%)   0.0006 (  0.0%)   0.0006 (  0.0%)  CallGraph Construction
   0.0006 (  0.0%)   0.0000 (  0.0%)   0.0006 (  0.0%)   0.0006 (  0.0%)  Dead Code Elimination
   0.0006 (  0.0%)   0.0000 (  0.0%)   0.0006 (  0.0%)   0.0006 (  0.0%)  CallGraph Construction
   0.0005 (  0.0%)   0.0001 (  0.0%)   0.0006 (  0.0%)   0.0006 (  0.0%)  Dominator Tree Construction
   0.0006 (  0.0%)   0.0000 (  0.0%)   0.0006 (  0.0%)   0.0006 (  0.0%)  Dominator Tree Construction
   0.0006 (  0.0%)   0.0000 (  0.0%)   0.0006 (  0.0%)   0.0006 (  0.0%)  Basic Alias Analysis (stateless AA impl)
   0.0005 (  0.0%)   0.0001 (  0.0%)   0.0006 (  0.0%)   0.0006 (  0.0%)  Dominator Tree Construction
   0.0006 (  0.0%)   0.0000 (  0.0%)   0.0006 (  0.0%)   0.0006 (  0.0%)  Infer nuw/nsw flags for instructions
   0.0005 (  0.0%)   0.0001 (  0.0%)   0.0006 (  0.0%)   0.0006 (  0.0%)  Scalar Evolution Analysis
   0.0003 (  0.0%)   0.0003 (  0.0%)   0.0006 (  0.0%)   0.0006 (  0.0%)  Natural Loop Information
   0.0005 (  0.0%)   0.0001 (  0.0%)   0.0006 (  0.0%)   0.0006 (  0.0%)  Natural Loop Information
   0.0006 (  0.0%)   0.0000 (  0.0%)   0.0006 (  0.0%)   0.0006 (  0.0%)  Dominator Tree Construction
   0.0005 (  0.0%)   0.0001 (  0.0%)   0.0006 (  0.0%)   0.0006 (  0.0%)  Basic Alias Analysis (stateless AA impl)
   0.0006 (  0.0%)   0.0000 (  0.0%)   0.0006 (  0.0%)   0.0006 (  0.0%)  Basic Alias Analysis (stateless AA impl)
   0.0004 (  0.0%)   0.0002 (  0.0%)   0.0006 (  0.0%)   0.0006 (  0.0%)  Basic Alias Analysis (stateless AA impl)
   0.0006 (  0.0%)   0.0000 (  0.0%)   0.0006 (  0.0%)   0.0006 (  0.0%)  Divergence Analysis
   0.0005 (  0.0%)   0.0001 (  0.0%)   0.0006 (  0.0%)   0.0006 (  0.0%)  Post-Dominator Tree Construction
   0.0005 (  0.0%)   0.0001 (  0.0%)   0.0006 (  0.0%)   0.0006 (  0.0%)  Post-Dominator Tree Construction
   0.0005 (  0.0%)   0.0001 (  0.0%)   0.0006 (  0.0%)   0.0006 (  0.0%)  Post-Dominator Tree Construction
   0.0005 (  0.0%)   0.0001 (  0.0%)   0.0006 (  0.0%)   0.0006 (  0.0%)  Basic Alias Analysis (stateless AA impl)
   0.0006 (  0.0%)   0.0000 (  0.0%)   0.0006 (  0.0%)   0.0006 (  0.0%)  Post-Dominator Tree Construction
   0.0006 (  0.0%)   0.0000 (  0.0%)   0.0006 (  0.0%)   0.0006 (  0.0%)  Scalar Evolution Analysis
   0.0006 (  0.0%)   0.0000 (  0.0%)   0.0006 (  0.0%)   0.0006 (  0.0%)  Eliminate pointer selection
   0.0004 (  0.0%)   0.0002 (  0.0%)   0.0006 (  0.0%)   0.0006 (  0.0%)  Natural Loop Information
   0.0005 (  0.0%)   0.0001 (  0.0%)   0.0006 (  0.0%)   0.0006 (  0.0%)  Loop-Closed SSA Form Pass
   0.0006 (  0.0%)   0.0000 (  0.0%)   0.0006 (  0.0%)   0.0006 (  0.0%)  Infer nuw/nsw flags for instructions
   0.0006 (  0.0%)   0.0000 (  0.0%)   0.0006 (  0.0%)   0.0006 (  0.0%)  Scalar Evolution Analysis
   0.0006 (  0.0%)   0.0000 (  0.0%)   0.0006 (  0.0%)   0.0006 (  0.0%)  Dominator Tree Construction
   0.0005 (  0.0%)   0.0001 (  0.0%)   0.0006 (  0.0%)   0.0006 (  0.0%)  Post-Dominator Tree Construction
   0.0005 (  0.0%)   0.0001 (  0.0%)   0.0006 (  0.0%)   0.0006 (  0.0%)  Post-Dominator Tree Construction
   0.0006 (  0.0%)   0.0000 (  0.0%)   0.0006 (  0.0%)   0.0006 (  0.0%)  Auto automatic array partition filter analysis
   0.0005 (  0.0%)   0.0001 (  0.0%)   0.0006 (  0.0%)   0.0006 (  0.0%)  Post-Dominator Tree Construction
   0.0006 (  0.0%)   0.0000 (  0.0%)   0.0006 (  0.0%)   0.0006 (  0.0%)  Dominator Tree Construction
   0.0006 (  0.0%)   0.0000 (  0.0%)   0.0006 (  0.0%)   0.0006 (  0.0%)  Basic Alias Analysis (stateless AA impl)
   0.0005 (  0.0%)   0.0001 (  0.0%)   0.0006 (  0.0%)   0.0006 (  0.0%)  Post-Dominator Tree Construction
   0.0006 (  0.0%)   0.0000 (  0.0%)   0.0006 (  0.0%)   0.0006 (  0.0%)  Post-Dominator Tree Construction
   0.0006 (  0.0%)   0.0000 (  0.0%)   0.0006 (  0.0%)   0.0006 (  0.0%)  Basic Alias Analysis (stateless AA impl)
   0.0003 (  0.0%)   0.0003 (  0.0%)   0.0006 (  0.0%)   0.0006 (  0.0%)  Loop-Closed SSA Form Pass
   0.0004 (  0.0%)   0.0002 (  0.0%)   0.0006 (  0.0%)   0.0006 (  0.0%)  Basic Alias Analysis (stateless AA impl)
   0.0006 (  0.0%)   0.0000 (  0.0%)   0.0006 (  0.0%)   0.0006 (  0.0%)  Basic Alias Analysis (stateless AA impl)
   0.0006 (  0.0%)   0.0000 (  0.0%)   0.0006 (  0.0%)   0.0006 (  0.0%)  Loop-Closed SSA Form Pass
   0.0005 (  0.0%)   0.0001 (  0.0%)   0.0006 (  0.0%)   0.0006 (  0.0%)  Post-Dominator Tree Construction
   0.0005 (  0.0%)   0.0001 (  0.0%)   0.0006 (  0.0%)   0.0006 (  0.0%)  Basic Alias Analysis (stateless AA impl)
   0.0006 (  0.0%)   0.0000 (  0.0%)   0.0006 (  0.0%)   0.0006 (  0.0%)  CallGraph Construction
   0.0005 (  0.0%)   0.0001 (  0.0%)   0.0006 (  0.0%)   0.0006 (  0.0%)  Dominance Frontier Construction
   0.0005 (  0.0%)   0.0001 (  0.0%)   0.0006 (  0.0%)   0.0006 (  0.0%)  Dominator Tree Construction
   0.0005 (  0.0%)   0.0000 (  0.0%)   0.0006 (  0.0%)   0.0006 (  0.0%)  Basic Alias Analysis (stateless AA impl)
   0.0005 (  0.0%)   0.0001 (  0.0%)   0.0006 (  0.0%)   0.0006 (  0.0%)  Infer nuw/nsw flags for instructions
   0.0005 (  0.0%)   0.0001 (  0.0%)   0.0006 (  0.0%)   0.0006 (  0.0%)  Detect single entry single exit regions
   0.0005 (  0.0%)   0.0001 (  0.0%)   0.0006 (  0.0%)   0.0006 (  0.0%)  Dominator Tree Construction
   0.0006 (  0.0%)   0.0000 (  0.0%)   0.0006 (  0.0%)   0.0006 (  0.0%)  Post-Dominator Tree Construction
   0.0005 (  0.0%)   0.0000 (  0.0%)   0.0006 (  0.0%)   0.0006 (  0.0%)  Natural Loop Information
   0.0005 (  0.0%)   0.0001 (  0.0%)   0.0006 (  0.0%)   0.0006 (  0.0%)  Dominator Tree Construction
   0.0005 (  0.0%)   0.0001 (  0.0%)   0.0006 (  0.0%)   0.0006 (  0.0%)  Natural Loop Information
   0.0004 (  0.0%)   0.0001 (  0.0%)   0.0006 (  0.0%)   0.0006 (  0.0%)  Post-Dominator Tree Construction
   0.0005 (  0.0%)   0.0000 (  0.0%)   0.0006 (  0.0%)   0.0006 (  0.0%)  Basic Alias Analysis (stateless AA impl)
   0.0006 (  0.0%)   0.0000 (  0.0%)   0.0006 (  0.0%)   0.0006 (  0.0%)  Basic Alias Analysis (stateless AA impl)
   0.0006 (  0.0%)   0.0000 (  0.0%)   0.0006 (  0.0%)   0.0006 (  0.0%)  Infer nuw/nsw flags for instructions
   0.0005 (  0.0%)   0.0000 (  0.0%)   0.0006 (  0.0%)   0.0006 (  0.0%)  Post-Dominator Tree Construction
   0.0004 (  0.0%)   0.0002 (  0.0%)   0.0006 (  0.0%)   0.0006 (  0.0%)  Basic Alias Analysis (stateless AA impl)
   0.0006 (  0.0%)   0.0000 (  0.0%)   0.0006 (  0.0%)   0.0006 (  0.0%)  Detect single entry single exit regions
   0.0004 (  0.0%)   0.0002 (  0.0%)   0.0006 (  0.0%)   0.0006 (  0.0%)  Basic Alias Analysis (stateless AA impl)
   0.0006 (  0.0%)   0.0000 (  0.0%)   0.0006 (  0.0%)   0.0006 (  0.0%)  Dominator Tree Construction
   0.0004 (  0.0%)   0.0001 (  0.0%)   0.0006 (  0.0%)   0.0006 (  0.0%)  Dominator Tree Construction
   0.0005 (  0.0%)   0.0000 (  0.0%)   0.0006 (  0.0%)   0.0006 (  0.0%)  Post-Dominator Tree Construction
   0.0000 (  0.0%)   0.0005 (  0.0%)   0.0006 (  0.0%)   0.0006 (  0.0%)  Dead Global Elimination
   0.0004 (  0.0%)   0.0001 (  0.0%)   0.0006 (  0.0%)   0.0006 (  0.0%)  Dominator Tree Construction
   0.0004 (  0.0%)   0.0001 (  0.0%)   0.0006 (  0.0%)   0.0006 (  0.0%)  Scalar Evolution Analysis
   0.0005 (  0.0%)   0.0000 (  0.0%)   0.0005 (  0.0%)   0.0006 (  0.0%)  Dominator Tree Construction
   0.0003 (  0.0%)   0.0002 (  0.0%)   0.0005 (  0.0%)   0.0006 (  0.0%)  Post-Dominator Tree Construction
   0.0005 (  0.0%)   0.0001 (  0.0%)   0.0005 (  0.0%)   0.0006 (  0.0%)  Post-Dominator Tree Construction
   0.0005 (  0.0%)   0.0000 (  0.0%)   0.0005 (  0.0%)   0.0006 (  0.0%)  Dominator Tree Construction
   0.0005 (  0.0%)   0.0000 (  0.0%)   0.0006 (  0.0%)   0.0006 (  0.0%)  Loop-Closed SSA Form Pass
   0.0006 (  0.0%)   0.0000 (  0.0%)   0.0006 (  0.0%)   0.0006 (  0.0%)  Basic Alias Analysis (stateless AA impl)
   0.0006 (  0.0%)   0.0000 (  0.0%)   0.0006 (  0.0%)   0.0006 (  0.0%)  Post-Dominator Tree Construction
   0.0005 (  0.0%)   0.0000 (  0.0%)   0.0006 (  0.0%)   0.0006 (  0.0%)  Natural Loop Information
   0.0004 (  0.0%)   0.0001 (  0.0%)   0.0006 (  0.0%)   0.0006 (  0.0%)  Dominator Tree Construction
   0.0006 (  0.0%)   0.0000 (  0.0%)   0.0006 (  0.0%)   0.0005 (  0.0%)  Natural Loop Information
   0.0005 (  0.0%)   0.0001 (  0.0%)   0.0006 (  0.0%)   0.0005 (  0.0%)  Post-Dominator Tree Construction
   0.0003 (  0.0%)   0.0002 (  0.0%)   0.0006 (  0.0%)   0.0005 (  0.0%)  Dominator Tree Construction
   0.0005 (  0.0%)   0.0001 (  0.0%)   0.0006 (  0.0%)   0.0005 (  0.0%)  Post-Dominator Tree Construction
   0.0005 (  0.0%)   0.0001 (  0.0%)   0.0005 (  0.0%)   0.0005 (  0.0%)  Basic Alias Analysis (stateless AA impl)
   0.0005 (  0.0%)   0.0001 (  0.0%)   0.0005 (  0.0%)   0.0005 (  0.0%)  Basic Alias Analysis (stateless AA impl)
   0.0004 (  0.0%)   0.0001 (  0.0%)   0.0006 (  0.0%)   0.0005 (  0.0%)  Basic Alias Analysis (stateless AA impl)
   0.0006 (  0.0%)   0.0000 (  0.0%)   0.0006 (  0.0%)   0.0005 (  0.0%)  Post-Dominator Tree Construction
   0.0005 (  0.0%)   0.0000 (  0.0%)   0.0005 (  0.0%)   0.0005 (  0.0%)  Post-Dominator Tree Construction
   0.0005 (  0.0%)   0.0001 (  0.0%)   0.0006 (  0.0%)   0.0005 (  0.0%)  Basic Alias Analysis (stateless AA impl)
   0.0003 (  0.0%)   0.0002 (  0.0%)   0.0005 (  0.0%)   0.0005 (  0.0%)  Loop-Closed SSA Form Pass
   0.0005 (  0.0%)   0.0000 (  0.0%)   0.0005 (  0.0%)   0.0005 (  0.0%)  Post-Dominator Tree Construction
   0.0004 (  0.0%)   0.0001 (  0.0%)   0.0005 (  0.0%)   0.0005 (  0.0%)  Post-Dominator Tree Construction
   0.0005 (  0.0%)   0.0000 (  0.0%)   0.0005 (  0.0%)   0.0005 (  0.0%)  Dominator Tree Construction
   0.0006 (  0.0%)   0.0000 (  0.0%)   0.0006 (  0.0%)   0.0005 (  0.0%)  Basic Alias Analysis (stateless AA impl)
   0.0003 (  0.0%)   0.0002 (  0.0%)   0.0005 (  0.0%)   0.0005 (  0.0%)  Delete dead loops
   0.0005 (  0.0%)   0.0000 (  0.0%)   0.0005 (  0.0%)   0.0005 (  0.0%)  Dominator Tree Construction
   0.0005 (  0.0%)   0.0000 (  0.0%)   0.0005 (  0.0%)   0.0005 (  0.0%)  Loop-Closed SSA Form Pass
   0.0006 (  0.0%)   0.0000 (  0.0%)   0.0006 (  0.0%)   0.0005 (  0.0%)  Dominator Tree Construction
   0.0005 (  0.0%)   0.0001 (  0.0%)   0.0005 (  0.0%)   0.0005 (  0.0%)  Natural Loop Information
   0.0006 (  0.0%)   0.0000 (  0.0%)   0.0006 (  0.0%)   0.0005 (  0.0%)  Loop-Closed SSA Form Pass
   0.0005 (  0.0%)   0.0001 (  0.0%)   0.0005 (  0.0%)   0.0005 (  0.0%)  Post-Dominator Tree Construction
   0.0005 (  0.0%)   0.0001 (  0.0%)   0.0005 (  0.0%)   0.0005 (  0.0%)  Basic Alias Analysis (stateless AA impl)
   0.0004 (  0.0%)   0.0001 (  0.0%)   0.0005 (  0.0%)   0.0005 (  0.0%)  Basic Alias Analysis (stateless AA impl)
   0.0006 (  0.0%)   0.0000 (  0.0%)   0.0006 (  0.0%)   0.0005 (  0.0%)  Post-Dominator Tree Construction
   0.0005 (  0.0%)   0.0000 (  0.0%)   0.0005 (  0.0%)   0.0005 (  0.0%)  Post-Dominator Tree Construction
   0.0005 (  0.0%)   0.0001 (  0.0%)   0.0006 (  0.0%)   0.0005 (  0.0%)  Post-Dominator Tree Construction
   0.0005 (  0.0%)   0.0000 (  0.0%)   0.0005 (  0.0%)   0.0005 (  0.0%)  Dominator Tree Construction
   0.0005 (  0.0%)   0.0000 (  0.0%)   0.0005 (  0.0%)   0.0005 (  0.0%)  Post-Dominator Tree Construction
   0.0005 (  0.0%)   0.0000 (  0.0%)   0.0005 (  0.0%)   0.0005 (  0.0%)  Natural Loop Information
   0.0005 (  0.0%)   0.0000 (  0.0%)   0.0005 (  0.0%)   0.0005 (  0.0%)  Dominator Tree Construction
   0.0003 (  0.0%)   0.0003 (  0.0%)   0.0005 (  0.0%)   0.0005 (  0.0%)  Basic Alias Analysis (stateless AA impl)
   0.0004 (  0.0%)   0.0001 (  0.0%)   0.0005 (  0.0%)   0.0005 (  0.0%)  Post-Dominator Tree Construction
   0.0005 (  0.0%)   0.0000 (  0.0%)   0.0005 (  0.0%)   0.0005 (  0.0%)  Post-Dominator Tree Construction
   0.0005 (  0.0%)   0.0000 (  0.0%)   0.0005 (  0.0%)   0.0005 (  0.0%)  Post-Dominator Tree Construction
   0.0005 (  0.0%)   0.0000 (  0.0%)   0.0005 (  0.0%)   0.0005 (  0.0%)  Natural Loop Information
   0.0005 (  0.0%)   0.0000 (  0.0%)   0.0005 (  0.0%)   0.0005 (  0.0%)  Post-Dominator Tree Construction
   0.0005 (  0.0%)   0.0000 (  0.0%)   0.0005 (  0.0%)   0.0005 (  0.0%)  Post-Dominator Tree Construction
   0.0005 (  0.0%)   0.0001 (  0.0%)   0.0005 (  0.0%)   0.0005 (  0.0%)  Dominator Tree Construction
   0.0005 (  0.0%)   0.0001 (  0.0%)   0.0005 (  0.0%)   0.0005 (  0.0%)  Dominator Tree Construction
   0.0005 (  0.0%)   0.0000 (  0.0%)   0.0005 (  0.0%)   0.0005 (  0.0%)  Basic Alias Analysis (stateless AA impl)
   0.0004 (  0.0%)   0.0001 (  0.0%)   0.0006 (  0.0%)   0.0005 (  0.0%)  Scalar Evolution Analysis
   0.0004 (  0.0%)   0.0002 (  0.0%)   0.0005 (  0.0%)   0.0005 (  0.0%)  Post-Dominator Tree Construction
   0.0005 (  0.0%)   0.0000 (  0.0%)   0.0005 (  0.0%)   0.0005 (  0.0%)  Natural Loop Information
   0.0005 (  0.0%)   0.0001 (  0.0%)   0.0005 (  0.0%)   0.0005 (  0.0%)  Post-Dominator Tree Construction
   0.0005 (  0.0%)   0.0000 (  0.0%)   0.0005 (  0.0%)   0.0005 (  0.0%)  Post-Dominator Tree Construction
   0.0005 (  0.0%)   0.0000 (  0.0%)   0.0005 (  0.0%)   0.0005 (  0.0%)  Dominator Tree Construction
   0.0005 (  0.0%)   0.0000 (  0.0%)   0.0005 (  0.0%)   0.0005 (  0.0%)  Dominator Tree Construction
   0.0004 (  0.0%)   0.0001 (  0.0%)   0.0005 (  0.0%)   0.0005 (  0.0%)  SROA
   0.0005 (  0.0%)   0.0000 (  0.0%)   0.0005 (  0.0%)   0.0005 (  0.0%)  Dead Argument Elimination
   0.0005 (  0.0%)   0.0001 (  0.0%)   0.0005 (  0.0%)   0.0005 (  0.0%)  Basic Alias Analysis (stateless AA impl)
   0.0003 (  0.0%)   0.0002 (  0.0%)   0.0005 (  0.0%)   0.0005 (  0.0%)  Basic Alias Analysis (stateless AA impl)
   0.0005 (  0.0%)   0.0000 (  0.0%)   0.0005 (  0.0%)   0.0005 (  0.0%)  Basic Alias Analysis (stateless AA impl)
   0.0004 (  0.0%)   0.0001 (  0.0%)   0.0005 (  0.0%)   0.0005 (  0.0%)  Post-Dominator Tree Construction
   0.0005 (  0.0%)   0.0000 (  0.0%)   0.0005 (  0.0%)   0.0005 (  0.0%)  Post-Dominator Tree Construction
   0.0005 (  0.0%)   0.0000 (  0.0%)   0.0005 (  0.0%)   0.0005 (  0.0%)  Dominator Tree Construction
   0.0005 (  0.0%)   0.0000 (  0.0%)   0.0005 (  0.0%)   0.0005 (  0.0%)  Dead Argument Elimination
   0.0005 (  0.0%)   0.0000 (  0.0%)   0.0005 (  0.0%)   0.0005 (  0.0%)  Basic Alias Analysis (stateless AA impl)
   0.0005 (  0.0%)   0.0000 (  0.0%)   0.0005 (  0.0%)   0.0005 (  0.0%)  Auto automatic array partition filter analysis
   0.0005 (  0.0%)   0.0000 (  0.0%)   0.0005 (  0.0%)   0.0005 (  0.0%)  Dominator Tree Construction
   0.0005 (  0.0%)   0.0000 (  0.0%)   0.0005 (  0.0%)   0.0005 (  0.0%)  Infer nuw/nsw flags for instructions
   0.0005 (  0.0%)   0.0000 (  0.0%)   0.0005 (  0.0%)   0.0005 (  0.0%)  ReflowCheckVarPragmaConflicts - check variable pragma conflicts in reflow
   0.0005 (  0.0%)   0.0000 (  0.0%)   0.0005 (  0.0%)   0.0005 (  0.0%)  Dominator Tree Construction
   0.0004 (  0.0%)   0.0001 (  0.0%)   0.0005 (  0.0%)   0.0005 (  0.0%)  Post-Dominator Tree Construction
   0.0005 (  0.0%)   0.0000 (  0.0%)   0.0005 (  0.0%)   0.0005 (  0.0%)  Dominator Tree Construction
   0.0004 (  0.0%)   0.0001 (  0.0%)   0.0005 (  0.0%)   0.0005 (  0.0%)  Post-Dominator Tree Construction
   0.0005 (  0.0%)   0.0000 (  0.0%)   0.0005 (  0.0%)   0.0005 (  0.0%)  Transform SSA value on top function to variable with pointer type
   0.0005 (  0.0%)   0.0000 (  0.0%)   0.0005 (  0.0%)   0.0005 (  0.0%)  Dominator Tree Construction
   0.0005 (  0.0%)   0.0000 (  0.0%)   0.0005 (  0.0%)   0.0005 (  0.0%)  Simplify loop CFG
   0.0005 (  0.0%)   0.0000 (  0.0%)   0.0005 (  0.0%)   0.0005 (  0.0%)  Basic Alias Analysis (stateless AA impl)
   0.0004 (  0.0%)   0.0001 (  0.0%)   0.0005 (  0.0%)   0.0005 (  0.0%)  Post-Dominator Tree Construction
   0.0005 (  0.0%)   0.0000 (  0.0%)   0.0005 (  0.0%)   0.0005 (  0.0%)  Post-Dominator Tree Construction
   0.0005 (  0.0%)   0.0000 (  0.0%)   0.0005 (  0.0%)   0.0005 (  0.0%)  Natural Loop Information
   0.0004 (  0.0%)   0.0001 (  0.0%)   0.0005 (  0.0%)   0.0005 (  0.0%)  Post-Dominator Tree Construction
   0.0005 (  0.0%)   0.0000 (  0.0%)   0.0005 (  0.0%)   0.0005 (  0.0%)  Auto automatic array partition filter analysis
   0.0005 (  0.0%)   0.0000 (  0.0%)   0.0005 (  0.0%)   0.0005 (  0.0%)  Post-Dominator Tree Construction
   0.0004 (  0.0%)   0.0000 (  0.0%)   0.0005 (  0.0%)   0.0005 (  0.0%)  SROA
   0.0004 (  0.0%)   0.0001 (  0.0%)   0.0005 (  0.0%)   0.0005 (  0.0%)  Post-Dominator Tree Construction
   0.0003 (  0.0%)   0.0002 (  0.0%)   0.0005 (  0.0%)   0.0005 (  0.0%)  SROA
   0.0005 (  0.0%)   0.0001 (  0.0%)   0.0005 (  0.0%)   0.0005 (  0.0%)  Dominator Tree Construction
   0.0004 (  0.0%)   0.0001 (  0.0%)   0.0005 (  0.0%)   0.0005 (  0.0%)  Basic Alias Analysis (stateless AA impl)
   0.0005 (  0.0%)   0.0000 (  0.0%)   0.0005 (  0.0%)   0.0005 (  0.0%)  Scalar Evolution Analysis
   0.0004 (  0.0%)   0.0001 (  0.0%)   0.0005 (  0.0%)   0.0005 (  0.0%)  Dominator Tree Construction
   0.0003 (  0.0%)   0.0002 (  0.0%)   0.0005 (  0.0%)   0.0005 (  0.0%)  Natural Loop Information
   0.0003 (  0.0%)   0.0002 (  0.0%)   0.0005 (  0.0%)   0.0005 (  0.0%)  Scalar Evolution Analysis
   0.0005 (  0.0%)   0.0000 (  0.0%)   0.0005 (  0.0%)   0.0005 (  0.0%)  Detect single entry single exit regions
   0.0004 (  0.0%)   0.0001 (  0.0%)   0.0005 (  0.0%)   0.0005 (  0.0%)  Post-Dominator Tree Construction
   0.0005 (  0.0%)   0.0000 (  0.0%)   0.0005 (  0.0%)   0.0005 (  0.0%)  Basic Alias Analysis (stateless AA impl)
   0.0005 (  0.0%)   0.0000 (  0.0%)   0.0005 (  0.0%)   0.0005 (  0.0%)  CallGraph Construction
   0.0005 (  0.0%)   0.0000 (  0.0%)   0.0005 (  0.0%)   0.0005 (  0.0%)  Basic Alias Analysis (stateless AA impl)
   0.0005 (  0.0%)   0.0000 (  0.0%)   0.0005 (  0.0%)   0.0005 (  0.0%)  Dominator Tree Construction
   0.0004 (  0.0%)   0.0001 (  0.0%)   0.0005 (  0.0%)   0.0005 (  0.0%)  Dominator Tree Construction
   0.0005 (  0.0%)   0.0000 (  0.0%)   0.0005 (  0.0%)   0.0005 (  0.0%)  Post-Dominator Tree Construction
   0.0005 (  0.0%)   0.0000 (  0.0%)   0.0005 (  0.0%)   0.0005 (  0.0%)  Dominator Tree Construction
   0.0004 (  0.0%)   0.0001 (  0.0%)   0.0005 (  0.0%)   0.0005 (  0.0%)  Post-Dominator Tree Construction
   0.0005 (  0.0%)   0.0000 (  0.0%)   0.0005 (  0.0%)   0.0005 (  0.0%)  Dominator Tree Construction
   0.0005 (  0.0%)   0.0000 (  0.0%)   0.0005 (  0.0%)   0.0005 (  0.0%)  Basic Alias Analysis (stateless AA impl)
   0.0005 (  0.0%)   0.0000 (  0.0%)   0.0005 (  0.0%)   0.0005 (  0.0%)  Post-Dominator Tree Construction
   0.0004 (  0.0%)   0.0001 (  0.0%)   0.0005 (  0.0%)   0.0005 (  0.0%)  Basic Alias Analysis (stateless AA impl)
   0.0005 (  0.0%)   0.0000 (  0.0%)   0.0005 (  0.0%)   0.0005 (  0.0%)  Basic Alias Analysis (stateless AA impl)
   0.0005 (  0.0%)   0.0000 (  0.0%)   0.0005 (  0.0%)   0.0005 (  0.0%)  Dominator Tree Construction
   0.0005 (  0.0%)   0.0000 (  0.0%)   0.0005 (  0.0%)   0.0005 (  0.0%)  CallGraph Construction
   0.0005 (  0.0%)   0.0000 (  0.0%)   0.0005 (  0.0%)   0.0005 (  0.0%)  Basic Alias Analysis (stateless AA impl)
   0.0005 (  0.0%)   0.0000 (  0.0%)   0.0005 (  0.0%)   0.0005 (  0.0%)  Scalar Evolution Analysis
   0.0004 (  0.0%)   0.0001 (  0.0%)   0.0005 (  0.0%)   0.0005 (  0.0%)  Post-Dominator Tree Construction
   0.0004 (  0.0%)   0.0001 (  0.0%)   0.0005 (  0.0%)   0.0005 (  0.0%)  Post-Dominator Tree Construction
   0.0005 (  0.0%)   0.0000 (  0.0%)   0.0005 (  0.0%)   0.0005 (  0.0%)  Detect single entry single exit regions
   0.0005 (  0.0%)   0.0000 (  0.0%)   0.0005 (  0.0%)   0.0005 (  0.0%)  Post-Dominator Tree Construction
   0.0005 (  0.0%)   0.0000 (  0.0%)   0.0005 (  0.0%)   0.0005 (  0.0%)  Natural Loop Information
   0.0005 (  0.0%)   0.0000 (  0.0%)   0.0005 (  0.0%)   0.0005 (  0.0%)  Natural Loop Information
   0.0005 (  0.0%)   0.0000 (  0.0%)   0.0005 (  0.0%)   0.0005 (  0.0%)  Natural Loop Information
   0.0005 (  0.0%)   0.0000 (  0.0%)   0.0005 (  0.0%)   0.0005 (  0.0%)  Dominator Tree Construction
   0.0004 (  0.0%)   0.0001 (  0.0%)   0.0005 (  0.0%)   0.0005 (  0.0%)  Post-Dominator Tree Construction
   0.0003 (  0.0%)   0.0002 (  0.0%)   0.0005 (  0.0%)   0.0005 (  0.0%)  Dominator Tree Construction
   0.0005 (  0.0%)   0.0000 (  0.0%)   0.0005 (  0.0%)   0.0005 (  0.0%)  Basic Alias Analysis (stateless AA impl)
   0.0005 (  0.0%)   0.0000 (  0.0%)   0.0005 (  0.0%)   0.0005 (  0.0%)  Dominator Tree Construction
   0.0005 (  0.0%)   0.0000 (  0.0%)   0.0005 (  0.0%)   0.0005 (  0.0%)  Dominator Tree Construction
   0.0005 (  0.0%)   0.0000 (  0.0%)   0.0005 (  0.0%)   0.0005 (  0.0%)  Dominator Tree Construction
   0.0005 (  0.0%)   0.0000 (  0.0%)   0.0005 (  0.0%)   0.0005 (  0.0%)  Loop-Closed SSA Form Pass
   0.0003 (  0.0%)   0.0002 (  0.0%)   0.0005 (  0.0%)   0.0005 (  0.0%)  Basic Alias Analysis (stateless AA impl)
   0.0004 (  0.0%)   0.0000 (  0.0%)   0.0005 (  0.0%)   0.0005 (  0.0%)  Dominator Tree Construction
   0.0005 (  0.0%)   0.0000 (  0.0%)   0.0005 (  0.0%)   0.0005 (  0.0%)  Canonicalize natural loops
   0.0005 (  0.0%)   0.0000 (  0.0%)   0.0005 (  0.0%)   0.0005 (  0.0%)  Natural Loop Information
   0.0004 (  0.0%)   0.0001 (  0.0%)   0.0005 (  0.0%)   0.0005 (  0.0%)  Dominator Tree Construction
   0.0005 (  0.0%)   0.0000 (  0.0%)   0.0005 (  0.0%)   0.0005 (  0.0%)  Scalar Evolution Analysis
   0.0005 (  0.0%)   0.0000 (  0.0%)   0.0005 (  0.0%)   0.0005 (  0.0%)  Natural Loop Information
   0.0005 (  0.0%)   0.0000 (  0.0%)   0.0005 (  0.0%)   0.0005 (  0.0%)  Basic Alias Analysis (stateless AA impl)
   0.0005 (  0.0%)   0.0000 (  0.0%)   0.0005 (  0.0%)   0.0005 (  0.0%)  Natural Loop Information
   0.0004 (  0.0%)   0.0001 (  0.0%)   0.0005 (  0.0%)   0.0005 (  0.0%)  Post-Dominator Tree Construction
   0.0005 (  0.0%)   0.0000 (  0.0%)   0.0005 (  0.0%)   0.0005 (  0.0%)  Scalar Evolution Analysis
   0.0004 (  0.0%)   0.0001 (  0.0%)   0.0005 (  0.0%)   0.0005 (  0.0%)  Basic Alias Analysis (stateless AA impl)
   0.0004 (  0.0%)   0.0001 (  0.0%)   0.0005 (  0.0%)   0.0005 (  0.0%)  Dominator Tree Construction
   0.0004 (  0.0%)   0.0001 (  0.0%)   0.0005 (  0.0%)   0.0005 (  0.0%)  Basic Alias Analysis (stateless AA impl)
   0.0004 (  0.0%)   0.0001 (  0.0%)   0.0005 (  0.0%)   0.0005 (  0.0%)  Basic Alias Analysis (stateless AA impl)
   0.0005 (  0.0%)   0.0000 (  0.0%)   0.0005 (  0.0%)   0.0005 (  0.0%)  CallGraph Construction
   0.0004 (  0.0%)   0.0000 (  0.0%)   0.0005 (  0.0%)   0.0005 (  0.0%)  Dominator Tree Construction
   0.0005 (  0.0%)   0.0000 (  0.0%)   0.0005 (  0.0%)   0.0005 (  0.0%)  CallGraph Construction
   0.0004 (  0.0%)   0.0001 (  0.0%)   0.0005 (  0.0%)   0.0005 (  0.0%)  Dominator Tree Construction
   0.0004 (  0.0%)   0.0001 (  0.0%)   0.0005 (  0.0%)   0.0005 (  0.0%)  Dominator Tree Construction
   0.0005 (  0.0%)   0.0000 (  0.0%)   0.0005 (  0.0%)   0.0005 (  0.0%)  Natural Loop Information
   0.0004 (  0.0%)   0.0000 (  0.0%)   0.0005 (  0.0%)   0.0005 (  0.0%)  Natural Loop Information
   0.0003 (  0.0%)   0.0002 (  0.0%)   0.0005 (  0.0%)   0.0005 (  0.0%)  Basic Alias Analysis (stateless AA impl)
   0.0005 (  0.0%)   0.0000 (  0.0%)   0.0005 (  0.0%)   0.0005 (  0.0%)  Post-Dominator Tree Construction
   0.0005 (  0.0%)   0.0000 (  0.0%)   0.0005 (  0.0%)   0.0005 (  0.0%)  Basic Alias Analysis (stateless AA impl)
   0.0004 (  0.0%)   0.0000 (  0.0%)   0.0005 (  0.0%)   0.0005 (  0.0%)  Post-Dominator Tree Construction
   0.0004 (  0.0%)   0.0000 (  0.0%)   0.0005 (  0.0%)   0.0005 (  0.0%)  AccessGroup - Group the memory access for the same object
   0.0005 (  0.0%)   0.0000 (  0.0%)   0.0005 (  0.0%)   0.0005 (  0.0%)  Dead Global Elimination
   0.0003 (  0.0%)   0.0002 (  0.0%)   0.0004 (  0.0%)   0.0005 (  0.0%)  Natural Loop Information
   0.0004 (  0.0%)   0.0001 (  0.0%)   0.0005 (  0.0%)   0.0005 (  0.0%)  Dominator Tree Construction
   0.0004 (  0.0%)   0.0000 (  0.0%)   0.0004 (  0.0%)   0.0005 (  0.0%)  Natural Loop Information
   0.0004 (  0.0%)   0.0000 (  0.0%)   0.0004 (  0.0%)   0.0005 (  0.0%)  ShiftRegInference - Automatic Shift Register Inference
   0.0005 (  0.0%)   0.0000 (  0.0%)   0.0005 (  0.0%)   0.0005 (  0.0%)  Canonicalize natural loops
   0.0005 (  0.0%)   0.0000 (  0.0%)   0.0005 (  0.0%)   0.0005 (  0.0%)  CallGraph Construction
   0.0004 (  0.0%)   0.0000 (  0.0%)   0.0004 (  0.0%)   0.0005 (  0.0%)  Scalar Evolution Analysis
   0.0004 (  0.0%)   0.0000 (  0.0%)   0.0004 (  0.0%)   0.0005 (  0.0%)  ShiftRegInference - Automatic Shift Register Inference
   0.0005 (  0.0%)   0.0000 (  0.0%)   0.0005 (  0.0%)   0.0005 (  0.0%)  Loop-Closed SSA Form Pass
   0.0003 (  0.0%)   0.0001 (  0.0%)   0.0005 (  0.0%)   0.0005 (  0.0%)  Dominator Tree Construction
   0.0003 (  0.0%)   0.0001 (  0.0%)   0.0005 (  0.0%)   0.0005 (  0.0%)  Basic Alias Analysis (stateless AA impl)
   0.0004 (  0.0%)   0.0001 (  0.0%)   0.0004 (  0.0%)   0.0005 (  0.0%)  Dominator Tree Construction
   0.0003 (  0.0%)   0.0001 (  0.0%)   0.0005 (  0.0%)   0.0005 (  0.0%)  Dominator Tree Construction
   0.0004 (  0.0%)   0.0000 (  0.0%)   0.0004 (  0.0%)   0.0005 (  0.0%)  Scalar Evolution Analysis
   0.0004 (  0.0%)   0.0000 (  0.0%)   0.0004 (  0.0%)   0.0005 (  0.0%)  Basic Alias Analysis (stateless AA impl)
   0.0004 (  0.0%)   0.0000 (  0.0%)   0.0004 (  0.0%)   0.0005 (  0.0%)  Dominator Tree Construction
   0.0002 (  0.0%)   0.0002 (  0.0%)   0.0004 (  0.0%)   0.0004 (  0.0%)  Canonicalize natural loops
   0.0003 (  0.0%)   0.0002 (  0.0%)   0.0005 (  0.0%)   0.0004 (  0.0%)  Scalar Evolution Analysis
   0.0004 (  0.0%)   0.0000 (  0.0%)   0.0004 (  0.0%)   0.0004 (  0.0%)  Interprocedural constant propagation
   0.0004 (  0.0%)   0.0000 (  0.0%)   0.0004 (  0.0%)   0.0004 (  0.0%)  Dominator Tree Construction
   0.0004 (  0.0%)   0.0000 (  0.0%)   0.0004 (  0.0%)   0.0004 (  0.0%)  Scalar Evolution Analysis
   0.0004 (  0.0%)   0.0001 (  0.0%)   0.0005 (  0.0%)   0.0004 (  0.0%)  Dominator Tree Construction
   0.0004 (  0.0%)   0.0000 (  0.0%)   0.0005 (  0.0%)   0.0004 (  0.0%)  Dominator Tree Construction
   0.0004 (  0.0%)   0.0000 (  0.0%)   0.0004 (  0.0%)   0.0004 (  0.0%)  Basic Alias Analysis (stateless AA impl)
   0.0003 (  0.0%)   0.0001 (  0.0%)   0.0004 (  0.0%)   0.0004 (  0.0%)  Natural Loop Information
   0.0003 (  0.0%)   0.0001 (  0.0%)   0.0004 (  0.0%)   0.0004 (  0.0%)  Basic Alias Analysis (stateless AA impl)
   0.0005 (  0.0%)   0.0000 (  0.0%)   0.0005 (  0.0%)   0.0004 (  0.0%)  Natural Loop Information
   0.0004 (  0.0%)   0.0001 (  0.0%)   0.0004 (  0.0%)   0.0004 (  0.0%)  Natural Loop Information
   0.0004 (  0.0%)   0.0001 (  0.0%)   0.0004 (  0.0%)   0.0004 (  0.0%)  Natural Loop Information
   0.0004 (  0.0%)   0.0000 (  0.0%)   0.0004 (  0.0%)   0.0004 (  0.0%)  Natural Loop Information
   0.0004 (  0.0%)   0.0000 (  0.0%)   0.0004 (  0.0%)   0.0004 (  0.0%)  Auto automatic array partition filter analysis
   0.0004 (  0.0%)   0.0000 (  0.0%)   0.0004 (  0.0%)   0.0004 (  0.0%)  Auto automatic array partition filter analysis
   0.0004 (  0.0%)   0.0000 (  0.0%)   0.0004 (  0.0%)   0.0004 (  0.0%)  Dominator Tree Construction
   0.0005 (  0.0%)   0.0000 (  0.0%)   0.0005 (  0.0%)   0.0004 (  0.0%)  Scalar Evolution Analysis
   0.0004 (  0.0%)   0.0000 (  0.0%)   0.0004 (  0.0%)   0.0004 (  0.0%)  Natural Loop Information
   0.0004 (  0.0%)   0.0000 (  0.0%)   0.0004 (  0.0%)   0.0004 (  0.0%)  Dominance Frontier Construction
   0.0004 (  0.0%)   0.0001 (  0.0%)   0.0004 (  0.0%)   0.0004 (  0.0%)  Natural Loop Information
   0.0004 (  0.0%)   0.0001 (  0.0%)   0.0004 (  0.0%)   0.0004 (  0.0%)  Dominator Tree Construction
   0.0004 (  0.0%)   0.0000 (  0.0%)   0.0004 (  0.0%)   0.0004 (  0.0%)  Dominator Tree Construction
   0.0004 (  0.0%)   0.0000 (  0.0%)   0.0004 (  0.0%)   0.0004 (  0.0%)  Dominator Tree Construction
   0.0004 (  0.0%)   0.0000 (  0.0%)   0.0004 (  0.0%)   0.0004 (  0.0%)  Scalar Evolution Analysis
   0.0004 (  0.0%)   0.0000 (  0.0%)   0.0004 (  0.0%)   0.0004 (  0.0%)  Scalar Evolution Analysis
   0.0004 (  0.0%)   0.0000 (  0.0%)   0.0004 (  0.0%)   0.0004 (  0.0%)  Natural Loop Information
   0.0004 (  0.0%)   0.0000 (  0.0%)   0.0004 (  0.0%)   0.0004 (  0.0%)  Dominator Tree Construction
   0.0004 (  0.0%)   0.0000 (  0.0%)   0.0004 (  0.0%)   0.0004 (  0.0%)  Dominator Tree Construction
   0.0004 (  0.0%)   0.0000 (  0.0%)   0.0004 (  0.0%)   0.0004 (  0.0%)  Canonicalize natural loops
   0.0004 (  0.0%)   0.0000 (  0.0%)   0.0004 (  0.0%)   0.0004 (  0.0%)  CallGraph Construction
   0.0004 (  0.0%)   0.0001 (  0.0%)   0.0004 (  0.0%)   0.0004 (  0.0%)  Dominator Tree Construction
   0.0004 (  0.0%)   0.0000 (  0.0%)   0.0004 (  0.0%)   0.0004 (  0.0%)  Basic Alias Analysis (stateless AA impl)
   0.0004 (  0.0%)   0.0001 (  0.0%)   0.0004 (  0.0%)   0.0004 (  0.0%)  Dominator Tree Construction
   0.0004 (  0.0%)   0.0000 (  0.0%)   0.0004 (  0.0%)   0.0004 (  0.0%)  Natural Loop Information
   0.0005 (  0.0%)   0.0000 (  0.0%)   0.0005 (  0.0%)   0.0004 (  0.0%)  Dominator Tree Construction
   0.0003 (  0.0%)   0.0001 (  0.0%)   0.0004 (  0.0%)   0.0004 (  0.0%)  Natural Loop Information
   0.0004 (  0.0%)   0.0000 (  0.0%)   0.0004 (  0.0%)   0.0004 (  0.0%)  Natural Loop Information
   0.0004 (  0.0%)   0.0000 (  0.0%)   0.0004 (  0.0%)   0.0004 (  0.0%)  Scalar Evolution Analysis
   0.0004 (  0.0%)   0.0000 (  0.0%)   0.0004 (  0.0%)   0.0004 (  0.0%)  Dominator Tree Construction
   0.0004 (  0.0%)   0.0000 (  0.0%)   0.0004 (  0.0%)   0.0004 (  0.0%)  Dominator Tree Construction
   0.0004 (  0.0%)   0.0000 (  0.0%)   0.0004 (  0.0%)   0.0004 (  0.0%)  Scalar Evolution Analysis
   0.0004 (  0.0%)   0.0000 (  0.0%)   0.0004 (  0.0%)   0.0004 (  0.0%)  Dominator Tree Construction
   0.0003 (  0.0%)   0.0001 (  0.0%)   0.0004 (  0.0%)   0.0004 (  0.0%)  Dominator Tree Construction
   0.0004 (  0.0%)   0.0001 (  0.0%)   0.0004 (  0.0%)   0.0004 (  0.0%)  Dominator Tree Construction
   0.0004 (  0.0%)   0.0001 (  0.0%)   0.0004 (  0.0%)   0.0004 (  0.0%)  Dominator Tree Construction
   0.0003 (  0.0%)   0.0001 (  0.0%)   0.0004 (  0.0%)   0.0004 (  0.0%)  Dominator Tree Construction
   0.0004 (  0.0%)   0.0000 (  0.0%)   0.0004 (  0.0%)   0.0004 (  0.0%)  Dominator Tree Construction
   0.0004 (  0.0%)   0.0000 (  0.0%)   0.0004 (  0.0%)   0.0004 (  0.0%)  Natural Loop Information
   0.0004 (  0.0%)   0.0000 (  0.0%)   0.0004 (  0.0%)   0.0004 (  0.0%)  Canonicalize natural loops
   0.0003 (  0.0%)   0.0001 (  0.0%)   0.0004 (  0.0%)   0.0004 (  0.0%)  Dominator Tree Construction
   0.0003 (  0.0%)   0.0001 (  0.0%)   0.0004 (  0.0%)   0.0004 (  0.0%)  Dominator Tree Construction
   0.0003 (  0.0%)   0.0001 (  0.0%)   0.0004 (  0.0%)   0.0004 (  0.0%)  AccessGroup - Group the memory access for the same object
   0.0004 (  0.0%)   0.0000 (  0.0%)   0.0004 (  0.0%)   0.0004 (  0.0%)  Inline sub function calls recursively
   0.0004 (  0.0%)   0.0000 (  0.0%)   0.0004 (  0.0%)   0.0004 (  0.0%)  Scalar Evolution Analysis
   0.0004 (  0.0%)   0.0000 (  0.0%)   0.0004 (  0.0%)   0.0004 (  0.0%)  Basic Alias Analysis (stateless AA impl)
   0.0004 (  0.0%)   0.0000 (  0.0%)   0.0004 (  0.0%)   0.0004 (  0.0%)  Natural Loop Information
   0.0003 (  0.0%)   0.0001 (  0.0%)   0.0004 (  0.0%)   0.0004 (  0.0%)  Dominator Tree Construction
   0.0004 (  0.0%)   0.0000 (  0.0%)   0.0004 (  0.0%)   0.0004 (  0.0%)  Scalar Evolution Analysis
   0.0000 (  0.0%)   0.0004 (  0.0%)   0.0004 (  0.0%)   0.0004 (  0.0%)  Auto automatic array partition filter analysis
   0.0004 (  0.0%)   0.0000 (  0.0%)   0.0004 (  0.0%)   0.0004 (  0.0%)  Scalar Evolution Analysis
   0.0004 (  0.0%)   0.0000 (  0.0%)   0.0004 (  0.0%)   0.0004 (  0.0%)  Natural Loop Information
   0.0004 (  0.0%)   0.0000 (  0.0%)   0.0004 (  0.0%)   0.0004 (  0.0%)  Scalar Evolution Analysis
   0.0003 (  0.0%)   0.0001 (  0.0%)   0.0004 (  0.0%)   0.0004 (  0.0%)  Scalar Evolution Analysis
   0.0004 (  0.0%)   0.0000 (  0.0%)   0.0004 (  0.0%)   0.0004 (  0.0%)  Natural Loop Information
   0.0004 (  0.0%)   0.0000 (  0.0%)   0.0004 (  0.0%)   0.0004 (  0.0%)  Dominator Tree Construction
   0.0003 (  0.0%)   0.0001 (  0.0%)   0.0004 (  0.0%)   0.0004 (  0.0%)  Dominance Frontier Construction
   0.0004 (  0.0%)   0.0000 (  0.0%)   0.0004 (  0.0%)   0.0004 (  0.0%)  Loop-Closed SSA Form Pass
   0.0003 (  0.0%)   0.0001 (  0.0%)   0.0004 (  0.0%)   0.0004 (  0.0%)  Dominator Tree Construction
   0.0004 (  0.0%)   0.0000 (  0.0%)   0.0004 (  0.0%)   0.0004 (  0.0%)  Dominator Tree Construction
   0.0004 (  0.0%)   0.0000 (  0.0%)   0.0004 (  0.0%)   0.0004 (  0.0%)  Scalar Evolution Analysis
   0.0004 (  0.0%)   0.0000 (  0.0%)   0.0004 (  0.0%)   0.0004 (  0.0%)  Dominator Tree Construction
   0.0003 (  0.0%)   0.0001 (  0.0%)   0.0004 (  0.0%)   0.0004 (  0.0%)  Dominator Tree Construction
   0.0003 (  0.0%)   0.0001 (  0.0%)   0.0004 (  0.0%)   0.0004 (  0.0%)  Natural Loop Information
   0.0004 (  0.0%)   0.0000 (  0.0%)   0.0004 (  0.0%)   0.0004 (  0.0%)  Scalar Evolution Analysis
   0.0003 (  0.0%)   0.0001 (  0.0%)   0.0004 (  0.0%)   0.0004 (  0.0%)  Natural Loop Information
   0.0003 (  0.0%)   0.0001 (  0.0%)   0.0004 (  0.0%)   0.0004 (  0.0%)  Dominator Tree Construction
   0.0003 (  0.0%)   0.0001 (  0.0%)   0.0004 (  0.0%)   0.0004 (  0.0%)  Scalar Evolution Analysis
   0.0003 (  0.0%)   0.0000 (  0.0%)   0.0004 (  0.0%)   0.0004 (  0.0%)  Canonicalize natural loops
   0.0004 (  0.0%)   0.0000 (  0.0%)   0.0004 (  0.0%)   0.0004 (  0.0%)  Dominator Tree Construction
   0.0004 (  0.0%)   0.0000 (  0.0%)   0.0004 (  0.0%)   0.0004 (  0.0%)  Scalar Evolution Analysis
   0.0003 (  0.0%)   0.0001 (  0.0%)   0.0004 (  0.0%)   0.0004 (  0.0%)  Natural Loop Information
   0.0003 (  0.0%)   0.0001 (  0.0%)   0.0004 (  0.0%)   0.0004 (  0.0%)  Eliminate pointer selection
   0.0003 (  0.0%)   0.0001 (  0.0%)   0.0004 (  0.0%)   0.0004 (  0.0%)  Scalar Evolution Analysis
   0.0004 (  0.0%)   0.0000 (  0.0%)   0.0004 (  0.0%)   0.0004 (  0.0%)  Natural Loop Information
   0.0004 (  0.0%)   0.0000 (  0.0%)   0.0004 (  0.0%)   0.0004 (  0.0%)  Scalar Evolution Analysis
   0.0004 (  0.0%)   0.0000 (  0.0%)   0.0004 (  0.0%)   0.0004 (  0.0%)  Scalar Evolution Analysis
   0.0004 (  0.0%)   0.0000 (  0.0%)   0.0004 (  0.0%)   0.0004 (  0.0%)  Natural Loop Information
   0.0003 (  0.0%)   0.0001 (  0.0%)   0.0004 (  0.0%)   0.0004 (  0.0%)  Natural Loop Information
   0.0004 (  0.0%)   0.0000 (  0.0%)   0.0004 (  0.0%)   0.0004 (  0.0%)  Natural Loop Information
   0.0003 (  0.0%)   0.0001 (  0.0%)   0.0004 (  0.0%)   0.0004 (  0.0%)  Natural Loop Information
   0.0004 (  0.0%)   0.0000 (  0.0%)   0.0004 (  0.0%)   0.0004 (  0.0%)  Natural Loop Information
   0.0003 (  0.0%)   0.0001 (  0.0%)   0.0004 (  0.0%)   0.0004 (  0.0%)  Dominator Tree Construction
   0.0004 (  0.0%)   0.0000 (  0.0%)   0.0004 (  0.0%)   0.0004 (  0.0%)  Scalar Evolution Analysis
   0.0004 (  0.0%)   0.0000 (  0.0%)   0.0004 (  0.0%)   0.0004 (  0.0%)  Scalar Evolution Analysis
   0.0004 (  0.0%)   0.0000 (  0.0%)   0.0004 (  0.0%)   0.0004 (  0.0%)  Dominator Tree Construction
   0.0003 (  0.0%)   0.0001 (  0.0%)   0.0004 (  0.0%)   0.0004 (  0.0%)  Dominator Tree Construction
   0.0002 (  0.0%)   0.0002 (  0.0%)   0.0004 (  0.0%)   0.0004 (  0.0%)  Scalar Evolution Analysis
   0.0003 (  0.0%)   0.0001 (  0.0%)   0.0004 (  0.0%)   0.0004 (  0.0%)  Dominator Tree Construction
   0.0004 (  0.0%)   0.0000 (  0.0%)   0.0004 (  0.0%)   0.0004 (  0.0%)  Natural Loop Information
   0.0000 (  0.0%)   0.0003 (  0.0%)   0.0004 (  0.0%)   0.0004 (  0.0%)  Scalar Evolution Analysis
   0.0004 (  0.0%)   0.0000 (  0.0%)   0.0004 (  0.0%)   0.0004 (  0.0%)  Natural Loop Information
   0.0004 (  0.0%)   0.0000 (  0.0%)   0.0004 (  0.0%)   0.0004 (  0.0%)  Natural Loop Information
   0.0004 (  0.0%)   0.0000 (  0.0%)   0.0004 (  0.0%)   0.0004 (  0.0%)  Dominator Tree Construction
   0.0004 (  0.0%)   0.0000 (  0.0%)   0.0004 (  0.0%)   0.0004 (  0.0%)  Natural Loop Information
   0.0004 (  0.0%)   0.0000 (  0.0%)   0.0004 (  0.0%)   0.0004 (  0.0%)  Natural Loop Information
   0.0004 (  0.0%)   0.0000 (  0.0%)   0.0004 (  0.0%)   0.0004 (  0.0%)  Scalar Evolution Analysis
   0.0003 (  0.0%)   0.0000 (  0.0%)   0.0004 (  0.0%)   0.0004 (  0.0%)  Natural Loop Information
   0.0003 (  0.0%)   0.0001 (  0.0%)   0.0004 (  0.0%)   0.0004 (  0.0%)  Dominator Tree Construction
   0.0004 (  0.0%)   0.0000 (  0.0%)   0.0004 (  0.0%)   0.0004 (  0.0%)  Natural Loop Information
   0.0004 (  0.0%)   0.0000 (  0.0%)   0.0004 (  0.0%)   0.0004 (  0.0%)  LayoutTransform - Layout Transform Pragma Analysis
   0.0004 (  0.0%)   0.0000 (  0.0%)   0.0004 (  0.0%)   0.0004 (  0.0%)  Natural Loop Information
   0.0003 (  0.0%)   0.0000 (  0.0%)   0.0004 (  0.0%)   0.0004 (  0.0%)  Natural Loop Information
   0.0004 (  0.0%)   0.0000 (  0.0%)   0.0004 (  0.0%)   0.0004 (  0.0%)  Natural Loop Information
   0.0003 (  0.0%)   0.0001 (  0.0%)   0.0004 (  0.0%)   0.0004 (  0.0%)  Natural Loop Information
   0.0004 (  0.0%)   0.0000 (  0.0%)   0.0004 (  0.0%)   0.0004 (  0.0%)  Scalar Evolution Analysis
   0.0003 (  0.0%)   0.0001 (  0.0%)   0.0004 (  0.0%)   0.0004 (  0.0%)  Scalar Evolution Analysis
   0.0004 (  0.0%)   0.0000 (  0.0%)   0.0004 (  0.0%)   0.0004 (  0.0%)  Struct object aggregation
   0.0004 (  0.0%)   0.0000 (  0.0%)   0.0004 (  0.0%)   0.0004 (  0.0%)  Scalar Evolution Analysis
   0.0004 (  0.0%)   0.0000 (  0.0%)   0.0004 (  0.0%)   0.0004 (  0.0%)  Natural Loop Information
   0.0004 (  0.0%)   0.0000 (  0.0%)   0.0004 (  0.0%)   0.0004 (  0.0%)  Dominator Tree Construction
   0.0003 (  0.0%)   0.0001 (  0.0%)   0.0004 (  0.0%)   0.0004 (  0.0%)  Dominator Tree Construction
   0.0003 (  0.0%)   0.0001 (  0.0%)   0.0004 (  0.0%)   0.0004 (  0.0%)  Scalar Evolution Analysis
   0.0004 (  0.0%)   0.0000 (  0.0%)   0.0004 (  0.0%)   0.0004 (  0.0%)  Natural Loop Information
   0.0004 (  0.0%)   0.0000 (  0.0%)   0.0004 (  0.0%)   0.0004 (  0.0%)  Scalar Evolution Analysis
   0.0003 (  0.0%)   0.0000 (  0.0%)   0.0004 (  0.0%)   0.0004 (  0.0%)  Natural Loop Information
   0.0004 (  0.0%)   0.0000 (  0.0%)   0.0004 (  0.0%)   0.0004 (  0.0%)  Natural Loop Information
   0.0004 (  0.0%)   0.0000 (  0.0%)   0.0004 (  0.0%)   0.0004 (  0.0%)  Natural Loop Information
   0.0004 (  0.0%)   0.0000 (  0.0%)   0.0004 (  0.0%)   0.0004 (  0.0%)  Scalar Evolution Analysis
   0.0003 (  0.0%)   0.0000 (  0.0%)   0.0004 (  0.0%)   0.0004 (  0.0%)  Dominator Tree Construction
   0.0004 (  0.0%)   0.0000 (  0.0%)   0.0004 (  0.0%)   0.0004 (  0.0%)  Scalar Evolution Analysis
   0.0003 (  0.0%)   0.0000 (  0.0%)   0.0004 (  0.0%)   0.0004 (  0.0%)  Natural Loop Information
   0.0004 (  0.0%)   0.0000 (  0.0%)   0.0004 (  0.0%)   0.0004 (  0.0%)  Scalar Evolution Analysis
   0.0004 (  0.0%)   0.0000 (  0.0%)   0.0004 (  0.0%)   0.0004 (  0.0%)  Scalar Evolution Analysis
   0.0004 (  0.0%)   0.0000 (  0.0%)   0.0004 (  0.0%)   0.0004 (  0.0%)  Resolve full load/store
   0.0004 (  0.0%)   0.0000 (  0.0%)   0.0004 (  0.0%)   0.0004 (  0.0%)  Natural Loop Information
   0.0004 (  0.0%)   0.0000 (  0.0%)   0.0004 (  0.0%)   0.0004 (  0.0%)  CallGraph Construction
   0.0003 (  0.0%)   0.0000 (  0.0%)   0.0004 (  0.0%)   0.0004 (  0.0%)  Scalar Evolution Analysis
   0.0003 (  0.0%)   0.0000 (  0.0%)   0.0004 (  0.0%)   0.0004 (  0.0%)  Natural Loop Information
   0.0003 (  0.0%)   0.0001 (  0.0%)   0.0004 (  0.0%)   0.0004 (  0.0%)  Scalar Evolution Analysis
   0.0004 (  0.0%)   0.0000 (  0.0%)   0.0004 (  0.0%)   0.0004 (  0.0%)  Natural Loop Information
   0.0003 (  0.0%)   0.0000 (  0.0%)   0.0004 (  0.0%)   0.0004 (  0.0%)  Natural Loop Information
   0.0003 (  0.0%)   0.0001 (  0.0%)   0.0003 (  0.0%)   0.0004 (  0.0%)  Natural Loop Information
   0.0004 (  0.0%)   0.0000 (  0.0%)   0.0004 (  0.0%)   0.0004 (  0.0%)  Scalar Evolution Analysis
   0.0003 (  0.0%)   0.0000 (  0.0%)   0.0004 (  0.0%)   0.0004 (  0.0%)  Natural Loop Information
   0.0003 (  0.0%)   0.0001 (  0.0%)   0.0003 (  0.0%)   0.0004 (  0.0%)  Natural Loop Information
   0.0003 (  0.0%)   0.0001 (  0.0%)   0.0004 (  0.0%)   0.0004 (  0.0%)  Scalar Evolution Analysis
   0.0003 (  0.0%)   0.0000 (  0.0%)   0.0004 (  0.0%)   0.0004 (  0.0%)  Natural Loop Information
   0.0004 (  0.0%)   0.0000 (  0.0%)   0.0004 (  0.0%)   0.0004 (  0.0%)  CallGraph Construction
   0.0004 (  0.0%)   0.0000 (  0.0%)   0.0004 (  0.0%)   0.0004 (  0.0%)  Dominator Tree Construction
   0.0004 (  0.0%)   0.0000 (  0.0%)   0.0004 (  0.0%)   0.0004 (  0.0%)  SROA
   0.0004 (  0.0%)   0.0000 (  0.0%)   0.0004 (  0.0%)   0.0004 (  0.0%)  Scalar Evolution Analysis
   0.0004 (  0.0%)   0.0000 (  0.0%)   0.0004 (  0.0%)   0.0004 (  0.0%)  Dominator Tree Construction
   0.0003 (  0.0%)   0.0001 (  0.0%)   0.0003 (  0.0%)   0.0004 (  0.0%)  Dominator Tree Construction
   0.0003 (  0.0%)   0.0000 (  0.0%)   0.0004 (  0.0%)   0.0004 (  0.0%)  Dominator Tree Construction
   0.0002 (  0.0%)   0.0001 (  0.0%)   0.0003 (  0.0%)   0.0004 (  0.0%)  Natural Loop Information
   0.0003 (  0.0%)   0.0001 (  0.0%)   0.0004 (  0.0%)   0.0004 (  0.0%)  Dominator Tree Construction
   0.0003 (  0.0%)   0.0000 (  0.0%)   0.0004 (  0.0%)   0.0004 (  0.0%)  Scalar Evolution Analysis
   0.0004 (  0.0%)   0.0000 (  0.0%)   0.0004 (  0.0%)   0.0004 (  0.0%)  Natural Loop Information
   0.0003 (  0.0%)   0.0001 (  0.0%)   0.0004 (  0.0%)   0.0004 (  0.0%)  Eliminate dead stores globally
   0.0003 (  0.0%)   0.0000 (  0.0%)   0.0004 (  0.0%)   0.0004 (  0.0%)  Natural Loop Information
   0.0003 (  0.0%)   0.0000 (  0.0%)   0.0003 (  0.0%)   0.0004 (  0.0%)  Dominance Frontier Construction
   0.0004 (  0.0%)   0.0000 (  0.0%)   0.0004 (  0.0%)   0.0004 (  0.0%)  Natural Loop Information
   0.0004 (  0.0%)   0.0000 (  0.0%)   0.0004 (  0.0%)   0.0004 (  0.0%)  Natural Loop Information
   0.0003 (  0.0%)   0.0001 (  0.0%)   0.0003 (  0.0%)   0.0004 (  0.0%)  Natural Loop Information
   0.0002 (  0.0%)   0.0001 (  0.0%)   0.0003 (  0.0%)   0.0004 (  0.0%)  Scalar Evolution Analysis
   0.0003 (  0.0%)   0.0000 (  0.0%)   0.0003 (  0.0%)   0.0004 (  0.0%)  Reflow auto unroll loops
   0.0003 (  0.0%)   0.0000 (  0.0%)   0.0004 (  0.0%)   0.0004 (  0.0%)  Dominance Frontier Construction
   0.0003 (  0.0%)   0.0000 (  0.0%)   0.0003 (  0.0%)   0.0004 (  0.0%)  Dominator Tree Construction
   0.0003 (  0.0%)   0.0000 (  0.0%)   0.0004 (  0.0%)   0.0004 (  0.0%)  Dominator Tree Construction
   0.0004 (  0.0%)   0.0000 (  0.0%)   0.0004 (  0.0%)   0.0004 (  0.0%)  Natural Loop Information
   0.0003 (  0.0%)   0.0000 (  0.0%)   0.0004 (  0.0%)   0.0004 (  0.0%)  Scalar Evolution Analysis
   0.0002 (  0.0%)   0.0001 (  0.0%)   0.0003 (  0.0%)   0.0004 (  0.0%)  Scalar Evolution Analysis
   0.0003 (  0.0%)   0.0001 (  0.0%)   0.0003 (  0.0%)   0.0004 (  0.0%)  Scalar Evolution Analysis
   0.0003 (  0.0%)   0.0000 (  0.0%)   0.0004 (  0.0%)   0.0004 (  0.0%)  Natural Loop Information
   0.0003 (  0.0%)   0.0000 (  0.0%)   0.0003 (  0.0%)   0.0003 (  0.0%)  Dominator Tree Construction
   0.0003 (  0.0%)   0.0000 (  0.0%)   0.0003 (  0.0%)   0.0003 (  0.0%)  Scalar Evolution Analysis
   0.0003 (  0.0%)   0.0001 (  0.0%)   0.0004 (  0.0%)   0.0003 (  0.0%)  Scalar Evolution Analysis
   0.0003 (  0.0%)   0.0000 (  0.0%)   0.0003 (  0.0%)   0.0003 (  0.0%)  Scalar Evolution Analysis
   0.0003 (  0.0%)   0.0000 (  0.0%)   0.0003 (  0.0%)   0.0003 (  0.0%)  Natural Loop Information
   0.0003 (  0.0%)   0.0000 (  0.0%)   0.0003 (  0.0%)   0.0003 (  0.0%)  Natural Loop Information
   0.0003 (  0.0%)   0.0000 (  0.0%)   0.0004 (  0.0%)   0.0003 (  0.0%)  Dominator Tree Construction
   0.0003 (  0.0%)   0.0000 (  0.0%)   0.0003 (  0.0%)   0.0003 (  0.0%)  CallGraph Construction
   0.0003 (  0.0%)   0.0001 (  0.0%)   0.0004 (  0.0%)   0.0003 (  0.0%)  Natural Loop Information
   0.0002 (  0.0%)   0.0001 (  0.0%)   0.0004 (  0.0%)   0.0003 (  0.0%)  Scalar Evolution Analysis
   0.0003 (  0.0%)   0.0000 (  0.0%)   0.0003 (  0.0%)   0.0003 (  0.0%)  Natural Loop Information
   0.0003 (  0.0%)   0.0000 (  0.0%)   0.0003 (  0.0%)   0.0003 (  0.0%)  Natural Loop Information
   0.0003 (  0.0%)   0.0000 (  0.0%)   0.0003 (  0.0%)   0.0003 (  0.0%)  Infer set function attributes
   0.0003 (  0.0%)   0.0000 (  0.0%)   0.0003 (  0.0%)   0.0003 (  0.0%)  Dominator Tree Construction
   0.0003 (  0.0%)   0.0000 (  0.0%)   0.0003 (  0.0%)   0.0003 (  0.0%)  Natural Loop Information
   0.0003 (  0.0%)   0.0001 (  0.0%)   0.0004 (  0.0%)   0.0003 (  0.0%)  Scalar Evolution Analysis
   0.0004 (  0.0%)   0.0000 (  0.0%)   0.0004 (  0.0%)   0.0003 (  0.0%)  Scalar Evolution Analysis
   0.0004 (  0.0%)   0.0000 (  0.0%)   0.0004 (  0.0%)   0.0003 (  0.0%)  Natural Loop Information
   0.0003 (  0.0%)   0.0000 (  0.0%)   0.0003 (  0.0%)   0.0003 (  0.0%)  Scalar Evolution Analysis
   0.0003 (  0.0%)   0.0000 (  0.0%)   0.0003 (  0.0%)   0.0003 (  0.0%)  Natural Loop Information
   0.0003 (  0.0%)   0.0001 (  0.0%)   0.0003 (  0.0%)   0.0003 (  0.0%)  Merge accesses in the same region
   0.0003 (  0.0%)   0.0001 (  0.0%)   0.0004 (  0.0%)   0.0003 (  0.0%)  Scalar Evolution Analysis
   0.0003 (  0.0%)   0.0001 (  0.0%)   0.0003 (  0.0%)   0.0003 (  0.0%)  LayoutTransform - Layout Transform Pragma Analysis
   0.0003 (  0.0%)   0.0000 (  0.0%)   0.0003 (  0.0%)   0.0003 (  0.0%)  Natural Loop Information
   0.0002 (  0.0%)   0.0001 (  0.0%)   0.0003 (  0.0%)   0.0003 (  0.0%)  Promote Memory to Register
   0.0003 (  0.0%)   0.0000 (  0.0%)   0.0003 (  0.0%)   0.0003 (  0.0%)  Natural Loop Information
   0.0003 (  0.0%)   0.0001 (  0.0%)   0.0003 (  0.0%)   0.0003 (  0.0%)  Natural Loop Information
   0.0003 (  0.0%)   0.0000 (  0.0%)   0.0003 (  0.0%)   0.0003 (  0.0%)  Natural Loop Information
   0.0003 (  0.0%)   0.0001 (  0.0%)   0.0003 (  0.0%)   0.0003 (  0.0%)  Natural Loop Information
   0.0003 (  0.0%)   0.0001 (  0.0%)   0.0003 (  0.0%)   0.0003 (  0.0%)  Dominator Tree Construction
   0.0003 (  0.0%)   0.0000 (  0.0%)   0.0003 (  0.0%)   0.0003 (  0.0%)  Dominator Tree Construction
   0.0003 (  0.0%)   0.0000 (  0.0%)   0.0003 (  0.0%)   0.0003 (  0.0%)  Natural Loop Information
   0.0003 (  0.0%)   0.0000 (  0.0%)   0.0003 (  0.0%)   0.0003 (  0.0%)  Natural Loop Information
   0.0003 (  0.0%)   0.0000 (  0.0%)   0.0003 (  0.0%)   0.0003 (  0.0%)  Preprocessing before loop rotation
   0.0003 (  0.0%)   0.0000 (  0.0%)   0.0003 (  0.0%)   0.0003 (  0.0%)  Natural Loop Information
   0.0003 (  0.0%)   0.0000 (  0.0%)   0.0003 (  0.0%)   0.0003 (  0.0%)  Natural Loop Information
   0.0004 (  0.0%)   0.0000 (  0.0%)   0.0004 (  0.0%)   0.0003 (  0.0%)  Eliminate dead debug information intrinsic
   0.0003 (  0.0%)   0.0000 (  0.0%)   0.0003 (  0.0%)   0.0003 (  0.0%)  Scalar Evolution Analysis
   0.0003 (  0.0%)   0.0000 (  0.0%)   0.0004 (  0.0%)   0.0003 (  0.0%)  Natural Loop Information
   0.0003 (  0.0%)   0.0001 (  0.0%)   0.0003 (  0.0%)   0.0003 (  0.0%)  Scalar Evolution Analysis
   0.0003 (  0.0%)   0.0000 (  0.0%)   0.0003 (  0.0%)   0.0003 (  0.0%)  Scalar Evolution Analysis
   0.0003 (  0.0%)   0.0000 (  0.0%)   0.0003 (  0.0%)   0.0003 (  0.0%)  CallGraph Construction
   0.0003 (  0.0%)   0.0000 (  0.0%)   0.0003 (  0.0%)   0.0003 (  0.0%)  Natural Loop Information
   0.0003 (  0.0%)   0.0000 (  0.0%)   0.0003 (  0.0%)   0.0003 (  0.0%)  Natural Loop Information
   0.0003 (  0.0%)   0.0000 (  0.0%)   0.0003 (  0.0%)   0.0003 (  0.0%)  Natural Loop Information
   0.0003 (  0.0%)   0.0000 (  0.0%)   0.0003 (  0.0%)   0.0003 (  0.0%)  Dominator Tree Construction
   0.0003 (  0.0%)   0.0001 (  0.0%)   0.0003 (  0.0%)   0.0003 (  0.0%)  Natural Loop Information
   0.0003 (  0.0%)   0.0000 (  0.0%)   0.0003 (  0.0%)   0.0003 (  0.0%)  Dead Global Elimination
   0.0003 (  0.0%)   0.0000 (  0.0%)   0.0003 (  0.0%)   0.0003 (  0.0%)  Natural Loop Information
   0.0003 (  0.0%)   0.0001 (  0.0%)   0.0003 (  0.0%)   0.0003 (  0.0%)  Scalar Evolution Analysis
   0.0003 (  0.0%)   0.0001 (  0.0%)   0.0003 (  0.0%)   0.0003 (  0.0%)  Natural Loop Information
   0.0000 (  0.0%)   0.0003 (  0.0%)   0.0003 (  0.0%)   0.0003 (  0.0%)  CallGraph Construction
   0.0002 (  0.0%)   0.0001 (  0.0%)   0.0003 (  0.0%)   0.0003 (  0.0%)  Natural Loop Information
   0.0003 (  0.0%)   0.0000 (  0.0%)   0.0003 (  0.0%)   0.0003 (  0.0%)  Scalar Evolution Analysis
   0.0003 (  0.0%)   0.0000 (  0.0%)   0.0003 (  0.0%)   0.0003 (  0.0%)  Scalar Evolution Analysis
   0.0003 (  0.0%)   0.0000 (  0.0%)   0.0003 (  0.0%)   0.0003 (  0.0%)  CallGraph Construction
   0.0003 (  0.0%)   0.0001 (  0.0%)   0.0003 (  0.0%)   0.0003 (  0.0%)  Scalar Evolution Analysis
   0.0003 (  0.0%)   0.0000 (  0.0%)   0.0003 (  0.0%)   0.0003 (  0.0%)  Scalar Evolution Analysis
   0.0002 (  0.0%)   0.0001 (  0.0%)   0.0003 (  0.0%)   0.0003 (  0.0%)  Natural Loop Information
   0.0003 (  0.0%)   0.0000 (  0.0%)   0.0003 (  0.0%)   0.0003 (  0.0%)  CallGraph Construction
   0.0003 (  0.0%)   0.0000 (  0.0%)   0.0003 (  0.0%)   0.0003 (  0.0%)  Scalar Evolution Analysis
   0.0003 (  0.0%)   0.0000 (  0.0%)   0.0003 (  0.0%)   0.0003 (  0.0%)  Scalar Evolution Analysis
   0.0003 (  0.0%)   0.0000 (  0.0%)   0.0003 (  0.0%)   0.0003 (  0.0%)  Delete dead loops
   0.0003 (  0.0%)   0.0000 (  0.0%)   0.0003 (  0.0%)   0.0003 (  0.0%)  Natural Loop Information
   0.0003 (  0.0%)   0.0000 (  0.0%)   0.0003 (  0.0%)   0.0003 (  0.0%)  Natural Loop Information
   0.0003 (  0.0%)   0.0000 (  0.0%)   0.0003 (  0.0%)   0.0003 (  0.0%)  Natural Loop Information
   0.0003 (  0.0%)   0.0000 (  0.0%)   0.0003 (  0.0%)   0.0003 (  0.0%)  Scalar Evolution Analysis
   0.0003 (  0.0%)   0.0001 (  0.0%)   0.0003 (  0.0%)   0.0003 (  0.0%)  Scalar Evolution Analysis
   0.0003 (  0.0%)   0.0001 (  0.0%)   0.0003 (  0.0%)   0.0003 (  0.0%)  Natural Loop Information
   0.0002 (  0.0%)   0.0001 (  0.0%)   0.0003 (  0.0%)   0.0003 (  0.0%)  Scalar Evolution Analysis
   0.0003 (  0.0%)   0.0000 (  0.0%)   0.0003 (  0.0%)   0.0003 (  0.0%)  Natural Loop Information
   0.0003 (  0.0%)   0.0000 (  0.0%)   0.0003 (  0.0%)   0.0003 (  0.0%)  Natural Loop Information
   0.0003 (  0.0%)   0.0000 (  0.0%)   0.0003 (  0.0%)   0.0003 (  0.0%)  Natural Loop Information
   0.0003 (  0.0%)   0.0000 (  0.0%)   0.0003 (  0.0%)   0.0003 (  0.0%)  Scalar Evolution Analysis
   0.0003 (  0.0%)   0.0000 (  0.0%)   0.0003 (  0.0%)   0.0003 (  0.0%)  Natural Loop Information
   0.0003 (  0.0%)   0.0000 (  0.0%)   0.0003 (  0.0%)   0.0003 (  0.0%)  Natural Loop Information
   0.0002 (  0.0%)   0.0001 (  0.0%)   0.0003 (  0.0%)   0.0003 (  0.0%)  Natural Loop Information
   0.0003 (  0.0%)   0.0000 (  0.0%)   0.0003 (  0.0%)   0.0003 (  0.0%)  Scalar Evolution Analysis
   0.0003 (  0.0%)   0.0000 (  0.0%)   0.0003 (  0.0%)   0.0003 (  0.0%)  Scalar Evolution Analysis
   0.0003 (  0.0%)   0.0001 (  0.0%)   0.0003 (  0.0%)   0.0003 (  0.0%)  Natural Loop Information
   0.0003 (  0.0%)   0.0000 (  0.0%)   0.0003 (  0.0%)   0.0003 (  0.0%)  Scalar Evolution Analysis
   0.0003 (  0.0%)   0.0000 (  0.0%)   0.0003 (  0.0%)   0.0003 (  0.0%)  Scalar Evolution Analysis
   0.0003 (  0.0%)   0.0000 (  0.0%)   0.0003 (  0.0%)   0.0003 (  0.0%)  Scalar Evolution Analysis
   0.0003 (  0.0%)   0.0000 (  0.0%)   0.0003 (  0.0%)   0.0003 (  0.0%)  Natural Loop Information
   0.0002 (  0.0%)   0.0001 (  0.0%)   0.0003 (  0.0%)   0.0003 (  0.0%)  Natural Loop Information
   0.0003 (  0.0%)   0.0000 (  0.0%)   0.0003 (  0.0%)   0.0003 (  0.0%)  Scalar Evolution Analysis
   0.0003 (  0.0%)   0.0000 (  0.0%)   0.0003 (  0.0%)   0.0003 (  0.0%)  Scalar Evolution Analysis
   0.0003 (  0.0%)   0.0000 (  0.0%)   0.0003 (  0.0%)   0.0003 (  0.0%)  Natural Loop Information
   0.0002 (  0.0%)   0.0001 (  0.0%)   0.0003 (  0.0%)   0.0003 (  0.0%)  Scalar Evolution Analysis
   0.0002 (  0.0%)   0.0001 (  0.0%)   0.0003 (  0.0%)   0.0003 (  0.0%)  Scalar Evolution Analysis
   0.0003 (  0.0%)   0.0000 (  0.0%)   0.0003 (  0.0%)   0.0003 (  0.0%)  Scalar Evolution Analysis
   0.0003 (  0.0%)   0.0000 (  0.0%)   0.0003 (  0.0%)   0.0003 (  0.0%)  Scalar Evolution Analysis
   0.0002 (  0.0%)   0.0001 (  0.0%)   0.0003 (  0.0%)   0.0003 (  0.0%)  Scalar Evolution Analysis
   0.0003 (  0.0%)   0.0000 (  0.0%)   0.0003 (  0.0%)   0.0003 (  0.0%)  Scalar Evolution Analysis
   0.0003 (  0.0%)   0.0000 (  0.0%)   0.0003 (  0.0%)   0.0003 (  0.0%)  Scalar Evolution Analysis
   0.0003 (  0.0%)   0.0000 (  0.0%)   0.0003 (  0.0%)   0.0003 (  0.0%)  Scalar Evolution Analysis
   0.0003 (  0.0%)   0.0000 (  0.0%)   0.0003 (  0.0%)   0.0003 (  0.0%)  Scalar Evolution Analysis
   0.0003 (  0.0%)   0.0000 (  0.0%)   0.0003 (  0.0%)   0.0003 (  0.0%)  CallGraph Construction
   0.0003 (  0.0%)   0.0000 (  0.0%)   0.0003 (  0.0%)   0.0003 (  0.0%)  Scalar Evolution Analysis
   0.0003 (  0.0%)   0.0000 (  0.0%)   0.0003 (  0.0%)   0.0003 (  0.0%)  Natural Loop Information
   0.0003 (  0.0%)   0.0000 (  0.0%)   0.0003 (  0.0%)   0.0003 (  0.0%)  Dominator Tree Construction
   0.0003 (  0.0%)   0.0000 (  0.0%)   0.0003 (  0.0%)   0.0003 (  0.0%)  Scalar Evolution Analysis
   0.0003 (  0.0%)   0.0000 (  0.0%)   0.0003 (  0.0%)   0.0003 (  0.0%)  Scalar Evolution Analysis
   0.0003 (  0.0%)   0.0000 (  0.0%)   0.0003 (  0.0%)   0.0003 (  0.0%)  Scalar Evolution Analysis
   0.0003 (  0.0%)   0.0000 (  0.0%)   0.0003 (  0.0%)   0.0003 (  0.0%)  CallGraph Construction
   0.0003 (  0.0%)   0.0001 (  0.0%)   0.0003 (  0.0%)   0.0003 (  0.0%)  Scalar Evolution Analysis
   0.0003 (  0.0%)   0.0000 (  0.0%)   0.0003 (  0.0%)   0.0003 (  0.0%)  Scalar Evolution Analysis
   0.0003 (  0.0%)   0.0000 (  0.0%)   0.0003 (  0.0%)   0.0003 (  0.0%)  Scalar Evolution Analysis
   0.0002 (  0.0%)   0.0001 (  0.0%)   0.0003 (  0.0%)   0.0003 (  0.0%)  Scalar Evolution Analysis
   0.0002 (  0.0%)   0.0001 (  0.0%)   0.0003 (  0.0%)   0.0003 (  0.0%)  Natural Loop Information
   0.0003 (  0.0%)   0.0001 (  0.0%)   0.0003 (  0.0%)   0.0003 (  0.0%)  Natural Loop Information
   0.0003 (  0.0%)   0.0000 (  0.0%)   0.0003 (  0.0%)   0.0003 (  0.0%)  Scalar Evolution Analysis
   0.0003 (  0.0%)   0.0000 (  0.0%)   0.0003 (  0.0%)   0.0003 (  0.0%)  Scalar Evolution Analysis
   0.0003 (  0.0%)   0.0000 (  0.0%)   0.0003 (  0.0%)   0.0003 (  0.0%)  Natural Loop Information
   0.0003 (  0.0%)   0.0000 (  0.0%)   0.0003 (  0.0%)   0.0003 (  0.0%)  Scalar Evolution Analysis
   0.0003 (  0.0%)   0.0000 (  0.0%)   0.0003 (  0.0%)   0.0003 (  0.0%)  Scalar Evolution Analysis
   0.0000 (  0.0%)   0.0003 (  0.0%)   0.0003 (  0.0%)   0.0003 (  0.0%)  CallGraph Construction
   0.0003 (  0.0%)   0.0000 (  0.0%)   0.0003 (  0.0%)   0.0003 (  0.0%)  CallGraph Construction
   0.0003 (  0.0%)   0.0000 (  0.0%)   0.0003 (  0.0%)   0.0003 (  0.0%)  Scalar Evolution Analysis
   0.0003 (  0.0%)   0.0000 (  0.0%)   0.0003 (  0.0%)   0.0003 (  0.0%)  Scalar Evolution Analysis
   0.0003 (  0.0%)   0.0000 (  0.0%)   0.0003 (  0.0%)   0.0003 (  0.0%)  Scalar Evolution Analysis
   0.0003 (  0.0%)   0.0000 (  0.0%)   0.0003 (  0.0%)   0.0003 (  0.0%)  Natural Loop Information
   0.0002 (  0.0%)   0.0001 (  0.0%)   0.0003 (  0.0%)   0.0003 (  0.0%)  Scalar Evolution Analysis
   0.0003 (  0.0%)   0.0000 (  0.0%)   0.0003 (  0.0%)   0.0003 (  0.0%)  Scalar Evolution Analysis
   0.0003 (  0.0%)   0.0000 (  0.0%)   0.0003 (  0.0%)   0.0003 (  0.0%)  Natural Loop Information
   0.0003 (  0.0%)   0.0000 (  0.0%)   0.0003 (  0.0%)   0.0003 (  0.0%)  Scalar Evolution Analysis
   0.0002 (  0.0%)   0.0000 (  0.0%)   0.0003 (  0.0%)   0.0003 (  0.0%)  Scalar Evolution Analysis
   0.0002 (  0.0%)   0.0000 (  0.0%)   0.0003 (  0.0%)   0.0003 (  0.0%)  Scalar Evolution Analysis
   0.0002 (  0.0%)   0.0001 (  0.0%)   0.0003 (  0.0%)   0.0003 (  0.0%)  Natural Loop Information
   0.0003 (  0.0%)   0.0000 (  0.0%)   0.0003 (  0.0%)   0.0003 (  0.0%)  Scalar Evolution Analysis
   0.0002 (  0.0%)   0.0001 (  0.0%)   0.0003 (  0.0%)   0.0003 (  0.0%)  Scalar Evolution Analysis
   0.0003 (  0.0%)   0.0000 (  0.0%)   0.0003 (  0.0%)   0.0003 (  0.0%)  Scalar Evolution Analysis
   0.0003 (  0.0%)   0.0000 (  0.0%)   0.0003 (  0.0%)   0.0003 (  0.0%)  Function Alias Analysis Results
   0.0002 (  0.0%)   0.0001 (  0.0%)   0.0003 (  0.0%)   0.0003 (  0.0%)  Scalar Evolution Analysis
   0.0002 (  0.0%)   0.0001 (  0.0%)   0.0003 (  0.0%)   0.0003 (  0.0%)  Scalar Evolution Analysis
   0.0002 (  0.0%)   0.0001 (  0.0%)   0.0003 (  0.0%)   0.0003 (  0.0%)  Undecay arrays
   0.0002 (  0.0%)   0.0001 (  0.0%)   0.0003 (  0.0%)   0.0003 (  0.0%)  Scalar Evolution Analysis
   0.0002 (  0.0%)   0.0001 (  0.0%)   0.0003 (  0.0%)   0.0003 (  0.0%)  Scalar Evolution Analysis
   0.0003 (  0.0%)   0.0000 (  0.0%)   0.0003 (  0.0%)   0.0003 (  0.0%)  Scalar Evolution Analysis
   0.0003 (  0.0%)   0.0000 (  0.0%)   0.0003 (  0.0%)   0.0003 (  0.0%)  Eliminate pointer selection
   0.0003 (  0.0%)   0.0000 (  0.0%)   0.0003 (  0.0%)   0.0003 (  0.0%)  Function Alias Analysis Results
   0.0003 (  0.0%)   0.0000 (  0.0%)   0.0003 (  0.0%)   0.0003 (  0.0%)  Natural Loop Information
   0.0002 (  0.0%)   0.0001 (  0.0%)   0.0003 (  0.0%)   0.0003 (  0.0%)  Scalar Evolution Analysis
   0.0003 (  0.0%)   0.0000 (  0.0%)   0.0003 (  0.0%)   0.0003 (  0.0%)  Reduce the height of tree
   0.0003 (  0.0%)   0.0000 (  0.0%)   0.0003 (  0.0%)   0.0003 (  0.0%)  Scalar Evolution Analysis
   0.0002 (  0.0%)   0.0000 (  0.0%)   0.0003 (  0.0%)   0.0003 (  0.0%)  Scalar Evolution Analysis
   0.0003 (  0.0%)   0.0000 (  0.0%)   0.0003 (  0.0%)   0.0003 (  0.0%)  Scalar Evolution Analysis
   0.0003 (  0.0%)   0.0000 (  0.0%)   0.0003 (  0.0%)   0.0003 (  0.0%)  Scalar Evolution Analysis
   0.0003 (  0.0%)   0.0000 (  0.0%)   0.0003 (  0.0%)   0.0003 (  0.0%)  Scalar Evolution Analysis
   0.0003 (  0.0%)   0.0000 (  0.0%)   0.0003 (  0.0%)   0.0003 (  0.0%)  Scalar Evolution Analysis
   0.0002 (  0.0%)   0.0000 (  0.0%)   0.0003 (  0.0%)   0.0003 (  0.0%)  Scalar Evolution Analysis
   0.0002 (  0.0%)   0.0001 (  0.0%)   0.0003 (  0.0%)   0.0003 (  0.0%)  Scalar Evolution Analysis
   0.0002 (  0.0%)   0.0000 (  0.0%)   0.0003 (  0.0%)   0.0003 (  0.0%)  Scalar Evolution Analysis
   0.0003 (  0.0%)   0.0000 (  0.0%)   0.0003 (  0.0%)   0.0003 (  0.0%)  Scalar Evolution Analysis
   0.0003 (  0.0%)   0.0000 (  0.0%)   0.0003 (  0.0%)   0.0003 (  0.0%)  CallGraph Construction
   0.0003 (  0.0%)   0.0000 (  0.0%)   0.0003 (  0.0%)   0.0003 (  0.0%)  Scalar Evolution Analysis
   0.0003 (  0.0%)   0.0000 (  0.0%)   0.0003 (  0.0%)   0.0003 (  0.0%)  CallGraph Construction
   0.0003 (  0.0%)   0.0000 (  0.0%)   0.0003 (  0.0%)   0.0003 (  0.0%)  Scalar Evolution Analysis
   0.0002 (  0.0%)   0.0000 (  0.0%)   0.0003 (  0.0%)   0.0003 (  0.0%)  Scalar Evolution Analysis
   0.0003 (  0.0%)   0.0000 (  0.0%)   0.0003 (  0.0%)   0.0003 (  0.0%)  Scalar Evolution Analysis
   0.0002 (  0.0%)   0.0001 (  0.0%)   0.0003 (  0.0%)   0.0003 (  0.0%)  Scalar Evolution Analysis
   0.0003 (  0.0%)   0.0000 (  0.0%)   0.0003 (  0.0%)   0.0003 (  0.0%)  Scalar Evolution Analysis
   0.0002 (  0.0%)   0.0001 (  0.0%)   0.0003 (  0.0%)   0.0003 (  0.0%)  Scalar Evolution Analysis
   0.0003 (  0.0%)   0.0000 (  0.0%)   0.0003 (  0.0%)   0.0003 (  0.0%)  Scalar Evolution Analysis
   0.0002 (  0.0%)   0.0001 (  0.0%)   0.0003 (  0.0%)   0.0003 (  0.0%)  Scalar Evolution Analysis
   0.0003 (  0.0%)   0.0000 (  0.0%)   0.0003 (  0.0%)   0.0003 (  0.0%)  Scalar Evolution Analysis
   0.0002 (  0.0%)   0.0001 (  0.0%)   0.0003 (  0.0%)   0.0003 (  0.0%)  Scalar Evolution Analysis
   0.0002 (  0.0%)   0.0000 (  0.0%)   0.0003 (  0.0%)   0.0003 (  0.0%)  Scalar Evolution Analysis
   0.0002 (  0.0%)   0.0001 (  0.0%)   0.0003 (  0.0%)   0.0003 (  0.0%)  Scalar Evolution Analysis
   0.0003 (  0.0%)   0.0000 (  0.0%)   0.0003 (  0.0%)   0.0003 (  0.0%)  Scalar Evolution Analysis
   0.0002 (  0.0%)   0.0000 (  0.0%)   0.0003 (  0.0%)   0.0003 (  0.0%)  Remove unreachable basic blocks under switch
   0.0002 (  0.0%)   0.0000 (  0.0%)   0.0002 (  0.0%)   0.0003 (  0.0%)  Eliminate pointer selection
   0.0002 (  0.0%)   0.0000 (  0.0%)   0.0003 (  0.0%)   0.0003 (  0.0%)  Scalar Evolution Analysis
   0.0003 (  0.0%)   0.0000 (  0.0%)   0.0003 (  0.0%)   0.0003 (  0.0%)  Function Alias Analysis Results
   0.0002 (  0.0%)   0.0000 (  0.0%)   0.0002 (  0.0%)   0.0003 (  0.0%)  Scalar Evolution Analysis
   0.0002 (  0.0%)   0.0001 (  0.0%)   0.0003 (  0.0%)   0.0003 (  0.0%)  Scalar Evolution Analysis
   0.0003 (  0.0%)   0.0000 (  0.0%)   0.0003 (  0.0%)   0.0003 (  0.0%)  Natural Loop Information
   0.0003 (  0.0%)   0.0000 (  0.0%)   0.0003 (  0.0%)   0.0003 (  0.0%)  CallGraph Construction
   0.0002 (  0.0%)   0.0000 (  0.0%)   0.0003 (  0.0%)   0.0003 (  0.0%)  Eliminate pointer selection
   0.0002 (  0.0%)   0.0000 (  0.0%)   0.0002 (  0.0%)   0.0003 (  0.0%)  Simplify loop CFG
   0.0002 (  0.0%)   0.0000 (  0.0%)   0.0002 (  0.0%)   0.0003 (  0.0%)  Eliminate pointer selection
   0.0002 (  0.0%)   0.0001 (  0.0%)   0.0003 (  0.0%)   0.0003 (  0.0%)  Scalar Evolution Analysis
   0.0003 (  0.0%)   0.0000 (  0.0%)   0.0003 (  0.0%)   0.0003 (  0.0%)  Scalar Evolution Analysis
   0.0002 (  0.0%)   0.0000 (  0.0%)   0.0003 (  0.0%)   0.0003 (  0.0%)  Delete dead loops
   0.0002 (  0.0%)   0.0000 (  0.0%)   0.0002 (  0.0%)   0.0003 (  0.0%)  Simplify loop CFG
   0.0003 (  0.0%)   0.0000 (  0.0%)   0.0003 (  0.0%)   0.0003 (  0.0%)  Basic Alias Analysis (stateless AA impl)
   0.0002 (  0.0%)   0.0000 (  0.0%)   0.0003 (  0.0%)   0.0003 (  0.0%)  Eliminate pointer selection
   0.0003 (  0.0%)   0.0000 (  0.0%)   0.0003 (  0.0%)   0.0003 (  0.0%)  DefaultInterfaceBuilderNew - Build Default Top Interface
   0.0003 (  0.0%)   0.0000 (  0.0%)   0.0003 (  0.0%)   0.0003 (  0.0%)  InterfaceEncodingChange - Change Interface Encoding format
   0.0002 (  0.0%)   0.0000 (  0.0%)   0.0003 (  0.0%)   0.0003 (  0.0%)  Delete dead loops
   0.0003 (  0.0%)   0.0000 (  0.0%)   0.0003 (  0.0%)   0.0002 (  0.0%)  Scalar Evolution Analysis
   0.0003 (  0.0%)   0.0000 (  0.0%)   0.0003 (  0.0%)   0.0002 (  0.0%)  Function Alias Analysis Results
   0.0002 (  0.0%)   0.0000 (  0.0%)   0.0002 (  0.0%)   0.0002 (  0.0%)  Function Alias Analysis Results
   0.0002 (  0.0%)   0.0001 (  0.0%)   0.0003 (  0.0%)   0.0002 (  0.0%)  Eliminate dead debug information intrinsic
   0.0002 (  0.0%)   0.0001 (  0.0%)   0.0002 (  0.0%)   0.0002 (  0.0%)  SROA
   0.0002 (  0.0%)   0.0000 (  0.0%)   0.0002 (  0.0%)   0.0002 (  0.0%)  Eliminate pointer selection
   0.0002 (  0.0%)   0.0000 (  0.0%)   0.0002 (  0.0%)   0.0002 (  0.0%)  Eliminate dead debug information intrinsic
   0.0002 (  0.0%)   0.0000 (  0.0%)   0.0002 (  0.0%)   0.0002 (  0.0%)  Eliminate dead debug information intrinsic
   0.0002 (  0.0%)   0.0000 (  0.0%)   0.0002 (  0.0%)   0.0002 (  0.0%)  Simplify loop CFG
   0.0003 (  0.0%)   0.0000 (  0.0%)   0.0003 (  0.0%)   0.0002 (  0.0%)  Basic Alias Analysis (stateless AA impl)
   0.0002 (  0.0%)   0.0000 (  0.0%)   0.0002 (  0.0%)   0.0002 (  0.0%)  Function Alias Analysis Results
   0.0002 (  0.0%)   0.0000 (  0.0%)   0.0002 (  0.0%)   0.0002 (  0.0%)  Lazy Value Information Analysis
   0.0002 (  0.0%)   0.0000 (  0.0%)   0.0002 (  0.0%)   0.0002 (  0.0%)  LayoutTransform - Layout Transform Pragma Analysis
   0.0002 (  0.0%)   0.0000 (  0.0%)   0.0002 (  0.0%)   0.0002 (  0.0%)  Eliminate dead debug information intrinsic
   0.0002 (  0.0%)   0.0000 (  0.0%)   0.0002 (  0.0%)   0.0002 (  0.0%)  Function Alias Analysis Results
   0.0002 (  0.0%)   0.0000 (  0.0%)   0.0002 (  0.0%)   0.0002 (  0.0%)  SROA
   0.0002 (  0.0%)   0.0000 (  0.0%)   0.0002 (  0.0%)   0.0002 (  0.0%)  Eliminate dead debug information intrinsic
   0.0002 (  0.0%)   0.0000 (  0.0%)   0.0002 (  0.0%)   0.0002 (  0.0%)  Delete dead loops
   0.0001 (  0.0%)   0.0001 (  0.0%)   0.0003 (  0.0%)   0.0002 (  0.0%)  Function Alias Analysis Results
   0.0002 (  0.0%)   0.0001 (  0.0%)   0.0002 (  0.0%)   0.0002 (  0.0%)  Critical Path Aanlysis
   0.0002 (  0.0%)   0.0000 (  0.0%)   0.0002 (  0.0%)   0.0002 (  0.0%)  Eliminate dead debug information intrinsic
   0.0002 (  0.0%)   0.0000 (  0.0%)   0.0002 (  0.0%)   0.0002 (  0.0%)  Lazy Value Information Analysis
   0.0002 (  0.0%)   0.0001 (  0.0%)   0.0002 (  0.0%)   0.0002 (  0.0%)  Eliminate pointer selection
   0.0002 (  0.0%)   0.0000 (  0.0%)   0.0002 (  0.0%)   0.0002 (  0.0%)  Eliminate dead debug information intrinsic
   0.0002 (  0.0%)   0.0000 (  0.0%)   0.0002 (  0.0%)   0.0002 (  0.0%)  Eliminate dead debug information intrinsic
   0.0002 (  0.0%)   0.0001 (  0.0%)   0.0002 (  0.0%)   0.0002 (  0.0%)  Critical Path Aanlysis
   0.0002 (  0.0%)   0.0000 (  0.0%)   0.0002 (  0.0%)   0.0002 (  0.0%)  Eliminate dead debug information intrinsic
   0.0002 (  0.0%)   0.0000 (  0.0%)   0.0002 (  0.0%)   0.0002 (  0.0%)  Eliminate dead debug information intrinsic
   0.0002 (  0.0%)   0.0000 (  0.0%)   0.0002 (  0.0%)   0.0002 (  0.0%)  Eliminate dead debug information intrinsic
   0.0001 (  0.0%)   0.0001 (  0.0%)   0.0002 (  0.0%)   0.0002 (  0.0%)  Simplify loop CFG
   0.0002 (  0.0%)   0.0000 (  0.0%)   0.0002 (  0.0%)   0.0002 (  0.0%)  Eliminate dead debug information intrinsic
   0.0001 (  0.0%)   0.0001 (  0.0%)   0.0002 (  0.0%)   0.0002 (  0.0%)  Optimization Remark Emitter
   0.0002 (  0.0%)   0.0000 (  0.0%)   0.0002 (  0.0%)   0.0002 (  0.0%)  Delete dead loops
   0.0002 (  0.0%)   0.0000 (  0.0%)   0.0002 (  0.0%)   0.0002 (  0.0%)  Remove unreachable basic blocks under switch
   0.0002 (  0.0%)   0.0000 (  0.0%)   0.0002 (  0.0%)   0.0002 (  0.0%)  Eliminate dead debug information intrinsic
   0.0002 (  0.0%)   0.0000 (  0.0%)   0.0002 (  0.0%)   0.0002 (  0.0%)  Eliminate dead debug information intrinsic
   0.0002 (  0.0%)   0.0000 (  0.0%)   0.0002 (  0.0%)   0.0002 (  0.0%)  Eliminate dead debug information intrinsic
   0.0002 (  0.0%)   0.0000 (  0.0%)   0.0002 (  0.0%)   0.0002 (  0.0%)  Eliminate dead debug information intrinsic
   0.0002 (  0.0%)   0.0000 (  0.0%)   0.0002 (  0.0%)   0.0002 (  0.0%)  Eliminate dead debug information intrinsic
   0.0002 (  0.0%)   0.0000 (  0.0%)   0.0002 (  0.0%)   0.0002 (  0.0%)  Eliminate dead debug information intrinsic
   0.0002 (  0.0%)   0.0000 (  0.0%)   0.0002 (  0.0%)   0.0002 (  0.0%)  Eliminate dead debug information intrinsic
   0.0002 (  0.0%)   0.0000 (  0.0%)   0.0002 (  0.0%)   0.0002 (  0.0%)  Lazy Value Information Analysis
   0.0002 (  0.0%)   0.0000 (  0.0%)   0.0002 (  0.0%)   0.0002 (  0.0%)  LayoutTransform - Layout Transform Pragma Analysis
   0.0002 (  0.0%)   0.0000 (  0.0%)   0.0002 (  0.0%)   0.0002 (  0.0%)  Loop Access Analysis
   0.0001 (  0.0%)   0.0001 (  0.0%)   0.0002 (  0.0%)   0.0002 (  0.0%)  Lazy Value Information Analysis
   0.0002 (  0.0%)   0.0000 (  0.0%)   0.0002 (  0.0%)   0.0002 (  0.0%)  Remove unreachable basic blocks under switch
   0.0002 (  0.0%)   0.0000 (  0.0%)   0.0002 (  0.0%)   0.0002 (  0.0%)  Eliminate dead debug information intrinsic
   0.0002 (  0.0%)   0.0000 (  0.0%)   0.0002 (  0.0%)   0.0002 (  0.0%)  Eliminate dead debug information intrinsic
   0.0002 (  0.0%)   0.0000 (  0.0%)   0.0002 (  0.0%)   0.0002 (  0.0%)  Promote Memory to Register
   0.0002 (  0.0%)   0.0000 (  0.0%)   0.0002 (  0.0%)   0.0002 (  0.0%)  Eliminate dead debug information intrinsic
   0.0002 (  0.0%)   0.0000 (  0.0%)   0.0002 (  0.0%)   0.0002 (  0.0%)  Simplify loop CFG
   0.0002 (  0.0%)   0.0000 (  0.0%)   0.0002 (  0.0%)   0.0002 (  0.0%)  Eliminate dead stores globally
   0.0001 (  0.0%)   0.0000 (  0.0%)   0.0002 (  0.0%)   0.0002 (  0.0%)  Remove unreachable basic blocks under switch
   0.0002 (  0.0%)   0.0000 (  0.0%)   0.0002 (  0.0%)   0.0002 (  0.0%)  Eliminate dead debug information intrinsic
   0.0002 (  0.0%)   0.0000 (  0.0%)   0.0002 (  0.0%)   0.0002 (  0.0%)  Eliminate dead debug information intrinsic
   0.0002 (  0.0%)   0.0000 (  0.0%)   0.0002 (  0.0%)   0.0002 (  0.0%)  Generate Loops to iterate over workitems
   0.0002 (  0.0%)   0.0000 (  0.0%)   0.0002 (  0.0%)   0.0002 (  0.0%)  Infer direct input/output accesses
   0.0001 (  0.0%)   0.0001 (  0.0%)   0.0002 (  0.0%)   0.0002 (  0.0%)  Eliminate dead debug information intrinsic
   0.0002 (  0.0%)   0.0000 (  0.0%)   0.0002 (  0.0%)   0.0002 (  0.0%)  Lazy Value Information Analysis
   0.0001 (  0.0%)   0.0000 (  0.0%)   0.0002 (  0.0%)   0.0002 (  0.0%)  Eliminate dead debug information intrinsic
   0.0002 (  0.0%)   0.0000 (  0.0%)   0.0002 (  0.0%)   0.0002 (  0.0%)  Lazy Value Information Analysis
   0.0002 (  0.0%)   0.0000 (  0.0%)   0.0002 (  0.0%)   0.0002 (  0.0%)  Basic Alias Analysis (stateless AA impl)
   0.0000 (  0.0%)   0.0002 (  0.0%)   0.0002 (  0.0%)   0.0002 (  0.0%)  LayoutTransform - Layout Transform Pragma Analysis
   0.0002 (  0.0%)   0.0000 (  0.0%)   0.0002 (  0.0%)   0.0002 (  0.0%)  Critical Path Aanlysis
   0.0002 (  0.0%)   0.0000 (  0.0%)   0.0002 (  0.0%)   0.0002 (  0.0%)  Remove unreachable basic blocks under switch
   0.0002 (  0.0%)   0.0000 (  0.0%)   0.0002 (  0.0%)   0.0002 (  0.0%)  Remove unreachable basic blocks under switch
   0.0001 (  0.0%)   0.0000 (  0.0%)   0.0002 (  0.0%)   0.0002 (  0.0%)  Remove unreachable basic blocks under switch
   0.0002 (  0.0%)   0.0000 (  0.0%)   0.0002 (  0.0%)   0.0002 (  0.0%)  Eliminate dead debug information intrinsic
   0.0002 (  0.0%)   0.0000 (  0.0%)   0.0002 (  0.0%)   0.0002 (  0.0%)  LegalizeName - Check interface name in terms of HDL syntax
   0.0002 (  0.0%)   0.0000 (  0.0%)   0.0002 (  0.0%)   0.0002 (  0.0%)  Simplify loop CFG
   0.0002 (  0.0%)   0.0000 (  0.0%)   0.0002 (  0.0%)   0.0002 (  0.0%)  Eliminate dead stores globally
   0.0002 (  0.0%)   0.0000 (  0.0%)   0.0002 (  0.0%)   0.0002 (  0.0%)  SimplifyPredicate - Simplify predicate
   0.0002 (  0.0%)   0.0000 (  0.0%)   0.0002 (  0.0%)   0.0002 (  0.0%)  Critical Path Aanlysis
   0.0001 (  0.0%)   0.0000 (  0.0%)   0.0002 (  0.0%)   0.0002 (  0.0%)  Lazy Value Information Analysis
   0.0002 (  0.0%)   0.0000 (  0.0%)   0.0002 (  0.0%)   0.0002 (  0.0%)  Eliminate dead debug information intrinsic
   0.0002 (  0.0%)   0.0000 (  0.0%)   0.0002 (  0.0%)   0.0002 (  0.0%)  Basic Alias Analysis (stateless AA impl)
   0.0002 (  0.0%)   0.0000 (  0.0%)   0.0002 (  0.0%)   0.0002 (  0.0%)  Remove unreachable basic blocks under switch
   0.0002 (  0.0%)   0.0000 (  0.0%)   0.0002 (  0.0%)   0.0002 (  0.0%)  Lazy Value Information Analysis
   0.0002 (  0.0%)   0.0000 (  0.0%)   0.0002 (  0.0%)   0.0002 (  0.0%)  Remove unreachable basic blocks under switch
   0.0001 (  0.0%)   0.0001 (  0.0%)   0.0002 (  0.0%)   0.0002 (  0.0%)  Remove unreachable basic blocks under switch
   0.0001 (  0.0%)   0.0000 (  0.0%)   0.0001 (  0.0%)   0.0002 (  0.0%)  Lazy Value Information Analysis
   0.0002 (  0.0%)   0.0000 (  0.0%)   0.0002 (  0.0%)   0.0002 (  0.0%)  Lazy Value Information Analysis
   0.0001 (  0.0%)   0.0000 (  0.0%)   0.0002 (  0.0%)   0.0002 (  0.0%)  Lazy Value Information Analysis
   0.0002 (  0.0%)   0.0000 (  0.0%)   0.0002 (  0.0%)   0.0002 (  0.0%)  Remove unreachable basic blocks under switch
   0.0001 (  0.0%)   0.0000 (  0.0%)   0.0002 (  0.0%)   0.0002 (  0.0%)  Lazy Value Information Analysis
   0.0002 (  0.0%)   0.0000 (  0.0%)   0.0002 (  0.0%)   0.0002 (  0.0%)  Lazy Value Information Analysis
   0.0002 (  0.0%)   0.0000 (  0.0%)   0.0002 (  0.0%)   0.0002 (  0.0%)  Remove unreachable basic blocks under switch
   0.0002 (  0.0%)   0.0000 (  0.0%)   0.0002 (  0.0%)   0.0002 (  0.0%)  Lazy Value Information Analysis
   0.0002 (  0.0%)   0.0000 (  0.0%)   0.0002 (  0.0%)   0.0002 (  0.0%)  Lazy Value Information Analysis
   0.0002 (  0.0%)   0.0000 (  0.0%)   0.0002 (  0.0%)   0.0002 (  0.0%)  Promote Memory to Register
   0.0001 (  0.0%)   0.0000 (  0.0%)   0.0002 (  0.0%)   0.0002 (  0.0%)  Remove unreachable basic blocks under switch
   0.0002 (  0.0%)   0.0000 (  0.0%)   0.0002 (  0.0%)   0.0002 (  0.0%)  SimplifyPredicate - Simplify predicate
   0.0002 (  0.0%)   0.0000 (  0.0%)   0.0002 (  0.0%)   0.0002 (  0.0%)  Lazy Value Information Analysis
   0.0002 (  0.0%)   0.0000 (  0.0%)   0.0002 (  0.0%)   0.0002 (  0.0%)  Lazy Value Information Analysis
   0.0002 (  0.0%)   0.0000 (  0.0%)   0.0002 (  0.0%)   0.0002 (  0.0%)  Lazy Value Information Analysis
   0.0002 (  0.0%)   0.0000 (  0.0%)   0.0002 (  0.0%)   0.0002 (  0.0%)  Lazy Value Information Analysis
   0.0001 (  0.0%)   0.0000 (  0.0%)   0.0002 (  0.0%)   0.0002 (  0.0%)  Remove unreachable basic blocks under switch
   0.0001 (  0.0%)   0.0000 (  0.0%)   0.0002 (  0.0%)   0.0002 (  0.0%)  Lazy Value Information Analysis
   0.0002 (  0.0%)   0.0000 (  0.0%)   0.0002 (  0.0%)   0.0002 (  0.0%)  Remove unreachable basic blocks under switch
   0.0002 (  0.0%)   0.0000 (  0.0%)   0.0002 (  0.0%)   0.0002 (  0.0%)  Remove unreachable basic blocks under switch
   0.0001 (  0.0%)   0.0000 (  0.0%)   0.0002 (  0.0%)   0.0002 (  0.0%)  Remove unreachable basic blocks under switch
   0.0001 (  0.0%)   0.0000 (  0.0%)   0.0002 (  0.0%)   0.0002 (  0.0%)  Lazy Value Information Analysis
   0.0002 (  0.0%)   0.0000 (  0.0%)   0.0002 (  0.0%)   0.0002 (  0.0%)  Lazy Value Information Analysis
   0.0002 (  0.0%)   0.0000 (  0.0%)   0.0002 (  0.0%)   0.0002 (  0.0%)  Lazy Value Information Analysis
   0.0002 (  0.0%)   0.0000 (  0.0%)   0.0002 (  0.0%)   0.0002 (  0.0%)  Basic Alias Analysis (stateless AA impl)
   0.0001 (  0.0%)   0.0000 (  0.0%)   0.0002 (  0.0%)   0.0002 (  0.0%)  Remove unreachable basic blocks under switch
   0.0002 (  0.0%)   0.0000 (  0.0%)   0.0002 (  0.0%)   0.0002 (  0.0%)  Lazy Value Information Analysis
   0.0002 (  0.0%)   0.0000 (  0.0%)   0.0002 (  0.0%)   0.0002 (  0.0%)  ProduceBurstMessages - Produce Burst Messages
   0.0001 (  0.0%)   0.0000 (  0.0%)   0.0002 (  0.0%)   0.0002 (  0.0%)  Eliminate pointer selection for FIFO
   0.0002 (  0.0%)   0.0000 (  0.0%)   0.0002 (  0.0%)   0.0002 (  0.0%)  Basic Alias Analysis (stateless AA impl)
   0.0002 (  0.0%)   0.0000 (  0.0%)   0.0002 (  0.0%)   0.0002 (  0.0%)  Basic Alias Analysis (stateless AA impl)
   0.0002 (  0.0%)   0.0000 (  0.0%)   0.0002 (  0.0%)   0.0002 (  0.0%)  Scalarize vector operations
   0.0001 (  0.0%)   0.0000 (  0.0%)   0.0001 (  0.0%)   0.0002 (  0.0%)  Basic Alias Analysis (stateless AA impl)
   0.0001 (  0.0%)   0.0001 (  0.0%)   0.0001 (  0.0%)   0.0002 (  0.0%)  Basic Alias Analysis (stateless AA impl)
   0.0001 (  0.0%)   0.0000 (  0.0%)   0.0001 (  0.0%)   0.0002 (  0.0%)  Remove unreachable basic blocks under switch
   0.0001 (  0.0%)   0.0000 (  0.0%)   0.0001 (  0.0%)   0.0002 (  0.0%)  Function Alias Analysis Results
   0.0001 (  0.0%)   0.0000 (  0.0%)   0.0002 (  0.0%)   0.0002 (  0.0%)  Remove unreachable basic blocks under switch
   0.0001 (  0.0%)   0.0000 (  0.0%)   0.0001 (  0.0%)   0.0002 (  0.0%)  LCSSA Verifier
   0.0002 (  0.0%)   0.0000 (  0.0%)   0.0002 (  0.0%)   0.0002 (  0.0%)  Dependence Analysis
   0.0001 (  0.0%)   0.0000 (  0.0%)   0.0002 (  0.0%)   0.0002 (  0.0%)  Remove unreachable basic blocks under switch
   0.0001 (  0.0%)   0.0000 (  0.0%)   0.0001 (  0.0%)   0.0001 (  0.0%)  Remove unreachable basic blocks under switch
   0.0001 (  0.0%)   0.0000 (  0.0%)   0.0001 (  0.0%)   0.0001 (  0.0%)  LCSSA Verifier
   0.0001 (  0.0%)   0.0000 (  0.0%)   0.0001 (  0.0%)   0.0001 (  0.0%)  Basic Alias Analysis (stateless AA impl)
   0.0001 (  0.0%)   0.0001 (  0.0%)   0.0001 (  0.0%)   0.0001 (  0.0%)  SeqAccessesInference - Infer Sequential accesses for HLS C/C++
   0.0001 (  0.0%)   0.0000 (  0.0%)   0.0001 (  0.0%)   0.0001 (  0.0%)  DeSPMD - Insert barriers into uniform loops
   0.0001 (  0.0%)   0.0000 (  0.0%)   0.0001 (  0.0%)   0.0001 (  0.0%)  Memory Dependence Analysis
   0.0001 (  0.0%)   0.0000 (  0.0%)   0.0001 (  0.0%)   0.0001 (  0.0%)  Scalar Evolution Canonicalization
   0.0001 (  0.0%)   0.0000 (  0.0%)   0.0001 (  0.0%)   0.0001 (  0.0%)  Promote Memory to Register
   0.0001 (  0.0%)   0.0000 (  0.0%)   0.0001 (  0.0%)   0.0001 (  0.0%)  InterfaceCheck - Check Interface
   0.0001 (  0.0%)   0.0000 (  0.0%)   0.0001 (  0.0%)   0.0001 (  0.0%)  Memory Dependence Analysis
   0.0002 (  0.0%)   0.0000 (  0.0%)   0.0002 (  0.0%)   0.0001 (  0.0%)  Dependence Analysis
   0.0001 (  0.0%)   0.0000 (  0.0%)   0.0001 (  0.0%)   0.0001 (  0.0%)  Promote Memory to Register
   0.0001 (  0.0%)   0.0000 (  0.0%)   0.0001 (  0.0%)   0.0001 (  0.0%)  Memory Dependence Analysis
   0.0001 (  0.0%)   0.0000 (  0.0%)   0.0001 (  0.0%)   0.0001 (  0.0%)  Lazy Value Information Analysis
   0.0001 (  0.0%)   0.0001 (  0.0%)   0.0001 (  0.0%)   0.0001 (  0.0%)  LCSSA Verifier
   0.0001 (  0.0%)   0.0000 (  0.0%)   0.0001 (  0.0%)   0.0001 (  0.0%)  LCSSA Verifier
   0.0001 (  0.0%)   0.0000 (  0.0%)   0.0001 (  0.0%)   0.0001 (  0.0%)  Memory Dependence Analysis
   0.0001 (  0.0%)   0.0000 (  0.0%)   0.0001 (  0.0%)   0.0001 (  0.0%)  LCSSA Verifier
   0.0001 (  0.0%)   0.0000 (  0.0%)   0.0001 (  0.0%)   0.0001 (  0.0%)  Memory Dependence Analysis
   0.0001 (  0.0%)   0.0000 (  0.0%)   0.0001 (  0.0%)   0.0001 (  0.0%)  Memory Dependence Analysis
   0.0001 (  0.0%)   0.0000 (  0.0%)   0.0001 (  0.0%)   0.0001 (  0.0%)  Memory Dependence Analysis
   0.0001 (  0.0%)   0.0000 (  0.0%)   0.0001 (  0.0%)   0.0001 (  0.0%)  LCSSA Verifier
   0.0001 (  0.0%)   0.0000 (  0.0%)   0.0001 (  0.0%)   0.0001 (  0.0%)  Lazy Value Information Analysis
   0.0001 (  0.0%)   0.0000 (  0.0%)   0.0001 (  0.0%)   0.0001 (  0.0%)  Promote Memory to Register
   0.0001 (  0.0%)   0.0000 (  0.0%)   0.0001 (  0.0%)   0.0001 (  0.0%)  Lazy Value Information Analysis
   0.0001 (  0.0%)   0.0000 (  0.0%)   0.0001 (  0.0%)   0.0001 (  0.0%)  LCSSA Verifier
   0.0001 (  0.0%)   0.0000 (  0.0%)   0.0001 (  0.0%)   0.0001 (  0.0%)  Basic Alias Analysis (stateless AA impl)
   0.0001 (  0.0%)   0.0000 (  0.0%)   0.0001 (  0.0%)   0.0001 (  0.0%)  Memory Dependence Analysis
   0.0001 (  0.0%)   0.0000 (  0.0%)   0.0001 (  0.0%)   0.0001 (  0.0%)  LCSSA Verifier
   0.0001 (  0.0%)   0.0000 (  0.0%)   0.0001 (  0.0%)   0.0001 (  0.0%)  Unify function exit nodes
   0.0001 (  0.0%)   0.0000 (  0.0%)   0.0001 (  0.0%)   0.0001 (  0.0%)  Memory Dependence Analysis
   0.0001 (  0.0%)   0.0000 (  0.0%)   0.0001 (  0.0%)   0.0001 (  0.0%)  SPIRUpdateIntrRange - Update SPIR Intrinsics Metadata
   0.0001 (  0.0%)   0.0000 (  0.0%)   0.0001 (  0.0%)   0.0001 (  0.0%)  Entirety access check on array-to-stream
   0.0001 (  0.0%)   0.0001 (  0.0%)   0.0001 (  0.0%)   0.0001 (  0.0%)  LCSSA Verifier
   0.0001 (  0.0%)   0.0000 (  0.0%)   0.0001 (  0.0%)   0.0001 (  0.0%)  Basic Alias Analysis (stateless AA impl)
   0.0001 (  0.0%)   0.0000 (  0.0%)   0.0001 (  0.0%)   0.0001 (  0.0%)  Memory Dependence Analysis
   0.0001 (  0.0%)   0.0000 (  0.0%)   0.0001 (  0.0%)   0.0001 (  0.0%)  Memory Dependence Analysis
   0.0001 (  0.0%)   0.0000 (  0.0%)   0.0002 (  0.0%)   0.0001 (  0.0%)  Basic Alias Analysis (stateless AA impl)
   0.0001 (  0.0%)   0.0000 (  0.0%)   0.0001 (  0.0%)   0.0001 (  0.0%)  LCSSA Verifier
   0.0001 (  0.0%)   0.0000 (  0.0%)   0.0001 (  0.0%)   0.0001 (  0.0%)  LCSSA Verifier
   0.0001 (  0.0%)   0.0000 (  0.0%)   0.0001 (  0.0%)   0.0001 (  0.0%)  Basic Alias Analysis (stateless AA impl)
   0.0001 (  0.0%)   0.0000 (  0.0%)   0.0001 (  0.0%)   0.0001 (  0.0%)  Memory Dependence Analysis
   0.0001 (  0.0%)   0.0000 (  0.0%)   0.0001 (  0.0%)   0.0001 (  0.0%)  Memory Dependence Analysis
   0.0001 (  0.0%)   0.0000 (  0.0%)   0.0001 (  0.0%)   0.0001 (  0.0%)  LCSSA Verifier
   0.0001 (  0.0%)   0.0000 (  0.0%)   0.0001 (  0.0%)   0.0001 (  0.0%)  Memory Dependence Analysis
   0.0001 (  0.0%)   0.0000 (  0.0%)   0.0001 (  0.0%)   0.0001 (  0.0%)  Memory Dependence Analysis
   0.0001 (  0.0%)   0.0000 (  0.0%)   0.0001 (  0.0%)   0.0001 (  0.0%)  Memory Dependence Analysis
   0.0001 (  0.0%)   0.0000 (  0.0%)   0.0001 (  0.0%)   0.0001 (  0.0%)  Lazy Branch Probability Analysis
   0.0001 (  0.0%)   0.0000 (  0.0%)   0.0001 (  0.0%)   0.0001 (  0.0%)  Basic Alias Analysis (stateless AA impl)
   0.0001 (  0.0%)   0.0000 (  0.0%)   0.0001 (  0.0%)   0.0001 (  0.0%)  Lazy Branch Probability Analysis
   0.0001 (  0.0%)   0.0000 (  0.0%)   0.0001 (  0.0%)   0.0001 (  0.0%)  Memory Dependence Analysis
   0.0001 (  0.0%)   0.0000 (  0.0%)   0.0001 (  0.0%)   0.0001 (  0.0%)  Promote Memory to Register
   0.0001 (  0.0%)   0.0000 (  0.0%)   0.0001 (  0.0%)   0.0001 (  0.0%)  Optimization Remark Emitter
   0.0001 (  0.0%)   0.0000 (  0.0%)   0.0001 (  0.0%)   0.0001 (  0.0%)  Lazy Value Information Analysis
   0.0001 (  0.0%)   0.0000 (  0.0%)   0.0001 (  0.0%)   0.0001 (  0.0%)  Basic Alias Analysis (stateless AA impl)
   0.0001 (  0.0%)   0.0000 (  0.0%)   0.0001 (  0.0%)   0.0001 (  0.0%)  Basic Alias Analysis (stateless AA impl)
   0.0001 (  0.0%)   0.0000 (  0.0%)   0.0001 (  0.0%)   0.0001 (  0.0%)  Lazy Value Information Analysis
   0.0001 (  0.0%)   0.0000 (  0.0%)   0.0001 (  0.0%)   0.0001 (  0.0%)  Memory Dependence Analysis
   0.0001 (  0.0%)   0.0000 (  0.0%)   0.0001 (  0.0%)   0.0001 (  0.0%)  Lazy Branch Probability Analysis
   0.0001 (  0.0%)   0.0000 (  0.0%)   0.0001 (  0.0%)   0.0001 (  0.0%)  Memory Dependence Analysis
   0.0001 (  0.0%)   0.0000 (  0.0%)   0.0001 (  0.0%)   0.0001 (  0.0%)  Promote Memory to Register
   0.0001 (  0.0%)   0.0000 (  0.0%)   0.0001 (  0.0%)   0.0001 (  0.0%)  Optimization Remark Emitter
   0.0001 (  0.0%)   0.0000 (  0.0%)   0.0001 (  0.0%)   0.0001 (  0.0%)  Scalar Evolution Canonicalization
   0.0001 (  0.0%)   0.0000 (  0.0%)   0.0001 (  0.0%)   0.0001 (  0.0%)  Memory Dependence Analysis
   0.0001 (  0.0%)   0.0000 (  0.0%)   0.0001 (  0.0%)   0.0001 (  0.0%)  Lazy Branch Probability Analysis
   0.0001 (  0.0%)   0.0000 (  0.0%)   0.0001 (  0.0%)   0.0001 (  0.0%)  Memory Dependence Analysis
   0.0001 (  0.0%)   0.0000 (  0.0%)   0.0001 (  0.0%)   0.0001 (  0.0%)  Basic Alias Analysis (stateless AA impl)
   0.0001 (  0.0%)   0.0000 (  0.0%)   0.0001 (  0.0%)   0.0001 (  0.0%)  Basic Alias Analysis (stateless AA impl)
   0.0001 (  0.0%)   0.0000 (  0.0%)   0.0001 (  0.0%)   0.0001 (  0.0%)  Memory Dependence Analysis
   0.0001 (  0.0%)   0.0000 (  0.0%)   0.0001 (  0.0%)   0.0001 (  0.0%)  Lazy Branch Probability Analysis
   0.0001 (  0.0%)   0.0000 (  0.0%)   0.0001 (  0.0%)   0.0001 (  0.0%)  Basic Alias Analysis (stateless AA impl)
   0.0001 (  0.0%)   0.0000 (  0.0%)   0.0001 (  0.0%)   0.0001 (  0.0%)  Lazy Value Information Analysis
   0.0001 (  0.0%)   0.0000 (  0.0%)   0.0001 (  0.0%)   0.0001 (  0.0%)  Basic Alias Analysis (stateless AA impl)
   0.0001 (  0.0%)   0.0000 (  0.0%)   0.0001 (  0.0%)   0.0001 (  0.0%)  Memory Dependence Analysis
   0.0001 (  0.0%)   0.0000 (  0.0%)   0.0001 (  0.0%)   0.0001 (  0.0%)  Memory Dependence Analysis
   0.0001 (  0.0%)   0.0000 (  0.0%)   0.0001 (  0.0%)   0.0001 (  0.0%)  Memory Dependence Analysis
   0.0001 (  0.0%)   0.0000 (  0.0%)   0.0001 (  0.0%)   0.0001 (  0.0%)  Memory Dependence Analysis
   0.0001 (  0.0%)   0.0000 (  0.0%)   0.0001 (  0.0%)   0.0001 (  0.0%)  Memory Dependence Analysis
   0.0001 (  0.0%)   0.0000 (  0.0%)   0.0001 (  0.0%)   0.0001 (  0.0%)  Memory Dependence Analysis
   0.0001 (  0.0%)   0.0000 (  0.0%)   0.0001 (  0.0%)   0.0001 (  0.0%)  Basic Alias Analysis (stateless AA impl)
   0.0001 (  0.0%)   0.0000 (  0.0%)   0.0001 (  0.0%)   0.0001 (  0.0%)  Memory Dependence Analysis
   0.0001 (  0.0%)   0.0000 (  0.0%)   0.0001 (  0.0%)   0.0001 (  0.0%)  Memory Dependence Analysis
   0.0001 (  0.0%)   0.0000 (  0.0%)   0.0001 (  0.0%)   0.0001 (  0.0%)  ScalarEvolution-based Alias Analysis
   0.0001 (  0.0%)   0.0000 (  0.0%)   0.0001 (  0.0%)   0.0001 (  0.0%)  Memory Dependence Analysis
   0.0001 (  0.0%)   0.0000 (  0.0%)   0.0001 (  0.0%)   0.0001 (  0.0%)  Memory Dependence Analysis
   0.0001 (  0.0%)   0.0000 (  0.0%)   0.0001 (  0.0%)   0.0001 (  0.0%)  ScalarEvolution-based Alias Analysis
   0.0001 (  0.0%)   0.0000 (  0.0%)   0.0001 (  0.0%)   0.0001 (  0.0%)  Lazy Branch Probability Analysis
   0.0001 (  0.0%)   0.0000 (  0.0%)   0.0001 (  0.0%)   0.0001 (  0.0%)  Memory Dependence Analysis
   0.0001 (  0.0%)   0.0000 (  0.0%)   0.0001 (  0.0%)   0.0001 (  0.0%)  Optimization Remark Emitter
   0.0001 (  0.0%)   0.0000 (  0.0%)   0.0001 (  0.0%)   0.0001 (  0.0%)  Memory Dependence Analysis
   0.0001 (  0.0%)   0.0000 (  0.0%)   0.0001 (  0.0%)   0.0001 (  0.0%)  Scalar Evolution Canonicalization
   0.0001 (  0.0%)   0.0000 (  0.0%)   0.0001 (  0.0%)   0.0001 (  0.0%)  Lazy Value Information Analysis
   0.0001 (  0.0%)   0.0000 (  0.0%)   0.0001 (  0.0%)   0.0001 (  0.0%)  Optimization Remark Emitter
   0.0001 (  0.0%)   0.0000 (  0.0%)   0.0001 (  0.0%)   0.0001 (  0.0%)  Memory Dependence Analysis
   0.0001 (  0.0%)   0.0000 (  0.0%)   0.0001 (  0.0%)   0.0001 (  0.0%)  Memory Dependence Analysis
   0.0001 (  0.0%)   0.0000 (  0.0%)   0.0001 (  0.0%)   0.0001 (  0.0%)  Basic Alias Analysis (stateless AA impl)
   0.0001 (  0.0%)   0.0000 (  0.0%)   0.0001 (  0.0%)   0.0001 (  0.0%)  Memory Dependence Analysis
   0.0001 (  0.0%)   0.0000 (  0.0%)   0.0001 (  0.0%)   0.0001 (  0.0%)  Lazy Branch Probability Analysis
   0.0001 (  0.0%)   0.0000 (  0.0%)   0.0001 (  0.0%)   0.0001 (  0.0%)  Memory Dependence Analysis
   0.0001 (  0.0%)   0.0000 (  0.0%)   0.0001 (  0.0%)   0.0001 (  0.0%)  Memory Dependence Analysis
   0.0001 (  0.0%)   0.0000 (  0.0%)   0.0001 (  0.0%)   0.0001 (  0.0%)  Lazy Branch Probability Analysis
   0.0000 (  0.0%)   0.0001 (  0.0%)   0.0001 (  0.0%)   0.0001 (  0.0%)  Optimization Remark Emitter
   0.0001 (  0.0%)   0.0000 (  0.0%)   0.0001 (  0.0%)   0.0001 (  0.0%)  Basic Alias Analysis (stateless AA impl)
   0.0001 (  0.0%)   0.0000 (  0.0%)   0.0001 (  0.0%)   0.0001 (  0.0%)  Optimization Remark Emitter
   0.0001 (  0.0%)   0.0001 (  0.0%)   0.0001 (  0.0%)   0.0001 (  0.0%)  Lazy Branch Probability Analysis
   0.0001 (  0.0%)   0.0000 (  0.0%)   0.0001 (  0.0%)   0.0001 (  0.0%)  Scalar Evolution Canonicalization
   0.0001 (  0.0%)   0.0000 (  0.0%)   0.0001 (  0.0%)   0.0001 (  0.0%)  Optimization Remark Emitter
   0.0001 (  0.0%)   0.0000 (  0.0%)   0.0001 (  0.0%)   0.0001 (  0.0%)  Predicate SPIR Kernels
   0.0001 (  0.0%)   0.0000 (  0.0%)   0.0001 (  0.0%)   0.0001 (  0.0%)  Memory Dependence Analysis
   0.0001 (  0.0%)   0.0000 (  0.0%)   0.0001 (  0.0%)   0.0001 (  0.0%)  Lazy Branch Probability Analysis
   0.0001 (  0.0%)   0.0000 (  0.0%)   0.0001 (  0.0%)   0.0001 (  0.0%)  Memory Dependence Analysis
   0.0001 (  0.0%)   0.0000 (  0.0%)   0.0001 (  0.0%)   0.0001 (  0.0%)  Memory Dependence Analysis
   0.0001 (  0.0%)   0.0000 (  0.0%)   0.0001 (  0.0%)   0.0001 (  0.0%)  Memory Dependence Analysis
   0.0001 (  0.0%)   0.0000 (  0.0%)   0.0001 (  0.0%)   0.0001 (  0.0%)  Basic Alias Analysis (stateless AA impl)
   0.0001 (  0.0%)   0.0000 (  0.0%)   0.0001 (  0.0%)   0.0001 (  0.0%)  Basic Alias Analysis (stateless AA impl)
   0.0001 (  0.0%)   0.0000 (  0.0%)   0.0001 (  0.0%)   0.0001 (  0.0%)  Lazy Value Information Analysis
   0.0001 (  0.0%)   0.0000 (  0.0%)   0.0001 (  0.0%)   0.0001 (  0.0%)  Memory Dependence Analysis
   0.0001 (  0.0%)   0.0000 (  0.0%)   0.0001 (  0.0%)   0.0001 (  0.0%)  Memory Dependence Analysis
   0.0001 (  0.0%)   0.0000 (  0.0%)   0.0001 (  0.0%)   0.0001 (  0.0%)  Optimization Remark Emitter
   0.0001 (  0.0%)   0.0000 (  0.0%)   0.0001 (  0.0%)   0.0001 (  0.0%)  ScalarEvolution-based Alias Analysis
   0.0001 (  0.0%)   0.0000 (  0.0%)   0.0001 (  0.0%)   0.0001 (  0.0%)  Memory Dependence Analysis
   0.0001 (  0.0%)   0.0000 (  0.0%)   0.0001 (  0.0%)   0.0001 (  0.0%)  Memory Dependence Analysis
   0.0001 (  0.0%)   0.0000 (  0.0%)   0.0001 (  0.0%)   0.0001 (  0.0%)  Memory Dependence Analysis
   0.0001 (  0.0%)   0.0000 (  0.0%)   0.0001 (  0.0%)   0.0001 (  0.0%)  Memory Dependence Analysis
   0.0001 (  0.0%)   0.0000 (  0.0%)   0.0001 (  0.0%)   0.0001 (  0.0%)  Optimization Remark Emitter
   0.0001 (  0.0%)   0.0000 (  0.0%)   0.0001 (  0.0%)   0.0001 (  0.0%)  Lazy Value Information Analysis
   0.0001 (  0.0%)   0.0000 (  0.0%)   0.0001 (  0.0%)   0.0001 (  0.0%)  Memory Dependence Analysis
   0.0001 (  0.0%)   0.0000 (  0.0%)   0.0001 (  0.0%)   0.0001 (  0.0%)  Lazy Value Information Analysis
   0.0001 (  0.0%)   0.0000 (  0.0%)   0.0001 (  0.0%)   0.0001 (  0.0%)  Lazy Value Information Analysis
   0.0001 (  0.0%)   0.0000 (  0.0%)   0.0001 (  0.0%)   0.0001 (  0.0%)  Memory Dependence Analysis
   0.0001 (  0.0%)   0.0000 (  0.0%)   0.0001 (  0.0%)   0.0001 (  0.0%)  Memory Dependence Analysis
   0.0001 (  0.0%)   0.0000 (  0.0%)   0.0001 (  0.0%)   0.0001 (  0.0%)  Lazy Value Information Analysis
   0.0001 (  0.0%)   0.0000 (  0.0%)   0.0001 (  0.0%)   0.0001 (  0.0%)  Basic Alias Analysis (stateless AA impl)
   0.0001 (  0.0%)   0.0000 (  0.0%)   0.0001 (  0.0%)   0.0001 (  0.0%)  ScalarEvolution-based Alias Analysis
   0.0001 (  0.0%)   0.0000 (  0.0%)   0.0001 (  0.0%)   0.0001 (  0.0%)  Memory Dependence Analysis
   0.0001 (  0.0%)   0.0000 (  0.0%)   0.0001 (  0.0%)   0.0001 (  0.0%)  Memory Dependence Analysis
   0.0001 (  0.0%)   0.0000 (  0.0%)   0.0001 (  0.0%)   0.0001 (  0.0%)  Memory Dependence Analysis
   0.0001 (  0.0%)   0.0000 (  0.0%)   0.0001 (  0.0%)   0.0001 (  0.0%)  Lazy Value Information Analysis
   0.0001 (  0.0%)   0.0000 (  0.0%)   0.0001 (  0.0%)   0.0001 (  0.0%)  Lazy Block Frequency Analysis
   0.0001 (  0.0%)   0.0000 (  0.0%)   0.0001 (  0.0%)   0.0001 (  0.0%)  Memory Dependence Analysis
   0.0001 (  0.0%)   0.0000 (  0.0%)   0.0001 (  0.0%)   0.0001 (  0.0%)  Lazy Block Frequency Analysis
   0.0001 (  0.0%)   0.0000 (  0.0%)   0.0001 (  0.0%)   0.0001 (  0.0%)  Basic Alias Analysis (stateless AA impl)
   0.0001 (  0.0%)   0.0000 (  0.0%)   0.0001 (  0.0%)   0.0001 (  0.0%)  Scalar Evolution Canonicalization
   0.0001 (  0.0%)   0.0000 (  0.0%)   0.0001 (  0.0%)   0.0001 (  0.0%)  Lazy Block Frequency Analysis
   0.0000 (  0.0%)   0.0001 (  0.0%)   0.0001 (  0.0%)   0.0001 (  0.0%)  Optimization Remark Emitter
   0.0001 (  0.0%)   0.0000 (  0.0%)   0.0001 (  0.0%)   0.0001 (  0.0%)  Basic Alias Analysis (stateless AA impl)
   0.0000 (  0.0%)   0.0000 (  0.0%)   0.0001 (  0.0%)   0.0001 (  0.0%)  Lazy Block Frequency Analysis
   0.0001 (  0.0%)   0.0000 (  0.0%)   0.0001 (  0.0%)   0.0001 (  0.0%)  Memory Dependence Analysis
   0.0001 (  0.0%)   0.0000 (  0.0%)   0.0001 (  0.0%)   0.0001 (  0.0%)  Memory Dependence Analysis
   0.0001 (  0.0%)   0.0000 (  0.0%)   0.0001 (  0.0%)   0.0001 (  0.0%)  Memory Dependence Analysis
   0.0000 (  0.0%)   0.0000 (  0.0%)   0.0001 (  0.0%)   0.0001 (  0.0%)  Basic Alias Analysis (stateless AA impl)
   0.0001 (  0.0%)   0.0000 (  0.0%)   0.0001 (  0.0%)   0.0001 (  0.0%)  Memory Dependence Analysis
   0.0001 (  0.0%)   0.0000 (  0.0%)   0.0001 (  0.0%)   0.0001 (  0.0%)  Lazy Value Information Analysis
   0.0001 (  0.0%)   0.0000 (  0.0%)   0.0001 (  0.0%)   0.0001 (  0.0%)  Optimization Remark Emitter
   0.0001 (  0.0%)   0.0000 (  0.0%)   0.0001 (  0.0%)   0.0001 (  0.0%)  Lazy Value Information Analysis
   0.0001 (  0.0%)   0.0000 (  0.0%)   0.0001 (  0.0%)   0.0001 (  0.0%)  Memory Dependence Analysis
   0.0001 (  0.0%)   0.0001 (  0.0%)   0.0001 (  0.0%)   0.0001 (  0.0%)  Lazy Block Frequency Analysis
   0.0001 (  0.0%)   0.0000 (  0.0%)   0.0001 (  0.0%)   0.0001 (  0.0%)  Memory Dependence Analysis
   0.0001 (  0.0%)   0.0000 (  0.0%)   0.0001 (  0.0%)   0.0001 (  0.0%)  Optimization Remark Emitter
   0.0001 (  0.0%)   0.0000 (  0.0%)   0.0001 (  0.0%)   0.0001 (  0.0%)  Memory Dependence Analysis
   0.0001 (  0.0%)   0.0000 (  0.0%)   0.0001 (  0.0%)   0.0001 (  0.0%)  Lazy Value Information Analysis
   0.0001 (  0.0%)   0.0000 (  0.0%)   0.0001 (  0.0%)   0.0001 (  0.0%)  Predicate analysis under a loop context
   0.0001 (  0.0%)   0.0000 (  0.0%)   0.0001 (  0.0%)   0.0001 (  0.0%)  Predicate analysis under a loop context
   0.0001 (  0.0%)   0.0000 (  0.0%)   0.0001 (  0.0%)   0.0001 (  0.0%)  Optimization Remark Emitter
   0.0001 (  0.0%)   0.0000 (  0.0%)   0.0001 (  0.0%)   0.0001 (  0.0%)  Memory Dependence Analysis
   0.0001 (  0.0%)   0.0000 (  0.0%)   0.0001 (  0.0%)   0.0001 (  0.0%)  Memory Dependence Analysis
   0.0001 (  0.0%)   0.0000 (  0.0%)   0.0001 (  0.0%)   0.0001 (  0.0%)  Lazy Value Information Analysis
   0.0001 (  0.0%)   0.0000 (  0.0%)   0.0001 (  0.0%)   0.0001 (  0.0%)  Basic Alias Analysis (stateless AA impl)
   0.0001 (  0.0%)   0.0000 (  0.0%)   0.0001 (  0.0%)   0.0001 (  0.0%)  Lazy Value Information Analysis
   0.0001 (  0.0%)   0.0000 (  0.0%)   0.0001 (  0.0%)   0.0001 (  0.0%)  Basic Alias Analysis (stateless AA impl)
   0.0001 (  0.0%)   0.0000 (  0.0%)   0.0001 (  0.0%)   0.0001 (  0.0%)  Lazy Branch Probability Analysis
   0.0001 (  0.0%)   0.0000 (  0.0%)   0.0001 (  0.0%)   0.0001 (  0.0%)  Basic Alias Analysis (stateless AA impl)
   0.0001 (  0.0%)   0.0000 (  0.0%)   0.0001 (  0.0%)   0.0001 (  0.0%)  Memory Dependence Analysis
   0.0001 (  0.0%)   0.0000 (  0.0%)   0.0001 (  0.0%)   0.0001 (  0.0%)  Optimization Remark Emitter
   0.0001 (  0.0%)   0.0000 (  0.0%)   0.0001 (  0.0%)   0.0001 (  0.0%)  Memory Dependence Analysis
   0.0001 (  0.0%)   0.0000 (  0.0%)   0.0001 (  0.0%)   0.0001 (  0.0%)  LCSSA Verifier
   0.0001 (  0.0%)   0.0000 (  0.0%)   0.0001 (  0.0%)   0.0001 (  0.0%)  Memory Dependence Analysis
   0.0001 (  0.0%)   0.0000 (  0.0%)   0.0001 (  0.0%)   0.0001 (  0.0%)  Basic Alias Analysis (stateless AA impl)
   0.0001 (  0.0%)   0.0000 (  0.0%)   0.0001 (  0.0%)   0.0001 (  0.0%)  Basic Alias Analysis (stateless AA impl)
   0.0001 (  0.0%)   0.0000 (  0.0%)   0.0001 (  0.0%)   0.0001 (  0.0%)  Basic Alias Analysis (stateless AA impl)
   0.0001 (  0.0%)   0.0000 (  0.0%)   0.0001 (  0.0%)   0.0001 (  0.0%)  Lazy Block Frequency Analysis
   0.0001 (  0.0%)   0.0000 (  0.0%)   0.0001 (  0.0%)   0.0001 (  0.0%)  Basic Alias Analysis (stateless AA impl)
   0.0001 (  0.0%)   0.0000 (  0.0%)   0.0001 (  0.0%)   0.0001 (  0.0%)  Basic Alias Analysis (stateless AA impl)
   0.0001 (  0.0%)   0.0000 (  0.0%)   0.0001 (  0.0%)   0.0001 (  0.0%)  Scalar Evolution Canonicalization
   0.0001 (  0.0%)   0.0000 (  0.0%)   0.0001 (  0.0%)   0.0001 (  0.0%)  Lazy Block Frequency Analysis
   0.0001 (  0.0%)   0.0000 (  0.0%)   0.0001 (  0.0%)   0.0001 (  0.0%)  Lazy Value Information Analysis
   0.0001 (  0.0%)   0.0000 (  0.0%)   0.0001 (  0.0%)   0.0001 (  0.0%)  Shrink Synchronization Regions in SPMD program to reduce CFG complexity
   0.0001 (  0.0%)   0.0000 (  0.0%)   0.0001 (  0.0%)   0.0001 (  0.0%)  Lazy Value Information Analysis
   0.0001 (  0.0%)   0.0000 (  0.0%)   0.0001 (  0.0%)   0.0001 (  0.0%)  Build Synchronization Regions in SPMD program
   0.0001 (  0.0%)   0.0000 (  0.0%)   0.0001 (  0.0%)   0.0001 (  0.0%)  Lazy Branch Probability Analysis
   0.0001 (  0.0%)   0.0000 (  0.0%)   0.0001 (  0.0%)   0.0001 (  0.0%)  Memory Dependence Analysis
   0.0001 (  0.0%)   0.0000 (  0.0%)   0.0001 (  0.0%)   0.0001 (  0.0%)  ScalarEvolution-based Alias Analysis
   0.0001 (  0.0%)   0.0000 (  0.0%)   0.0001 (  0.0%)   0.0001 (  0.0%)  Basic Alias Analysis (stateless AA impl)
   0.0001 (  0.0%)   0.0000 (  0.0%)   0.0001 (  0.0%)   0.0001 (  0.0%)  Memory Dependence Analysis
   0.0001 (  0.0%)   0.0000 (  0.0%)   0.0001 (  0.0%)   0.0001 (  0.0%)  Lazy Value Information Analysis
   0.0001 (  0.0%)   0.0000 (  0.0%)   0.0001 (  0.0%)   0.0001 (  0.0%)  Basic Alias Analysis (stateless AA impl)
   0.0001 (  0.0%)   0.0000 (  0.0%)   0.0001 (  0.0%)   0.0001 (  0.0%)  Basic Alias Analysis (stateless AA impl)
   0.0001 (  0.0%)   0.0000 (  0.0%)   0.0001 (  0.0%)   0.0001 (  0.0%)  Lazy Value Information Analysis
   0.0001 (  0.0%)   0.0000 (  0.0%)   0.0001 (  0.0%)   0.0001 (  0.0%)  Basic Alias Analysis (stateless AA impl)
   0.0001 (  0.0%)   0.0000 (  0.0%)   0.0001 (  0.0%)   0.0001 (  0.0%)  Memory Dependence Analysis
   0.0001 (  0.0%)   0.0000 (  0.0%)   0.0001 (  0.0%)   0.0001 (  0.0%)  LCSSA Verifier
   0.0001 (  0.0%)   0.0000 (  0.0%)   0.0001 (  0.0%)   0.0001 (  0.0%)  LCSSA Verifier
   0.0001 (  0.0%)   0.0000 (  0.0%)   0.0001 (  0.0%)   0.0001 (  0.0%)  Memory Dependence Analysis
   0.0001 (  0.0%)   0.0000 (  0.0%)   0.0001 (  0.0%)   0.0001 (  0.0%)  Basic Alias Analysis (stateless AA impl)
   0.0001 (  0.0%)   0.0000 (  0.0%)   0.0001 (  0.0%)   0.0001 (  0.0%)  Memory Dependence Analysis
   0.0001 (  0.0%)   0.0000 (  0.0%)   0.0001 (  0.0%)   0.0001 (  0.0%)  Memory Dependence Analysis
   0.0001 (  0.0%)   0.0000 (  0.0%)   0.0001 (  0.0%)   0.0001 (  0.0%)  Scalar Evolution Canonicalization
   0.0001 (  0.0%)   0.0000 (  0.0%)   0.0001 (  0.0%)   0.0001 (  0.0%)  Memory Dependence Analysis
   0.0001 (  0.0%)   0.0000 (  0.0%)   0.0001 (  0.0%)   0.0001 (  0.0%)  Memory Dependence Analysis
   0.0001 (  0.0%)   0.0000 (  0.0%)   0.0001 (  0.0%)   0.0001 (  0.0%)  LCSSA Verifier
   0.0001 (  0.0%)   0.0000 (  0.0%)   0.0001 (  0.0%)   0.0001 (  0.0%)  Basic Alias Analysis (stateless AA impl)
   0.0001 (  0.0%)   0.0000 (  0.0%)   0.0001 (  0.0%)   0.0001 (  0.0%)  LCSSA Verifier
   0.0001 (  0.0%)   0.0000 (  0.0%)   0.0001 (  0.0%)   0.0001 (  0.0%)  LCSSA Verifier
   0.0001 (  0.0%)   0.0000 (  0.0%)   0.0001 (  0.0%)   0.0001 (  0.0%)  Basic Alias Analysis (stateless AA impl)
   0.0001 (  0.0%)   0.0000 (  0.0%)   0.0001 (  0.0%)   0.0001 (  0.0%)  Memory Dependence Analysis
   0.0001 (  0.0%)   0.0000 (  0.0%)   0.0001 (  0.0%)   0.0001 (  0.0%)  Memory Dependence Analysis
   0.0001 (  0.0%)   0.0000 (  0.0%)   0.0001 (  0.0%)   0.0001 (  0.0%)  Lazy Branch Probability Analysis
   0.0001 (  0.0%)   0.0000 (  0.0%)   0.0001 (  0.0%)   0.0001 (  0.0%)  Basic Alias Analysis (stateless AA impl)
   0.0001 (  0.0%)   0.0000 (  0.0%)   0.0001 (  0.0%)   0.0001 (  0.0%)  Basic Alias Analysis (stateless AA impl)
   0.0001 (  0.0%)   0.0000 (  0.0%)   0.0001 (  0.0%)   0.0001 (  0.0%)  Memory Dependence Analysis
   0.0001 (  0.0%)   0.0000 (  0.0%)   0.0001 (  0.0%)   0.0001 (  0.0%)  Optimization Remark Emitter
   0.0001 (  0.0%)   0.0000 (  0.0%)   0.0001 (  0.0%)   0.0001 (  0.0%)  Memory Dependence Analysis
   0.0001 (  0.0%)   0.0000 (  0.0%)   0.0001 (  0.0%)   0.0001 (  0.0%)  Lazy Value Information Analysis
   0.0001 (  0.0%)   0.0000 (  0.0%)   0.0001 (  0.0%)   0.0001 (  0.0%)  Scalar Evolution Canonicalization
   0.0001 (  0.0%)   0.0000 (  0.0%)   0.0001 (  0.0%)   0.0001 (  0.0%)  Lazy Block Frequency Analysis
   0.0001 (  0.0%)   0.0000 (  0.0%)   0.0001 (  0.0%)   0.0001 (  0.0%)  Lazy Branch Probability Analysis
   0.0001 (  0.0%)   0.0000 (  0.0%)   0.0001 (  0.0%)   0.0001 (  0.0%)  Memory Dependence Analysis
   0.0001 (  0.0%)   0.0000 (  0.0%)   0.0001 (  0.0%)   0.0001 (  0.0%)  Lazy Value Information Analysis
   0.0001 (  0.0%)   0.0000 (  0.0%)   0.0001 (  0.0%)   0.0001 (  0.0%)  Basic Alias Analysis (stateless AA impl)
   0.0001 (  0.0%)   0.0000 (  0.0%)   0.0001 (  0.0%)   0.0001 (  0.0%)  Memory Dependence Analysis
   0.0001 (  0.0%)   0.0000 (  0.0%)   0.0001 (  0.0%)   0.0001 (  0.0%)  Memory Dependence Analysis
   0.0001 (  0.0%)   0.0000 (  0.0%)   0.0001 (  0.0%)   0.0001 (  0.0%)  Lazy Branch Probability Analysis
   0.0001 (  0.0%)   0.0000 (  0.0%)   0.0001 (  0.0%)   0.0001 (  0.0%)  Basic Alias Analysis (stateless AA impl)
   0.0001 (  0.0%)   0.0000 (  0.0%)   0.0001 (  0.0%)   0.0001 (  0.0%)  Optimization Remark Emitter
   0.0001 (  0.0%)   0.0000 (  0.0%)   0.0001 (  0.0%)   0.0001 (  0.0%)  Analyze occurrence information
   0.0001 (  0.0%)   0.0000 (  0.0%)   0.0001 (  0.0%)   0.0001 (  0.0%)  Lazy Branch Probability Analysis
   0.0001 (  0.0%)   0.0000 (  0.0%)   0.0001 (  0.0%)   0.0001 (  0.0%)  LCSSA Verifier
   0.0001 (  0.0%)   0.0000 (  0.0%)   0.0001 (  0.0%)   0.0001 (  0.0%)  Basic Alias Analysis (stateless AA impl)
   0.0001 (  0.0%)   0.0000 (  0.0%)   0.0001 (  0.0%)   0.0001 (  0.0%)  Scalar Evolution Canonicalization
   0.0001 (  0.0%)   0.0000 (  0.0%)   0.0001 (  0.0%)   0.0001 (  0.0%)  Basic Alias Analysis (stateless AA impl)
   0.0001 (  0.0%)   0.0000 (  0.0%)   0.0001 (  0.0%)   0.0001 (  0.0%)  Memory Dependence Analysis
   0.0001 (  0.0%)   0.0000 (  0.0%)   0.0001 (  0.0%)   0.0001 (  0.0%)  Basic Alias Analysis (stateless AA impl)
   0.0001 (  0.0%)   0.0000 (  0.0%)   0.0001 (  0.0%)   0.0001 (  0.0%)  Memory Dependence Analysis
   0.0001 (  0.0%)   0.0000 (  0.0%)   0.0001 (  0.0%)   0.0001 (  0.0%)  Lazy Block Frequency Analysis
   0.0001 (  0.0%)   0.0000 (  0.0%)   0.0001 (  0.0%)   0.0001 (  0.0%)  Memory Dependence Analysis
   0.0001 (  0.0%)   0.0000 (  0.0%)   0.0001 (  0.0%)   0.0001 (  0.0%)  Optimization Remark Emitter
   0.0001 (  0.0%)   0.0000 (  0.0%)   0.0001 (  0.0%)   0.0001 (  0.0%)  Memory Dependence Analysis
   0.0001 (  0.0%)   0.0000 (  0.0%)   0.0001 (  0.0%)   0.0001 (  0.0%)  Basic Alias Analysis (stateless AA impl)
   0.0001 (  0.0%)   0.0000 (  0.0%)   0.0001 (  0.0%)   0.0001 (  0.0%)  Basic Alias Analysis (stateless AA impl)
   0.0001 (  0.0%)   0.0000 (  0.0%)   0.0001 (  0.0%)   0.0001 (  0.0%)  Basic Alias Analysis (stateless AA impl)
   0.0001 (  0.0%)   0.0000 (  0.0%)   0.0001 (  0.0%)   0.0001 (  0.0%)  Basic Alias Analysis (stateless AA impl)
   0.0001 (  0.0%)   0.0000 (  0.0%)   0.0001 (  0.0%)   0.0001 (  0.0%)  Lazy Block Frequency Analysis
   0.0001 (  0.0%)   0.0000 (  0.0%)   0.0001 (  0.0%)   0.0001 (  0.0%)  Memory Dependence Analysis
   0.0001 (  0.0%)   0.0000 (  0.0%)   0.0001 (  0.0%)   0.0001 (  0.0%)  Basic Alias Analysis (stateless AA impl)
   0.0001 (  0.0%)   0.0000 (  0.0%)   0.0001 (  0.0%)   0.0001 (  0.0%)  Lazy Branch Probability Analysis
   0.0001 (  0.0%)   0.0000 (  0.0%)   0.0001 (  0.0%)   0.0001 (  0.0%)  Basic Alias Analysis (stateless AA impl)
   0.0001 (  0.0%)   0.0000 (  0.0%)   0.0001 (  0.0%)   0.0001 (  0.0%)  Optimization Remark Emitter
   0.0001 (  0.0%)   0.0000 (  0.0%)   0.0001 (  0.0%)   0.0001 (  0.0%)  Optimization Remark Emitter
   0.0001 (  0.0%)   0.0000 (  0.0%)   0.0001 (  0.0%)   0.0001 (  0.0%)  Lazy Branch Probability Analysis
   0.0001 (  0.0%)   0.0000 (  0.0%)   0.0001 (  0.0%)   0.0001 (  0.0%)  Basic Alias Analysis (stateless AA impl)
   0.0001 (  0.0%)   0.0000 (  0.0%)   0.0001 (  0.0%)   0.0001 (  0.0%)  Basic Alias Analysis (stateless AA impl)
   0.0001 (  0.0%)   0.0000 (  0.0%)   0.0001 (  0.0%)   0.0001 (  0.0%)  Memory Dependence Analysis
   0.0001 (  0.0%)   0.0000 (  0.0%)   0.0001 (  0.0%)   0.0001 (  0.0%)  Basic Alias Analysis (stateless AA impl)
   0.0001 (  0.0%)   0.0000 (  0.0%)   0.0001 (  0.0%)   0.0001 (  0.0%)  Lazy Branch Probability Analysis
   0.0001 (  0.0%)   0.0000 (  0.0%)   0.0001 (  0.0%)   0.0001 (  0.0%)  Scalar Evolution Canonicalization
   0.0001 (  0.0%)   0.0000 (  0.0%)   0.0001 (  0.0%)   0.0001 (  0.0%)  Basic Alias Analysis (stateless AA impl)
   0.0001 (  0.0%)   0.0000 (  0.0%)   0.0001 (  0.0%)   0.0001 (  0.0%)  Lazy Block Frequency Analysis
   0.0001 (  0.0%)   0.0000 (  0.0%)   0.0001 (  0.0%)   0.0001 (  0.0%)  Optimization Remark Emitter
   0.0001 (  0.0%)   0.0000 (  0.0%)   0.0001 (  0.0%)   0.0001 (  0.0%)  Basic Alias Analysis (stateless AA impl)
   0.0001 (  0.0%)   0.0000 (  0.0%)   0.0001 (  0.0%)   0.0001 (  0.0%)  Basic Alias Analysis (stateless AA impl)
   0.0001 (  0.0%)   0.0000 (  0.0%)   0.0001 (  0.0%)   0.0001 (  0.0%)  Basic Alias Analysis (stateless AA impl)
   0.0001 (  0.0%)   0.0000 (  0.0%)   0.0001 (  0.0%)   0.0001 (  0.0%)  Lazy Branch Probability Analysis
   0.0001 (  0.0%)   0.0000 (  0.0%)   0.0001 (  0.0%)   0.0001 (  0.0%)  Lazy Branch Probability Analysis
   0.0001 (  0.0%)   0.0000 (  0.0%)   0.0001 (  0.0%)   0.0001 (  0.0%)  Basic Alias Analysis (stateless AA impl)
   0.0001 (  0.0%)   0.0000 (  0.0%)   0.0001 (  0.0%)   0.0001 (  0.0%)  Lazy Branch Probability Analysis
   0.0001 (  0.0%)   0.0000 (  0.0%)   0.0001 (  0.0%)   0.0001 (  0.0%)  Memory Dependence Analysis
   0.0001 (  0.0%)   0.0000 (  0.0%)   0.0001 (  0.0%)   0.0001 (  0.0%)  Optimization Remark Emitter
   0.0001 (  0.0%)   0.0000 (  0.0%)   0.0001 (  0.0%)   0.0001 (  0.0%)  Basic Alias Analysis (stateless AA impl)
   0.0001 (  0.0%)   0.0000 (  0.0%)   0.0001 (  0.0%)   0.0001 (  0.0%)  Basic Alias Analysis (stateless AA impl)
   0.0001 (  0.0%)   0.0000 (  0.0%)   0.0001 (  0.0%)   0.0001 (  0.0%)  Memory Dependence Analysis
   0.0000 (  0.0%)   0.0000 (  0.0%)   0.0001 (  0.0%)   0.0001 (  0.0%)  Lazy Branch Probability Analysis
   0.0001 (  0.0%)   0.0000 (  0.0%)   0.0001 (  0.0%)   0.0001 (  0.0%)  Memory Dependence Analysis
   0.0001 (  0.0%)   0.0000 (  0.0%)   0.0001 (  0.0%)   0.0001 (  0.0%)  Lazy Branch Probability Analysis
   0.0001 (  0.0%)   0.0000 (  0.0%)   0.0001 (  0.0%)   0.0001 (  0.0%)  Basic Alias Analysis (stateless AA impl)
   0.0001 (  0.0%)   0.0000 (  0.0%)   0.0001 (  0.0%)   0.0001 (  0.0%)  Lazy Branch Probability Analysis
   0.0001 (  0.0%)   0.0000 (  0.0%)   0.0001 (  0.0%)   0.0001 (  0.0%)  LCSSA Verifier
   0.0001 (  0.0%)   0.0000 (  0.0%)   0.0001 (  0.0%)   0.0001 (  0.0%)  Optimization Remark Emitter
   0.0001 (  0.0%)   0.0000 (  0.0%)   0.0001 (  0.0%)   0.0001 (  0.0%)  Lazy Branch Probability Analysis
   0.0001 (  0.0%)   0.0000 (  0.0%)   0.0001 (  0.0%)   0.0001 (  0.0%)  Lazy Branch Probability Analysis
   0.0001 (  0.0%)   0.0000 (  0.0%)   0.0001 (  0.0%)   0.0001 (  0.0%)  Basic Alias Analysis (stateless AA impl)
   0.0001 (  0.0%)   0.0000 (  0.0%)   0.0001 (  0.0%)   0.0001 (  0.0%)  Lazy Branch Probability Analysis
   0.0001 (  0.0%)   0.0000 (  0.0%)   0.0001 (  0.0%)   0.0001 (  0.0%)  Lazy Branch Probability Analysis
   0.0001 (  0.0%)   0.0000 (  0.0%)   0.0001 (  0.0%)   0.0001 (  0.0%)  Lazy Value Information Analysis
   0.0001 (  0.0%)   0.0000 (  0.0%)   0.0001 (  0.0%)   0.0001 (  0.0%)  Lazy Branch Probability Analysis
   0.0001 (  0.0%)   0.0000 (  0.0%)   0.0001 (  0.0%)   0.0001 (  0.0%)  Memory Dependence Analysis
   0.0001 (  0.0%)   0.0000 (  0.0%)   0.0001 (  0.0%)   0.0001 (  0.0%)  Lazy Branch Probability Analysis
   0.0001 (  0.0%)   0.0000 (  0.0%)   0.0001 (  0.0%)   0.0001 (  0.0%)  Optimization Remark Emitter
   0.0001 (  0.0%)   0.0000 (  0.0%)   0.0001 (  0.0%)   0.0001 (  0.0%)  ScalarEvolution-based Alias Analysis
   0.0001 (  0.0%)   0.0000 (  0.0%)   0.0001 (  0.0%)   0.0001 (  0.0%)  Basic Alias Analysis (stateless AA impl)
   0.0001 (  0.0%)   0.0000 (  0.0%)   0.0001 (  0.0%)   0.0001 (  0.0%)  Memory Dependence Analysis
   0.0001 (  0.0%)   0.0000 (  0.0%)   0.0001 (  0.0%)   0.0001 (  0.0%)  Lazy Block Frequency Analysis
   0.0001 (  0.0%)   0.0000 (  0.0%)   0.0001 (  0.0%)   0.0001 (  0.0%)  Basic Alias Analysis (stateless AA impl)
   0.0001 (  0.0%)   0.0000 (  0.0%)   0.0001 (  0.0%)   0.0001 (  0.0%)  Lazy Block Frequency Analysis
   0.0001 (  0.0%)   0.0000 (  0.0%)   0.0001 (  0.0%)   0.0001 (  0.0%)  Lazy Branch Probability Analysis
   0.0001 (  0.0%)   0.0000 (  0.0%)   0.0001 (  0.0%)   0.0001 (  0.0%)  Lazy Branch Probability Analysis
   0.0001 (  0.0%)   0.0000 (  0.0%)   0.0001 (  0.0%)   0.0001 (  0.0%)  Memory Dependence Analysis
   0.0001 (  0.0%)   0.0000 (  0.0%)   0.0001 (  0.0%)   0.0001 (  0.0%)  Basic Alias Analysis (stateless AA impl)
   0.0001 (  0.0%)   0.0000 (  0.0%)   0.0001 (  0.0%)   0.0001 (  0.0%)  Optimization Remark Emitter
   0.0001 (  0.0%)   0.0000 (  0.0%)   0.0001 (  0.0%)   0.0001 (  0.0%)  Lazy Branch Probability Analysis
   0.0001 (  0.0%)   0.0000 (  0.0%)   0.0001 (  0.0%)   0.0001 (  0.0%)  Basic Alias Analysis (stateless AA impl)
   0.0001 (  0.0%)   0.0000 (  0.0%)   0.0001 (  0.0%)   0.0001 (  0.0%)  Lazy Branch Probability Analysis
   0.0001 (  0.0%)   0.0000 (  0.0%)   0.0001 (  0.0%)   0.0001 (  0.0%)  Lazy Branch Probability Analysis
   0.0001 (  0.0%)   0.0000 (  0.0%)   0.0001 (  0.0%)   0.0001 (  0.0%)  ScalarEvolution-based Alias Analysis
   0.0001 (  0.0%)   0.0000 (  0.0%)   0.0001 (  0.0%)   0.0001 (  0.0%)  Lazy Branch Probability Analysis
   0.0001 (  0.0%)   0.0000 (  0.0%)   0.0001 (  0.0%)   0.0001 (  0.0%)  Basic Alias Analysis (stateless AA impl)
   0.0001 (  0.0%)   0.0000 (  0.0%)   0.0001 (  0.0%)   0.0001 (  0.0%)  Optimization Remark Emitter
   0.0001 (  0.0%)   0.0000 (  0.0%)   0.0001 (  0.0%)   0.0001 (  0.0%)  Expand private memory for each workitem in SPMD program
   0.0001 (  0.0%)   0.0000 (  0.0%)   0.0001 (  0.0%)   0.0001 (  0.0%)  Basic Alias Analysis (stateless AA impl)
   0.0001 (  0.0%)   0.0000 (  0.0%)   0.0001 (  0.0%)   0.0001 (  0.0%)  Lazy Block Frequency Analysis
   0.0001 (  0.0%)   0.0000 (  0.0%)   0.0001 (  0.0%)   0.0001 (  0.0%)  Basic Alias Analysis (stateless AA impl)
   0.0001 (  0.0%)   0.0000 (  0.0%)   0.0001 (  0.0%)   0.0001 (  0.0%)  Lazy Block Frequency Analysis
   0.0001 (  0.0%)   0.0000 (  0.0%)   0.0001 (  0.0%)   0.0001 (  0.0%)  Basic Alias Analysis (stateless AA impl)
   0.0001 (  0.0%)   0.0000 (  0.0%)   0.0001 (  0.0%)   0.0001 (  0.0%)  ScalarEvolution-based Alias Analysis
   0.0001 (  0.0%)   0.0000 (  0.0%)   0.0001 (  0.0%)   0.0001 (  0.0%)  Lazy Branch Probability Analysis
   0.0001 (  0.0%)   0.0000 (  0.0%)   0.0001 (  0.0%)   0.0001 (  0.0%)  Optimization Remark Emitter
   0.0001 (  0.0%)   0.0000 (  0.0%)   0.0001 (  0.0%)   0.0001 (  0.0%)  Scalar Evolution Canonicalization
   0.0001 (  0.0%)   0.0000 (  0.0%)   0.0001 (  0.0%)   0.0001 (  0.0%)  Lazy Branch Probability Analysis
   0.0001 (  0.0%)   0.0000 (  0.0%)   0.0001 (  0.0%)   0.0001 (  0.0%)  Lazy Branch Probability Analysis
   0.0001 (  0.0%)   0.0000 (  0.0%)   0.0001 (  0.0%)   0.0001 (  0.0%)  ScalarEvolution-based Alias Analysis
   0.0001 (  0.0%)   0.0000 (  0.0%)   0.0001 (  0.0%)   0.0001 (  0.0%)  Optimization Remark Emitter
   0.0001 (  0.0%)   0.0000 (  0.0%)   0.0001 (  0.0%)   0.0001 (  0.0%)  Lazy Branch Probability Analysis
   0.0001 (  0.0%)   0.0000 (  0.0%)   0.0001 (  0.0%)   0.0001 (  0.0%)  Lazy Block Frequency Analysis
   0.0001 (  0.0%)   0.0000 (  0.0%)   0.0001 (  0.0%)   0.0001 (  0.0%)  Lazy Branch Probability Analysis
   0.0001 (  0.0%)   0.0000 (  0.0%)   0.0001 (  0.0%)   0.0001 (  0.0%)  Optimization Remark Emitter
   0.0001 (  0.0%)   0.0000 (  0.0%)   0.0001 (  0.0%)   0.0001 (  0.0%)  Lazy Branch Probability Analysis
   0.0001 (  0.0%)   0.0000 (  0.0%)   0.0001 (  0.0%)   0.0001 (  0.0%)  Optimization Remark Emitter
   0.0001 (  0.0%)   0.0000 (  0.0%)   0.0001 (  0.0%)   0.0001 (  0.0%)  Lazy Branch Probability Analysis
   0.0001 (  0.0%)   0.0000 (  0.0%)   0.0001 (  0.0%)   0.0001 (  0.0%)  Lazy Branch Probability Analysis
   0.0001 (  0.0%)   0.0000 (  0.0%)   0.0001 (  0.0%)   0.0001 (  0.0%)  Optimization Remark Emitter
   0.0001 (  0.0%)   0.0000 (  0.0%)   0.0001 (  0.0%)   0.0001 (  0.0%)  Optimization Remark Emitter
   0.0001 (  0.0%)   0.0000 (  0.0%)   0.0001 (  0.0%)   0.0001 (  0.0%)  Lazy Block Frequency Analysis
   0.0001 (  0.0%)   0.0000 (  0.0%)   0.0001 (  0.0%)   0.0001 (  0.0%)  Optimization Remark Emitter
   0.0001 (  0.0%)   0.0000 (  0.0%)   0.0001 (  0.0%)   0.0001 (  0.0%)  Basic Alias Analysis (stateless AA impl)
   0.0001 (  0.0%)   0.0000 (  0.0%)   0.0001 (  0.0%)   0.0001 (  0.0%)  LCSSA Verifier
   0.0001 (  0.0%)   0.0000 (  0.0%)   0.0001 (  0.0%)   0.0001 (  0.0%)  Lazy Branch Probability Analysis
   0.0001 (  0.0%)   0.0000 (  0.0%)   0.0001 (  0.0%)   0.0001 (  0.0%)  Lazy Branch Probability Analysis
   0.0001 (  0.0%)   0.0000 (  0.0%)   0.0001 (  0.0%)   0.0001 (  0.0%)  Lazy Branch Probability Analysis
   0.0001 (  0.0%)   0.0000 (  0.0%)   0.0001 (  0.0%)   0.0001 (  0.0%)  Lazy Block Frequency Analysis
   0.0001 (  0.0%)   0.0000 (  0.0%)   0.0001 (  0.0%)   0.0001 (  0.0%)  ScalarEvolution-based Alias Analysis
   0.0001 (  0.0%)   0.0000 (  0.0%)   0.0001 (  0.0%)   0.0001 (  0.0%)  Lazy Branch Probability Analysis
   0.0001 (  0.0%)   0.0000 (  0.0%)   0.0001 (  0.0%)   0.0001 (  0.0%)  Lazy Branch Probability Analysis
   0.0001 (  0.0%)   0.0000 (  0.0%)   0.0001 (  0.0%)   0.0001 (  0.0%)  ScalarEvolution-based Alias Analysis
   0.0001 (  0.0%)   0.0000 (  0.0%)   0.0001 (  0.0%)   0.0001 (  0.0%)  Optimization Remark Emitter
   0.0001 (  0.0%)   0.0000 (  0.0%)   0.0001 (  0.0%)   0.0001 (  0.0%)  Optimization Remark Emitter
   0.0001 (  0.0%)   0.0000 (  0.0%)   0.0001 (  0.0%)   0.0001 (  0.0%)  Lazy Branch Probability Analysis
   0.0001 (  0.0%)   0.0000 (  0.0%)   0.0001 (  0.0%)   0.0001 (  0.0%)  Optimization Remark Emitter
   0.0001 (  0.0%)   0.0000 (  0.0%)   0.0001 (  0.0%)   0.0001 (  0.0%)  Basic Alias Analysis (stateless AA impl)
   0.0001 (  0.0%)   0.0000 (  0.0%)   0.0001 (  0.0%)   0.0001 (  0.0%)  Optimization Remark Emitter
   0.0001 (  0.0%)   0.0000 (  0.0%)   0.0001 (  0.0%)   0.0001 (  0.0%)  Optimization Remark Emitter
   0.0001 (  0.0%)   0.0000 (  0.0%)   0.0001 (  0.0%)   0.0001 (  0.0%)  Lazy Branch Probability Analysis
   0.0001 (  0.0%)   0.0000 (  0.0%)   0.0001 (  0.0%)   0.0001 (  0.0%)  Optimization Remark Emitter
   0.0001 (  0.0%)   0.0000 (  0.0%)   0.0001 (  0.0%)   0.0001 (  0.0%)  Lazy Branch Probability Analysis
   0.0001 (  0.0%)   0.0000 (  0.0%)   0.0001 (  0.0%)   0.0001 (  0.0%)  Lazy Block Frequency Analysis
   0.0001 (  0.0%)   0.0000 (  0.0%)   0.0001 (  0.0%)   0.0001 (  0.0%)  ScalarEvolution-based Alias Analysis
   0.0001 (  0.0%)   0.0000 (  0.0%)   0.0001 (  0.0%)   0.0001 (  0.0%)  Optimization Remark Emitter
   0.0001 (  0.0%)   0.0000 (  0.0%)   0.0001 (  0.0%)   0.0001 (  0.0%)  Lazy Branch Probability Analysis
   0.0001 (  0.0%)   0.0000 (  0.0%)   0.0001 (  0.0%)   0.0001 (  0.0%)  Optimization Remark Emitter
   0.0001 (  0.0%)   0.0000 (  0.0%)   0.0001 (  0.0%)   0.0001 (  0.0%)  Scalar Evolution Canonicalization
   0.0001 (  0.0%)   0.0000 (  0.0%)   0.0001 (  0.0%)   0.0001 (  0.0%)  ScalarEvolution-based Alias Analysis
   0.0001 (  0.0%)   0.0000 (  0.0%)   0.0001 (  0.0%)   0.0001 (  0.0%)  Optimization Remark Emitter
   0.0001 (  0.0%)   0.0000 (  0.0%)   0.0001 (  0.0%)   0.0001 (  0.0%)  ScalarEvolution-based Alias Analysis
   0.0001 (  0.0%)   0.0000 (  0.0%)   0.0001 (  0.0%)   0.0001 (  0.0%)  Optimization Remark Emitter
   0.0001 (  0.0%)   0.0000 (  0.0%)   0.0001 (  0.0%)   0.0001 (  0.0%)  Lazy Branch Probability Analysis
   0.0001 (  0.0%)   0.0000 (  0.0%)   0.0001 (  0.0%)   0.0001 (  0.0%)  Lazy Block Frequency Analysis
   0.0001 (  0.0%)   0.0000 (  0.0%)   0.0001 (  0.0%)   0.0001 (  0.0%)  Lazy Branch Probability Analysis
   0.0001 (  0.0%)   0.0000 (  0.0%)   0.0001 (  0.0%)   0.0001 (  0.0%)  Optimization Remark Emitter
   0.0001 (  0.0%)   0.0000 (  0.0%)   0.0001 (  0.0%)   0.0001 (  0.0%)  Lazy Block Frequency Analysis
   0.0001 (  0.0%)   0.0000 (  0.0%)   0.0001 (  0.0%)   0.0001 (  0.0%)  Optimization Remark Emitter
   0.0001 (  0.0%)   0.0000 (  0.0%)   0.0001 (  0.0%)   0.0001 (  0.0%)  Lazy Branch Probability Analysis
   0.0001 (  0.0%)   0.0000 (  0.0%)   0.0001 (  0.0%)   0.0001 (  0.0%)  Lazy Block Frequency Analysis
   0.0001 (  0.0%)   0.0000 (  0.0%)   0.0001 (  0.0%)   0.0001 (  0.0%)  Vectorize the SPMD regions
   0.0001 (  0.0%)   0.0000 (  0.0%)   0.0001 (  0.0%)   0.0001 (  0.0%)  Optimization Remark Emitter
   0.0001 (  0.0%)   0.0000 (  0.0%)   0.0001 (  0.0%)   0.0001 (  0.0%)  Lazy Branch Probability Analysis
   0.0001 (  0.0%)   0.0000 (  0.0%)   0.0001 (  0.0%)   0.0001 (  0.0%)  Lazy Branch Probability Analysis
   0.0001 (  0.0%)   0.0000 (  0.0%)   0.0001 (  0.0%)   0.0001 (  0.0%)  Lazy Branch Probability Analysis
   0.0001 (  0.0%)   0.0000 (  0.0%)   0.0001 (  0.0%)   0.0001 (  0.0%)  Lazy Branch Probability Analysis
   0.0001 (  0.0%)   0.0000 (  0.0%)   0.0001 (  0.0%)   0.0001 (  0.0%)  LCSSA Verifier
   0.0001 (  0.0%)   0.0000 (  0.0%)   0.0001 (  0.0%)   0.0001 (  0.0%)  Lazy Block Frequency Analysis
   0.0001 (  0.0%)   0.0000 (  0.0%)   0.0001 (  0.0%)   0.0001 (  0.0%)  Lazy Branch Probability Analysis
   0.0001 (  0.0%)   0.0000 (  0.0%)   0.0001 (  0.0%)   0.0001 (  0.0%)  Lazy Block Frequency Analysis
   0.0001 (  0.0%)   0.0000 (  0.0%)   0.0001 (  0.0%)   0.0001 (  0.0%)  ScalarEvolution-based Alias Analysis
   0.0001 (  0.0%)   0.0000 (  0.0%)   0.0001 (  0.0%)   0.0001 (  0.0%)  Optimization Remark Emitter
   0.0001 (  0.0%)   0.0000 (  0.0%)   0.0001 (  0.0%)   0.0001 (  0.0%)  Optimization Remark Emitter
   0.0001 (  0.0%)   0.0000 (  0.0%)   0.0001 (  0.0%)   0.0001 (  0.0%)  Lazy Block Frequency Analysis
   0.0001 (  0.0%)   0.0000 (  0.0%)   0.0001 (  0.0%)   0.0001 (  0.0%)  Lazy Block Frequency Analysis
   0.0001 (  0.0%)   0.0000 (  0.0%)   0.0001 (  0.0%)   0.0001 (  0.0%)  ScalarEvolution-based Alias Analysis
   0.0001 (  0.0%)   0.0000 (  0.0%)   0.0001 (  0.0%)   0.0001 (  0.0%)  Memory Dependence Analysis
   0.0000 (  0.0%)   0.0001 (  0.0%)   0.0001 (  0.0%)   0.0001 (  0.0%)  Basic Alias Analysis (stateless AA impl)
   0.0001 (  0.0%)   0.0000 (  0.0%)   0.0001 (  0.0%)   0.0001 (  0.0%)  Lazy Branch Probability Analysis
   0.0001 (  0.0%)   0.0000 (  0.0%)   0.0001 (  0.0%)   0.0001 (  0.0%)  Optimization Remark Emitter
   0.0001 (  0.0%)   0.0000 (  0.0%)   0.0001 (  0.0%)   0.0001 (  0.0%)  ScalarEvolution-based Alias Analysis
   0.0001 (  0.0%)   0.0000 (  0.0%)   0.0001 (  0.0%)   0.0001 (  0.0%)  ScalarEvolution-based Alias Analysis
   0.0001 (  0.0%)   0.0000 (  0.0%)   0.0001 (  0.0%)   0.0001 (  0.0%)  ScalarEvolution-based Alias Analysis
   0.0001 (  0.0%)   0.0000 (  0.0%)   0.0001 (  0.0%)   0.0001 (  0.0%)  Optimization Remark Emitter
   0.0001 (  0.0%)   0.0000 (  0.0%)   0.0001 (  0.0%)   0.0001 (  0.0%)  Lazy Block Frequency Analysis
   0.0001 (  0.0%)   0.0000 (  0.0%)   0.0001 (  0.0%)   0.0001 (  0.0%)  Optimization Remark Emitter
   0.0001 (  0.0%)   0.0000 (  0.0%)   0.0001 (  0.0%)   0.0001 (  0.0%)  Lazy Branch Probability Analysis
   0.0001 (  0.0%)   0.0000 (  0.0%)   0.0001 (  0.0%)   0.0001 (  0.0%)  Lazy Block Frequency Analysis
   0.0001 (  0.0%)   0.0000 (  0.0%)   0.0001 (  0.0%)   0.0001 (  0.0%)  Lazy Branch Probability Analysis
   0.0001 (  0.0%)   0.0000 (  0.0%)   0.0001 (  0.0%)   0.0001 (  0.0%)  ScalarEvolution-based Alias Analysis
   0.0001 (  0.0%)   0.0000 (  0.0%)   0.0001 (  0.0%)   0.0001 (  0.0%)  LCSSA Verifier
   0.0001 (  0.0%)   0.0000 (  0.0%)   0.0001 (  0.0%)   0.0001 (  0.0%)  ScalarEvolution-based Alias Analysis
   0.0001 (  0.0%)   0.0000 (  0.0%)   0.0001 (  0.0%)   0.0001 (  0.0%)  Lazy Branch Probability Analysis
   0.0001 (  0.0%)   0.0000 (  0.0%)   0.0001 (  0.0%)   0.0001 (  0.0%)  Optimization Remark Emitter
   0.0001 (  0.0%)   0.0000 (  0.0%)   0.0001 (  0.0%)   0.0001 (  0.0%)  LCSSA Verifier
   0.0001 (  0.0%)   0.0000 (  0.0%)   0.0001 (  0.0%)   0.0001 (  0.0%)  Optimization Remark Emitter
   0.0001 (  0.0%)   0.0000 (  0.0%)   0.0001 (  0.0%)   0.0001 (  0.0%)  ScalarEvolution-based Alias Analysis
   0.0001 (  0.0%)   0.0000 (  0.0%)   0.0001 (  0.0%)   0.0001 (  0.0%)  ScalarEvolution-based Alias Analysis
   0.0001 (  0.0%)   0.0000 (  0.0%)   0.0001 (  0.0%)   0.0001 (  0.0%)  Basic Alias Analysis (stateless AA impl)
   0.0001 (  0.0%)   0.0000 (  0.0%)   0.0001 (  0.0%)   0.0001 (  0.0%)  Optimization Remark Emitter
   0.0001 (  0.0%)   0.0000 (  0.0%)   0.0001 (  0.0%)   0.0001 (  0.0%)  Lazy Block Frequency Analysis
   0.0001 (  0.0%)   0.0000 (  0.0%)   0.0001 (  0.0%)   0.0001 (  0.0%)  Optimization Remark Emitter
   0.0001 (  0.0%)   0.0000 (  0.0%)   0.0001 (  0.0%)   0.0001 (  0.0%)  Lazy Block Frequency Analysis
   0.0001 (  0.0%)   0.0000 (  0.0%)   0.0001 (  0.0%)   0.0001 (  0.0%)  Lazy Block Frequency Analysis
   0.0001 (  0.0%)   0.0000 (  0.0%)   0.0001 (  0.0%)   0.0001 (  0.0%)  Lazy Branch Probability Analysis
   0.0001 (  0.0%)   0.0000 (  0.0%)   0.0001 (  0.0%)   0.0001 (  0.0%)  LCSSA Verifier
   0.0001 (  0.0%)   0.0000 (  0.0%)   0.0001 (  0.0%)   0.0001 (  0.0%)  Optimization Remark Emitter
   0.0001 (  0.0%)   0.0000 (  0.0%)   0.0001 (  0.0%)   0.0001 (  0.0%)  ScalarEvolution-based Alias Analysis
   0.0001 (  0.0%)   0.0000 (  0.0%)   0.0001 (  0.0%)   0.0001 (  0.0%)  ScalarEvolution-based Alias Analysis
   0.0001 (  0.0%)   0.0000 (  0.0%)   0.0001 (  0.0%)   0.0001 (  0.0%)  Lazy Block Frequency Analysis
   0.0001 (  0.0%)   0.0000 (  0.0%)   0.0001 (  0.0%)   0.0001 (  0.0%)  Optimization Remark Emitter
   0.0001 (  0.0%)   0.0000 (  0.0%)   0.0001 (  0.0%)   0.0001 (  0.0%)  Lazy Branch Probability Analysis
   0.0001 (  0.0%)   0.0000 (  0.0%)   0.0001 (  0.0%)   0.0001 (  0.0%)  ScalarEvolution-based Alias Analysis
   0.0001 (  0.0%)   0.0000 (  0.0%)   0.0001 (  0.0%)   0.0001 (  0.0%)  Optimization Remark Emitter
   0.0001 (  0.0%)   0.0000 (  0.0%)   0.0001 (  0.0%)   0.0001 (  0.0%)  Optimization Remark Emitter
   0.0001 (  0.0%)   0.0000 (  0.0%)   0.0001 (  0.0%)   0.0001 (  0.0%)  LCSSA Verifier
   0.0001 (  0.0%)   0.0000 (  0.0%)   0.0001 (  0.0%)   0.0001 (  0.0%)  Optimization Remark Emitter
   0.0001 (  0.0%)   0.0000 (  0.0%)   0.0001 (  0.0%)   0.0001 (  0.0%)  Lazy Block Frequency Analysis
   0.0001 (  0.0%)   0.0000 (  0.0%)   0.0001 (  0.0%)   0.0001 (  0.0%)  Optimization Remark Emitter
   0.0001 (  0.0%)   0.0000 (  0.0%)   0.0001 (  0.0%)   0.0001 (  0.0%)  Optimization Remark Emitter
   0.0001 (  0.0%)   0.0000 (  0.0%)   0.0001 (  0.0%)   0.0001 (  0.0%)  Optimization Remark Emitter
   0.0001 (  0.0%)   0.0000 (  0.0%)   0.0001 (  0.0%)   0.0001 (  0.0%)  Basic Alias Analysis (stateless AA impl)
   0.0001 (  0.0%)   0.0000 (  0.0%)   0.0001 (  0.0%)   0.0001 (  0.0%)  ScalarEvolution-based Alias Analysis
   0.0001 (  0.0%)   0.0000 (  0.0%)   0.0001 (  0.0%)   0.0001 (  0.0%)  Optimization Remark Emitter
   0.0001 (  0.0%)   0.0000 (  0.0%)   0.0001 (  0.0%)   0.0001 (  0.0%)  Basic Alias Analysis (stateless AA impl)
   0.0001 (  0.0%)   0.0000 (  0.0%)   0.0001 (  0.0%)   0.0001 (  0.0%)  Lazy Block Frequency Analysis
   0.0000 (  0.0%)   0.0000 (  0.0%)   0.0001 (  0.0%)   0.0001 (  0.0%)  Optimization Remark Emitter
   0.0001 (  0.0%)   0.0000 (  0.0%)   0.0001 (  0.0%)   0.0001 (  0.0%)  Lazy Branch Probability Analysis
   0.0001 (  0.0%)   0.0000 (  0.0%)   0.0001 (  0.0%)   0.0001 (  0.0%)  Lazy Block Frequency Analysis
   0.0001 (  0.0%)   0.0000 (  0.0%)   0.0001 (  0.0%)   0.0001 (  0.0%)  Lazy Branch Probability Analysis
   0.0001 (  0.0%)   0.0000 (  0.0%)   0.0001 (  0.0%)   0.0001 (  0.0%)  Lazy Branch Probability Analysis
   0.0001 (  0.0%)   0.0000 (  0.0%)   0.0001 (  0.0%)   0.0001 (  0.0%)  LCSSA Verifier
   0.0001 (  0.0%)   0.0000 (  0.0%)   0.0001 (  0.0%)   0.0001 (  0.0%)  Lazy Block Frequency Analysis
   0.0001 (  0.0%)   0.0000 (  0.0%)   0.0001 (  0.0%)   0.0001 (  0.0%)  Lazy Block Frequency Analysis
   0.0001 (  0.0%)   0.0000 (  0.0%)   0.0001 (  0.0%)   0.0001 (  0.0%)  Lazy Branch Probability Analysis
   0.0001 (  0.0%)   0.0000 (  0.0%)   0.0001 (  0.0%)   0.0001 (  0.0%)  Optimization Remark Emitter
   0.0001 (  0.0%)   0.0000 (  0.0%)   0.0001 (  0.0%)   0.0001 (  0.0%)  Optimization Remark Emitter
   0.0001 (  0.0%)   0.0000 (  0.0%)   0.0001 (  0.0%)   0.0001 (  0.0%)  Lazy Block Frequency Analysis
   0.0001 (  0.0%)   0.0000 (  0.0%)   0.0001 (  0.0%)   0.0001 (  0.0%)  ScalarEvolution-based Alias Analysis
   0.0001 (  0.0%)   0.0000 (  0.0%)   0.0001 (  0.0%)   0.0001 (  0.0%)  Lazy Block Frequency Analysis
   0.0001 (  0.0%)   0.0000 (  0.0%)   0.0001 (  0.0%)   0.0001 (  0.0%)  Optimization Remark Emitter
   0.0000 (  0.0%)   0.0000 (  0.0%)   0.0001 (  0.0%)   0.0001 (  0.0%)  ScalarEvolution-based Alias Analysis
   0.0001 (  0.0%)   0.0000 (  0.0%)   0.0001 (  0.0%)   0.0001 (  0.0%)  Optimization Remark Emitter
   0.0001 (  0.0%)   0.0000 (  0.0%)   0.0001 (  0.0%)   0.0001 (  0.0%)  ScalarEvolution-based Alias Analysis
   0.0001 (  0.0%)   0.0000 (  0.0%)   0.0001 (  0.0%)   0.0001 (  0.0%)  Lazy Block Frequency Analysis
   0.0001 (  0.0%)   0.0000 (  0.0%)   0.0001 (  0.0%)   0.0001 (  0.0%)  Optimization Remark Emitter
   0.0001 (  0.0%)   0.0000 (  0.0%)   0.0001 (  0.0%)   0.0001 (  0.0%)  Lazy Block Frequency Analysis
   0.0001 (  0.0%)   0.0000 (  0.0%)   0.0001 (  0.0%)   0.0001 (  0.0%)  Optimization Remark Emitter
   0.0001 (  0.0%)   0.0000 (  0.0%)   0.0001 (  0.0%)   0.0001 (  0.0%)  Optimization Remark Emitter
   0.0001 (  0.0%)   0.0000 (  0.0%)   0.0001 (  0.0%)   0.0001 (  0.0%)  Optimization Remark Emitter
   0.0001 (  0.0%)   0.0000 (  0.0%)   0.0001 (  0.0%)   0.0001 (  0.0%)  ScalarEvolution-based Alias Analysis
   0.0001 (  0.0%)   0.0000 (  0.0%)   0.0001 (  0.0%)   0.0001 (  0.0%)  Lazy Block Frequency Analysis
   0.0001 (  0.0%)   0.0000 (  0.0%)   0.0001 (  0.0%)   0.0001 (  0.0%)  Optimization Remark Emitter
   0.0001 (  0.0%)   0.0000 (  0.0%)   0.0001 (  0.0%)   0.0001 (  0.0%)  Optimization Remark Emitter
   0.0001 (  0.0%)   0.0000 (  0.0%)   0.0001 (  0.0%)   0.0001 (  0.0%)  Optimization Remark Emitter
   0.0001 (  0.0%)   0.0000 (  0.0%)   0.0001 (  0.0%)   0.0001 (  0.0%)  ScalarEvolution-based Alias Analysis
   0.0001 (  0.0%)   0.0000 (  0.0%)   0.0001 (  0.0%)   0.0001 (  0.0%)  Optimization Remark Emitter
   0.0001 (  0.0%)   0.0000 (  0.0%)   0.0001 (  0.0%)   0.0001 (  0.0%)  Lazy Block Frequency Analysis
   0.0001 (  0.0%)   0.0000 (  0.0%)   0.0001 (  0.0%)   0.0001 (  0.0%)  Lazy Block Frequency Analysis
   0.0001 (  0.0%)   0.0000 (  0.0%)   0.0001 (  0.0%)   0.0001 (  0.0%)  Lazy Block Frequency Analysis
   0.0001 (  0.0%)   0.0000 (  0.0%)   0.0001 (  0.0%)   0.0001 (  0.0%)  Optimization Remark Emitter
   0.0001 (  0.0%)   0.0000 (  0.0%)   0.0001 (  0.0%)   0.0001 (  0.0%)  ScalarEvolution-based Alias Analysis
   0.0001 (  0.0%)   0.0000 (  0.0%)   0.0001 (  0.0%)   0.0001 (  0.0%)  Optimization Remark Emitter
   0.0001 (  0.0%)   0.0000 (  0.0%)   0.0001 (  0.0%)   0.0001 (  0.0%)  Lazy Block Frequency Analysis
   0.0001 (  0.0%)   0.0000 (  0.0%)   0.0001 (  0.0%)   0.0001 (  0.0%)  Optimization Remark Emitter
   0.0001 (  0.0%)   0.0000 (  0.0%)   0.0001 (  0.0%)   0.0001 (  0.0%)  Lazy Block Frequency Analysis
   0.0001 (  0.0%)   0.0000 (  0.0%)   0.0001 (  0.0%)   0.0001 (  0.0%)  Optimization Remark Emitter
   0.0001 (  0.0%)   0.0000 (  0.0%)   0.0001 (  0.0%)   0.0001 (  0.0%)  Optimization Remark Emitter
   0.0001 (  0.0%)   0.0000 (  0.0%)   0.0001 (  0.0%)   0.0001 (  0.0%)  Optimization Remark Emitter
   0.0001 (  0.0%)   0.0000 (  0.0%)   0.0001 (  0.0%)   0.0001 (  0.0%)  Optimization Remark Emitter
   0.0001 (  0.0%)   0.0000 (  0.0%)   0.0001 (  0.0%)   0.0001 (  0.0%)  Lazy Block Frequency Analysis
   0.0001 (  0.0%)   0.0000 (  0.0%)   0.0001 (  0.0%)   0.0001 (  0.0%)  Optimization Remark Emitter
   0.0001 (  0.0%)   0.0000 (  0.0%)   0.0001 (  0.0%)   0.0001 (  0.0%)  Lazy Block Frequency Analysis
   0.0001 (  0.0%)   0.0000 (  0.0%)   0.0001 (  0.0%)   0.0001 (  0.0%)  Lazy Branch Probability Analysis
   0.0001 (  0.0%)   0.0000 (  0.0%)   0.0001 (  0.0%)   0.0001 (  0.0%)  ScalarEvolution-based Alias Analysis
   0.0001 (  0.0%)   0.0000 (  0.0%)   0.0001 (  0.0%)   0.0001 (  0.0%)  Lazy Block Frequency Analysis
   0.0001 (  0.0%)   0.0000 (  0.0%)   0.0001 (  0.0%)   0.0001 (  0.0%)  Optimization Remark Emitter
   0.0001 (  0.0%)   0.0000 (  0.0%)   0.0001 (  0.0%)   0.0001 (  0.0%)  Optimization Remark Emitter
   0.0001 (  0.0%)   0.0000 (  0.0%)   0.0001 (  0.0%)   0.0001 (  0.0%)  Optimization Remark Emitter
   0.0001 (  0.0%)   0.0000 (  0.0%)   0.0001 (  0.0%)   0.0001 (  0.0%)  Optimization Remark Emitter
   0.0001 (  0.0%)   0.0000 (  0.0%)   0.0001 (  0.0%)   0.0001 (  0.0%)  Lazy Block Frequency Analysis
   0.0001 (  0.0%)   0.0000 (  0.0%)   0.0001 (  0.0%)   0.0001 (  0.0%)  Lazy Block Frequency Analysis
   0.0001 (  0.0%)   0.0000 (  0.0%)   0.0001 (  0.0%)   0.0001 (  0.0%)  Lazy Block Frequency Analysis
   0.0001 (  0.0%)   0.0000 (  0.0%)   0.0001 (  0.0%)   0.0001 (  0.0%)  Lazy Branch Probability Analysis
   0.0001 (  0.0%)   0.0000 (  0.0%)   0.0001 (  0.0%)   0.0001 (  0.0%)  Optimization Remark Emitter
   0.0001 (  0.0%)   0.0000 (  0.0%)   0.0001 (  0.0%)   0.0001 (  0.0%)  Optimization Remark Emitter
   0.0001 (  0.0%)   0.0000 (  0.0%)   0.0001 (  0.0%)   0.0001 (  0.0%)  ScalarEvolution-based Alias Analysis
   0.0001 (  0.0%)   0.0000 (  0.0%)   0.0001 (  0.0%)   0.0001 (  0.0%)  Lazy Branch Probability Analysis
   0.0001 (  0.0%)   0.0000 (  0.0%)   0.0001 (  0.0%)   0.0001 (  0.0%)  Optimization Remark Emitter
   0.0001 (  0.0%)   0.0000 (  0.0%)   0.0001 (  0.0%)   0.0001 (  0.0%)  Lazy Block Frequency Analysis
   0.0001 (  0.0%)   0.0000 (  0.0%)   0.0001 (  0.0%)   0.0001 (  0.0%)  ScalarEvolution-based Alias Analysis
   0.0001 (  0.0%)   0.0000 (  0.0%)   0.0001 (  0.0%)   0.0001 (  0.0%)  Optimization Remark Emitter
   0.0001 (  0.0%)   0.0000 (  0.0%)   0.0001 (  0.0%)   0.0001 (  0.0%)  Lazy Branch Probability Analysis
   0.0001 (  0.0%)   0.0000 (  0.0%)   0.0001 (  0.0%)   0.0001 (  0.0%)  ScalarEvolution-based Alias Analysis
   0.0001 (  0.0%)   0.0000 (  0.0%)   0.0001 (  0.0%)   0.0001 (  0.0%)  Lazy Block Frequency Analysis
   0.0001 (  0.0%)   0.0000 (  0.0%)   0.0001 (  0.0%)   0.0001 (  0.0%)  Lazy Branch Probability Analysis
   0.0001 (  0.0%)   0.0000 (  0.0%)   0.0001 (  0.0%)   0.0001 (  0.0%)  ScalarEvolution-based Alias Analysis
   0.0001 (  0.0%)   0.0000 (  0.0%)   0.0001 (  0.0%)   0.0001 (  0.0%)  Lazy Block Frequency Analysis
   0.0001 (  0.0%)   0.0000 (  0.0%)   0.0001 (  0.0%)   0.0001 (  0.0%)  LCSSA Verifier
   0.0001 (  0.0%)   0.0000 (  0.0%)   0.0001 (  0.0%)   0.0001 (  0.0%)  ScalarEvolution-based Alias Analysis
   0.0001 (  0.0%)   0.0000 (  0.0%)   0.0001 (  0.0%)   0.0001 (  0.0%)  Optimization Remark Emitter
   0.0001 (  0.0%)   0.0000 (  0.0%)   0.0001 (  0.0%)   0.0001 (  0.0%)  Lazy Branch Probability Analysis
   0.0001 (  0.0%)   0.0000 (  0.0%)   0.0001 (  0.0%)   0.0001 (  0.0%)  Lazy Block Frequency Analysis
   0.0001 (  0.0%)   0.0000 (  0.0%)   0.0001 (  0.0%)   0.0001 (  0.0%)  Lazy Block Frequency Analysis
   0.0001 (  0.0%)   0.0000 (  0.0%)   0.0001 (  0.0%)   0.0001 (  0.0%)  Optimization Remark Emitter
   0.0001 (  0.0%)   0.0000 (  0.0%)   0.0001 (  0.0%)   0.0001 (  0.0%)  Optimization Remark Emitter
   0.0001 (  0.0%)   0.0000 (  0.0%)   0.0001 (  0.0%)   0.0001 (  0.0%)  Lazy Block Frequency Analysis
   0.0001 (  0.0%)   0.0001 (  0.0%)   0.0001 (  0.0%)   0.0001 (  0.0%)  Lazy Block Frequency Analysis
   0.0001 (  0.0%)   0.0000 (  0.0%)   0.0001 (  0.0%)   0.0001 (  0.0%)  Optimization Remark Emitter
   0.0001 (  0.0%)   0.0000 (  0.0%)   0.0001 (  0.0%)   0.0001 (  0.0%)  LCSSA Verifier
   0.0001 (  0.0%)   0.0000 (  0.0%)   0.0001 (  0.0%)   0.0001 (  0.0%)  Optimization Remark Emitter
   0.0001 (  0.0%)   0.0000 (  0.0%)   0.0001 (  0.0%)   0.0001 (  0.0%)  Lazy Block Frequency Analysis
   0.0001 (  0.0%)   0.0000 (  0.0%)   0.0001 (  0.0%)   0.0001 (  0.0%)  SPIRUpdateIntrRange - Update SPIR Intrinsics Metadata
   0.0001 (  0.0%)   0.0000 (  0.0%)   0.0001 (  0.0%)   0.0001 (  0.0%)  Optimization Remark Emitter
   0.0001 (  0.0%)   0.0000 (  0.0%)   0.0001 (  0.0%)   0.0001 (  0.0%)  Lazy Block Frequency Analysis
   0.0001 (  0.0%)   0.0000 (  0.0%)   0.0001 (  0.0%)   0.0001 (  0.0%)  LCSSA Verifier
   0.0001 (  0.0%)   0.0000 (  0.0%)   0.0001 (  0.0%)   0.0001 (  0.0%)  Optimization Remark Emitter
   0.0001 (  0.0%)   0.0000 (  0.0%)   0.0001 (  0.0%)   0.0001 (  0.0%)  Optimization Remark Emitter
   0.0001 (  0.0%)   0.0000 (  0.0%)   0.0001 (  0.0%)   0.0001 (  0.0%)  LCSSA Verifier
   0.0001 (  0.0%)   0.0000 (  0.0%)   0.0001 (  0.0%)   0.0001 (  0.0%)  Optimization Remark Emitter
   0.0001 (  0.0%)   0.0000 (  0.0%)   0.0001 (  0.0%)   0.0001 (  0.0%)  Optimization Remark Emitter
   0.0001 (  0.0%)   0.0000 (  0.0%)   0.0001 (  0.0%)   0.0001 (  0.0%)  Optimization Remark Emitter
   0.0001 (  0.0%)   0.0000 (  0.0%)   0.0001 (  0.0%)   0.0001 (  0.0%)  Lazy Block Frequency Analysis
   0.0001 (  0.0%)   0.0000 (  0.0%)   0.0001 (  0.0%)   0.0001 (  0.0%)  Lazy Block Frequency Analysis
   0.0001 (  0.0%)   0.0000 (  0.0%)   0.0001 (  0.0%)   0.0001 (  0.0%)  LCSSA Verifier
   0.0001 (  0.0%)   0.0000 (  0.0%)   0.0001 (  0.0%)   0.0001 (  0.0%)  Optimization Remark Emitter
   0.0001 (  0.0%)   0.0000 (  0.0%)   0.0001 (  0.0%)   0.0001 (  0.0%)  Lazy Branch Probability Analysis
   0.0001 (  0.0%)   0.0000 (  0.0%)   0.0001 (  0.0%)   0.0001 (  0.0%)  Lazy Block Frequency Analysis
   0.0001 (  0.0%)   0.0000 (  0.0%)   0.0001 (  0.0%)   0.0001 (  0.0%)  Lazy Block Frequency Analysis
   0.0001 (  0.0%)   0.0000 (  0.0%)   0.0001 (  0.0%)   0.0001 (  0.0%)  Lazy Block Frequency Analysis
   0.0001 (  0.0%)   0.0000 (  0.0%)   0.0001 (  0.0%)   0.0001 (  0.0%)  Lazy Block Frequency Analysis
   0.0001 (  0.0%)   0.0000 (  0.0%)   0.0001 (  0.0%)   0.0001 (  0.0%)  LCSSA Verifier
   0.0001 (  0.0%)   0.0000 (  0.0%)   0.0001 (  0.0%)   0.0001 (  0.0%)  Lazy Block Frequency Analysis
   0.0001 (  0.0%)   0.0000 (  0.0%)   0.0001 (  0.0%)   0.0001 (  0.0%)  ScalarEvolution-based Alias Analysis
   0.0001 (  0.0%)   0.0000 (  0.0%)   0.0001 (  0.0%)   0.0001 (  0.0%)  Lazy Block Frequency Analysis
   0.0001 (  0.0%)   0.0000 (  0.0%)   0.0001 (  0.0%)   0.0001 (  0.0%)  ScalarEvolution-based Alias Analysis
   0.0001 (  0.0%)   0.0000 (  0.0%)   0.0001 (  0.0%)   0.0001 (  0.0%)  Optimization Remark Emitter
   0.0001 (  0.0%)   0.0000 (  0.0%)   0.0001 (  0.0%)   0.0001 (  0.0%)  Lazy Block Frequency Analysis
   0.0001 (  0.0%)   0.0000 (  0.0%)   0.0001 (  0.0%)   0.0001 (  0.0%)  ScalarEvolution-based Alias Analysis
   0.0001 (  0.0%)   0.0000 (  0.0%)   0.0001 (  0.0%)   0.0001 (  0.0%)  Lazy Block Frequency Analysis
   0.0001 (  0.0%)   0.0000 (  0.0%)   0.0001 (  0.0%)   0.0001 (  0.0%)  LCSSA Verifier
   0.0001 (  0.0%)   0.0000 (  0.0%)   0.0001 (  0.0%)   0.0001 (  0.0%)  Lazy Block Frequency Analysis
   0.0001 (  0.0%)   0.0000 (  0.0%)   0.0001 (  0.0%)   0.0001 (  0.0%)  Optimization Remark Emitter
   0.0001 (  0.0%)   0.0000 (  0.0%)   0.0001 (  0.0%)   0.0001 (  0.0%)  Lazy Block Frequency Analysis
   0.0001 (  0.0%)   0.0000 (  0.0%)   0.0001 (  0.0%)   0.0001 (  0.0%)  Lazy Block Frequency Analysis
   0.0001 (  0.0%)   0.0000 (  0.0%)   0.0001 (  0.0%)   0.0001 (  0.0%)  Lazy Block Frequency Analysis
   0.0001 (  0.0%)   0.0000 (  0.0%)   0.0001 (  0.0%)   0.0001 (  0.0%)  Optimization Remark Emitter
   0.0001 (  0.0%)   0.0000 (  0.0%)   0.0001 (  0.0%)   0.0001 (  0.0%)  Lazy Block Frequency Analysis
   0.0000 (  0.0%)   0.0001 (  0.0%)   0.0001 (  0.0%)   0.0001 (  0.0%)  LCSSA Verifier
   0.0001 (  0.0%)   0.0000 (  0.0%)   0.0001 (  0.0%)   0.0001 (  0.0%)  Optimization Remark Emitter
   0.0001 (  0.0%)   0.0000 (  0.0%)   0.0001 (  0.0%)   0.0001 (  0.0%)  Optimization Remark Emitter
   0.0001 (  0.0%)   0.0000 (  0.0%)   0.0001 (  0.0%)   0.0001 (  0.0%)  Optimization Remark Emitter
   0.0001 (  0.0%)   0.0000 (  0.0%)   0.0001 (  0.0%)   0.0001 (  0.0%)  LCSSA Verifier
   0.0001 (  0.0%)   0.0000 (  0.0%)   0.0001 (  0.0%)   0.0001 (  0.0%)  Lazy Block Frequency Analysis
   0.0001 (  0.0%)   0.0000 (  0.0%)   0.0001 (  0.0%)   0.0001 (  0.0%)  Lazy Block Frequency Analysis
   0.0001 (  0.0%)   0.0000 (  0.0%)   0.0001 (  0.0%)   0.0001 (  0.0%)  LCSSA Verifier
   0.0001 (  0.0%)   0.0000 (  0.0%)   0.0001 (  0.0%)   0.0001 (  0.0%)  Optimization Remark Emitter
   0.0001 (  0.0%)   0.0000 (  0.0%)   0.0001 (  0.0%)   0.0001 (  0.0%)  Interprocedural constant propagation
   0.0001 (  0.0%)   0.0000 (  0.0%)   0.0001 (  0.0%)   0.0001 (  0.0%)  Interprocedural constant propagation
   0.0001 (  0.0%)   0.0000 (  0.0%)   0.0001 (  0.0%)   0.0001 (  0.0%)  Optimization Remark Emitter
   0.0001 (  0.0%)   0.0000 (  0.0%)   0.0001 (  0.0%)   0.0001 (  0.0%)  Function duplication
   0.0001 (  0.0%)   0.0000 (  0.0%)   0.0001 (  0.0%)   0.0001 (  0.0%)  Lower printf for the fpga target
   0.0001 (  0.0%)   0.0000 (  0.0%)   0.0001 (  0.0%)   0.0001 (  0.0%)  Aggressive Dead Code Elimination
   0.0001 (  0.0%)   0.0000 (  0.0%)   0.0001 (  0.0%)   0.0001 (  0.0%)  Infer workgroup size for opencl Kernel
   0.0000 (  0.0%)   0.0000 (  0.0%)   0.0001 (  0.0%)   0.0001 (  0.0%)  Interprocedural constant propagation
   0.0001 (  0.0%)   0.0000 (  0.0%)   0.0001 (  0.0%)   0.0001 (  0.0%)  Lower stream depth
   0.0000 (  0.0%)   0.0000 (  0.0%)   0.0001 (  0.0%)   0.0001 (  0.0%)  ArrayReshape - Reshape Arrays into Wider Arrays
   0.0000 (  0.0%)   0.0000 (  0.0%)   0.0000 (  0.0%)   0.0000 (  0.0%)  Post-Dominator Tree Construction
   0.0000 (  0.0%)   0.0000 (  0.0%)   0.0000 (  0.0%)   0.0000 (  0.0%)  Assumption Cache Tracker
   0.0000 (  0.0%)   0.0000 (  0.0%)   0.0000 (  0.0%)   0.0000 (  0.0%)  Dominator Tree Construction
   0.0000 (  0.0%)   0.0000 (  0.0%)   0.0000 (  0.0%)   0.0000 (  0.0%)  ArrayPartition - Partition Arrays into Banks
   0.0000 (  0.0%)   0.0000 (  0.0%)   0.0000 (  0.0%)   0.0000 (  0.0%)  Interface Analysis
   0.0000 (  0.0%)   0.0000 (  0.0%)   0.0000 (  0.0%)   0.0000 (  0.0%)  Interface Analysis
   0.0000 (  0.0%)   0.0000 (  0.0%)   0.0000 (  0.0%)   0.0000 (  0.0%)  Interface Analysis
   0.0000 (  0.0%)   0.0000 (  0.0%)   0.0000 (  0.0%)   0.0000 (  0.0%)  Interface Analysis
   0.0000 (  0.0%)   0.0000 (  0.0%)   0.0000 (  0.0%)   0.0000 (  0.0%)  Interface Analysis
   0.0000 (  0.0%)   0.0000 (  0.0%)   0.0000 (  0.0%)   0.0000 (  0.0%)  Interface Analysis
   0.0000 (  0.0%)   0.0000 (  0.0%)   0.0000 (  0.0%)   0.0000 (  0.0%)  Dead Global Elimination
   0.0000 (  0.0%)   0.0000 (  0.0%)   0.0000 (  0.0%)   0.0000 (  0.0%)  Interface Analysis
   0.0000 (  0.0%)   0.0000 (  0.0%)   0.0000 (  0.0%)   0.0000 (  0.0%)  Revert PPPO for array-to-stream
   0.0000 (  0.0%)   0.0000 (  0.0%)   0.0000 (  0.0%)   0.0000 (  0.0%)  Eliminate dead stores globally
   0.0000 (  0.0%)   0.0000 (  0.0%)   0.0000 (  0.0%)   0.0000 (  0.0%)  Revert PPPO for array-to-stream
   0.0000 (  0.0%)   0.0000 (  0.0%)   0.0000 (  0.0%)   0.0000 (  0.0%)  Lower intrinsics for FPGAs
   0.0000 (  0.0%)   0.0000 (  0.0%)   0.0000 (  0.0%)   0.0000 (  0.0%)  Lower HLS related intrinsics
   0.0000 (  0.0%)   0.0000 (  0.0%)   0.0000 (  0.0%)   0.0000 (  0.0%)  Lower intrinsics for FPGAs
   0.0000 (  0.0%)   0.0000 (  0.0%)   0.0000 (  0.0%)   0.0000 (  0.0%)  Interface Analysis
   0.0000 (  0.0%)   0.0000 (  0.0%)   0.0000 (  0.0%)   0.0000 (  0.0%)  Performance Evaluation
   0.0000 (  0.0%)   0.0000 (  0.0%)   0.0000 (  0.0%)   0.0000 (  0.0%)  Lower memory intrinsic
   0.0000 (  0.0%)   0.0000 (  0.0%)   0.0000 (  0.0%)   0.0000 (  0.0%)  Lower llvm.assume to _ssdm_AssertFail
   0.0000 (  0.0%)   0.0000 (  0.0%)   0.0000 (  0.0%)   0.0000 (  0.0%)  Achieval II estimation - estimate acheival II lower bound according to constraint
   0.0000 (  0.0%)   0.0000 (  0.0%)   0.0000 (  0.0%)   0.0000 (  0.0%)  Lower HLS related intrinsics
   0.0000 (  0.0%)   0.0000 (  0.0%)   0.0000 (  0.0%)   0.0000 (  0.0%)  Revert PPPO for array-to-stream
   0.0000 (  0.0%)   0.0000 (  0.0%)   0.0000 (  0.0%)   0.0000 (  0.0%)  Lower HLS related intrinsics
   0.0000 (  0.0%)   0.0000 (  0.0%)   0.0000 (  0.0%)   0.0000 (  0.0%)  Revert PPPO for array-to-stream
   0.0000 (  0.0%)   0.0000 (  0.0%)   0.0000 (  0.0%)   0.0000 (  0.0%)  Lower intrinsics for FPGAs
   0.0000 (  0.0%)   0.0000 (  0.0%)   0.0000 (  0.0%)   0.0000 (  0.0%)  Delinearization
   0.0000 (  0.0%)   0.0000 (  0.0%)   0.0000 (  0.0%)   0.0000 (  0.0%)  Interface Analysis
   0.0000 (  0.0%)   0.0000 (  0.0%)   0.0000 (  0.0%)   0.0000 (  0.0%)  Interface Analysis
   0.0000 (  0.0%)   0.0000 (  0.0%)   0.0000 (  0.0%)   0.0000 (  0.0%)  Eliminate guard varible
   0.0000 (  0.0%)   0.0000 (  0.0%)   0.0000 (  0.0%)   0.0000 (  0.0%)  Achieval II estimation - estimate acheival II lower bound according to constraint
   0.0000 (  0.0%)   0.0000 (  0.0%)   0.0000 (  0.0%)   0.0000 (  0.0%)  Achieval II estimation - estimate acheival II lower bound according to constraint
   0.0000 (  0.0%)   0.0000 (  0.0%)   0.0000 (  0.0%)   0.0000 (  0.0%)  Performance Evaluation
   0.0000 (  0.0%)   0.0000 (  0.0%)   0.0000 (  0.0%)   0.0000 (  0.0%)  Structure Decomposition
   0.0000 (  0.0%)   0.0000 (  0.0%)   0.0000 (  0.0%)   0.0000 (  0.0%)  Lower intrinsics for FPGAs
   0.0000 (  0.0%)   0.0000 (  0.0%)   0.0000 (  0.0%)   0.0000 (  0.0%)  Eliminate guard varible
   0.0000 (  0.0%)   0.0000 (  0.0%)   0.0000 (  0.0%)   0.0000 (  0.0%)  Interface Analysis
   0.0000 (  0.0%)   0.0000 (  0.0%)   0.0000 (  0.0%)   0.0000 (  0.0%)  Interface Analysis
   0.0000 (  0.0%)   0.0000 (  0.0%)   0.0000 (  0.0%)   0.0000 (  0.0%)  Interface Analysis
   0.0000 (  0.0%)   0.0000 (  0.0%)   0.0000 (  0.0%)   0.0000 (  0.0%)  Interface Analysis
   0.0000 (  0.0%)   0.0000 (  0.0%)   0.0000 (  0.0%)   0.0000 (  0.0%)  Interface Analysis
   0.0000 (  0.0%)   0.0000 (  0.0%)   0.0000 (  0.0%)   0.0000 (  0.0%)  Interface Analysis
   0.0000 (  0.0%)   0.0000 (  0.0%)   0.0000 (  0.0%)   0.0000 (  0.0%)  Interface Analysis
   0.0000 (  0.0%)   0.0000 (  0.0%)   0.0000 (  0.0%)   0.0000 (  0.0%)  Interface Analysis
   0.0000 (  0.0%)   0.0000 (  0.0%)   0.0000 (  0.0%)   0.0000 (  0.0%)  Interface Analysis
   0.0000 (  0.0%)   0.0000 (  0.0%)   0.0000 (  0.0%)   0.0000 (  0.0%)  Interface Analysis
   0.0000 (  0.0%)   0.0000 (  0.0%)   0.0000 (  0.0%)   0.0000 (  0.0%)  Interface Analysis
   0.0000 (  0.0%)   0.0000 (  0.0%)   0.0000 (  0.0%)   0.0000 (  0.0%)  Interface Analysis
   0.0000 (  0.0%)   0.0000 (  0.0%)   0.0000 (  0.0%)   0.0000 (  0.0%)  Interface Analysis
   0.0000 (  0.0%)   0.0000 (  0.0%)   0.0000 (  0.0%)   0.0000 (  0.0%)  A No-Op Barrier Pass
   0.0000 (  0.0%)   0.0000 (  0.0%)   0.0000 (  0.0%)   0.0000 (  0.0%)  Interface Analysis
   0.0000 (  0.0%)   0.0000 (  0.0%)   0.0000 (  0.0%)   0.0000 (  0.0%)  Interface Analysis
   0.0000 (  0.0%)   0.0000 (  0.0%)   0.0000 (  0.0%)   0.0000 (  0.0%)  Interface Analysis
   0.0000 (  0.0%)   0.0000 (  0.0%)   0.0000 (  0.0%)   0.0000 (  0.0%)  Interface Analysis
   0.0000 (  0.0%)   0.0000 (  0.0%)   0.0000 (  0.0%)   0.0000 (  0.0%)  Interface Analysis
   0.0000 (  0.0%)   0.0000 (  0.0%)   0.0000 (  0.0%)   0.0000 (  0.0%)  Interface Analysis
   0.0000 (  0.0%)   0.0000 (  0.0%)   0.0000 (  0.0%)   0.0000 (  0.0%)  Interface Analysis
   0.0000 (  0.0%)   0.0000 (  0.0%)   0.0000 (  0.0%)   0.0000 (  0.0%)  Interface Analysis
   0.0000 (  0.0%)   0.0000 (  0.0%)   0.0000 (  0.0%)   0.0000 (  0.0%)  Interface Analysis
   0.0000 (  0.0%)   0.0000 (  0.0%)   0.0000 (  0.0%)   0.0000 (  0.0%)  Interface Analysis
   0.0000 (  0.0%)   0.0000 (  0.0%)   0.0000 (  0.0%)   0.0000 (  0.0%)  Interface Analysis
   0.0000 (  0.0%)   0.0000 (  0.0%)   0.0000 (  0.0%)   0.0000 (  0.0%)  Interface Analysis
   0.0000 (  0.0%)   0.0000 (  0.0%)   0.0000 (  0.0%)   0.0000 (  0.0%)  Interface Analysis
   0.0000 (  0.0%)   0.0000 (  0.0%)   0.0000 (  0.0%)   0.0000 (  0.0%)  Interface Analysis
   0.0000 (  0.0%)   0.0000 (  0.0%)   0.0000 (  0.0%)   0.0000 (  0.0%)  Interface Analysis
   0.0000 (  0.0%)   0.0000 (  0.0%)   0.0000 (  0.0%)   0.0000 (  0.0%)  A No-Op Barrier Pass
   0.0000 (  0.0%)   0.0000 (  0.0%)   0.0000 (  0.0%)   0.0000 (  0.0%)  Collect basic metrics for FE reflow
   0.0000 (  0.0%)   0.0000 (  0.0%)   0.0000 (  0.0%)   0.0000 (  0.0%)  Interface Analysis
   0.0000 (  0.0%)   0.0000 (  0.0%)   0.0000 (  0.0%)   0.0000 (  0.0%)  A No-Op Barrier Pass
   0.0000 (  0.0%)   0.0000 (  0.0%)   0.0000 (  0.0%)   0.0000 (  0.0%)  Entirety access check on array-to-stream
   0.0000 (  0.0%)   0.0000 (  0.0%)   0.0000 (  0.0%)   0.0000 (  0.0%)  A No-Op Barrier Pass
   0.0000 (  0.0%)   0.0000 (  0.0%)   0.0000 (  0.0%)   0.0000 (  0.0%)  Target Transform Information
   0.0000 (  0.0%)   0.0000 (  0.0%)   0.0000 (  0.0%)   0.0000 (  0.0%)  Profile summary info
   0.0000 (  0.0%)   0.0000 (  0.0%)   0.0000 (  0.0%)   0.0000 (  0.0%)  Target Library Information
   3.7155 (100.0%)   1.4179 (100.0%)   5.1334 (100.0%)   5.1324 (100.0%)  Total

===-------------------------------------------------------------------------===
                                LLVM IR Parsing
===-------------------------------------------------------------------------===
  Total Execution Time: 0.0777 seconds (0.0777 wall clock)

   ---User Time---   --System Time--   --User+System--   ---Wall Time---  --- Name ---
   0.0607 (100.0%)   0.0169 (100.0%)   0.0777 (100.0%)   0.0777 (100.0%)  Parse IR
   0.0607 (100.0%)   0.0169 (100.0%)   0.0777 (100.0%)   0.0777 (100.0%)  Total

===-------------------------------------------------------------------------===
                          Clang front-end time report
===-------------------------------------------------------------------------===
  Total Execution Time: 5.4824 seconds (5.4826 wall clock)

   ---User Time---   --System Time--   --User+System--   ---Wall Time---  --- Name ---
   4.0090 (100.0%)   1.4735 (100.0%)   5.4824 (100.0%)   5.4826 (100.0%)  Clang front-end timer
   4.0090 (100.0%)   1.4735 (100.0%)   5.4824 (100.0%)   5.4826 (100.0%)  Total

