

================================================================
== Vitis HLS Report for 'systolic_QKT'
================================================================
* Date:           Wed Feb  5 22:34:40 2025

* Version:        2023.2 (Build 4023990 on Oct 11 2023)
* Project:        DitBlock
* Solution:       hls (Vivado IP Flow Target)
* Product family: virtexuplusHBM
* Target device:  xcu280-fsvh2892-2L-e


================================================================
== Performance Estimates
================================================================
+ Timing: 
    * Summary: 
    +--------+----------+----------+------------+
    |  Clock |  Target  | Estimated| Uncertainty|
    +--------+----------+----------+------------+
    |ap_clk  |  10.00 ns|  6.536 ns|     2.70 ns|
    +--------+----------+----------+------------+

+ Latency: 
    * Summary: 
    +----------+----------+-----------+-----------+----------+----------+---------+
    |   Latency (cycles)  |   Latency (absolute)  |       Interval      | Pipeline|
    |    min   |    max   |    min    |    max    |    min   |    max   |   Type  |
    +----------+----------+-----------+-----------+----------+----------+---------+
    |  12025857|  12025857|  0.120 sec|  0.120 sec|  12025857|  12025857|       no|
    +----------+----------+-----------+-----------+----------+----------+---------+

    + Detail: 
        * Instance: 
        +-----------------------------------------------------------+------------------------------------------------+---------+---------+----------+----------+-----+-----+----------+
        |                                                           |                                                |  Latency (cycles) |  Latency (absolute) |  Interval | Pipeline |
        |                          Instance                         |                     Module                     |   min   |   max   |    min   |    max   | min | max |   Type   |
        +-----------------------------------------------------------+------------------------------------------------+---------+---------+----------+----------+-----+-----+----------+
        |grp_systolic_QKT_Pipeline_l_load_A_tile_ak4_l_ai4_fu_382   |systolic_QKT_Pipeline_l_load_A_tile_ak4_l_ai4   |      514|      514|  5.140 us|  5.140 us|  514|  514|        no|
        |grp_systolic_QKT_Pipeline_l_load_B_tile_bk4_l_bj4_fu_398   |systolic_QKT_Pipeline_l_load_B_tile_bk4_l_bj4   |      514|      514|  5.140 us|  5.140 us|  514|  514|        no|
        |grp_systolic_tile_QKT_fu_413                               |systolic_tile_QKT                               |      148|      148|  1.480 us|  1.480 us|  134|  134|  dataflow|
        |grp_systolic_QKT_Pipeline_l_store_C_tile_sj4_l_si4_fu_497  |systolic_QKT_Pipeline_l_store_C_tile_sj4_l_si4  |       66|       66|  0.660 us|  0.660 us|   66|   66|        no|
        +-----------------------------------------------------------+------------------------------------------------+---------+---------+----------+----------+-----+-----+----------+

        * Loop: 
        +--------------------------+----------+----------+----------+-----------+-----------+-------+----------+
        |                          |   Latency (cycles)  | Iteration|  Initiation Interval  |  Trip |          |
        |         Loop Name        |    min   |    max   |  Latency |  achieved |   target  | Count | Pipelined|
        +--------------------------+----------+----------+----------+-----------+-----------+-------+----------+
        |- l_outer_tile_mi4_l_ni4  |  12025856|  12025856|       734|          -|          -|  16384|        no|
        +--------------------------+----------+----------+----------+-----------+-----------+-------+----------+

============================================================
+ Verbose Summary: Synthesis Manager
============================================================
InlineROM: 1
ExposeGlobal: 0
============================================================
+ Verbose Summary: CDFG Model
============================================================
IsTopModel: 0
ResetActiveHigh: 1
IsCombinational: 0
IsDatapathOnly: 0
HasWiredReturn: 1
HasMFsm: 0
HasVarLatency: 1
IsPipeline: 0
IsRtlPipelined: 0
IsInstanceOverlapped: 0
IsDontTouch: 0
HasImplIP: 0
IsGatedGlobalClock: 0


============================================================
+ Verbose Summary: Schedule
============================================================
* Number of FSM states : 7
* Pipeline : 0
* Dataflow Pipeline: 0

* FSM state transitions: 
1 --> 2 
2 --> 3 
3 --> 4 
4 --> 5 
5 --> 6 
6 --> 7 
7 --> 2 

* FSM state operations: 

State 1 <SV = 0> <Delay = 0.69>
ST_1 : Operation 8 [1/1] (0.00ns)   --->   "%ni4 = alloca i32 1" [/home/silvenchen/Desktop/DitBlock/WorkDCT/DitBlock/kernel.cpp:12605]   --->   Operation 8 'alloca' 'ni4' <Predicate = true> <Delay = 0.00>
ST_1 : Operation 9 [1/1] (0.00ns)   --->   "%mi4 = alloca i32 1" [/home/silvenchen/Desktop/DitBlock/WorkDCT/DitBlock/kernel.cpp:12604]   --->   Operation 9 'alloca' 'mi4' <Predicate = true> <Delay = 0.00>
ST_1 : Operation 10 [1/1] (0.00ns)   --->   "%indvar_flatten20 = alloca i32 1"   --->   Operation 10 'alloca' 'indvar_flatten20' <Predicate = true> <Delay = 0.00>
ST_1 : Operation 11 [1/1] (0.00ns)   --->   "%specmemcore_ln0 = specmemcore void @_ssdm_op_SpecMemCore, i32 %v6884, i64 666, i64 24, i64 18446744073709551615"   --->   Operation 11 'specmemcore' 'specmemcore_ln0' <Predicate = true> <Delay = 0.00>
ST_1 : Operation 12 [1/1] (0.69ns)   --->   "%local_A4 = alloca i64 1" [/home/silvenchen/Desktop/DitBlock/WorkDCT/DitBlock/kernel.cpp:12594]   --->   Operation 12 'alloca' 'local_A4' <Predicate = true> <Delay = 0.69>
ST_1 : Operation 13 [1/1] (0.69ns)   --->   "%local_A4_1 = alloca i64 1" [/home/silvenchen/Desktop/DitBlock/WorkDCT/DitBlock/kernel.cpp:12594]   --->   Operation 13 'alloca' 'local_A4_1' <Predicate = true> <Delay = 0.69>
ST_1 : Operation 14 [1/1] (0.69ns)   --->   "%local_A4_2 = alloca i64 1" [/home/silvenchen/Desktop/DitBlock/WorkDCT/DitBlock/kernel.cpp:12594]   --->   Operation 14 'alloca' 'local_A4_2' <Predicate = true> <Delay = 0.69>
ST_1 : Operation 15 [1/1] (0.69ns)   --->   "%local_A4_3 = alloca i64 1" [/home/silvenchen/Desktop/DitBlock/WorkDCT/DitBlock/kernel.cpp:12594]   --->   Operation 15 'alloca' 'local_A4_3' <Predicate = true> <Delay = 0.69>
ST_1 : Operation 16 [1/1] (0.69ns)   --->   "%local_A4_4 = alloca i64 1" [/home/silvenchen/Desktop/DitBlock/WorkDCT/DitBlock/kernel.cpp:12594]   --->   Operation 16 'alloca' 'local_A4_4' <Predicate = true> <Delay = 0.69>
ST_1 : Operation 17 [1/1] (0.69ns)   --->   "%local_A4_5 = alloca i64 1" [/home/silvenchen/Desktop/DitBlock/WorkDCT/DitBlock/kernel.cpp:12594]   --->   Operation 17 'alloca' 'local_A4_5' <Predicate = true> <Delay = 0.69>
ST_1 : Operation 18 [1/1] (0.69ns)   --->   "%local_A4_6 = alloca i64 1" [/home/silvenchen/Desktop/DitBlock/WorkDCT/DitBlock/kernel.cpp:12594]   --->   Operation 18 'alloca' 'local_A4_6' <Predicate = true> <Delay = 0.69>
ST_1 : Operation 19 [1/1] (0.69ns)   --->   "%local_A4_7 = alloca i64 1" [/home/silvenchen/Desktop/DitBlock/WorkDCT/DitBlock/kernel.cpp:12594]   --->   Operation 19 'alloca' 'local_A4_7' <Predicate = true> <Delay = 0.69>
ST_1 : Operation 20 [1/1] (0.69ns)   --->   "%local_B4 = alloca i64 1" [/home/silvenchen/Desktop/DitBlock/WorkDCT/DitBlock/kernel.cpp:12597]   --->   Operation 20 'alloca' 'local_B4' <Predicate = true> <Delay = 0.69>
ST_1 : Operation 21 [1/1] (0.69ns)   --->   "%local_B4_1 = alloca i64 1" [/home/silvenchen/Desktop/DitBlock/WorkDCT/DitBlock/kernel.cpp:12597]   --->   Operation 21 'alloca' 'local_B4_1' <Predicate = true> <Delay = 0.69>
ST_1 : Operation 22 [1/1] (0.69ns)   --->   "%local_B4_2 = alloca i64 1" [/home/silvenchen/Desktop/DitBlock/WorkDCT/DitBlock/kernel.cpp:12597]   --->   Operation 22 'alloca' 'local_B4_2' <Predicate = true> <Delay = 0.69>
ST_1 : Operation 23 [1/1] (0.69ns)   --->   "%local_B4_3 = alloca i64 1" [/home/silvenchen/Desktop/DitBlock/WorkDCT/DitBlock/kernel.cpp:12597]   --->   Operation 23 'alloca' 'local_B4_3' <Predicate = true> <Delay = 0.69>
ST_1 : Operation 24 [1/1] (0.69ns)   --->   "%local_B4_4 = alloca i64 1" [/home/silvenchen/Desktop/DitBlock/WorkDCT/DitBlock/kernel.cpp:12597]   --->   Operation 24 'alloca' 'local_B4_4' <Predicate = true> <Delay = 0.69>
ST_1 : Operation 25 [1/1] (0.69ns)   --->   "%local_B4_5 = alloca i64 1" [/home/silvenchen/Desktop/DitBlock/WorkDCT/DitBlock/kernel.cpp:12597]   --->   Operation 25 'alloca' 'local_B4_5' <Predicate = true> <Delay = 0.69>
ST_1 : Operation 26 [1/1] (0.69ns)   --->   "%local_B4_6 = alloca i64 1" [/home/silvenchen/Desktop/DitBlock/WorkDCT/DitBlock/kernel.cpp:12597]   --->   Operation 26 'alloca' 'local_B4_6' <Predicate = true> <Delay = 0.69>
ST_1 : Operation 27 [1/1] (0.69ns)   --->   "%local_B4_7 = alloca i64 1" [/home/silvenchen/Desktop/DitBlock/WorkDCT/DitBlock/kernel.cpp:12597]   --->   Operation 27 'alloca' 'local_B4_7' <Predicate = true> <Delay = 0.69>
ST_1 : Operation 28 [1/1] (0.00ns)   --->   "%local_C4 = alloca i64 1" [/home/silvenchen/Desktop/DitBlock/WorkDCT/DitBlock/kernel.cpp:12600]   --->   Operation 28 'alloca' 'local_C4' <Predicate = true> <Delay = 0.00>
ST_1 : Operation 29 [1/1] (0.00ns)   --->   "%local_C4_1 = alloca i64 1" [/home/silvenchen/Desktop/DitBlock/WorkDCT/DitBlock/kernel.cpp:12600]   --->   Operation 29 'alloca' 'local_C4_1' <Predicate = true> <Delay = 0.00>
ST_1 : Operation 30 [1/1] (0.00ns)   --->   "%local_C4_2 = alloca i64 1" [/home/silvenchen/Desktop/DitBlock/WorkDCT/DitBlock/kernel.cpp:12600]   --->   Operation 30 'alloca' 'local_C4_2' <Predicate = true> <Delay = 0.00>
ST_1 : Operation 31 [1/1] (0.00ns)   --->   "%local_C4_3 = alloca i64 1" [/home/silvenchen/Desktop/DitBlock/WorkDCT/DitBlock/kernel.cpp:12600]   --->   Operation 31 'alloca' 'local_C4_3' <Predicate = true> <Delay = 0.00>
ST_1 : Operation 32 [1/1] (0.00ns)   --->   "%local_C4_4 = alloca i64 1" [/home/silvenchen/Desktop/DitBlock/WorkDCT/DitBlock/kernel.cpp:12600]   --->   Operation 32 'alloca' 'local_C4_4' <Predicate = true> <Delay = 0.00>
ST_1 : Operation 33 [1/1] (0.00ns)   --->   "%local_C4_5 = alloca i64 1" [/home/silvenchen/Desktop/DitBlock/WorkDCT/DitBlock/kernel.cpp:12600]   --->   Operation 33 'alloca' 'local_C4_5' <Predicate = true> <Delay = 0.00>
ST_1 : Operation 34 [1/1] (0.00ns)   --->   "%local_C4_6 = alloca i64 1" [/home/silvenchen/Desktop/DitBlock/WorkDCT/DitBlock/kernel.cpp:12600]   --->   Operation 34 'alloca' 'local_C4_6' <Predicate = true> <Delay = 0.00>
ST_1 : Operation 35 [1/1] (0.00ns)   --->   "%local_C4_7 = alloca i64 1" [/home/silvenchen/Desktop/DitBlock/WorkDCT/DitBlock/kernel.cpp:12600]   --->   Operation 35 'alloca' 'local_C4_7' <Predicate = true> <Delay = 0.00>
ST_1 : Operation 36 [1/1] (0.00ns)   --->   "%local_C4_8 = alloca i64 1" [/home/silvenchen/Desktop/DitBlock/WorkDCT/DitBlock/kernel.cpp:12600]   --->   Operation 36 'alloca' 'local_C4_8' <Predicate = true> <Delay = 0.00>
ST_1 : Operation 37 [1/1] (0.00ns)   --->   "%local_C4_9 = alloca i64 1" [/home/silvenchen/Desktop/DitBlock/WorkDCT/DitBlock/kernel.cpp:12600]   --->   Operation 37 'alloca' 'local_C4_9' <Predicate = true> <Delay = 0.00>
ST_1 : Operation 38 [1/1] (0.00ns)   --->   "%local_C4_10 = alloca i64 1" [/home/silvenchen/Desktop/DitBlock/WorkDCT/DitBlock/kernel.cpp:12600]   --->   Operation 38 'alloca' 'local_C4_10' <Predicate = true> <Delay = 0.00>
ST_1 : Operation 39 [1/1] (0.00ns)   --->   "%local_C4_11 = alloca i64 1" [/home/silvenchen/Desktop/DitBlock/WorkDCT/DitBlock/kernel.cpp:12600]   --->   Operation 39 'alloca' 'local_C4_11' <Predicate = true> <Delay = 0.00>
ST_1 : Operation 40 [1/1] (0.00ns)   --->   "%local_C4_12 = alloca i64 1" [/home/silvenchen/Desktop/DitBlock/WorkDCT/DitBlock/kernel.cpp:12600]   --->   Operation 40 'alloca' 'local_C4_12' <Predicate = true> <Delay = 0.00>
ST_1 : Operation 41 [1/1] (0.00ns)   --->   "%local_C4_13 = alloca i64 1" [/home/silvenchen/Desktop/DitBlock/WorkDCT/DitBlock/kernel.cpp:12600]   --->   Operation 41 'alloca' 'local_C4_13' <Predicate = true> <Delay = 0.00>
ST_1 : Operation 42 [1/1] (0.00ns)   --->   "%local_C4_14 = alloca i64 1" [/home/silvenchen/Desktop/DitBlock/WorkDCT/DitBlock/kernel.cpp:12600]   --->   Operation 42 'alloca' 'local_C4_14' <Predicate = true> <Delay = 0.00>
ST_1 : Operation 43 [1/1] (0.00ns)   --->   "%local_C4_15 = alloca i64 1" [/home/silvenchen/Desktop/DitBlock/WorkDCT/DitBlock/kernel.cpp:12600]   --->   Operation 43 'alloca' 'local_C4_15' <Predicate = true> <Delay = 0.00>
ST_1 : Operation 44 [1/1] (0.00ns)   --->   "%local_C4_16 = alloca i64 1" [/home/silvenchen/Desktop/DitBlock/WorkDCT/DitBlock/kernel.cpp:12600]   --->   Operation 44 'alloca' 'local_C4_16' <Predicate = true> <Delay = 0.00>
ST_1 : Operation 45 [1/1] (0.00ns)   --->   "%local_C4_17 = alloca i64 1" [/home/silvenchen/Desktop/DitBlock/WorkDCT/DitBlock/kernel.cpp:12600]   --->   Operation 45 'alloca' 'local_C4_17' <Predicate = true> <Delay = 0.00>
ST_1 : Operation 46 [1/1] (0.00ns)   --->   "%local_C4_18 = alloca i64 1" [/home/silvenchen/Desktop/DitBlock/WorkDCT/DitBlock/kernel.cpp:12600]   --->   Operation 46 'alloca' 'local_C4_18' <Predicate = true> <Delay = 0.00>
ST_1 : Operation 47 [1/1] (0.00ns)   --->   "%local_C4_19 = alloca i64 1" [/home/silvenchen/Desktop/DitBlock/WorkDCT/DitBlock/kernel.cpp:12600]   --->   Operation 47 'alloca' 'local_C4_19' <Predicate = true> <Delay = 0.00>
ST_1 : Operation 48 [1/1] (0.00ns)   --->   "%local_C4_20 = alloca i64 1" [/home/silvenchen/Desktop/DitBlock/WorkDCT/DitBlock/kernel.cpp:12600]   --->   Operation 48 'alloca' 'local_C4_20' <Predicate = true> <Delay = 0.00>
ST_1 : Operation 49 [1/1] (0.00ns)   --->   "%local_C4_21 = alloca i64 1" [/home/silvenchen/Desktop/DitBlock/WorkDCT/DitBlock/kernel.cpp:12600]   --->   Operation 49 'alloca' 'local_C4_21' <Predicate = true> <Delay = 0.00>
ST_1 : Operation 50 [1/1] (0.00ns)   --->   "%local_C4_22 = alloca i64 1" [/home/silvenchen/Desktop/DitBlock/WorkDCT/DitBlock/kernel.cpp:12600]   --->   Operation 50 'alloca' 'local_C4_22' <Predicate = true> <Delay = 0.00>
ST_1 : Operation 51 [1/1] (0.00ns)   --->   "%local_C4_23 = alloca i64 1" [/home/silvenchen/Desktop/DitBlock/WorkDCT/DitBlock/kernel.cpp:12600]   --->   Operation 51 'alloca' 'local_C4_23' <Predicate = true> <Delay = 0.00>
ST_1 : Operation 52 [1/1] (0.00ns)   --->   "%local_C4_24 = alloca i64 1" [/home/silvenchen/Desktop/DitBlock/WorkDCT/DitBlock/kernel.cpp:12600]   --->   Operation 52 'alloca' 'local_C4_24' <Predicate = true> <Delay = 0.00>
ST_1 : Operation 53 [1/1] (0.00ns)   --->   "%local_C4_25 = alloca i64 1" [/home/silvenchen/Desktop/DitBlock/WorkDCT/DitBlock/kernel.cpp:12600]   --->   Operation 53 'alloca' 'local_C4_25' <Predicate = true> <Delay = 0.00>
ST_1 : Operation 54 [1/1] (0.00ns)   --->   "%local_C4_26 = alloca i64 1" [/home/silvenchen/Desktop/DitBlock/WorkDCT/DitBlock/kernel.cpp:12600]   --->   Operation 54 'alloca' 'local_C4_26' <Predicate = true> <Delay = 0.00>
ST_1 : Operation 55 [1/1] (0.00ns)   --->   "%local_C4_27 = alloca i64 1" [/home/silvenchen/Desktop/DitBlock/WorkDCT/DitBlock/kernel.cpp:12600]   --->   Operation 55 'alloca' 'local_C4_27' <Predicate = true> <Delay = 0.00>
ST_1 : Operation 56 [1/1] (0.00ns)   --->   "%local_C4_28 = alloca i64 1" [/home/silvenchen/Desktop/DitBlock/WorkDCT/DitBlock/kernel.cpp:12600]   --->   Operation 56 'alloca' 'local_C4_28' <Predicate = true> <Delay = 0.00>
ST_1 : Operation 57 [1/1] (0.00ns)   --->   "%local_C4_29 = alloca i64 1" [/home/silvenchen/Desktop/DitBlock/WorkDCT/DitBlock/kernel.cpp:12600]   --->   Operation 57 'alloca' 'local_C4_29' <Predicate = true> <Delay = 0.00>
ST_1 : Operation 58 [1/1] (0.00ns)   --->   "%local_C4_30 = alloca i64 1" [/home/silvenchen/Desktop/DitBlock/WorkDCT/DitBlock/kernel.cpp:12600]   --->   Operation 58 'alloca' 'local_C4_30' <Predicate = true> <Delay = 0.00>
ST_1 : Operation 59 [1/1] (0.00ns)   --->   "%local_C4_31 = alloca i64 1" [/home/silvenchen/Desktop/DitBlock/WorkDCT/DitBlock/kernel.cpp:12600]   --->   Operation 59 'alloca' 'local_C4_31' <Predicate = true> <Delay = 0.00>
ST_1 : Operation 60 [1/1] (0.00ns)   --->   "%local_C4_32 = alloca i64 1" [/home/silvenchen/Desktop/DitBlock/WorkDCT/DitBlock/kernel.cpp:12600]   --->   Operation 60 'alloca' 'local_C4_32' <Predicate = true> <Delay = 0.00>
ST_1 : Operation 61 [1/1] (0.00ns)   --->   "%local_C4_33 = alloca i64 1" [/home/silvenchen/Desktop/DitBlock/WorkDCT/DitBlock/kernel.cpp:12600]   --->   Operation 61 'alloca' 'local_C4_33' <Predicate = true> <Delay = 0.00>
ST_1 : Operation 62 [1/1] (0.00ns)   --->   "%local_C4_34 = alloca i64 1" [/home/silvenchen/Desktop/DitBlock/WorkDCT/DitBlock/kernel.cpp:12600]   --->   Operation 62 'alloca' 'local_C4_34' <Predicate = true> <Delay = 0.00>
ST_1 : Operation 63 [1/1] (0.00ns)   --->   "%local_C4_35 = alloca i64 1" [/home/silvenchen/Desktop/DitBlock/WorkDCT/DitBlock/kernel.cpp:12600]   --->   Operation 63 'alloca' 'local_C4_35' <Predicate = true> <Delay = 0.00>
ST_1 : Operation 64 [1/1] (0.00ns)   --->   "%local_C4_36 = alloca i64 1" [/home/silvenchen/Desktop/DitBlock/WorkDCT/DitBlock/kernel.cpp:12600]   --->   Operation 64 'alloca' 'local_C4_36' <Predicate = true> <Delay = 0.00>
ST_1 : Operation 65 [1/1] (0.00ns)   --->   "%local_C4_37 = alloca i64 1" [/home/silvenchen/Desktop/DitBlock/WorkDCT/DitBlock/kernel.cpp:12600]   --->   Operation 65 'alloca' 'local_C4_37' <Predicate = true> <Delay = 0.00>
ST_1 : Operation 66 [1/1] (0.00ns)   --->   "%local_C4_38 = alloca i64 1" [/home/silvenchen/Desktop/DitBlock/WorkDCT/DitBlock/kernel.cpp:12600]   --->   Operation 66 'alloca' 'local_C4_38' <Predicate = true> <Delay = 0.00>
ST_1 : Operation 67 [1/1] (0.00ns)   --->   "%local_C4_39 = alloca i64 1" [/home/silvenchen/Desktop/DitBlock/WorkDCT/DitBlock/kernel.cpp:12600]   --->   Operation 67 'alloca' 'local_C4_39' <Predicate = true> <Delay = 0.00>
ST_1 : Operation 68 [1/1] (0.00ns)   --->   "%local_C4_40 = alloca i64 1" [/home/silvenchen/Desktop/DitBlock/WorkDCT/DitBlock/kernel.cpp:12600]   --->   Operation 68 'alloca' 'local_C4_40' <Predicate = true> <Delay = 0.00>
ST_1 : Operation 69 [1/1] (0.00ns)   --->   "%local_C4_41 = alloca i64 1" [/home/silvenchen/Desktop/DitBlock/WorkDCT/DitBlock/kernel.cpp:12600]   --->   Operation 69 'alloca' 'local_C4_41' <Predicate = true> <Delay = 0.00>
ST_1 : Operation 70 [1/1] (0.00ns)   --->   "%local_C4_42 = alloca i64 1" [/home/silvenchen/Desktop/DitBlock/WorkDCT/DitBlock/kernel.cpp:12600]   --->   Operation 70 'alloca' 'local_C4_42' <Predicate = true> <Delay = 0.00>
ST_1 : Operation 71 [1/1] (0.00ns)   --->   "%local_C4_43 = alloca i64 1" [/home/silvenchen/Desktop/DitBlock/WorkDCT/DitBlock/kernel.cpp:12600]   --->   Operation 71 'alloca' 'local_C4_43' <Predicate = true> <Delay = 0.00>
ST_1 : Operation 72 [1/1] (0.00ns)   --->   "%local_C4_44 = alloca i64 1" [/home/silvenchen/Desktop/DitBlock/WorkDCT/DitBlock/kernel.cpp:12600]   --->   Operation 72 'alloca' 'local_C4_44' <Predicate = true> <Delay = 0.00>
ST_1 : Operation 73 [1/1] (0.00ns)   --->   "%local_C4_45 = alloca i64 1" [/home/silvenchen/Desktop/DitBlock/WorkDCT/DitBlock/kernel.cpp:12600]   --->   Operation 73 'alloca' 'local_C4_45' <Predicate = true> <Delay = 0.00>
ST_1 : Operation 74 [1/1] (0.00ns)   --->   "%local_C4_46 = alloca i64 1" [/home/silvenchen/Desktop/DitBlock/WorkDCT/DitBlock/kernel.cpp:12600]   --->   Operation 74 'alloca' 'local_C4_46' <Predicate = true> <Delay = 0.00>
ST_1 : Operation 75 [1/1] (0.00ns)   --->   "%local_C4_47 = alloca i64 1" [/home/silvenchen/Desktop/DitBlock/WorkDCT/DitBlock/kernel.cpp:12600]   --->   Operation 75 'alloca' 'local_C4_47' <Predicate = true> <Delay = 0.00>
ST_1 : Operation 76 [1/1] (0.00ns)   --->   "%local_C4_48 = alloca i64 1" [/home/silvenchen/Desktop/DitBlock/WorkDCT/DitBlock/kernel.cpp:12600]   --->   Operation 76 'alloca' 'local_C4_48' <Predicate = true> <Delay = 0.00>
ST_1 : Operation 77 [1/1] (0.00ns)   --->   "%local_C4_49 = alloca i64 1" [/home/silvenchen/Desktop/DitBlock/WorkDCT/DitBlock/kernel.cpp:12600]   --->   Operation 77 'alloca' 'local_C4_49' <Predicate = true> <Delay = 0.00>
ST_1 : Operation 78 [1/1] (0.00ns)   --->   "%local_C4_50 = alloca i64 1" [/home/silvenchen/Desktop/DitBlock/WorkDCT/DitBlock/kernel.cpp:12600]   --->   Operation 78 'alloca' 'local_C4_50' <Predicate = true> <Delay = 0.00>
ST_1 : Operation 79 [1/1] (0.00ns)   --->   "%local_C4_51 = alloca i64 1" [/home/silvenchen/Desktop/DitBlock/WorkDCT/DitBlock/kernel.cpp:12600]   --->   Operation 79 'alloca' 'local_C4_51' <Predicate = true> <Delay = 0.00>
ST_1 : Operation 80 [1/1] (0.00ns)   --->   "%local_C4_52 = alloca i64 1" [/home/silvenchen/Desktop/DitBlock/WorkDCT/DitBlock/kernel.cpp:12600]   --->   Operation 80 'alloca' 'local_C4_52' <Predicate = true> <Delay = 0.00>
ST_1 : Operation 81 [1/1] (0.00ns)   --->   "%local_C4_53 = alloca i64 1" [/home/silvenchen/Desktop/DitBlock/WorkDCT/DitBlock/kernel.cpp:12600]   --->   Operation 81 'alloca' 'local_C4_53' <Predicate = true> <Delay = 0.00>
ST_1 : Operation 82 [1/1] (0.00ns)   --->   "%local_C4_54 = alloca i64 1" [/home/silvenchen/Desktop/DitBlock/WorkDCT/DitBlock/kernel.cpp:12600]   --->   Operation 82 'alloca' 'local_C4_54' <Predicate = true> <Delay = 0.00>
ST_1 : Operation 83 [1/1] (0.00ns)   --->   "%local_C4_55 = alloca i64 1" [/home/silvenchen/Desktop/DitBlock/WorkDCT/DitBlock/kernel.cpp:12600]   --->   Operation 83 'alloca' 'local_C4_55' <Predicate = true> <Delay = 0.00>
ST_1 : Operation 84 [1/1] (0.00ns)   --->   "%local_C4_56 = alloca i64 1" [/home/silvenchen/Desktop/DitBlock/WorkDCT/DitBlock/kernel.cpp:12600]   --->   Operation 84 'alloca' 'local_C4_56' <Predicate = true> <Delay = 0.00>
ST_1 : Operation 85 [1/1] (0.00ns)   --->   "%local_C4_57 = alloca i64 1" [/home/silvenchen/Desktop/DitBlock/WorkDCT/DitBlock/kernel.cpp:12600]   --->   Operation 85 'alloca' 'local_C4_57' <Predicate = true> <Delay = 0.00>
ST_1 : Operation 86 [1/1] (0.00ns)   --->   "%local_C4_58 = alloca i64 1" [/home/silvenchen/Desktop/DitBlock/WorkDCT/DitBlock/kernel.cpp:12600]   --->   Operation 86 'alloca' 'local_C4_58' <Predicate = true> <Delay = 0.00>
ST_1 : Operation 87 [1/1] (0.00ns)   --->   "%local_C4_59 = alloca i64 1" [/home/silvenchen/Desktop/DitBlock/WorkDCT/DitBlock/kernel.cpp:12600]   --->   Operation 87 'alloca' 'local_C4_59' <Predicate = true> <Delay = 0.00>
ST_1 : Operation 88 [1/1] (0.00ns)   --->   "%local_C4_60 = alloca i64 1" [/home/silvenchen/Desktop/DitBlock/WorkDCT/DitBlock/kernel.cpp:12600]   --->   Operation 88 'alloca' 'local_C4_60' <Predicate = true> <Delay = 0.00>
ST_1 : Operation 89 [1/1] (0.00ns)   --->   "%local_C4_61 = alloca i64 1" [/home/silvenchen/Desktop/DitBlock/WorkDCT/DitBlock/kernel.cpp:12600]   --->   Operation 89 'alloca' 'local_C4_61' <Predicate = true> <Delay = 0.00>
ST_1 : Operation 90 [1/1] (0.00ns)   --->   "%local_C4_62 = alloca i64 1" [/home/silvenchen/Desktop/DitBlock/WorkDCT/DitBlock/kernel.cpp:12600]   --->   Operation 90 'alloca' 'local_C4_62' <Predicate = true> <Delay = 0.00>
ST_1 : Operation 91 [1/1] (0.00ns)   --->   "%local_C4_63 = alloca i64 1" [/home/silvenchen/Desktop/DitBlock/WorkDCT/DitBlock/kernel.cpp:12600]   --->   Operation 91 'alloca' 'local_C4_63' <Predicate = true> <Delay = 0.00>
ST_1 : Operation 92 [1/1] (0.38ns)   --->   "%store_ln0 = store i15 0, i15 %indvar_flatten20"   --->   Operation 92 'store' 'store_ln0' <Predicate = true> <Delay = 0.38>
ST_1 : Operation 93 [1/1] (0.38ns)   --->   "%store_ln12604 = store i8 0, i8 %mi4" [/home/silvenchen/Desktop/DitBlock/WorkDCT/DitBlock/kernel.cpp:12604]   --->   Operation 93 'store' 'store_ln12604' <Predicate = true> <Delay = 0.38>
ST_1 : Operation 94 [1/1] (0.38ns)   --->   "%store_ln12605 = store i8 0, i8 %ni4" [/home/silvenchen/Desktop/DitBlock/WorkDCT/DitBlock/kernel.cpp:12605]   --->   Operation 94 'store' 'store_ln12605' <Predicate = true> <Delay = 0.38>
ST_1 : Operation 95 [1/1] (0.00ns)   --->   "%br_ln12604 = br void %l_load_A_tile_ak4" [/home/silvenchen/Desktop/DitBlock/WorkDCT/DitBlock/kernel.cpp:12604]   --->   Operation 95 'br' 'br_ln12604' <Predicate = true> <Delay = 0.00>

State 2 <SV = 1> <Delay = 4.47>
ST_2 : Operation 96 [1/1] (0.00ns)   --->   "%indvar_flatten20_load = load i15 %indvar_flatten20" [/home/silvenchen/Desktop/DitBlock/WorkDCT/DitBlock/kernel.cpp:12604]   --->   Operation 96 'load' 'indvar_flatten20_load' <Predicate = true> <Delay = 0.00>
ST_2 : Operation 97 [1/1] (0.77ns)   --->   "%icmp_ln12604 = icmp_eq  i15 %indvar_flatten20_load, i15 16384" [/home/silvenchen/Desktop/DitBlock/WorkDCT/DitBlock/kernel.cpp:12604]   --->   Operation 97 'icmp' 'icmp_ln12604' <Predicate = true> <Delay = 0.77> <CoreInst = "Cmp">   --->   Core 9 'Cmp' <Latency = 0> <II = 1> <Delay = 0.77> <FuncUnit> <Opcode : 'icmp'> <InPorts = 2> <OutPorts = 1>
ST_2 : Operation 98 [1/1] (0.77ns)   --->   "%add_ln12604_1 = add i15 %indvar_flatten20_load, i15 1" [/home/silvenchen/Desktop/DitBlock/WorkDCT/DitBlock/kernel.cpp:12604]   --->   Operation 98 'add' 'add_ln12604_1' <Predicate = true> <Delay = 0.77> <CoreInst = "Adder">   --->   Core 1 'Adder' <Latency = 0> <II = 1> <Delay = 0.77> <FuncUnit> <Opcode : 'add' 'sub'> <InPorts = 2> <OutPorts = 1>
ST_2 : Operation 99 [1/1] (0.00ns)   --->   "%br_ln12604 = br i1 %icmp_ln12604, void %for.inc77, void %for.end79" [/home/silvenchen/Desktop/DitBlock/WorkDCT/DitBlock/kernel.cpp:12604]   --->   Operation 99 'br' 'br_ln12604' <Predicate = true> <Delay = 0.00>
ST_2 : Operation 100 [1/1] (0.00ns)   --->   "%ni4_load = load i8 %ni4" [/home/silvenchen/Desktop/DitBlock/WorkDCT/DitBlock/kernel.cpp:12605]   --->   Operation 100 'load' 'ni4_load' <Predicate = (!icmp_ln12604)> <Delay = 0.00>
ST_2 : Operation 101 [1/1] (0.00ns)   --->   "%mi4_load = load i8 %mi4" [/home/silvenchen/Desktop/DitBlock/WorkDCT/DitBlock/kernel.cpp:12604]   --->   Operation 101 'load' 'mi4_load' <Predicate = (!icmp_ln12604)> <Delay = 0.00>
ST_2 : Operation 102 [1/1] (0.70ns)   --->   "%add_ln12604 = add i8 %mi4_load, i8 1" [/home/silvenchen/Desktop/DitBlock/WorkDCT/DitBlock/kernel.cpp:12604]   --->   Operation 102 'add' 'add_ln12604' <Predicate = (!icmp_ln12604)> <Delay = 0.70> <CoreInst = "Adder">   --->   Core 1 'Adder' <Latency = 0> <II = 1> <Delay = 0.70> <FuncUnit> <Opcode : 'add' 'sub'> <InPorts = 2> <OutPorts = 1>
ST_2 : Operation 103 [1/1] (0.70ns)   --->   "%icmp_ln12605 = icmp_eq  i8 %ni4_load, i8 128" [/home/silvenchen/Desktop/DitBlock/WorkDCT/DitBlock/kernel.cpp:12605]   --->   Operation 103 'icmp' 'icmp_ln12605' <Predicate = (!icmp_ln12604)> <Delay = 0.70> <CoreInst = "Cmp">   --->   Core 9 'Cmp' <Latency = 0> <II = 1> <Delay = 0.70> <FuncUnit> <Opcode : 'icmp'> <InPorts = 2> <OutPorts = 1>
ST_2 : Operation 104 [1/1] (0.30ns)   --->   "%select_ln12604 = select i1 %icmp_ln12605, i8 0, i8 %ni4_load" [/home/silvenchen/Desktop/DitBlock/WorkDCT/DitBlock/kernel.cpp:12604]   --->   Operation 104 'select' 'select_ln12604' <Predicate = (!icmp_ln12604)> <Delay = 0.30> <CoreInst = "Sel">   --->   Core 73 'Sel' <Latency = 0> <II = 1> <Delay = 0.30> <FuncUnit> <Opcode : 'select'> <InPorts = 3> <OutPorts = 1>
ST_2 : Operation 105 [1/1] (0.30ns)   --->   "%select_ln12604_1 = select i1 %icmp_ln12605, i8 %add_ln12604, i8 %mi4_load" [/home/silvenchen/Desktop/DitBlock/WorkDCT/DitBlock/kernel.cpp:12604]   --->   Operation 105 'select' 'select_ln12604_1' <Predicate = (!icmp_ln12604)> <Delay = 0.30> <CoreInst = "Sel">   --->   Core 73 'Sel' <Latency = 0> <II = 1> <Delay = 0.30> <FuncUnit> <Opcode : 'select'> <InPorts = 3> <OutPorts = 1>
ST_2 : Operation 106 [1/1] (0.00ns)   --->   "%trunc_ln12604 = trunc i8 %select_ln12604_1" [/home/silvenchen/Desktop/DitBlock/WorkDCT/DitBlock/kernel.cpp:12604]   --->   Operation 106 'trunc' 'trunc_ln12604' <Predicate = (!icmp_ln12604)> <Delay = 0.00>
ST_2 : Operation 107 [1/1] (0.00ns)   --->   "%p_mid2 = bitconcatenate i10 @_ssdm_op_BitConcatenate.i10.i7.i3, i7 %trunc_ln12604, i3 0" [/home/silvenchen/Desktop/DitBlock/WorkDCT/DitBlock/kernel.cpp:12604]   --->   Operation 107 'bitconcatenate' 'p_mid2' <Predicate = (!icmp_ln12604)> <Delay = 0.00>
ST_2 : Operation 108 [1/1] (0.70ns)   --->   "%v6893 = icmp_eq  i8 %select_ln12604, i8 0" [/home/silvenchen/Desktop/DitBlock/WorkDCT/DitBlock/kernel.cpp:12604]   --->   Operation 108 'icmp' 'v6893' <Predicate = (!icmp_ln12604)> <Delay = 0.70> <CoreInst = "Cmp">   --->   Core 9 'Cmp' <Latency = 0> <II = 1> <Delay = 0.70> <FuncUnit> <Opcode : 'icmp'> <InPorts = 2> <OutPorts = 1>
ST_2 : Operation 109 [2/2] (2.75ns)   --->   "%call_ln12604 = call void @systolic_QKT_Pipeline_l_load_A_tile_ak4_l_ai4, i32 %local_A4, i32 %local_A4_1, i32 %local_A4_2, i32 %local_A4_3, i32 %local_A4_4, i32 %local_A4_5, i32 %local_A4_6, i32 %local_A4_7, i1 %v6893, i10 %p_mid2, i32 %v6882" [/home/silvenchen/Desktop/DitBlock/WorkDCT/DitBlock/kernel.cpp:12604]   --->   Operation 109 'call' 'call_ln12604' <Predicate = (!icmp_ln12604)> <Delay = 2.75> <CoreType = "Generic">   --->   Core 0 '' <Latency = 0> <II = 1> <Delay = 1.00> <Generic> <Opcode : >
ST_2 : Operation 110 [1/1] (0.00ns)   --->   "%empty = trunc i8 %select_ln12604" [/home/silvenchen/Desktop/DitBlock/WorkDCT/DitBlock/kernel.cpp:12604]   --->   Operation 110 'trunc' 'empty' <Predicate = (!icmp_ln12604)> <Delay = 0.00>
ST_2 : Operation 111 [1/1] (0.00ns)   --->   "%tmp_s = bitconcatenate i10 @_ssdm_op_BitConcatenate.i10.i7.i3, i7 %empty, i3 0" [/home/silvenchen/Desktop/DitBlock/WorkDCT/DitBlock/kernel.cpp:12604]   --->   Operation 111 'bitconcatenate' 'tmp_s' <Predicate = (!icmp_ln12604)> <Delay = 0.00>
ST_2 : Operation 112 [2/2] (1.97ns)   --->   "%call_ln12604 = call void @systolic_QKT_Pipeline_l_load_B_tile_bk4_l_bj4, i32 %local_B4, i32 %local_B4_1, i32 %local_B4_2, i32 %local_B4_3, i32 %local_B4_4, i32 %local_B4_5, i32 %local_B4_6, i32 %local_B4_7, i10 %tmp_s, i32 %v6883" [/home/silvenchen/Desktop/DitBlock/WorkDCT/DitBlock/kernel.cpp:12604]   --->   Operation 112 'call' 'call_ln12604' <Predicate = (!icmp_ln12604)> <Delay = 1.97> <CoreType = "Generic">   --->   Core 0 '' <Latency = 0> <II = 1> <Delay = 1.00> <Generic> <Opcode : >
ST_2 : Operation 113 [1/1] (0.70ns)   --->   "%add_ln12605 = add i8 %select_ln12604, i8 1" [/home/silvenchen/Desktop/DitBlock/WorkDCT/DitBlock/kernel.cpp:12605]   --->   Operation 113 'add' 'add_ln12605' <Predicate = (!icmp_ln12604)> <Delay = 0.70> <CoreInst = "Adder">   --->   Core 1 'Adder' <Latency = 0> <II = 1> <Delay = 0.70> <FuncUnit> <Opcode : 'add' 'sub'> <InPorts = 2> <OutPorts = 1>
ST_2 : Operation 114 [1/1] (0.38ns)   --->   "%store_ln12604 = store i15 %add_ln12604_1, i15 %indvar_flatten20" [/home/silvenchen/Desktop/DitBlock/WorkDCT/DitBlock/kernel.cpp:12604]   --->   Operation 114 'store' 'store_ln12604' <Predicate = (!icmp_ln12604)> <Delay = 0.38>
ST_2 : Operation 115 [1/1] (0.38ns)   --->   "%store_ln12604 = store i8 %select_ln12604_1, i8 %mi4" [/home/silvenchen/Desktop/DitBlock/WorkDCT/DitBlock/kernel.cpp:12604]   --->   Operation 115 'store' 'store_ln12604' <Predicate = (!icmp_ln12604)> <Delay = 0.38>
ST_2 : Operation 116 [1/1] (0.38ns)   --->   "%store_ln12605 = store i8 %add_ln12605, i8 %ni4" [/home/silvenchen/Desktop/DitBlock/WorkDCT/DitBlock/kernel.cpp:12605]   --->   Operation 116 'store' 'store_ln12605' <Predicate = (!icmp_ln12604)> <Delay = 0.38>
ST_2 : Operation 117 [1/1] (0.00ns)   --->   "%ret_ln12635 = ret" [/home/silvenchen/Desktop/DitBlock/WorkDCT/DitBlock/kernel.cpp:12635]   --->   Operation 117 'ret' 'ret_ln12635' <Predicate = (icmp_ln12604)> <Delay = 0.00>

State 3 <SV = 2> <Delay = 0.00>
ST_3 : Operation 118 [1/2] (0.00ns)   --->   "%call_ln12604 = call void @systolic_QKT_Pipeline_l_load_A_tile_ak4_l_ai4, i32 %local_A4, i32 %local_A4_1, i32 %local_A4_2, i32 %local_A4_3, i32 %local_A4_4, i32 %local_A4_5, i32 %local_A4_6, i32 %local_A4_7, i1 %v6893, i10 %p_mid2, i32 %v6882" [/home/silvenchen/Desktop/DitBlock/WorkDCT/DitBlock/kernel.cpp:12604]   --->   Operation 118 'call' 'call_ln12604' <Predicate = true> <Delay = 0.00> <CoreType = "Generic">   --->   Core 0 '' <Latency = 0> <II = 1> <Delay = 1.00> <Generic> <Opcode : >
ST_3 : Operation 119 [1/2] (0.00ns)   --->   "%call_ln12604 = call void @systolic_QKT_Pipeline_l_load_B_tile_bk4_l_bj4, i32 %local_B4, i32 %local_B4_1, i32 %local_B4_2, i32 %local_B4_3, i32 %local_B4_4, i32 %local_B4_5, i32 %local_B4_6, i32 %local_B4_7, i10 %tmp_s, i32 %v6883" [/home/silvenchen/Desktop/DitBlock/WorkDCT/DitBlock/kernel.cpp:12604]   --->   Operation 119 'call' 'call_ln12604' <Predicate = true> <Delay = 0.00> <CoreType = "Generic">   --->   Core 0 '' <Latency = 0> <II = 1> <Delay = 1.00> <Generic> <Opcode : >

State 4 <SV = 3> <Delay = 0.00>
ST_4 : Operation 120 [2/2] (0.00ns)   --->   "%call_ln12625 = call void @systolic_tile_QKT, i32 %local_A4, i32 %local_A4_1, i32 %local_A4_2, i32 %local_A4_3, i32 %local_A4_4, i32 %local_A4_5, i32 %local_A4_6, i32 %local_A4_7, i32 %local_B4, i32 %local_B4_1, i32 %local_B4_2, i32 %local_B4_3, i32 %local_B4_4, i32 %local_B4_5, i32 %local_B4_6, i32 %local_B4_7, i32 %local_C4, i32 %local_C4_1, i32 %local_C4_2, i32 %local_C4_3, i32 %local_C4_4, i32 %local_C4_5, i32 %local_C4_6, i32 %local_C4_7, i32 %local_C4_8, i32 %local_C4_9, i32 %local_C4_10, i32 %local_C4_11, i32 %local_C4_12, i32 %local_C4_13, i32 %local_C4_14, i32 %local_C4_15, i32 %local_C4_16, i32 %local_C4_17, i32 %local_C4_18, i32 %local_C4_19, i32 %local_C4_20, i32 %local_C4_21, i32 %local_C4_22, i32 %local_C4_23, i32 %local_C4_24, i32 %local_C4_25, i32 %local_C4_26, i32 %local_C4_27, i32 %local_C4_28, i32 %local_C4_29, i32 %local_C4_30, i32 %local_C4_31, i32 %local_C4_32, i32 %local_C4_33, i32 %local_C4_34, i32 %local_C4_35, i32 %local_C4_36, i32 %local_C4_37, i32 %local_C4_38, i32 %local_C4_39, i32 %local_C4_40, i32 %local_C4_41, i32 %local_C4_42, i32 %local_C4_43, i32 %local_C4_44, i32 %local_C4_45, i32 %local_C4_46, i32 %local_C4_47, i32 %local_C4_48, i32 %local_C4_49, i32 %local_C4_50, i32 %local_C4_51, i32 %local_C4_52, i32 %local_C4_53, i32 %local_C4_54, i32 %local_C4_55, i32 %local_C4_56, i32 %local_C4_57, i32 %local_C4_58, i32 %local_C4_59, i32 %local_C4_60, i32 %local_C4_61, i32 %local_C4_62, i32 %local_C4_63" [/home/silvenchen/Desktop/DitBlock/WorkDCT/DitBlock/kernel.cpp:12625]   --->   Operation 120 'call' 'call_ln12625' <Predicate = true> <Delay = 0.00> <CoreType = "Generic">   --->   Core 0 '' <Latency = 0> <II = 1> <Delay = 1.00> <Generic> <Opcode : >

State 5 <SV = 4> <Delay = 0.00>
ST_5 : Operation 121 [1/2] (0.00ns)   --->   "%call_ln12625 = call void @systolic_tile_QKT, i32 %local_A4, i32 %local_A4_1, i32 %local_A4_2, i32 %local_A4_3, i32 %local_A4_4, i32 %local_A4_5, i32 %local_A4_6, i32 %local_A4_7, i32 %local_B4, i32 %local_B4_1, i32 %local_B4_2, i32 %local_B4_3, i32 %local_B4_4, i32 %local_B4_5, i32 %local_B4_6, i32 %local_B4_7, i32 %local_C4, i32 %local_C4_1, i32 %local_C4_2, i32 %local_C4_3, i32 %local_C4_4, i32 %local_C4_5, i32 %local_C4_6, i32 %local_C4_7, i32 %local_C4_8, i32 %local_C4_9, i32 %local_C4_10, i32 %local_C4_11, i32 %local_C4_12, i32 %local_C4_13, i32 %local_C4_14, i32 %local_C4_15, i32 %local_C4_16, i32 %local_C4_17, i32 %local_C4_18, i32 %local_C4_19, i32 %local_C4_20, i32 %local_C4_21, i32 %local_C4_22, i32 %local_C4_23, i32 %local_C4_24, i32 %local_C4_25, i32 %local_C4_26, i32 %local_C4_27, i32 %local_C4_28, i32 %local_C4_29, i32 %local_C4_30, i32 %local_C4_31, i32 %local_C4_32, i32 %local_C4_33, i32 %local_C4_34, i32 %local_C4_35, i32 %local_C4_36, i32 %local_C4_37, i32 %local_C4_38, i32 %local_C4_39, i32 %local_C4_40, i32 %local_C4_41, i32 %local_C4_42, i32 %local_C4_43, i32 %local_C4_44, i32 %local_C4_45, i32 %local_C4_46, i32 %local_C4_47, i32 %local_C4_48, i32 %local_C4_49, i32 %local_C4_50, i32 %local_C4_51, i32 %local_C4_52, i32 %local_C4_53, i32 %local_C4_54, i32 %local_C4_55, i32 %local_C4_56, i32 %local_C4_57, i32 %local_C4_58, i32 %local_C4_59, i32 %local_C4_60, i32 %local_C4_61, i32 %local_C4_62, i32 %local_C4_63" [/home/silvenchen/Desktop/DitBlock/WorkDCT/DitBlock/kernel.cpp:12625]   --->   Operation 121 'call' 'call_ln12625' <Predicate = true> <Delay = 0.00> <CoreType = "Generic">   --->   Core 0 '' <Latency = 0> <II = 1> <Delay = 1.00> <Generic> <Opcode : >

State 6 <SV = 5> <Delay = 3.83>
ST_6 : Operation 122 [1/1] (0.00ns)   --->   "%local_C4_load = load i32 %local_C4"   --->   Operation 122 'load' 'local_C4_load' <Predicate = true> <Delay = 0.00>
ST_6 : Operation 123 [1/1] (0.00ns)   --->   "%local_C4_1_load = load i32 %local_C4_1"   --->   Operation 123 'load' 'local_C4_1_load' <Predicate = true> <Delay = 0.00>
ST_6 : Operation 124 [1/1] (0.00ns)   --->   "%local_C4_2_load = load i32 %local_C4_2"   --->   Operation 124 'load' 'local_C4_2_load' <Predicate = true> <Delay = 0.00>
ST_6 : Operation 125 [1/1] (0.00ns)   --->   "%local_C4_3_load = load i32 %local_C4_3"   --->   Operation 125 'load' 'local_C4_3_load' <Predicate = true> <Delay = 0.00>
ST_6 : Operation 126 [1/1] (0.00ns)   --->   "%local_C4_4_load = load i32 %local_C4_4"   --->   Operation 126 'load' 'local_C4_4_load' <Predicate = true> <Delay = 0.00>
ST_6 : Operation 127 [1/1] (0.00ns)   --->   "%local_C4_5_load = load i32 %local_C4_5"   --->   Operation 127 'load' 'local_C4_5_load' <Predicate = true> <Delay = 0.00>
ST_6 : Operation 128 [1/1] (0.00ns)   --->   "%local_C4_6_load = load i32 %local_C4_6"   --->   Operation 128 'load' 'local_C4_6_load' <Predicate = true> <Delay = 0.00>
ST_6 : Operation 129 [1/1] (0.00ns)   --->   "%local_C4_7_load = load i32 %local_C4_7"   --->   Operation 129 'load' 'local_C4_7_load' <Predicate = true> <Delay = 0.00>
ST_6 : Operation 130 [1/1] (0.00ns)   --->   "%local_C4_8_load = load i32 %local_C4_8"   --->   Operation 130 'load' 'local_C4_8_load' <Predicate = true> <Delay = 0.00>
ST_6 : Operation 131 [1/1] (0.00ns)   --->   "%local_C4_9_load = load i32 %local_C4_9"   --->   Operation 131 'load' 'local_C4_9_load' <Predicate = true> <Delay = 0.00>
ST_6 : Operation 132 [1/1] (0.00ns)   --->   "%local_C4_10_load = load i32 %local_C4_10"   --->   Operation 132 'load' 'local_C4_10_load' <Predicate = true> <Delay = 0.00>
ST_6 : Operation 133 [1/1] (0.00ns)   --->   "%local_C4_11_load = load i32 %local_C4_11"   --->   Operation 133 'load' 'local_C4_11_load' <Predicate = true> <Delay = 0.00>
ST_6 : Operation 134 [1/1] (0.00ns)   --->   "%local_C4_12_load = load i32 %local_C4_12"   --->   Operation 134 'load' 'local_C4_12_load' <Predicate = true> <Delay = 0.00>
ST_6 : Operation 135 [1/1] (0.00ns)   --->   "%local_C4_13_load = load i32 %local_C4_13"   --->   Operation 135 'load' 'local_C4_13_load' <Predicate = true> <Delay = 0.00>
ST_6 : Operation 136 [1/1] (0.00ns)   --->   "%local_C4_14_load = load i32 %local_C4_14"   --->   Operation 136 'load' 'local_C4_14_load' <Predicate = true> <Delay = 0.00>
ST_6 : Operation 137 [1/1] (0.00ns)   --->   "%local_C4_15_load = load i32 %local_C4_15"   --->   Operation 137 'load' 'local_C4_15_load' <Predicate = true> <Delay = 0.00>
ST_6 : Operation 138 [1/1] (0.00ns)   --->   "%local_C4_16_load = load i32 %local_C4_16"   --->   Operation 138 'load' 'local_C4_16_load' <Predicate = true> <Delay = 0.00>
ST_6 : Operation 139 [1/1] (0.00ns)   --->   "%local_C4_17_load = load i32 %local_C4_17"   --->   Operation 139 'load' 'local_C4_17_load' <Predicate = true> <Delay = 0.00>
ST_6 : Operation 140 [1/1] (0.00ns)   --->   "%local_C4_18_load = load i32 %local_C4_18"   --->   Operation 140 'load' 'local_C4_18_load' <Predicate = true> <Delay = 0.00>
ST_6 : Operation 141 [1/1] (0.00ns)   --->   "%local_C4_19_load = load i32 %local_C4_19"   --->   Operation 141 'load' 'local_C4_19_load' <Predicate = true> <Delay = 0.00>
ST_6 : Operation 142 [1/1] (0.00ns)   --->   "%local_C4_20_load = load i32 %local_C4_20"   --->   Operation 142 'load' 'local_C4_20_load' <Predicate = true> <Delay = 0.00>
ST_6 : Operation 143 [1/1] (0.00ns)   --->   "%local_C4_21_load = load i32 %local_C4_21"   --->   Operation 143 'load' 'local_C4_21_load' <Predicate = true> <Delay = 0.00>
ST_6 : Operation 144 [1/1] (0.00ns)   --->   "%local_C4_22_load = load i32 %local_C4_22"   --->   Operation 144 'load' 'local_C4_22_load' <Predicate = true> <Delay = 0.00>
ST_6 : Operation 145 [1/1] (0.00ns)   --->   "%local_C4_23_load = load i32 %local_C4_23"   --->   Operation 145 'load' 'local_C4_23_load' <Predicate = true> <Delay = 0.00>
ST_6 : Operation 146 [1/1] (0.00ns)   --->   "%local_C4_24_load = load i32 %local_C4_24"   --->   Operation 146 'load' 'local_C4_24_load' <Predicate = true> <Delay = 0.00>
ST_6 : Operation 147 [1/1] (0.00ns)   --->   "%local_C4_25_load = load i32 %local_C4_25"   --->   Operation 147 'load' 'local_C4_25_load' <Predicate = true> <Delay = 0.00>
ST_6 : Operation 148 [1/1] (0.00ns)   --->   "%local_C4_26_load = load i32 %local_C4_26"   --->   Operation 148 'load' 'local_C4_26_load' <Predicate = true> <Delay = 0.00>
ST_6 : Operation 149 [1/1] (0.00ns)   --->   "%local_C4_27_load = load i32 %local_C4_27"   --->   Operation 149 'load' 'local_C4_27_load' <Predicate = true> <Delay = 0.00>
ST_6 : Operation 150 [1/1] (0.00ns)   --->   "%local_C4_28_load = load i32 %local_C4_28"   --->   Operation 150 'load' 'local_C4_28_load' <Predicate = true> <Delay = 0.00>
ST_6 : Operation 151 [1/1] (0.00ns)   --->   "%local_C4_29_load = load i32 %local_C4_29"   --->   Operation 151 'load' 'local_C4_29_load' <Predicate = true> <Delay = 0.00>
ST_6 : Operation 152 [1/1] (0.00ns)   --->   "%local_C4_30_load = load i32 %local_C4_30"   --->   Operation 152 'load' 'local_C4_30_load' <Predicate = true> <Delay = 0.00>
ST_6 : Operation 153 [1/1] (0.00ns)   --->   "%local_C4_31_load = load i32 %local_C4_31"   --->   Operation 153 'load' 'local_C4_31_load' <Predicate = true> <Delay = 0.00>
ST_6 : Operation 154 [1/1] (0.00ns)   --->   "%local_C4_32_load = load i32 %local_C4_32"   --->   Operation 154 'load' 'local_C4_32_load' <Predicate = true> <Delay = 0.00>
ST_6 : Operation 155 [1/1] (0.00ns)   --->   "%local_C4_33_load = load i32 %local_C4_33"   --->   Operation 155 'load' 'local_C4_33_load' <Predicate = true> <Delay = 0.00>
ST_6 : Operation 156 [1/1] (0.00ns)   --->   "%local_C4_34_load = load i32 %local_C4_34"   --->   Operation 156 'load' 'local_C4_34_load' <Predicate = true> <Delay = 0.00>
ST_6 : Operation 157 [1/1] (0.00ns)   --->   "%local_C4_35_load = load i32 %local_C4_35"   --->   Operation 157 'load' 'local_C4_35_load' <Predicate = true> <Delay = 0.00>
ST_6 : Operation 158 [1/1] (0.00ns)   --->   "%local_C4_36_load = load i32 %local_C4_36"   --->   Operation 158 'load' 'local_C4_36_load' <Predicate = true> <Delay = 0.00>
ST_6 : Operation 159 [1/1] (0.00ns)   --->   "%local_C4_37_load = load i32 %local_C4_37"   --->   Operation 159 'load' 'local_C4_37_load' <Predicate = true> <Delay = 0.00>
ST_6 : Operation 160 [1/1] (0.00ns)   --->   "%local_C4_38_load = load i32 %local_C4_38"   --->   Operation 160 'load' 'local_C4_38_load' <Predicate = true> <Delay = 0.00>
ST_6 : Operation 161 [1/1] (0.00ns)   --->   "%local_C4_39_load = load i32 %local_C4_39"   --->   Operation 161 'load' 'local_C4_39_load' <Predicate = true> <Delay = 0.00>
ST_6 : Operation 162 [1/1] (0.00ns)   --->   "%local_C4_40_load = load i32 %local_C4_40"   --->   Operation 162 'load' 'local_C4_40_load' <Predicate = true> <Delay = 0.00>
ST_6 : Operation 163 [1/1] (0.00ns)   --->   "%local_C4_41_load = load i32 %local_C4_41"   --->   Operation 163 'load' 'local_C4_41_load' <Predicate = true> <Delay = 0.00>
ST_6 : Operation 164 [1/1] (0.00ns)   --->   "%local_C4_42_load = load i32 %local_C4_42"   --->   Operation 164 'load' 'local_C4_42_load' <Predicate = true> <Delay = 0.00>
ST_6 : Operation 165 [1/1] (0.00ns)   --->   "%local_C4_43_load = load i32 %local_C4_43"   --->   Operation 165 'load' 'local_C4_43_load' <Predicate = true> <Delay = 0.00>
ST_6 : Operation 166 [1/1] (0.00ns)   --->   "%local_C4_44_load = load i32 %local_C4_44"   --->   Operation 166 'load' 'local_C4_44_load' <Predicate = true> <Delay = 0.00>
ST_6 : Operation 167 [1/1] (0.00ns)   --->   "%local_C4_45_load = load i32 %local_C4_45"   --->   Operation 167 'load' 'local_C4_45_load' <Predicate = true> <Delay = 0.00>
ST_6 : Operation 168 [1/1] (0.00ns)   --->   "%local_C4_46_load = load i32 %local_C4_46"   --->   Operation 168 'load' 'local_C4_46_load' <Predicate = true> <Delay = 0.00>
ST_6 : Operation 169 [1/1] (0.00ns)   --->   "%local_C4_47_load = load i32 %local_C4_47"   --->   Operation 169 'load' 'local_C4_47_load' <Predicate = true> <Delay = 0.00>
ST_6 : Operation 170 [1/1] (0.00ns)   --->   "%local_C4_48_load = load i32 %local_C4_48"   --->   Operation 170 'load' 'local_C4_48_load' <Predicate = true> <Delay = 0.00>
ST_6 : Operation 171 [1/1] (0.00ns)   --->   "%local_C4_49_load = load i32 %local_C4_49"   --->   Operation 171 'load' 'local_C4_49_load' <Predicate = true> <Delay = 0.00>
ST_6 : Operation 172 [1/1] (0.00ns)   --->   "%local_C4_50_load = load i32 %local_C4_50"   --->   Operation 172 'load' 'local_C4_50_load' <Predicate = true> <Delay = 0.00>
ST_6 : Operation 173 [1/1] (0.00ns)   --->   "%local_C4_51_load = load i32 %local_C4_51"   --->   Operation 173 'load' 'local_C4_51_load' <Predicate = true> <Delay = 0.00>
ST_6 : Operation 174 [1/1] (0.00ns)   --->   "%local_C4_52_load = load i32 %local_C4_52"   --->   Operation 174 'load' 'local_C4_52_load' <Predicate = true> <Delay = 0.00>
ST_6 : Operation 175 [1/1] (0.00ns)   --->   "%local_C4_53_load = load i32 %local_C4_53"   --->   Operation 175 'load' 'local_C4_53_load' <Predicate = true> <Delay = 0.00>
ST_6 : Operation 176 [1/1] (0.00ns)   --->   "%local_C4_54_load = load i32 %local_C4_54"   --->   Operation 176 'load' 'local_C4_54_load' <Predicate = true> <Delay = 0.00>
ST_6 : Operation 177 [1/1] (0.00ns)   --->   "%local_C4_55_load = load i32 %local_C4_55"   --->   Operation 177 'load' 'local_C4_55_load' <Predicate = true> <Delay = 0.00>
ST_6 : Operation 178 [1/1] (0.00ns)   --->   "%local_C4_56_load = load i32 %local_C4_56"   --->   Operation 178 'load' 'local_C4_56_load' <Predicate = true> <Delay = 0.00>
ST_6 : Operation 179 [1/1] (0.00ns)   --->   "%local_C4_57_load = load i32 %local_C4_57"   --->   Operation 179 'load' 'local_C4_57_load' <Predicate = true> <Delay = 0.00>
ST_6 : Operation 180 [1/1] (0.00ns)   --->   "%local_C4_58_load = load i32 %local_C4_58"   --->   Operation 180 'load' 'local_C4_58_load' <Predicate = true> <Delay = 0.00>
ST_6 : Operation 181 [1/1] (0.00ns)   --->   "%local_C4_59_load = load i32 %local_C4_59"   --->   Operation 181 'load' 'local_C4_59_load' <Predicate = true> <Delay = 0.00>
ST_6 : Operation 182 [1/1] (0.00ns)   --->   "%local_C4_60_load = load i32 %local_C4_60"   --->   Operation 182 'load' 'local_C4_60_load' <Predicate = true> <Delay = 0.00>
ST_6 : Operation 183 [1/1] (0.00ns)   --->   "%local_C4_61_load = load i32 %local_C4_61"   --->   Operation 183 'load' 'local_C4_61_load' <Predicate = true> <Delay = 0.00>
ST_6 : Operation 184 [1/1] (0.00ns)   --->   "%local_C4_62_load = load i32 %local_C4_62"   --->   Operation 184 'load' 'local_C4_62_load' <Predicate = true> <Delay = 0.00>
ST_6 : Operation 185 [1/1] (0.00ns)   --->   "%local_C4_63_load = load i32 %local_C4_63"   --->   Operation 185 'load' 'local_C4_63_load' <Predicate = true> <Delay = 0.00>
ST_6 : Operation 186 [2/2] (3.83ns)   --->   "%call_ln12604 = call void @systolic_QKT_Pipeline_l_store_C_tile_sj4_l_si4, i10 %tmp_s, i32 %local_C4_load, i32 %local_C4_1_load, i32 %local_C4_2_load, i32 %local_C4_3_load, i32 %local_C4_4_load, i32 %local_C4_5_load, i32 %local_C4_6_load, i32 %local_C4_7_load, i32 %local_C4_8_load, i32 %local_C4_9_load, i32 %local_C4_10_load, i32 %local_C4_11_load, i32 %local_C4_12_load, i32 %local_C4_13_load, i32 %local_C4_14_load, i32 %local_C4_15_load, i32 %local_C4_16_load, i32 %local_C4_17_load, i32 %local_C4_18_load, i32 %local_C4_19_load, i32 %local_C4_20_load, i32 %local_C4_21_load, i32 %local_C4_22_load, i32 %local_C4_23_load, i32 %local_C4_24_load, i32 %local_C4_25_load, i32 %local_C4_26_load, i32 %local_C4_27_load, i32 %local_C4_28_load, i32 %local_C4_29_load, i32 %local_C4_30_load, i32 %local_C4_31_load, i32 %local_C4_32_load, i32 %local_C4_33_load, i32 %local_C4_34_load, i32 %local_C4_35_load, i32 %local_C4_36_load, i32 %local_C4_37_load, i32 %local_C4_38_load, i32 %local_C4_39_load, i32 %local_C4_40_load, i32 %local_C4_41_load, i32 %local_C4_42_load, i32 %local_C4_43_load, i32 %local_C4_44_load, i32 %local_C4_45_load, i32 %local_C4_46_load, i32 %local_C4_47_load, i32 %local_C4_48_load, i32 %local_C4_49_load, i32 %local_C4_50_load, i32 %local_C4_51_load, i32 %local_C4_52_load, i32 %local_C4_53_load, i32 %local_C4_54_load, i32 %local_C4_55_load, i32 %local_C4_56_load, i32 %local_C4_57_load, i32 %local_C4_58_load, i32 %local_C4_59_load, i32 %local_C4_60_load, i32 %local_C4_61_load, i32 %local_C4_62_load, i32 %local_C4_63_load, i10 %p_mid2, i32 %v6884" [/home/silvenchen/Desktop/DitBlock/WorkDCT/DitBlock/kernel.cpp:12604]   --->   Operation 186 'call' 'call_ln12604' <Predicate = true> <Delay = 3.83> <CoreType = "Generic">   --->   Core 0 '' <Latency = 0> <II = 1> <Delay = 1.00> <Generic> <Opcode : >

State 7 <SV = 6> <Delay = 0.00>
ST_7 : Operation 187 [1/1] (0.00ns)   --->   "%specloopname_ln0 = specloopname void @_ssdm_op_SpecLoopName, void @l_outer_tile_mi4_l_ni4_str"   --->   Operation 187 'specloopname' 'specloopname_ln0' <Predicate = true> <Delay = 0.00>
ST_7 : Operation 188 [1/1] (0.00ns)   --->   "%speclooptripcount_ln0 = speclooptripcount void @_ssdm_op_SpecLoopTripCount, i64 16384, i64 16384, i64 16384"   --->   Operation 188 'speclooptripcount' 'speclooptripcount_ln0' <Predicate = true> <Delay = 0.00>
ST_7 : Operation 189 [1/2] (0.00ns)   --->   "%call_ln12604 = call void @systolic_QKT_Pipeline_l_store_C_tile_sj4_l_si4, i10 %tmp_s, i32 %local_C4_load, i32 %local_C4_1_load, i32 %local_C4_2_load, i32 %local_C4_3_load, i32 %local_C4_4_load, i32 %local_C4_5_load, i32 %local_C4_6_load, i32 %local_C4_7_load, i32 %local_C4_8_load, i32 %local_C4_9_load, i32 %local_C4_10_load, i32 %local_C4_11_load, i32 %local_C4_12_load, i32 %local_C4_13_load, i32 %local_C4_14_load, i32 %local_C4_15_load, i32 %local_C4_16_load, i32 %local_C4_17_load, i32 %local_C4_18_load, i32 %local_C4_19_load, i32 %local_C4_20_load, i32 %local_C4_21_load, i32 %local_C4_22_load, i32 %local_C4_23_load, i32 %local_C4_24_load, i32 %local_C4_25_load, i32 %local_C4_26_load, i32 %local_C4_27_load, i32 %local_C4_28_load, i32 %local_C4_29_load, i32 %local_C4_30_load, i32 %local_C4_31_load, i32 %local_C4_32_load, i32 %local_C4_33_load, i32 %local_C4_34_load, i32 %local_C4_35_load, i32 %local_C4_36_load, i32 %local_C4_37_load, i32 %local_C4_38_load, i32 %local_C4_39_load, i32 %local_C4_40_load, i32 %local_C4_41_load, i32 %local_C4_42_load, i32 %local_C4_43_load, i32 %local_C4_44_load, i32 %local_C4_45_load, i32 %local_C4_46_load, i32 %local_C4_47_load, i32 %local_C4_48_load, i32 %local_C4_49_load, i32 %local_C4_50_load, i32 %local_C4_51_load, i32 %local_C4_52_load, i32 %local_C4_53_load, i32 %local_C4_54_load, i32 %local_C4_55_load, i32 %local_C4_56_load, i32 %local_C4_57_load, i32 %local_C4_58_load, i32 %local_C4_59_load, i32 %local_C4_60_load, i32 %local_C4_61_load, i32 %local_C4_62_load, i32 %local_C4_63_load, i10 %p_mid2, i32 %v6884" [/home/silvenchen/Desktop/DitBlock/WorkDCT/DitBlock/kernel.cpp:12604]   --->   Operation 189 'call' 'call_ln12604' <Predicate = true> <Delay = 0.00> <CoreType = "Generic">   --->   Core 0 '' <Latency = 0> <II = 1> <Delay = 1.00> <Generic> <Opcode : >
ST_7 : Operation 190 [1/1] (0.00ns)   --->   "%br_ln12605 = br void %l_load_A_tile_ak4" [/home/silvenchen/Desktop/DitBlock/WorkDCT/DitBlock/kernel.cpp:12605]   --->   Operation 190 'br' 'br_ln12605' <Predicate = true> <Delay = 0.00>


============================================================
+ Verbose Summary: Binding
============================================================
STG Binding: 
---------------- STG Properties BEGIN ----------------
- Is combinational: 0
- Is one-state seq: 0
- Is datapath-only: 0
- Is pipelined: 0
- Is top level: 0
Port [ Return ] is wired: 1; IO mode=ap_ctrl_hs:ce=0
Port [ v6882]:  wired=1; compound=1; hidden=0; nouse=0; global=0; static=0; extern=0; dir=0; type=1; pingpong=0; private_global=0; MemPort=[13]; IO mode=ap_memory:ce=0
Port [ v6883]:  wired=1; compound=1; hidden=0; nouse=0; global=0; static=0; extern=0; dir=0; type=1; pingpong=0; private_global=0; MemPort=[13]; IO mode=ap_memory:ce=0
Port [ v6884]:  wired=1; compound=1; hidden=0; nouse=0; global=0; static=0; extern=0; dir=1; type=1; pingpong=0; private_global=0; MemPort=[30]; IO mode=ap_memory:ce=0
---------------- STG Properties END ------------------

---------------- Datapath Model BEGIN ----------------

<LifeTime>
<method=bitvector/>
ni4                   (alloca           ) [ 01111111]
mi4                   (alloca           ) [ 01111111]
indvar_flatten20      (alloca           ) [ 01111111]
specmemcore_ln0       (specmemcore      ) [ 00000000]
local_A4              (alloca           ) [ 00111111]
local_A4_1            (alloca           ) [ 00111111]
local_A4_2            (alloca           ) [ 00111111]
local_A4_3            (alloca           ) [ 00111111]
local_A4_4            (alloca           ) [ 00111111]
local_A4_5            (alloca           ) [ 00111111]
local_A4_6            (alloca           ) [ 00111111]
local_A4_7            (alloca           ) [ 00111111]
local_B4              (alloca           ) [ 00111111]
local_B4_1            (alloca           ) [ 00111111]
local_B4_2            (alloca           ) [ 00111111]
local_B4_3            (alloca           ) [ 00111111]
local_B4_4            (alloca           ) [ 00111111]
local_B4_5            (alloca           ) [ 00111111]
local_B4_6            (alloca           ) [ 00111111]
local_B4_7            (alloca           ) [ 00111111]
local_C4              (alloca           ) [ 00111111]
local_C4_1            (alloca           ) [ 00111111]
local_C4_2            (alloca           ) [ 00111111]
local_C4_3            (alloca           ) [ 00111111]
local_C4_4            (alloca           ) [ 00111111]
local_C4_5            (alloca           ) [ 00111111]
local_C4_6            (alloca           ) [ 00111111]
local_C4_7            (alloca           ) [ 00111111]
local_C4_8            (alloca           ) [ 00111111]
local_C4_9            (alloca           ) [ 00111111]
local_C4_10           (alloca           ) [ 00111111]
local_C4_11           (alloca           ) [ 00111111]
local_C4_12           (alloca           ) [ 00111111]
local_C4_13           (alloca           ) [ 00111111]
local_C4_14           (alloca           ) [ 00111111]
local_C4_15           (alloca           ) [ 00111111]
local_C4_16           (alloca           ) [ 00111111]
local_C4_17           (alloca           ) [ 00111111]
local_C4_18           (alloca           ) [ 00111111]
local_C4_19           (alloca           ) [ 00111111]
local_C4_20           (alloca           ) [ 00111111]
local_C4_21           (alloca           ) [ 00111111]
local_C4_22           (alloca           ) [ 00111111]
local_C4_23           (alloca           ) [ 00111111]
local_C4_24           (alloca           ) [ 00111111]
local_C4_25           (alloca           ) [ 00111111]
local_C4_26           (alloca           ) [ 00111111]
local_C4_27           (alloca           ) [ 00111111]
local_C4_28           (alloca           ) [ 00111111]
local_C4_29           (alloca           ) [ 00111111]
local_C4_30           (alloca           ) [ 00111111]
local_C4_31           (alloca           ) [ 00111111]
local_C4_32           (alloca           ) [ 00111111]
local_C4_33           (alloca           ) [ 00111111]
local_C4_34           (alloca           ) [ 00111111]
local_C4_35           (alloca           ) [ 00111111]
local_C4_36           (alloca           ) [ 00111111]
local_C4_37           (alloca           ) [ 00111111]
local_C4_38           (alloca           ) [ 00111111]
local_C4_39           (alloca           ) [ 00111111]
local_C4_40           (alloca           ) [ 00111111]
local_C4_41           (alloca           ) [ 00111111]
local_C4_42           (alloca           ) [ 00111111]
local_C4_43           (alloca           ) [ 00111111]
local_C4_44           (alloca           ) [ 00111111]
local_C4_45           (alloca           ) [ 00111111]
local_C4_46           (alloca           ) [ 00111111]
local_C4_47           (alloca           ) [ 00111111]
local_C4_48           (alloca           ) [ 00111111]
local_C4_49           (alloca           ) [ 00111111]
local_C4_50           (alloca           ) [ 00111111]
local_C4_51           (alloca           ) [ 00111111]
local_C4_52           (alloca           ) [ 00111111]
local_C4_53           (alloca           ) [ 00111111]
local_C4_54           (alloca           ) [ 00111111]
local_C4_55           (alloca           ) [ 00111111]
local_C4_56           (alloca           ) [ 00111111]
local_C4_57           (alloca           ) [ 00111111]
local_C4_58           (alloca           ) [ 00111111]
local_C4_59           (alloca           ) [ 00111111]
local_C4_60           (alloca           ) [ 00111111]
local_C4_61           (alloca           ) [ 00111111]
local_C4_62           (alloca           ) [ 00111111]
local_C4_63           (alloca           ) [ 00111111]
store_ln0             (store            ) [ 00000000]
store_ln12604         (store            ) [ 00000000]
store_ln12605         (store            ) [ 00000000]
br_ln12604            (br               ) [ 00000000]
indvar_flatten20_load (load             ) [ 00000000]
icmp_ln12604          (icmp             ) [ 00111111]
add_ln12604_1         (add              ) [ 00000000]
br_ln12604            (br               ) [ 00000000]
ni4_load              (load             ) [ 00000000]
mi4_load              (load             ) [ 00000000]
add_ln12604           (add              ) [ 00000000]
icmp_ln12605          (icmp             ) [ 00000000]
select_ln12604        (select           ) [ 00000000]
select_ln12604_1      (select           ) [ 00000000]
trunc_ln12604         (trunc            ) [ 00000000]
p_mid2                (bitconcatenate   ) [ 00011111]
v6893                 (icmp             ) [ 00010000]
empty                 (trunc            ) [ 00000000]
tmp_s                 (bitconcatenate   ) [ 00011111]
add_ln12605           (add              ) [ 00000000]
store_ln12604         (store            ) [ 00000000]
store_ln12604         (store            ) [ 00000000]
store_ln12605         (store            ) [ 00000000]
ret_ln12635           (ret              ) [ 00000000]
call_ln12604          (call             ) [ 00000000]
call_ln12604          (call             ) [ 00000000]
call_ln12625          (call             ) [ 00000000]
local_C4_load         (load             ) [ 00000001]
local_C4_1_load       (load             ) [ 00000001]
local_C4_2_load       (load             ) [ 00000001]
local_C4_3_load       (load             ) [ 00000001]
local_C4_4_load       (load             ) [ 00000001]
local_C4_5_load       (load             ) [ 00000001]
local_C4_6_load       (load             ) [ 00000001]
local_C4_7_load       (load             ) [ 00000001]
local_C4_8_load       (load             ) [ 00000001]
local_C4_9_load       (load             ) [ 00000001]
local_C4_10_load      (load             ) [ 00000001]
local_C4_11_load      (load             ) [ 00000001]
local_C4_12_load      (load             ) [ 00000001]
local_C4_13_load      (load             ) [ 00000001]
local_C4_14_load      (load             ) [ 00000001]
local_C4_15_load      (load             ) [ 00000001]
local_C4_16_load      (load             ) [ 00000001]
local_C4_17_load      (load             ) [ 00000001]
local_C4_18_load      (load             ) [ 00000001]
local_C4_19_load      (load             ) [ 00000001]
local_C4_20_load      (load             ) [ 00000001]
local_C4_21_load      (load             ) [ 00000001]
local_C4_22_load      (load             ) [ 00000001]
local_C4_23_load      (load             ) [ 00000001]
local_C4_24_load      (load             ) [ 00000001]
local_C4_25_load      (load             ) [ 00000001]
local_C4_26_load      (load             ) [ 00000001]
local_C4_27_load      (load             ) [ 00000001]
local_C4_28_load      (load             ) [ 00000001]
local_C4_29_load      (load             ) [ 00000001]
local_C4_30_load      (load             ) [ 00000001]
local_C4_31_load      (load             ) [ 00000001]
local_C4_32_load      (load             ) [ 00000001]
local_C4_33_load      (load             ) [ 00000001]
local_C4_34_load      (load             ) [ 00000001]
local_C4_35_load      (load             ) [ 00000001]
local_C4_36_load      (load             ) [ 00000001]
local_C4_37_load      (load             ) [ 00000001]
local_C4_38_load      (load             ) [ 00000001]
local_C4_39_load      (load             ) [ 00000001]
local_C4_40_load      (load             ) [ 00000001]
local_C4_41_load      (load             ) [ 00000001]
local_C4_42_load      (load             ) [ 00000001]
local_C4_43_load      (load             ) [ 00000001]
local_C4_44_load      (load             ) [ 00000001]
local_C4_45_load      (load             ) [ 00000001]
local_C4_46_load      (load             ) [ 00000001]
local_C4_47_load      (load             ) [ 00000001]
local_C4_48_load      (load             ) [ 00000001]
local_C4_49_load      (load             ) [ 00000001]
local_C4_50_load      (load             ) [ 00000001]
local_C4_51_load      (load             ) [ 00000001]
local_C4_52_load      (load             ) [ 00000001]
local_C4_53_load      (load             ) [ 00000001]
local_C4_54_load      (load             ) [ 00000001]
local_C4_55_load      (load             ) [ 00000001]
local_C4_56_load      (load             ) [ 00000001]
local_C4_57_load      (load             ) [ 00000001]
local_C4_58_load      (load             ) [ 00000001]
local_C4_59_load      (load             ) [ 00000001]
local_C4_60_load      (load             ) [ 00000001]
local_C4_61_load      (load             ) [ 00000001]
local_C4_62_load      (load             ) [ 00000001]
local_C4_63_load      (load             ) [ 00000001]
specloopname_ln0      (specloopname     ) [ 00000000]
speclooptripcount_ln0 (speclooptripcount) [ 00000000]
call_ln12604          (call             ) [ 00000000]
br_ln12605            (br               ) [ 00000000]
</LifeTime>

<model>

<comp_list>
<comp id="0" class="1000" name="v6882">
<pin_list>
<pin id="1" dir="1" index="0" bw="1" slack="0"/>
</pin_list>
<bind>
<StgValue><ssdm name="v6882"/><MemPortTyVec>1 3 </MemPortTyVec>
</StgValue>
</bind>
</comp>

<comp id="2" class="1000" name="v6883">
<pin_list>
<pin id="3" dir="1" index="0" bw="1" slack="0"/>
</pin_list>
<bind>
<StgValue><ssdm name="v6883"/><MemPortTyVec>1 3 </MemPortTyVec>
</StgValue>
</bind>
</comp>

<comp id="4" class="1000" name="v6884">
<pin_list>
<pin id="5" dir="1" index="0" bw="1" slack="0"/>
</pin_list>
<bind>
<StgValue><ssdm name="v6884"/><MemPortTyVec>3 0 </MemPortTyVec>
</StgValue>
</bind>
</comp>

<comp id="6" class="1001" name="const_6">
<pin_list>
<pin id="7" dir="1" index="0" bw="1" slack="0"/>
</pin_list>
<bind>
<StgValue><ssdm name=""/></StgValue>
</bind>
</comp>

<comp id="8" class="1001" name="const_8">
<pin_list>
<pin id="9" dir="1" index="0" bw="1" slack="2147483647"/>
</pin_list>
<bind>
<StgValue><ssdm name="_ssdm_op_SpecMemCore"/></StgValue>
</bind>
</comp>

<comp id="10" class="1001" name="const_10">
<pin_list>
<pin id="11" dir="1" index="0" bw="1" slack="2147483647"/>
</pin_list>
<bind>
<StgValue><ssdm name=""/></StgValue>
</bind>
</comp>

<comp id="12" class="1001" name="const_12">
<pin_list>
<pin id="13" dir="1" index="0" bw="1" slack="2147483647"/>
</pin_list>
<bind>
<StgValue><ssdm name=""/></StgValue>
</bind>
</comp>

<comp id="14" class="1001" name="const_14">
<pin_list>
<pin id="15" dir="1" index="0" bw="1" slack="2147483647"/>
</pin_list>
<bind>
<StgValue><ssdm name=""/></StgValue>
</bind>
</comp>

<comp id="16" class="1001" name="const_16">
<pin_list>
<pin id="17" dir="1" index="0" bw="1" slack="0"/>
</pin_list>
<bind>
<StgValue><ssdm name=""/></StgValue>
</bind>
</comp>

<comp id="18" class="1001" name="const_18">
<pin_list>
<pin id="19" dir="1" index="0" bw="1" slack="0"/>
</pin_list>
<bind>
<StgValue><ssdm name=""/></StgValue>
</bind>
</comp>

<comp id="20" class="1001" name="const_20">
<pin_list>
<pin id="21" dir="1" index="0" bw="1" slack="0"/>
</pin_list>
<bind>
<StgValue><ssdm name=""/></StgValue>
</bind>
</comp>

<comp id="22" class="1001" name="const_22">
<pin_list>
<pin id="23" dir="1" index="0" bw="1" slack="0"/>
</pin_list>
<bind>
<StgValue><ssdm name=""/></StgValue>
</bind>
</comp>

<comp id="24" class="1001" name="const_24">
<pin_list>
<pin id="25" dir="1" index="0" bw="1" slack="0"/>
</pin_list>
<bind>
<StgValue><ssdm name=""/></StgValue>
</bind>
</comp>

<comp id="26" class="1001" name="const_26">
<pin_list>
<pin id="27" dir="1" index="0" bw="1" slack="0"/>
</pin_list>
<bind>
<StgValue><ssdm name=""/></StgValue>
</bind>
</comp>

<comp id="28" class="1001" name="const_28">
<pin_list>
<pin id="29" dir="1" index="0" bw="1" slack="0"/>
</pin_list>
<bind>
<StgValue><ssdm name=""/></StgValue>
</bind>
</comp>

<comp id="30" class="1001" name="const_30">
<pin_list>
<pin id="31" dir="1" index="0" bw="1" slack="0"/>
</pin_list>
<bind>
<StgValue><ssdm name="_ssdm_op_BitConcatenate.i10.i7.i3"/></StgValue>
</bind>
</comp>

<comp id="32" class="1001" name="const_32">
<pin_list>
<pin id="33" dir="1" index="0" bw="1" slack="0"/>
</pin_list>
<bind>
<StgValue><ssdm name=""/></StgValue>
</bind>
</comp>

<comp id="34" class="1001" name="const_34">
<pin_list>
<pin id="35" dir="1" index="0" bw="1" slack="0"/>
</pin_list>
<bind>
<StgValue><ssdm name="systolic_QKT_Pipeline_l_load_A_tile_ak4_l_ai4"/></StgValue>
</bind>
</comp>

<comp id="36" class="1001" name="const_36">
<pin_list>
<pin id="37" dir="1" index="0" bw="1" slack="0"/>
</pin_list>
<bind>
<StgValue><ssdm name="systolic_QKT_Pipeline_l_load_B_tile_bk4_l_bj4"/></StgValue>
</bind>
</comp>

<comp id="38" class="1001" name="const_38">
<pin_list>
<pin id="39" dir="1" index="0" bw="1" slack="0"/>
</pin_list>
<bind>
<StgValue><ssdm name="systolic_tile_QKT"/></StgValue>
</bind>
</comp>

<comp id="40" class="1001" name="const_40">
<pin_list>
<pin id="41" dir="1" index="0" bw="1" slack="0"/>
</pin_list>
<bind>
<StgValue><ssdm name="systolic_QKT_Pipeline_l_store_C_tile_sj4_l_si4"/></StgValue>
</bind>
</comp>

<comp id="42" class="1001" name="const_42">
<pin_list>
<pin id="43" dir="1" index="0" bw="1" slack="2147483647"/>
</pin_list>
<bind>
<StgValue><ssdm name="_ssdm_op_SpecLoopName"/></StgValue>
</bind>
</comp>

<comp id="44" class="1001" name="const_44">
<pin_list>
<pin id="45" dir="1" index="0" bw="1" slack="2147483647"/>
</pin_list>
<bind>
<StgValue><ssdm name="l_outer_tile_mi4_l_ni4_str"/></StgValue>
</bind>
</comp>

<comp id="46" class="1001" name="const_46">
<pin_list>
<pin id="47" dir="1" index="0" bw="1" slack="2147483647"/>
</pin_list>
<bind>
<StgValue><ssdm name="_ssdm_op_SpecLoopTripCount"/></StgValue>
</bind>
</comp>

<comp id="48" class="1001" name="const_48">
<pin_list>
<pin id="49" dir="1" index="0" bw="1" slack="2147483647"/>
</pin_list>
<bind>
<StgValue><ssdm name=""/></StgValue>
</bind>
</comp>

<comp id="50" class="1004" name="ni4_fu_50">
<pin_list>
<pin id="51" dir="0" index="0" bw="1" slack="0"/>
<pin id="52" dir="1" index="1" bw="8" slack="0"/>
</pin_list>
<bind>
<opcode="alloca(26) " fcode="alloca"/>
<opset="ni4/1 "/>
</bind>
</comp>

<comp id="54" class="1004" name="mi4_fu_54">
<pin_list>
<pin id="55" dir="0" index="0" bw="1" slack="0"/>
<pin id="56" dir="1" index="1" bw="8" slack="0"/>
</pin_list>
<bind>
<opcode="alloca(26) " fcode="alloca"/>
<opset="mi4/1 "/>
</bind>
</comp>

<comp id="58" class="1004" name="indvar_flatten20_fu_58">
<pin_list>
<pin id="59" dir="0" index="0" bw="1" slack="0"/>
<pin id="60" dir="1" index="1" bw="15" slack="0"/>
</pin_list>
<bind>
<opcode="alloca(26) " fcode="alloca"/>
<opset="indvar_flatten20/1 "/>
</bind>
</comp>

<comp id="62" class="1004" name="local_A4_alloca_fu_62">
<pin_list>
<pin id="63" dir="0" index="0" bw="1" slack="0"/>
<pin id="64" dir="1" index="1" bw="32" slack="2147483647"/>
</pin_list>
<bind>
<opcode="alloca(26) " fcode="alloca"/>
<opset="local_A4/1 "/>
</bind>
</comp>

<comp id="66" class="1004" name="local_A4_1_alloca_fu_66">
<pin_list>
<pin id="67" dir="0" index="0" bw="1" slack="0"/>
<pin id="68" dir="1" index="1" bw="32" slack="2147483647"/>
</pin_list>
<bind>
<opcode="alloca(26) " fcode="alloca"/>
<opset="local_A4_1/1 "/>
</bind>
</comp>

<comp id="70" class="1004" name="local_A4_2_alloca_fu_70">
<pin_list>
<pin id="71" dir="0" index="0" bw="1" slack="0"/>
<pin id="72" dir="1" index="1" bw="32" slack="2147483647"/>
</pin_list>
<bind>
<opcode="alloca(26) " fcode="alloca"/>
<opset="local_A4_2/1 "/>
</bind>
</comp>

<comp id="74" class="1004" name="local_A4_3_alloca_fu_74">
<pin_list>
<pin id="75" dir="0" index="0" bw="1" slack="0"/>
<pin id="76" dir="1" index="1" bw="32" slack="2147483647"/>
</pin_list>
<bind>
<opcode="alloca(26) " fcode="alloca"/>
<opset="local_A4_3/1 "/>
</bind>
</comp>

<comp id="78" class="1004" name="local_A4_4_alloca_fu_78">
<pin_list>
<pin id="79" dir="0" index="0" bw="1" slack="0"/>
<pin id="80" dir="1" index="1" bw="32" slack="2147483647"/>
</pin_list>
<bind>
<opcode="alloca(26) " fcode="alloca"/>
<opset="local_A4_4/1 "/>
</bind>
</comp>

<comp id="82" class="1004" name="local_A4_5_alloca_fu_82">
<pin_list>
<pin id="83" dir="0" index="0" bw="1" slack="0"/>
<pin id="84" dir="1" index="1" bw="32" slack="2147483647"/>
</pin_list>
<bind>
<opcode="alloca(26) " fcode="alloca"/>
<opset="local_A4_5/1 "/>
</bind>
</comp>

<comp id="86" class="1004" name="local_A4_6_alloca_fu_86">
<pin_list>
<pin id="87" dir="0" index="0" bw="1" slack="0"/>
<pin id="88" dir="1" index="1" bw="32" slack="2147483647"/>
</pin_list>
<bind>
<opcode="alloca(26) " fcode="alloca"/>
<opset="local_A4_6/1 "/>
</bind>
</comp>

<comp id="90" class="1004" name="local_A4_7_alloca_fu_90">
<pin_list>
<pin id="91" dir="0" index="0" bw="1" slack="0"/>
<pin id="92" dir="1" index="1" bw="32" slack="2147483647"/>
</pin_list>
<bind>
<opcode="alloca(26) " fcode="alloca"/>
<opset="local_A4_7/1 "/>
</bind>
</comp>

<comp id="94" class="1004" name="local_B4_alloca_fu_94">
<pin_list>
<pin id="95" dir="0" index="0" bw="1" slack="0"/>
<pin id="96" dir="1" index="1" bw="32" slack="2147483647"/>
</pin_list>
<bind>
<opcode="alloca(26) " fcode="alloca"/>
<opset="local_B4/1 "/>
</bind>
</comp>

<comp id="98" class="1004" name="local_B4_1_alloca_fu_98">
<pin_list>
<pin id="99" dir="0" index="0" bw="1" slack="0"/>
<pin id="100" dir="1" index="1" bw="32" slack="2147483647"/>
</pin_list>
<bind>
<opcode="alloca(26) " fcode="alloca"/>
<opset="local_B4_1/1 "/>
</bind>
</comp>

<comp id="102" class="1004" name="local_B4_2_alloca_fu_102">
<pin_list>
<pin id="103" dir="0" index="0" bw="1" slack="0"/>
<pin id="104" dir="1" index="1" bw="32" slack="2147483647"/>
</pin_list>
<bind>
<opcode="alloca(26) " fcode="alloca"/>
<opset="local_B4_2/1 "/>
</bind>
</comp>

<comp id="106" class="1004" name="local_B4_3_alloca_fu_106">
<pin_list>
<pin id="107" dir="0" index="0" bw="1" slack="0"/>
<pin id="108" dir="1" index="1" bw="32" slack="2147483647"/>
</pin_list>
<bind>
<opcode="alloca(26) " fcode="alloca"/>
<opset="local_B4_3/1 "/>
</bind>
</comp>

<comp id="110" class="1004" name="local_B4_4_alloca_fu_110">
<pin_list>
<pin id="111" dir="0" index="0" bw="1" slack="0"/>
<pin id="112" dir="1" index="1" bw="32" slack="2147483647"/>
</pin_list>
<bind>
<opcode="alloca(26) " fcode="alloca"/>
<opset="local_B4_4/1 "/>
</bind>
</comp>

<comp id="114" class="1004" name="local_B4_5_alloca_fu_114">
<pin_list>
<pin id="115" dir="0" index="0" bw="1" slack="0"/>
<pin id="116" dir="1" index="1" bw="32" slack="2147483647"/>
</pin_list>
<bind>
<opcode="alloca(26) " fcode="alloca"/>
<opset="local_B4_5/1 "/>
</bind>
</comp>

<comp id="118" class="1004" name="local_B4_6_alloca_fu_118">
<pin_list>
<pin id="119" dir="0" index="0" bw="1" slack="0"/>
<pin id="120" dir="1" index="1" bw="32" slack="2147483647"/>
</pin_list>
<bind>
<opcode="alloca(26) " fcode="alloca"/>
<opset="local_B4_6/1 "/>
</bind>
</comp>

<comp id="122" class="1004" name="local_B4_7_alloca_fu_122">
<pin_list>
<pin id="123" dir="0" index="0" bw="1" slack="0"/>
<pin id="124" dir="1" index="1" bw="32" slack="2147483647"/>
</pin_list>
<bind>
<opcode="alloca(26) " fcode="alloca"/>
<opset="local_B4_7/1 "/>
</bind>
</comp>

<comp id="126" class="1004" name="local_C4_fu_126">
<pin_list>
<pin id="127" dir="0" index="0" bw="1" slack="0"/>
<pin id="128" dir="1" index="1" bw="32" slack="3"/>
</pin_list>
<bind>
<opcode="alloca(26) " fcode="alloca"/>
<opset="local_C4/1 "/>
</bind>
</comp>

<comp id="130" class="1004" name="local_C4_1_fu_130">
<pin_list>
<pin id="131" dir="0" index="0" bw="1" slack="0"/>
<pin id="132" dir="1" index="1" bw="32" slack="3"/>
</pin_list>
<bind>
<opcode="alloca(26) " fcode="alloca"/>
<opset="local_C4_1/1 "/>
</bind>
</comp>

<comp id="134" class="1004" name="local_C4_2_fu_134">
<pin_list>
<pin id="135" dir="0" index="0" bw="1" slack="0"/>
<pin id="136" dir="1" index="1" bw="32" slack="3"/>
</pin_list>
<bind>
<opcode="alloca(26) " fcode="alloca"/>
<opset="local_C4_2/1 "/>
</bind>
</comp>

<comp id="138" class="1004" name="local_C4_3_fu_138">
<pin_list>
<pin id="139" dir="0" index="0" bw="1" slack="0"/>
<pin id="140" dir="1" index="1" bw="32" slack="3"/>
</pin_list>
<bind>
<opcode="alloca(26) " fcode="alloca"/>
<opset="local_C4_3/1 "/>
</bind>
</comp>

<comp id="142" class="1004" name="local_C4_4_fu_142">
<pin_list>
<pin id="143" dir="0" index="0" bw="1" slack="0"/>
<pin id="144" dir="1" index="1" bw="32" slack="3"/>
</pin_list>
<bind>
<opcode="alloca(26) " fcode="alloca"/>
<opset="local_C4_4/1 "/>
</bind>
</comp>

<comp id="146" class="1004" name="local_C4_5_fu_146">
<pin_list>
<pin id="147" dir="0" index="0" bw="1" slack="0"/>
<pin id="148" dir="1" index="1" bw="32" slack="3"/>
</pin_list>
<bind>
<opcode="alloca(26) " fcode="alloca"/>
<opset="local_C4_5/1 "/>
</bind>
</comp>

<comp id="150" class="1004" name="local_C4_6_fu_150">
<pin_list>
<pin id="151" dir="0" index="0" bw="1" slack="0"/>
<pin id="152" dir="1" index="1" bw="32" slack="3"/>
</pin_list>
<bind>
<opcode="alloca(26) " fcode="alloca"/>
<opset="local_C4_6/1 "/>
</bind>
</comp>

<comp id="154" class="1004" name="local_C4_7_fu_154">
<pin_list>
<pin id="155" dir="0" index="0" bw="1" slack="0"/>
<pin id="156" dir="1" index="1" bw="32" slack="3"/>
</pin_list>
<bind>
<opcode="alloca(26) " fcode="alloca"/>
<opset="local_C4_7/1 "/>
</bind>
</comp>

<comp id="158" class="1004" name="local_C4_8_fu_158">
<pin_list>
<pin id="159" dir="0" index="0" bw="1" slack="0"/>
<pin id="160" dir="1" index="1" bw="32" slack="3"/>
</pin_list>
<bind>
<opcode="alloca(26) " fcode="alloca"/>
<opset="local_C4_8/1 "/>
</bind>
</comp>

<comp id="162" class="1004" name="local_C4_9_fu_162">
<pin_list>
<pin id="163" dir="0" index="0" bw="1" slack="0"/>
<pin id="164" dir="1" index="1" bw="32" slack="3"/>
</pin_list>
<bind>
<opcode="alloca(26) " fcode="alloca"/>
<opset="local_C4_9/1 "/>
</bind>
</comp>

<comp id="166" class="1004" name="local_C4_10_fu_166">
<pin_list>
<pin id="167" dir="0" index="0" bw="1" slack="0"/>
<pin id="168" dir="1" index="1" bw="32" slack="3"/>
</pin_list>
<bind>
<opcode="alloca(26) " fcode="alloca"/>
<opset="local_C4_10/1 "/>
</bind>
</comp>

<comp id="170" class="1004" name="local_C4_11_fu_170">
<pin_list>
<pin id="171" dir="0" index="0" bw="1" slack="0"/>
<pin id="172" dir="1" index="1" bw="32" slack="3"/>
</pin_list>
<bind>
<opcode="alloca(26) " fcode="alloca"/>
<opset="local_C4_11/1 "/>
</bind>
</comp>

<comp id="174" class="1004" name="local_C4_12_fu_174">
<pin_list>
<pin id="175" dir="0" index="0" bw="1" slack="0"/>
<pin id="176" dir="1" index="1" bw="32" slack="3"/>
</pin_list>
<bind>
<opcode="alloca(26) " fcode="alloca"/>
<opset="local_C4_12/1 "/>
</bind>
</comp>

<comp id="178" class="1004" name="local_C4_13_fu_178">
<pin_list>
<pin id="179" dir="0" index="0" bw="1" slack="0"/>
<pin id="180" dir="1" index="1" bw="32" slack="3"/>
</pin_list>
<bind>
<opcode="alloca(26) " fcode="alloca"/>
<opset="local_C4_13/1 "/>
</bind>
</comp>

<comp id="182" class="1004" name="local_C4_14_fu_182">
<pin_list>
<pin id="183" dir="0" index="0" bw="1" slack="0"/>
<pin id="184" dir="1" index="1" bw="32" slack="3"/>
</pin_list>
<bind>
<opcode="alloca(26) " fcode="alloca"/>
<opset="local_C4_14/1 "/>
</bind>
</comp>

<comp id="186" class="1004" name="local_C4_15_fu_186">
<pin_list>
<pin id="187" dir="0" index="0" bw="1" slack="0"/>
<pin id="188" dir="1" index="1" bw="32" slack="3"/>
</pin_list>
<bind>
<opcode="alloca(26) " fcode="alloca"/>
<opset="local_C4_15/1 "/>
</bind>
</comp>

<comp id="190" class="1004" name="local_C4_16_fu_190">
<pin_list>
<pin id="191" dir="0" index="0" bw="1" slack="0"/>
<pin id="192" dir="1" index="1" bw="32" slack="3"/>
</pin_list>
<bind>
<opcode="alloca(26) " fcode="alloca"/>
<opset="local_C4_16/1 "/>
</bind>
</comp>

<comp id="194" class="1004" name="local_C4_17_fu_194">
<pin_list>
<pin id="195" dir="0" index="0" bw="1" slack="0"/>
<pin id="196" dir="1" index="1" bw="32" slack="3"/>
</pin_list>
<bind>
<opcode="alloca(26) " fcode="alloca"/>
<opset="local_C4_17/1 "/>
</bind>
</comp>

<comp id="198" class="1004" name="local_C4_18_fu_198">
<pin_list>
<pin id="199" dir="0" index="0" bw="1" slack="0"/>
<pin id="200" dir="1" index="1" bw="32" slack="3"/>
</pin_list>
<bind>
<opcode="alloca(26) " fcode="alloca"/>
<opset="local_C4_18/1 "/>
</bind>
</comp>

<comp id="202" class="1004" name="local_C4_19_fu_202">
<pin_list>
<pin id="203" dir="0" index="0" bw="1" slack="0"/>
<pin id="204" dir="1" index="1" bw="32" slack="3"/>
</pin_list>
<bind>
<opcode="alloca(26) " fcode="alloca"/>
<opset="local_C4_19/1 "/>
</bind>
</comp>

<comp id="206" class="1004" name="local_C4_20_fu_206">
<pin_list>
<pin id="207" dir="0" index="0" bw="1" slack="0"/>
<pin id="208" dir="1" index="1" bw="32" slack="3"/>
</pin_list>
<bind>
<opcode="alloca(26) " fcode="alloca"/>
<opset="local_C4_20/1 "/>
</bind>
</comp>

<comp id="210" class="1004" name="local_C4_21_fu_210">
<pin_list>
<pin id="211" dir="0" index="0" bw="1" slack="0"/>
<pin id="212" dir="1" index="1" bw="32" slack="3"/>
</pin_list>
<bind>
<opcode="alloca(26) " fcode="alloca"/>
<opset="local_C4_21/1 "/>
</bind>
</comp>

<comp id="214" class="1004" name="local_C4_22_fu_214">
<pin_list>
<pin id="215" dir="0" index="0" bw="1" slack="0"/>
<pin id="216" dir="1" index="1" bw="32" slack="3"/>
</pin_list>
<bind>
<opcode="alloca(26) " fcode="alloca"/>
<opset="local_C4_22/1 "/>
</bind>
</comp>

<comp id="218" class="1004" name="local_C4_23_fu_218">
<pin_list>
<pin id="219" dir="0" index="0" bw="1" slack="0"/>
<pin id="220" dir="1" index="1" bw="32" slack="3"/>
</pin_list>
<bind>
<opcode="alloca(26) " fcode="alloca"/>
<opset="local_C4_23/1 "/>
</bind>
</comp>

<comp id="222" class="1004" name="local_C4_24_fu_222">
<pin_list>
<pin id="223" dir="0" index="0" bw="1" slack="0"/>
<pin id="224" dir="1" index="1" bw="32" slack="3"/>
</pin_list>
<bind>
<opcode="alloca(26) " fcode="alloca"/>
<opset="local_C4_24/1 "/>
</bind>
</comp>

<comp id="226" class="1004" name="local_C4_25_fu_226">
<pin_list>
<pin id="227" dir="0" index="0" bw="1" slack="0"/>
<pin id="228" dir="1" index="1" bw="32" slack="3"/>
</pin_list>
<bind>
<opcode="alloca(26) " fcode="alloca"/>
<opset="local_C4_25/1 "/>
</bind>
</comp>

<comp id="230" class="1004" name="local_C4_26_fu_230">
<pin_list>
<pin id="231" dir="0" index="0" bw="1" slack="0"/>
<pin id="232" dir="1" index="1" bw="32" slack="3"/>
</pin_list>
<bind>
<opcode="alloca(26) " fcode="alloca"/>
<opset="local_C4_26/1 "/>
</bind>
</comp>

<comp id="234" class="1004" name="local_C4_27_fu_234">
<pin_list>
<pin id="235" dir="0" index="0" bw="1" slack="0"/>
<pin id="236" dir="1" index="1" bw="32" slack="3"/>
</pin_list>
<bind>
<opcode="alloca(26) " fcode="alloca"/>
<opset="local_C4_27/1 "/>
</bind>
</comp>

<comp id="238" class="1004" name="local_C4_28_fu_238">
<pin_list>
<pin id="239" dir="0" index="0" bw="1" slack="0"/>
<pin id="240" dir="1" index="1" bw="32" slack="3"/>
</pin_list>
<bind>
<opcode="alloca(26) " fcode="alloca"/>
<opset="local_C4_28/1 "/>
</bind>
</comp>

<comp id="242" class="1004" name="local_C4_29_fu_242">
<pin_list>
<pin id="243" dir="0" index="0" bw="1" slack="0"/>
<pin id="244" dir="1" index="1" bw="32" slack="3"/>
</pin_list>
<bind>
<opcode="alloca(26) " fcode="alloca"/>
<opset="local_C4_29/1 "/>
</bind>
</comp>

<comp id="246" class="1004" name="local_C4_30_fu_246">
<pin_list>
<pin id="247" dir="0" index="0" bw="1" slack="0"/>
<pin id="248" dir="1" index="1" bw="32" slack="3"/>
</pin_list>
<bind>
<opcode="alloca(26) " fcode="alloca"/>
<opset="local_C4_30/1 "/>
</bind>
</comp>

<comp id="250" class="1004" name="local_C4_31_fu_250">
<pin_list>
<pin id="251" dir="0" index="0" bw="1" slack="0"/>
<pin id="252" dir="1" index="1" bw="32" slack="3"/>
</pin_list>
<bind>
<opcode="alloca(26) " fcode="alloca"/>
<opset="local_C4_31/1 "/>
</bind>
</comp>

<comp id="254" class="1004" name="local_C4_32_fu_254">
<pin_list>
<pin id="255" dir="0" index="0" bw="1" slack="0"/>
<pin id="256" dir="1" index="1" bw="32" slack="3"/>
</pin_list>
<bind>
<opcode="alloca(26) " fcode="alloca"/>
<opset="local_C4_32/1 "/>
</bind>
</comp>

<comp id="258" class="1004" name="local_C4_33_fu_258">
<pin_list>
<pin id="259" dir="0" index="0" bw="1" slack="0"/>
<pin id="260" dir="1" index="1" bw="32" slack="3"/>
</pin_list>
<bind>
<opcode="alloca(26) " fcode="alloca"/>
<opset="local_C4_33/1 "/>
</bind>
</comp>

<comp id="262" class="1004" name="local_C4_34_fu_262">
<pin_list>
<pin id="263" dir="0" index="0" bw="1" slack="0"/>
<pin id="264" dir="1" index="1" bw="32" slack="3"/>
</pin_list>
<bind>
<opcode="alloca(26) " fcode="alloca"/>
<opset="local_C4_34/1 "/>
</bind>
</comp>

<comp id="266" class="1004" name="local_C4_35_fu_266">
<pin_list>
<pin id="267" dir="0" index="0" bw="1" slack="0"/>
<pin id="268" dir="1" index="1" bw="32" slack="3"/>
</pin_list>
<bind>
<opcode="alloca(26) " fcode="alloca"/>
<opset="local_C4_35/1 "/>
</bind>
</comp>

<comp id="270" class="1004" name="local_C4_36_fu_270">
<pin_list>
<pin id="271" dir="0" index="0" bw="1" slack="0"/>
<pin id="272" dir="1" index="1" bw="32" slack="3"/>
</pin_list>
<bind>
<opcode="alloca(26) " fcode="alloca"/>
<opset="local_C4_36/1 "/>
</bind>
</comp>

<comp id="274" class="1004" name="local_C4_37_fu_274">
<pin_list>
<pin id="275" dir="0" index="0" bw="1" slack="0"/>
<pin id="276" dir="1" index="1" bw="32" slack="3"/>
</pin_list>
<bind>
<opcode="alloca(26) " fcode="alloca"/>
<opset="local_C4_37/1 "/>
</bind>
</comp>

<comp id="278" class="1004" name="local_C4_38_fu_278">
<pin_list>
<pin id="279" dir="0" index="0" bw="1" slack="0"/>
<pin id="280" dir="1" index="1" bw="32" slack="3"/>
</pin_list>
<bind>
<opcode="alloca(26) " fcode="alloca"/>
<opset="local_C4_38/1 "/>
</bind>
</comp>

<comp id="282" class="1004" name="local_C4_39_fu_282">
<pin_list>
<pin id="283" dir="0" index="0" bw="1" slack="0"/>
<pin id="284" dir="1" index="1" bw="32" slack="3"/>
</pin_list>
<bind>
<opcode="alloca(26) " fcode="alloca"/>
<opset="local_C4_39/1 "/>
</bind>
</comp>

<comp id="286" class="1004" name="local_C4_40_fu_286">
<pin_list>
<pin id="287" dir="0" index="0" bw="1" slack="0"/>
<pin id="288" dir="1" index="1" bw="32" slack="3"/>
</pin_list>
<bind>
<opcode="alloca(26) " fcode="alloca"/>
<opset="local_C4_40/1 "/>
</bind>
</comp>

<comp id="290" class="1004" name="local_C4_41_fu_290">
<pin_list>
<pin id="291" dir="0" index="0" bw="1" slack="0"/>
<pin id="292" dir="1" index="1" bw="32" slack="3"/>
</pin_list>
<bind>
<opcode="alloca(26) " fcode="alloca"/>
<opset="local_C4_41/1 "/>
</bind>
</comp>

<comp id="294" class="1004" name="local_C4_42_fu_294">
<pin_list>
<pin id="295" dir="0" index="0" bw="1" slack="0"/>
<pin id="296" dir="1" index="1" bw="32" slack="3"/>
</pin_list>
<bind>
<opcode="alloca(26) " fcode="alloca"/>
<opset="local_C4_42/1 "/>
</bind>
</comp>

<comp id="298" class="1004" name="local_C4_43_fu_298">
<pin_list>
<pin id="299" dir="0" index="0" bw="1" slack="0"/>
<pin id="300" dir="1" index="1" bw="32" slack="3"/>
</pin_list>
<bind>
<opcode="alloca(26) " fcode="alloca"/>
<opset="local_C4_43/1 "/>
</bind>
</comp>

<comp id="302" class="1004" name="local_C4_44_fu_302">
<pin_list>
<pin id="303" dir="0" index="0" bw="1" slack="0"/>
<pin id="304" dir="1" index="1" bw="32" slack="3"/>
</pin_list>
<bind>
<opcode="alloca(26) " fcode="alloca"/>
<opset="local_C4_44/1 "/>
</bind>
</comp>

<comp id="306" class="1004" name="local_C4_45_fu_306">
<pin_list>
<pin id="307" dir="0" index="0" bw="1" slack="0"/>
<pin id="308" dir="1" index="1" bw="32" slack="3"/>
</pin_list>
<bind>
<opcode="alloca(26) " fcode="alloca"/>
<opset="local_C4_45/1 "/>
</bind>
</comp>

<comp id="310" class="1004" name="local_C4_46_fu_310">
<pin_list>
<pin id="311" dir="0" index="0" bw="1" slack="0"/>
<pin id="312" dir="1" index="1" bw="32" slack="3"/>
</pin_list>
<bind>
<opcode="alloca(26) " fcode="alloca"/>
<opset="local_C4_46/1 "/>
</bind>
</comp>

<comp id="314" class="1004" name="local_C4_47_fu_314">
<pin_list>
<pin id="315" dir="0" index="0" bw="1" slack="0"/>
<pin id="316" dir="1" index="1" bw="32" slack="3"/>
</pin_list>
<bind>
<opcode="alloca(26) " fcode="alloca"/>
<opset="local_C4_47/1 "/>
</bind>
</comp>

<comp id="318" class="1004" name="local_C4_48_fu_318">
<pin_list>
<pin id="319" dir="0" index="0" bw="1" slack="0"/>
<pin id="320" dir="1" index="1" bw="32" slack="3"/>
</pin_list>
<bind>
<opcode="alloca(26) " fcode="alloca"/>
<opset="local_C4_48/1 "/>
</bind>
</comp>

<comp id="322" class="1004" name="local_C4_49_fu_322">
<pin_list>
<pin id="323" dir="0" index="0" bw="1" slack="0"/>
<pin id="324" dir="1" index="1" bw="32" slack="3"/>
</pin_list>
<bind>
<opcode="alloca(26) " fcode="alloca"/>
<opset="local_C4_49/1 "/>
</bind>
</comp>

<comp id="326" class="1004" name="local_C4_50_fu_326">
<pin_list>
<pin id="327" dir="0" index="0" bw="1" slack="0"/>
<pin id="328" dir="1" index="1" bw="32" slack="3"/>
</pin_list>
<bind>
<opcode="alloca(26) " fcode="alloca"/>
<opset="local_C4_50/1 "/>
</bind>
</comp>

<comp id="330" class="1004" name="local_C4_51_fu_330">
<pin_list>
<pin id="331" dir="0" index="0" bw="1" slack="0"/>
<pin id="332" dir="1" index="1" bw="32" slack="3"/>
</pin_list>
<bind>
<opcode="alloca(26) " fcode="alloca"/>
<opset="local_C4_51/1 "/>
</bind>
</comp>

<comp id="334" class="1004" name="local_C4_52_fu_334">
<pin_list>
<pin id="335" dir="0" index="0" bw="1" slack="0"/>
<pin id="336" dir="1" index="1" bw="32" slack="3"/>
</pin_list>
<bind>
<opcode="alloca(26) " fcode="alloca"/>
<opset="local_C4_52/1 "/>
</bind>
</comp>

<comp id="338" class="1004" name="local_C4_53_fu_338">
<pin_list>
<pin id="339" dir="0" index="0" bw="1" slack="0"/>
<pin id="340" dir="1" index="1" bw="32" slack="3"/>
</pin_list>
<bind>
<opcode="alloca(26) " fcode="alloca"/>
<opset="local_C4_53/1 "/>
</bind>
</comp>

<comp id="342" class="1004" name="local_C4_54_fu_342">
<pin_list>
<pin id="343" dir="0" index="0" bw="1" slack="0"/>
<pin id="344" dir="1" index="1" bw="32" slack="3"/>
</pin_list>
<bind>
<opcode="alloca(26) " fcode="alloca"/>
<opset="local_C4_54/1 "/>
</bind>
</comp>

<comp id="346" class="1004" name="local_C4_55_fu_346">
<pin_list>
<pin id="347" dir="0" index="0" bw="1" slack="0"/>
<pin id="348" dir="1" index="1" bw="32" slack="3"/>
</pin_list>
<bind>
<opcode="alloca(26) " fcode="alloca"/>
<opset="local_C4_55/1 "/>
</bind>
</comp>

<comp id="350" class="1004" name="local_C4_56_fu_350">
<pin_list>
<pin id="351" dir="0" index="0" bw="1" slack="0"/>
<pin id="352" dir="1" index="1" bw="32" slack="3"/>
</pin_list>
<bind>
<opcode="alloca(26) " fcode="alloca"/>
<opset="local_C4_56/1 "/>
</bind>
</comp>

<comp id="354" class="1004" name="local_C4_57_fu_354">
<pin_list>
<pin id="355" dir="0" index="0" bw="1" slack="0"/>
<pin id="356" dir="1" index="1" bw="32" slack="3"/>
</pin_list>
<bind>
<opcode="alloca(26) " fcode="alloca"/>
<opset="local_C4_57/1 "/>
</bind>
</comp>

<comp id="358" class="1004" name="local_C4_58_fu_358">
<pin_list>
<pin id="359" dir="0" index="0" bw="1" slack="0"/>
<pin id="360" dir="1" index="1" bw="32" slack="3"/>
</pin_list>
<bind>
<opcode="alloca(26) " fcode="alloca"/>
<opset="local_C4_58/1 "/>
</bind>
</comp>

<comp id="362" class="1004" name="local_C4_59_fu_362">
<pin_list>
<pin id="363" dir="0" index="0" bw="1" slack="0"/>
<pin id="364" dir="1" index="1" bw="32" slack="3"/>
</pin_list>
<bind>
<opcode="alloca(26) " fcode="alloca"/>
<opset="local_C4_59/1 "/>
</bind>
</comp>

<comp id="366" class="1004" name="local_C4_60_fu_366">
<pin_list>
<pin id="367" dir="0" index="0" bw="1" slack="0"/>
<pin id="368" dir="1" index="1" bw="32" slack="3"/>
</pin_list>
<bind>
<opcode="alloca(26) " fcode="alloca"/>
<opset="local_C4_60/1 "/>
</bind>
</comp>

<comp id="370" class="1004" name="local_C4_61_fu_370">
<pin_list>
<pin id="371" dir="0" index="0" bw="1" slack="0"/>
<pin id="372" dir="1" index="1" bw="32" slack="3"/>
</pin_list>
<bind>
<opcode="alloca(26) " fcode="alloca"/>
<opset="local_C4_61/1 "/>
</bind>
</comp>

<comp id="374" class="1004" name="local_C4_62_fu_374">
<pin_list>
<pin id="375" dir="0" index="0" bw="1" slack="0"/>
<pin id="376" dir="1" index="1" bw="32" slack="3"/>
</pin_list>
<bind>
<opcode="alloca(26) " fcode="alloca"/>
<opset="local_C4_62/1 "/>
</bind>
</comp>

<comp id="378" class="1004" name="local_C4_63_fu_378">
<pin_list>
<pin id="379" dir="0" index="0" bw="1" slack="0"/>
<pin id="380" dir="1" index="1" bw="32" slack="3"/>
</pin_list>
<bind>
<opcode="alloca(26) " fcode="alloca"/>
<opset="local_C4_63/1 "/>
</bind>
</comp>

<comp id="382" class="1004" name="grp_systolic_QKT_Pipeline_l_load_A_tile_ak4_l_ai4_fu_382">
<pin_list>
<pin id="383" dir="0" index="0" bw="0" slack="0"/>
<pin id="384" dir="0" index="1" bw="32" slack="2147483647"/>
<pin id="385" dir="0" index="2" bw="32" slack="2147483647"/>
<pin id="386" dir="0" index="3" bw="32" slack="2147483647"/>
<pin id="387" dir="0" index="4" bw="32" slack="2147483647"/>
<pin id="388" dir="0" index="5" bw="32" slack="2147483647"/>
<pin id="389" dir="0" index="6" bw="32" slack="2147483647"/>
<pin id="390" dir="0" index="7" bw="32" slack="2147483647"/>
<pin id="391" dir="0" index="8" bw="32" slack="2147483647"/>
<pin id="392" dir="0" index="9" bw="1" slack="0"/>
<pin id="393" dir="0" index="10" bw="10" slack="0"/>
<pin id="394" dir="0" index="11" bw="32" slack="0"/>
<pin id="395" dir="1" index="12" bw="0" slack="2147483647"/>
</pin_list>
<bind>
<opcode="call(48) " fcode="call"/>
<opset="call_ln12604/2 "/>
</bind>
</comp>

<comp id="398" class="1004" name="grp_systolic_QKT_Pipeline_l_load_B_tile_bk4_l_bj4_fu_398">
<pin_list>
<pin id="399" dir="0" index="0" bw="0" slack="0"/>
<pin id="400" dir="0" index="1" bw="32" slack="2147483647"/>
<pin id="401" dir="0" index="2" bw="32" slack="2147483647"/>
<pin id="402" dir="0" index="3" bw="32" slack="2147483647"/>
<pin id="403" dir="0" index="4" bw="32" slack="2147483647"/>
<pin id="404" dir="0" index="5" bw="32" slack="2147483647"/>
<pin id="405" dir="0" index="6" bw="32" slack="2147483647"/>
<pin id="406" dir="0" index="7" bw="32" slack="2147483647"/>
<pin id="407" dir="0" index="8" bw="32" slack="2147483647"/>
<pin id="408" dir="0" index="9" bw="10" slack="0"/>
<pin id="409" dir="0" index="10" bw="32" slack="0"/>
<pin id="410" dir="1" index="11" bw="0" slack="2147483647"/>
</pin_list>
<bind>
<opcode="call(48) " fcode="call"/>
<opset="call_ln12604/2 "/>
</bind>
</comp>

<comp id="413" class="1004" name="grp_systolic_tile_QKT_fu_413">
<pin_list>
<pin id="414" dir="0" index="0" bw="0" slack="0"/>
<pin id="415" dir="0" index="1" bw="32" slack="2147483647"/>
<pin id="416" dir="0" index="2" bw="32" slack="2147483647"/>
<pin id="417" dir="0" index="3" bw="32" slack="2147483647"/>
<pin id="418" dir="0" index="4" bw="32" slack="2147483647"/>
<pin id="419" dir="0" index="5" bw="32" slack="2147483647"/>
<pin id="420" dir="0" index="6" bw="32" slack="2147483647"/>
<pin id="421" dir="0" index="7" bw="32" slack="2147483647"/>
<pin id="422" dir="0" index="8" bw="32" slack="2147483647"/>
<pin id="423" dir="0" index="9" bw="32" slack="2147483647"/>
<pin id="424" dir="0" index="10" bw="32" slack="2147483647"/>
<pin id="425" dir="0" index="11" bw="32" slack="2147483647"/>
<pin id="426" dir="0" index="12" bw="32" slack="2147483647"/>
<pin id="427" dir="0" index="13" bw="32" slack="2147483647"/>
<pin id="428" dir="0" index="14" bw="32" slack="2147483647"/>
<pin id="429" dir="0" index="15" bw="32" slack="2147483647"/>
<pin id="430" dir="0" index="16" bw="32" slack="2147483647"/>
<pin id="431" dir="0" index="17" bw="32" slack="3"/>
<pin id="432" dir="0" index="18" bw="32" slack="3"/>
<pin id="433" dir="0" index="19" bw="32" slack="3"/>
<pin id="434" dir="0" index="20" bw="32" slack="3"/>
<pin id="435" dir="0" index="21" bw="32" slack="3"/>
<pin id="436" dir="0" index="22" bw="32" slack="3"/>
<pin id="437" dir="0" index="23" bw="32" slack="3"/>
<pin id="438" dir="0" index="24" bw="32" slack="3"/>
<pin id="439" dir="0" index="25" bw="32" slack="3"/>
<pin id="440" dir="0" index="26" bw="32" slack="3"/>
<pin id="441" dir="0" index="27" bw="32" slack="3"/>
<pin id="442" dir="0" index="28" bw="32" slack="3"/>
<pin id="443" dir="0" index="29" bw="32" slack="3"/>
<pin id="444" dir="0" index="30" bw="32" slack="3"/>
<pin id="445" dir="0" index="31" bw="32" slack="3"/>
<pin id="446" dir="0" index="32" bw="32" slack="3"/>
<pin id="447" dir="0" index="33" bw="32" slack="3"/>
<pin id="448" dir="0" index="34" bw="32" slack="3"/>
<pin id="449" dir="0" index="35" bw="32" slack="3"/>
<pin id="450" dir="0" index="36" bw="32" slack="3"/>
<pin id="451" dir="0" index="37" bw="32" slack="3"/>
<pin id="452" dir="0" index="38" bw="32" slack="3"/>
<pin id="453" dir="0" index="39" bw="32" slack="3"/>
<pin id="454" dir="0" index="40" bw="32" slack="3"/>
<pin id="455" dir="0" index="41" bw="32" slack="3"/>
<pin id="456" dir="0" index="42" bw="32" slack="3"/>
<pin id="457" dir="0" index="43" bw="32" slack="3"/>
<pin id="458" dir="0" index="44" bw="32" slack="3"/>
<pin id="459" dir="0" index="45" bw="32" slack="3"/>
<pin id="460" dir="0" index="46" bw="32" slack="3"/>
<pin id="461" dir="0" index="47" bw="32" slack="3"/>
<pin id="462" dir="0" index="48" bw="32" slack="3"/>
<pin id="463" dir="0" index="49" bw="32" slack="3"/>
<pin id="464" dir="0" index="50" bw="32" slack="3"/>
<pin id="465" dir="0" index="51" bw="32" slack="3"/>
<pin id="466" dir="0" index="52" bw="32" slack="3"/>
<pin id="467" dir="0" index="53" bw="32" slack="3"/>
<pin id="468" dir="0" index="54" bw="32" slack="3"/>
<pin id="469" dir="0" index="55" bw="32" slack="3"/>
<pin id="470" dir="0" index="56" bw="32" slack="3"/>
<pin id="471" dir="0" index="57" bw="32" slack="3"/>
<pin id="472" dir="0" index="58" bw="32" slack="3"/>
<pin id="473" dir="0" index="59" bw="32" slack="3"/>
<pin id="474" dir="0" index="60" bw="32" slack="3"/>
<pin id="475" dir="0" index="61" bw="32" slack="3"/>
<pin id="476" dir="0" index="62" bw="32" slack="3"/>
<pin id="477" dir="0" index="63" bw="32" slack="3"/>
<pin id="478" dir="0" index="64" bw="32" slack="3"/>
<pin id="479" dir="0" index="65" bw="32" slack="3"/>
<pin id="480" dir="0" index="66" bw="32" slack="3"/>
<pin id="481" dir="0" index="67" bw="32" slack="3"/>
<pin id="482" dir="0" index="68" bw="32" slack="3"/>
<pin id="483" dir="0" index="69" bw="32" slack="3"/>
<pin id="484" dir="0" index="70" bw="32" slack="3"/>
<pin id="485" dir="0" index="71" bw="32" slack="3"/>
<pin id="486" dir="0" index="72" bw="32" slack="3"/>
<pin id="487" dir="0" index="73" bw="32" slack="3"/>
<pin id="488" dir="0" index="74" bw="32" slack="3"/>
<pin id="489" dir="0" index="75" bw="32" slack="3"/>
<pin id="490" dir="0" index="76" bw="32" slack="3"/>
<pin id="491" dir="0" index="77" bw="32" slack="3"/>
<pin id="492" dir="0" index="78" bw="32" slack="3"/>
<pin id="493" dir="0" index="79" bw="32" slack="3"/>
<pin id="494" dir="0" index="80" bw="32" slack="3"/>
<pin id="495" dir="1" index="81" bw="0" slack="2147483647"/>
</pin_list>
<bind>
<opcode="call(48) " fcode="call"/>
<opset="call_ln12625/4 "/>
</bind>
</comp>

<comp id="497" class="1004" name="grp_systolic_QKT_Pipeline_l_store_C_tile_sj4_l_si4_fu_497">
<pin_list>
<pin id="498" dir="0" index="0" bw="0" slack="0"/>
<pin id="499" dir="0" index="1" bw="10" slack="4"/>
<pin id="500" dir="0" index="2" bw="32" slack="0"/>
<pin id="501" dir="0" index="3" bw="32" slack="0"/>
<pin id="502" dir="0" index="4" bw="32" slack="0"/>
<pin id="503" dir="0" index="5" bw="32" slack="0"/>
<pin id="504" dir="0" index="6" bw="32" slack="0"/>
<pin id="505" dir="0" index="7" bw="32" slack="0"/>
<pin id="506" dir="0" index="8" bw="32" slack="0"/>
<pin id="507" dir="0" index="9" bw="32" slack="0"/>
<pin id="508" dir="0" index="10" bw="32" slack="0"/>
<pin id="509" dir="0" index="11" bw="32" slack="0"/>
<pin id="510" dir="0" index="12" bw="32" slack="0"/>
<pin id="511" dir="0" index="13" bw="32" slack="0"/>
<pin id="512" dir="0" index="14" bw="32" slack="0"/>
<pin id="513" dir="0" index="15" bw="32" slack="0"/>
<pin id="514" dir="0" index="16" bw="32" slack="0"/>
<pin id="515" dir="0" index="17" bw="32" slack="0"/>
<pin id="516" dir="0" index="18" bw="32" slack="0"/>
<pin id="517" dir="0" index="19" bw="32" slack="0"/>
<pin id="518" dir="0" index="20" bw="32" slack="0"/>
<pin id="519" dir="0" index="21" bw="32" slack="0"/>
<pin id="520" dir="0" index="22" bw="32" slack="0"/>
<pin id="521" dir="0" index="23" bw="32" slack="0"/>
<pin id="522" dir="0" index="24" bw="32" slack="0"/>
<pin id="523" dir="0" index="25" bw="32" slack="0"/>
<pin id="524" dir="0" index="26" bw="32" slack="0"/>
<pin id="525" dir="0" index="27" bw="32" slack="0"/>
<pin id="526" dir="0" index="28" bw="32" slack="0"/>
<pin id="527" dir="0" index="29" bw="32" slack="0"/>
<pin id="528" dir="0" index="30" bw="32" slack="0"/>
<pin id="529" dir="0" index="31" bw="32" slack="0"/>
<pin id="530" dir="0" index="32" bw="32" slack="0"/>
<pin id="531" dir="0" index="33" bw="32" slack="0"/>
<pin id="532" dir="0" index="34" bw="32" slack="0"/>
<pin id="533" dir="0" index="35" bw="32" slack="0"/>
<pin id="534" dir="0" index="36" bw="32" slack="0"/>
<pin id="535" dir="0" index="37" bw="32" slack="0"/>
<pin id="536" dir="0" index="38" bw="32" slack="0"/>
<pin id="537" dir="0" index="39" bw="32" slack="0"/>
<pin id="538" dir="0" index="40" bw="32" slack="0"/>
<pin id="539" dir="0" index="41" bw="32" slack="0"/>
<pin id="540" dir="0" index="42" bw="32" slack="0"/>
<pin id="541" dir="0" index="43" bw="32" slack="0"/>
<pin id="542" dir="0" index="44" bw="32" slack="0"/>
<pin id="543" dir="0" index="45" bw="32" slack="0"/>
<pin id="544" dir="0" index="46" bw="32" slack="0"/>
<pin id="545" dir="0" index="47" bw="32" slack="0"/>
<pin id="546" dir="0" index="48" bw="32" slack="0"/>
<pin id="547" dir="0" index="49" bw="32" slack="0"/>
<pin id="548" dir="0" index="50" bw="32" slack="0"/>
<pin id="549" dir="0" index="51" bw="32" slack="0"/>
<pin id="550" dir="0" index="52" bw="32" slack="0"/>
<pin id="551" dir="0" index="53" bw="32" slack="0"/>
<pin id="552" dir="0" index="54" bw="32" slack="0"/>
<pin id="553" dir="0" index="55" bw="32" slack="0"/>
<pin id="554" dir="0" index="56" bw="32" slack="0"/>
<pin id="555" dir="0" index="57" bw="32" slack="0"/>
<pin id="556" dir="0" index="58" bw="32" slack="0"/>
<pin id="557" dir="0" index="59" bw="32" slack="0"/>
<pin id="558" dir="0" index="60" bw="32" slack="0"/>
<pin id="559" dir="0" index="61" bw="32" slack="0"/>
<pin id="560" dir="0" index="62" bw="32" slack="0"/>
<pin id="561" dir="0" index="63" bw="32" slack="0"/>
<pin id="562" dir="0" index="64" bw="32" slack="0"/>
<pin id="563" dir="0" index="65" bw="32" slack="0"/>
<pin id="564" dir="0" index="66" bw="10" slack="4"/>
<pin id="565" dir="0" index="67" bw="32" slack="0"/>
<pin id="566" dir="1" index="68" bw="0" slack="2147483647"/>
</pin_list>
<bind>
<opcode="call(48) " fcode="call"/>
<opset="call_ln12604/6 "/>
</bind>
</comp>

<comp id="569" class="1004" name="store_ln0_store_fu_569">
<pin_list>
<pin id="570" dir="0" index="0" bw="1" slack="0"/>
<pin id="571" dir="0" index="1" bw="15" slack="0"/>
<pin id="572" dir="1" index="2" bw="0" slack="2147483647"/>
</pin_list>
<bind>
<opcode="store(28) " fcode="store"/>
<opset="store_ln0/1 "/>
</bind>
</comp>

<comp id="574" class="1004" name="store_ln12604_store_fu_574">
<pin_list>
<pin id="575" dir="0" index="0" bw="1" slack="0"/>
<pin id="576" dir="0" index="1" bw="8" slack="0"/>
<pin id="577" dir="1" index="2" bw="0" slack="2147483647"/>
</pin_list>
<bind>
<opcode="store(28) " fcode="store"/>
<opset="store_ln12604/1 "/>
</bind>
</comp>

<comp id="579" class="1004" name="store_ln12605_store_fu_579">
<pin_list>
<pin id="580" dir="0" index="0" bw="1" slack="0"/>
<pin id="581" dir="0" index="1" bw="8" slack="0"/>
<pin id="582" dir="1" index="2" bw="0" slack="2147483647"/>
</pin_list>
<bind>
<opcode="store(28) " fcode="store"/>
<opset="store_ln12605/1 "/>
</bind>
</comp>

<comp id="584" class="1004" name="indvar_flatten20_load_load_fu_584">
<pin_list>
<pin id="585" dir="0" index="0" bw="15" slack="1"/>
<pin id="586" dir="1" index="1" bw="15" slack="0"/>
</pin_list>
<bind>
<opcode="load(27) " fcode="load"/>
<opset="indvar_flatten20_load/2 "/>
</bind>
</comp>

<comp id="587" class="1004" name="icmp_ln12604_fu_587">
<pin_list>
<pin id="588" dir="0" index="0" bw="15" slack="0"/>
<pin id="589" dir="0" index="1" bw="15" slack="0"/>
<pin id="590" dir="1" index="2" bw="1" slack="2147483647"/>
</pin_list>
<bind>
<opcode="icmp(45) " fcode="icmp"/>
<opset="icmp_ln12604/2 "/>
</bind>
</comp>

<comp id="593" class="1004" name="add_ln12604_1_fu_593">
<pin_list>
<pin id="594" dir="0" index="0" bw="15" slack="0"/>
<pin id="595" dir="0" index="1" bw="1" slack="0"/>
<pin id="596" dir="1" index="2" bw="15" slack="0"/>
</pin_list>
<bind>
<opcode="add(8) " fcode="add"/>
<opset="add_ln12604_1/2 "/>
</bind>
</comp>

<comp id="599" class="1004" name="ni4_load_load_fu_599">
<pin_list>
<pin id="600" dir="0" index="0" bw="8" slack="1"/>
<pin id="601" dir="1" index="1" bw="8" slack="0"/>
</pin_list>
<bind>
<opcode="load(27) " fcode="load"/>
<opset="ni4_load/2 "/>
</bind>
</comp>

<comp id="602" class="1004" name="mi4_load_load_fu_602">
<pin_list>
<pin id="603" dir="0" index="0" bw="8" slack="1"/>
<pin id="604" dir="1" index="1" bw="8" slack="0"/>
</pin_list>
<bind>
<opcode="load(27) " fcode="load"/>
<opset="mi4_load/2 "/>
</bind>
</comp>

<comp id="605" class="1004" name="add_ln12604_fu_605">
<pin_list>
<pin id="606" dir="0" index="0" bw="8" slack="0"/>
<pin id="607" dir="0" index="1" bw="1" slack="0"/>
<pin id="608" dir="1" index="2" bw="8" slack="0"/>
</pin_list>
<bind>
<opcode="add(8) " fcode="add"/>
<opset="add_ln12604/2 "/>
</bind>
</comp>

<comp id="611" class="1004" name="icmp_ln12605_fu_611">
<pin_list>
<pin id="612" dir="0" index="0" bw="8" slack="0"/>
<pin id="613" dir="0" index="1" bw="8" slack="0"/>
<pin id="614" dir="1" index="2" bw="1" slack="0"/>
</pin_list>
<bind>
<opcode="icmp(45) " fcode="icmp"/>
<opset="icmp_ln12605/2 "/>
</bind>
</comp>

<comp id="617" class="1004" name="select_ln12604_fu_617">
<pin_list>
<pin id="618" dir="0" index="0" bw="1" slack="0"/>
<pin id="619" dir="0" index="1" bw="1" slack="0"/>
<pin id="620" dir="0" index="2" bw="8" slack="0"/>
<pin id="621" dir="1" index="3" bw="8" slack="0"/>
</pin_list>
<bind>
<opcode="select(49) " fcode="select"/>
<opset="select_ln12604/2 "/>
</bind>
</comp>

<comp id="625" class="1004" name="select_ln12604_1_fu_625">
<pin_list>
<pin id="626" dir="0" index="0" bw="1" slack="0"/>
<pin id="627" dir="0" index="1" bw="8" slack="0"/>
<pin id="628" dir="0" index="2" bw="8" slack="0"/>
<pin id="629" dir="1" index="3" bw="8" slack="0"/>
</pin_list>
<bind>
<opcode="select(49) " fcode="select"/>
<opset="select_ln12604_1/2 "/>
</bind>
</comp>

<comp id="633" class="1004" name="trunc_ln12604_fu_633">
<pin_list>
<pin id="634" dir="0" index="0" bw="8" slack="0"/>
<pin id="635" dir="1" index="1" bw="7" slack="0"/>
</pin_list>
<bind>
<opcode="trunc(33) " fcode="trunc"/>
<opset="trunc_ln12604/2 "/>
</bind>
</comp>

<comp id="637" class="1004" name="p_mid2_fu_637">
<pin_list>
<pin id="638" dir="0" index="0" bw="10" slack="0"/>
<pin id="639" dir="0" index="1" bw="7" slack="0"/>
<pin id="640" dir="0" index="2" bw="1" slack="0"/>
<pin id="641" dir="1" index="3" bw="10" slack="0"/>
</pin_list>
<bind>
<opcode="bitconcatenate(1004) " fcode="bitconcatenate"/>
<opset="p_mid2/2 "/>
</bind>
</comp>

<comp id="646" class="1004" name="v6893_fu_646">
<pin_list>
<pin id="647" dir="0" index="0" bw="8" slack="0"/>
<pin id="648" dir="0" index="1" bw="1" slack="0"/>
<pin id="649" dir="1" index="2" bw="1" slack="0"/>
</pin_list>
<bind>
<opcode="icmp(45) " fcode="icmp"/>
<opset="v6893/2 "/>
</bind>
</comp>

<comp id="653" class="1004" name="empty_fu_653">
<pin_list>
<pin id="654" dir="0" index="0" bw="8" slack="0"/>
<pin id="655" dir="1" index="1" bw="7" slack="0"/>
</pin_list>
<bind>
<opcode="trunc(33) " fcode="trunc"/>
<opset="empty/2 "/>
</bind>
</comp>

<comp id="657" class="1004" name="tmp_s_fu_657">
<pin_list>
<pin id="658" dir="0" index="0" bw="10" slack="0"/>
<pin id="659" dir="0" index="1" bw="7" slack="0"/>
<pin id="660" dir="0" index="2" bw="1" slack="0"/>
<pin id="661" dir="1" index="3" bw="10" slack="0"/>
</pin_list>
<bind>
<opcode="bitconcatenate(1004) " fcode="bitconcatenate"/>
<opset="tmp_s/2 "/>
</bind>
</comp>

<comp id="666" class="1004" name="add_ln12605_fu_666">
<pin_list>
<pin id="667" dir="0" index="0" bw="8" slack="0"/>
<pin id="668" dir="0" index="1" bw="1" slack="0"/>
<pin id="669" dir="1" index="2" bw="8" slack="0"/>
</pin_list>
<bind>
<opcode="add(8) " fcode="add"/>
<opset="add_ln12605/2 "/>
</bind>
</comp>

<comp id="672" class="1004" name="store_ln12604_store_fu_672">
<pin_list>
<pin id="673" dir="0" index="0" bw="15" slack="0"/>
<pin id="674" dir="0" index="1" bw="15" slack="1"/>
<pin id="675" dir="1" index="2" bw="0" slack="2147483647"/>
</pin_list>
<bind>
<opcode="store(28) " fcode="store"/>
<opset="store_ln12604/2 "/>
</bind>
</comp>

<comp id="677" class="1004" name="store_ln12604_store_fu_677">
<pin_list>
<pin id="678" dir="0" index="0" bw="8" slack="0"/>
<pin id="679" dir="0" index="1" bw="8" slack="1"/>
<pin id="680" dir="1" index="2" bw="0" slack="2147483647"/>
</pin_list>
<bind>
<opcode="store(28) " fcode="store"/>
<opset="store_ln12604/2 "/>
</bind>
</comp>

<comp id="682" class="1004" name="store_ln12605_store_fu_682">
<pin_list>
<pin id="683" dir="0" index="0" bw="8" slack="0"/>
<pin id="684" dir="0" index="1" bw="8" slack="1"/>
<pin id="685" dir="1" index="2" bw="0" slack="2147483647"/>
</pin_list>
<bind>
<opcode="store(28) " fcode="store"/>
<opset="store_ln12605/2 "/>
</bind>
</comp>

<comp id="687" class="1004" name="local_C4_load_load_fu_687">
<pin_list>
<pin id="688" dir="0" index="0" bw="32" slack="5"/>
<pin id="689" dir="1" index="1" bw="32" slack="0"/>
</pin_list>
<bind>
<opcode="load(27) " fcode="load"/>
<opset="local_C4_load/6 "/>
</bind>
</comp>

<comp id="691" class="1004" name="local_C4_1_load_load_fu_691">
<pin_list>
<pin id="692" dir="0" index="0" bw="32" slack="5"/>
<pin id="693" dir="1" index="1" bw="32" slack="0"/>
</pin_list>
<bind>
<opcode="load(27) " fcode="load"/>
<opset="local_C4_1_load/6 "/>
</bind>
</comp>

<comp id="695" class="1004" name="local_C4_2_load_load_fu_695">
<pin_list>
<pin id="696" dir="0" index="0" bw="32" slack="5"/>
<pin id="697" dir="1" index="1" bw="32" slack="0"/>
</pin_list>
<bind>
<opcode="load(27) " fcode="load"/>
<opset="local_C4_2_load/6 "/>
</bind>
</comp>

<comp id="699" class="1004" name="local_C4_3_load_load_fu_699">
<pin_list>
<pin id="700" dir="0" index="0" bw="32" slack="5"/>
<pin id="701" dir="1" index="1" bw="32" slack="0"/>
</pin_list>
<bind>
<opcode="load(27) " fcode="load"/>
<opset="local_C4_3_load/6 "/>
</bind>
</comp>

<comp id="703" class="1004" name="local_C4_4_load_load_fu_703">
<pin_list>
<pin id="704" dir="0" index="0" bw="32" slack="5"/>
<pin id="705" dir="1" index="1" bw="32" slack="0"/>
</pin_list>
<bind>
<opcode="load(27) " fcode="load"/>
<opset="local_C4_4_load/6 "/>
</bind>
</comp>

<comp id="707" class="1004" name="local_C4_5_load_load_fu_707">
<pin_list>
<pin id="708" dir="0" index="0" bw="32" slack="5"/>
<pin id="709" dir="1" index="1" bw="32" slack="0"/>
</pin_list>
<bind>
<opcode="load(27) " fcode="load"/>
<opset="local_C4_5_load/6 "/>
</bind>
</comp>

<comp id="711" class="1004" name="local_C4_6_load_load_fu_711">
<pin_list>
<pin id="712" dir="0" index="0" bw="32" slack="5"/>
<pin id="713" dir="1" index="1" bw="32" slack="0"/>
</pin_list>
<bind>
<opcode="load(27) " fcode="load"/>
<opset="local_C4_6_load/6 "/>
</bind>
</comp>

<comp id="715" class="1004" name="local_C4_7_load_load_fu_715">
<pin_list>
<pin id="716" dir="0" index="0" bw="32" slack="5"/>
<pin id="717" dir="1" index="1" bw="32" slack="0"/>
</pin_list>
<bind>
<opcode="load(27) " fcode="load"/>
<opset="local_C4_7_load/6 "/>
</bind>
</comp>

<comp id="719" class="1004" name="local_C4_8_load_load_fu_719">
<pin_list>
<pin id="720" dir="0" index="0" bw="32" slack="5"/>
<pin id="721" dir="1" index="1" bw="32" slack="0"/>
</pin_list>
<bind>
<opcode="load(27) " fcode="load"/>
<opset="local_C4_8_load/6 "/>
</bind>
</comp>

<comp id="723" class="1004" name="local_C4_9_load_load_fu_723">
<pin_list>
<pin id="724" dir="0" index="0" bw="32" slack="5"/>
<pin id="725" dir="1" index="1" bw="32" slack="0"/>
</pin_list>
<bind>
<opcode="load(27) " fcode="load"/>
<opset="local_C4_9_load/6 "/>
</bind>
</comp>

<comp id="727" class="1004" name="local_C4_10_load_load_fu_727">
<pin_list>
<pin id="728" dir="0" index="0" bw="32" slack="5"/>
<pin id="729" dir="1" index="1" bw="32" slack="0"/>
</pin_list>
<bind>
<opcode="load(27) " fcode="load"/>
<opset="local_C4_10_load/6 "/>
</bind>
</comp>

<comp id="731" class="1004" name="local_C4_11_load_load_fu_731">
<pin_list>
<pin id="732" dir="0" index="0" bw="32" slack="5"/>
<pin id="733" dir="1" index="1" bw="32" slack="0"/>
</pin_list>
<bind>
<opcode="load(27) " fcode="load"/>
<opset="local_C4_11_load/6 "/>
</bind>
</comp>

<comp id="735" class="1004" name="local_C4_12_load_load_fu_735">
<pin_list>
<pin id="736" dir="0" index="0" bw="32" slack="5"/>
<pin id="737" dir="1" index="1" bw="32" slack="0"/>
</pin_list>
<bind>
<opcode="load(27) " fcode="load"/>
<opset="local_C4_12_load/6 "/>
</bind>
</comp>

<comp id="739" class="1004" name="local_C4_13_load_load_fu_739">
<pin_list>
<pin id="740" dir="0" index="0" bw="32" slack="5"/>
<pin id="741" dir="1" index="1" bw="32" slack="0"/>
</pin_list>
<bind>
<opcode="load(27) " fcode="load"/>
<opset="local_C4_13_load/6 "/>
</bind>
</comp>

<comp id="743" class="1004" name="local_C4_14_load_load_fu_743">
<pin_list>
<pin id="744" dir="0" index="0" bw="32" slack="5"/>
<pin id="745" dir="1" index="1" bw="32" slack="0"/>
</pin_list>
<bind>
<opcode="load(27) " fcode="load"/>
<opset="local_C4_14_load/6 "/>
</bind>
</comp>

<comp id="747" class="1004" name="local_C4_15_load_load_fu_747">
<pin_list>
<pin id="748" dir="0" index="0" bw="32" slack="5"/>
<pin id="749" dir="1" index="1" bw="32" slack="0"/>
</pin_list>
<bind>
<opcode="load(27) " fcode="load"/>
<opset="local_C4_15_load/6 "/>
</bind>
</comp>

<comp id="751" class="1004" name="local_C4_16_load_load_fu_751">
<pin_list>
<pin id="752" dir="0" index="0" bw="32" slack="5"/>
<pin id="753" dir="1" index="1" bw="32" slack="0"/>
</pin_list>
<bind>
<opcode="load(27) " fcode="load"/>
<opset="local_C4_16_load/6 "/>
</bind>
</comp>

<comp id="755" class="1004" name="local_C4_17_load_load_fu_755">
<pin_list>
<pin id="756" dir="0" index="0" bw="32" slack="5"/>
<pin id="757" dir="1" index="1" bw="32" slack="0"/>
</pin_list>
<bind>
<opcode="load(27) " fcode="load"/>
<opset="local_C4_17_load/6 "/>
</bind>
</comp>

<comp id="759" class="1004" name="local_C4_18_load_load_fu_759">
<pin_list>
<pin id="760" dir="0" index="0" bw="32" slack="5"/>
<pin id="761" dir="1" index="1" bw="32" slack="0"/>
</pin_list>
<bind>
<opcode="load(27) " fcode="load"/>
<opset="local_C4_18_load/6 "/>
</bind>
</comp>

<comp id="763" class="1004" name="local_C4_19_load_load_fu_763">
<pin_list>
<pin id="764" dir="0" index="0" bw="32" slack="5"/>
<pin id="765" dir="1" index="1" bw="32" slack="0"/>
</pin_list>
<bind>
<opcode="load(27) " fcode="load"/>
<opset="local_C4_19_load/6 "/>
</bind>
</comp>

<comp id="767" class="1004" name="local_C4_20_load_load_fu_767">
<pin_list>
<pin id="768" dir="0" index="0" bw="32" slack="5"/>
<pin id="769" dir="1" index="1" bw="32" slack="0"/>
</pin_list>
<bind>
<opcode="load(27) " fcode="load"/>
<opset="local_C4_20_load/6 "/>
</bind>
</comp>

<comp id="771" class="1004" name="local_C4_21_load_load_fu_771">
<pin_list>
<pin id="772" dir="0" index="0" bw="32" slack="5"/>
<pin id="773" dir="1" index="1" bw="32" slack="0"/>
</pin_list>
<bind>
<opcode="load(27) " fcode="load"/>
<opset="local_C4_21_load/6 "/>
</bind>
</comp>

<comp id="775" class="1004" name="local_C4_22_load_load_fu_775">
<pin_list>
<pin id="776" dir="0" index="0" bw="32" slack="5"/>
<pin id="777" dir="1" index="1" bw="32" slack="0"/>
</pin_list>
<bind>
<opcode="load(27) " fcode="load"/>
<opset="local_C4_22_load/6 "/>
</bind>
</comp>

<comp id="779" class="1004" name="local_C4_23_load_load_fu_779">
<pin_list>
<pin id="780" dir="0" index="0" bw="32" slack="5"/>
<pin id="781" dir="1" index="1" bw="32" slack="0"/>
</pin_list>
<bind>
<opcode="load(27) " fcode="load"/>
<opset="local_C4_23_load/6 "/>
</bind>
</comp>

<comp id="783" class="1004" name="local_C4_24_load_load_fu_783">
<pin_list>
<pin id="784" dir="0" index="0" bw="32" slack="5"/>
<pin id="785" dir="1" index="1" bw="32" slack="0"/>
</pin_list>
<bind>
<opcode="load(27) " fcode="load"/>
<opset="local_C4_24_load/6 "/>
</bind>
</comp>

<comp id="787" class="1004" name="local_C4_25_load_load_fu_787">
<pin_list>
<pin id="788" dir="0" index="0" bw="32" slack="5"/>
<pin id="789" dir="1" index="1" bw="32" slack="0"/>
</pin_list>
<bind>
<opcode="load(27) " fcode="load"/>
<opset="local_C4_25_load/6 "/>
</bind>
</comp>

<comp id="791" class="1004" name="local_C4_26_load_load_fu_791">
<pin_list>
<pin id="792" dir="0" index="0" bw="32" slack="5"/>
<pin id="793" dir="1" index="1" bw="32" slack="0"/>
</pin_list>
<bind>
<opcode="load(27) " fcode="load"/>
<opset="local_C4_26_load/6 "/>
</bind>
</comp>

<comp id="795" class="1004" name="local_C4_27_load_load_fu_795">
<pin_list>
<pin id="796" dir="0" index="0" bw="32" slack="5"/>
<pin id="797" dir="1" index="1" bw="32" slack="0"/>
</pin_list>
<bind>
<opcode="load(27) " fcode="load"/>
<opset="local_C4_27_load/6 "/>
</bind>
</comp>

<comp id="799" class="1004" name="local_C4_28_load_load_fu_799">
<pin_list>
<pin id="800" dir="0" index="0" bw="32" slack="5"/>
<pin id="801" dir="1" index="1" bw="32" slack="0"/>
</pin_list>
<bind>
<opcode="load(27) " fcode="load"/>
<opset="local_C4_28_load/6 "/>
</bind>
</comp>

<comp id="803" class="1004" name="local_C4_29_load_load_fu_803">
<pin_list>
<pin id="804" dir="0" index="0" bw="32" slack="5"/>
<pin id="805" dir="1" index="1" bw="32" slack="0"/>
</pin_list>
<bind>
<opcode="load(27) " fcode="load"/>
<opset="local_C4_29_load/6 "/>
</bind>
</comp>

<comp id="807" class="1004" name="local_C4_30_load_load_fu_807">
<pin_list>
<pin id="808" dir="0" index="0" bw="32" slack="5"/>
<pin id="809" dir="1" index="1" bw="32" slack="0"/>
</pin_list>
<bind>
<opcode="load(27) " fcode="load"/>
<opset="local_C4_30_load/6 "/>
</bind>
</comp>

<comp id="811" class="1004" name="local_C4_31_load_load_fu_811">
<pin_list>
<pin id="812" dir="0" index="0" bw="32" slack="5"/>
<pin id="813" dir="1" index="1" bw="32" slack="0"/>
</pin_list>
<bind>
<opcode="load(27) " fcode="load"/>
<opset="local_C4_31_load/6 "/>
</bind>
</comp>

<comp id="815" class="1004" name="local_C4_32_load_load_fu_815">
<pin_list>
<pin id="816" dir="0" index="0" bw="32" slack="5"/>
<pin id="817" dir="1" index="1" bw="32" slack="0"/>
</pin_list>
<bind>
<opcode="load(27) " fcode="load"/>
<opset="local_C4_32_load/6 "/>
</bind>
</comp>

<comp id="819" class="1004" name="local_C4_33_load_load_fu_819">
<pin_list>
<pin id="820" dir="0" index="0" bw="32" slack="5"/>
<pin id="821" dir="1" index="1" bw="32" slack="0"/>
</pin_list>
<bind>
<opcode="load(27) " fcode="load"/>
<opset="local_C4_33_load/6 "/>
</bind>
</comp>

<comp id="823" class="1004" name="local_C4_34_load_load_fu_823">
<pin_list>
<pin id="824" dir="0" index="0" bw="32" slack="5"/>
<pin id="825" dir="1" index="1" bw="32" slack="0"/>
</pin_list>
<bind>
<opcode="load(27) " fcode="load"/>
<opset="local_C4_34_load/6 "/>
</bind>
</comp>

<comp id="827" class="1004" name="local_C4_35_load_load_fu_827">
<pin_list>
<pin id="828" dir="0" index="0" bw="32" slack="5"/>
<pin id="829" dir="1" index="1" bw="32" slack="0"/>
</pin_list>
<bind>
<opcode="load(27) " fcode="load"/>
<opset="local_C4_35_load/6 "/>
</bind>
</comp>

<comp id="831" class="1004" name="local_C4_36_load_load_fu_831">
<pin_list>
<pin id="832" dir="0" index="0" bw="32" slack="5"/>
<pin id="833" dir="1" index="1" bw="32" slack="0"/>
</pin_list>
<bind>
<opcode="load(27) " fcode="load"/>
<opset="local_C4_36_load/6 "/>
</bind>
</comp>

<comp id="835" class="1004" name="local_C4_37_load_load_fu_835">
<pin_list>
<pin id="836" dir="0" index="0" bw="32" slack="5"/>
<pin id="837" dir="1" index="1" bw="32" slack="0"/>
</pin_list>
<bind>
<opcode="load(27) " fcode="load"/>
<opset="local_C4_37_load/6 "/>
</bind>
</comp>

<comp id="839" class="1004" name="local_C4_38_load_load_fu_839">
<pin_list>
<pin id="840" dir="0" index="0" bw="32" slack="5"/>
<pin id="841" dir="1" index="1" bw="32" slack="0"/>
</pin_list>
<bind>
<opcode="load(27) " fcode="load"/>
<opset="local_C4_38_load/6 "/>
</bind>
</comp>

<comp id="843" class="1004" name="local_C4_39_load_load_fu_843">
<pin_list>
<pin id="844" dir="0" index="0" bw="32" slack="5"/>
<pin id="845" dir="1" index="1" bw="32" slack="0"/>
</pin_list>
<bind>
<opcode="load(27) " fcode="load"/>
<opset="local_C4_39_load/6 "/>
</bind>
</comp>

<comp id="847" class="1004" name="local_C4_40_load_load_fu_847">
<pin_list>
<pin id="848" dir="0" index="0" bw="32" slack="5"/>
<pin id="849" dir="1" index="1" bw="32" slack="0"/>
</pin_list>
<bind>
<opcode="load(27) " fcode="load"/>
<opset="local_C4_40_load/6 "/>
</bind>
</comp>

<comp id="851" class="1004" name="local_C4_41_load_load_fu_851">
<pin_list>
<pin id="852" dir="0" index="0" bw="32" slack="5"/>
<pin id="853" dir="1" index="1" bw="32" slack="0"/>
</pin_list>
<bind>
<opcode="load(27) " fcode="load"/>
<opset="local_C4_41_load/6 "/>
</bind>
</comp>

<comp id="855" class="1004" name="local_C4_42_load_load_fu_855">
<pin_list>
<pin id="856" dir="0" index="0" bw="32" slack="5"/>
<pin id="857" dir="1" index="1" bw="32" slack="0"/>
</pin_list>
<bind>
<opcode="load(27) " fcode="load"/>
<opset="local_C4_42_load/6 "/>
</bind>
</comp>

<comp id="859" class="1004" name="local_C4_43_load_load_fu_859">
<pin_list>
<pin id="860" dir="0" index="0" bw="32" slack="5"/>
<pin id="861" dir="1" index="1" bw="32" slack="0"/>
</pin_list>
<bind>
<opcode="load(27) " fcode="load"/>
<opset="local_C4_43_load/6 "/>
</bind>
</comp>

<comp id="863" class="1004" name="local_C4_44_load_load_fu_863">
<pin_list>
<pin id="864" dir="0" index="0" bw="32" slack="5"/>
<pin id="865" dir="1" index="1" bw="32" slack="0"/>
</pin_list>
<bind>
<opcode="load(27) " fcode="load"/>
<opset="local_C4_44_load/6 "/>
</bind>
</comp>

<comp id="867" class="1004" name="local_C4_45_load_load_fu_867">
<pin_list>
<pin id="868" dir="0" index="0" bw="32" slack="5"/>
<pin id="869" dir="1" index="1" bw="32" slack="0"/>
</pin_list>
<bind>
<opcode="load(27) " fcode="load"/>
<opset="local_C4_45_load/6 "/>
</bind>
</comp>

<comp id="871" class="1004" name="local_C4_46_load_load_fu_871">
<pin_list>
<pin id="872" dir="0" index="0" bw="32" slack="5"/>
<pin id="873" dir="1" index="1" bw="32" slack="0"/>
</pin_list>
<bind>
<opcode="load(27) " fcode="load"/>
<opset="local_C4_46_load/6 "/>
</bind>
</comp>

<comp id="875" class="1004" name="local_C4_47_load_load_fu_875">
<pin_list>
<pin id="876" dir="0" index="0" bw="32" slack="5"/>
<pin id="877" dir="1" index="1" bw="32" slack="0"/>
</pin_list>
<bind>
<opcode="load(27) " fcode="load"/>
<opset="local_C4_47_load/6 "/>
</bind>
</comp>

<comp id="879" class="1004" name="local_C4_48_load_load_fu_879">
<pin_list>
<pin id="880" dir="0" index="0" bw="32" slack="5"/>
<pin id="881" dir="1" index="1" bw="32" slack="0"/>
</pin_list>
<bind>
<opcode="load(27) " fcode="load"/>
<opset="local_C4_48_load/6 "/>
</bind>
</comp>

<comp id="883" class="1004" name="local_C4_49_load_load_fu_883">
<pin_list>
<pin id="884" dir="0" index="0" bw="32" slack="5"/>
<pin id="885" dir="1" index="1" bw="32" slack="0"/>
</pin_list>
<bind>
<opcode="load(27) " fcode="load"/>
<opset="local_C4_49_load/6 "/>
</bind>
</comp>

<comp id="887" class="1004" name="local_C4_50_load_load_fu_887">
<pin_list>
<pin id="888" dir="0" index="0" bw="32" slack="5"/>
<pin id="889" dir="1" index="1" bw="32" slack="0"/>
</pin_list>
<bind>
<opcode="load(27) " fcode="load"/>
<opset="local_C4_50_load/6 "/>
</bind>
</comp>

<comp id="891" class="1004" name="local_C4_51_load_load_fu_891">
<pin_list>
<pin id="892" dir="0" index="0" bw="32" slack="5"/>
<pin id="893" dir="1" index="1" bw="32" slack="0"/>
</pin_list>
<bind>
<opcode="load(27) " fcode="load"/>
<opset="local_C4_51_load/6 "/>
</bind>
</comp>

<comp id="895" class="1004" name="local_C4_52_load_load_fu_895">
<pin_list>
<pin id="896" dir="0" index="0" bw="32" slack="5"/>
<pin id="897" dir="1" index="1" bw="32" slack="0"/>
</pin_list>
<bind>
<opcode="load(27) " fcode="load"/>
<opset="local_C4_52_load/6 "/>
</bind>
</comp>

<comp id="899" class="1004" name="local_C4_53_load_load_fu_899">
<pin_list>
<pin id="900" dir="0" index="0" bw="32" slack="5"/>
<pin id="901" dir="1" index="1" bw="32" slack="0"/>
</pin_list>
<bind>
<opcode="load(27) " fcode="load"/>
<opset="local_C4_53_load/6 "/>
</bind>
</comp>

<comp id="903" class="1004" name="local_C4_54_load_load_fu_903">
<pin_list>
<pin id="904" dir="0" index="0" bw="32" slack="5"/>
<pin id="905" dir="1" index="1" bw="32" slack="0"/>
</pin_list>
<bind>
<opcode="load(27) " fcode="load"/>
<opset="local_C4_54_load/6 "/>
</bind>
</comp>

<comp id="907" class="1004" name="local_C4_55_load_load_fu_907">
<pin_list>
<pin id="908" dir="0" index="0" bw="32" slack="5"/>
<pin id="909" dir="1" index="1" bw="32" slack="0"/>
</pin_list>
<bind>
<opcode="load(27) " fcode="load"/>
<opset="local_C4_55_load/6 "/>
</bind>
</comp>

<comp id="911" class="1004" name="local_C4_56_load_load_fu_911">
<pin_list>
<pin id="912" dir="0" index="0" bw="32" slack="5"/>
<pin id="913" dir="1" index="1" bw="32" slack="0"/>
</pin_list>
<bind>
<opcode="load(27) " fcode="load"/>
<opset="local_C4_56_load/6 "/>
</bind>
</comp>

<comp id="915" class="1004" name="local_C4_57_load_load_fu_915">
<pin_list>
<pin id="916" dir="0" index="0" bw="32" slack="5"/>
<pin id="917" dir="1" index="1" bw="32" slack="0"/>
</pin_list>
<bind>
<opcode="load(27) " fcode="load"/>
<opset="local_C4_57_load/6 "/>
</bind>
</comp>

<comp id="919" class="1004" name="local_C4_58_load_load_fu_919">
<pin_list>
<pin id="920" dir="0" index="0" bw="32" slack="5"/>
<pin id="921" dir="1" index="1" bw="32" slack="0"/>
</pin_list>
<bind>
<opcode="load(27) " fcode="load"/>
<opset="local_C4_58_load/6 "/>
</bind>
</comp>

<comp id="923" class="1004" name="local_C4_59_load_load_fu_923">
<pin_list>
<pin id="924" dir="0" index="0" bw="32" slack="5"/>
<pin id="925" dir="1" index="1" bw="32" slack="0"/>
</pin_list>
<bind>
<opcode="load(27) " fcode="load"/>
<opset="local_C4_59_load/6 "/>
</bind>
</comp>

<comp id="927" class="1004" name="local_C4_60_load_load_fu_927">
<pin_list>
<pin id="928" dir="0" index="0" bw="32" slack="5"/>
<pin id="929" dir="1" index="1" bw="32" slack="0"/>
</pin_list>
<bind>
<opcode="load(27) " fcode="load"/>
<opset="local_C4_60_load/6 "/>
</bind>
</comp>

<comp id="931" class="1004" name="local_C4_61_load_load_fu_931">
<pin_list>
<pin id="932" dir="0" index="0" bw="32" slack="5"/>
<pin id="933" dir="1" index="1" bw="32" slack="0"/>
</pin_list>
<bind>
<opcode="load(27) " fcode="load"/>
<opset="local_C4_61_load/6 "/>
</bind>
</comp>

<comp id="935" class="1004" name="local_C4_62_load_load_fu_935">
<pin_list>
<pin id="936" dir="0" index="0" bw="32" slack="5"/>
<pin id="937" dir="1" index="1" bw="32" slack="0"/>
</pin_list>
<bind>
<opcode="load(27) " fcode="load"/>
<opset="local_C4_62_load/6 "/>
</bind>
</comp>

<comp id="939" class="1004" name="local_C4_63_load_load_fu_939">
<pin_list>
<pin id="940" dir="0" index="0" bw="32" slack="5"/>
<pin id="941" dir="1" index="1" bw="32" slack="0"/>
</pin_list>
<bind>
<opcode="load(27) " fcode="load"/>
<opset="local_C4_63_load/6 "/>
</bind>
</comp>

<comp id="943" class="1005" name="ni4_reg_943">
<pin_list>
<pin id="944" dir="0" index="0" bw="8" slack="0"/>
<pin id="945" dir="1" index="1" bw="8" slack="0"/>
</pin_list>
<bind>
<opset="ni4 "/>
</bind>
</comp>

<comp id="950" class="1005" name="mi4_reg_950">
<pin_list>
<pin id="951" dir="0" index="0" bw="8" slack="0"/>
<pin id="952" dir="1" index="1" bw="8" slack="0"/>
</pin_list>
<bind>
<opset="mi4 "/>
</bind>
</comp>

<comp id="957" class="1005" name="indvar_flatten20_reg_957">
<pin_list>
<pin id="958" dir="0" index="0" bw="15" slack="0"/>
<pin id="959" dir="1" index="1" bw="15" slack="0"/>
</pin_list>
<bind>
<opset="indvar_flatten20 "/>
</bind>
</comp>

<comp id="964" class="1005" name="local_C4_reg_964">
<pin_list>
<pin id="965" dir="0" index="0" bw="32" slack="3"/>
<pin id="966" dir="1" index="1" bw="32" slack="3"/>
</pin_list>
<bind>
<opset="local_C4 "/>
</bind>
</comp>

<comp id="970" class="1005" name="local_C4_1_reg_970">
<pin_list>
<pin id="971" dir="0" index="0" bw="32" slack="3"/>
<pin id="972" dir="1" index="1" bw="32" slack="3"/>
</pin_list>
<bind>
<opset="local_C4_1 "/>
</bind>
</comp>

<comp id="976" class="1005" name="local_C4_2_reg_976">
<pin_list>
<pin id="977" dir="0" index="0" bw="32" slack="3"/>
<pin id="978" dir="1" index="1" bw="32" slack="3"/>
</pin_list>
<bind>
<opset="local_C4_2 "/>
</bind>
</comp>

<comp id="982" class="1005" name="local_C4_3_reg_982">
<pin_list>
<pin id="983" dir="0" index="0" bw="32" slack="3"/>
<pin id="984" dir="1" index="1" bw="32" slack="3"/>
</pin_list>
<bind>
<opset="local_C4_3 "/>
</bind>
</comp>

<comp id="988" class="1005" name="local_C4_4_reg_988">
<pin_list>
<pin id="989" dir="0" index="0" bw="32" slack="3"/>
<pin id="990" dir="1" index="1" bw="32" slack="3"/>
</pin_list>
<bind>
<opset="local_C4_4 "/>
</bind>
</comp>

<comp id="994" class="1005" name="local_C4_5_reg_994">
<pin_list>
<pin id="995" dir="0" index="0" bw="32" slack="3"/>
<pin id="996" dir="1" index="1" bw="32" slack="3"/>
</pin_list>
<bind>
<opset="local_C4_5 "/>
</bind>
</comp>

<comp id="1000" class="1005" name="local_C4_6_reg_1000">
<pin_list>
<pin id="1001" dir="0" index="0" bw="32" slack="3"/>
<pin id="1002" dir="1" index="1" bw="32" slack="3"/>
</pin_list>
<bind>
<opset="local_C4_6 "/>
</bind>
</comp>

<comp id="1006" class="1005" name="local_C4_7_reg_1006">
<pin_list>
<pin id="1007" dir="0" index="0" bw="32" slack="3"/>
<pin id="1008" dir="1" index="1" bw="32" slack="3"/>
</pin_list>
<bind>
<opset="local_C4_7 "/>
</bind>
</comp>

<comp id="1012" class="1005" name="local_C4_8_reg_1012">
<pin_list>
<pin id="1013" dir="0" index="0" bw="32" slack="3"/>
<pin id="1014" dir="1" index="1" bw="32" slack="3"/>
</pin_list>
<bind>
<opset="local_C4_8 "/>
</bind>
</comp>

<comp id="1018" class="1005" name="local_C4_9_reg_1018">
<pin_list>
<pin id="1019" dir="0" index="0" bw="32" slack="3"/>
<pin id="1020" dir="1" index="1" bw="32" slack="3"/>
</pin_list>
<bind>
<opset="local_C4_9 "/>
</bind>
</comp>

<comp id="1024" class="1005" name="local_C4_10_reg_1024">
<pin_list>
<pin id="1025" dir="0" index="0" bw="32" slack="3"/>
<pin id="1026" dir="1" index="1" bw="32" slack="3"/>
</pin_list>
<bind>
<opset="local_C4_10 "/>
</bind>
</comp>

<comp id="1030" class="1005" name="local_C4_11_reg_1030">
<pin_list>
<pin id="1031" dir="0" index="0" bw="32" slack="3"/>
<pin id="1032" dir="1" index="1" bw="32" slack="3"/>
</pin_list>
<bind>
<opset="local_C4_11 "/>
</bind>
</comp>

<comp id="1036" class="1005" name="local_C4_12_reg_1036">
<pin_list>
<pin id="1037" dir="0" index="0" bw="32" slack="3"/>
<pin id="1038" dir="1" index="1" bw="32" slack="3"/>
</pin_list>
<bind>
<opset="local_C4_12 "/>
</bind>
</comp>

<comp id="1042" class="1005" name="local_C4_13_reg_1042">
<pin_list>
<pin id="1043" dir="0" index="0" bw="32" slack="3"/>
<pin id="1044" dir="1" index="1" bw="32" slack="3"/>
</pin_list>
<bind>
<opset="local_C4_13 "/>
</bind>
</comp>

<comp id="1048" class="1005" name="local_C4_14_reg_1048">
<pin_list>
<pin id="1049" dir="0" index="0" bw="32" slack="3"/>
<pin id="1050" dir="1" index="1" bw="32" slack="3"/>
</pin_list>
<bind>
<opset="local_C4_14 "/>
</bind>
</comp>

<comp id="1054" class="1005" name="local_C4_15_reg_1054">
<pin_list>
<pin id="1055" dir="0" index="0" bw="32" slack="3"/>
<pin id="1056" dir="1" index="1" bw="32" slack="3"/>
</pin_list>
<bind>
<opset="local_C4_15 "/>
</bind>
</comp>

<comp id="1060" class="1005" name="local_C4_16_reg_1060">
<pin_list>
<pin id="1061" dir="0" index="0" bw="32" slack="3"/>
<pin id="1062" dir="1" index="1" bw="32" slack="3"/>
</pin_list>
<bind>
<opset="local_C4_16 "/>
</bind>
</comp>

<comp id="1066" class="1005" name="local_C4_17_reg_1066">
<pin_list>
<pin id="1067" dir="0" index="0" bw="32" slack="3"/>
<pin id="1068" dir="1" index="1" bw="32" slack="3"/>
</pin_list>
<bind>
<opset="local_C4_17 "/>
</bind>
</comp>

<comp id="1072" class="1005" name="local_C4_18_reg_1072">
<pin_list>
<pin id="1073" dir="0" index="0" bw="32" slack="3"/>
<pin id="1074" dir="1" index="1" bw="32" slack="3"/>
</pin_list>
<bind>
<opset="local_C4_18 "/>
</bind>
</comp>

<comp id="1078" class="1005" name="local_C4_19_reg_1078">
<pin_list>
<pin id="1079" dir="0" index="0" bw="32" slack="3"/>
<pin id="1080" dir="1" index="1" bw="32" slack="3"/>
</pin_list>
<bind>
<opset="local_C4_19 "/>
</bind>
</comp>

<comp id="1084" class="1005" name="local_C4_20_reg_1084">
<pin_list>
<pin id="1085" dir="0" index="0" bw="32" slack="3"/>
<pin id="1086" dir="1" index="1" bw="32" slack="3"/>
</pin_list>
<bind>
<opset="local_C4_20 "/>
</bind>
</comp>

<comp id="1090" class="1005" name="local_C4_21_reg_1090">
<pin_list>
<pin id="1091" dir="0" index="0" bw="32" slack="3"/>
<pin id="1092" dir="1" index="1" bw="32" slack="3"/>
</pin_list>
<bind>
<opset="local_C4_21 "/>
</bind>
</comp>

<comp id="1096" class="1005" name="local_C4_22_reg_1096">
<pin_list>
<pin id="1097" dir="0" index="0" bw="32" slack="3"/>
<pin id="1098" dir="1" index="1" bw="32" slack="3"/>
</pin_list>
<bind>
<opset="local_C4_22 "/>
</bind>
</comp>

<comp id="1102" class="1005" name="local_C4_23_reg_1102">
<pin_list>
<pin id="1103" dir="0" index="0" bw="32" slack="3"/>
<pin id="1104" dir="1" index="1" bw="32" slack="3"/>
</pin_list>
<bind>
<opset="local_C4_23 "/>
</bind>
</comp>

<comp id="1108" class="1005" name="local_C4_24_reg_1108">
<pin_list>
<pin id="1109" dir="0" index="0" bw="32" slack="3"/>
<pin id="1110" dir="1" index="1" bw="32" slack="3"/>
</pin_list>
<bind>
<opset="local_C4_24 "/>
</bind>
</comp>

<comp id="1114" class="1005" name="local_C4_25_reg_1114">
<pin_list>
<pin id="1115" dir="0" index="0" bw="32" slack="3"/>
<pin id="1116" dir="1" index="1" bw="32" slack="3"/>
</pin_list>
<bind>
<opset="local_C4_25 "/>
</bind>
</comp>

<comp id="1120" class="1005" name="local_C4_26_reg_1120">
<pin_list>
<pin id="1121" dir="0" index="0" bw="32" slack="3"/>
<pin id="1122" dir="1" index="1" bw="32" slack="3"/>
</pin_list>
<bind>
<opset="local_C4_26 "/>
</bind>
</comp>

<comp id="1126" class="1005" name="local_C4_27_reg_1126">
<pin_list>
<pin id="1127" dir="0" index="0" bw="32" slack="3"/>
<pin id="1128" dir="1" index="1" bw="32" slack="3"/>
</pin_list>
<bind>
<opset="local_C4_27 "/>
</bind>
</comp>

<comp id="1132" class="1005" name="local_C4_28_reg_1132">
<pin_list>
<pin id="1133" dir="0" index="0" bw="32" slack="3"/>
<pin id="1134" dir="1" index="1" bw="32" slack="3"/>
</pin_list>
<bind>
<opset="local_C4_28 "/>
</bind>
</comp>

<comp id="1138" class="1005" name="local_C4_29_reg_1138">
<pin_list>
<pin id="1139" dir="0" index="0" bw="32" slack="3"/>
<pin id="1140" dir="1" index="1" bw="32" slack="3"/>
</pin_list>
<bind>
<opset="local_C4_29 "/>
</bind>
</comp>

<comp id="1144" class="1005" name="local_C4_30_reg_1144">
<pin_list>
<pin id="1145" dir="0" index="0" bw="32" slack="3"/>
<pin id="1146" dir="1" index="1" bw="32" slack="3"/>
</pin_list>
<bind>
<opset="local_C4_30 "/>
</bind>
</comp>

<comp id="1150" class="1005" name="local_C4_31_reg_1150">
<pin_list>
<pin id="1151" dir="0" index="0" bw="32" slack="3"/>
<pin id="1152" dir="1" index="1" bw="32" slack="3"/>
</pin_list>
<bind>
<opset="local_C4_31 "/>
</bind>
</comp>

<comp id="1156" class="1005" name="local_C4_32_reg_1156">
<pin_list>
<pin id="1157" dir="0" index="0" bw="32" slack="3"/>
<pin id="1158" dir="1" index="1" bw="32" slack="3"/>
</pin_list>
<bind>
<opset="local_C4_32 "/>
</bind>
</comp>

<comp id="1162" class="1005" name="local_C4_33_reg_1162">
<pin_list>
<pin id="1163" dir="0" index="0" bw="32" slack="3"/>
<pin id="1164" dir="1" index="1" bw="32" slack="3"/>
</pin_list>
<bind>
<opset="local_C4_33 "/>
</bind>
</comp>

<comp id="1168" class="1005" name="local_C4_34_reg_1168">
<pin_list>
<pin id="1169" dir="0" index="0" bw="32" slack="3"/>
<pin id="1170" dir="1" index="1" bw="32" slack="3"/>
</pin_list>
<bind>
<opset="local_C4_34 "/>
</bind>
</comp>

<comp id="1174" class="1005" name="local_C4_35_reg_1174">
<pin_list>
<pin id="1175" dir="0" index="0" bw="32" slack="3"/>
<pin id="1176" dir="1" index="1" bw="32" slack="3"/>
</pin_list>
<bind>
<opset="local_C4_35 "/>
</bind>
</comp>

<comp id="1180" class="1005" name="local_C4_36_reg_1180">
<pin_list>
<pin id="1181" dir="0" index="0" bw="32" slack="3"/>
<pin id="1182" dir="1" index="1" bw="32" slack="3"/>
</pin_list>
<bind>
<opset="local_C4_36 "/>
</bind>
</comp>

<comp id="1186" class="1005" name="local_C4_37_reg_1186">
<pin_list>
<pin id="1187" dir="0" index="0" bw="32" slack="3"/>
<pin id="1188" dir="1" index="1" bw="32" slack="3"/>
</pin_list>
<bind>
<opset="local_C4_37 "/>
</bind>
</comp>

<comp id="1192" class="1005" name="local_C4_38_reg_1192">
<pin_list>
<pin id="1193" dir="0" index="0" bw="32" slack="3"/>
<pin id="1194" dir="1" index="1" bw="32" slack="3"/>
</pin_list>
<bind>
<opset="local_C4_38 "/>
</bind>
</comp>

<comp id="1198" class="1005" name="local_C4_39_reg_1198">
<pin_list>
<pin id="1199" dir="0" index="0" bw="32" slack="3"/>
<pin id="1200" dir="1" index="1" bw="32" slack="3"/>
</pin_list>
<bind>
<opset="local_C4_39 "/>
</bind>
</comp>

<comp id="1204" class="1005" name="local_C4_40_reg_1204">
<pin_list>
<pin id="1205" dir="0" index="0" bw="32" slack="3"/>
<pin id="1206" dir="1" index="1" bw="32" slack="3"/>
</pin_list>
<bind>
<opset="local_C4_40 "/>
</bind>
</comp>

<comp id="1210" class="1005" name="local_C4_41_reg_1210">
<pin_list>
<pin id="1211" dir="0" index="0" bw="32" slack="3"/>
<pin id="1212" dir="1" index="1" bw="32" slack="3"/>
</pin_list>
<bind>
<opset="local_C4_41 "/>
</bind>
</comp>

<comp id="1216" class="1005" name="local_C4_42_reg_1216">
<pin_list>
<pin id="1217" dir="0" index="0" bw="32" slack="3"/>
<pin id="1218" dir="1" index="1" bw="32" slack="3"/>
</pin_list>
<bind>
<opset="local_C4_42 "/>
</bind>
</comp>

<comp id="1222" class="1005" name="local_C4_43_reg_1222">
<pin_list>
<pin id="1223" dir="0" index="0" bw="32" slack="3"/>
<pin id="1224" dir="1" index="1" bw="32" slack="3"/>
</pin_list>
<bind>
<opset="local_C4_43 "/>
</bind>
</comp>

<comp id="1228" class="1005" name="local_C4_44_reg_1228">
<pin_list>
<pin id="1229" dir="0" index="0" bw="32" slack="3"/>
<pin id="1230" dir="1" index="1" bw="32" slack="3"/>
</pin_list>
<bind>
<opset="local_C4_44 "/>
</bind>
</comp>

<comp id="1234" class="1005" name="local_C4_45_reg_1234">
<pin_list>
<pin id="1235" dir="0" index="0" bw="32" slack="3"/>
<pin id="1236" dir="1" index="1" bw="32" slack="3"/>
</pin_list>
<bind>
<opset="local_C4_45 "/>
</bind>
</comp>

<comp id="1240" class="1005" name="local_C4_46_reg_1240">
<pin_list>
<pin id="1241" dir="0" index="0" bw="32" slack="3"/>
<pin id="1242" dir="1" index="1" bw="32" slack="3"/>
</pin_list>
<bind>
<opset="local_C4_46 "/>
</bind>
</comp>

<comp id="1246" class="1005" name="local_C4_47_reg_1246">
<pin_list>
<pin id="1247" dir="0" index="0" bw="32" slack="3"/>
<pin id="1248" dir="1" index="1" bw="32" slack="3"/>
</pin_list>
<bind>
<opset="local_C4_47 "/>
</bind>
</comp>

<comp id="1252" class="1005" name="local_C4_48_reg_1252">
<pin_list>
<pin id="1253" dir="0" index="0" bw="32" slack="3"/>
<pin id="1254" dir="1" index="1" bw="32" slack="3"/>
</pin_list>
<bind>
<opset="local_C4_48 "/>
</bind>
</comp>

<comp id="1258" class="1005" name="local_C4_49_reg_1258">
<pin_list>
<pin id="1259" dir="0" index="0" bw="32" slack="3"/>
<pin id="1260" dir="1" index="1" bw="32" slack="3"/>
</pin_list>
<bind>
<opset="local_C4_49 "/>
</bind>
</comp>

<comp id="1264" class="1005" name="local_C4_50_reg_1264">
<pin_list>
<pin id="1265" dir="0" index="0" bw="32" slack="3"/>
<pin id="1266" dir="1" index="1" bw="32" slack="3"/>
</pin_list>
<bind>
<opset="local_C4_50 "/>
</bind>
</comp>

<comp id="1270" class="1005" name="local_C4_51_reg_1270">
<pin_list>
<pin id="1271" dir="0" index="0" bw="32" slack="3"/>
<pin id="1272" dir="1" index="1" bw="32" slack="3"/>
</pin_list>
<bind>
<opset="local_C4_51 "/>
</bind>
</comp>

<comp id="1276" class="1005" name="local_C4_52_reg_1276">
<pin_list>
<pin id="1277" dir="0" index="0" bw="32" slack="3"/>
<pin id="1278" dir="1" index="1" bw="32" slack="3"/>
</pin_list>
<bind>
<opset="local_C4_52 "/>
</bind>
</comp>

<comp id="1282" class="1005" name="local_C4_53_reg_1282">
<pin_list>
<pin id="1283" dir="0" index="0" bw="32" slack="3"/>
<pin id="1284" dir="1" index="1" bw="32" slack="3"/>
</pin_list>
<bind>
<opset="local_C4_53 "/>
</bind>
</comp>

<comp id="1288" class="1005" name="local_C4_54_reg_1288">
<pin_list>
<pin id="1289" dir="0" index="0" bw="32" slack="3"/>
<pin id="1290" dir="1" index="1" bw="32" slack="3"/>
</pin_list>
<bind>
<opset="local_C4_54 "/>
</bind>
</comp>

<comp id="1294" class="1005" name="local_C4_55_reg_1294">
<pin_list>
<pin id="1295" dir="0" index="0" bw="32" slack="3"/>
<pin id="1296" dir="1" index="1" bw="32" slack="3"/>
</pin_list>
<bind>
<opset="local_C4_55 "/>
</bind>
</comp>

<comp id="1300" class="1005" name="local_C4_56_reg_1300">
<pin_list>
<pin id="1301" dir="0" index="0" bw="32" slack="3"/>
<pin id="1302" dir="1" index="1" bw="32" slack="3"/>
</pin_list>
<bind>
<opset="local_C4_56 "/>
</bind>
</comp>

<comp id="1306" class="1005" name="local_C4_57_reg_1306">
<pin_list>
<pin id="1307" dir="0" index="0" bw="32" slack="3"/>
<pin id="1308" dir="1" index="1" bw="32" slack="3"/>
</pin_list>
<bind>
<opset="local_C4_57 "/>
</bind>
</comp>

<comp id="1312" class="1005" name="local_C4_58_reg_1312">
<pin_list>
<pin id="1313" dir="0" index="0" bw="32" slack="3"/>
<pin id="1314" dir="1" index="1" bw="32" slack="3"/>
</pin_list>
<bind>
<opset="local_C4_58 "/>
</bind>
</comp>

<comp id="1318" class="1005" name="local_C4_59_reg_1318">
<pin_list>
<pin id="1319" dir="0" index="0" bw="32" slack="3"/>
<pin id="1320" dir="1" index="1" bw="32" slack="3"/>
</pin_list>
<bind>
<opset="local_C4_59 "/>
</bind>
</comp>

<comp id="1324" class="1005" name="local_C4_60_reg_1324">
<pin_list>
<pin id="1325" dir="0" index="0" bw="32" slack="3"/>
<pin id="1326" dir="1" index="1" bw="32" slack="3"/>
</pin_list>
<bind>
<opset="local_C4_60 "/>
</bind>
</comp>

<comp id="1330" class="1005" name="local_C4_61_reg_1330">
<pin_list>
<pin id="1331" dir="0" index="0" bw="32" slack="3"/>
<pin id="1332" dir="1" index="1" bw="32" slack="3"/>
</pin_list>
<bind>
<opset="local_C4_61 "/>
</bind>
</comp>

<comp id="1336" class="1005" name="local_C4_62_reg_1336">
<pin_list>
<pin id="1337" dir="0" index="0" bw="32" slack="3"/>
<pin id="1338" dir="1" index="1" bw="32" slack="3"/>
</pin_list>
<bind>
<opset="local_C4_62 "/>
</bind>
</comp>

<comp id="1342" class="1005" name="local_C4_63_reg_1342">
<pin_list>
<pin id="1343" dir="0" index="0" bw="32" slack="3"/>
<pin id="1344" dir="1" index="1" bw="32" slack="3"/>
</pin_list>
<bind>
<opset="local_C4_63 "/>
</bind>
</comp>

<comp id="1351" class="1005" name="p_mid2_reg_1351">
<pin_list>
<pin id="1352" dir="0" index="0" bw="10" slack="1"/>
<pin id="1353" dir="1" index="1" bw="10" slack="1"/>
</pin_list>
<bind>
<opset="p_mid2 "/>
</bind>
</comp>

<comp id="1357" class="1005" name="v6893_reg_1357">
<pin_list>
<pin id="1358" dir="0" index="0" bw="1" slack="1"/>
<pin id="1359" dir="1" index="1" bw="1" slack="1"/>
</pin_list>
<bind>
<opset="v6893 "/>
</bind>
</comp>

<comp id="1362" class="1005" name="tmp_s_reg_1362">
<pin_list>
<pin id="1363" dir="0" index="0" bw="10" slack="1"/>
<pin id="1364" dir="1" index="1" bw="10" slack="1"/>
</pin_list>
<bind>
<opset="tmp_s "/>
</bind>
</comp>

</comp_list>

<net_list>
<net id="53"><net_src comp="6" pin="0"/><net_sink comp="50" pin=0"/></net>

<net id="57"><net_src comp="6" pin="0"/><net_sink comp="54" pin=0"/></net>

<net id="61"><net_src comp="6" pin="0"/><net_sink comp="58" pin=0"/></net>

<net id="65"><net_src comp="16" pin="0"/><net_sink comp="62" pin=0"/></net>

<net id="69"><net_src comp="16" pin="0"/><net_sink comp="66" pin=0"/></net>

<net id="73"><net_src comp="16" pin="0"/><net_sink comp="70" pin=0"/></net>

<net id="77"><net_src comp="16" pin="0"/><net_sink comp="74" pin=0"/></net>

<net id="81"><net_src comp="16" pin="0"/><net_sink comp="78" pin=0"/></net>

<net id="85"><net_src comp="16" pin="0"/><net_sink comp="82" pin=0"/></net>

<net id="89"><net_src comp="16" pin="0"/><net_sink comp="86" pin=0"/></net>

<net id="93"><net_src comp="16" pin="0"/><net_sink comp="90" pin=0"/></net>

<net id="97"><net_src comp="16" pin="0"/><net_sink comp="94" pin=0"/></net>

<net id="101"><net_src comp="16" pin="0"/><net_sink comp="98" pin=0"/></net>

<net id="105"><net_src comp="16" pin="0"/><net_sink comp="102" pin=0"/></net>

<net id="109"><net_src comp="16" pin="0"/><net_sink comp="106" pin=0"/></net>

<net id="113"><net_src comp="16" pin="0"/><net_sink comp="110" pin=0"/></net>

<net id="117"><net_src comp="16" pin="0"/><net_sink comp="114" pin=0"/></net>

<net id="121"><net_src comp="16" pin="0"/><net_sink comp="118" pin=0"/></net>

<net id="125"><net_src comp="16" pin="0"/><net_sink comp="122" pin=0"/></net>

<net id="129"><net_src comp="16" pin="0"/><net_sink comp="126" pin=0"/></net>

<net id="133"><net_src comp="16" pin="0"/><net_sink comp="130" pin=0"/></net>

<net id="137"><net_src comp="16" pin="0"/><net_sink comp="134" pin=0"/></net>

<net id="141"><net_src comp="16" pin="0"/><net_sink comp="138" pin=0"/></net>

<net id="145"><net_src comp="16" pin="0"/><net_sink comp="142" pin=0"/></net>

<net id="149"><net_src comp="16" pin="0"/><net_sink comp="146" pin=0"/></net>

<net id="153"><net_src comp="16" pin="0"/><net_sink comp="150" pin=0"/></net>

<net id="157"><net_src comp="16" pin="0"/><net_sink comp="154" pin=0"/></net>

<net id="161"><net_src comp="16" pin="0"/><net_sink comp="158" pin=0"/></net>

<net id="165"><net_src comp="16" pin="0"/><net_sink comp="162" pin=0"/></net>

<net id="169"><net_src comp="16" pin="0"/><net_sink comp="166" pin=0"/></net>

<net id="173"><net_src comp="16" pin="0"/><net_sink comp="170" pin=0"/></net>

<net id="177"><net_src comp="16" pin="0"/><net_sink comp="174" pin=0"/></net>

<net id="181"><net_src comp="16" pin="0"/><net_sink comp="178" pin=0"/></net>

<net id="185"><net_src comp="16" pin="0"/><net_sink comp="182" pin=0"/></net>

<net id="189"><net_src comp="16" pin="0"/><net_sink comp="186" pin=0"/></net>

<net id="193"><net_src comp="16" pin="0"/><net_sink comp="190" pin=0"/></net>

<net id="197"><net_src comp="16" pin="0"/><net_sink comp="194" pin=0"/></net>

<net id="201"><net_src comp="16" pin="0"/><net_sink comp="198" pin=0"/></net>

<net id="205"><net_src comp="16" pin="0"/><net_sink comp="202" pin=0"/></net>

<net id="209"><net_src comp="16" pin="0"/><net_sink comp="206" pin=0"/></net>

<net id="213"><net_src comp="16" pin="0"/><net_sink comp="210" pin=0"/></net>

<net id="217"><net_src comp="16" pin="0"/><net_sink comp="214" pin=0"/></net>

<net id="221"><net_src comp="16" pin="0"/><net_sink comp="218" pin=0"/></net>

<net id="225"><net_src comp="16" pin="0"/><net_sink comp="222" pin=0"/></net>

<net id="229"><net_src comp="16" pin="0"/><net_sink comp="226" pin=0"/></net>

<net id="233"><net_src comp="16" pin="0"/><net_sink comp="230" pin=0"/></net>

<net id="237"><net_src comp="16" pin="0"/><net_sink comp="234" pin=0"/></net>

<net id="241"><net_src comp="16" pin="0"/><net_sink comp="238" pin=0"/></net>

<net id="245"><net_src comp="16" pin="0"/><net_sink comp="242" pin=0"/></net>

<net id="249"><net_src comp="16" pin="0"/><net_sink comp="246" pin=0"/></net>

<net id="253"><net_src comp="16" pin="0"/><net_sink comp="250" pin=0"/></net>

<net id="257"><net_src comp="16" pin="0"/><net_sink comp="254" pin=0"/></net>

<net id="261"><net_src comp="16" pin="0"/><net_sink comp="258" pin=0"/></net>

<net id="265"><net_src comp="16" pin="0"/><net_sink comp="262" pin=0"/></net>

<net id="269"><net_src comp="16" pin="0"/><net_sink comp="266" pin=0"/></net>

<net id="273"><net_src comp="16" pin="0"/><net_sink comp="270" pin=0"/></net>

<net id="277"><net_src comp="16" pin="0"/><net_sink comp="274" pin=0"/></net>

<net id="281"><net_src comp="16" pin="0"/><net_sink comp="278" pin=0"/></net>

<net id="285"><net_src comp="16" pin="0"/><net_sink comp="282" pin=0"/></net>

<net id="289"><net_src comp="16" pin="0"/><net_sink comp="286" pin=0"/></net>

<net id="293"><net_src comp="16" pin="0"/><net_sink comp="290" pin=0"/></net>

<net id="297"><net_src comp="16" pin="0"/><net_sink comp="294" pin=0"/></net>

<net id="301"><net_src comp="16" pin="0"/><net_sink comp="298" pin=0"/></net>

<net id="305"><net_src comp="16" pin="0"/><net_sink comp="302" pin=0"/></net>

<net id="309"><net_src comp="16" pin="0"/><net_sink comp="306" pin=0"/></net>

<net id="313"><net_src comp="16" pin="0"/><net_sink comp="310" pin=0"/></net>

<net id="317"><net_src comp="16" pin="0"/><net_sink comp="314" pin=0"/></net>

<net id="321"><net_src comp="16" pin="0"/><net_sink comp="318" pin=0"/></net>

<net id="325"><net_src comp="16" pin="0"/><net_sink comp="322" pin=0"/></net>

<net id="329"><net_src comp="16" pin="0"/><net_sink comp="326" pin=0"/></net>

<net id="333"><net_src comp="16" pin="0"/><net_sink comp="330" pin=0"/></net>

<net id="337"><net_src comp="16" pin="0"/><net_sink comp="334" pin=0"/></net>

<net id="341"><net_src comp="16" pin="0"/><net_sink comp="338" pin=0"/></net>

<net id="345"><net_src comp="16" pin="0"/><net_sink comp="342" pin=0"/></net>

<net id="349"><net_src comp="16" pin="0"/><net_sink comp="346" pin=0"/></net>

<net id="353"><net_src comp="16" pin="0"/><net_sink comp="350" pin=0"/></net>

<net id="357"><net_src comp="16" pin="0"/><net_sink comp="354" pin=0"/></net>

<net id="361"><net_src comp="16" pin="0"/><net_sink comp="358" pin=0"/></net>

<net id="365"><net_src comp="16" pin="0"/><net_sink comp="362" pin=0"/></net>

<net id="369"><net_src comp="16" pin="0"/><net_sink comp="366" pin=0"/></net>

<net id="373"><net_src comp="16" pin="0"/><net_sink comp="370" pin=0"/></net>

<net id="377"><net_src comp="16" pin="0"/><net_sink comp="374" pin=0"/></net>

<net id="381"><net_src comp="16" pin="0"/><net_sink comp="378" pin=0"/></net>

<net id="396"><net_src comp="34" pin="0"/><net_sink comp="382" pin=0"/></net>

<net id="397"><net_src comp="0" pin="0"/><net_sink comp="382" pin=11"/></net>

<net id="411"><net_src comp="36" pin="0"/><net_sink comp="398" pin=0"/></net>

<net id="412"><net_src comp="2" pin="0"/><net_sink comp="398" pin=10"/></net>

<net id="496"><net_src comp="38" pin="0"/><net_sink comp="413" pin=0"/></net>

<net id="567"><net_src comp="40" pin="0"/><net_sink comp="497" pin=0"/></net>

<net id="568"><net_src comp="4" pin="0"/><net_sink comp="497" pin=67"/></net>

<net id="573"><net_src comp="18" pin="0"/><net_sink comp="569" pin=0"/></net>

<net id="578"><net_src comp="20" pin="0"/><net_sink comp="574" pin=0"/></net>

<net id="583"><net_src comp="20" pin="0"/><net_sink comp="579" pin=0"/></net>

<net id="591"><net_src comp="584" pin="1"/><net_sink comp="587" pin=0"/></net>

<net id="592"><net_src comp="22" pin="0"/><net_sink comp="587" pin=1"/></net>

<net id="597"><net_src comp="584" pin="1"/><net_sink comp="593" pin=0"/></net>

<net id="598"><net_src comp="24" pin="0"/><net_sink comp="593" pin=1"/></net>

<net id="609"><net_src comp="602" pin="1"/><net_sink comp="605" pin=0"/></net>

<net id="610"><net_src comp="26" pin="0"/><net_sink comp="605" pin=1"/></net>

<net id="615"><net_src comp="599" pin="1"/><net_sink comp="611" pin=0"/></net>

<net id="616"><net_src comp="28" pin="0"/><net_sink comp="611" pin=1"/></net>

<net id="622"><net_src comp="611" pin="2"/><net_sink comp="617" pin=0"/></net>

<net id="623"><net_src comp="20" pin="0"/><net_sink comp="617" pin=1"/></net>

<net id="624"><net_src comp="599" pin="1"/><net_sink comp="617" pin=2"/></net>

<net id="630"><net_src comp="611" pin="2"/><net_sink comp="625" pin=0"/></net>

<net id="631"><net_src comp="605" pin="2"/><net_sink comp="625" pin=1"/></net>

<net id="632"><net_src comp="602" pin="1"/><net_sink comp="625" pin=2"/></net>

<net id="636"><net_src comp="625" pin="3"/><net_sink comp="633" pin=0"/></net>

<net id="642"><net_src comp="30" pin="0"/><net_sink comp="637" pin=0"/></net>

<net id="643"><net_src comp="633" pin="1"/><net_sink comp="637" pin=1"/></net>

<net id="644"><net_src comp="32" pin="0"/><net_sink comp="637" pin=2"/></net>

<net id="645"><net_src comp="637" pin="3"/><net_sink comp="382" pin=10"/></net>

<net id="650"><net_src comp="617" pin="3"/><net_sink comp="646" pin=0"/></net>

<net id="651"><net_src comp="20" pin="0"/><net_sink comp="646" pin=1"/></net>

<net id="652"><net_src comp="646" pin="2"/><net_sink comp="382" pin=9"/></net>

<net id="656"><net_src comp="617" pin="3"/><net_sink comp="653" pin=0"/></net>

<net id="662"><net_src comp="30" pin="0"/><net_sink comp="657" pin=0"/></net>

<net id="663"><net_src comp="653" pin="1"/><net_sink comp="657" pin=1"/></net>

<net id="664"><net_src comp="32" pin="0"/><net_sink comp="657" pin=2"/></net>

<net id="665"><net_src comp="657" pin="3"/><net_sink comp="398" pin=9"/></net>

<net id="670"><net_src comp="617" pin="3"/><net_sink comp="666" pin=0"/></net>

<net id="671"><net_src comp="26" pin="0"/><net_sink comp="666" pin=1"/></net>

<net id="676"><net_src comp="593" pin="2"/><net_sink comp="672" pin=0"/></net>

<net id="681"><net_src comp="625" pin="3"/><net_sink comp="677" pin=0"/></net>

<net id="686"><net_src comp="666" pin="2"/><net_sink comp="682" pin=0"/></net>

<net id="690"><net_src comp="687" pin="1"/><net_sink comp="497" pin=2"/></net>

<net id="694"><net_src comp="691" pin="1"/><net_sink comp="497" pin=3"/></net>

<net id="698"><net_src comp="695" pin="1"/><net_sink comp="497" pin=4"/></net>

<net id="702"><net_src comp="699" pin="1"/><net_sink comp="497" pin=5"/></net>

<net id="706"><net_src comp="703" pin="1"/><net_sink comp="497" pin=6"/></net>

<net id="710"><net_src comp="707" pin="1"/><net_sink comp="497" pin=7"/></net>

<net id="714"><net_src comp="711" pin="1"/><net_sink comp="497" pin=8"/></net>

<net id="718"><net_src comp="715" pin="1"/><net_sink comp="497" pin=9"/></net>

<net id="722"><net_src comp="719" pin="1"/><net_sink comp="497" pin=10"/></net>

<net id="726"><net_src comp="723" pin="1"/><net_sink comp="497" pin=11"/></net>

<net id="730"><net_src comp="727" pin="1"/><net_sink comp="497" pin=12"/></net>

<net id="734"><net_src comp="731" pin="1"/><net_sink comp="497" pin=13"/></net>

<net id="738"><net_src comp="735" pin="1"/><net_sink comp="497" pin=14"/></net>

<net id="742"><net_src comp="739" pin="1"/><net_sink comp="497" pin=15"/></net>

<net id="746"><net_src comp="743" pin="1"/><net_sink comp="497" pin=16"/></net>

<net id="750"><net_src comp="747" pin="1"/><net_sink comp="497" pin=17"/></net>

<net id="754"><net_src comp="751" pin="1"/><net_sink comp="497" pin=18"/></net>

<net id="758"><net_src comp="755" pin="1"/><net_sink comp="497" pin=19"/></net>

<net id="762"><net_src comp="759" pin="1"/><net_sink comp="497" pin=20"/></net>

<net id="766"><net_src comp="763" pin="1"/><net_sink comp="497" pin=21"/></net>

<net id="770"><net_src comp="767" pin="1"/><net_sink comp="497" pin=22"/></net>

<net id="774"><net_src comp="771" pin="1"/><net_sink comp="497" pin=23"/></net>

<net id="778"><net_src comp="775" pin="1"/><net_sink comp="497" pin=24"/></net>

<net id="782"><net_src comp="779" pin="1"/><net_sink comp="497" pin=25"/></net>

<net id="786"><net_src comp="783" pin="1"/><net_sink comp="497" pin=26"/></net>

<net id="790"><net_src comp="787" pin="1"/><net_sink comp="497" pin=27"/></net>

<net id="794"><net_src comp="791" pin="1"/><net_sink comp="497" pin=28"/></net>

<net id="798"><net_src comp="795" pin="1"/><net_sink comp="497" pin=29"/></net>

<net id="802"><net_src comp="799" pin="1"/><net_sink comp="497" pin=30"/></net>

<net id="806"><net_src comp="803" pin="1"/><net_sink comp="497" pin=31"/></net>

<net id="810"><net_src comp="807" pin="1"/><net_sink comp="497" pin=32"/></net>

<net id="814"><net_src comp="811" pin="1"/><net_sink comp="497" pin=33"/></net>

<net id="818"><net_src comp="815" pin="1"/><net_sink comp="497" pin=34"/></net>

<net id="822"><net_src comp="819" pin="1"/><net_sink comp="497" pin=35"/></net>

<net id="826"><net_src comp="823" pin="1"/><net_sink comp="497" pin=36"/></net>

<net id="830"><net_src comp="827" pin="1"/><net_sink comp="497" pin=37"/></net>

<net id="834"><net_src comp="831" pin="1"/><net_sink comp="497" pin=38"/></net>

<net id="838"><net_src comp="835" pin="1"/><net_sink comp="497" pin=39"/></net>

<net id="842"><net_src comp="839" pin="1"/><net_sink comp="497" pin=40"/></net>

<net id="846"><net_src comp="843" pin="1"/><net_sink comp="497" pin=41"/></net>

<net id="850"><net_src comp="847" pin="1"/><net_sink comp="497" pin=42"/></net>

<net id="854"><net_src comp="851" pin="1"/><net_sink comp="497" pin=43"/></net>

<net id="858"><net_src comp="855" pin="1"/><net_sink comp="497" pin=44"/></net>

<net id="862"><net_src comp="859" pin="1"/><net_sink comp="497" pin=45"/></net>

<net id="866"><net_src comp="863" pin="1"/><net_sink comp="497" pin=46"/></net>

<net id="870"><net_src comp="867" pin="1"/><net_sink comp="497" pin=47"/></net>

<net id="874"><net_src comp="871" pin="1"/><net_sink comp="497" pin=48"/></net>

<net id="878"><net_src comp="875" pin="1"/><net_sink comp="497" pin=49"/></net>

<net id="882"><net_src comp="879" pin="1"/><net_sink comp="497" pin=50"/></net>

<net id="886"><net_src comp="883" pin="1"/><net_sink comp="497" pin=51"/></net>

<net id="890"><net_src comp="887" pin="1"/><net_sink comp="497" pin=52"/></net>

<net id="894"><net_src comp="891" pin="1"/><net_sink comp="497" pin=53"/></net>

<net id="898"><net_src comp="895" pin="1"/><net_sink comp="497" pin=54"/></net>

<net id="902"><net_src comp="899" pin="1"/><net_sink comp="497" pin=55"/></net>

<net id="906"><net_src comp="903" pin="1"/><net_sink comp="497" pin=56"/></net>

<net id="910"><net_src comp="907" pin="1"/><net_sink comp="497" pin=57"/></net>

<net id="914"><net_src comp="911" pin="1"/><net_sink comp="497" pin=58"/></net>

<net id="918"><net_src comp="915" pin="1"/><net_sink comp="497" pin=59"/></net>

<net id="922"><net_src comp="919" pin="1"/><net_sink comp="497" pin=60"/></net>

<net id="926"><net_src comp="923" pin="1"/><net_sink comp="497" pin=61"/></net>

<net id="930"><net_src comp="927" pin="1"/><net_sink comp="497" pin=62"/></net>

<net id="934"><net_src comp="931" pin="1"/><net_sink comp="497" pin=63"/></net>

<net id="938"><net_src comp="935" pin="1"/><net_sink comp="497" pin=64"/></net>

<net id="942"><net_src comp="939" pin="1"/><net_sink comp="497" pin=65"/></net>

<net id="946"><net_src comp="50" pin="1"/><net_sink comp="943" pin=0"/></net>

<net id="947"><net_src comp="943" pin="1"/><net_sink comp="579" pin=1"/></net>

<net id="948"><net_src comp="943" pin="1"/><net_sink comp="599" pin=0"/></net>

<net id="949"><net_src comp="943" pin="1"/><net_sink comp="682" pin=1"/></net>

<net id="953"><net_src comp="54" pin="1"/><net_sink comp="950" pin=0"/></net>

<net id="954"><net_src comp="950" pin="1"/><net_sink comp="574" pin=1"/></net>

<net id="955"><net_src comp="950" pin="1"/><net_sink comp="602" pin=0"/></net>

<net id="956"><net_src comp="950" pin="1"/><net_sink comp="677" pin=1"/></net>

<net id="960"><net_src comp="58" pin="1"/><net_sink comp="957" pin=0"/></net>

<net id="961"><net_src comp="957" pin="1"/><net_sink comp="569" pin=1"/></net>

<net id="962"><net_src comp="957" pin="1"/><net_sink comp="584" pin=0"/></net>

<net id="963"><net_src comp="957" pin="1"/><net_sink comp="672" pin=1"/></net>

<net id="967"><net_src comp="126" pin="1"/><net_sink comp="964" pin=0"/></net>

<net id="968"><net_src comp="964" pin="1"/><net_sink comp="413" pin=17"/></net>

<net id="969"><net_src comp="964" pin="1"/><net_sink comp="687" pin=0"/></net>

<net id="973"><net_src comp="130" pin="1"/><net_sink comp="970" pin=0"/></net>

<net id="974"><net_src comp="970" pin="1"/><net_sink comp="413" pin=18"/></net>

<net id="975"><net_src comp="970" pin="1"/><net_sink comp="691" pin=0"/></net>

<net id="979"><net_src comp="134" pin="1"/><net_sink comp="976" pin=0"/></net>

<net id="980"><net_src comp="976" pin="1"/><net_sink comp="413" pin=19"/></net>

<net id="981"><net_src comp="976" pin="1"/><net_sink comp="695" pin=0"/></net>

<net id="985"><net_src comp="138" pin="1"/><net_sink comp="982" pin=0"/></net>

<net id="986"><net_src comp="982" pin="1"/><net_sink comp="413" pin=20"/></net>

<net id="987"><net_src comp="982" pin="1"/><net_sink comp="699" pin=0"/></net>

<net id="991"><net_src comp="142" pin="1"/><net_sink comp="988" pin=0"/></net>

<net id="992"><net_src comp="988" pin="1"/><net_sink comp="413" pin=21"/></net>

<net id="993"><net_src comp="988" pin="1"/><net_sink comp="703" pin=0"/></net>

<net id="997"><net_src comp="146" pin="1"/><net_sink comp="994" pin=0"/></net>

<net id="998"><net_src comp="994" pin="1"/><net_sink comp="413" pin=22"/></net>

<net id="999"><net_src comp="994" pin="1"/><net_sink comp="707" pin=0"/></net>

<net id="1003"><net_src comp="150" pin="1"/><net_sink comp="1000" pin=0"/></net>

<net id="1004"><net_src comp="1000" pin="1"/><net_sink comp="413" pin=23"/></net>

<net id="1005"><net_src comp="1000" pin="1"/><net_sink comp="711" pin=0"/></net>

<net id="1009"><net_src comp="154" pin="1"/><net_sink comp="1006" pin=0"/></net>

<net id="1010"><net_src comp="1006" pin="1"/><net_sink comp="413" pin=24"/></net>

<net id="1011"><net_src comp="1006" pin="1"/><net_sink comp="715" pin=0"/></net>

<net id="1015"><net_src comp="158" pin="1"/><net_sink comp="1012" pin=0"/></net>

<net id="1016"><net_src comp="1012" pin="1"/><net_sink comp="413" pin=25"/></net>

<net id="1017"><net_src comp="1012" pin="1"/><net_sink comp="719" pin=0"/></net>

<net id="1021"><net_src comp="162" pin="1"/><net_sink comp="1018" pin=0"/></net>

<net id="1022"><net_src comp="1018" pin="1"/><net_sink comp="413" pin=26"/></net>

<net id="1023"><net_src comp="1018" pin="1"/><net_sink comp="723" pin=0"/></net>

<net id="1027"><net_src comp="166" pin="1"/><net_sink comp="1024" pin=0"/></net>

<net id="1028"><net_src comp="1024" pin="1"/><net_sink comp="413" pin=27"/></net>

<net id="1029"><net_src comp="1024" pin="1"/><net_sink comp="727" pin=0"/></net>

<net id="1033"><net_src comp="170" pin="1"/><net_sink comp="1030" pin=0"/></net>

<net id="1034"><net_src comp="1030" pin="1"/><net_sink comp="413" pin=28"/></net>

<net id="1035"><net_src comp="1030" pin="1"/><net_sink comp="731" pin=0"/></net>

<net id="1039"><net_src comp="174" pin="1"/><net_sink comp="1036" pin=0"/></net>

<net id="1040"><net_src comp="1036" pin="1"/><net_sink comp="413" pin=29"/></net>

<net id="1041"><net_src comp="1036" pin="1"/><net_sink comp="735" pin=0"/></net>

<net id="1045"><net_src comp="178" pin="1"/><net_sink comp="1042" pin=0"/></net>

<net id="1046"><net_src comp="1042" pin="1"/><net_sink comp="413" pin=30"/></net>

<net id="1047"><net_src comp="1042" pin="1"/><net_sink comp="739" pin=0"/></net>

<net id="1051"><net_src comp="182" pin="1"/><net_sink comp="1048" pin=0"/></net>

<net id="1052"><net_src comp="1048" pin="1"/><net_sink comp="413" pin=31"/></net>

<net id="1053"><net_src comp="1048" pin="1"/><net_sink comp="743" pin=0"/></net>

<net id="1057"><net_src comp="186" pin="1"/><net_sink comp="1054" pin=0"/></net>

<net id="1058"><net_src comp="1054" pin="1"/><net_sink comp="413" pin=32"/></net>

<net id="1059"><net_src comp="1054" pin="1"/><net_sink comp="747" pin=0"/></net>

<net id="1063"><net_src comp="190" pin="1"/><net_sink comp="1060" pin=0"/></net>

<net id="1064"><net_src comp="1060" pin="1"/><net_sink comp="413" pin=33"/></net>

<net id="1065"><net_src comp="1060" pin="1"/><net_sink comp="751" pin=0"/></net>

<net id="1069"><net_src comp="194" pin="1"/><net_sink comp="1066" pin=0"/></net>

<net id="1070"><net_src comp="1066" pin="1"/><net_sink comp="413" pin=34"/></net>

<net id="1071"><net_src comp="1066" pin="1"/><net_sink comp="755" pin=0"/></net>

<net id="1075"><net_src comp="198" pin="1"/><net_sink comp="1072" pin=0"/></net>

<net id="1076"><net_src comp="1072" pin="1"/><net_sink comp="413" pin=35"/></net>

<net id="1077"><net_src comp="1072" pin="1"/><net_sink comp="759" pin=0"/></net>

<net id="1081"><net_src comp="202" pin="1"/><net_sink comp="1078" pin=0"/></net>

<net id="1082"><net_src comp="1078" pin="1"/><net_sink comp="413" pin=36"/></net>

<net id="1083"><net_src comp="1078" pin="1"/><net_sink comp="763" pin=0"/></net>

<net id="1087"><net_src comp="206" pin="1"/><net_sink comp="1084" pin=0"/></net>

<net id="1088"><net_src comp="1084" pin="1"/><net_sink comp="413" pin=37"/></net>

<net id="1089"><net_src comp="1084" pin="1"/><net_sink comp="767" pin=0"/></net>

<net id="1093"><net_src comp="210" pin="1"/><net_sink comp="1090" pin=0"/></net>

<net id="1094"><net_src comp="1090" pin="1"/><net_sink comp="413" pin=38"/></net>

<net id="1095"><net_src comp="1090" pin="1"/><net_sink comp="771" pin=0"/></net>

<net id="1099"><net_src comp="214" pin="1"/><net_sink comp="1096" pin=0"/></net>

<net id="1100"><net_src comp="1096" pin="1"/><net_sink comp="413" pin=39"/></net>

<net id="1101"><net_src comp="1096" pin="1"/><net_sink comp="775" pin=0"/></net>

<net id="1105"><net_src comp="218" pin="1"/><net_sink comp="1102" pin=0"/></net>

<net id="1106"><net_src comp="1102" pin="1"/><net_sink comp="413" pin=40"/></net>

<net id="1107"><net_src comp="1102" pin="1"/><net_sink comp="779" pin=0"/></net>

<net id="1111"><net_src comp="222" pin="1"/><net_sink comp="1108" pin=0"/></net>

<net id="1112"><net_src comp="1108" pin="1"/><net_sink comp="413" pin=41"/></net>

<net id="1113"><net_src comp="1108" pin="1"/><net_sink comp="783" pin=0"/></net>

<net id="1117"><net_src comp="226" pin="1"/><net_sink comp="1114" pin=0"/></net>

<net id="1118"><net_src comp="1114" pin="1"/><net_sink comp="413" pin=42"/></net>

<net id="1119"><net_src comp="1114" pin="1"/><net_sink comp="787" pin=0"/></net>

<net id="1123"><net_src comp="230" pin="1"/><net_sink comp="1120" pin=0"/></net>

<net id="1124"><net_src comp="1120" pin="1"/><net_sink comp="413" pin=43"/></net>

<net id="1125"><net_src comp="1120" pin="1"/><net_sink comp="791" pin=0"/></net>

<net id="1129"><net_src comp="234" pin="1"/><net_sink comp="1126" pin=0"/></net>

<net id="1130"><net_src comp="1126" pin="1"/><net_sink comp="413" pin=44"/></net>

<net id="1131"><net_src comp="1126" pin="1"/><net_sink comp="795" pin=0"/></net>

<net id="1135"><net_src comp="238" pin="1"/><net_sink comp="1132" pin=0"/></net>

<net id="1136"><net_src comp="1132" pin="1"/><net_sink comp="413" pin=45"/></net>

<net id="1137"><net_src comp="1132" pin="1"/><net_sink comp="799" pin=0"/></net>

<net id="1141"><net_src comp="242" pin="1"/><net_sink comp="1138" pin=0"/></net>

<net id="1142"><net_src comp="1138" pin="1"/><net_sink comp="413" pin=46"/></net>

<net id="1143"><net_src comp="1138" pin="1"/><net_sink comp="803" pin=0"/></net>

<net id="1147"><net_src comp="246" pin="1"/><net_sink comp="1144" pin=0"/></net>

<net id="1148"><net_src comp="1144" pin="1"/><net_sink comp="413" pin=47"/></net>

<net id="1149"><net_src comp="1144" pin="1"/><net_sink comp="807" pin=0"/></net>

<net id="1153"><net_src comp="250" pin="1"/><net_sink comp="1150" pin=0"/></net>

<net id="1154"><net_src comp="1150" pin="1"/><net_sink comp="413" pin=48"/></net>

<net id="1155"><net_src comp="1150" pin="1"/><net_sink comp="811" pin=0"/></net>

<net id="1159"><net_src comp="254" pin="1"/><net_sink comp="1156" pin=0"/></net>

<net id="1160"><net_src comp="1156" pin="1"/><net_sink comp="413" pin=49"/></net>

<net id="1161"><net_src comp="1156" pin="1"/><net_sink comp="815" pin=0"/></net>

<net id="1165"><net_src comp="258" pin="1"/><net_sink comp="1162" pin=0"/></net>

<net id="1166"><net_src comp="1162" pin="1"/><net_sink comp="413" pin=50"/></net>

<net id="1167"><net_src comp="1162" pin="1"/><net_sink comp="819" pin=0"/></net>

<net id="1171"><net_src comp="262" pin="1"/><net_sink comp="1168" pin=0"/></net>

<net id="1172"><net_src comp="1168" pin="1"/><net_sink comp="413" pin=51"/></net>

<net id="1173"><net_src comp="1168" pin="1"/><net_sink comp="823" pin=0"/></net>

<net id="1177"><net_src comp="266" pin="1"/><net_sink comp="1174" pin=0"/></net>

<net id="1178"><net_src comp="1174" pin="1"/><net_sink comp="413" pin=52"/></net>

<net id="1179"><net_src comp="1174" pin="1"/><net_sink comp="827" pin=0"/></net>

<net id="1183"><net_src comp="270" pin="1"/><net_sink comp="1180" pin=0"/></net>

<net id="1184"><net_src comp="1180" pin="1"/><net_sink comp="413" pin=53"/></net>

<net id="1185"><net_src comp="1180" pin="1"/><net_sink comp="831" pin=0"/></net>

<net id="1189"><net_src comp="274" pin="1"/><net_sink comp="1186" pin=0"/></net>

<net id="1190"><net_src comp="1186" pin="1"/><net_sink comp="413" pin=54"/></net>

<net id="1191"><net_src comp="1186" pin="1"/><net_sink comp="835" pin=0"/></net>

<net id="1195"><net_src comp="278" pin="1"/><net_sink comp="1192" pin=0"/></net>

<net id="1196"><net_src comp="1192" pin="1"/><net_sink comp="413" pin=55"/></net>

<net id="1197"><net_src comp="1192" pin="1"/><net_sink comp="839" pin=0"/></net>

<net id="1201"><net_src comp="282" pin="1"/><net_sink comp="1198" pin=0"/></net>

<net id="1202"><net_src comp="1198" pin="1"/><net_sink comp="413" pin=56"/></net>

<net id="1203"><net_src comp="1198" pin="1"/><net_sink comp="843" pin=0"/></net>

<net id="1207"><net_src comp="286" pin="1"/><net_sink comp="1204" pin=0"/></net>

<net id="1208"><net_src comp="1204" pin="1"/><net_sink comp="413" pin=57"/></net>

<net id="1209"><net_src comp="1204" pin="1"/><net_sink comp="847" pin=0"/></net>

<net id="1213"><net_src comp="290" pin="1"/><net_sink comp="1210" pin=0"/></net>

<net id="1214"><net_src comp="1210" pin="1"/><net_sink comp="413" pin=58"/></net>

<net id="1215"><net_src comp="1210" pin="1"/><net_sink comp="851" pin=0"/></net>

<net id="1219"><net_src comp="294" pin="1"/><net_sink comp="1216" pin=0"/></net>

<net id="1220"><net_src comp="1216" pin="1"/><net_sink comp="413" pin=59"/></net>

<net id="1221"><net_src comp="1216" pin="1"/><net_sink comp="855" pin=0"/></net>

<net id="1225"><net_src comp="298" pin="1"/><net_sink comp="1222" pin=0"/></net>

<net id="1226"><net_src comp="1222" pin="1"/><net_sink comp="413" pin=60"/></net>

<net id="1227"><net_src comp="1222" pin="1"/><net_sink comp="859" pin=0"/></net>

<net id="1231"><net_src comp="302" pin="1"/><net_sink comp="1228" pin=0"/></net>

<net id="1232"><net_src comp="1228" pin="1"/><net_sink comp="413" pin=61"/></net>

<net id="1233"><net_src comp="1228" pin="1"/><net_sink comp="863" pin=0"/></net>

<net id="1237"><net_src comp="306" pin="1"/><net_sink comp="1234" pin=0"/></net>

<net id="1238"><net_src comp="1234" pin="1"/><net_sink comp="413" pin=62"/></net>

<net id="1239"><net_src comp="1234" pin="1"/><net_sink comp="867" pin=0"/></net>

<net id="1243"><net_src comp="310" pin="1"/><net_sink comp="1240" pin=0"/></net>

<net id="1244"><net_src comp="1240" pin="1"/><net_sink comp="413" pin=63"/></net>

<net id="1245"><net_src comp="1240" pin="1"/><net_sink comp="871" pin=0"/></net>

<net id="1249"><net_src comp="314" pin="1"/><net_sink comp="1246" pin=0"/></net>

<net id="1250"><net_src comp="1246" pin="1"/><net_sink comp="413" pin=64"/></net>

<net id="1251"><net_src comp="1246" pin="1"/><net_sink comp="875" pin=0"/></net>

<net id="1255"><net_src comp="318" pin="1"/><net_sink comp="1252" pin=0"/></net>

<net id="1256"><net_src comp="1252" pin="1"/><net_sink comp="413" pin=65"/></net>

<net id="1257"><net_src comp="1252" pin="1"/><net_sink comp="879" pin=0"/></net>

<net id="1261"><net_src comp="322" pin="1"/><net_sink comp="1258" pin=0"/></net>

<net id="1262"><net_src comp="1258" pin="1"/><net_sink comp="413" pin=66"/></net>

<net id="1263"><net_src comp="1258" pin="1"/><net_sink comp="883" pin=0"/></net>

<net id="1267"><net_src comp="326" pin="1"/><net_sink comp="1264" pin=0"/></net>

<net id="1268"><net_src comp="1264" pin="1"/><net_sink comp="413" pin=67"/></net>

<net id="1269"><net_src comp="1264" pin="1"/><net_sink comp="887" pin=0"/></net>

<net id="1273"><net_src comp="330" pin="1"/><net_sink comp="1270" pin=0"/></net>

<net id="1274"><net_src comp="1270" pin="1"/><net_sink comp="413" pin=68"/></net>

<net id="1275"><net_src comp="1270" pin="1"/><net_sink comp="891" pin=0"/></net>

<net id="1279"><net_src comp="334" pin="1"/><net_sink comp="1276" pin=0"/></net>

<net id="1280"><net_src comp="1276" pin="1"/><net_sink comp="413" pin=69"/></net>

<net id="1281"><net_src comp="1276" pin="1"/><net_sink comp="895" pin=0"/></net>

<net id="1285"><net_src comp="338" pin="1"/><net_sink comp="1282" pin=0"/></net>

<net id="1286"><net_src comp="1282" pin="1"/><net_sink comp="413" pin=70"/></net>

<net id="1287"><net_src comp="1282" pin="1"/><net_sink comp="899" pin=0"/></net>

<net id="1291"><net_src comp="342" pin="1"/><net_sink comp="1288" pin=0"/></net>

<net id="1292"><net_src comp="1288" pin="1"/><net_sink comp="413" pin=71"/></net>

<net id="1293"><net_src comp="1288" pin="1"/><net_sink comp="903" pin=0"/></net>

<net id="1297"><net_src comp="346" pin="1"/><net_sink comp="1294" pin=0"/></net>

<net id="1298"><net_src comp="1294" pin="1"/><net_sink comp="413" pin=72"/></net>

<net id="1299"><net_src comp="1294" pin="1"/><net_sink comp="907" pin=0"/></net>

<net id="1303"><net_src comp="350" pin="1"/><net_sink comp="1300" pin=0"/></net>

<net id="1304"><net_src comp="1300" pin="1"/><net_sink comp="413" pin=73"/></net>

<net id="1305"><net_src comp="1300" pin="1"/><net_sink comp="911" pin=0"/></net>

<net id="1309"><net_src comp="354" pin="1"/><net_sink comp="1306" pin=0"/></net>

<net id="1310"><net_src comp="1306" pin="1"/><net_sink comp="413" pin=74"/></net>

<net id="1311"><net_src comp="1306" pin="1"/><net_sink comp="915" pin=0"/></net>

<net id="1315"><net_src comp="358" pin="1"/><net_sink comp="1312" pin=0"/></net>

<net id="1316"><net_src comp="1312" pin="1"/><net_sink comp="413" pin=75"/></net>

<net id="1317"><net_src comp="1312" pin="1"/><net_sink comp="919" pin=0"/></net>

<net id="1321"><net_src comp="362" pin="1"/><net_sink comp="1318" pin=0"/></net>

<net id="1322"><net_src comp="1318" pin="1"/><net_sink comp="413" pin=76"/></net>

<net id="1323"><net_src comp="1318" pin="1"/><net_sink comp="923" pin=0"/></net>

<net id="1327"><net_src comp="366" pin="1"/><net_sink comp="1324" pin=0"/></net>

<net id="1328"><net_src comp="1324" pin="1"/><net_sink comp="413" pin=77"/></net>

<net id="1329"><net_src comp="1324" pin="1"/><net_sink comp="927" pin=0"/></net>

<net id="1333"><net_src comp="370" pin="1"/><net_sink comp="1330" pin=0"/></net>

<net id="1334"><net_src comp="1330" pin="1"/><net_sink comp="413" pin=78"/></net>

<net id="1335"><net_src comp="1330" pin="1"/><net_sink comp="931" pin=0"/></net>

<net id="1339"><net_src comp="374" pin="1"/><net_sink comp="1336" pin=0"/></net>

<net id="1340"><net_src comp="1336" pin="1"/><net_sink comp="413" pin=79"/></net>

<net id="1341"><net_src comp="1336" pin="1"/><net_sink comp="935" pin=0"/></net>

<net id="1345"><net_src comp="378" pin="1"/><net_sink comp="1342" pin=0"/></net>

<net id="1346"><net_src comp="1342" pin="1"/><net_sink comp="413" pin=80"/></net>

<net id="1347"><net_src comp="1342" pin="1"/><net_sink comp="939" pin=0"/></net>

<net id="1354"><net_src comp="637" pin="3"/><net_sink comp="1351" pin=0"/></net>

<net id="1355"><net_src comp="1351" pin="1"/><net_sink comp="382" pin=10"/></net>

<net id="1356"><net_src comp="1351" pin="1"/><net_sink comp="497" pin=66"/></net>

<net id="1360"><net_src comp="646" pin="2"/><net_sink comp="1357" pin=0"/></net>

<net id="1361"><net_src comp="1357" pin="1"/><net_sink comp="382" pin=9"/></net>

<net id="1365"><net_src comp="657" pin="3"/><net_sink comp="1362" pin=0"/></net>

<net id="1366"><net_src comp="1362" pin="1"/><net_sink comp="398" pin=9"/></net>

<net id="1367"><net_src comp="1362" pin="1"/><net_sink comp="497" pin=1"/></net>

</net_list>

</model> 
---------------- Datapath Model END ------------------

* FSMD analyzer results:
  - Output states:
	Port: v6884 | {6 7 }
 - Input state : 
	Port: systolic_QKT : v6882 | {2 3 }
	Port: systolic_QKT : v6883 | {2 3 }
  - Chain level:
	State 1
		store_ln0 : 1
		store_ln12604 : 1
		store_ln12605 : 1
	State 2
		icmp_ln12604 : 1
		add_ln12604_1 : 1
		br_ln12604 : 2
		add_ln12604 : 1
		icmp_ln12605 : 1
		select_ln12604 : 2
		select_ln12604_1 : 2
		trunc_ln12604 : 3
		p_mid2 : 4
		v6893 : 3
		call_ln12604 : 5
		empty : 3
		tmp_s : 4
		call_ln12604 : 5
		add_ln12605 : 3
		store_ln12604 : 2
		store_ln12604 : 3
		store_ln12605 : 4
	State 3
	State 4
	State 5
	State 6
		call_ln12604 : 1
	State 7


============================================================
+ Verbose Summary: Datapath Resource usage 
============================================================

* Functional unit list:
|----------|-----------------------------------------------------------|---------|---------|---------|---------|
| Operation|                      Functional Unit                      |   DSP   |  Delay  |    FF   |   LUT   |
|----------|-----------------------------------------------------------|---------|---------|---------|---------|
|          |  grp_systolic_QKT_Pipeline_l_load_A_tile_ak4_l_ai4_fu_382 |    0    |  0.387  |    48   |   132   |
|   call   |  grp_systolic_QKT_Pipeline_l_load_B_tile_bk4_l_bj4_fu_398 |    0    |  0.387  |    47   |   109   |
|          |                grp_systolic_tile_QKT_fu_413               |   320   |  80.496 |  35438  |  23112  |
|          | grp_systolic_QKT_Pipeline_l_store_C_tile_sj4_l_si4_fu_497 |    0    |    0    |    15   |   493   |
|----------|-----------------------------------------------------------|---------|---------|---------|---------|
|          |                    icmp_ln12604_fu_587                    |    0    |    0    |    0    |    22   |
|   icmp   |                    icmp_ln12605_fu_611                    |    0    |    0    |    0    |    15   |
|          |                        v6893_fu_646                       |    0    |    0    |    0    |    15   |
|----------|-----------------------------------------------------------|---------|---------|---------|---------|
|          |                    add_ln12604_1_fu_593                   |    0    |    0    |    0    |    22   |
|    add   |                     add_ln12604_fu_605                    |    0    |    0    |    0    |    15   |
|          |                     add_ln12605_fu_666                    |    0    |    0    |    0    |    15   |
|----------|-----------------------------------------------------------|---------|---------|---------|---------|
|  select  |                   select_ln12604_fu_617                   |    0    |    0    |    0    |    8    |
|          |                  select_ln12604_1_fu_625                  |    0    |    0    |    0    |    8    |
|----------|-----------------------------------------------------------|---------|---------|---------|---------|
|   trunc  |                    trunc_ln12604_fu_633                   |    0    |    0    |    0    |    0    |
|          |                        empty_fu_653                       |    0    |    0    |    0    |    0    |
|----------|-----------------------------------------------------------|---------|---------|---------|---------|
|bitconcatenate|                       p_mid2_fu_637                       |    0    |    0    |    0    |    0    |
|          |                        tmp_s_fu_657                       |    0    |    0    |    0    |    0    |
|----------|-----------------------------------------------------------|---------|---------|---------|---------|
|   Total  |                                                           |   320   |  81.27  |  35548  |  23966  |
|----------|-----------------------------------------------------------|---------|---------|---------|---------|

Memories:
+----------+--------+--------+--------+--------+
|          |  BRAM  |   FF   |   LUT  |  URAM  |
+----------+--------+--------+--------+--------+
| local_A4 |    0   |   32   |   33   |    0   |
|local_A4_1|    0   |   32   |   33   |    0   |
|local_A4_2|    0   |   32   |   33   |    0   |
|local_A4_3|    0   |   32   |   33   |    0   |
|local_A4_4|    0   |   32   |   33   |    0   |
|local_A4_5|    0   |   32   |   33   |    0   |
|local_A4_6|    0   |   32   |   33   |    0   |
|local_A4_7|    0   |   32   |   33   |    0   |
| local_B4 |    0   |   32   |   33   |    0   |
|local_B4_1|    0   |   32   |   33   |    0   |
|local_B4_2|    0   |   32   |   33   |    0   |
|local_B4_3|    0   |   32   |   33   |    0   |
|local_B4_4|    0   |   32   |   33   |    0   |
|local_B4_5|    0   |   32   |   33   |    0   |
|local_B4_6|    0   |   32   |   33   |    0   |
|local_B4_7|    0   |   32   |   33   |    0   |
+----------+--------+--------+--------+--------+
|   Total  |    0   |   512  |   528  |    0   |
+----------+--------+--------+--------+--------+

* Register list:
+------------------------+--------+
|                        |   FF   |
+------------------------+--------+
|indvar_flatten20_reg_957|   15   |
|  local_C4_10_reg_1024  |   32   |
|  local_C4_11_reg_1030  |   32   |
|  local_C4_12_reg_1036  |   32   |
|  local_C4_13_reg_1042  |   32   |
|  local_C4_14_reg_1048  |   32   |
|  local_C4_15_reg_1054  |   32   |
|  local_C4_16_reg_1060  |   32   |
|  local_C4_17_reg_1066  |   32   |
|  local_C4_18_reg_1072  |   32   |
|  local_C4_19_reg_1078  |   32   |
|   local_C4_1_reg_970   |   32   |
|  local_C4_20_reg_1084  |   32   |
|  local_C4_21_reg_1090  |   32   |
|  local_C4_22_reg_1096  |   32   |
|  local_C4_23_reg_1102  |   32   |
|  local_C4_24_reg_1108  |   32   |
|  local_C4_25_reg_1114  |   32   |
|  local_C4_26_reg_1120  |   32   |
|  local_C4_27_reg_1126  |   32   |
|  local_C4_28_reg_1132  |   32   |
|  local_C4_29_reg_1138  |   32   |
|   local_C4_2_reg_976   |   32   |
|  local_C4_30_reg_1144  |   32   |
|  local_C4_31_reg_1150  |   32   |
|  local_C4_32_reg_1156  |   32   |
|  local_C4_33_reg_1162  |   32   |
|  local_C4_34_reg_1168  |   32   |
|  local_C4_35_reg_1174  |   32   |
|  local_C4_36_reg_1180  |   32   |
|  local_C4_37_reg_1186  |   32   |
|  local_C4_38_reg_1192  |   32   |
|  local_C4_39_reg_1198  |   32   |
|   local_C4_3_reg_982   |   32   |
|  local_C4_40_reg_1204  |   32   |
|  local_C4_41_reg_1210  |   32   |
|  local_C4_42_reg_1216  |   32   |
|  local_C4_43_reg_1222  |   32   |
|  local_C4_44_reg_1228  |   32   |
|  local_C4_45_reg_1234  |   32   |
|  local_C4_46_reg_1240  |   32   |
|  local_C4_47_reg_1246  |   32   |
|  local_C4_48_reg_1252  |   32   |
|  local_C4_49_reg_1258  |   32   |
|   local_C4_4_reg_988   |   32   |
|  local_C4_50_reg_1264  |   32   |
|  local_C4_51_reg_1270  |   32   |
|  local_C4_52_reg_1276  |   32   |
|  local_C4_53_reg_1282  |   32   |
|  local_C4_54_reg_1288  |   32   |
|  local_C4_55_reg_1294  |   32   |
|  local_C4_56_reg_1300  |   32   |
|  local_C4_57_reg_1306  |   32   |
|  local_C4_58_reg_1312  |   32   |
|  local_C4_59_reg_1318  |   32   |
|   local_C4_5_reg_994   |   32   |
|  local_C4_60_reg_1324  |   32   |
|  local_C4_61_reg_1330  |   32   |
|  local_C4_62_reg_1336  |   32   |
|  local_C4_63_reg_1342  |   32   |
|   local_C4_6_reg_1000  |   32   |
|   local_C4_7_reg_1006  |   32   |
|   local_C4_8_reg_1012  |   32   |
|   local_C4_9_reg_1018  |   32   |
|    local_C4_reg_964    |   32   |
|       mi4_reg_950      |    8   |
|       ni4_reg_943      |    8   |
|     p_mid2_reg_1351    |   10   |
|     tmp_s_reg_1362     |   10   |
|     v6893_reg_1357     |    1   |
+------------------------+--------+
|          Total         |  2100  |
+------------------------+--------+

* Multiplexer (MUX) list: 
|----------------------------------------------------------|------|------|------|--------||---------||---------|
|                           Comp                           |  Pin | Size |  BW  | S x BW ||  Delay  ||   LUT   |
|----------------------------------------------------------|------|------|------|--------||---------||---------|
| grp_systolic_QKT_Pipeline_l_load_A_tile_ak4_l_ai4_fu_382 |  p9  |   2  |   1  |    2   ||    9    |
| grp_systolic_QKT_Pipeline_l_load_A_tile_ak4_l_ai4_fu_382 |  p10 |   2  |  10  |   20   ||    9    |
| grp_systolic_QKT_Pipeline_l_load_B_tile_bk4_l_bj4_fu_398 |  p9  |   2  |  10  |   20   ||    9    |
|----------------------------------------------------------|------|------|------|--------||---------||---------|
|                           Total                          |      |      |      |   42   ||  1.161  ||    27   |
|----------------------------------------------------------|------|------|------|--------||---------||---------|



* Summary:
+-----------+--------+--------+--------+--------+--------+--------+
|           |  BRAM  |   DSP  |  Delay |   FF   |   LUT  |  URAM  |
+-----------+--------+--------+--------+--------+--------+--------+
|  Function |    -   |   320  |   81   |  35548 |  23966 |    -   |
|   Memory  |    0   |    -   |    -   |   512  |   528  |    0   |
|Multiplexer|    -   |    -   |    1   |    -   |   27   |    -   |
|  Register |    -   |    -   |    -   |  2100  |    -   |    -   |
+-----------+--------+--------+--------+--------+--------+--------+
|   Total   |    0   |   320  |   82   |  38160 |  24521 |    0   |
+-----------+--------+--------+--------+--------+--------+--------+
