

================================================================
== Vitis HLS Report for 'systolic_YV_Pipeline_l_store_C_tile_sj5_l_si5'
================================================================
* Date:           Wed Feb  5 22:35:09 2025

* Version:        2023.2 (Build 4023990 on Oct 11 2023)
* Project:        DitBlock
* Solution:       hls (Vivado IP Flow Target)
* Product family: virtexuplusHBM
* Target device:  xcu280-fsvh2892-2L-e


================================================================
== Performance Estimates
================================================================
+ Timing: 
    * Summary: 
    +--------+----------+----------+------------+
    |  Clock |  Target  | Estimated| Uncertainty|
    +--------+----------+----------+------------+
    |ap_clk  |  10.00 ns|  3.862 ns|     2.70 ns|
    +--------+----------+----------+------------+

+ Latency: 
    * Summary: 
    +---------+---------+----------+----------+-----+-----+---------+
    |  Latency (cycles) |  Latency (absolute) |  Interval | Pipeline|
    |   min   |   max   |    min   |    max   | min | max |   Type  |
    +---------+---------+----------+----------+-----+-----+---------+
    |       66|       66|  0.660 us|  0.660 us|   66|   66|       no|
    +---------+---------+----------+----------+-----+-----+---------+

    + Detail: 
        * Instance: 
        N/A

        * Loop: 
        +----------------------------+---------+---------+----------+-----------+-----------+------+----------+
        |                            |  Latency (cycles) | Iteration|  Initiation Interval  | Trip |          |
        |          Loop Name         |   min   |   max   |  Latency |  achieved |   target  | Count| Pipelined|
        +----------------------------+---------+---------+----------+-----------+-----------+------+----------+
        |- l_store_C_tile_sj5_l_si5  |       64|       64|         1|          1|          1|    64|       yes|
        +----------------------------+---------+---------+----------+-----------+-----------+------+----------+

============================================================
+ Verbose Summary: Synthesis Manager
============================================================
InlineROM: 1
ExposeGlobal: 0
============================================================
+ Verbose Summary: CDFG Model
============================================================
IsTopModel: 0
ResetActiveHigh: 1
IsCombinational: 0
IsDatapathOnly: 0
HasWiredReturn: 1
HasMFsm: 2
HasVarLatency: 1
IsPipeline: 0
IsRtlPipelined: 0
IsInstanceOverlapped: 0
IsDontTouch: 0
HasImplIP: 0
IsGatedGlobalClock: 0

+ Individual pipeline summary: 
  * Pipeline-0: initiation interval (II) = 1, depth = 1


============================================================
+ Verbose Summary: Schedule
============================================================
* Number of FSM states : 1
* Pipeline : 1
  Pipeline-0 : II = 1, D = 1, States = { 1 }
* Dataflow Pipeline: 0

* FSM state transitions: 
1 --> 

* FSM state operations: 

State 1 <SV = 0> <Delay = 3.86>
ST_1 : Operation 4 [1/1] (0.00ns)   --->   "%si5 = alloca i32 1" [/home/silvenchen/Desktop/DitBlock/WorkDCT/DitBlock/kernel.cpp:15677]   --->   Operation 4 'alloca' 'si5' <Predicate = true> <Delay = 0.00>
ST_1 : Operation 5 [1/1] (0.00ns)   --->   "%sj5 = alloca i32 1" [/home/silvenchen/Desktop/DitBlock/WorkDCT/DitBlock/kernel.cpp:15676]   --->   Operation 5 'alloca' 'sj5' <Predicate = true> <Delay = 0.00>
ST_1 : Operation 6 [1/1] (0.00ns)   --->   "%indvar_flatten13 = alloca i32 1"   --->   Operation 6 'alloca' 'indvar_flatten13' <Predicate = true> <Delay = 0.00>
ST_1 : Operation 7 [1/1] (0.00ns)   --->   "%p_mid2_read = read i10 @_ssdm_op_Read.ap_auto.i10, i10 %p_mid2"   --->   Operation 7 'read' 'p_mid2_read' <Predicate = true> <Delay = 0.00>
ST_1 : Operation 8 [1/1] (0.00ns)   --->   "%local_C5_63_load_read = read i32 @_ssdm_op_Read.ap_auto.float, i32 %local_C5_63_load"   --->   Operation 8 'read' 'local_C5_63_load_read' <Predicate = true> <Delay = 0.00>
ST_1 : Operation 9 [1/1] (0.00ns)   --->   "%local_C5_62_load_read = read i32 @_ssdm_op_Read.ap_auto.float, i32 %local_C5_62_load"   --->   Operation 9 'read' 'local_C5_62_load_read' <Predicate = true> <Delay = 0.00>
ST_1 : Operation 10 [1/1] (0.00ns)   --->   "%local_C5_61_load_read = read i32 @_ssdm_op_Read.ap_auto.float, i32 %local_C5_61_load"   --->   Operation 10 'read' 'local_C5_61_load_read' <Predicate = true> <Delay = 0.00>
ST_1 : Operation 11 [1/1] (0.00ns)   --->   "%local_C5_60_load_read = read i32 @_ssdm_op_Read.ap_auto.float, i32 %local_C5_60_load"   --->   Operation 11 'read' 'local_C5_60_load_read' <Predicate = true> <Delay = 0.00>
ST_1 : Operation 12 [1/1] (0.00ns)   --->   "%local_C5_59_load_read = read i32 @_ssdm_op_Read.ap_auto.float, i32 %local_C5_59_load"   --->   Operation 12 'read' 'local_C5_59_load_read' <Predicate = true> <Delay = 0.00>
ST_1 : Operation 13 [1/1] (0.00ns)   --->   "%local_C5_58_load_read = read i32 @_ssdm_op_Read.ap_auto.float, i32 %local_C5_58_load"   --->   Operation 13 'read' 'local_C5_58_load_read' <Predicate = true> <Delay = 0.00>
ST_1 : Operation 14 [1/1] (0.00ns)   --->   "%local_C5_57_load_read = read i32 @_ssdm_op_Read.ap_auto.float, i32 %local_C5_57_load"   --->   Operation 14 'read' 'local_C5_57_load_read' <Predicate = true> <Delay = 0.00>
ST_1 : Operation 15 [1/1] (0.00ns)   --->   "%local_C5_56_load_read = read i32 @_ssdm_op_Read.ap_auto.float, i32 %local_C5_56_load"   --->   Operation 15 'read' 'local_C5_56_load_read' <Predicate = true> <Delay = 0.00>
ST_1 : Operation 16 [1/1] (0.00ns)   --->   "%local_C5_55_load_read = read i32 @_ssdm_op_Read.ap_auto.float, i32 %local_C5_55_load"   --->   Operation 16 'read' 'local_C5_55_load_read' <Predicate = true> <Delay = 0.00>
ST_1 : Operation 17 [1/1] (0.00ns)   --->   "%local_C5_54_load_read = read i32 @_ssdm_op_Read.ap_auto.float, i32 %local_C5_54_load"   --->   Operation 17 'read' 'local_C5_54_load_read' <Predicate = true> <Delay = 0.00>
ST_1 : Operation 18 [1/1] (0.00ns)   --->   "%local_C5_53_load_read = read i32 @_ssdm_op_Read.ap_auto.float, i32 %local_C5_53_load"   --->   Operation 18 'read' 'local_C5_53_load_read' <Predicate = true> <Delay = 0.00>
ST_1 : Operation 19 [1/1] (0.00ns)   --->   "%local_C5_52_load_read = read i32 @_ssdm_op_Read.ap_auto.float, i32 %local_C5_52_load"   --->   Operation 19 'read' 'local_C5_52_load_read' <Predicate = true> <Delay = 0.00>
ST_1 : Operation 20 [1/1] (0.00ns)   --->   "%local_C5_51_load_read = read i32 @_ssdm_op_Read.ap_auto.float, i32 %local_C5_51_load"   --->   Operation 20 'read' 'local_C5_51_load_read' <Predicate = true> <Delay = 0.00>
ST_1 : Operation 21 [1/1] (0.00ns)   --->   "%local_C5_50_load_read = read i32 @_ssdm_op_Read.ap_auto.float, i32 %local_C5_50_load"   --->   Operation 21 'read' 'local_C5_50_load_read' <Predicate = true> <Delay = 0.00>
ST_1 : Operation 22 [1/1] (0.00ns)   --->   "%local_C5_49_load_read = read i32 @_ssdm_op_Read.ap_auto.float, i32 %local_C5_49_load"   --->   Operation 22 'read' 'local_C5_49_load_read' <Predicate = true> <Delay = 0.00>
ST_1 : Operation 23 [1/1] (0.00ns)   --->   "%local_C5_48_load_read = read i32 @_ssdm_op_Read.ap_auto.float, i32 %local_C5_48_load"   --->   Operation 23 'read' 'local_C5_48_load_read' <Predicate = true> <Delay = 0.00>
ST_1 : Operation 24 [1/1] (0.00ns)   --->   "%local_C5_47_load_read = read i32 @_ssdm_op_Read.ap_auto.float, i32 %local_C5_47_load"   --->   Operation 24 'read' 'local_C5_47_load_read' <Predicate = true> <Delay = 0.00>
ST_1 : Operation 25 [1/1] (0.00ns)   --->   "%local_C5_46_load_read = read i32 @_ssdm_op_Read.ap_auto.float, i32 %local_C5_46_load"   --->   Operation 25 'read' 'local_C5_46_load_read' <Predicate = true> <Delay = 0.00>
ST_1 : Operation 26 [1/1] (0.00ns)   --->   "%local_C5_45_load_read = read i32 @_ssdm_op_Read.ap_auto.float, i32 %local_C5_45_load"   --->   Operation 26 'read' 'local_C5_45_load_read' <Predicate = true> <Delay = 0.00>
ST_1 : Operation 27 [1/1] (0.00ns)   --->   "%local_C5_44_load_read = read i32 @_ssdm_op_Read.ap_auto.float, i32 %local_C5_44_load"   --->   Operation 27 'read' 'local_C5_44_load_read' <Predicate = true> <Delay = 0.00>
ST_1 : Operation 28 [1/1] (0.00ns)   --->   "%local_C5_43_load_read = read i32 @_ssdm_op_Read.ap_auto.float, i32 %local_C5_43_load"   --->   Operation 28 'read' 'local_C5_43_load_read' <Predicate = true> <Delay = 0.00>
ST_1 : Operation 29 [1/1] (0.00ns)   --->   "%local_C5_42_load_read = read i32 @_ssdm_op_Read.ap_auto.float, i32 %local_C5_42_load"   --->   Operation 29 'read' 'local_C5_42_load_read' <Predicate = true> <Delay = 0.00>
ST_1 : Operation 30 [1/1] (0.00ns)   --->   "%local_C5_41_load_read = read i32 @_ssdm_op_Read.ap_auto.float, i32 %local_C5_41_load"   --->   Operation 30 'read' 'local_C5_41_load_read' <Predicate = true> <Delay = 0.00>
ST_1 : Operation 31 [1/1] (0.00ns)   --->   "%local_C5_40_load_read = read i32 @_ssdm_op_Read.ap_auto.float, i32 %local_C5_40_load"   --->   Operation 31 'read' 'local_C5_40_load_read' <Predicate = true> <Delay = 0.00>
ST_1 : Operation 32 [1/1] (0.00ns)   --->   "%local_C5_39_load_read = read i32 @_ssdm_op_Read.ap_auto.float, i32 %local_C5_39_load"   --->   Operation 32 'read' 'local_C5_39_load_read' <Predicate = true> <Delay = 0.00>
ST_1 : Operation 33 [1/1] (0.00ns)   --->   "%local_C5_38_load_read = read i32 @_ssdm_op_Read.ap_auto.float, i32 %local_C5_38_load"   --->   Operation 33 'read' 'local_C5_38_load_read' <Predicate = true> <Delay = 0.00>
ST_1 : Operation 34 [1/1] (0.00ns)   --->   "%local_C5_37_load_read = read i32 @_ssdm_op_Read.ap_auto.float, i32 %local_C5_37_load"   --->   Operation 34 'read' 'local_C5_37_load_read' <Predicate = true> <Delay = 0.00>
ST_1 : Operation 35 [1/1] (0.00ns)   --->   "%local_C5_36_load_read = read i32 @_ssdm_op_Read.ap_auto.float, i32 %local_C5_36_load"   --->   Operation 35 'read' 'local_C5_36_load_read' <Predicate = true> <Delay = 0.00>
ST_1 : Operation 36 [1/1] (0.00ns)   --->   "%local_C5_35_load_read = read i32 @_ssdm_op_Read.ap_auto.float, i32 %local_C5_35_load"   --->   Operation 36 'read' 'local_C5_35_load_read' <Predicate = true> <Delay = 0.00>
ST_1 : Operation 37 [1/1] (0.00ns)   --->   "%local_C5_34_load_read = read i32 @_ssdm_op_Read.ap_auto.float, i32 %local_C5_34_load"   --->   Operation 37 'read' 'local_C5_34_load_read' <Predicate = true> <Delay = 0.00>
ST_1 : Operation 38 [1/1] (0.00ns)   --->   "%local_C5_33_load_read = read i32 @_ssdm_op_Read.ap_auto.float, i32 %local_C5_33_load"   --->   Operation 38 'read' 'local_C5_33_load_read' <Predicate = true> <Delay = 0.00>
ST_1 : Operation 39 [1/1] (0.00ns)   --->   "%local_C5_32_load_read = read i32 @_ssdm_op_Read.ap_auto.float, i32 %local_C5_32_load"   --->   Operation 39 'read' 'local_C5_32_load_read' <Predicate = true> <Delay = 0.00>
ST_1 : Operation 40 [1/1] (0.00ns)   --->   "%local_C5_31_load_read = read i32 @_ssdm_op_Read.ap_auto.float, i32 %local_C5_31_load"   --->   Operation 40 'read' 'local_C5_31_load_read' <Predicate = true> <Delay = 0.00>
ST_1 : Operation 41 [1/1] (0.00ns)   --->   "%local_C5_30_load_read = read i32 @_ssdm_op_Read.ap_auto.float, i32 %local_C5_30_load"   --->   Operation 41 'read' 'local_C5_30_load_read' <Predicate = true> <Delay = 0.00>
ST_1 : Operation 42 [1/1] (0.00ns)   --->   "%local_C5_29_load_read = read i32 @_ssdm_op_Read.ap_auto.float, i32 %local_C5_29_load"   --->   Operation 42 'read' 'local_C5_29_load_read' <Predicate = true> <Delay = 0.00>
ST_1 : Operation 43 [1/1] (0.00ns)   --->   "%local_C5_28_load_read = read i32 @_ssdm_op_Read.ap_auto.float, i32 %local_C5_28_load"   --->   Operation 43 'read' 'local_C5_28_load_read' <Predicate = true> <Delay = 0.00>
ST_1 : Operation 44 [1/1] (0.00ns)   --->   "%local_C5_27_load_read = read i32 @_ssdm_op_Read.ap_auto.float, i32 %local_C5_27_load"   --->   Operation 44 'read' 'local_C5_27_load_read' <Predicate = true> <Delay = 0.00>
ST_1 : Operation 45 [1/1] (0.00ns)   --->   "%local_C5_26_load_read = read i32 @_ssdm_op_Read.ap_auto.float, i32 %local_C5_26_load"   --->   Operation 45 'read' 'local_C5_26_load_read' <Predicate = true> <Delay = 0.00>
ST_1 : Operation 46 [1/1] (0.00ns)   --->   "%local_C5_25_load_read = read i32 @_ssdm_op_Read.ap_auto.float, i32 %local_C5_25_load"   --->   Operation 46 'read' 'local_C5_25_load_read' <Predicate = true> <Delay = 0.00>
ST_1 : Operation 47 [1/1] (0.00ns)   --->   "%local_C5_24_load_read = read i32 @_ssdm_op_Read.ap_auto.float, i32 %local_C5_24_load"   --->   Operation 47 'read' 'local_C5_24_load_read' <Predicate = true> <Delay = 0.00>
ST_1 : Operation 48 [1/1] (0.00ns)   --->   "%local_C5_23_load_read = read i32 @_ssdm_op_Read.ap_auto.float, i32 %local_C5_23_load"   --->   Operation 48 'read' 'local_C5_23_load_read' <Predicate = true> <Delay = 0.00>
ST_1 : Operation 49 [1/1] (0.00ns)   --->   "%local_C5_22_load_read = read i32 @_ssdm_op_Read.ap_auto.float, i32 %local_C5_22_load"   --->   Operation 49 'read' 'local_C5_22_load_read' <Predicate = true> <Delay = 0.00>
ST_1 : Operation 50 [1/1] (0.00ns)   --->   "%local_C5_21_load_read = read i32 @_ssdm_op_Read.ap_auto.float, i32 %local_C5_21_load"   --->   Operation 50 'read' 'local_C5_21_load_read' <Predicate = true> <Delay = 0.00>
ST_1 : Operation 51 [1/1] (0.00ns)   --->   "%local_C5_20_load_read = read i32 @_ssdm_op_Read.ap_auto.float, i32 %local_C5_20_load"   --->   Operation 51 'read' 'local_C5_20_load_read' <Predicate = true> <Delay = 0.00>
ST_1 : Operation 52 [1/1] (0.00ns)   --->   "%local_C5_19_load_read = read i32 @_ssdm_op_Read.ap_auto.float, i32 %local_C5_19_load"   --->   Operation 52 'read' 'local_C5_19_load_read' <Predicate = true> <Delay = 0.00>
ST_1 : Operation 53 [1/1] (0.00ns)   --->   "%local_C5_18_load_read = read i32 @_ssdm_op_Read.ap_auto.float, i32 %local_C5_18_load"   --->   Operation 53 'read' 'local_C5_18_load_read' <Predicate = true> <Delay = 0.00>
ST_1 : Operation 54 [1/1] (0.00ns)   --->   "%local_C5_17_load_read = read i32 @_ssdm_op_Read.ap_auto.float, i32 %local_C5_17_load"   --->   Operation 54 'read' 'local_C5_17_load_read' <Predicate = true> <Delay = 0.00>
ST_1 : Operation 55 [1/1] (0.00ns)   --->   "%local_C5_16_load_read = read i32 @_ssdm_op_Read.ap_auto.float, i32 %local_C5_16_load"   --->   Operation 55 'read' 'local_C5_16_load_read' <Predicate = true> <Delay = 0.00>
ST_1 : Operation 56 [1/1] (0.00ns)   --->   "%local_C5_15_load_read = read i32 @_ssdm_op_Read.ap_auto.float, i32 %local_C5_15_load"   --->   Operation 56 'read' 'local_C5_15_load_read' <Predicate = true> <Delay = 0.00>
ST_1 : Operation 57 [1/1] (0.00ns)   --->   "%local_C5_14_load_read = read i32 @_ssdm_op_Read.ap_auto.float, i32 %local_C5_14_load"   --->   Operation 57 'read' 'local_C5_14_load_read' <Predicate = true> <Delay = 0.00>
ST_1 : Operation 58 [1/1] (0.00ns)   --->   "%local_C5_13_load_read = read i32 @_ssdm_op_Read.ap_auto.float, i32 %local_C5_13_load"   --->   Operation 58 'read' 'local_C5_13_load_read' <Predicate = true> <Delay = 0.00>
ST_1 : Operation 59 [1/1] (0.00ns)   --->   "%local_C5_12_load_read = read i32 @_ssdm_op_Read.ap_auto.float, i32 %local_C5_12_load"   --->   Operation 59 'read' 'local_C5_12_load_read' <Predicate = true> <Delay = 0.00>
ST_1 : Operation 60 [1/1] (0.00ns)   --->   "%local_C5_11_load_read = read i32 @_ssdm_op_Read.ap_auto.float, i32 %local_C5_11_load"   --->   Operation 60 'read' 'local_C5_11_load_read' <Predicate = true> <Delay = 0.00>
ST_1 : Operation 61 [1/1] (0.00ns)   --->   "%local_C5_10_load_read = read i32 @_ssdm_op_Read.ap_auto.float, i32 %local_C5_10_load"   --->   Operation 61 'read' 'local_C5_10_load_read' <Predicate = true> <Delay = 0.00>
ST_1 : Operation 62 [1/1] (0.00ns)   --->   "%local_C5_9_load_read = read i32 @_ssdm_op_Read.ap_auto.float, i32 %local_C5_9_load"   --->   Operation 62 'read' 'local_C5_9_load_read' <Predicate = true> <Delay = 0.00>
ST_1 : Operation 63 [1/1] (0.00ns)   --->   "%local_C5_8_load_read = read i32 @_ssdm_op_Read.ap_auto.float, i32 %local_C5_8_load"   --->   Operation 63 'read' 'local_C5_8_load_read' <Predicate = true> <Delay = 0.00>
ST_1 : Operation 64 [1/1] (0.00ns)   --->   "%local_C5_7_load_read = read i32 @_ssdm_op_Read.ap_auto.float, i32 %local_C5_7_load"   --->   Operation 64 'read' 'local_C5_7_load_read' <Predicate = true> <Delay = 0.00>
ST_1 : Operation 65 [1/1] (0.00ns)   --->   "%local_C5_6_load_read = read i32 @_ssdm_op_Read.ap_auto.float, i32 %local_C5_6_load"   --->   Operation 65 'read' 'local_C5_6_load_read' <Predicate = true> <Delay = 0.00>
ST_1 : Operation 66 [1/1] (0.00ns)   --->   "%local_C5_5_load_read = read i32 @_ssdm_op_Read.ap_auto.float, i32 %local_C5_5_load"   --->   Operation 66 'read' 'local_C5_5_load_read' <Predicate = true> <Delay = 0.00>
ST_1 : Operation 67 [1/1] (0.00ns)   --->   "%local_C5_4_load_read = read i32 @_ssdm_op_Read.ap_auto.float, i32 %local_C5_4_load"   --->   Operation 67 'read' 'local_C5_4_load_read' <Predicate = true> <Delay = 0.00>
ST_1 : Operation 68 [1/1] (0.00ns)   --->   "%local_C5_3_load_read = read i32 @_ssdm_op_Read.ap_auto.float, i32 %local_C5_3_load"   --->   Operation 68 'read' 'local_C5_3_load_read' <Predicate = true> <Delay = 0.00>
ST_1 : Operation 69 [1/1] (0.00ns)   --->   "%local_C5_2_load_read = read i32 @_ssdm_op_Read.ap_auto.float, i32 %local_C5_2_load"   --->   Operation 69 'read' 'local_C5_2_load_read' <Predicate = true> <Delay = 0.00>
ST_1 : Operation 70 [1/1] (0.00ns)   --->   "%local_C5_1_load_read = read i32 @_ssdm_op_Read.ap_auto.float, i32 %local_C5_1_load"   --->   Operation 70 'read' 'local_C5_1_load_read' <Predicate = true> <Delay = 0.00>
ST_1 : Operation 71 [1/1] (0.00ns)   --->   "%local_C5_load_read = read i32 @_ssdm_op_Read.ap_auto.float, i32 %local_C5_load"   --->   Operation 71 'read' 'local_C5_load_read' <Predicate = true> <Delay = 0.00>
ST_1 : Operation 72 [1/1] (0.00ns)   --->   "%tmp_10_read = read i6 @_ssdm_op_Read.ap_auto.i6, i6 %tmp_10"   --->   Operation 72 'read' 'tmp_10_read' <Predicate = true> <Delay = 0.00>
ST_1 : Operation 73 [1/1] (0.38ns)   --->   "%store_ln0 = store i7 0, i7 %indvar_flatten13"   --->   Operation 73 'store' 'store_ln0' <Predicate = true> <Delay = 0.38>
ST_1 : Operation 74 [1/1] (0.38ns)   --->   "%store_ln15676 = store i4 0, i4 %sj5" [/home/silvenchen/Desktop/DitBlock/WorkDCT/DitBlock/kernel.cpp:15676]   --->   Operation 74 'store' 'store_ln15676' <Predicate = true> <Delay = 0.38>
ST_1 : Operation 75 [1/1] (0.38ns)   --->   "%store_ln15677 = store i4 0, i4 %si5" [/home/silvenchen/Desktop/DitBlock/WorkDCT/DitBlock/kernel.cpp:15677]   --->   Operation 75 'store' 'store_ln15677' <Predicate = true> <Delay = 0.38>
ST_1 : Operation 76 [1/1] (0.00ns)   --->   "%br_ln0 = br void %for.inc68"   --->   Operation 76 'br' 'br_ln0' <Predicate = true> <Delay = 0.00>
ST_1 : Operation 77 [1/1] (0.00ns)   --->   "%indvar_flatten13_load = load i7 %indvar_flatten13" [/home/silvenchen/Desktop/DitBlock/WorkDCT/DitBlock/kernel.cpp:15676]   --->   Operation 77 'load' 'indvar_flatten13_load' <Predicate = true> <Delay = 0.00>
ST_1 : Operation 78 [1/1] (0.70ns)   --->   "%icmp_ln15676 = icmp_eq  i7 %indvar_flatten13_load, i7 64" [/home/silvenchen/Desktop/DitBlock/WorkDCT/DitBlock/kernel.cpp:15676]   --->   Operation 78 'icmp' 'icmp_ln15676' <Predicate = true> <Delay = 0.70> <CoreInst = "Cmp">   --->   Core 9 'Cmp' <Latency = 0> <II = 1> <Delay = 0.70> <FuncUnit> <Opcode : 'icmp'> <InPorts = 2> <OutPorts = 1>
ST_1 : Operation 79 [1/1] (0.70ns)   --->   "%add_ln15676_1 = add i7 %indvar_flatten13_load, i7 1" [/home/silvenchen/Desktop/DitBlock/WorkDCT/DitBlock/kernel.cpp:15676]   --->   Operation 79 'add' 'add_ln15676_1' <Predicate = true> <Delay = 0.70> <CoreInst = "Adder">   --->   Core 1 'Adder' <Latency = 0> <II = 1> <Delay = 0.70> <FuncUnit> <Opcode : 'add' 'sub'> <InPorts = 2> <OutPorts = 1>
ST_1 : Operation 80 [1/1] (0.00ns)   --->   "%br_ln15676 = br i1 %icmp_ln15676, void %for.inc71, void %for.inc74.exitStub" [/home/silvenchen/Desktop/DitBlock/WorkDCT/DitBlock/kernel.cpp:15676]   --->   Operation 80 'br' 'br_ln15676' <Predicate = true> <Delay = 0.00>
ST_1 : Operation 81 [1/1] (0.00ns)   --->   "%si5_load = load i4 %si5" [/home/silvenchen/Desktop/DitBlock/WorkDCT/DitBlock/kernel.cpp:15677]   --->   Operation 81 'load' 'si5_load' <Predicate = (!icmp_ln15676)> <Delay = 0.00>
ST_1 : Operation 82 [1/1] (0.00ns)   --->   "%sj5_load = load i4 %sj5" [/home/silvenchen/Desktop/DitBlock/WorkDCT/DitBlock/kernel.cpp:15676]   --->   Operation 82 'load' 'sj5_load' <Predicate = (!icmp_ln15676)> <Delay = 0.00>
ST_1 : Operation 83 [1/1] (0.70ns)   --->   "%add_ln15676 = add i4 %sj5_load, i4 1" [/home/silvenchen/Desktop/DitBlock/WorkDCT/DitBlock/kernel.cpp:15676]   --->   Operation 83 'add' 'add_ln15676' <Predicate = (!icmp_ln15676)> <Delay = 0.70> <CoreInst = "Adder">   --->   Core 1 'Adder' <Latency = 0> <II = 1> <Delay = 0.70> <FuncUnit> <Opcode : 'add' 'sub'> <InPorts = 2> <OutPorts = 1>
ST_1 : Operation 84 [1/1] (0.00ns)   --->   "%specloopname_ln0 = specloopname void @_ssdm_op_SpecLoopName, void @l_store_C_tile_sj5_l_si5_str"   --->   Operation 84 'specloopname' 'specloopname_ln0' <Predicate = (!icmp_ln15676)> <Delay = 0.00>
ST_1 : Operation 85 [1/1] (0.00ns)   --->   "%speclooptripcount_ln0 = speclooptripcount void @_ssdm_op_SpecLoopTripCount, i64 64, i64 64, i64 64"   --->   Operation 85 'speclooptripcount' 'speclooptripcount_ln0' <Predicate = (!icmp_ln15676)> <Delay = 0.00>
ST_1 : Operation 86 [1/1] (0.70ns)   --->   "%icmp_ln15677 = icmp_eq  i4 %si5_load, i4 8" [/home/silvenchen/Desktop/DitBlock/WorkDCT/DitBlock/kernel.cpp:15677]   --->   Operation 86 'icmp' 'icmp_ln15677' <Predicate = (!icmp_ln15676)> <Delay = 0.70> <CoreInst = "Cmp">   --->   Core 9 'Cmp' <Latency = 0> <II = 1> <Delay = 0.70> <FuncUnit> <Opcode : 'icmp'> <InPorts = 2> <OutPorts = 1>
ST_1 : Operation 87 [1/1] (0.35ns)   --->   "%select_ln15676 = select i1 %icmp_ln15677, i4 0, i4 %si5_load" [/home/silvenchen/Desktop/DitBlock/WorkDCT/DitBlock/kernel.cpp:15676]   --->   Operation 87 'select' 'select_ln15676' <Predicate = (!icmp_ln15676)> <Delay = 0.35> <CoreInst = "Sel">   --->   Core 73 'Sel' <Latency = 0> <II = 1> <Delay = 0.35> <FuncUnit> <Opcode : 'select'> <InPorts = 3> <OutPorts = 1>
ST_1 : Operation 88 [1/1] (0.35ns)   --->   "%select_ln15676_1 = select i1 %icmp_ln15677, i4 %add_ln15676, i4 %sj5_load" [/home/silvenchen/Desktop/DitBlock/WorkDCT/DitBlock/kernel.cpp:15676]   --->   Operation 88 'select' 'select_ln15676_1' <Predicate = (!icmp_ln15676)> <Delay = 0.35> <CoreInst = "Sel">   --->   Core 73 'Sel' <Latency = 0> <II = 1> <Delay = 0.35> <FuncUnit> <Opcode : 'select'> <InPorts = 3> <OutPorts = 1>
ST_1 : Operation 89 [1/1] (0.00ns)   --->   "%zext_ln15676 = zext i4 %select_ln15676_1" [/home/silvenchen/Desktop/DitBlock/WorkDCT/DitBlock/kernel.cpp:15676]   --->   Operation 89 'zext' 'zext_ln15676' <Predicate = (!icmp_ln15676)> <Delay = 0.00>
ST_1 : Operation 90 [1/1] (0.00ns)   --->   "%trunc_ln15676 = trunc i4 %select_ln15676_1" [/home/silvenchen/Desktop/DitBlock/WorkDCT/DitBlock/kernel.cpp:15676]   --->   Operation 90 'trunc' 'trunc_ln15676' <Predicate = (!icmp_ln15676)> <Delay = 0.00>
ST_1 : Operation 91 [1/1] (0.70ns)   --->   "%empty = add i6 %tmp_10_read, i6 %zext_ln15676" [/home/silvenchen/Desktop/DitBlock/WorkDCT/DitBlock/kernel.cpp:15676]   --->   Operation 91 'add' 'empty' <Predicate = (!icmp_ln15676)> <Delay = 0.70> <CoreInst = "Adder">   --->   Core 1 'Adder' <Latency = 0> <II = 1> <Delay = 0.70> <FuncUnit> <Opcode : 'add' 'sub'> <InPorts = 2> <OutPorts = 1>
ST_1 : Operation 92 [1/1] (0.58ns)   --->   "%tmp = sparsemux i32 @_ssdm_op_SparseMux.ap_auto.8f32.f32.i3, i3 0, i32 %local_C5_load_read, i3 1, i32 %local_C5_1_load_read, i3 2, i32 %local_C5_2_load_read, i3 3, i32 %local_C5_3_load_read, i3 4, i32 %local_C5_4_load_read, i3 5, i32 %local_C5_5_load_read, i3 6, i32 %local_C5_6_load_read, i3 7, i32 %local_C5_7_load_read, i32 <undef>, i3 %trunc_ln15676" [/home/silvenchen/Desktop/DitBlock/WorkDCT/DitBlock/kernel.cpp:15679]   --->   Operation 92 'sparsemux' 'tmp' <Predicate = (!icmp_ln15676)> <Delay = 0.58> <CoreInst = "SparseMux">   --->   Core 147 'SparseMux' <Latency = 0> <II = 1> <Delay = 0.58> <FuncUnit> <Opcode : 'sparsemux'> <InPorts = 2> <OutPorts = 1>
ST_1 : Operation 93 [1/1] (0.58ns)   --->   "%tmp_1 = sparsemux i32 @_ssdm_op_SparseMux.ap_auto.8f32.f32.i3, i3 0, i32 %local_C5_8_load_read, i3 1, i32 %local_C5_9_load_read, i3 2, i32 %local_C5_10_load_read, i3 3, i32 %local_C5_11_load_read, i3 4, i32 %local_C5_12_load_read, i3 5, i32 %local_C5_13_load_read, i3 6, i32 %local_C5_14_load_read, i3 7, i32 %local_C5_15_load_read, i32 <undef>, i3 %trunc_ln15676" [/home/silvenchen/Desktop/DitBlock/WorkDCT/DitBlock/kernel.cpp:15679]   --->   Operation 93 'sparsemux' 'tmp_1' <Predicate = (!icmp_ln15676)> <Delay = 0.58> <CoreInst = "SparseMux">   --->   Core 147 'SparseMux' <Latency = 0> <II = 1> <Delay = 0.58> <FuncUnit> <Opcode : 'sparsemux'> <InPorts = 2> <OutPorts = 1>
ST_1 : Operation 94 [1/1] (0.58ns)   --->   "%tmp_2 = sparsemux i32 @_ssdm_op_SparseMux.ap_auto.8f32.f32.i3, i3 0, i32 %local_C5_16_load_read, i3 1, i32 %local_C5_17_load_read, i3 2, i32 %local_C5_18_load_read, i3 3, i32 %local_C5_19_load_read, i3 4, i32 %local_C5_20_load_read, i3 5, i32 %local_C5_21_load_read, i3 6, i32 %local_C5_22_load_read, i3 7, i32 %local_C5_23_load_read, i32 <undef>, i3 %trunc_ln15676" [/home/silvenchen/Desktop/DitBlock/WorkDCT/DitBlock/kernel.cpp:15679]   --->   Operation 94 'sparsemux' 'tmp_2' <Predicate = (!icmp_ln15676)> <Delay = 0.58> <CoreInst = "SparseMux">   --->   Core 147 'SparseMux' <Latency = 0> <II = 1> <Delay = 0.58> <FuncUnit> <Opcode : 'sparsemux'> <InPorts = 2> <OutPorts = 1>
ST_1 : Operation 95 [1/1] (0.58ns)   --->   "%tmp_3 = sparsemux i32 @_ssdm_op_SparseMux.ap_auto.8f32.f32.i3, i3 0, i32 %local_C5_24_load_read, i3 1, i32 %local_C5_25_load_read, i3 2, i32 %local_C5_26_load_read, i3 3, i32 %local_C5_27_load_read, i3 4, i32 %local_C5_28_load_read, i3 5, i32 %local_C5_29_load_read, i3 6, i32 %local_C5_30_load_read, i3 7, i32 %local_C5_31_load_read, i32 <undef>, i3 %trunc_ln15676" [/home/silvenchen/Desktop/DitBlock/WorkDCT/DitBlock/kernel.cpp:15679]   --->   Operation 95 'sparsemux' 'tmp_3' <Predicate = (!icmp_ln15676)> <Delay = 0.58> <CoreInst = "SparseMux">   --->   Core 147 'SparseMux' <Latency = 0> <II = 1> <Delay = 0.58> <FuncUnit> <Opcode : 'sparsemux'> <InPorts = 2> <OutPorts = 1>
ST_1 : Operation 96 [1/1] (0.58ns)   --->   "%tmp_4 = sparsemux i32 @_ssdm_op_SparseMux.ap_auto.8f32.f32.i3, i3 0, i32 %local_C5_32_load_read, i3 1, i32 %local_C5_33_load_read, i3 2, i32 %local_C5_34_load_read, i3 3, i32 %local_C5_35_load_read, i3 4, i32 %local_C5_36_load_read, i3 5, i32 %local_C5_37_load_read, i3 6, i32 %local_C5_38_load_read, i3 7, i32 %local_C5_39_load_read, i32 <undef>, i3 %trunc_ln15676" [/home/silvenchen/Desktop/DitBlock/WorkDCT/DitBlock/kernel.cpp:15679]   --->   Operation 96 'sparsemux' 'tmp_4' <Predicate = (!icmp_ln15676)> <Delay = 0.58> <CoreInst = "SparseMux">   --->   Core 147 'SparseMux' <Latency = 0> <II = 1> <Delay = 0.58> <FuncUnit> <Opcode : 'sparsemux'> <InPorts = 2> <OutPorts = 1>
ST_1 : Operation 97 [1/1] (0.58ns)   --->   "%tmp_5 = sparsemux i32 @_ssdm_op_SparseMux.ap_auto.8f32.f32.i3, i3 0, i32 %local_C5_40_load_read, i3 1, i32 %local_C5_41_load_read, i3 2, i32 %local_C5_42_load_read, i3 3, i32 %local_C5_43_load_read, i3 4, i32 %local_C5_44_load_read, i3 5, i32 %local_C5_45_load_read, i3 6, i32 %local_C5_46_load_read, i3 7, i32 %local_C5_47_load_read, i32 <undef>, i3 %trunc_ln15676" [/home/silvenchen/Desktop/DitBlock/WorkDCT/DitBlock/kernel.cpp:15679]   --->   Operation 97 'sparsemux' 'tmp_5' <Predicate = (!icmp_ln15676)> <Delay = 0.58> <CoreInst = "SparseMux">   --->   Core 147 'SparseMux' <Latency = 0> <II = 1> <Delay = 0.58> <FuncUnit> <Opcode : 'sparsemux'> <InPorts = 2> <OutPorts = 1>
ST_1 : Operation 98 [1/1] (0.58ns)   --->   "%tmp_6 = sparsemux i32 @_ssdm_op_SparseMux.ap_auto.8f32.f32.i3, i3 0, i32 %local_C5_48_load_read, i3 1, i32 %local_C5_49_load_read, i3 2, i32 %local_C5_50_load_read, i3 3, i32 %local_C5_51_load_read, i3 4, i32 %local_C5_52_load_read, i3 5, i32 %local_C5_53_load_read, i3 6, i32 %local_C5_54_load_read, i3 7, i32 %local_C5_55_load_read, i32 <undef>, i3 %trunc_ln15676" [/home/silvenchen/Desktop/DitBlock/WorkDCT/DitBlock/kernel.cpp:15679]   --->   Operation 98 'sparsemux' 'tmp_6' <Predicate = (!icmp_ln15676)> <Delay = 0.58> <CoreInst = "SparseMux">   --->   Core 147 'SparseMux' <Latency = 0> <II = 1> <Delay = 0.58> <FuncUnit> <Opcode : 'sparsemux'> <InPorts = 2> <OutPorts = 1>
ST_1 : Operation 99 [1/1] (0.58ns)   --->   "%tmp_7 = sparsemux i32 @_ssdm_op_SparseMux.ap_auto.8f32.f32.i3, i3 0, i32 %local_C5_56_load_read, i3 1, i32 %local_C5_57_load_read, i3 2, i32 %local_C5_58_load_read, i3 3, i32 %local_C5_59_load_read, i3 4, i32 %local_C5_60_load_read, i3 5, i32 %local_C5_61_load_read, i3 6, i32 %local_C5_62_load_read, i3 7, i32 %local_C5_63_load_read, i32 <undef>, i3 %trunc_ln15676" [/home/silvenchen/Desktop/DitBlock/WorkDCT/DitBlock/kernel.cpp:15679]   --->   Operation 99 'sparsemux' 'tmp_7' <Predicate = (!icmp_ln15676)> <Delay = 0.58> <CoreInst = "SparseMux">   --->   Core 147 'SparseMux' <Latency = 0> <II = 1> <Delay = 0.58> <FuncUnit> <Opcode : 'sparsemux'> <InPorts = 2> <OutPorts = 1>
ST_1 : Operation 100 [1/1] (0.00ns)   --->   "%zext_ln15677 = zext i4 %select_ln15676" [/home/silvenchen/Desktop/DitBlock/WorkDCT/DitBlock/kernel.cpp:15677]   --->   Operation 100 'zext' 'zext_ln15677' <Predicate = (!icmp_ln15676)> <Delay = 0.00>
ST_1 : Operation 101 [1/1] (0.00ns)   --->   "%specpipeline_ln15678 = specpipeline void @_ssdm_op_SpecPipeline, i32 1, i32 0, i32 0, i32 0, void @empty_219" [/home/silvenchen/Desktop/DitBlock/WorkDCT/DitBlock/kernel.cpp:15678]   --->   Operation 101 'specpipeline' 'specpipeline_ln15678' <Predicate = (!icmp_ln15676)> <Delay = 0.00>
ST_1 : Operation 102 [1/1] (0.00ns)   --->   "%trunc_ln15677 = trunc i4 %select_ln15676" [/home/silvenchen/Desktop/DitBlock/WorkDCT/DitBlock/kernel.cpp:15677]   --->   Operation 102 'trunc' 'trunc_ln15677' <Predicate = (!icmp_ln15676)> <Delay = 0.00>
ST_1 : Operation 103 [1/1] (0.58ns)   --->   "%v8563 = sparsemux i32 @_ssdm_op_SparseMux.ap_auto.8f32.f32.i3, i3 0, i32 %tmp, i3 1, i32 %tmp_1, i3 2, i32 %tmp_2, i3 3, i32 %tmp_3, i3 4, i32 %tmp_4, i3 5, i32 %tmp_5, i3 6, i32 %tmp_6, i3 7, i32 %tmp_7, i32 <undef>, i3 %trunc_ln15677" [/home/silvenchen/Desktop/DitBlock/WorkDCT/DitBlock/kernel.cpp:15679]   --->   Operation 103 'sparsemux' 'v8563' <Predicate = (!icmp_ln15676)> <Delay = 0.58> <CoreInst = "SparseMux">   --->   Core 147 'SparseMux' <Latency = 0> <II = 1> <Delay = 0.58> <FuncUnit> <Opcode : 'sparsemux'> <InPorts = 2> <OutPorts = 1>
ST_1 : Operation 104 [1/1] (0.72ns)   --->   "%add_ln15680 = add i10 %p_mid2_read, i10 %zext_ln15677" [/home/silvenchen/Desktop/DitBlock/WorkDCT/DitBlock/kernel.cpp:15680]   --->   Operation 104 'add' 'add_ln15680' <Predicate = (!icmp_ln15676)> <Delay = 0.72> <CoreInst = "Adder">   --->   Core 1 'Adder' <Latency = 0> <II = 1> <Delay = 0.72> <FuncUnit> <Opcode : 'add' 'sub'> <InPorts = 2> <OutPorts = 1>
ST_1 : Operation 105 [1/1] (0.00ns)   --->   "%tmp_s = bitconcatenate i16 @_ssdm_op_BitConcatenate.i16.i10.i6, i10 %add_ln15680, i6 %empty" [/home/silvenchen/Desktop/DitBlock/WorkDCT/DitBlock/kernel.cpp:15680]   --->   Operation 105 'bitconcatenate' 'tmp_s' <Predicate = (!icmp_ln15676)> <Delay = 0.00>
ST_1 : Operation 106 [1/1] (0.00ns)   --->   "%zext_ln15680 = zext i16 %tmp_s" [/home/silvenchen/Desktop/DitBlock/WorkDCT/DitBlock/kernel.cpp:15680]   --->   Operation 106 'zext' 'zext_ln15680' <Predicate = (!icmp_ln15676)> <Delay = 0.00>
ST_1 : Operation 107 [1/1] (0.00ns)   --->   "%v8547_addr = getelementptr i32 %v8547, i64 0, i64 %zext_ln15680" [/home/silvenchen/Desktop/DitBlock/WorkDCT/DitBlock/kernel.cpp:15680]   --->   Operation 107 'getelementptr' 'v8547_addr' <Predicate = (!icmp_ln15676)> <Delay = 0.00>
ST_1 : Operation 108 [1/1] (1.24ns)   --->   "%store_ln15680 = store i32 %v8563, i16 %v8547_addr" [/home/silvenchen/Desktop/DitBlock/WorkDCT/DitBlock/kernel.cpp:15680]   --->   Operation 108 'store' 'store_ln15680' <Predicate = (!icmp_ln15676)> <Delay = 1.24> <CoreInst = "RAM">   --->   Core 83 'RAM' <Latency = 1> <II = 1> <Delay = 1.24> <Storage> <Opcode : 'load' 'store'> <Ports = 2> <Width = 32> <Depth = 65536> <RAM>
ST_1 : Operation 109 [1/1] (0.70ns)   --->   "%add_ln15677 = add i4 %select_ln15676, i4 1" [/home/silvenchen/Desktop/DitBlock/WorkDCT/DitBlock/kernel.cpp:15677]   --->   Operation 109 'add' 'add_ln15677' <Predicate = (!icmp_ln15676)> <Delay = 0.70> <CoreInst = "Adder">   --->   Core 1 'Adder' <Latency = 0> <II = 1> <Delay = 0.70> <FuncUnit> <Opcode : 'add' 'sub'> <InPorts = 2> <OutPorts = 1>
ST_1 : Operation 110 [1/1] (0.38ns)   --->   "%store_ln15676 = store i7 %add_ln15676_1, i7 %indvar_flatten13" [/home/silvenchen/Desktop/DitBlock/WorkDCT/DitBlock/kernel.cpp:15676]   --->   Operation 110 'store' 'store_ln15676' <Predicate = (!icmp_ln15676)> <Delay = 0.38>
ST_1 : Operation 111 [1/1] (0.38ns)   --->   "%store_ln15676 = store i4 %select_ln15676_1, i4 %sj5" [/home/silvenchen/Desktop/DitBlock/WorkDCT/DitBlock/kernel.cpp:15676]   --->   Operation 111 'store' 'store_ln15676' <Predicate = (!icmp_ln15676)> <Delay = 0.38>
ST_1 : Operation 112 [1/1] (0.38ns)   --->   "%store_ln15677 = store i4 %add_ln15677, i4 %si5" [/home/silvenchen/Desktop/DitBlock/WorkDCT/DitBlock/kernel.cpp:15677]   --->   Operation 112 'store' 'store_ln15677' <Predicate = (!icmp_ln15676)> <Delay = 0.38>
ST_1 : Operation 113 [1/1] (0.00ns)   --->   "%br_ln15677 = br void %for.inc68" [/home/silvenchen/Desktop/DitBlock/WorkDCT/DitBlock/kernel.cpp:15677]   --->   Operation 113 'br' 'br_ln15677' <Predicate = (!icmp_ln15676)> <Delay = 0.00>
ST_1 : Operation 114 [1/1] (0.00ns)   --->   "%ret_ln0 = ret"   --->   Operation 114 'ret' 'ret_ln0' <Predicate = (icmp_ln15676)> <Delay = 0.00>


============================================================
+ Verbose Summary: Binding
============================================================
STG Binding: 
---------------- STG Properties BEGIN ----------------
- Is combinational: 0
- Is one-state seq: 0
- Is datapath-only: 0
- Is pipelined: 0
- Is top level: 0
Port [ Return ] is wired: 1; IO mode=ap_ctrl_hs:ce=0
Port [ tmp_10]:  wired=1; compound=0; hidden=0; nouse=0; global=0; static=0; extern=0; dir=0; type=0; pingpong=0; private_global=0; IO mode=ap_none:ce=0
Port [ local_C5_load]:  wired=1; compound=0; hidden=0; nouse=0; global=0; static=0; extern=0; dir=0; type=0; pingpong=0; private_global=0; IO mode=ap_none:ce=0
Port [ local_C5_1_load]:  wired=1; compound=0; hidden=0; nouse=0; global=0; static=0; extern=0; dir=0; type=0; pingpong=0; private_global=0; IO mode=ap_none:ce=0
Port [ local_C5_2_load]:  wired=1; compound=0; hidden=0; nouse=0; global=0; static=0; extern=0; dir=0; type=0; pingpong=0; private_global=0; IO mode=ap_none:ce=0
Port [ local_C5_3_load]:  wired=1; compound=0; hidden=0; nouse=0; global=0; static=0; extern=0; dir=0; type=0; pingpong=0; private_global=0; IO mode=ap_none:ce=0
Port [ local_C5_4_load]:  wired=1; compound=0; hidden=0; nouse=0; global=0; static=0; extern=0; dir=0; type=0; pingpong=0; private_global=0; IO mode=ap_none:ce=0
Port [ local_C5_5_load]:  wired=1; compound=0; hidden=0; nouse=0; global=0; static=0; extern=0; dir=0; type=0; pingpong=0; private_global=0; IO mode=ap_none:ce=0
Port [ local_C5_6_load]:  wired=1; compound=0; hidden=0; nouse=0; global=0; static=0; extern=0; dir=0; type=0; pingpong=0; private_global=0; IO mode=ap_none:ce=0
Port [ local_C5_7_load]:  wired=1; compound=0; hidden=0; nouse=0; global=0; static=0; extern=0; dir=0; type=0; pingpong=0; private_global=0; IO mode=ap_none:ce=0
Port [ local_C5_8_load]:  wired=1; compound=0; hidden=0; nouse=0; global=0; static=0; extern=0; dir=0; type=0; pingpong=0; private_global=0; IO mode=ap_none:ce=0
Port [ local_C5_9_load]:  wired=1; compound=0; hidden=0; nouse=0; global=0; static=0; extern=0; dir=0; type=0; pingpong=0; private_global=0; IO mode=ap_none:ce=0
Port [ local_C5_10_load]:  wired=1; compound=0; hidden=0; nouse=0; global=0; static=0; extern=0; dir=0; type=0; pingpong=0; private_global=0; IO mode=ap_none:ce=0
Port [ local_C5_11_load]:  wired=1; compound=0; hidden=0; nouse=0; global=0; static=0; extern=0; dir=0; type=0; pingpong=0; private_global=0; IO mode=ap_none:ce=0
Port [ local_C5_12_load]:  wired=1; compound=0; hidden=0; nouse=0; global=0; static=0; extern=0; dir=0; type=0; pingpong=0; private_global=0; IO mode=ap_none:ce=0
Port [ local_C5_13_load]:  wired=1; compound=0; hidden=0; nouse=0; global=0; static=0; extern=0; dir=0; type=0; pingpong=0; private_global=0; IO mode=ap_none:ce=0
Port [ local_C5_14_load]:  wired=1; compound=0; hidden=0; nouse=0; global=0; static=0; extern=0; dir=0; type=0; pingpong=0; private_global=0; IO mode=ap_none:ce=0
Port [ local_C5_15_load]:  wired=1; compound=0; hidden=0; nouse=0; global=0; static=0; extern=0; dir=0; type=0; pingpong=0; private_global=0; IO mode=ap_none:ce=0
Port [ local_C5_16_load]:  wired=1; compound=0; hidden=0; nouse=0; global=0; static=0; extern=0; dir=0; type=0; pingpong=0; private_global=0; IO mode=ap_none:ce=0
Port [ local_C5_17_load]:  wired=1; compound=0; hidden=0; nouse=0; global=0; static=0; extern=0; dir=0; type=0; pingpong=0; private_global=0; IO mode=ap_none:ce=0
Port [ local_C5_18_load]:  wired=1; compound=0; hidden=0; nouse=0; global=0; static=0; extern=0; dir=0; type=0; pingpong=0; private_global=0; IO mode=ap_none:ce=0
Port [ local_C5_19_load]:  wired=1; compound=0; hidden=0; nouse=0; global=0; static=0; extern=0; dir=0; type=0; pingpong=0; private_global=0; IO mode=ap_none:ce=0
Port [ local_C5_20_load]:  wired=1; compound=0; hidden=0; nouse=0; global=0; static=0; extern=0; dir=0; type=0; pingpong=0; private_global=0; IO mode=ap_none:ce=0
Port [ local_C5_21_load]:  wired=1; compound=0; hidden=0; nouse=0; global=0; static=0; extern=0; dir=0; type=0; pingpong=0; private_global=0; IO mode=ap_none:ce=0
Port [ local_C5_22_load]:  wired=1; compound=0; hidden=0; nouse=0; global=0; static=0; extern=0; dir=0; type=0; pingpong=0; private_global=0; IO mode=ap_none:ce=0
Port [ local_C5_23_load]:  wired=1; compound=0; hidden=0; nouse=0; global=0; static=0; extern=0; dir=0; type=0; pingpong=0; private_global=0; IO mode=ap_none:ce=0
Port [ local_C5_24_load]:  wired=1; compound=0; hidden=0; nouse=0; global=0; static=0; extern=0; dir=0; type=0; pingpong=0; private_global=0; IO mode=ap_none:ce=0
Port [ local_C5_25_load]:  wired=1; compound=0; hidden=0; nouse=0; global=0; static=0; extern=0; dir=0; type=0; pingpong=0; private_global=0; IO mode=ap_none:ce=0
Port [ local_C5_26_load]:  wired=1; compound=0; hidden=0; nouse=0; global=0; static=0; extern=0; dir=0; type=0; pingpong=0; private_global=0; IO mode=ap_none:ce=0
Port [ local_C5_27_load]:  wired=1; compound=0; hidden=0; nouse=0; global=0; static=0; extern=0; dir=0; type=0; pingpong=0; private_global=0; IO mode=ap_none:ce=0
Port [ local_C5_28_load]:  wired=1; compound=0; hidden=0; nouse=0; global=0; static=0; extern=0; dir=0; type=0; pingpong=0; private_global=0; IO mode=ap_none:ce=0
Port [ local_C5_29_load]:  wired=1; compound=0; hidden=0; nouse=0; global=0; static=0; extern=0; dir=0; type=0; pingpong=0; private_global=0; IO mode=ap_none:ce=0
Port [ local_C5_30_load]:  wired=1; compound=0; hidden=0; nouse=0; global=0; static=0; extern=0; dir=0; type=0; pingpong=0; private_global=0; IO mode=ap_none:ce=0
Port [ local_C5_31_load]:  wired=1; compound=0; hidden=0; nouse=0; global=0; static=0; extern=0; dir=0; type=0; pingpong=0; private_global=0; IO mode=ap_none:ce=0
Port [ local_C5_32_load]:  wired=1; compound=0; hidden=0; nouse=0; global=0; static=0; extern=0; dir=0; type=0; pingpong=0; private_global=0; IO mode=ap_none:ce=0
Port [ local_C5_33_load]:  wired=1; compound=0; hidden=0; nouse=0; global=0; static=0; extern=0; dir=0; type=0; pingpong=0; private_global=0; IO mode=ap_none:ce=0
Port [ local_C5_34_load]:  wired=1; compound=0; hidden=0; nouse=0; global=0; static=0; extern=0; dir=0; type=0; pingpong=0; private_global=0; IO mode=ap_none:ce=0
Port [ local_C5_35_load]:  wired=1; compound=0; hidden=0; nouse=0; global=0; static=0; extern=0; dir=0; type=0; pingpong=0; private_global=0; IO mode=ap_none:ce=0
Port [ local_C5_36_load]:  wired=1; compound=0; hidden=0; nouse=0; global=0; static=0; extern=0; dir=0; type=0; pingpong=0; private_global=0; IO mode=ap_none:ce=0
Port [ local_C5_37_load]:  wired=1; compound=0; hidden=0; nouse=0; global=0; static=0; extern=0; dir=0; type=0; pingpong=0; private_global=0; IO mode=ap_none:ce=0
Port [ local_C5_38_load]:  wired=1; compound=0; hidden=0; nouse=0; global=0; static=0; extern=0; dir=0; type=0; pingpong=0; private_global=0; IO mode=ap_none:ce=0
Port [ local_C5_39_load]:  wired=1; compound=0; hidden=0; nouse=0; global=0; static=0; extern=0; dir=0; type=0; pingpong=0; private_global=0; IO mode=ap_none:ce=0
Port [ local_C5_40_load]:  wired=1; compound=0; hidden=0; nouse=0; global=0; static=0; extern=0; dir=0; type=0; pingpong=0; private_global=0; IO mode=ap_none:ce=0
Port [ local_C5_41_load]:  wired=1; compound=0; hidden=0; nouse=0; global=0; static=0; extern=0; dir=0; type=0; pingpong=0; private_global=0; IO mode=ap_none:ce=0
Port [ local_C5_42_load]:  wired=1; compound=0; hidden=0; nouse=0; global=0; static=0; extern=0; dir=0; type=0; pingpong=0; private_global=0; IO mode=ap_none:ce=0
Port [ local_C5_43_load]:  wired=1; compound=0; hidden=0; nouse=0; global=0; static=0; extern=0; dir=0; type=0; pingpong=0; private_global=0; IO mode=ap_none:ce=0
Port [ local_C5_44_load]:  wired=1; compound=0; hidden=0; nouse=0; global=0; static=0; extern=0; dir=0; type=0; pingpong=0; private_global=0; IO mode=ap_none:ce=0
Port [ local_C5_45_load]:  wired=1; compound=0; hidden=0; nouse=0; global=0; static=0; extern=0; dir=0; type=0; pingpong=0; private_global=0; IO mode=ap_none:ce=0
Port [ local_C5_46_load]:  wired=1; compound=0; hidden=0; nouse=0; global=0; static=0; extern=0; dir=0; type=0; pingpong=0; private_global=0; IO mode=ap_none:ce=0
Port [ local_C5_47_load]:  wired=1; compound=0; hidden=0; nouse=0; global=0; static=0; extern=0; dir=0; type=0; pingpong=0; private_global=0; IO mode=ap_none:ce=0
Port [ local_C5_48_load]:  wired=1; compound=0; hidden=0; nouse=0; global=0; static=0; extern=0; dir=0; type=0; pingpong=0; private_global=0; IO mode=ap_none:ce=0
Port [ local_C5_49_load]:  wired=1; compound=0; hidden=0; nouse=0; global=0; static=0; extern=0; dir=0; type=0; pingpong=0; private_global=0; IO mode=ap_none:ce=0
Port [ local_C5_50_load]:  wired=1; compound=0; hidden=0; nouse=0; global=0; static=0; extern=0; dir=0; type=0; pingpong=0; private_global=0; IO mode=ap_none:ce=0
Port [ local_C5_51_load]:  wired=1; compound=0; hidden=0; nouse=0; global=0; static=0; extern=0; dir=0; type=0; pingpong=0; private_global=0; IO mode=ap_none:ce=0
Port [ local_C5_52_load]:  wired=1; compound=0; hidden=0; nouse=0; global=0; static=0; extern=0; dir=0; type=0; pingpong=0; private_global=0; IO mode=ap_none:ce=0
Port [ local_C5_53_load]:  wired=1; compound=0; hidden=0; nouse=0; global=0; static=0; extern=0; dir=0; type=0; pingpong=0; private_global=0; IO mode=ap_none:ce=0
Port [ local_C5_54_load]:  wired=1; compound=0; hidden=0; nouse=0; global=0; static=0; extern=0; dir=0; type=0; pingpong=0; private_global=0; IO mode=ap_none:ce=0
Port [ local_C5_55_load]:  wired=1; compound=0; hidden=0; nouse=0; global=0; static=0; extern=0; dir=0; type=0; pingpong=0; private_global=0; IO mode=ap_none:ce=0
Port [ local_C5_56_load]:  wired=1; compound=0; hidden=0; nouse=0; global=0; static=0; extern=0; dir=0; type=0; pingpong=0; private_global=0; IO mode=ap_none:ce=0
Port [ local_C5_57_load]:  wired=1; compound=0; hidden=0; nouse=0; global=0; static=0; extern=0; dir=0; type=0; pingpong=0; private_global=0; IO mode=ap_none:ce=0
Port [ local_C5_58_load]:  wired=1; compound=0; hidden=0; nouse=0; global=0; static=0; extern=0; dir=0; type=0; pingpong=0; private_global=0; IO mode=ap_none:ce=0
Port [ local_C5_59_load]:  wired=1; compound=0; hidden=0; nouse=0; global=0; static=0; extern=0; dir=0; type=0; pingpong=0; private_global=0; IO mode=ap_none:ce=0
Port [ local_C5_60_load]:  wired=1; compound=0; hidden=0; nouse=0; global=0; static=0; extern=0; dir=0; type=0; pingpong=0; private_global=0; IO mode=ap_none:ce=0
Port [ local_C5_61_load]:  wired=1; compound=0; hidden=0; nouse=0; global=0; static=0; extern=0; dir=0; type=0; pingpong=0; private_global=0; IO mode=ap_none:ce=0
Port [ local_C5_62_load]:  wired=1; compound=0; hidden=0; nouse=0; global=0; static=0; extern=0; dir=0; type=0; pingpong=0; private_global=0; IO mode=ap_none:ce=0
Port [ local_C5_63_load]:  wired=1; compound=0; hidden=0; nouse=0; global=0; static=0; extern=0; dir=0; type=0; pingpong=0; private_global=0; IO mode=ap_none:ce=0
Port [ p_mid2]:  wired=1; compound=0; hidden=0; nouse=0; global=0; static=0; extern=0; dir=0; type=0; pingpong=0; private_global=0; IO mode=ap_none:ce=0
Port [ v8547]:  wired=1; compound=1; hidden=0; nouse=0; global=0; static=0; extern=0; dir=1; type=1; pingpong=0; private_global=0; MemPort=[03]; IO mode=ap_memory:ce=0
---------------- STG Properties END ------------------

---------------- Datapath Model BEGIN ----------------

<LifeTime>
<method=bitvector/>
si5                   (alloca           ) [ 01]
sj5                   (alloca           ) [ 01]
indvar_flatten13      (alloca           ) [ 01]
p_mid2_read           (read             ) [ 00]
local_C5_63_load_read (read             ) [ 00]
local_C5_62_load_read (read             ) [ 00]
local_C5_61_load_read (read             ) [ 00]
local_C5_60_load_read (read             ) [ 00]
local_C5_59_load_read (read             ) [ 00]
local_C5_58_load_read (read             ) [ 00]
local_C5_57_load_read (read             ) [ 00]
local_C5_56_load_read (read             ) [ 00]
local_C5_55_load_read (read             ) [ 00]
local_C5_54_load_read (read             ) [ 00]
local_C5_53_load_read (read             ) [ 00]
local_C5_52_load_read (read             ) [ 00]
local_C5_51_load_read (read             ) [ 00]
local_C5_50_load_read (read             ) [ 00]
local_C5_49_load_read (read             ) [ 00]
local_C5_48_load_read (read             ) [ 00]
local_C5_47_load_read (read             ) [ 00]
local_C5_46_load_read (read             ) [ 00]
local_C5_45_load_read (read             ) [ 00]
local_C5_44_load_read (read             ) [ 00]
local_C5_43_load_read (read             ) [ 00]
local_C5_42_load_read (read             ) [ 00]
local_C5_41_load_read (read             ) [ 00]
local_C5_40_load_read (read             ) [ 00]
local_C5_39_load_read (read             ) [ 00]
local_C5_38_load_read (read             ) [ 00]
local_C5_37_load_read (read             ) [ 00]
local_C5_36_load_read (read             ) [ 00]
local_C5_35_load_read (read             ) [ 00]
local_C5_34_load_read (read             ) [ 00]
local_C5_33_load_read (read             ) [ 00]
local_C5_32_load_read (read             ) [ 00]
local_C5_31_load_read (read             ) [ 00]
local_C5_30_load_read (read             ) [ 00]
local_C5_29_load_read (read             ) [ 00]
local_C5_28_load_read (read             ) [ 00]
local_C5_27_load_read (read             ) [ 00]
local_C5_26_load_read (read             ) [ 00]
local_C5_25_load_read (read             ) [ 00]
local_C5_24_load_read (read             ) [ 00]
local_C5_23_load_read (read             ) [ 00]
local_C5_22_load_read (read             ) [ 00]
local_C5_21_load_read (read             ) [ 00]
local_C5_20_load_read (read             ) [ 00]
local_C5_19_load_read (read             ) [ 00]
local_C5_18_load_read (read             ) [ 00]
local_C5_17_load_read (read             ) [ 00]
local_C5_16_load_read (read             ) [ 00]
local_C5_15_load_read (read             ) [ 00]
local_C5_14_load_read (read             ) [ 00]
local_C5_13_load_read (read             ) [ 00]
local_C5_12_load_read (read             ) [ 00]
local_C5_11_load_read (read             ) [ 00]
local_C5_10_load_read (read             ) [ 00]
local_C5_9_load_read  (read             ) [ 00]
local_C5_8_load_read  (read             ) [ 00]
local_C5_7_load_read  (read             ) [ 00]
local_C5_6_load_read  (read             ) [ 00]
local_C5_5_load_read  (read             ) [ 00]
local_C5_4_load_read  (read             ) [ 00]
local_C5_3_load_read  (read             ) [ 00]
local_C5_2_load_read  (read             ) [ 00]
local_C5_1_load_read  (read             ) [ 00]
local_C5_load_read    (read             ) [ 00]
tmp_10_read           (read             ) [ 00]
store_ln0             (store            ) [ 00]
store_ln15676         (store            ) [ 00]
store_ln15677         (store            ) [ 00]
br_ln0                (br               ) [ 00]
indvar_flatten13_load (load             ) [ 00]
icmp_ln15676          (icmp             ) [ 01]
add_ln15676_1         (add              ) [ 00]
br_ln15676            (br               ) [ 00]
si5_load              (load             ) [ 00]
sj5_load              (load             ) [ 00]
add_ln15676           (add              ) [ 00]
specloopname_ln0      (specloopname     ) [ 00]
speclooptripcount_ln0 (speclooptripcount) [ 00]
icmp_ln15677          (icmp             ) [ 00]
select_ln15676        (select           ) [ 00]
select_ln15676_1      (select           ) [ 00]
zext_ln15676          (zext             ) [ 00]
trunc_ln15676         (trunc            ) [ 00]
empty                 (add              ) [ 00]
tmp                   (sparsemux        ) [ 00]
tmp_1                 (sparsemux        ) [ 00]
tmp_2                 (sparsemux        ) [ 00]
tmp_3                 (sparsemux        ) [ 00]
tmp_4                 (sparsemux        ) [ 00]
tmp_5                 (sparsemux        ) [ 00]
tmp_6                 (sparsemux        ) [ 00]
tmp_7                 (sparsemux        ) [ 00]
zext_ln15677          (zext             ) [ 00]
specpipeline_ln15678  (specpipeline     ) [ 00]
trunc_ln15677         (trunc            ) [ 00]
v8563                 (sparsemux        ) [ 00]
add_ln15680           (add              ) [ 00]
tmp_s                 (bitconcatenate   ) [ 00]
zext_ln15680          (zext             ) [ 00]
v8547_addr            (getelementptr    ) [ 00]
store_ln15680         (store            ) [ 00]
add_ln15677           (add              ) [ 00]
store_ln15676         (store            ) [ 00]
store_ln15676         (store            ) [ 00]
store_ln15677         (store            ) [ 00]
br_ln15677            (br               ) [ 00]
ret_ln0               (ret              ) [ 00]
</LifeTime>

<model>

<comp_list>
<comp id="0" class="1000" name="tmp_10">
<pin_list>
<pin id="1" dir="1" index="0" bw="1" slack="0"/>
</pin_list>
<bind>
<StgValue><ssdm name="tmp_10"/></StgValue>
</bind>
</comp>

<comp id="2" class="1000" name="local_C5_load">
<pin_list>
<pin id="3" dir="1" index="0" bw="1" slack="0"/>
</pin_list>
<bind>
<StgValue><ssdm name="local_C5_load"/></StgValue>
</bind>
</comp>

<comp id="4" class="1000" name="local_C5_1_load">
<pin_list>
<pin id="5" dir="1" index="0" bw="1" slack="0"/>
</pin_list>
<bind>
<StgValue><ssdm name="local_C5_1_load"/></StgValue>
</bind>
</comp>

<comp id="6" class="1000" name="local_C5_2_load">
<pin_list>
<pin id="7" dir="1" index="0" bw="1" slack="0"/>
</pin_list>
<bind>
<StgValue><ssdm name="local_C5_2_load"/></StgValue>
</bind>
</comp>

<comp id="8" class="1000" name="local_C5_3_load">
<pin_list>
<pin id="9" dir="1" index="0" bw="1" slack="0"/>
</pin_list>
<bind>
<StgValue><ssdm name="local_C5_3_load"/></StgValue>
</bind>
</comp>

<comp id="10" class="1000" name="local_C5_4_load">
<pin_list>
<pin id="11" dir="1" index="0" bw="1" slack="0"/>
</pin_list>
<bind>
<StgValue><ssdm name="local_C5_4_load"/></StgValue>
</bind>
</comp>

<comp id="12" class="1000" name="local_C5_5_load">
<pin_list>
<pin id="13" dir="1" index="0" bw="1" slack="0"/>
</pin_list>
<bind>
<StgValue><ssdm name="local_C5_5_load"/></StgValue>
</bind>
</comp>

<comp id="14" class="1000" name="local_C5_6_load">
<pin_list>
<pin id="15" dir="1" index="0" bw="1" slack="0"/>
</pin_list>
<bind>
<StgValue><ssdm name="local_C5_6_load"/></StgValue>
</bind>
</comp>

<comp id="16" class="1000" name="local_C5_7_load">
<pin_list>
<pin id="17" dir="1" index="0" bw="1" slack="0"/>
</pin_list>
<bind>
<StgValue><ssdm name="local_C5_7_load"/></StgValue>
</bind>
</comp>

<comp id="18" class="1000" name="local_C5_8_load">
<pin_list>
<pin id="19" dir="1" index="0" bw="1" slack="0"/>
</pin_list>
<bind>
<StgValue><ssdm name="local_C5_8_load"/></StgValue>
</bind>
</comp>

<comp id="20" class="1000" name="local_C5_9_load">
<pin_list>
<pin id="21" dir="1" index="0" bw="1" slack="0"/>
</pin_list>
<bind>
<StgValue><ssdm name="local_C5_9_load"/></StgValue>
</bind>
</comp>

<comp id="22" class="1000" name="local_C5_10_load">
<pin_list>
<pin id="23" dir="1" index="0" bw="1" slack="0"/>
</pin_list>
<bind>
<StgValue><ssdm name="local_C5_10_load"/></StgValue>
</bind>
</comp>

<comp id="24" class="1000" name="local_C5_11_load">
<pin_list>
<pin id="25" dir="1" index="0" bw="1" slack="0"/>
</pin_list>
<bind>
<StgValue><ssdm name="local_C5_11_load"/></StgValue>
</bind>
</comp>

<comp id="26" class="1000" name="local_C5_12_load">
<pin_list>
<pin id="27" dir="1" index="0" bw="1" slack="0"/>
</pin_list>
<bind>
<StgValue><ssdm name="local_C5_12_load"/></StgValue>
</bind>
</comp>

<comp id="28" class="1000" name="local_C5_13_load">
<pin_list>
<pin id="29" dir="1" index="0" bw="1" slack="0"/>
</pin_list>
<bind>
<StgValue><ssdm name="local_C5_13_load"/></StgValue>
</bind>
</comp>

<comp id="30" class="1000" name="local_C5_14_load">
<pin_list>
<pin id="31" dir="1" index="0" bw="1" slack="0"/>
</pin_list>
<bind>
<StgValue><ssdm name="local_C5_14_load"/></StgValue>
</bind>
</comp>

<comp id="32" class="1000" name="local_C5_15_load">
<pin_list>
<pin id="33" dir="1" index="0" bw="1" slack="0"/>
</pin_list>
<bind>
<StgValue><ssdm name="local_C5_15_load"/></StgValue>
</bind>
</comp>

<comp id="34" class="1000" name="local_C5_16_load">
<pin_list>
<pin id="35" dir="1" index="0" bw="1" slack="0"/>
</pin_list>
<bind>
<StgValue><ssdm name="local_C5_16_load"/></StgValue>
</bind>
</comp>

<comp id="36" class="1000" name="local_C5_17_load">
<pin_list>
<pin id="37" dir="1" index="0" bw="1" slack="0"/>
</pin_list>
<bind>
<StgValue><ssdm name="local_C5_17_load"/></StgValue>
</bind>
</comp>

<comp id="38" class="1000" name="local_C5_18_load">
<pin_list>
<pin id="39" dir="1" index="0" bw="1" slack="0"/>
</pin_list>
<bind>
<StgValue><ssdm name="local_C5_18_load"/></StgValue>
</bind>
</comp>

<comp id="40" class="1000" name="local_C5_19_load">
<pin_list>
<pin id="41" dir="1" index="0" bw="1" slack="0"/>
</pin_list>
<bind>
<StgValue><ssdm name="local_C5_19_load"/></StgValue>
</bind>
</comp>

<comp id="42" class="1000" name="local_C5_20_load">
<pin_list>
<pin id="43" dir="1" index="0" bw="1" slack="0"/>
</pin_list>
<bind>
<StgValue><ssdm name="local_C5_20_load"/></StgValue>
</bind>
</comp>

<comp id="44" class="1000" name="local_C5_21_load">
<pin_list>
<pin id="45" dir="1" index="0" bw="1" slack="0"/>
</pin_list>
<bind>
<StgValue><ssdm name="local_C5_21_load"/></StgValue>
</bind>
</comp>

<comp id="46" class="1000" name="local_C5_22_load">
<pin_list>
<pin id="47" dir="1" index="0" bw="1" slack="0"/>
</pin_list>
<bind>
<StgValue><ssdm name="local_C5_22_load"/></StgValue>
</bind>
</comp>

<comp id="48" class="1000" name="local_C5_23_load">
<pin_list>
<pin id="49" dir="1" index="0" bw="1" slack="0"/>
</pin_list>
<bind>
<StgValue><ssdm name="local_C5_23_load"/></StgValue>
</bind>
</comp>

<comp id="50" class="1000" name="local_C5_24_load">
<pin_list>
<pin id="51" dir="1" index="0" bw="1" slack="0"/>
</pin_list>
<bind>
<StgValue><ssdm name="local_C5_24_load"/></StgValue>
</bind>
</comp>

<comp id="52" class="1000" name="local_C5_25_load">
<pin_list>
<pin id="53" dir="1" index="0" bw="1" slack="0"/>
</pin_list>
<bind>
<StgValue><ssdm name="local_C5_25_load"/></StgValue>
</bind>
</comp>

<comp id="54" class="1000" name="local_C5_26_load">
<pin_list>
<pin id="55" dir="1" index="0" bw="1" slack="0"/>
</pin_list>
<bind>
<StgValue><ssdm name="local_C5_26_load"/></StgValue>
</bind>
</comp>

<comp id="56" class="1000" name="local_C5_27_load">
<pin_list>
<pin id="57" dir="1" index="0" bw="1" slack="0"/>
</pin_list>
<bind>
<StgValue><ssdm name="local_C5_27_load"/></StgValue>
</bind>
</comp>

<comp id="58" class="1000" name="local_C5_28_load">
<pin_list>
<pin id="59" dir="1" index="0" bw="1" slack="0"/>
</pin_list>
<bind>
<StgValue><ssdm name="local_C5_28_load"/></StgValue>
</bind>
</comp>

<comp id="60" class="1000" name="local_C5_29_load">
<pin_list>
<pin id="61" dir="1" index="0" bw="1" slack="0"/>
</pin_list>
<bind>
<StgValue><ssdm name="local_C5_29_load"/></StgValue>
</bind>
</comp>

<comp id="62" class="1000" name="local_C5_30_load">
<pin_list>
<pin id="63" dir="1" index="0" bw="1" slack="0"/>
</pin_list>
<bind>
<StgValue><ssdm name="local_C5_30_load"/></StgValue>
</bind>
</comp>

<comp id="64" class="1000" name="local_C5_31_load">
<pin_list>
<pin id="65" dir="1" index="0" bw="1" slack="0"/>
</pin_list>
<bind>
<StgValue><ssdm name="local_C5_31_load"/></StgValue>
</bind>
</comp>

<comp id="66" class="1000" name="local_C5_32_load">
<pin_list>
<pin id="67" dir="1" index="0" bw="1" slack="0"/>
</pin_list>
<bind>
<StgValue><ssdm name="local_C5_32_load"/></StgValue>
</bind>
</comp>

<comp id="68" class="1000" name="local_C5_33_load">
<pin_list>
<pin id="69" dir="1" index="0" bw="1" slack="0"/>
</pin_list>
<bind>
<StgValue><ssdm name="local_C5_33_load"/></StgValue>
</bind>
</comp>

<comp id="70" class="1000" name="local_C5_34_load">
<pin_list>
<pin id="71" dir="1" index="0" bw="1" slack="0"/>
</pin_list>
<bind>
<StgValue><ssdm name="local_C5_34_load"/></StgValue>
</bind>
</comp>

<comp id="72" class="1000" name="local_C5_35_load">
<pin_list>
<pin id="73" dir="1" index="0" bw="1" slack="0"/>
</pin_list>
<bind>
<StgValue><ssdm name="local_C5_35_load"/></StgValue>
</bind>
</comp>

<comp id="74" class="1000" name="local_C5_36_load">
<pin_list>
<pin id="75" dir="1" index="0" bw="1" slack="0"/>
</pin_list>
<bind>
<StgValue><ssdm name="local_C5_36_load"/></StgValue>
</bind>
</comp>

<comp id="76" class="1000" name="local_C5_37_load">
<pin_list>
<pin id="77" dir="1" index="0" bw="1" slack="0"/>
</pin_list>
<bind>
<StgValue><ssdm name="local_C5_37_load"/></StgValue>
</bind>
</comp>

<comp id="78" class="1000" name="local_C5_38_load">
<pin_list>
<pin id="79" dir="1" index="0" bw="1" slack="0"/>
</pin_list>
<bind>
<StgValue><ssdm name="local_C5_38_load"/></StgValue>
</bind>
</comp>

<comp id="80" class="1000" name="local_C5_39_load">
<pin_list>
<pin id="81" dir="1" index="0" bw="1" slack="0"/>
</pin_list>
<bind>
<StgValue><ssdm name="local_C5_39_load"/></StgValue>
</bind>
</comp>

<comp id="82" class="1000" name="local_C5_40_load">
<pin_list>
<pin id="83" dir="1" index="0" bw="1" slack="0"/>
</pin_list>
<bind>
<StgValue><ssdm name="local_C5_40_load"/></StgValue>
</bind>
</comp>

<comp id="84" class="1000" name="local_C5_41_load">
<pin_list>
<pin id="85" dir="1" index="0" bw="1" slack="0"/>
</pin_list>
<bind>
<StgValue><ssdm name="local_C5_41_load"/></StgValue>
</bind>
</comp>

<comp id="86" class="1000" name="local_C5_42_load">
<pin_list>
<pin id="87" dir="1" index="0" bw="1" slack="0"/>
</pin_list>
<bind>
<StgValue><ssdm name="local_C5_42_load"/></StgValue>
</bind>
</comp>

<comp id="88" class="1000" name="local_C5_43_load">
<pin_list>
<pin id="89" dir="1" index="0" bw="1" slack="0"/>
</pin_list>
<bind>
<StgValue><ssdm name="local_C5_43_load"/></StgValue>
</bind>
</comp>

<comp id="90" class="1000" name="local_C5_44_load">
<pin_list>
<pin id="91" dir="1" index="0" bw="1" slack="0"/>
</pin_list>
<bind>
<StgValue><ssdm name="local_C5_44_load"/></StgValue>
</bind>
</comp>

<comp id="92" class="1000" name="local_C5_45_load">
<pin_list>
<pin id="93" dir="1" index="0" bw="1" slack="0"/>
</pin_list>
<bind>
<StgValue><ssdm name="local_C5_45_load"/></StgValue>
</bind>
</comp>

<comp id="94" class="1000" name="local_C5_46_load">
<pin_list>
<pin id="95" dir="1" index="0" bw="1" slack="0"/>
</pin_list>
<bind>
<StgValue><ssdm name="local_C5_46_load"/></StgValue>
</bind>
</comp>

<comp id="96" class="1000" name="local_C5_47_load">
<pin_list>
<pin id="97" dir="1" index="0" bw="1" slack="0"/>
</pin_list>
<bind>
<StgValue><ssdm name="local_C5_47_load"/></StgValue>
</bind>
</comp>

<comp id="98" class="1000" name="local_C5_48_load">
<pin_list>
<pin id="99" dir="1" index="0" bw="1" slack="0"/>
</pin_list>
<bind>
<StgValue><ssdm name="local_C5_48_load"/></StgValue>
</bind>
</comp>

<comp id="100" class="1000" name="local_C5_49_load">
<pin_list>
<pin id="101" dir="1" index="0" bw="1" slack="0"/>
</pin_list>
<bind>
<StgValue><ssdm name="local_C5_49_load"/></StgValue>
</bind>
</comp>

<comp id="102" class="1000" name="local_C5_50_load">
<pin_list>
<pin id="103" dir="1" index="0" bw="1" slack="0"/>
</pin_list>
<bind>
<StgValue><ssdm name="local_C5_50_load"/></StgValue>
</bind>
</comp>

<comp id="104" class="1000" name="local_C5_51_load">
<pin_list>
<pin id="105" dir="1" index="0" bw="1" slack="0"/>
</pin_list>
<bind>
<StgValue><ssdm name="local_C5_51_load"/></StgValue>
</bind>
</comp>

<comp id="106" class="1000" name="local_C5_52_load">
<pin_list>
<pin id="107" dir="1" index="0" bw="1" slack="0"/>
</pin_list>
<bind>
<StgValue><ssdm name="local_C5_52_load"/></StgValue>
</bind>
</comp>

<comp id="108" class="1000" name="local_C5_53_load">
<pin_list>
<pin id="109" dir="1" index="0" bw="1" slack="0"/>
</pin_list>
<bind>
<StgValue><ssdm name="local_C5_53_load"/></StgValue>
</bind>
</comp>

<comp id="110" class="1000" name="local_C5_54_load">
<pin_list>
<pin id="111" dir="1" index="0" bw="1" slack="0"/>
</pin_list>
<bind>
<StgValue><ssdm name="local_C5_54_load"/></StgValue>
</bind>
</comp>

<comp id="112" class="1000" name="local_C5_55_load">
<pin_list>
<pin id="113" dir="1" index="0" bw="1" slack="0"/>
</pin_list>
<bind>
<StgValue><ssdm name="local_C5_55_load"/></StgValue>
</bind>
</comp>

<comp id="114" class="1000" name="local_C5_56_load">
<pin_list>
<pin id="115" dir="1" index="0" bw="1" slack="0"/>
</pin_list>
<bind>
<StgValue><ssdm name="local_C5_56_load"/></StgValue>
</bind>
</comp>

<comp id="116" class="1000" name="local_C5_57_load">
<pin_list>
<pin id="117" dir="1" index="0" bw="1" slack="0"/>
</pin_list>
<bind>
<StgValue><ssdm name="local_C5_57_load"/></StgValue>
</bind>
</comp>

<comp id="118" class="1000" name="local_C5_58_load">
<pin_list>
<pin id="119" dir="1" index="0" bw="1" slack="0"/>
</pin_list>
<bind>
<StgValue><ssdm name="local_C5_58_load"/></StgValue>
</bind>
</comp>

<comp id="120" class="1000" name="local_C5_59_load">
<pin_list>
<pin id="121" dir="1" index="0" bw="1" slack="0"/>
</pin_list>
<bind>
<StgValue><ssdm name="local_C5_59_load"/></StgValue>
</bind>
</comp>

<comp id="122" class="1000" name="local_C5_60_load">
<pin_list>
<pin id="123" dir="1" index="0" bw="1" slack="0"/>
</pin_list>
<bind>
<StgValue><ssdm name="local_C5_60_load"/></StgValue>
</bind>
</comp>

<comp id="124" class="1000" name="local_C5_61_load">
<pin_list>
<pin id="125" dir="1" index="0" bw="1" slack="0"/>
</pin_list>
<bind>
<StgValue><ssdm name="local_C5_61_load"/></StgValue>
</bind>
</comp>

<comp id="126" class="1000" name="local_C5_62_load">
<pin_list>
<pin id="127" dir="1" index="0" bw="1" slack="0"/>
</pin_list>
<bind>
<StgValue><ssdm name="local_C5_62_load"/></StgValue>
</bind>
</comp>

<comp id="128" class="1000" name="local_C5_63_load">
<pin_list>
<pin id="129" dir="1" index="0" bw="1" slack="0"/>
</pin_list>
<bind>
<StgValue><ssdm name="local_C5_63_load"/></StgValue>
</bind>
</comp>

<comp id="130" class="1000" name="p_mid2">
<pin_list>
<pin id="131" dir="1" index="0" bw="1" slack="0"/>
</pin_list>
<bind>
<StgValue><ssdm name="p_mid2"/></StgValue>
</bind>
</comp>

<comp id="132" class="1000" name="v8547">
<pin_list>
<pin id="133" dir="1" index="0" bw="1" slack="0"/>
</pin_list>
<bind>
<StgValue><ssdm name="v8547"/><MemPortTyVec>0 3 </MemPortTyVec>
</StgValue>
</bind>
</comp>

<comp id="134" class="1001" name="const_134">
<pin_list>
<pin id="135" dir="1" index="0" bw="1" slack="0"/>
</pin_list>
<bind>
<StgValue><ssdm name=""/></StgValue>
</bind>
</comp>

<comp id="136" class="1001" name="const_136">
<pin_list>
<pin id="137" dir="1" index="0" bw="1" slack="0"/>
</pin_list>
<bind>
<StgValue><ssdm name="_ssdm_op_Read.ap_auto.i10"/></StgValue>
</bind>
</comp>

<comp id="138" class="1001" name="const_138">
<pin_list>
<pin id="139" dir="1" index="0" bw="1" slack="0"/>
</pin_list>
<bind>
<StgValue><ssdm name="_ssdm_op_Read.ap_auto.float"/></StgValue>
</bind>
</comp>

<comp id="140" class="1001" name="const_140">
<pin_list>
<pin id="141" dir="1" index="0" bw="1" slack="0"/>
</pin_list>
<bind>
<StgValue><ssdm name="_ssdm_op_Read.ap_auto.i6"/></StgValue>
</bind>
</comp>

<comp id="142" class="1001" name="const_142">
<pin_list>
<pin id="143" dir="1" index="0" bw="1" slack="0"/>
</pin_list>
<bind>
<StgValue><ssdm name=""/></StgValue>
</bind>
</comp>

<comp id="144" class="1001" name="const_144">
<pin_list>
<pin id="145" dir="1" index="0" bw="1" slack="0"/>
</pin_list>
<bind>
<StgValue><ssdm name=""/></StgValue>
</bind>
</comp>

<comp id="146" class="1001" name="const_146">
<pin_list>
<pin id="147" dir="1" index="0" bw="1" slack="0"/>
</pin_list>
<bind>
<StgValue><ssdm name=""/></StgValue>
</bind>
</comp>

<comp id="148" class="1001" name="const_148">
<pin_list>
<pin id="149" dir="1" index="0" bw="1" slack="0"/>
</pin_list>
<bind>
<StgValue><ssdm name=""/></StgValue>
</bind>
</comp>

<comp id="150" class="1001" name="const_150">
<pin_list>
<pin id="151" dir="1" index="0" bw="1" slack="0"/>
</pin_list>
<bind>
<StgValue><ssdm name=""/></StgValue>
</bind>
</comp>

<comp id="152" class="1001" name="const_152">
<pin_list>
<pin id="153" dir="1" index="0" bw="1" slack="2147483647"/>
</pin_list>
<bind>
<StgValue><ssdm name="_ssdm_op_SpecLoopName"/></StgValue>
</bind>
</comp>

<comp id="154" class="1001" name="const_154">
<pin_list>
<pin id="155" dir="1" index="0" bw="1" slack="2147483647"/>
</pin_list>
<bind>
<StgValue><ssdm name="l_store_C_tile_sj5_l_si5_str"/></StgValue>
</bind>
</comp>

<comp id="156" class="1001" name="const_156">
<pin_list>
<pin id="157" dir="1" index="0" bw="1" slack="2147483647"/>
</pin_list>
<bind>
<StgValue><ssdm name="_ssdm_op_SpecLoopTripCount"/></StgValue>
</bind>
</comp>

<comp id="158" class="1001" name="const_158">
<pin_list>
<pin id="159" dir="1" index="0" bw="1" slack="2147483647"/>
</pin_list>
<bind>
<StgValue><ssdm name=""/></StgValue>
</bind>
</comp>

<comp id="160" class="1001" name="const_160">
<pin_list>
<pin id="161" dir="1" index="0" bw="1" slack="0"/>
</pin_list>
<bind>
<StgValue><ssdm name=""/></StgValue>
</bind>
</comp>

<comp id="162" class="1001" name="const_162">
<pin_list>
<pin id="163" dir="1" index="0" bw="1" slack="0"/>
</pin_list>
<bind>
<StgValue><ssdm name="_ssdm_op_SparseMux.ap_auto.8f32.f32.i3"/></StgValue>
</bind>
</comp>

<comp id="164" class="1001" name="const_164">
<pin_list>
<pin id="165" dir="1" index="0" bw="1" slack="0"/>
</pin_list>
<bind>
<StgValue><ssdm name=""/></StgValue>
</bind>
</comp>

<comp id="166" class="1001" name="const_166">
<pin_list>
<pin id="167" dir="1" index="0" bw="1" slack="0"/>
</pin_list>
<bind>
<StgValue><ssdm name=""/></StgValue>
</bind>
</comp>

<comp id="168" class="1001" name="const_168">
<pin_list>
<pin id="169" dir="1" index="0" bw="1" slack="0"/>
</pin_list>
<bind>
<StgValue><ssdm name=""/></StgValue>
</bind>
</comp>

<comp id="170" class="1001" name="const_170">
<pin_list>
<pin id="171" dir="1" index="0" bw="1" slack="0"/>
</pin_list>
<bind>
<StgValue><ssdm name=""/></StgValue>
</bind>
</comp>

<comp id="172" class="1001" name="const_172">
<pin_list>
<pin id="173" dir="1" index="0" bw="1" slack="0"/>
</pin_list>
<bind>
<StgValue><ssdm name=""/></StgValue>
</bind>
</comp>

<comp id="174" class="1001" name="const_174">
<pin_list>
<pin id="175" dir="1" index="0" bw="1" slack="0"/>
</pin_list>
<bind>
<StgValue><ssdm name=""/></StgValue>
</bind>
</comp>

<comp id="176" class="1001" name="const_176">
<pin_list>
<pin id="177" dir="1" index="0" bw="1" slack="0"/>
</pin_list>
<bind>
<StgValue><ssdm name=""/></StgValue>
</bind>
</comp>

<comp id="178" class="1001" name="const_178">
<pin_list>
<pin id="179" dir="1" index="0" bw="1" slack="0"/>
</pin_list>
<bind>
<StgValue><ssdm name=""/></StgValue>
</bind>
</comp>

<comp id="180" class="1001" name="const_180">
<pin_list>
<pin id="181" dir="1" index="0" bw="1" slack="0"/>
</pin_list>
<bind>
<StgValue><ssdm name=""/></StgValue>
</bind>
</comp>

<comp id="182" class="1001" name="const_182">
<pin_list>
<pin id="183" dir="1" index="0" bw="1" slack="2147483647"/>
</pin_list>
<bind>
<StgValue><ssdm name="_ssdm_op_SpecPipeline"/></StgValue>
</bind>
</comp>

<comp id="184" class="1001" name="const_184">
<pin_list>
<pin id="185" dir="1" index="0" bw="1" slack="2147483647"/>
</pin_list>
<bind>
<StgValue><ssdm name=""/></StgValue>
</bind>
</comp>

<comp id="186" class="1001" name="const_186">
<pin_list>
<pin id="187" dir="1" index="0" bw="1" slack="2147483647"/>
</pin_list>
<bind>
<StgValue><ssdm name="empty_219"/></StgValue>
</bind>
</comp>

<comp id="188" class="1001" name="const_188">
<pin_list>
<pin id="189" dir="1" index="0" bw="1" slack="0"/>
</pin_list>
<bind>
<StgValue><ssdm name="_ssdm_op_BitConcatenate.i16.i10.i6"/></StgValue>
</bind>
</comp>

<comp id="190" class="1001" name="const_190">
<pin_list>
<pin id="191" dir="1" index="0" bw="1" slack="0"/>
</pin_list>
<bind>
<StgValue><ssdm name=""/></StgValue>
</bind>
</comp>

<comp id="192" class="1004" name="si5_fu_192">
<pin_list>
<pin id="193" dir="0" index="0" bw="1" slack="0"/>
<pin id="194" dir="1" index="1" bw="4" slack="0"/>
</pin_list>
<bind>
<opcode="alloca(26) " fcode="alloca"/>
<opset="si5/1 "/>
</bind>
</comp>

<comp id="196" class="1004" name="sj5_fu_196">
<pin_list>
<pin id="197" dir="0" index="0" bw="1" slack="0"/>
<pin id="198" dir="1" index="1" bw="4" slack="0"/>
</pin_list>
<bind>
<opcode="alloca(26) " fcode="alloca"/>
<opset="sj5/1 "/>
</bind>
</comp>

<comp id="200" class="1004" name="indvar_flatten13_fu_200">
<pin_list>
<pin id="201" dir="0" index="0" bw="1" slack="0"/>
<pin id="202" dir="1" index="1" bw="7" slack="0"/>
</pin_list>
<bind>
<opcode="alloca(26) " fcode="alloca"/>
<opset="indvar_flatten13/1 "/>
</bind>
</comp>

<comp id="204" class="1004" name="p_mid2_read_read_fu_204">
<pin_list>
<pin id="205" dir="0" index="0" bw="10" slack="0"/>
<pin id="206" dir="0" index="1" bw="10" slack="0"/>
<pin id="207" dir="1" index="2" bw="10" slack="0"/>
</pin_list>
<bind>
<opcode="read(1150) " fcode="read"/>
<opset="p_mid2_read/1 "/>
</bind>
</comp>

<comp id="210" class="1004" name="local_C5_63_load_read_read_fu_210">
<pin_list>
<pin id="211" dir="0" index="0" bw="32" slack="0"/>
<pin id="212" dir="0" index="1" bw="32" slack="0"/>
<pin id="213" dir="1" index="2" bw="32" slack="0"/>
</pin_list>
<bind>
<opcode="read(1150) " fcode="read"/>
<opset="local_C5_63_load_read/1 "/>
</bind>
</comp>

<comp id="216" class="1004" name="local_C5_62_load_read_read_fu_216">
<pin_list>
<pin id="217" dir="0" index="0" bw="32" slack="0"/>
<pin id="218" dir="0" index="1" bw="32" slack="0"/>
<pin id="219" dir="1" index="2" bw="32" slack="0"/>
</pin_list>
<bind>
<opcode="read(1150) " fcode="read"/>
<opset="local_C5_62_load_read/1 "/>
</bind>
</comp>

<comp id="222" class="1004" name="local_C5_61_load_read_read_fu_222">
<pin_list>
<pin id="223" dir="0" index="0" bw="32" slack="0"/>
<pin id="224" dir="0" index="1" bw="32" slack="0"/>
<pin id="225" dir="1" index="2" bw="32" slack="0"/>
</pin_list>
<bind>
<opcode="read(1150) " fcode="read"/>
<opset="local_C5_61_load_read/1 "/>
</bind>
</comp>

<comp id="228" class="1004" name="local_C5_60_load_read_read_fu_228">
<pin_list>
<pin id="229" dir="0" index="0" bw="32" slack="0"/>
<pin id="230" dir="0" index="1" bw="32" slack="0"/>
<pin id="231" dir="1" index="2" bw="32" slack="0"/>
</pin_list>
<bind>
<opcode="read(1150) " fcode="read"/>
<opset="local_C5_60_load_read/1 "/>
</bind>
</comp>

<comp id="234" class="1004" name="local_C5_59_load_read_read_fu_234">
<pin_list>
<pin id="235" dir="0" index="0" bw="32" slack="0"/>
<pin id="236" dir="0" index="1" bw="32" slack="0"/>
<pin id="237" dir="1" index="2" bw="32" slack="0"/>
</pin_list>
<bind>
<opcode="read(1150) " fcode="read"/>
<opset="local_C5_59_load_read/1 "/>
</bind>
</comp>

<comp id="240" class="1004" name="local_C5_58_load_read_read_fu_240">
<pin_list>
<pin id="241" dir="0" index="0" bw="32" slack="0"/>
<pin id="242" dir="0" index="1" bw="32" slack="0"/>
<pin id="243" dir="1" index="2" bw="32" slack="0"/>
</pin_list>
<bind>
<opcode="read(1150) " fcode="read"/>
<opset="local_C5_58_load_read/1 "/>
</bind>
</comp>

<comp id="246" class="1004" name="local_C5_57_load_read_read_fu_246">
<pin_list>
<pin id="247" dir="0" index="0" bw="32" slack="0"/>
<pin id="248" dir="0" index="1" bw="32" slack="0"/>
<pin id="249" dir="1" index="2" bw="32" slack="0"/>
</pin_list>
<bind>
<opcode="read(1150) " fcode="read"/>
<opset="local_C5_57_load_read/1 "/>
</bind>
</comp>

<comp id="252" class="1004" name="local_C5_56_load_read_read_fu_252">
<pin_list>
<pin id="253" dir="0" index="0" bw="32" slack="0"/>
<pin id="254" dir="0" index="1" bw="32" slack="0"/>
<pin id="255" dir="1" index="2" bw="32" slack="0"/>
</pin_list>
<bind>
<opcode="read(1150) " fcode="read"/>
<opset="local_C5_56_load_read/1 "/>
</bind>
</comp>

<comp id="258" class="1004" name="local_C5_55_load_read_read_fu_258">
<pin_list>
<pin id="259" dir="0" index="0" bw="32" slack="0"/>
<pin id="260" dir="0" index="1" bw="32" slack="0"/>
<pin id="261" dir="1" index="2" bw="32" slack="0"/>
</pin_list>
<bind>
<opcode="read(1150) " fcode="read"/>
<opset="local_C5_55_load_read/1 "/>
</bind>
</comp>

<comp id="264" class="1004" name="local_C5_54_load_read_read_fu_264">
<pin_list>
<pin id="265" dir="0" index="0" bw="32" slack="0"/>
<pin id="266" dir="0" index="1" bw="32" slack="0"/>
<pin id="267" dir="1" index="2" bw="32" slack="0"/>
</pin_list>
<bind>
<opcode="read(1150) " fcode="read"/>
<opset="local_C5_54_load_read/1 "/>
</bind>
</comp>

<comp id="270" class="1004" name="local_C5_53_load_read_read_fu_270">
<pin_list>
<pin id="271" dir="0" index="0" bw="32" slack="0"/>
<pin id="272" dir="0" index="1" bw="32" slack="0"/>
<pin id="273" dir="1" index="2" bw="32" slack="0"/>
</pin_list>
<bind>
<opcode="read(1150) " fcode="read"/>
<opset="local_C5_53_load_read/1 "/>
</bind>
</comp>

<comp id="276" class="1004" name="local_C5_52_load_read_read_fu_276">
<pin_list>
<pin id="277" dir="0" index="0" bw="32" slack="0"/>
<pin id="278" dir="0" index="1" bw="32" slack="0"/>
<pin id="279" dir="1" index="2" bw="32" slack="0"/>
</pin_list>
<bind>
<opcode="read(1150) " fcode="read"/>
<opset="local_C5_52_load_read/1 "/>
</bind>
</comp>

<comp id="282" class="1004" name="local_C5_51_load_read_read_fu_282">
<pin_list>
<pin id="283" dir="0" index="0" bw="32" slack="0"/>
<pin id="284" dir="0" index="1" bw="32" slack="0"/>
<pin id="285" dir="1" index="2" bw="32" slack="0"/>
</pin_list>
<bind>
<opcode="read(1150) " fcode="read"/>
<opset="local_C5_51_load_read/1 "/>
</bind>
</comp>

<comp id="288" class="1004" name="local_C5_50_load_read_read_fu_288">
<pin_list>
<pin id="289" dir="0" index="0" bw="32" slack="0"/>
<pin id="290" dir="0" index="1" bw="32" slack="0"/>
<pin id="291" dir="1" index="2" bw="32" slack="0"/>
</pin_list>
<bind>
<opcode="read(1150) " fcode="read"/>
<opset="local_C5_50_load_read/1 "/>
</bind>
</comp>

<comp id="294" class="1004" name="local_C5_49_load_read_read_fu_294">
<pin_list>
<pin id="295" dir="0" index="0" bw="32" slack="0"/>
<pin id="296" dir="0" index="1" bw="32" slack="0"/>
<pin id="297" dir="1" index="2" bw="32" slack="0"/>
</pin_list>
<bind>
<opcode="read(1150) " fcode="read"/>
<opset="local_C5_49_load_read/1 "/>
</bind>
</comp>

<comp id="300" class="1004" name="local_C5_48_load_read_read_fu_300">
<pin_list>
<pin id="301" dir="0" index="0" bw="32" slack="0"/>
<pin id="302" dir="0" index="1" bw="32" slack="0"/>
<pin id="303" dir="1" index="2" bw="32" slack="0"/>
</pin_list>
<bind>
<opcode="read(1150) " fcode="read"/>
<opset="local_C5_48_load_read/1 "/>
</bind>
</comp>

<comp id="306" class="1004" name="local_C5_47_load_read_read_fu_306">
<pin_list>
<pin id="307" dir="0" index="0" bw="32" slack="0"/>
<pin id="308" dir="0" index="1" bw="32" slack="0"/>
<pin id="309" dir="1" index="2" bw="32" slack="0"/>
</pin_list>
<bind>
<opcode="read(1150) " fcode="read"/>
<opset="local_C5_47_load_read/1 "/>
</bind>
</comp>

<comp id="312" class="1004" name="local_C5_46_load_read_read_fu_312">
<pin_list>
<pin id="313" dir="0" index="0" bw="32" slack="0"/>
<pin id="314" dir="0" index="1" bw="32" slack="0"/>
<pin id="315" dir="1" index="2" bw="32" slack="0"/>
</pin_list>
<bind>
<opcode="read(1150) " fcode="read"/>
<opset="local_C5_46_load_read/1 "/>
</bind>
</comp>

<comp id="318" class="1004" name="local_C5_45_load_read_read_fu_318">
<pin_list>
<pin id="319" dir="0" index="0" bw="32" slack="0"/>
<pin id="320" dir="0" index="1" bw="32" slack="0"/>
<pin id="321" dir="1" index="2" bw="32" slack="0"/>
</pin_list>
<bind>
<opcode="read(1150) " fcode="read"/>
<opset="local_C5_45_load_read/1 "/>
</bind>
</comp>

<comp id="324" class="1004" name="local_C5_44_load_read_read_fu_324">
<pin_list>
<pin id="325" dir="0" index="0" bw="32" slack="0"/>
<pin id="326" dir="0" index="1" bw="32" slack="0"/>
<pin id="327" dir="1" index="2" bw="32" slack="0"/>
</pin_list>
<bind>
<opcode="read(1150) " fcode="read"/>
<opset="local_C5_44_load_read/1 "/>
</bind>
</comp>

<comp id="330" class="1004" name="local_C5_43_load_read_read_fu_330">
<pin_list>
<pin id="331" dir="0" index="0" bw="32" slack="0"/>
<pin id="332" dir="0" index="1" bw="32" slack="0"/>
<pin id="333" dir="1" index="2" bw="32" slack="0"/>
</pin_list>
<bind>
<opcode="read(1150) " fcode="read"/>
<opset="local_C5_43_load_read/1 "/>
</bind>
</comp>

<comp id="336" class="1004" name="local_C5_42_load_read_read_fu_336">
<pin_list>
<pin id="337" dir="0" index="0" bw="32" slack="0"/>
<pin id="338" dir="0" index="1" bw="32" slack="0"/>
<pin id="339" dir="1" index="2" bw="32" slack="0"/>
</pin_list>
<bind>
<opcode="read(1150) " fcode="read"/>
<opset="local_C5_42_load_read/1 "/>
</bind>
</comp>

<comp id="342" class="1004" name="local_C5_41_load_read_read_fu_342">
<pin_list>
<pin id="343" dir="0" index="0" bw="32" slack="0"/>
<pin id="344" dir="0" index="1" bw="32" slack="0"/>
<pin id="345" dir="1" index="2" bw="32" slack="0"/>
</pin_list>
<bind>
<opcode="read(1150) " fcode="read"/>
<opset="local_C5_41_load_read/1 "/>
</bind>
</comp>

<comp id="348" class="1004" name="local_C5_40_load_read_read_fu_348">
<pin_list>
<pin id="349" dir="0" index="0" bw="32" slack="0"/>
<pin id="350" dir="0" index="1" bw="32" slack="0"/>
<pin id="351" dir="1" index="2" bw="32" slack="0"/>
</pin_list>
<bind>
<opcode="read(1150) " fcode="read"/>
<opset="local_C5_40_load_read/1 "/>
</bind>
</comp>

<comp id="354" class="1004" name="local_C5_39_load_read_read_fu_354">
<pin_list>
<pin id="355" dir="0" index="0" bw="32" slack="0"/>
<pin id="356" dir="0" index="1" bw="32" slack="0"/>
<pin id="357" dir="1" index="2" bw="32" slack="0"/>
</pin_list>
<bind>
<opcode="read(1150) " fcode="read"/>
<opset="local_C5_39_load_read/1 "/>
</bind>
</comp>

<comp id="360" class="1004" name="local_C5_38_load_read_read_fu_360">
<pin_list>
<pin id="361" dir="0" index="0" bw="32" slack="0"/>
<pin id="362" dir="0" index="1" bw="32" slack="0"/>
<pin id="363" dir="1" index="2" bw="32" slack="0"/>
</pin_list>
<bind>
<opcode="read(1150) " fcode="read"/>
<opset="local_C5_38_load_read/1 "/>
</bind>
</comp>

<comp id="366" class="1004" name="local_C5_37_load_read_read_fu_366">
<pin_list>
<pin id="367" dir="0" index="0" bw="32" slack="0"/>
<pin id="368" dir="0" index="1" bw="32" slack="0"/>
<pin id="369" dir="1" index="2" bw="32" slack="0"/>
</pin_list>
<bind>
<opcode="read(1150) " fcode="read"/>
<opset="local_C5_37_load_read/1 "/>
</bind>
</comp>

<comp id="372" class="1004" name="local_C5_36_load_read_read_fu_372">
<pin_list>
<pin id="373" dir="0" index="0" bw="32" slack="0"/>
<pin id="374" dir="0" index="1" bw="32" slack="0"/>
<pin id="375" dir="1" index="2" bw="32" slack="0"/>
</pin_list>
<bind>
<opcode="read(1150) " fcode="read"/>
<opset="local_C5_36_load_read/1 "/>
</bind>
</comp>

<comp id="378" class="1004" name="local_C5_35_load_read_read_fu_378">
<pin_list>
<pin id="379" dir="0" index="0" bw="32" slack="0"/>
<pin id="380" dir="0" index="1" bw="32" slack="0"/>
<pin id="381" dir="1" index="2" bw="32" slack="0"/>
</pin_list>
<bind>
<opcode="read(1150) " fcode="read"/>
<opset="local_C5_35_load_read/1 "/>
</bind>
</comp>

<comp id="384" class="1004" name="local_C5_34_load_read_read_fu_384">
<pin_list>
<pin id="385" dir="0" index="0" bw="32" slack="0"/>
<pin id="386" dir="0" index="1" bw="32" slack="0"/>
<pin id="387" dir="1" index="2" bw="32" slack="0"/>
</pin_list>
<bind>
<opcode="read(1150) " fcode="read"/>
<opset="local_C5_34_load_read/1 "/>
</bind>
</comp>

<comp id="390" class="1004" name="local_C5_33_load_read_read_fu_390">
<pin_list>
<pin id="391" dir="0" index="0" bw="32" slack="0"/>
<pin id="392" dir="0" index="1" bw="32" slack="0"/>
<pin id="393" dir="1" index="2" bw="32" slack="0"/>
</pin_list>
<bind>
<opcode="read(1150) " fcode="read"/>
<opset="local_C5_33_load_read/1 "/>
</bind>
</comp>

<comp id="396" class="1004" name="local_C5_32_load_read_read_fu_396">
<pin_list>
<pin id="397" dir="0" index="0" bw="32" slack="0"/>
<pin id="398" dir="0" index="1" bw="32" slack="0"/>
<pin id="399" dir="1" index="2" bw="32" slack="0"/>
</pin_list>
<bind>
<opcode="read(1150) " fcode="read"/>
<opset="local_C5_32_load_read/1 "/>
</bind>
</comp>

<comp id="402" class="1004" name="local_C5_31_load_read_read_fu_402">
<pin_list>
<pin id="403" dir="0" index="0" bw="32" slack="0"/>
<pin id="404" dir="0" index="1" bw="32" slack="0"/>
<pin id="405" dir="1" index="2" bw="32" slack="0"/>
</pin_list>
<bind>
<opcode="read(1150) " fcode="read"/>
<opset="local_C5_31_load_read/1 "/>
</bind>
</comp>

<comp id="408" class="1004" name="local_C5_30_load_read_read_fu_408">
<pin_list>
<pin id="409" dir="0" index="0" bw="32" slack="0"/>
<pin id="410" dir="0" index="1" bw="32" slack="0"/>
<pin id="411" dir="1" index="2" bw="32" slack="0"/>
</pin_list>
<bind>
<opcode="read(1150) " fcode="read"/>
<opset="local_C5_30_load_read/1 "/>
</bind>
</comp>

<comp id="414" class="1004" name="local_C5_29_load_read_read_fu_414">
<pin_list>
<pin id="415" dir="0" index="0" bw="32" slack="0"/>
<pin id="416" dir="0" index="1" bw="32" slack="0"/>
<pin id="417" dir="1" index="2" bw="32" slack="0"/>
</pin_list>
<bind>
<opcode="read(1150) " fcode="read"/>
<opset="local_C5_29_load_read/1 "/>
</bind>
</comp>

<comp id="420" class="1004" name="local_C5_28_load_read_read_fu_420">
<pin_list>
<pin id="421" dir="0" index="0" bw="32" slack="0"/>
<pin id="422" dir="0" index="1" bw="32" slack="0"/>
<pin id="423" dir="1" index="2" bw="32" slack="0"/>
</pin_list>
<bind>
<opcode="read(1150) " fcode="read"/>
<opset="local_C5_28_load_read/1 "/>
</bind>
</comp>

<comp id="426" class="1004" name="local_C5_27_load_read_read_fu_426">
<pin_list>
<pin id="427" dir="0" index="0" bw="32" slack="0"/>
<pin id="428" dir="0" index="1" bw="32" slack="0"/>
<pin id="429" dir="1" index="2" bw="32" slack="0"/>
</pin_list>
<bind>
<opcode="read(1150) " fcode="read"/>
<opset="local_C5_27_load_read/1 "/>
</bind>
</comp>

<comp id="432" class="1004" name="local_C5_26_load_read_read_fu_432">
<pin_list>
<pin id="433" dir="0" index="0" bw="32" slack="0"/>
<pin id="434" dir="0" index="1" bw="32" slack="0"/>
<pin id="435" dir="1" index="2" bw="32" slack="0"/>
</pin_list>
<bind>
<opcode="read(1150) " fcode="read"/>
<opset="local_C5_26_load_read/1 "/>
</bind>
</comp>

<comp id="438" class="1004" name="local_C5_25_load_read_read_fu_438">
<pin_list>
<pin id="439" dir="0" index="0" bw="32" slack="0"/>
<pin id="440" dir="0" index="1" bw="32" slack="0"/>
<pin id="441" dir="1" index="2" bw="32" slack="0"/>
</pin_list>
<bind>
<opcode="read(1150) " fcode="read"/>
<opset="local_C5_25_load_read/1 "/>
</bind>
</comp>

<comp id="444" class="1004" name="local_C5_24_load_read_read_fu_444">
<pin_list>
<pin id="445" dir="0" index="0" bw="32" slack="0"/>
<pin id="446" dir="0" index="1" bw="32" slack="0"/>
<pin id="447" dir="1" index="2" bw="32" slack="0"/>
</pin_list>
<bind>
<opcode="read(1150) " fcode="read"/>
<opset="local_C5_24_load_read/1 "/>
</bind>
</comp>

<comp id="450" class="1004" name="local_C5_23_load_read_read_fu_450">
<pin_list>
<pin id="451" dir="0" index="0" bw="32" slack="0"/>
<pin id="452" dir="0" index="1" bw="32" slack="0"/>
<pin id="453" dir="1" index="2" bw="32" slack="0"/>
</pin_list>
<bind>
<opcode="read(1150) " fcode="read"/>
<opset="local_C5_23_load_read/1 "/>
</bind>
</comp>

<comp id="456" class="1004" name="local_C5_22_load_read_read_fu_456">
<pin_list>
<pin id="457" dir="0" index="0" bw="32" slack="0"/>
<pin id="458" dir="0" index="1" bw="32" slack="0"/>
<pin id="459" dir="1" index="2" bw="32" slack="0"/>
</pin_list>
<bind>
<opcode="read(1150) " fcode="read"/>
<opset="local_C5_22_load_read/1 "/>
</bind>
</comp>

<comp id="462" class="1004" name="local_C5_21_load_read_read_fu_462">
<pin_list>
<pin id="463" dir="0" index="0" bw="32" slack="0"/>
<pin id="464" dir="0" index="1" bw="32" slack="0"/>
<pin id="465" dir="1" index="2" bw="32" slack="0"/>
</pin_list>
<bind>
<opcode="read(1150) " fcode="read"/>
<opset="local_C5_21_load_read/1 "/>
</bind>
</comp>

<comp id="468" class="1004" name="local_C5_20_load_read_read_fu_468">
<pin_list>
<pin id="469" dir="0" index="0" bw="32" slack="0"/>
<pin id="470" dir="0" index="1" bw="32" slack="0"/>
<pin id="471" dir="1" index="2" bw="32" slack="0"/>
</pin_list>
<bind>
<opcode="read(1150) " fcode="read"/>
<opset="local_C5_20_load_read/1 "/>
</bind>
</comp>

<comp id="474" class="1004" name="local_C5_19_load_read_read_fu_474">
<pin_list>
<pin id="475" dir="0" index="0" bw="32" slack="0"/>
<pin id="476" dir="0" index="1" bw="32" slack="0"/>
<pin id="477" dir="1" index="2" bw="32" slack="0"/>
</pin_list>
<bind>
<opcode="read(1150) " fcode="read"/>
<opset="local_C5_19_load_read/1 "/>
</bind>
</comp>

<comp id="480" class="1004" name="local_C5_18_load_read_read_fu_480">
<pin_list>
<pin id="481" dir="0" index="0" bw="32" slack="0"/>
<pin id="482" dir="0" index="1" bw="32" slack="0"/>
<pin id="483" dir="1" index="2" bw="32" slack="0"/>
</pin_list>
<bind>
<opcode="read(1150) " fcode="read"/>
<opset="local_C5_18_load_read/1 "/>
</bind>
</comp>

<comp id="486" class="1004" name="local_C5_17_load_read_read_fu_486">
<pin_list>
<pin id="487" dir="0" index="0" bw="32" slack="0"/>
<pin id="488" dir="0" index="1" bw="32" slack="0"/>
<pin id="489" dir="1" index="2" bw="32" slack="0"/>
</pin_list>
<bind>
<opcode="read(1150) " fcode="read"/>
<opset="local_C5_17_load_read/1 "/>
</bind>
</comp>

<comp id="492" class="1004" name="local_C5_16_load_read_read_fu_492">
<pin_list>
<pin id="493" dir="0" index="0" bw="32" slack="0"/>
<pin id="494" dir="0" index="1" bw="32" slack="0"/>
<pin id="495" dir="1" index="2" bw="32" slack="0"/>
</pin_list>
<bind>
<opcode="read(1150) " fcode="read"/>
<opset="local_C5_16_load_read/1 "/>
</bind>
</comp>

<comp id="498" class="1004" name="local_C5_15_load_read_read_fu_498">
<pin_list>
<pin id="499" dir="0" index="0" bw="32" slack="0"/>
<pin id="500" dir="0" index="1" bw="32" slack="0"/>
<pin id="501" dir="1" index="2" bw="32" slack="0"/>
</pin_list>
<bind>
<opcode="read(1150) " fcode="read"/>
<opset="local_C5_15_load_read/1 "/>
</bind>
</comp>

<comp id="504" class="1004" name="local_C5_14_load_read_read_fu_504">
<pin_list>
<pin id="505" dir="0" index="0" bw="32" slack="0"/>
<pin id="506" dir="0" index="1" bw="32" slack="0"/>
<pin id="507" dir="1" index="2" bw="32" slack="0"/>
</pin_list>
<bind>
<opcode="read(1150) " fcode="read"/>
<opset="local_C5_14_load_read/1 "/>
</bind>
</comp>

<comp id="510" class="1004" name="local_C5_13_load_read_read_fu_510">
<pin_list>
<pin id="511" dir="0" index="0" bw="32" slack="0"/>
<pin id="512" dir="0" index="1" bw="32" slack="0"/>
<pin id="513" dir="1" index="2" bw="32" slack="0"/>
</pin_list>
<bind>
<opcode="read(1150) " fcode="read"/>
<opset="local_C5_13_load_read/1 "/>
</bind>
</comp>

<comp id="516" class="1004" name="local_C5_12_load_read_read_fu_516">
<pin_list>
<pin id="517" dir="0" index="0" bw="32" slack="0"/>
<pin id="518" dir="0" index="1" bw="32" slack="0"/>
<pin id="519" dir="1" index="2" bw="32" slack="0"/>
</pin_list>
<bind>
<opcode="read(1150) " fcode="read"/>
<opset="local_C5_12_load_read/1 "/>
</bind>
</comp>

<comp id="522" class="1004" name="local_C5_11_load_read_read_fu_522">
<pin_list>
<pin id="523" dir="0" index="0" bw="32" slack="0"/>
<pin id="524" dir="0" index="1" bw="32" slack="0"/>
<pin id="525" dir="1" index="2" bw="32" slack="0"/>
</pin_list>
<bind>
<opcode="read(1150) " fcode="read"/>
<opset="local_C5_11_load_read/1 "/>
</bind>
</comp>

<comp id="528" class="1004" name="local_C5_10_load_read_read_fu_528">
<pin_list>
<pin id="529" dir="0" index="0" bw="32" slack="0"/>
<pin id="530" dir="0" index="1" bw="32" slack="0"/>
<pin id="531" dir="1" index="2" bw="32" slack="0"/>
</pin_list>
<bind>
<opcode="read(1150) " fcode="read"/>
<opset="local_C5_10_load_read/1 "/>
</bind>
</comp>

<comp id="534" class="1004" name="local_C5_9_load_read_read_fu_534">
<pin_list>
<pin id="535" dir="0" index="0" bw="32" slack="0"/>
<pin id="536" dir="0" index="1" bw="32" slack="0"/>
<pin id="537" dir="1" index="2" bw="32" slack="0"/>
</pin_list>
<bind>
<opcode="read(1150) " fcode="read"/>
<opset="local_C5_9_load_read/1 "/>
</bind>
</comp>

<comp id="540" class="1004" name="local_C5_8_load_read_read_fu_540">
<pin_list>
<pin id="541" dir="0" index="0" bw="32" slack="0"/>
<pin id="542" dir="0" index="1" bw="32" slack="0"/>
<pin id="543" dir="1" index="2" bw="32" slack="0"/>
</pin_list>
<bind>
<opcode="read(1150) " fcode="read"/>
<opset="local_C5_8_load_read/1 "/>
</bind>
</comp>

<comp id="546" class="1004" name="local_C5_7_load_read_read_fu_546">
<pin_list>
<pin id="547" dir="0" index="0" bw="32" slack="0"/>
<pin id="548" dir="0" index="1" bw="32" slack="0"/>
<pin id="549" dir="1" index="2" bw="32" slack="0"/>
</pin_list>
<bind>
<opcode="read(1150) " fcode="read"/>
<opset="local_C5_7_load_read/1 "/>
</bind>
</comp>

<comp id="552" class="1004" name="local_C5_6_load_read_read_fu_552">
<pin_list>
<pin id="553" dir="0" index="0" bw="32" slack="0"/>
<pin id="554" dir="0" index="1" bw="32" slack="0"/>
<pin id="555" dir="1" index="2" bw="32" slack="0"/>
</pin_list>
<bind>
<opcode="read(1150) " fcode="read"/>
<opset="local_C5_6_load_read/1 "/>
</bind>
</comp>

<comp id="558" class="1004" name="local_C5_5_load_read_read_fu_558">
<pin_list>
<pin id="559" dir="0" index="0" bw="32" slack="0"/>
<pin id="560" dir="0" index="1" bw="32" slack="0"/>
<pin id="561" dir="1" index="2" bw="32" slack="0"/>
</pin_list>
<bind>
<opcode="read(1150) " fcode="read"/>
<opset="local_C5_5_load_read/1 "/>
</bind>
</comp>

<comp id="564" class="1004" name="local_C5_4_load_read_read_fu_564">
<pin_list>
<pin id="565" dir="0" index="0" bw="32" slack="0"/>
<pin id="566" dir="0" index="1" bw="32" slack="0"/>
<pin id="567" dir="1" index="2" bw="32" slack="0"/>
</pin_list>
<bind>
<opcode="read(1150) " fcode="read"/>
<opset="local_C5_4_load_read/1 "/>
</bind>
</comp>

<comp id="570" class="1004" name="local_C5_3_load_read_read_fu_570">
<pin_list>
<pin id="571" dir="0" index="0" bw="32" slack="0"/>
<pin id="572" dir="0" index="1" bw="32" slack="0"/>
<pin id="573" dir="1" index="2" bw="32" slack="0"/>
</pin_list>
<bind>
<opcode="read(1150) " fcode="read"/>
<opset="local_C5_3_load_read/1 "/>
</bind>
</comp>

<comp id="576" class="1004" name="local_C5_2_load_read_read_fu_576">
<pin_list>
<pin id="577" dir="0" index="0" bw="32" slack="0"/>
<pin id="578" dir="0" index="1" bw="32" slack="0"/>
<pin id="579" dir="1" index="2" bw="32" slack="0"/>
</pin_list>
<bind>
<opcode="read(1150) " fcode="read"/>
<opset="local_C5_2_load_read/1 "/>
</bind>
</comp>

<comp id="582" class="1004" name="local_C5_1_load_read_read_fu_582">
<pin_list>
<pin id="583" dir="0" index="0" bw="32" slack="0"/>
<pin id="584" dir="0" index="1" bw="32" slack="0"/>
<pin id="585" dir="1" index="2" bw="32" slack="0"/>
</pin_list>
<bind>
<opcode="read(1150) " fcode="read"/>
<opset="local_C5_1_load_read/1 "/>
</bind>
</comp>

<comp id="588" class="1004" name="local_C5_load_read_read_fu_588">
<pin_list>
<pin id="589" dir="0" index="0" bw="32" slack="0"/>
<pin id="590" dir="0" index="1" bw="32" slack="0"/>
<pin id="591" dir="1" index="2" bw="32" slack="0"/>
</pin_list>
<bind>
<opcode="read(1150) " fcode="read"/>
<opset="local_C5_load_read/1 "/>
</bind>
</comp>

<comp id="594" class="1004" name="tmp_10_read_read_fu_594">
<pin_list>
<pin id="595" dir="0" index="0" bw="6" slack="0"/>
<pin id="596" dir="0" index="1" bw="6" slack="0"/>
<pin id="597" dir="1" index="2" bw="6" slack="0"/>
</pin_list>
<bind>
<opcode="read(1150) " fcode="read"/>
<opset="tmp_10_read/1 "/>
</bind>
</comp>

<comp id="600" class="1004" name="v8547_addr_gep_fu_600">
<pin_list>
<pin id="601" dir="0" index="0" bw="32" slack="0"/>
<pin id="602" dir="0" index="1" bw="1" slack="0"/>
<pin id="603" dir="0" index="2" bw="16" slack="0"/>
<pin id="604" dir="1" index="3" bw="16" slack="0"/>
</pin_list>
<bind>
<opcode="getelementptr(29) " fcode="getelementptr"/>
<opset="v8547_addr/1 "/>
</bind>
</comp>

<comp id="607" class="1004" name="store_ln15680_access_fu_607">
<pin_list>
<pin id="608" dir="0" index="0" bw="16" slack="0"/>
<pin id="609" dir="0" index="1" bw="32" slack="0"/>
<pin id="610" dir="0" index="2" bw="0" slack="2147483647"/>
<pin id="611" dir="1" index="3" bw="32" slack="2147483647"/>
</pin_list>
<bind>
<opcode="store(28) " fcode="store"/>
<opset="store_ln15680/1 "/>
</bind>
</comp>

<comp id="613" class="1004" name="store_ln0_store_fu_613">
<pin_list>
<pin id="614" dir="0" index="0" bw="1" slack="0"/>
<pin id="615" dir="0" index="1" bw="7" slack="0"/>
<pin id="616" dir="1" index="2" bw="0" slack="2147483647"/>
</pin_list>
<bind>
<opcode="store(28) " fcode="store"/>
<opset="store_ln0/1 "/>
</bind>
</comp>

<comp id="618" class="1004" name="store_ln15676_store_fu_618">
<pin_list>
<pin id="619" dir="0" index="0" bw="1" slack="0"/>
<pin id="620" dir="0" index="1" bw="4" slack="0"/>
<pin id="621" dir="1" index="2" bw="0" slack="2147483647"/>
</pin_list>
<bind>
<opcode="store(28) " fcode="store"/>
<opset="store_ln15676/1 "/>
</bind>
</comp>

<comp id="623" class="1004" name="store_ln15677_store_fu_623">
<pin_list>
<pin id="624" dir="0" index="0" bw="1" slack="0"/>
<pin id="625" dir="0" index="1" bw="4" slack="0"/>
<pin id="626" dir="1" index="2" bw="0" slack="2147483647"/>
</pin_list>
<bind>
<opcode="store(28) " fcode="store"/>
<opset="store_ln15677/1 "/>
</bind>
</comp>

<comp id="628" class="1004" name="indvar_flatten13_load_load_fu_628">
<pin_list>
<pin id="629" dir="0" index="0" bw="7" slack="0"/>
<pin id="630" dir="1" index="1" bw="7" slack="0"/>
</pin_list>
<bind>
<opcode="load(27) " fcode="load"/>
<opset="indvar_flatten13_load/1 "/>
</bind>
</comp>

<comp id="631" class="1004" name="icmp_ln15676_fu_631">
<pin_list>
<pin id="632" dir="0" index="0" bw="7" slack="0"/>
<pin id="633" dir="0" index="1" bw="7" slack="0"/>
<pin id="634" dir="1" index="2" bw="1" slack="2147483647"/>
</pin_list>
<bind>
<opcode="icmp(45) " fcode="icmp"/>
<opset="icmp_ln15676/1 "/>
</bind>
</comp>

<comp id="637" class="1004" name="add_ln15676_1_fu_637">
<pin_list>
<pin id="638" dir="0" index="0" bw="7" slack="0"/>
<pin id="639" dir="0" index="1" bw="1" slack="0"/>
<pin id="640" dir="1" index="2" bw="7" slack="0"/>
</pin_list>
<bind>
<opcode="add(8) " fcode="add"/>
<opset="add_ln15676_1/1 "/>
</bind>
</comp>

<comp id="643" class="1004" name="si5_load_load_fu_643">
<pin_list>
<pin id="644" dir="0" index="0" bw="4" slack="0"/>
<pin id="645" dir="1" index="1" bw="4" slack="0"/>
</pin_list>
<bind>
<opcode="load(27) " fcode="load"/>
<opset="si5_load/1 "/>
</bind>
</comp>

<comp id="646" class="1004" name="sj5_load_load_fu_646">
<pin_list>
<pin id="647" dir="0" index="0" bw="4" slack="0"/>
<pin id="648" dir="1" index="1" bw="4" slack="0"/>
</pin_list>
<bind>
<opcode="load(27) " fcode="load"/>
<opset="sj5_load/1 "/>
</bind>
</comp>

<comp id="649" class="1004" name="add_ln15676_fu_649">
<pin_list>
<pin id="650" dir="0" index="0" bw="4" slack="0"/>
<pin id="651" dir="0" index="1" bw="1" slack="0"/>
<pin id="652" dir="1" index="2" bw="4" slack="0"/>
</pin_list>
<bind>
<opcode="add(8) " fcode="add"/>
<opset="add_ln15676/1 "/>
</bind>
</comp>

<comp id="655" class="1004" name="icmp_ln15677_fu_655">
<pin_list>
<pin id="656" dir="0" index="0" bw="4" slack="0"/>
<pin id="657" dir="0" index="1" bw="4" slack="0"/>
<pin id="658" dir="1" index="2" bw="1" slack="0"/>
</pin_list>
<bind>
<opcode="icmp(45) " fcode="icmp"/>
<opset="icmp_ln15677/1 "/>
</bind>
</comp>

<comp id="661" class="1004" name="select_ln15676_fu_661">
<pin_list>
<pin id="662" dir="0" index="0" bw="1" slack="0"/>
<pin id="663" dir="0" index="1" bw="1" slack="0"/>
<pin id="664" dir="0" index="2" bw="4" slack="0"/>
<pin id="665" dir="1" index="3" bw="4" slack="0"/>
</pin_list>
<bind>
<opcode="select(49) " fcode="select"/>
<opset="select_ln15676/1 "/>
</bind>
</comp>

<comp id="669" class="1004" name="select_ln15676_1_fu_669">
<pin_list>
<pin id="670" dir="0" index="0" bw="1" slack="0"/>
<pin id="671" dir="0" index="1" bw="4" slack="0"/>
<pin id="672" dir="0" index="2" bw="4" slack="0"/>
<pin id="673" dir="1" index="3" bw="4" slack="0"/>
</pin_list>
<bind>
<opcode="select(49) " fcode="select"/>
<opset="select_ln15676_1/1 "/>
</bind>
</comp>

<comp id="677" class="1004" name="zext_ln15676_fu_677">
<pin_list>
<pin id="678" dir="0" index="0" bw="4" slack="0"/>
<pin id="679" dir="1" index="1" bw="6" slack="0"/>
</pin_list>
<bind>
<opcode="zext(34) " fcode="zext"/>
<opset="zext_ln15676/1 "/>
</bind>
</comp>

<comp id="681" class="1004" name="trunc_ln15676_fu_681">
<pin_list>
<pin id="682" dir="0" index="0" bw="4" slack="0"/>
<pin id="683" dir="1" index="1" bw="3" slack="0"/>
</pin_list>
<bind>
<opcode="trunc(33) " fcode="trunc"/>
<opset="trunc_ln15676/1 "/>
</bind>
</comp>

<comp id="685" class="1004" name="empty_fu_685">
<pin_list>
<pin id="686" dir="0" index="0" bw="6" slack="0"/>
<pin id="687" dir="0" index="1" bw="4" slack="0"/>
<pin id="688" dir="1" index="2" bw="6" slack="0"/>
</pin_list>
<bind>
<opcode="add(8) " fcode="add"/>
<opset="empty/1 "/>
</bind>
</comp>

<comp id="691" class="1004" name="tmp_fu_691">
<pin_list>
<pin id="692" dir="0" index="0" bw="32" slack="0"/>
<pin id="693" dir="0" index="1" bw="1" slack="0"/>
<pin id="694" dir="0" index="2" bw="32" slack="0"/>
<pin id="695" dir="0" index="3" bw="1" slack="0"/>
<pin id="696" dir="0" index="4" bw="32" slack="0"/>
<pin id="697" dir="0" index="5" bw="3" slack="0"/>
<pin id="698" dir="0" index="6" bw="32" slack="0"/>
<pin id="699" dir="0" index="7" bw="3" slack="0"/>
<pin id="700" dir="0" index="8" bw="32" slack="0"/>
<pin id="701" dir="0" index="9" bw="3" slack="0"/>
<pin id="702" dir="0" index="10" bw="32" slack="0"/>
<pin id="703" dir="0" index="11" bw="3" slack="0"/>
<pin id="704" dir="0" index="12" bw="32" slack="0"/>
<pin id="705" dir="0" index="13" bw="2" slack="0"/>
<pin id="706" dir="0" index="14" bw="32" slack="0"/>
<pin id="707" dir="0" index="15" bw="1" slack="0"/>
<pin id="708" dir="0" index="16" bw="32" slack="0"/>
<pin id="709" dir="0" index="17" bw="32" slack="0"/>
<pin id="710" dir="0" index="18" bw="3" slack="0"/>
<pin id="711" dir="1" index="19" bw="32" slack="0"/>
</pin_list>
<bind>
<opcode="sparsemux(1197) " fcode="sparsemux"/>
<opset="tmp/1 "/>
</bind>
</comp>

<comp id="731" class="1004" name="tmp_1_fu_731">
<pin_list>
<pin id="732" dir="0" index="0" bw="32" slack="0"/>
<pin id="733" dir="0" index="1" bw="1" slack="0"/>
<pin id="734" dir="0" index="2" bw="32" slack="0"/>
<pin id="735" dir="0" index="3" bw="1" slack="0"/>
<pin id="736" dir="0" index="4" bw="32" slack="0"/>
<pin id="737" dir="0" index="5" bw="3" slack="0"/>
<pin id="738" dir="0" index="6" bw="32" slack="0"/>
<pin id="739" dir="0" index="7" bw="3" slack="0"/>
<pin id="740" dir="0" index="8" bw="32" slack="0"/>
<pin id="741" dir="0" index="9" bw="3" slack="0"/>
<pin id="742" dir="0" index="10" bw="32" slack="0"/>
<pin id="743" dir="0" index="11" bw="3" slack="0"/>
<pin id="744" dir="0" index="12" bw="32" slack="0"/>
<pin id="745" dir="0" index="13" bw="2" slack="0"/>
<pin id="746" dir="0" index="14" bw="32" slack="0"/>
<pin id="747" dir="0" index="15" bw="1" slack="0"/>
<pin id="748" dir="0" index="16" bw="32" slack="0"/>
<pin id="749" dir="0" index="17" bw="32" slack="0"/>
<pin id="750" dir="0" index="18" bw="3" slack="0"/>
<pin id="751" dir="1" index="19" bw="32" slack="0"/>
</pin_list>
<bind>
<opcode="sparsemux(1197) " fcode="sparsemux"/>
<opset="tmp_1/1 "/>
</bind>
</comp>

<comp id="771" class="1004" name="tmp_2_fu_771">
<pin_list>
<pin id="772" dir="0" index="0" bw="32" slack="0"/>
<pin id="773" dir="0" index="1" bw="1" slack="0"/>
<pin id="774" dir="0" index="2" bw="32" slack="0"/>
<pin id="775" dir="0" index="3" bw="1" slack="0"/>
<pin id="776" dir="0" index="4" bw="32" slack="0"/>
<pin id="777" dir="0" index="5" bw="3" slack="0"/>
<pin id="778" dir="0" index="6" bw="32" slack="0"/>
<pin id="779" dir="0" index="7" bw="3" slack="0"/>
<pin id="780" dir="0" index="8" bw="32" slack="0"/>
<pin id="781" dir="0" index="9" bw="3" slack="0"/>
<pin id="782" dir="0" index="10" bw="32" slack="0"/>
<pin id="783" dir="0" index="11" bw="3" slack="0"/>
<pin id="784" dir="0" index="12" bw="32" slack="0"/>
<pin id="785" dir="0" index="13" bw="2" slack="0"/>
<pin id="786" dir="0" index="14" bw="32" slack="0"/>
<pin id="787" dir="0" index="15" bw="1" slack="0"/>
<pin id="788" dir="0" index="16" bw="32" slack="0"/>
<pin id="789" dir="0" index="17" bw="32" slack="0"/>
<pin id="790" dir="0" index="18" bw="3" slack="0"/>
<pin id="791" dir="1" index="19" bw="32" slack="0"/>
</pin_list>
<bind>
<opcode="sparsemux(1197) " fcode="sparsemux"/>
<opset="tmp_2/1 "/>
</bind>
</comp>

<comp id="811" class="1004" name="tmp_3_fu_811">
<pin_list>
<pin id="812" dir="0" index="0" bw="32" slack="0"/>
<pin id="813" dir="0" index="1" bw="1" slack="0"/>
<pin id="814" dir="0" index="2" bw="32" slack="0"/>
<pin id="815" dir="0" index="3" bw="1" slack="0"/>
<pin id="816" dir="0" index="4" bw="32" slack="0"/>
<pin id="817" dir="0" index="5" bw="3" slack="0"/>
<pin id="818" dir="0" index="6" bw="32" slack="0"/>
<pin id="819" dir="0" index="7" bw="3" slack="0"/>
<pin id="820" dir="0" index="8" bw="32" slack="0"/>
<pin id="821" dir="0" index="9" bw="3" slack="0"/>
<pin id="822" dir="0" index="10" bw="32" slack="0"/>
<pin id="823" dir="0" index="11" bw="3" slack="0"/>
<pin id="824" dir="0" index="12" bw="32" slack="0"/>
<pin id="825" dir="0" index="13" bw="2" slack="0"/>
<pin id="826" dir="0" index="14" bw="32" slack="0"/>
<pin id="827" dir="0" index="15" bw="1" slack="0"/>
<pin id="828" dir="0" index="16" bw="32" slack="0"/>
<pin id="829" dir="0" index="17" bw="32" slack="0"/>
<pin id="830" dir="0" index="18" bw="3" slack="0"/>
<pin id="831" dir="1" index="19" bw="32" slack="0"/>
</pin_list>
<bind>
<opcode="sparsemux(1197) " fcode="sparsemux"/>
<opset="tmp_3/1 "/>
</bind>
</comp>

<comp id="851" class="1004" name="tmp_4_fu_851">
<pin_list>
<pin id="852" dir="0" index="0" bw="32" slack="0"/>
<pin id="853" dir="0" index="1" bw="1" slack="0"/>
<pin id="854" dir="0" index="2" bw="32" slack="0"/>
<pin id="855" dir="0" index="3" bw="1" slack="0"/>
<pin id="856" dir="0" index="4" bw="32" slack="0"/>
<pin id="857" dir="0" index="5" bw="3" slack="0"/>
<pin id="858" dir="0" index="6" bw="32" slack="0"/>
<pin id="859" dir="0" index="7" bw="3" slack="0"/>
<pin id="860" dir="0" index="8" bw="32" slack="0"/>
<pin id="861" dir="0" index="9" bw="3" slack="0"/>
<pin id="862" dir="0" index="10" bw="32" slack="0"/>
<pin id="863" dir="0" index="11" bw="3" slack="0"/>
<pin id="864" dir="0" index="12" bw="32" slack="0"/>
<pin id="865" dir="0" index="13" bw="2" slack="0"/>
<pin id="866" dir="0" index="14" bw="32" slack="0"/>
<pin id="867" dir="0" index="15" bw="1" slack="0"/>
<pin id="868" dir="0" index="16" bw="32" slack="0"/>
<pin id="869" dir="0" index="17" bw="32" slack="0"/>
<pin id="870" dir="0" index="18" bw="3" slack="0"/>
<pin id="871" dir="1" index="19" bw="32" slack="0"/>
</pin_list>
<bind>
<opcode="sparsemux(1197) " fcode="sparsemux"/>
<opset="tmp_4/1 "/>
</bind>
</comp>

<comp id="891" class="1004" name="tmp_5_fu_891">
<pin_list>
<pin id="892" dir="0" index="0" bw="32" slack="0"/>
<pin id="893" dir="0" index="1" bw="1" slack="0"/>
<pin id="894" dir="0" index="2" bw="32" slack="0"/>
<pin id="895" dir="0" index="3" bw="1" slack="0"/>
<pin id="896" dir="0" index="4" bw="32" slack="0"/>
<pin id="897" dir="0" index="5" bw="3" slack="0"/>
<pin id="898" dir="0" index="6" bw="32" slack="0"/>
<pin id="899" dir="0" index="7" bw="3" slack="0"/>
<pin id="900" dir="0" index="8" bw="32" slack="0"/>
<pin id="901" dir="0" index="9" bw="3" slack="0"/>
<pin id="902" dir="0" index="10" bw="32" slack="0"/>
<pin id="903" dir="0" index="11" bw="3" slack="0"/>
<pin id="904" dir="0" index="12" bw="32" slack="0"/>
<pin id="905" dir="0" index="13" bw="2" slack="0"/>
<pin id="906" dir="0" index="14" bw="32" slack="0"/>
<pin id="907" dir="0" index="15" bw="1" slack="0"/>
<pin id="908" dir="0" index="16" bw="32" slack="0"/>
<pin id="909" dir="0" index="17" bw="32" slack="0"/>
<pin id="910" dir="0" index="18" bw="3" slack="0"/>
<pin id="911" dir="1" index="19" bw="32" slack="0"/>
</pin_list>
<bind>
<opcode="sparsemux(1197) " fcode="sparsemux"/>
<opset="tmp_5/1 "/>
</bind>
</comp>

<comp id="931" class="1004" name="tmp_6_fu_931">
<pin_list>
<pin id="932" dir="0" index="0" bw="32" slack="0"/>
<pin id="933" dir="0" index="1" bw="1" slack="0"/>
<pin id="934" dir="0" index="2" bw="32" slack="0"/>
<pin id="935" dir="0" index="3" bw="1" slack="0"/>
<pin id="936" dir="0" index="4" bw="32" slack="0"/>
<pin id="937" dir="0" index="5" bw="3" slack="0"/>
<pin id="938" dir="0" index="6" bw="32" slack="0"/>
<pin id="939" dir="0" index="7" bw="3" slack="0"/>
<pin id="940" dir="0" index="8" bw="32" slack="0"/>
<pin id="941" dir="0" index="9" bw="3" slack="0"/>
<pin id="942" dir="0" index="10" bw="32" slack="0"/>
<pin id="943" dir="0" index="11" bw="3" slack="0"/>
<pin id="944" dir="0" index="12" bw="32" slack="0"/>
<pin id="945" dir="0" index="13" bw="2" slack="0"/>
<pin id="946" dir="0" index="14" bw="32" slack="0"/>
<pin id="947" dir="0" index="15" bw="1" slack="0"/>
<pin id="948" dir="0" index="16" bw="32" slack="0"/>
<pin id="949" dir="0" index="17" bw="32" slack="0"/>
<pin id="950" dir="0" index="18" bw="3" slack="0"/>
<pin id="951" dir="1" index="19" bw="32" slack="0"/>
</pin_list>
<bind>
<opcode="sparsemux(1197) " fcode="sparsemux"/>
<opset="tmp_6/1 "/>
</bind>
</comp>

<comp id="971" class="1004" name="tmp_7_fu_971">
<pin_list>
<pin id="972" dir="0" index="0" bw="32" slack="0"/>
<pin id="973" dir="0" index="1" bw="1" slack="0"/>
<pin id="974" dir="0" index="2" bw="32" slack="0"/>
<pin id="975" dir="0" index="3" bw="1" slack="0"/>
<pin id="976" dir="0" index="4" bw="32" slack="0"/>
<pin id="977" dir="0" index="5" bw="3" slack="0"/>
<pin id="978" dir="0" index="6" bw="32" slack="0"/>
<pin id="979" dir="0" index="7" bw="3" slack="0"/>
<pin id="980" dir="0" index="8" bw="32" slack="0"/>
<pin id="981" dir="0" index="9" bw="3" slack="0"/>
<pin id="982" dir="0" index="10" bw="32" slack="0"/>
<pin id="983" dir="0" index="11" bw="3" slack="0"/>
<pin id="984" dir="0" index="12" bw="32" slack="0"/>
<pin id="985" dir="0" index="13" bw="2" slack="0"/>
<pin id="986" dir="0" index="14" bw="32" slack="0"/>
<pin id="987" dir="0" index="15" bw="1" slack="0"/>
<pin id="988" dir="0" index="16" bw="32" slack="0"/>
<pin id="989" dir="0" index="17" bw="32" slack="0"/>
<pin id="990" dir="0" index="18" bw="3" slack="0"/>
<pin id="991" dir="1" index="19" bw="32" slack="0"/>
</pin_list>
<bind>
<opcode="sparsemux(1197) " fcode="sparsemux"/>
<opset="tmp_7/1 "/>
</bind>
</comp>

<comp id="1011" class="1004" name="zext_ln15677_fu_1011">
<pin_list>
<pin id="1012" dir="0" index="0" bw="4" slack="0"/>
<pin id="1013" dir="1" index="1" bw="10" slack="0"/>
</pin_list>
<bind>
<opcode="zext(34) " fcode="zext"/>
<opset="zext_ln15677/1 "/>
</bind>
</comp>

<comp id="1015" class="1004" name="trunc_ln15677_fu_1015">
<pin_list>
<pin id="1016" dir="0" index="0" bw="4" slack="0"/>
<pin id="1017" dir="1" index="1" bw="3" slack="0"/>
</pin_list>
<bind>
<opcode="trunc(33) " fcode="trunc"/>
<opset="trunc_ln15677/1 "/>
</bind>
</comp>

<comp id="1019" class="1004" name="v8563_fu_1019">
<pin_list>
<pin id="1020" dir="0" index="0" bw="32" slack="0"/>
<pin id="1021" dir="0" index="1" bw="1" slack="0"/>
<pin id="1022" dir="0" index="2" bw="32" slack="0"/>
<pin id="1023" dir="0" index="3" bw="1" slack="0"/>
<pin id="1024" dir="0" index="4" bw="32" slack="0"/>
<pin id="1025" dir="0" index="5" bw="3" slack="0"/>
<pin id="1026" dir="0" index="6" bw="32" slack="0"/>
<pin id="1027" dir="0" index="7" bw="3" slack="0"/>
<pin id="1028" dir="0" index="8" bw="32" slack="0"/>
<pin id="1029" dir="0" index="9" bw="3" slack="0"/>
<pin id="1030" dir="0" index="10" bw="32" slack="0"/>
<pin id="1031" dir="0" index="11" bw="3" slack="0"/>
<pin id="1032" dir="0" index="12" bw="32" slack="0"/>
<pin id="1033" dir="0" index="13" bw="2" slack="0"/>
<pin id="1034" dir="0" index="14" bw="32" slack="0"/>
<pin id="1035" dir="0" index="15" bw="1" slack="0"/>
<pin id="1036" dir="0" index="16" bw="32" slack="0"/>
<pin id="1037" dir="0" index="17" bw="32" slack="0"/>
<pin id="1038" dir="0" index="18" bw="3" slack="0"/>
<pin id="1039" dir="1" index="19" bw="32" slack="0"/>
</pin_list>
<bind>
<opcode="sparsemux(1197) " fcode="sparsemux"/>
<opset="v8563/1 "/>
</bind>
</comp>

<comp id="1060" class="1004" name="add_ln15680_fu_1060">
<pin_list>
<pin id="1061" dir="0" index="0" bw="10" slack="0"/>
<pin id="1062" dir="0" index="1" bw="4" slack="0"/>
<pin id="1063" dir="1" index="2" bw="10" slack="0"/>
</pin_list>
<bind>
<opcode="add(8) " fcode="add"/>
<opset="add_ln15680/1 "/>
</bind>
</comp>

<comp id="1066" class="1004" name="tmp_s_fu_1066">
<pin_list>
<pin id="1067" dir="0" index="0" bw="16" slack="0"/>
<pin id="1068" dir="0" index="1" bw="10" slack="0"/>
<pin id="1069" dir="0" index="2" bw="6" slack="0"/>
<pin id="1070" dir="1" index="3" bw="16" slack="0"/>
</pin_list>
<bind>
<opcode="bitconcatenate(1004) " fcode="bitconcatenate"/>
<opset="tmp_s/1 "/>
</bind>
</comp>

<comp id="1074" class="1004" name="zext_ln15680_fu_1074">
<pin_list>
<pin id="1075" dir="0" index="0" bw="16" slack="0"/>
<pin id="1076" dir="1" index="1" bw="64" slack="0"/>
</pin_list>
<bind>
<opcode="zext(34) " fcode="zext"/>
<opset="zext_ln15680/1 "/>
</bind>
</comp>

<comp id="1079" class="1004" name="add_ln15677_fu_1079">
<pin_list>
<pin id="1080" dir="0" index="0" bw="4" slack="0"/>
<pin id="1081" dir="0" index="1" bw="1" slack="0"/>
<pin id="1082" dir="1" index="2" bw="4" slack="0"/>
</pin_list>
<bind>
<opcode="add(8) " fcode="add"/>
<opset="add_ln15677/1 "/>
</bind>
</comp>

<comp id="1085" class="1004" name="store_ln15676_store_fu_1085">
<pin_list>
<pin id="1086" dir="0" index="0" bw="7" slack="0"/>
<pin id="1087" dir="0" index="1" bw="7" slack="0"/>
<pin id="1088" dir="1" index="2" bw="0" slack="2147483647"/>
</pin_list>
<bind>
<opcode="store(28) " fcode="store"/>
<opset="store_ln15676/1 "/>
</bind>
</comp>

<comp id="1090" class="1004" name="store_ln15676_store_fu_1090">
<pin_list>
<pin id="1091" dir="0" index="0" bw="4" slack="0"/>
<pin id="1092" dir="0" index="1" bw="4" slack="0"/>
<pin id="1093" dir="1" index="2" bw="0" slack="2147483647"/>
</pin_list>
<bind>
<opcode="store(28) " fcode="store"/>
<opset="store_ln15676/1 "/>
</bind>
</comp>

<comp id="1095" class="1004" name="store_ln15677_store_fu_1095">
<pin_list>
<pin id="1096" dir="0" index="0" bw="4" slack="0"/>
<pin id="1097" dir="0" index="1" bw="4" slack="0"/>
<pin id="1098" dir="1" index="2" bw="0" slack="2147483647"/>
</pin_list>
<bind>
<opcode="store(28) " fcode="store"/>
<opset="store_ln15677/1 "/>
</bind>
</comp>

<comp id="1100" class="1005" name="si5_reg_1100">
<pin_list>
<pin id="1101" dir="0" index="0" bw="4" slack="0"/>
<pin id="1102" dir="1" index="1" bw="4" slack="0"/>
</pin_list>
<bind>
<opset="si5 "/>
</bind>
</comp>

<comp id="1107" class="1005" name="sj5_reg_1107">
<pin_list>
<pin id="1108" dir="0" index="0" bw="4" slack="0"/>
<pin id="1109" dir="1" index="1" bw="4" slack="0"/>
</pin_list>
<bind>
<opset="sj5 "/>
</bind>
</comp>

<comp id="1114" class="1005" name="indvar_flatten13_reg_1114">
<pin_list>
<pin id="1115" dir="0" index="0" bw="7" slack="0"/>
<pin id="1116" dir="1" index="1" bw="7" slack="0"/>
</pin_list>
<bind>
<opset="indvar_flatten13 "/>
</bind>
</comp>

</comp_list>

<net_list>
<net id="195"><net_src comp="134" pin="0"/><net_sink comp="192" pin=0"/></net>

<net id="199"><net_src comp="134" pin="0"/><net_sink comp="196" pin=0"/></net>

<net id="203"><net_src comp="134" pin="0"/><net_sink comp="200" pin=0"/></net>

<net id="208"><net_src comp="136" pin="0"/><net_sink comp="204" pin=0"/></net>

<net id="209"><net_src comp="130" pin="0"/><net_sink comp="204" pin=1"/></net>

<net id="214"><net_src comp="138" pin="0"/><net_sink comp="210" pin=0"/></net>

<net id="215"><net_src comp="128" pin="0"/><net_sink comp="210" pin=1"/></net>

<net id="220"><net_src comp="138" pin="0"/><net_sink comp="216" pin=0"/></net>

<net id="221"><net_src comp="126" pin="0"/><net_sink comp="216" pin=1"/></net>

<net id="226"><net_src comp="138" pin="0"/><net_sink comp="222" pin=0"/></net>

<net id="227"><net_src comp="124" pin="0"/><net_sink comp="222" pin=1"/></net>

<net id="232"><net_src comp="138" pin="0"/><net_sink comp="228" pin=0"/></net>

<net id="233"><net_src comp="122" pin="0"/><net_sink comp="228" pin=1"/></net>

<net id="238"><net_src comp="138" pin="0"/><net_sink comp="234" pin=0"/></net>

<net id="239"><net_src comp="120" pin="0"/><net_sink comp="234" pin=1"/></net>

<net id="244"><net_src comp="138" pin="0"/><net_sink comp="240" pin=0"/></net>

<net id="245"><net_src comp="118" pin="0"/><net_sink comp="240" pin=1"/></net>

<net id="250"><net_src comp="138" pin="0"/><net_sink comp="246" pin=0"/></net>

<net id="251"><net_src comp="116" pin="0"/><net_sink comp="246" pin=1"/></net>

<net id="256"><net_src comp="138" pin="0"/><net_sink comp="252" pin=0"/></net>

<net id="257"><net_src comp="114" pin="0"/><net_sink comp="252" pin=1"/></net>

<net id="262"><net_src comp="138" pin="0"/><net_sink comp="258" pin=0"/></net>

<net id="263"><net_src comp="112" pin="0"/><net_sink comp="258" pin=1"/></net>

<net id="268"><net_src comp="138" pin="0"/><net_sink comp="264" pin=0"/></net>

<net id="269"><net_src comp="110" pin="0"/><net_sink comp="264" pin=1"/></net>

<net id="274"><net_src comp="138" pin="0"/><net_sink comp="270" pin=0"/></net>

<net id="275"><net_src comp="108" pin="0"/><net_sink comp="270" pin=1"/></net>

<net id="280"><net_src comp="138" pin="0"/><net_sink comp="276" pin=0"/></net>

<net id="281"><net_src comp="106" pin="0"/><net_sink comp="276" pin=1"/></net>

<net id="286"><net_src comp="138" pin="0"/><net_sink comp="282" pin=0"/></net>

<net id="287"><net_src comp="104" pin="0"/><net_sink comp="282" pin=1"/></net>

<net id="292"><net_src comp="138" pin="0"/><net_sink comp="288" pin=0"/></net>

<net id="293"><net_src comp="102" pin="0"/><net_sink comp="288" pin=1"/></net>

<net id="298"><net_src comp="138" pin="0"/><net_sink comp="294" pin=0"/></net>

<net id="299"><net_src comp="100" pin="0"/><net_sink comp="294" pin=1"/></net>

<net id="304"><net_src comp="138" pin="0"/><net_sink comp="300" pin=0"/></net>

<net id="305"><net_src comp="98" pin="0"/><net_sink comp="300" pin=1"/></net>

<net id="310"><net_src comp="138" pin="0"/><net_sink comp="306" pin=0"/></net>

<net id="311"><net_src comp="96" pin="0"/><net_sink comp="306" pin=1"/></net>

<net id="316"><net_src comp="138" pin="0"/><net_sink comp="312" pin=0"/></net>

<net id="317"><net_src comp="94" pin="0"/><net_sink comp="312" pin=1"/></net>

<net id="322"><net_src comp="138" pin="0"/><net_sink comp="318" pin=0"/></net>

<net id="323"><net_src comp="92" pin="0"/><net_sink comp="318" pin=1"/></net>

<net id="328"><net_src comp="138" pin="0"/><net_sink comp="324" pin=0"/></net>

<net id="329"><net_src comp="90" pin="0"/><net_sink comp="324" pin=1"/></net>

<net id="334"><net_src comp="138" pin="0"/><net_sink comp="330" pin=0"/></net>

<net id="335"><net_src comp="88" pin="0"/><net_sink comp="330" pin=1"/></net>

<net id="340"><net_src comp="138" pin="0"/><net_sink comp="336" pin=0"/></net>

<net id="341"><net_src comp="86" pin="0"/><net_sink comp="336" pin=1"/></net>

<net id="346"><net_src comp="138" pin="0"/><net_sink comp="342" pin=0"/></net>

<net id="347"><net_src comp="84" pin="0"/><net_sink comp="342" pin=1"/></net>

<net id="352"><net_src comp="138" pin="0"/><net_sink comp="348" pin=0"/></net>

<net id="353"><net_src comp="82" pin="0"/><net_sink comp="348" pin=1"/></net>

<net id="358"><net_src comp="138" pin="0"/><net_sink comp="354" pin=0"/></net>

<net id="359"><net_src comp="80" pin="0"/><net_sink comp="354" pin=1"/></net>

<net id="364"><net_src comp="138" pin="0"/><net_sink comp="360" pin=0"/></net>

<net id="365"><net_src comp="78" pin="0"/><net_sink comp="360" pin=1"/></net>

<net id="370"><net_src comp="138" pin="0"/><net_sink comp="366" pin=0"/></net>

<net id="371"><net_src comp="76" pin="0"/><net_sink comp="366" pin=1"/></net>

<net id="376"><net_src comp="138" pin="0"/><net_sink comp="372" pin=0"/></net>

<net id="377"><net_src comp="74" pin="0"/><net_sink comp="372" pin=1"/></net>

<net id="382"><net_src comp="138" pin="0"/><net_sink comp="378" pin=0"/></net>

<net id="383"><net_src comp="72" pin="0"/><net_sink comp="378" pin=1"/></net>

<net id="388"><net_src comp="138" pin="0"/><net_sink comp="384" pin=0"/></net>

<net id="389"><net_src comp="70" pin="0"/><net_sink comp="384" pin=1"/></net>

<net id="394"><net_src comp="138" pin="0"/><net_sink comp="390" pin=0"/></net>

<net id="395"><net_src comp="68" pin="0"/><net_sink comp="390" pin=1"/></net>

<net id="400"><net_src comp="138" pin="0"/><net_sink comp="396" pin=0"/></net>

<net id="401"><net_src comp="66" pin="0"/><net_sink comp="396" pin=1"/></net>

<net id="406"><net_src comp="138" pin="0"/><net_sink comp="402" pin=0"/></net>

<net id="407"><net_src comp="64" pin="0"/><net_sink comp="402" pin=1"/></net>

<net id="412"><net_src comp="138" pin="0"/><net_sink comp="408" pin=0"/></net>

<net id="413"><net_src comp="62" pin="0"/><net_sink comp="408" pin=1"/></net>

<net id="418"><net_src comp="138" pin="0"/><net_sink comp="414" pin=0"/></net>

<net id="419"><net_src comp="60" pin="0"/><net_sink comp="414" pin=1"/></net>

<net id="424"><net_src comp="138" pin="0"/><net_sink comp="420" pin=0"/></net>

<net id="425"><net_src comp="58" pin="0"/><net_sink comp="420" pin=1"/></net>

<net id="430"><net_src comp="138" pin="0"/><net_sink comp="426" pin=0"/></net>

<net id="431"><net_src comp="56" pin="0"/><net_sink comp="426" pin=1"/></net>

<net id="436"><net_src comp="138" pin="0"/><net_sink comp="432" pin=0"/></net>

<net id="437"><net_src comp="54" pin="0"/><net_sink comp="432" pin=1"/></net>

<net id="442"><net_src comp="138" pin="0"/><net_sink comp="438" pin=0"/></net>

<net id="443"><net_src comp="52" pin="0"/><net_sink comp="438" pin=1"/></net>

<net id="448"><net_src comp="138" pin="0"/><net_sink comp="444" pin=0"/></net>

<net id="449"><net_src comp="50" pin="0"/><net_sink comp="444" pin=1"/></net>

<net id="454"><net_src comp="138" pin="0"/><net_sink comp="450" pin=0"/></net>

<net id="455"><net_src comp="48" pin="0"/><net_sink comp="450" pin=1"/></net>

<net id="460"><net_src comp="138" pin="0"/><net_sink comp="456" pin=0"/></net>

<net id="461"><net_src comp="46" pin="0"/><net_sink comp="456" pin=1"/></net>

<net id="466"><net_src comp="138" pin="0"/><net_sink comp="462" pin=0"/></net>

<net id="467"><net_src comp="44" pin="0"/><net_sink comp="462" pin=1"/></net>

<net id="472"><net_src comp="138" pin="0"/><net_sink comp="468" pin=0"/></net>

<net id="473"><net_src comp="42" pin="0"/><net_sink comp="468" pin=1"/></net>

<net id="478"><net_src comp="138" pin="0"/><net_sink comp="474" pin=0"/></net>

<net id="479"><net_src comp="40" pin="0"/><net_sink comp="474" pin=1"/></net>

<net id="484"><net_src comp="138" pin="0"/><net_sink comp="480" pin=0"/></net>

<net id="485"><net_src comp="38" pin="0"/><net_sink comp="480" pin=1"/></net>

<net id="490"><net_src comp="138" pin="0"/><net_sink comp="486" pin=0"/></net>

<net id="491"><net_src comp="36" pin="0"/><net_sink comp="486" pin=1"/></net>

<net id="496"><net_src comp="138" pin="0"/><net_sink comp="492" pin=0"/></net>

<net id="497"><net_src comp="34" pin="0"/><net_sink comp="492" pin=1"/></net>

<net id="502"><net_src comp="138" pin="0"/><net_sink comp="498" pin=0"/></net>

<net id="503"><net_src comp="32" pin="0"/><net_sink comp="498" pin=1"/></net>

<net id="508"><net_src comp="138" pin="0"/><net_sink comp="504" pin=0"/></net>

<net id="509"><net_src comp="30" pin="0"/><net_sink comp="504" pin=1"/></net>

<net id="514"><net_src comp="138" pin="0"/><net_sink comp="510" pin=0"/></net>

<net id="515"><net_src comp="28" pin="0"/><net_sink comp="510" pin=1"/></net>

<net id="520"><net_src comp="138" pin="0"/><net_sink comp="516" pin=0"/></net>

<net id="521"><net_src comp="26" pin="0"/><net_sink comp="516" pin=1"/></net>

<net id="526"><net_src comp="138" pin="0"/><net_sink comp="522" pin=0"/></net>

<net id="527"><net_src comp="24" pin="0"/><net_sink comp="522" pin=1"/></net>

<net id="532"><net_src comp="138" pin="0"/><net_sink comp="528" pin=0"/></net>

<net id="533"><net_src comp="22" pin="0"/><net_sink comp="528" pin=1"/></net>

<net id="538"><net_src comp="138" pin="0"/><net_sink comp="534" pin=0"/></net>

<net id="539"><net_src comp="20" pin="0"/><net_sink comp="534" pin=1"/></net>

<net id="544"><net_src comp="138" pin="0"/><net_sink comp="540" pin=0"/></net>

<net id="545"><net_src comp="18" pin="0"/><net_sink comp="540" pin=1"/></net>

<net id="550"><net_src comp="138" pin="0"/><net_sink comp="546" pin=0"/></net>

<net id="551"><net_src comp="16" pin="0"/><net_sink comp="546" pin=1"/></net>

<net id="556"><net_src comp="138" pin="0"/><net_sink comp="552" pin=0"/></net>

<net id="557"><net_src comp="14" pin="0"/><net_sink comp="552" pin=1"/></net>

<net id="562"><net_src comp="138" pin="0"/><net_sink comp="558" pin=0"/></net>

<net id="563"><net_src comp="12" pin="0"/><net_sink comp="558" pin=1"/></net>

<net id="568"><net_src comp="138" pin="0"/><net_sink comp="564" pin=0"/></net>

<net id="569"><net_src comp="10" pin="0"/><net_sink comp="564" pin=1"/></net>

<net id="574"><net_src comp="138" pin="0"/><net_sink comp="570" pin=0"/></net>

<net id="575"><net_src comp="8" pin="0"/><net_sink comp="570" pin=1"/></net>

<net id="580"><net_src comp="138" pin="0"/><net_sink comp="576" pin=0"/></net>

<net id="581"><net_src comp="6" pin="0"/><net_sink comp="576" pin=1"/></net>

<net id="586"><net_src comp="138" pin="0"/><net_sink comp="582" pin=0"/></net>

<net id="587"><net_src comp="4" pin="0"/><net_sink comp="582" pin=1"/></net>

<net id="592"><net_src comp="138" pin="0"/><net_sink comp="588" pin=0"/></net>

<net id="593"><net_src comp="2" pin="0"/><net_sink comp="588" pin=1"/></net>

<net id="598"><net_src comp="140" pin="0"/><net_sink comp="594" pin=0"/></net>

<net id="599"><net_src comp="0" pin="0"/><net_sink comp="594" pin=1"/></net>

<net id="605"><net_src comp="132" pin="0"/><net_sink comp="600" pin=0"/></net>

<net id="606"><net_src comp="190" pin="0"/><net_sink comp="600" pin=1"/></net>

<net id="612"><net_src comp="600" pin="3"/><net_sink comp="607" pin=0"/></net>

<net id="617"><net_src comp="142" pin="0"/><net_sink comp="613" pin=0"/></net>

<net id="622"><net_src comp="144" pin="0"/><net_sink comp="618" pin=0"/></net>

<net id="627"><net_src comp="144" pin="0"/><net_sink comp="623" pin=0"/></net>

<net id="635"><net_src comp="628" pin="1"/><net_sink comp="631" pin=0"/></net>

<net id="636"><net_src comp="146" pin="0"/><net_sink comp="631" pin=1"/></net>

<net id="641"><net_src comp="628" pin="1"/><net_sink comp="637" pin=0"/></net>

<net id="642"><net_src comp="148" pin="0"/><net_sink comp="637" pin=1"/></net>

<net id="653"><net_src comp="646" pin="1"/><net_sink comp="649" pin=0"/></net>

<net id="654"><net_src comp="150" pin="0"/><net_sink comp="649" pin=1"/></net>

<net id="659"><net_src comp="643" pin="1"/><net_sink comp="655" pin=0"/></net>

<net id="660"><net_src comp="160" pin="0"/><net_sink comp="655" pin=1"/></net>

<net id="666"><net_src comp="655" pin="2"/><net_sink comp="661" pin=0"/></net>

<net id="667"><net_src comp="144" pin="0"/><net_sink comp="661" pin=1"/></net>

<net id="668"><net_src comp="643" pin="1"/><net_sink comp="661" pin=2"/></net>

<net id="674"><net_src comp="655" pin="2"/><net_sink comp="669" pin=0"/></net>

<net id="675"><net_src comp="649" pin="2"/><net_sink comp="669" pin=1"/></net>

<net id="676"><net_src comp="646" pin="1"/><net_sink comp="669" pin=2"/></net>

<net id="680"><net_src comp="669" pin="3"/><net_sink comp="677" pin=0"/></net>

<net id="684"><net_src comp="669" pin="3"/><net_sink comp="681" pin=0"/></net>

<net id="689"><net_src comp="594" pin="2"/><net_sink comp="685" pin=0"/></net>

<net id="690"><net_src comp="677" pin="1"/><net_sink comp="685" pin=1"/></net>

<net id="712"><net_src comp="162" pin="0"/><net_sink comp="691" pin=0"/></net>

<net id="713"><net_src comp="164" pin="0"/><net_sink comp="691" pin=1"/></net>

<net id="714"><net_src comp="588" pin="2"/><net_sink comp="691" pin=2"/></net>

<net id="715"><net_src comp="166" pin="0"/><net_sink comp="691" pin=3"/></net>

<net id="716"><net_src comp="582" pin="2"/><net_sink comp="691" pin=4"/></net>

<net id="717"><net_src comp="168" pin="0"/><net_sink comp="691" pin=5"/></net>

<net id="718"><net_src comp="576" pin="2"/><net_sink comp="691" pin=6"/></net>

<net id="719"><net_src comp="170" pin="0"/><net_sink comp="691" pin=7"/></net>

<net id="720"><net_src comp="570" pin="2"/><net_sink comp="691" pin=8"/></net>

<net id="721"><net_src comp="172" pin="0"/><net_sink comp="691" pin=9"/></net>

<net id="722"><net_src comp="564" pin="2"/><net_sink comp="691" pin=10"/></net>

<net id="723"><net_src comp="174" pin="0"/><net_sink comp="691" pin=11"/></net>

<net id="724"><net_src comp="558" pin="2"/><net_sink comp="691" pin=12"/></net>

<net id="725"><net_src comp="176" pin="0"/><net_sink comp="691" pin=13"/></net>

<net id="726"><net_src comp="552" pin="2"/><net_sink comp="691" pin=14"/></net>

<net id="727"><net_src comp="178" pin="0"/><net_sink comp="691" pin=15"/></net>

<net id="728"><net_src comp="546" pin="2"/><net_sink comp="691" pin=16"/></net>

<net id="729"><net_src comp="180" pin="0"/><net_sink comp="691" pin=17"/></net>

<net id="730"><net_src comp="681" pin="1"/><net_sink comp="691" pin=18"/></net>

<net id="752"><net_src comp="162" pin="0"/><net_sink comp="731" pin=0"/></net>

<net id="753"><net_src comp="164" pin="0"/><net_sink comp="731" pin=1"/></net>

<net id="754"><net_src comp="540" pin="2"/><net_sink comp="731" pin=2"/></net>

<net id="755"><net_src comp="166" pin="0"/><net_sink comp="731" pin=3"/></net>

<net id="756"><net_src comp="534" pin="2"/><net_sink comp="731" pin=4"/></net>

<net id="757"><net_src comp="168" pin="0"/><net_sink comp="731" pin=5"/></net>

<net id="758"><net_src comp="528" pin="2"/><net_sink comp="731" pin=6"/></net>

<net id="759"><net_src comp="170" pin="0"/><net_sink comp="731" pin=7"/></net>

<net id="760"><net_src comp="522" pin="2"/><net_sink comp="731" pin=8"/></net>

<net id="761"><net_src comp="172" pin="0"/><net_sink comp="731" pin=9"/></net>

<net id="762"><net_src comp="516" pin="2"/><net_sink comp="731" pin=10"/></net>

<net id="763"><net_src comp="174" pin="0"/><net_sink comp="731" pin=11"/></net>

<net id="764"><net_src comp="510" pin="2"/><net_sink comp="731" pin=12"/></net>

<net id="765"><net_src comp="176" pin="0"/><net_sink comp="731" pin=13"/></net>

<net id="766"><net_src comp="504" pin="2"/><net_sink comp="731" pin=14"/></net>

<net id="767"><net_src comp="178" pin="0"/><net_sink comp="731" pin=15"/></net>

<net id="768"><net_src comp="498" pin="2"/><net_sink comp="731" pin=16"/></net>

<net id="769"><net_src comp="180" pin="0"/><net_sink comp="731" pin=17"/></net>

<net id="770"><net_src comp="681" pin="1"/><net_sink comp="731" pin=18"/></net>

<net id="792"><net_src comp="162" pin="0"/><net_sink comp="771" pin=0"/></net>

<net id="793"><net_src comp="164" pin="0"/><net_sink comp="771" pin=1"/></net>

<net id="794"><net_src comp="492" pin="2"/><net_sink comp="771" pin=2"/></net>

<net id="795"><net_src comp="166" pin="0"/><net_sink comp="771" pin=3"/></net>

<net id="796"><net_src comp="486" pin="2"/><net_sink comp="771" pin=4"/></net>

<net id="797"><net_src comp="168" pin="0"/><net_sink comp="771" pin=5"/></net>

<net id="798"><net_src comp="480" pin="2"/><net_sink comp="771" pin=6"/></net>

<net id="799"><net_src comp="170" pin="0"/><net_sink comp="771" pin=7"/></net>

<net id="800"><net_src comp="474" pin="2"/><net_sink comp="771" pin=8"/></net>

<net id="801"><net_src comp="172" pin="0"/><net_sink comp="771" pin=9"/></net>

<net id="802"><net_src comp="468" pin="2"/><net_sink comp="771" pin=10"/></net>

<net id="803"><net_src comp="174" pin="0"/><net_sink comp="771" pin=11"/></net>

<net id="804"><net_src comp="462" pin="2"/><net_sink comp="771" pin=12"/></net>

<net id="805"><net_src comp="176" pin="0"/><net_sink comp="771" pin=13"/></net>

<net id="806"><net_src comp="456" pin="2"/><net_sink comp="771" pin=14"/></net>

<net id="807"><net_src comp="178" pin="0"/><net_sink comp="771" pin=15"/></net>

<net id="808"><net_src comp="450" pin="2"/><net_sink comp="771" pin=16"/></net>

<net id="809"><net_src comp="180" pin="0"/><net_sink comp="771" pin=17"/></net>

<net id="810"><net_src comp="681" pin="1"/><net_sink comp="771" pin=18"/></net>

<net id="832"><net_src comp="162" pin="0"/><net_sink comp="811" pin=0"/></net>

<net id="833"><net_src comp="164" pin="0"/><net_sink comp="811" pin=1"/></net>

<net id="834"><net_src comp="444" pin="2"/><net_sink comp="811" pin=2"/></net>

<net id="835"><net_src comp="166" pin="0"/><net_sink comp="811" pin=3"/></net>

<net id="836"><net_src comp="438" pin="2"/><net_sink comp="811" pin=4"/></net>

<net id="837"><net_src comp="168" pin="0"/><net_sink comp="811" pin=5"/></net>

<net id="838"><net_src comp="432" pin="2"/><net_sink comp="811" pin=6"/></net>

<net id="839"><net_src comp="170" pin="0"/><net_sink comp="811" pin=7"/></net>

<net id="840"><net_src comp="426" pin="2"/><net_sink comp="811" pin=8"/></net>

<net id="841"><net_src comp="172" pin="0"/><net_sink comp="811" pin=9"/></net>

<net id="842"><net_src comp="420" pin="2"/><net_sink comp="811" pin=10"/></net>

<net id="843"><net_src comp="174" pin="0"/><net_sink comp="811" pin=11"/></net>

<net id="844"><net_src comp="414" pin="2"/><net_sink comp="811" pin=12"/></net>

<net id="845"><net_src comp="176" pin="0"/><net_sink comp="811" pin=13"/></net>

<net id="846"><net_src comp="408" pin="2"/><net_sink comp="811" pin=14"/></net>

<net id="847"><net_src comp="178" pin="0"/><net_sink comp="811" pin=15"/></net>

<net id="848"><net_src comp="402" pin="2"/><net_sink comp="811" pin=16"/></net>

<net id="849"><net_src comp="180" pin="0"/><net_sink comp="811" pin=17"/></net>

<net id="850"><net_src comp="681" pin="1"/><net_sink comp="811" pin=18"/></net>

<net id="872"><net_src comp="162" pin="0"/><net_sink comp="851" pin=0"/></net>

<net id="873"><net_src comp="164" pin="0"/><net_sink comp="851" pin=1"/></net>

<net id="874"><net_src comp="396" pin="2"/><net_sink comp="851" pin=2"/></net>

<net id="875"><net_src comp="166" pin="0"/><net_sink comp="851" pin=3"/></net>

<net id="876"><net_src comp="390" pin="2"/><net_sink comp="851" pin=4"/></net>

<net id="877"><net_src comp="168" pin="0"/><net_sink comp="851" pin=5"/></net>

<net id="878"><net_src comp="384" pin="2"/><net_sink comp="851" pin=6"/></net>

<net id="879"><net_src comp="170" pin="0"/><net_sink comp="851" pin=7"/></net>

<net id="880"><net_src comp="378" pin="2"/><net_sink comp="851" pin=8"/></net>

<net id="881"><net_src comp="172" pin="0"/><net_sink comp="851" pin=9"/></net>

<net id="882"><net_src comp="372" pin="2"/><net_sink comp="851" pin=10"/></net>

<net id="883"><net_src comp="174" pin="0"/><net_sink comp="851" pin=11"/></net>

<net id="884"><net_src comp="366" pin="2"/><net_sink comp="851" pin=12"/></net>

<net id="885"><net_src comp="176" pin="0"/><net_sink comp="851" pin=13"/></net>

<net id="886"><net_src comp="360" pin="2"/><net_sink comp="851" pin=14"/></net>

<net id="887"><net_src comp="178" pin="0"/><net_sink comp="851" pin=15"/></net>

<net id="888"><net_src comp="354" pin="2"/><net_sink comp="851" pin=16"/></net>

<net id="889"><net_src comp="180" pin="0"/><net_sink comp="851" pin=17"/></net>

<net id="890"><net_src comp="681" pin="1"/><net_sink comp="851" pin=18"/></net>

<net id="912"><net_src comp="162" pin="0"/><net_sink comp="891" pin=0"/></net>

<net id="913"><net_src comp="164" pin="0"/><net_sink comp="891" pin=1"/></net>

<net id="914"><net_src comp="348" pin="2"/><net_sink comp="891" pin=2"/></net>

<net id="915"><net_src comp="166" pin="0"/><net_sink comp="891" pin=3"/></net>

<net id="916"><net_src comp="342" pin="2"/><net_sink comp="891" pin=4"/></net>

<net id="917"><net_src comp="168" pin="0"/><net_sink comp="891" pin=5"/></net>

<net id="918"><net_src comp="336" pin="2"/><net_sink comp="891" pin=6"/></net>

<net id="919"><net_src comp="170" pin="0"/><net_sink comp="891" pin=7"/></net>

<net id="920"><net_src comp="330" pin="2"/><net_sink comp="891" pin=8"/></net>

<net id="921"><net_src comp="172" pin="0"/><net_sink comp="891" pin=9"/></net>

<net id="922"><net_src comp="324" pin="2"/><net_sink comp="891" pin=10"/></net>

<net id="923"><net_src comp="174" pin="0"/><net_sink comp="891" pin=11"/></net>

<net id="924"><net_src comp="318" pin="2"/><net_sink comp="891" pin=12"/></net>

<net id="925"><net_src comp="176" pin="0"/><net_sink comp="891" pin=13"/></net>

<net id="926"><net_src comp="312" pin="2"/><net_sink comp="891" pin=14"/></net>

<net id="927"><net_src comp="178" pin="0"/><net_sink comp="891" pin=15"/></net>

<net id="928"><net_src comp="306" pin="2"/><net_sink comp="891" pin=16"/></net>

<net id="929"><net_src comp="180" pin="0"/><net_sink comp="891" pin=17"/></net>

<net id="930"><net_src comp="681" pin="1"/><net_sink comp="891" pin=18"/></net>

<net id="952"><net_src comp="162" pin="0"/><net_sink comp="931" pin=0"/></net>

<net id="953"><net_src comp="164" pin="0"/><net_sink comp="931" pin=1"/></net>

<net id="954"><net_src comp="300" pin="2"/><net_sink comp="931" pin=2"/></net>

<net id="955"><net_src comp="166" pin="0"/><net_sink comp="931" pin=3"/></net>

<net id="956"><net_src comp="294" pin="2"/><net_sink comp="931" pin=4"/></net>

<net id="957"><net_src comp="168" pin="0"/><net_sink comp="931" pin=5"/></net>

<net id="958"><net_src comp="288" pin="2"/><net_sink comp="931" pin=6"/></net>

<net id="959"><net_src comp="170" pin="0"/><net_sink comp="931" pin=7"/></net>

<net id="960"><net_src comp="282" pin="2"/><net_sink comp="931" pin=8"/></net>

<net id="961"><net_src comp="172" pin="0"/><net_sink comp="931" pin=9"/></net>

<net id="962"><net_src comp="276" pin="2"/><net_sink comp="931" pin=10"/></net>

<net id="963"><net_src comp="174" pin="0"/><net_sink comp="931" pin=11"/></net>

<net id="964"><net_src comp="270" pin="2"/><net_sink comp="931" pin=12"/></net>

<net id="965"><net_src comp="176" pin="0"/><net_sink comp="931" pin=13"/></net>

<net id="966"><net_src comp="264" pin="2"/><net_sink comp="931" pin=14"/></net>

<net id="967"><net_src comp="178" pin="0"/><net_sink comp="931" pin=15"/></net>

<net id="968"><net_src comp="258" pin="2"/><net_sink comp="931" pin=16"/></net>

<net id="969"><net_src comp="180" pin="0"/><net_sink comp="931" pin=17"/></net>

<net id="970"><net_src comp="681" pin="1"/><net_sink comp="931" pin=18"/></net>

<net id="992"><net_src comp="162" pin="0"/><net_sink comp="971" pin=0"/></net>

<net id="993"><net_src comp="164" pin="0"/><net_sink comp="971" pin=1"/></net>

<net id="994"><net_src comp="252" pin="2"/><net_sink comp="971" pin=2"/></net>

<net id="995"><net_src comp="166" pin="0"/><net_sink comp="971" pin=3"/></net>

<net id="996"><net_src comp="246" pin="2"/><net_sink comp="971" pin=4"/></net>

<net id="997"><net_src comp="168" pin="0"/><net_sink comp="971" pin=5"/></net>

<net id="998"><net_src comp="240" pin="2"/><net_sink comp="971" pin=6"/></net>

<net id="999"><net_src comp="170" pin="0"/><net_sink comp="971" pin=7"/></net>

<net id="1000"><net_src comp="234" pin="2"/><net_sink comp="971" pin=8"/></net>

<net id="1001"><net_src comp="172" pin="0"/><net_sink comp="971" pin=9"/></net>

<net id="1002"><net_src comp="228" pin="2"/><net_sink comp="971" pin=10"/></net>

<net id="1003"><net_src comp="174" pin="0"/><net_sink comp="971" pin=11"/></net>

<net id="1004"><net_src comp="222" pin="2"/><net_sink comp="971" pin=12"/></net>

<net id="1005"><net_src comp="176" pin="0"/><net_sink comp="971" pin=13"/></net>

<net id="1006"><net_src comp="216" pin="2"/><net_sink comp="971" pin=14"/></net>

<net id="1007"><net_src comp="178" pin="0"/><net_sink comp="971" pin=15"/></net>

<net id="1008"><net_src comp="210" pin="2"/><net_sink comp="971" pin=16"/></net>

<net id="1009"><net_src comp="180" pin="0"/><net_sink comp="971" pin=17"/></net>

<net id="1010"><net_src comp="681" pin="1"/><net_sink comp="971" pin=18"/></net>

<net id="1014"><net_src comp="661" pin="3"/><net_sink comp="1011" pin=0"/></net>

<net id="1018"><net_src comp="661" pin="3"/><net_sink comp="1015" pin=0"/></net>

<net id="1040"><net_src comp="162" pin="0"/><net_sink comp="1019" pin=0"/></net>

<net id="1041"><net_src comp="164" pin="0"/><net_sink comp="1019" pin=1"/></net>

<net id="1042"><net_src comp="691" pin="19"/><net_sink comp="1019" pin=2"/></net>

<net id="1043"><net_src comp="166" pin="0"/><net_sink comp="1019" pin=3"/></net>

<net id="1044"><net_src comp="731" pin="19"/><net_sink comp="1019" pin=4"/></net>

<net id="1045"><net_src comp="168" pin="0"/><net_sink comp="1019" pin=5"/></net>

<net id="1046"><net_src comp="771" pin="19"/><net_sink comp="1019" pin=6"/></net>

<net id="1047"><net_src comp="170" pin="0"/><net_sink comp="1019" pin=7"/></net>

<net id="1048"><net_src comp="811" pin="19"/><net_sink comp="1019" pin=8"/></net>

<net id="1049"><net_src comp="172" pin="0"/><net_sink comp="1019" pin=9"/></net>

<net id="1050"><net_src comp="851" pin="19"/><net_sink comp="1019" pin=10"/></net>

<net id="1051"><net_src comp="174" pin="0"/><net_sink comp="1019" pin=11"/></net>

<net id="1052"><net_src comp="891" pin="19"/><net_sink comp="1019" pin=12"/></net>

<net id="1053"><net_src comp="176" pin="0"/><net_sink comp="1019" pin=13"/></net>

<net id="1054"><net_src comp="931" pin="19"/><net_sink comp="1019" pin=14"/></net>

<net id="1055"><net_src comp="178" pin="0"/><net_sink comp="1019" pin=15"/></net>

<net id="1056"><net_src comp="971" pin="19"/><net_sink comp="1019" pin=16"/></net>

<net id="1057"><net_src comp="180" pin="0"/><net_sink comp="1019" pin=17"/></net>

<net id="1058"><net_src comp="1015" pin="1"/><net_sink comp="1019" pin=18"/></net>

<net id="1059"><net_src comp="1019" pin="19"/><net_sink comp="607" pin=1"/></net>

<net id="1064"><net_src comp="204" pin="2"/><net_sink comp="1060" pin=0"/></net>

<net id="1065"><net_src comp="1011" pin="1"/><net_sink comp="1060" pin=1"/></net>

<net id="1071"><net_src comp="188" pin="0"/><net_sink comp="1066" pin=0"/></net>

<net id="1072"><net_src comp="1060" pin="2"/><net_sink comp="1066" pin=1"/></net>

<net id="1073"><net_src comp="685" pin="2"/><net_sink comp="1066" pin=2"/></net>

<net id="1077"><net_src comp="1066" pin="3"/><net_sink comp="1074" pin=0"/></net>

<net id="1078"><net_src comp="1074" pin="1"/><net_sink comp="600" pin=2"/></net>

<net id="1083"><net_src comp="661" pin="3"/><net_sink comp="1079" pin=0"/></net>

<net id="1084"><net_src comp="150" pin="0"/><net_sink comp="1079" pin=1"/></net>

<net id="1089"><net_src comp="637" pin="2"/><net_sink comp="1085" pin=0"/></net>

<net id="1094"><net_src comp="669" pin="3"/><net_sink comp="1090" pin=0"/></net>

<net id="1099"><net_src comp="1079" pin="2"/><net_sink comp="1095" pin=0"/></net>

<net id="1103"><net_src comp="192" pin="1"/><net_sink comp="1100" pin=0"/></net>

<net id="1104"><net_src comp="1100" pin="1"/><net_sink comp="623" pin=1"/></net>

<net id="1105"><net_src comp="1100" pin="1"/><net_sink comp="643" pin=0"/></net>

<net id="1106"><net_src comp="1100" pin="1"/><net_sink comp="1095" pin=1"/></net>

<net id="1110"><net_src comp="196" pin="1"/><net_sink comp="1107" pin=0"/></net>

<net id="1111"><net_src comp="1107" pin="1"/><net_sink comp="618" pin=1"/></net>

<net id="1112"><net_src comp="1107" pin="1"/><net_sink comp="646" pin=0"/></net>

<net id="1113"><net_src comp="1107" pin="1"/><net_sink comp="1090" pin=1"/></net>

<net id="1117"><net_src comp="200" pin="1"/><net_sink comp="1114" pin=0"/></net>

<net id="1118"><net_src comp="1114" pin="1"/><net_sink comp="613" pin=1"/></net>

<net id="1119"><net_src comp="1114" pin="1"/><net_sink comp="628" pin=0"/></net>

<net id="1120"><net_src comp="1114" pin="1"/><net_sink comp="1085" pin=1"/></net>

</net_list>

</model> 
---------------- Datapath Model END ------------------

* FSMD analyzer results:
  - Output states:
	Port: v8547 | {1 }
 - Input state : 
	Port: systolic_YV_Pipeline_l_store_C_tile_sj5_l_si5 : tmp_10 | {1 }
	Port: systolic_YV_Pipeline_l_store_C_tile_sj5_l_si5 : local_C5_load | {1 }
	Port: systolic_YV_Pipeline_l_store_C_tile_sj5_l_si5 : local_C5_1_load | {1 }
	Port: systolic_YV_Pipeline_l_store_C_tile_sj5_l_si5 : local_C5_2_load | {1 }
	Port: systolic_YV_Pipeline_l_store_C_tile_sj5_l_si5 : local_C5_3_load | {1 }
	Port: systolic_YV_Pipeline_l_store_C_tile_sj5_l_si5 : local_C5_4_load | {1 }
	Port: systolic_YV_Pipeline_l_store_C_tile_sj5_l_si5 : local_C5_5_load | {1 }
	Port: systolic_YV_Pipeline_l_store_C_tile_sj5_l_si5 : local_C5_6_load | {1 }
	Port: systolic_YV_Pipeline_l_store_C_tile_sj5_l_si5 : local_C5_7_load | {1 }
	Port: systolic_YV_Pipeline_l_store_C_tile_sj5_l_si5 : local_C5_8_load | {1 }
	Port: systolic_YV_Pipeline_l_store_C_tile_sj5_l_si5 : local_C5_9_load | {1 }
	Port: systolic_YV_Pipeline_l_store_C_tile_sj5_l_si5 : local_C5_10_load | {1 }
	Port: systolic_YV_Pipeline_l_store_C_tile_sj5_l_si5 : local_C5_11_load | {1 }
	Port: systolic_YV_Pipeline_l_store_C_tile_sj5_l_si5 : local_C5_12_load | {1 }
	Port: systolic_YV_Pipeline_l_store_C_tile_sj5_l_si5 : local_C5_13_load | {1 }
	Port: systolic_YV_Pipeline_l_store_C_tile_sj5_l_si5 : local_C5_14_load | {1 }
	Port: systolic_YV_Pipeline_l_store_C_tile_sj5_l_si5 : local_C5_15_load | {1 }
	Port: systolic_YV_Pipeline_l_store_C_tile_sj5_l_si5 : local_C5_16_load | {1 }
	Port: systolic_YV_Pipeline_l_store_C_tile_sj5_l_si5 : local_C5_17_load | {1 }
	Port: systolic_YV_Pipeline_l_store_C_tile_sj5_l_si5 : local_C5_18_load | {1 }
	Port: systolic_YV_Pipeline_l_store_C_tile_sj5_l_si5 : local_C5_19_load | {1 }
	Port: systolic_YV_Pipeline_l_store_C_tile_sj5_l_si5 : local_C5_20_load | {1 }
	Port: systolic_YV_Pipeline_l_store_C_tile_sj5_l_si5 : local_C5_21_load | {1 }
	Port: systolic_YV_Pipeline_l_store_C_tile_sj5_l_si5 : local_C5_22_load | {1 }
	Port: systolic_YV_Pipeline_l_store_C_tile_sj5_l_si5 : local_C5_23_load | {1 }
	Port: systolic_YV_Pipeline_l_store_C_tile_sj5_l_si5 : local_C5_24_load | {1 }
	Port: systolic_YV_Pipeline_l_store_C_tile_sj5_l_si5 : local_C5_25_load | {1 }
	Port: systolic_YV_Pipeline_l_store_C_tile_sj5_l_si5 : local_C5_26_load | {1 }
	Port: systolic_YV_Pipeline_l_store_C_tile_sj5_l_si5 : local_C5_27_load | {1 }
	Port: systolic_YV_Pipeline_l_store_C_tile_sj5_l_si5 : local_C5_28_load | {1 }
	Port: systolic_YV_Pipeline_l_store_C_tile_sj5_l_si5 : local_C5_29_load | {1 }
	Port: systolic_YV_Pipeline_l_store_C_tile_sj5_l_si5 : local_C5_30_load | {1 }
	Port: systolic_YV_Pipeline_l_store_C_tile_sj5_l_si5 : local_C5_31_load | {1 }
	Port: systolic_YV_Pipeline_l_store_C_tile_sj5_l_si5 : local_C5_32_load | {1 }
	Port: systolic_YV_Pipeline_l_store_C_tile_sj5_l_si5 : local_C5_33_load | {1 }
	Port: systolic_YV_Pipeline_l_store_C_tile_sj5_l_si5 : local_C5_34_load | {1 }
	Port: systolic_YV_Pipeline_l_store_C_tile_sj5_l_si5 : local_C5_35_load | {1 }
	Port: systolic_YV_Pipeline_l_store_C_tile_sj5_l_si5 : local_C5_36_load | {1 }
	Port: systolic_YV_Pipeline_l_store_C_tile_sj5_l_si5 : local_C5_37_load | {1 }
	Port: systolic_YV_Pipeline_l_store_C_tile_sj5_l_si5 : local_C5_38_load | {1 }
	Port: systolic_YV_Pipeline_l_store_C_tile_sj5_l_si5 : local_C5_39_load | {1 }
	Port: systolic_YV_Pipeline_l_store_C_tile_sj5_l_si5 : local_C5_40_load | {1 }
	Port: systolic_YV_Pipeline_l_store_C_tile_sj5_l_si5 : local_C5_41_load | {1 }
	Port: systolic_YV_Pipeline_l_store_C_tile_sj5_l_si5 : local_C5_42_load | {1 }
	Port: systolic_YV_Pipeline_l_store_C_tile_sj5_l_si5 : local_C5_43_load | {1 }
	Port: systolic_YV_Pipeline_l_store_C_tile_sj5_l_si5 : local_C5_44_load | {1 }
	Port: systolic_YV_Pipeline_l_store_C_tile_sj5_l_si5 : local_C5_45_load | {1 }
	Port: systolic_YV_Pipeline_l_store_C_tile_sj5_l_si5 : local_C5_46_load | {1 }
	Port: systolic_YV_Pipeline_l_store_C_tile_sj5_l_si5 : local_C5_47_load | {1 }
	Port: systolic_YV_Pipeline_l_store_C_tile_sj5_l_si5 : local_C5_48_load | {1 }
	Port: systolic_YV_Pipeline_l_store_C_tile_sj5_l_si5 : local_C5_49_load | {1 }
	Port: systolic_YV_Pipeline_l_store_C_tile_sj5_l_si5 : local_C5_50_load | {1 }
	Port: systolic_YV_Pipeline_l_store_C_tile_sj5_l_si5 : local_C5_51_load | {1 }
	Port: systolic_YV_Pipeline_l_store_C_tile_sj5_l_si5 : local_C5_52_load | {1 }
	Port: systolic_YV_Pipeline_l_store_C_tile_sj5_l_si5 : local_C5_53_load | {1 }
	Port: systolic_YV_Pipeline_l_store_C_tile_sj5_l_si5 : local_C5_54_load | {1 }
	Port: systolic_YV_Pipeline_l_store_C_tile_sj5_l_si5 : local_C5_55_load | {1 }
	Port: systolic_YV_Pipeline_l_store_C_tile_sj5_l_si5 : local_C5_56_load | {1 }
	Port: systolic_YV_Pipeline_l_store_C_tile_sj5_l_si5 : local_C5_57_load | {1 }
	Port: systolic_YV_Pipeline_l_store_C_tile_sj5_l_si5 : local_C5_58_load | {1 }
	Port: systolic_YV_Pipeline_l_store_C_tile_sj5_l_si5 : local_C5_59_load | {1 }
	Port: systolic_YV_Pipeline_l_store_C_tile_sj5_l_si5 : local_C5_60_load | {1 }
	Port: systolic_YV_Pipeline_l_store_C_tile_sj5_l_si5 : local_C5_61_load | {1 }
	Port: systolic_YV_Pipeline_l_store_C_tile_sj5_l_si5 : local_C5_62_load | {1 }
	Port: systolic_YV_Pipeline_l_store_C_tile_sj5_l_si5 : local_C5_63_load | {1 }
	Port: systolic_YV_Pipeline_l_store_C_tile_sj5_l_si5 : p_mid2 | {1 }
  - Chain level:
	State 1
		store_ln0 : 1
		store_ln15676 : 1
		store_ln15677 : 1
		indvar_flatten13_load : 1
		icmp_ln15676 : 2
		add_ln15676_1 : 2
		br_ln15676 : 3
		si5_load : 1
		sj5_load : 1
		add_ln15676 : 2
		icmp_ln15677 : 2
		select_ln15676 : 3
		select_ln15676_1 : 3
		zext_ln15676 : 4
		trunc_ln15676 : 4
		empty : 5
		tmp : 5
		tmp_1 : 5
		tmp_2 : 5
		tmp_3 : 5
		tmp_4 : 5
		tmp_5 : 5
		tmp_6 : 5
		tmp_7 : 5
		zext_ln15677 : 4
		trunc_ln15677 : 4
		v8563 : 6
		add_ln15680 : 5
		tmp_s : 6
		zext_ln15680 : 7
		v8547_addr : 8
		store_ln15680 : 9
		add_ln15677 : 4
		store_ln15676 : 3
		store_ln15676 : 4
		store_ln15677 : 5


============================================================
+ Verbose Summary: Datapath Resource usage 
============================================================

* Functional unit list:
|----------|-----------------------------------|---------|---------|
| Operation|          Functional Unit          |    FF   |   LUT   |
|----------|-----------------------------------|---------|---------|
|          |             tmp_fu_691            |    0    |    43   |
|          |            tmp_1_fu_731           |    0    |    43   |
|          |            tmp_2_fu_771           |    0    |    43   |
|          |            tmp_3_fu_811           |    0    |    43   |
| sparsemux|            tmp_4_fu_851           |    0    |    43   |
|          |            tmp_5_fu_891           |    0    |    43   |
|          |            tmp_6_fu_931           |    0    |    43   |
|          |            tmp_7_fu_971           |    0    |    43   |
|          |           v8563_fu_1019           |    0    |    43   |
|----------|-----------------------------------|---------|---------|
|          |        add_ln15676_1_fu_637       |    0    |    14   |
|          |         add_ln15676_fu_649        |    0    |    12   |
|    add   |            empty_fu_685           |    0    |    13   |
|          |        add_ln15680_fu_1060        |    0    |    17   |
|          |        add_ln15677_fu_1079        |    0    |    12   |
|----------|-----------------------------------|---------|---------|
|   icmp   |        icmp_ln15676_fu_631        |    0    |    14   |
|          |        icmp_ln15677_fu_655        |    0    |    12   |
|----------|-----------------------------------|---------|---------|
|  select  |       select_ln15676_fu_661       |    0    |    4    |
|          |      select_ln15676_1_fu_669      |    0    |    4    |
|----------|-----------------------------------|---------|---------|
|          |      p_mid2_read_read_fu_204      |    0    |    0    |
|          | local_C5_63_load_read_read_fu_210 |    0    |    0    |
|          | local_C5_62_load_read_read_fu_216 |    0    |    0    |
|          | local_C5_61_load_read_read_fu_222 |    0    |    0    |
|          | local_C5_60_load_read_read_fu_228 |    0    |    0    |
|          | local_C5_59_load_read_read_fu_234 |    0    |    0    |
|          | local_C5_58_load_read_read_fu_240 |    0    |    0    |
|          | local_C5_57_load_read_read_fu_246 |    0    |    0    |
|          | local_C5_56_load_read_read_fu_252 |    0    |    0    |
|          | local_C5_55_load_read_read_fu_258 |    0    |    0    |
|          | local_C5_54_load_read_read_fu_264 |    0    |    0    |
|          | local_C5_53_load_read_read_fu_270 |    0    |    0    |
|          | local_C5_52_load_read_read_fu_276 |    0    |    0    |
|          | local_C5_51_load_read_read_fu_282 |    0    |    0    |
|          | local_C5_50_load_read_read_fu_288 |    0    |    0    |
|          | local_C5_49_load_read_read_fu_294 |    0    |    0    |
|          | local_C5_48_load_read_read_fu_300 |    0    |    0    |
|          | local_C5_47_load_read_read_fu_306 |    0    |    0    |
|          | local_C5_46_load_read_read_fu_312 |    0    |    0    |
|          | local_C5_45_load_read_read_fu_318 |    0    |    0    |
|          | local_C5_44_load_read_read_fu_324 |    0    |    0    |
|          | local_C5_43_load_read_read_fu_330 |    0    |    0    |
|          | local_C5_42_load_read_read_fu_336 |    0    |    0    |
|          | local_C5_41_load_read_read_fu_342 |    0    |    0    |
|          | local_C5_40_load_read_read_fu_348 |    0    |    0    |
|          | local_C5_39_load_read_read_fu_354 |    0    |    0    |
|          | local_C5_38_load_read_read_fu_360 |    0    |    0    |
|          | local_C5_37_load_read_read_fu_366 |    0    |    0    |
|          | local_C5_36_load_read_read_fu_372 |    0    |    0    |
|          | local_C5_35_load_read_read_fu_378 |    0    |    0    |
|          | local_C5_34_load_read_read_fu_384 |    0    |    0    |
|          | local_C5_33_load_read_read_fu_390 |    0    |    0    |
|   read   | local_C5_32_load_read_read_fu_396 |    0    |    0    |
|          | local_C5_31_load_read_read_fu_402 |    0    |    0    |
|          | local_C5_30_load_read_read_fu_408 |    0    |    0    |
|          | local_C5_29_load_read_read_fu_414 |    0    |    0    |
|          | local_C5_28_load_read_read_fu_420 |    0    |    0    |
|          | local_C5_27_load_read_read_fu_426 |    0    |    0    |
|          | local_C5_26_load_read_read_fu_432 |    0    |    0    |
|          | local_C5_25_load_read_read_fu_438 |    0    |    0    |
|          | local_C5_24_load_read_read_fu_444 |    0    |    0    |
|          | local_C5_23_load_read_read_fu_450 |    0    |    0    |
|          | local_C5_22_load_read_read_fu_456 |    0    |    0    |
|          | local_C5_21_load_read_read_fu_462 |    0    |    0    |
|          | local_C5_20_load_read_read_fu_468 |    0    |    0    |
|          | local_C5_19_load_read_read_fu_474 |    0    |    0    |
|          | local_C5_18_load_read_read_fu_480 |    0    |    0    |
|          | local_C5_17_load_read_read_fu_486 |    0    |    0    |
|          | local_C5_16_load_read_read_fu_492 |    0    |    0    |
|          | local_C5_15_load_read_read_fu_498 |    0    |    0    |
|          | local_C5_14_load_read_read_fu_504 |    0    |    0    |
|          | local_C5_13_load_read_read_fu_510 |    0    |    0    |
|          | local_C5_12_load_read_read_fu_516 |    0    |    0    |
|          | local_C5_11_load_read_read_fu_522 |    0    |    0    |
|          | local_C5_10_load_read_read_fu_528 |    0    |    0    |
|          |  local_C5_9_load_read_read_fu_534 |    0    |    0    |
|          |  local_C5_8_load_read_read_fu_540 |    0    |    0    |
|          |  local_C5_7_load_read_read_fu_546 |    0    |    0    |
|          |  local_C5_6_load_read_read_fu_552 |    0    |    0    |
|          |  local_C5_5_load_read_read_fu_558 |    0    |    0    |
|          |  local_C5_4_load_read_read_fu_564 |    0    |    0    |
|          |  local_C5_3_load_read_read_fu_570 |    0    |    0    |
|          |  local_C5_2_load_read_read_fu_576 |    0    |    0    |
|          |  local_C5_1_load_read_read_fu_582 |    0    |    0    |
|          |   local_C5_load_read_read_fu_588  |    0    |    0    |
|          |      tmp_10_read_read_fu_594      |    0    |    0    |
|----------|-----------------------------------|---------|---------|
|          |        zext_ln15676_fu_677        |    0    |    0    |
|   zext   |        zext_ln15677_fu_1011       |    0    |    0    |
|          |        zext_ln15680_fu_1074       |    0    |    0    |
|----------|-----------------------------------|---------|---------|
|   trunc  |        trunc_ln15676_fu_681       |    0    |    0    |
|          |       trunc_ln15677_fu_1015       |    0    |    0    |
|----------|-----------------------------------|---------|---------|
|bitconcatenate|           tmp_s_fu_1066           |    0    |    0    |
|----------|-----------------------------------|---------|---------|
|   Total  |                                   |    0    |   489   |
|----------|-----------------------------------|---------|---------|

Memories:
N/A

* Register list:
+-------------------------+--------+
|                         |   FF   |
+-------------------------+--------+
|indvar_flatten13_reg_1114|    7   |
|       si5_reg_1100      |    4   |
|       sj5_reg_1107      |    4   |
+-------------------------+--------+
|          Total          |   15   |
+-------------------------+--------+

* Multiplexer (MUX) list: 
|--------|------|------|------|--------|
|  Comp  |  Pin | Size |  BW  | S x BW |
|--------|------|------|------|--------|
|  Total |      |      |      |    0   |
|--------|------|------|------|--------|



* Summary:
+-----------+--------+--------+
|           |   FF   |   LUT  |
+-----------+--------+--------+
|  Function |    0   |   489  |
|   Memory  |    -   |    -   |
|Multiplexer|    -   |    -   |
|  Register |   15   |    -   |
+-----------+--------+--------+
|   Total   |   15   |   489  |
+-----------+--------+--------+
