

================================================================
== Vitis HLS Report for 'systolic_tile_YV_Loop_l_data_load_k338_proc28'
================================================================
* Date:           Wed Feb  5 22:34:43 2025

* Version:        2023.2 (Build 4023990 on Oct 11 2023)
* Project:        DitBlock
* Solution:       hls (Vivado IP Flow Target)
* Product family: virtexuplusHBM
* Target device:  xcu280-fsvh2892-2L-e


================================================================
== Performance Estimates
================================================================
+ Timing: 
    * Summary: 
    +--------+----------+----------+------------+
    |  Clock |  Target  | Estimated| Uncertainty|
    +--------+----------+----------+------------+
    |ap_clk  |  10.00 ns|  2.632 ns|     2.70 ns|
    +--------+----------+----------+------------+

+ Latency: 
    * Summary: 
    +---------+---------+-----------+-----------+------+------+---------+
    |  Latency (cycles) |   Latency (absolute)  |   Interval  | Pipeline|
    |   min   |   max   |    min    |    max    |  min |  max |   Type  |
    +---------+---------+-----------+-----------+------+------+---------+
    |     1026|     1026|  10.260 us|  10.260 us|  1026|  1026|       no|
    +---------+---------+-----------+-----------+------+------+---------+

    + Detail: 
        * Instance: 
        N/A

        * Loop: 
        +--------------------+---------+---------+----------+-----------+-----------+------+----------+
        |                    |  Latency (cycles) | Iteration|  Initiation Interval  | Trip |          |
        |      Loop Name     |   min   |   max   |  Latency |  achieved |   target  | Count| Pipelined|
        +--------------------+---------+---------+----------+-----------+-----------+------+----------+
        |- l_data_load_k338  |     1024|     1024|         2|          1|          1|  1024|       yes|
        +--------------------+---------+---------+----------+-----------+-----------+------+----------+

============================================================
+ Verbose Summary: Synthesis Manager
============================================================
InlineROM: 1
ExposeGlobal: 0
============================================================
+ Verbose Summary: CDFG Model
============================================================
IsTopModel: 0
ResetActiveHigh: 1
IsCombinational: 2
IsDatapathOnly: 0
HasWiredReturn: 1
HasMFsm: 2
HasVarLatency: 1
IsPipeline: 0
IsRtlPipelined: 0
IsInstanceOverlapped: 0
IsDontTouch: 0
HasImplIP: 0
IsGatedGlobalClock: 0

+ Individual pipeline summary: 
  * Pipeline-0: initiation interval (II) = 1, depth = 2


============================================================
+ Verbose Summary: Schedule
============================================================
* Number of FSM states : 2
* Pipeline : 1
  Pipeline-0 : II = 1, D = 2, States = { 1 2 }
* Dataflow Pipeline: 0

* FSM state transitions: 
1 --> 2 
2 --> 

* FSM state operations: 

State 1 <SV = 0> <Delay = 1.58>
ST_1 : Operation 5 [1/1] (0.00ns)   --->   "%k338 = alloca i32 1" [/home/silvenchen/Desktop/DitBlock/WorkDCT/DitBlock/kernel.cpp:15297]   --->   Operation 5 'alloca' 'k338' <Predicate = true> <Delay = 0.00>
ST_1 : Operation 6 [1/1] (0.00ns)   --->   "%specinterface_ln0 = specinterface void @_ssdm_op_SpecInterface, i32 %B_fifo5_63, void @empty_215, i32 0, i32 0, void @empty_219, i32 0, i32 0, void @empty_219, void @empty_219, void @empty_219, i32 0, i32 0, i32 0, i32 0, void @empty_219, void @empty_219, i32 4294967295, i32 0"   --->   Operation 6 'specinterface' 'specinterface_ln0' <Predicate = true> <Delay = 0.00>
ST_1 : Operation 7 [1/1] (0.00ns)   --->   "%specinterface_ln0 = specinterface void @_ssdm_op_SpecInterface, i32 %B_fifo5_54, void @empty_215, i32 0, i32 0, void @empty_219, i32 0, i32 0, void @empty_219, void @empty_219, void @empty_219, i32 0, i32 0, i32 0, i32 0, void @empty_219, void @empty_219, i32 4294967295, i32 0"   --->   Operation 7 'specinterface' 'specinterface_ln0' <Predicate = true> <Delay = 0.00>
ST_1 : Operation 8 [1/1] (0.00ns)   --->   "%specinterface_ln0 = specinterface void @_ssdm_op_SpecInterface, i32 %B_fifo5_45, void @empty_215, i32 0, i32 0, void @empty_219, i32 0, i32 0, void @empty_219, void @empty_219, void @empty_219, i32 0, i32 0, i32 0, i32 0, void @empty_219, void @empty_219, i32 4294967295, i32 0"   --->   Operation 8 'specinterface' 'specinterface_ln0' <Predicate = true> <Delay = 0.00>
ST_1 : Operation 9 [1/1] (0.00ns)   --->   "%specinterface_ln0 = specinterface void @_ssdm_op_SpecInterface, i32 %B_fifo5_36, void @empty_215, i32 0, i32 0, void @empty_219, i32 0, i32 0, void @empty_219, void @empty_219, void @empty_219, i32 0, i32 0, i32 0, i32 0, void @empty_219, void @empty_219, i32 4294967295, i32 0"   --->   Operation 9 'specinterface' 'specinterface_ln0' <Predicate = true> <Delay = 0.00>
ST_1 : Operation 10 [1/1] (0.00ns)   --->   "%specinterface_ln0 = specinterface void @_ssdm_op_SpecInterface, i32 %B_fifo5_27, void @empty_215, i32 0, i32 0, void @empty_219, i32 0, i32 0, void @empty_219, void @empty_219, void @empty_219, i32 0, i32 0, i32 0, i32 0, void @empty_219, void @empty_219, i32 4294967295, i32 0"   --->   Operation 10 'specinterface' 'specinterface_ln0' <Predicate = true> <Delay = 0.00>
ST_1 : Operation 11 [1/1] (0.00ns)   --->   "%specinterface_ln0 = specinterface void @_ssdm_op_SpecInterface, i32 %B_fifo5_18, void @empty_215, i32 0, i32 0, void @empty_219, i32 0, i32 0, void @empty_219, void @empty_219, void @empty_219, i32 0, i32 0, i32 0, i32 0, void @empty_219, void @empty_219, i32 4294967295, i32 0"   --->   Operation 11 'specinterface' 'specinterface_ln0' <Predicate = true> <Delay = 0.00>
ST_1 : Operation 12 [1/1] (0.00ns)   --->   "%specinterface_ln0 = specinterface void @_ssdm_op_SpecInterface, i32 %B_fifo5_9, void @empty_215, i32 0, i32 0, void @empty_219, i32 0, i32 0, void @empty_219, void @empty_219, void @empty_219, i32 0, i32 0, i32 0, i32 0, void @empty_219, void @empty_219, i32 4294967295, i32 0"   --->   Operation 12 'specinterface' 'specinterface_ln0' <Predicate = true> <Delay = 0.00>
ST_1 : Operation 13 [1/1] (0.00ns)   --->   "%specinterface_ln0 = specinterface void @_ssdm_op_SpecInterface, i32 %B_fifo5, void @empty_215, i32 0, i32 0, void @empty_219, i32 0, i32 0, void @empty_219, void @empty_219, void @empty_219, i32 0, i32 0, i32 0, i32 0, void @empty_219, void @empty_219, i32 4294967295, i32 0"   --->   Operation 13 'specinterface' 'specinterface_ln0' <Predicate = true> <Delay = 0.00>
ST_1 : Operation 14 [1/1] (0.00ns)   --->   "%specinterface_ln0 = specinterface void @_ssdm_op_SpecInterface, i32 %A_fifo5_63, void @empty_215, i32 0, i32 0, void @empty_219, i32 0, i32 0, void @empty_219, void @empty_219, void @empty_219, i32 0, i32 0, i32 0, i32 0, void @empty_219, void @empty_219, i32 4294967295, i32 0"   --->   Operation 14 'specinterface' 'specinterface_ln0' <Predicate = true> <Delay = 0.00>
ST_1 : Operation 15 [1/1] (0.00ns)   --->   "%specinterface_ln0 = specinterface void @_ssdm_op_SpecInterface, i32 %A_fifo5_54, void @empty_215, i32 0, i32 0, void @empty_219, i32 0, i32 0, void @empty_219, void @empty_219, void @empty_219, i32 0, i32 0, i32 0, i32 0, void @empty_219, void @empty_219, i32 4294967295, i32 0"   --->   Operation 15 'specinterface' 'specinterface_ln0' <Predicate = true> <Delay = 0.00>
ST_1 : Operation 16 [1/1] (0.00ns)   --->   "%specinterface_ln0 = specinterface void @_ssdm_op_SpecInterface, i32 %A_fifo5_45, void @empty_215, i32 0, i32 0, void @empty_219, i32 0, i32 0, void @empty_219, void @empty_219, void @empty_219, i32 0, i32 0, i32 0, i32 0, void @empty_219, void @empty_219, i32 4294967295, i32 0"   --->   Operation 16 'specinterface' 'specinterface_ln0' <Predicate = true> <Delay = 0.00>
ST_1 : Operation 17 [1/1] (0.00ns)   --->   "%specinterface_ln0 = specinterface void @_ssdm_op_SpecInterface, i32 %A_fifo5_36, void @empty_215, i32 0, i32 0, void @empty_219, i32 0, i32 0, void @empty_219, void @empty_219, void @empty_219, i32 0, i32 0, i32 0, i32 0, void @empty_219, void @empty_219, i32 4294967295, i32 0"   --->   Operation 17 'specinterface' 'specinterface_ln0' <Predicate = true> <Delay = 0.00>
ST_1 : Operation 18 [1/1] (0.00ns)   --->   "%specinterface_ln0 = specinterface void @_ssdm_op_SpecInterface, i32 %A_fifo5_27, void @empty_215, i32 0, i32 0, void @empty_219, i32 0, i32 0, void @empty_219, void @empty_219, void @empty_219, i32 0, i32 0, i32 0, i32 0, void @empty_219, void @empty_219, i32 4294967295, i32 0"   --->   Operation 18 'specinterface' 'specinterface_ln0' <Predicate = true> <Delay = 0.00>
ST_1 : Operation 19 [1/1] (0.00ns)   --->   "%specinterface_ln0 = specinterface void @_ssdm_op_SpecInterface, i32 %A_fifo5_18, void @empty_215, i32 0, i32 0, void @empty_219, i32 0, i32 0, void @empty_219, void @empty_219, void @empty_219, i32 0, i32 0, i32 0, i32 0, void @empty_219, void @empty_219, i32 4294967295, i32 0"   --->   Operation 19 'specinterface' 'specinterface_ln0' <Predicate = true> <Delay = 0.00>
ST_1 : Operation 20 [1/1] (0.00ns)   --->   "%specinterface_ln0 = specinterface void @_ssdm_op_SpecInterface, i32 %A_fifo5_9, void @empty_215, i32 0, i32 0, void @empty_219, i32 0, i32 0, void @empty_219, void @empty_219, void @empty_219, i32 0, i32 0, i32 0, i32 0, void @empty_219, void @empty_219, i32 4294967295, i32 0"   --->   Operation 20 'specinterface' 'specinterface_ln0' <Predicate = true> <Delay = 0.00>
ST_1 : Operation 21 [1/1] (0.00ns)   --->   "%specinterface_ln0 = specinterface void @_ssdm_op_SpecInterface, i32 %A_fifo5, void @empty_215, i32 0, i32 0, void @empty_219, i32 0, i32 0, void @empty_219, void @empty_219, void @empty_219, i32 0, i32 0, i32 0, i32 0, void @empty_219, void @empty_219, i32 4294967295, i32 0"   --->   Operation 21 'specinterface' 'specinterface_ln0' <Predicate = true> <Delay = 0.00>
ST_1 : Operation 22 [1/1] (0.38ns)   --->   "%store_ln15297 = store i11 0, i11 %k338" [/home/silvenchen/Desktop/DitBlock/WorkDCT/DitBlock/kernel.cpp:15297]   --->   Operation 22 'store' 'store_ln15297' <Predicate = true> <Delay = 0.38>
ST_1 : Operation 23 [1/1] (0.00ns)   --->   "%br_ln0 = br void %for.cond"   --->   Operation 23 'br' 'br_ln0' <Predicate = true> <Delay = 0.00>
ST_1 : Operation 24 [1/1] (0.00ns)   --->   "%k338_1 = load i11 %k338" [/home/silvenchen/Desktop/DitBlock/WorkDCT/DitBlock/kernel.cpp:15297]   --->   Operation 24 'load' 'k338_1' <Predicate = true> <Delay = 0.00>
ST_1 : Operation 25 [1/1] (0.73ns)   --->   "%icmp_ln15297 = icmp_eq  i11 %k338_1, i11 1024" [/home/silvenchen/Desktop/DitBlock/WorkDCT/DitBlock/kernel.cpp:15297]   --->   Operation 25 'icmp' 'icmp_ln15297' <Predicate = true> <Delay = 0.73> <CoreInst = "Cmp">   --->   Core 9 'Cmp' <Latency = 0> <II = 1> <Delay = 0.73> <FuncUnit> <Opcode : 'icmp'> <InPorts = 2> <OutPorts = 1>
ST_1 : Operation 26 [1/1] (0.73ns)   --->   "%add_ln15297 = add i11 %k338_1, i11 1" [/home/silvenchen/Desktop/DitBlock/WorkDCT/DitBlock/kernel.cpp:15297]   --->   Operation 26 'add' 'add_ln15297' <Predicate = true> <Delay = 0.73> <CoreInst = "Adder">   --->   Core 1 'Adder' <Latency = 0> <II = 1> <Delay = 0.73> <FuncUnit> <Opcode : 'add' 'sub'> <InPorts = 2> <OutPorts = 1>
ST_1 : Operation 27 [1/1] (0.00ns)   --->   "%br_ln15297 = br i1 %icmp_ln15297, void %l_S_m_0_m10, void %for.end47.exitStub" [/home/silvenchen/Desktop/DitBlock/WorkDCT/DitBlock/kernel.cpp:15297]   --->   Operation 27 'br' 'br_ln15297' <Predicate = true> <Delay = 0.00>
ST_1 : Operation 28 [1/1] (0.00ns)   --->   "%zext_ln15297 = zext i11 %k338_1" [/home/silvenchen/Desktop/DitBlock/WorkDCT/DitBlock/kernel.cpp:15297]   --->   Operation 28 'zext' 'zext_ln15297' <Predicate = (!icmp_ln15297)> <Delay = 0.00>
ST_1 : Operation 29 [1/1] (0.00ns)   --->   "%v8272_0_addr = getelementptr i32 %v8272_0, i64 0, i64 %zext_ln15297" [/home/silvenchen/Desktop/DitBlock/WorkDCT/DitBlock/kernel.cpp:15297]   --->   Operation 29 'getelementptr' 'v8272_0_addr' <Predicate = (!icmp_ln15297)> <Delay = 0.00>
ST_1 : Operation 30 [2/2] (1.20ns)   --->   "%v8281 = load i10 %v8272_0_addr" [/home/silvenchen/Desktop/DitBlock/WorkDCT/DitBlock/kernel.cpp:15297]   --->   Operation 30 'load' 'v8281' <Predicate = (!icmp_ln15297)> <Delay = 1.20> <CoreInst = "RAM">   --->   Core 83 'RAM' <Latency = 1> <II = 1> <Delay = 1.20> <Storage> <Opcode : 'load' 'store'> <Ports = 2> <Width = 32> <Depth = 1024> <RAM>
ST_1 : Operation 31 [1/1] (0.00ns)   --->   "%v8272_1_addr = getelementptr i32 %v8272_1, i64 0, i64 %zext_ln15297" [/home/silvenchen/Desktop/DitBlock/WorkDCT/DitBlock/kernel.cpp:15297]   --->   Operation 31 'getelementptr' 'v8272_1_addr' <Predicate = (!icmp_ln15297)> <Delay = 0.00>
ST_1 : Operation 32 [2/2] (1.20ns)   --->   "%v8281_1 = load i10 %v8272_1_addr" [/home/silvenchen/Desktop/DitBlock/WorkDCT/DitBlock/kernel.cpp:15297]   --->   Operation 32 'load' 'v8281_1' <Predicate = (!icmp_ln15297)> <Delay = 1.20> <CoreInst = "RAM">   --->   Core 83 'RAM' <Latency = 1> <II = 1> <Delay = 1.20> <Storage> <Opcode : 'load' 'store'> <Ports = 2> <Width = 32> <Depth = 1024> <RAM>
ST_1 : Operation 33 [1/1] (0.00ns)   --->   "%v8272_2_addr = getelementptr i32 %v8272_2, i64 0, i64 %zext_ln15297" [/home/silvenchen/Desktop/DitBlock/WorkDCT/DitBlock/kernel.cpp:15297]   --->   Operation 33 'getelementptr' 'v8272_2_addr' <Predicate = (!icmp_ln15297)> <Delay = 0.00>
ST_1 : Operation 34 [2/2] (1.20ns)   --->   "%v8281_2 = load i10 %v8272_2_addr" [/home/silvenchen/Desktop/DitBlock/WorkDCT/DitBlock/kernel.cpp:15297]   --->   Operation 34 'load' 'v8281_2' <Predicate = (!icmp_ln15297)> <Delay = 1.20> <CoreInst = "RAM">   --->   Core 83 'RAM' <Latency = 1> <II = 1> <Delay = 1.20> <Storage> <Opcode : 'load' 'store'> <Ports = 2> <Width = 32> <Depth = 1024> <RAM>
ST_1 : Operation 35 [1/1] (0.00ns)   --->   "%v8272_3_addr = getelementptr i32 %v8272_3, i64 0, i64 %zext_ln15297" [/home/silvenchen/Desktop/DitBlock/WorkDCT/DitBlock/kernel.cpp:15297]   --->   Operation 35 'getelementptr' 'v8272_3_addr' <Predicate = (!icmp_ln15297)> <Delay = 0.00>
ST_1 : Operation 36 [2/2] (1.20ns)   --->   "%v8281_3 = load i10 %v8272_3_addr" [/home/silvenchen/Desktop/DitBlock/WorkDCT/DitBlock/kernel.cpp:15297]   --->   Operation 36 'load' 'v8281_3' <Predicate = (!icmp_ln15297)> <Delay = 1.20> <CoreInst = "RAM">   --->   Core 83 'RAM' <Latency = 1> <II = 1> <Delay = 1.20> <Storage> <Opcode : 'load' 'store'> <Ports = 2> <Width = 32> <Depth = 1024> <RAM>
ST_1 : Operation 37 [1/1] (0.00ns)   --->   "%v8272_4_addr = getelementptr i32 %v8272_4, i64 0, i64 %zext_ln15297" [/home/silvenchen/Desktop/DitBlock/WorkDCT/DitBlock/kernel.cpp:15297]   --->   Operation 37 'getelementptr' 'v8272_4_addr' <Predicate = (!icmp_ln15297)> <Delay = 0.00>
ST_1 : Operation 38 [2/2] (1.20ns)   --->   "%v8281_4 = load i10 %v8272_4_addr" [/home/silvenchen/Desktop/DitBlock/WorkDCT/DitBlock/kernel.cpp:15297]   --->   Operation 38 'load' 'v8281_4' <Predicate = (!icmp_ln15297)> <Delay = 1.20> <CoreInst = "RAM">   --->   Core 83 'RAM' <Latency = 1> <II = 1> <Delay = 1.20> <Storage> <Opcode : 'load' 'store'> <Ports = 2> <Width = 32> <Depth = 1024> <RAM>
ST_1 : Operation 39 [1/1] (0.00ns)   --->   "%v8272_5_addr = getelementptr i32 %v8272_5, i64 0, i64 %zext_ln15297" [/home/silvenchen/Desktop/DitBlock/WorkDCT/DitBlock/kernel.cpp:15297]   --->   Operation 39 'getelementptr' 'v8272_5_addr' <Predicate = (!icmp_ln15297)> <Delay = 0.00>
ST_1 : Operation 40 [2/2] (1.20ns)   --->   "%v8281_5 = load i10 %v8272_5_addr" [/home/silvenchen/Desktop/DitBlock/WorkDCT/DitBlock/kernel.cpp:15297]   --->   Operation 40 'load' 'v8281_5' <Predicate = (!icmp_ln15297)> <Delay = 1.20> <CoreInst = "RAM">   --->   Core 83 'RAM' <Latency = 1> <II = 1> <Delay = 1.20> <Storage> <Opcode : 'load' 'store'> <Ports = 2> <Width = 32> <Depth = 1024> <RAM>
ST_1 : Operation 41 [1/1] (0.00ns)   --->   "%v8272_6_addr = getelementptr i32 %v8272_6, i64 0, i64 %zext_ln15297" [/home/silvenchen/Desktop/DitBlock/WorkDCT/DitBlock/kernel.cpp:15297]   --->   Operation 41 'getelementptr' 'v8272_6_addr' <Predicate = (!icmp_ln15297)> <Delay = 0.00>
ST_1 : Operation 42 [2/2] (1.20ns)   --->   "%v8281_6 = load i10 %v8272_6_addr" [/home/silvenchen/Desktop/DitBlock/WorkDCT/DitBlock/kernel.cpp:15297]   --->   Operation 42 'load' 'v8281_6' <Predicate = (!icmp_ln15297)> <Delay = 1.20> <CoreInst = "RAM">   --->   Core 83 'RAM' <Latency = 1> <II = 1> <Delay = 1.20> <Storage> <Opcode : 'load' 'store'> <Ports = 2> <Width = 32> <Depth = 1024> <RAM>
ST_1 : Operation 43 [1/1] (0.00ns)   --->   "%v8272_7_addr = getelementptr i32 %v8272_7, i64 0, i64 %zext_ln15297" [/home/silvenchen/Desktop/DitBlock/WorkDCT/DitBlock/kernel.cpp:15297]   --->   Operation 43 'getelementptr' 'v8272_7_addr' <Predicate = (!icmp_ln15297)> <Delay = 0.00>
ST_1 : Operation 44 [2/2] (1.20ns)   --->   "%v8281_7 = load i10 %v8272_7_addr" [/home/silvenchen/Desktop/DitBlock/WorkDCT/DitBlock/kernel.cpp:15297]   --->   Operation 44 'load' 'v8281_7' <Predicate = (!icmp_ln15297)> <Delay = 1.20> <CoreInst = "RAM">   --->   Core 83 'RAM' <Latency = 1> <II = 1> <Delay = 1.20> <Storage> <Opcode : 'load' 'store'> <Ports = 2> <Width = 32> <Depth = 1024> <RAM>
ST_1 : Operation 45 [1/1] (0.00ns)   --->   "%v8273_0_addr = getelementptr i32 %v8273_0, i64 0, i64 %zext_ln15297" [/home/silvenchen/Desktop/DitBlock/WorkDCT/DitBlock/kernel.cpp:15297]   --->   Operation 45 'getelementptr' 'v8273_0_addr' <Predicate = (!icmp_ln15297)> <Delay = 0.00>
ST_1 : Operation 46 [2/2] (1.20ns)   --->   "%v8283 = load i10 %v8273_0_addr" [/home/silvenchen/Desktop/DitBlock/WorkDCT/DitBlock/kernel.cpp:15297]   --->   Operation 46 'load' 'v8283' <Predicate = (!icmp_ln15297)> <Delay = 1.20> <CoreInst = "RAM">   --->   Core 83 'RAM' <Latency = 1> <II = 1> <Delay = 1.20> <Storage> <Opcode : 'load' 'store'> <Ports = 2> <Width = 32> <Depth = 1024> <RAM>
ST_1 : Operation 47 [1/1] (0.00ns)   --->   "%v8273_1_addr = getelementptr i32 %v8273_1, i64 0, i64 %zext_ln15297" [/home/silvenchen/Desktop/DitBlock/WorkDCT/DitBlock/kernel.cpp:15297]   --->   Operation 47 'getelementptr' 'v8273_1_addr' <Predicate = (!icmp_ln15297)> <Delay = 0.00>
ST_1 : Operation 48 [2/2] (1.20ns)   --->   "%v8283_1 = load i10 %v8273_1_addr" [/home/silvenchen/Desktop/DitBlock/WorkDCT/DitBlock/kernel.cpp:15297]   --->   Operation 48 'load' 'v8283_1' <Predicate = (!icmp_ln15297)> <Delay = 1.20> <CoreInst = "RAM">   --->   Core 83 'RAM' <Latency = 1> <II = 1> <Delay = 1.20> <Storage> <Opcode : 'load' 'store'> <Ports = 2> <Width = 32> <Depth = 1024> <RAM>
ST_1 : Operation 49 [1/1] (0.00ns)   --->   "%v8273_2_addr = getelementptr i32 %v8273_2, i64 0, i64 %zext_ln15297" [/home/silvenchen/Desktop/DitBlock/WorkDCT/DitBlock/kernel.cpp:15297]   --->   Operation 49 'getelementptr' 'v8273_2_addr' <Predicate = (!icmp_ln15297)> <Delay = 0.00>
ST_1 : Operation 50 [2/2] (1.20ns)   --->   "%v8283_2 = load i10 %v8273_2_addr" [/home/silvenchen/Desktop/DitBlock/WorkDCT/DitBlock/kernel.cpp:15297]   --->   Operation 50 'load' 'v8283_2' <Predicate = (!icmp_ln15297)> <Delay = 1.20> <CoreInst = "RAM">   --->   Core 83 'RAM' <Latency = 1> <II = 1> <Delay = 1.20> <Storage> <Opcode : 'load' 'store'> <Ports = 2> <Width = 32> <Depth = 1024> <RAM>
ST_1 : Operation 51 [1/1] (0.00ns)   --->   "%v8273_3_addr = getelementptr i32 %v8273_3, i64 0, i64 %zext_ln15297" [/home/silvenchen/Desktop/DitBlock/WorkDCT/DitBlock/kernel.cpp:15297]   --->   Operation 51 'getelementptr' 'v8273_3_addr' <Predicate = (!icmp_ln15297)> <Delay = 0.00>
ST_1 : Operation 52 [2/2] (1.20ns)   --->   "%v8283_3 = load i10 %v8273_3_addr" [/home/silvenchen/Desktop/DitBlock/WorkDCT/DitBlock/kernel.cpp:15297]   --->   Operation 52 'load' 'v8283_3' <Predicate = (!icmp_ln15297)> <Delay = 1.20> <CoreInst = "RAM">   --->   Core 83 'RAM' <Latency = 1> <II = 1> <Delay = 1.20> <Storage> <Opcode : 'load' 'store'> <Ports = 2> <Width = 32> <Depth = 1024> <RAM>
ST_1 : Operation 53 [1/1] (0.00ns)   --->   "%v8273_4_addr = getelementptr i32 %v8273_4, i64 0, i64 %zext_ln15297" [/home/silvenchen/Desktop/DitBlock/WorkDCT/DitBlock/kernel.cpp:15297]   --->   Operation 53 'getelementptr' 'v8273_4_addr' <Predicate = (!icmp_ln15297)> <Delay = 0.00>
ST_1 : Operation 54 [2/2] (1.20ns)   --->   "%v8283_4 = load i10 %v8273_4_addr" [/home/silvenchen/Desktop/DitBlock/WorkDCT/DitBlock/kernel.cpp:15297]   --->   Operation 54 'load' 'v8283_4' <Predicate = (!icmp_ln15297)> <Delay = 1.20> <CoreInst = "RAM">   --->   Core 83 'RAM' <Latency = 1> <II = 1> <Delay = 1.20> <Storage> <Opcode : 'load' 'store'> <Ports = 2> <Width = 32> <Depth = 1024> <RAM>
ST_1 : Operation 55 [1/1] (0.00ns)   --->   "%v8273_5_addr = getelementptr i32 %v8273_5, i64 0, i64 %zext_ln15297" [/home/silvenchen/Desktop/DitBlock/WorkDCT/DitBlock/kernel.cpp:15297]   --->   Operation 55 'getelementptr' 'v8273_5_addr' <Predicate = (!icmp_ln15297)> <Delay = 0.00>
ST_1 : Operation 56 [2/2] (1.20ns)   --->   "%v8283_5 = load i10 %v8273_5_addr" [/home/silvenchen/Desktop/DitBlock/WorkDCT/DitBlock/kernel.cpp:15297]   --->   Operation 56 'load' 'v8283_5' <Predicate = (!icmp_ln15297)> <Delay = 1.20> <CoreInst = "RAM">   --->   Core 83 'RAM' <Latency = 1> <II = 1> <Delay = 1.20> <Storage> <Opcode : 'load' 'store'> <Ports = 2> <Width = 32> <Depth = 1024> <RAM>
ST_1 : Operation 57 [1/1] (0.00ns)   --->   "%v8273_6_addr = getelementptr i32 %v8273_6, i64 0, i64 %zext_ln15297" [/home/silvenchen/Desktop/DitBlock/WorkDCT/DitBlock/kernel.cpp:15297]   --->   Operation 57 'getelementptr' 'v8273_6_addr' <Predicate = (!icmp_ln15297)> <Delay = 0.00>
ST_1 : Operation 58 [2/2] (1.20ns)   --->   "%v8283_6 = load i10 %v8273_6_addr" [/home/silvenchen/Desktop/DitBlock/WorkDCT/DitBlock/kernel.cpp:15297]   --->   Operation 58 'load' 'v8283_6' <Predicate = (!icmp_ln15297)> <Delay = 1.20> <CoreInst = "RAM">   --->   Core 83 'RAM' <Latency = 1> <II = 1> <Delay = 1.20> <Storage> <Opcode : 'load' 'store'> <Ports = 2> <Width = 32> <Depth = 1024> <RAM>
ST_1 : Operation 59 [1/1] (0.00ns)   --->   "%v8273_7_addr = getelementptr i32 %v8273_7, i64 0, i64 %zext_ln15297" [/home/silvenchen/Desktop/DitBlock/WorkDCT/DitBlock/kernel.cpp:15297]   --->   Operation 59 'getelementptr' 'v8273_7_addr' <Predicate = (!icmp_ln15297)> <Delay = 0.00>
ST_1 : Operation 60 [2/2] (1.20ns)   --->   "%v8283_7 = load i10 %v8273_7_addr" [/home/silvenchen/Desktop/DitBlock/WorkDCT/DitBlock/kernel.cpp:15297]   --->   Operation 60 'load' 'v8283_7' <Predicate = (!icmp_ln15297)> <Delay = 1.20> <CoreInst = "RAM">   --->   Core 83 'RAM' <Latency = 1> <II = 1> <Delay = 1.20> <Storage> <Opcode : 'load' 'store'> <Ports = 2> <Width = 32> <Depth = 1024> <RAM>
ST_1 : Operation 61 [1/1] (0.38ns)   --->   "%store_ln15297 = store i11 %add_ln15297, i11 %k338" [/home/silvenchen/Desktop/DitBlock/WorkDCT/DitBlock/kernel.cpp:15297]   --->   Operation 61 'store' 'store_ln15297' <Predicate = (!icmp_ln15297)> <Delay = 0.38>
ST_1 : Operation 114 [1/1] (0.00ns)   --->   "%ret_ln0 = ret"   --->   Operation 114 'ret' 'ret_ln0' <Predicate = (icmp_ln15297)> <Delay = 0.00>

State 2 <SV = 1> <Delay = 2.63>
ST_2 : Operation 62 [1/1] (0.00ns)   --->   "%specpipeline_ln0 = specpipeline void @_ssdm_op_SpecPipeline, i32 4294967295, i32 0, i32 0, i32 0, void @empty_219"   --->   Operation 62 'specpipeline' 'specpipeline_ln0' <Predicate = true> <Delay = 0.00>
ST_2 : Operation 63 [1/1] (0.00ns)   --->   "%speclooptripcount_ln0 = speclooptripcount void @_ssdm_op_SpecLoopTripCount, i64 1024, i64 1024, i64 1024"   --->   Operation 63 'speclooptripcount' 'speclooptripcount_ln0' <Predicate = true> <Delay = 0.00>
ST_2 : Operation 64 [1/1] (0.00ns)   --->   "%specloopname_ln15297 = specloopname void @_ssdm_op_SpecLoopName, void @empty_179" [/home/silvenchen/Desktop/DitBlock/WorkDCT/DitBlock/kernel.cpp:15297]   --->   Operation 64 'specloopname' 'specloopname_ln15297' <Predicate = true> <Delay = 0.00>
ST_2 : Operation 65 [1/2] (1.20ns)   --->   "%v8281 = load i10 %v8272_0_addr" [/home/silvenchen/Desktop/DitBlock/WorkDCT/DitBlock/kernel.cpp:15297]   --->   Operation 65 'load' 'v8281' <Predicate = true> <Delay = 1.20> <CoreInst = "RAM">   --->   Core 83 'RAM' <Latency = 1> <II = 1> <Delay = 1.20> <Storage> <Opcode : 'load' 'store'> <Ports = 2> <Width = 32> <Depth = 1024> <RAM>
ST_2 : Operation 66 [1/1] (0.00ns)   --->   "%bitcast_ln15300 = bitcast i32 %v8281" [/home/silvenchen/Desktop/DitBlock/WorkDCT/DitBlock/kernel.cpp:15300]   --->   Operation 66 'bitcast' 'bitcast_ln15300' <Predicate = true> <Delay = 0.00>
ST_2 : Operation 67 [1/2] (1.20ns)   --->   "%v8281_1 = load i10 %v8272_1_addr" [/home/silvenchen/Desktop/DitBlock/WorkDCT/DitBlock/kernel.cpp:15297]   --->   Operation 67 'load' 'v8281_1' <Predicate = true> <Delay = 1.20> <CoreInst = "RAM">   --->   Core 83 'RAM' <Latency = 1> <II = 1> <Delay = 1.20> <Storage> <Opcode : 'load' 'store'> <Ports = 2> <Width = 32> <Depth = 1024> <RAM>
ST_2 : Operation 68 [1/1] (0.00ns)   --->   "%bitcast_ln15300_1 = bitcast i32 %v8281_1" [/home/silvenchen/Desktop/DitBlock/WorkDCT/DitBlock/kernel.cpp:15300]   --->   Operation 68 'bitcast' 'bitcast_ln15300_1' <Predicate = true> <Delay = 0.00>
ST_2 : Operation 69 [1/2] (1.20ns)   --->   "%v8281_2 = load i10 %v8272_2_addr" [/home/silvenchen/Desktop/DitBlock/WorkDCT/DitBlock/kernel.cpp:15297]   --->   Operation 69 'load' 'v8281_2' <Predicate = true> <Delay = 1.20> <CoreInst = "RAM">   --->   Core 83 'RAM' <Latency = 1> <II = 1> <Delay = 1.20> <Storage> <Opcode : 'load' 'store'> <Ports = 2> <Width = 32> <Depth = 1024> <RAM>
ST_2 : Operation 70 [1/1] (0.00ns)   --->   "%bitcast_ln15300_2 = bitcast i32 %v8281_2" [/home/silvenchen/Desktop/DitBlock/WorkDCT/DitBlock/kernel.cpp:15300]   --->   Operation 70 'bitcast' 'bitcast_ln15300_2' <Predicate = true> <Delay = 0.00>
ST_2 : Operation 71 [1/2] (1.20ns)   --->   "%v8281_3 = load i10 %v8272_3_addr" [/home/silvenchen/Desktop/DitBlock/WorkDCT/DitBlock/kernel.cpp:15297]   --->   Operation 71 'load' 'v8281_3' <Predicate = true> <Delay = 1.20> <CoreInst = "RAM">   --->   Core 83 'RAM' <Latency = 1> <II = 1> <Delay = 1.20> <Storage> <Opcode : 'load' 'store'> <Ports = 2> <Width = 32> <Depth = 1024> <RAM>
ST_2 : Operation 72 [1/1] (0.00ns)   --->   "%bitcast_ln15300_3 = bitcast i32 %v8281_3" [/home/silvenchen/Desktop/DitBlock/WorkDCT/DitBlock/kernel.cpp:15300]   --->   Operation 72 'bitcast' 'bitcast_ln15300_3' <Predicate = true> <Delay = 0.00>
ST_2 : Operation 73 [1/2] (1.20ns)   --->   "%v8281_4 = load i10 %v8272_4_addr" [/home/silvenchen/Desktop/DitBlock/WorkDCT/DitBlock/kernel.cpp:15297]   --->   Operation 73 'load' 'v8281_4' <Predicate = true> <Delay = 1.20> <CoreInst = "RAM">   --->   Core 83 'RAM' <Latency = 1> <II = 1> <Delay = 1.20> <Storage> <Opcode : 'load' 'store'> <Ports = 2> <Width = 32> <Depth = 1024> <RAM>
ST_2 : Operation 74 [1/1] (0.00ns)   --->   "%bitcast_ln15300_4 = bitcast i32 %v8281_4" [/home/silvenchen/Desktop/DitBlock/WorkDCT/DitBlock/kernel.cpp:15300]   --->   Operation 74 'bitcast' 'bitcast_ln15300_4' <Predicate = true> <Delay = 0.00>
ST_2 : Operation 75 [1/2] (1.20ns)   --->   "%v8281_5 = load i10 %v8272_5_addr" [/home/silvenchen/Desktop/DitBlock/WorkDCT/DitBlock/kernel.cpp:15297]   --->   Operation 75 'load' 'v8281_5' <Predicate = true> <Delay = 1.20> <CoreInst = "RAM">   --->   Core 83 'RAM' <Latency = 1> <II = 1> <Delay = 1.20> <Storage> <Opcode : 'load' 'store'> <Ports = 2> <Width = 32> <Depth = 1024> <RAM>
ST_2 : Operation 76 [1/1] (0.00ns)   --->   "%bitcast_ln15300_5 = bitcast i32 %v8281_5" [/home/silvenchen/Desktop/DitBlock/WorkDCT/DitBlock/kernel.cpp:15300]   --->   Operation 76 'bitcast' 'bitcast_ln15300_5' <Predicate = true> <Delay = 0.00>
ST_2 : Operation 77 [1/2] (1.20ns)   --->   "%v8281_6 = load i10 %v8272_6_addr" [/home/silvenchen/Desktop/DitBlock/WorkDCT/DitBlock/kernel.cpp:15297]   --->   Operation 77 'load' 'v8281_6' <Predicate = true> <Delay = 1.20> <CoreInst = "RAM">   --->   Core 83 'RAM' <Latency = 1> <II = 1> <Delay = 1.20> <Storage> <Opcode : 'load' 'store'> <Ports = 2> <Width = 32> <Depth = 1024> <RAM>
ST_2 : Operation 78 [1/1] (0.00ns)   --->   "%bitcast_ln15300_6 = bitcast i32 %v8281_6" [/home/silvenchen/Desktop/DitBlock/WorkDCT/DitBlock/kernel.cpp:15300]   --->   Operation 78 'bitcast' 'bitcast_ln15300_6' <Predicate = true> <Delay = 0.00>
ST_2 : Operation 79 [1/2] (1.20ns)   --->   "%v8281_7 = load i10 %v8272_7_addr" [/home/silvenchen/Desktop/DitBlock/WorkDCT/DitBlock/kernel.cpp:15297]   --->   Operation 79 'load' 'v8281_7' <Predicate = true> <Delay = 1.20> <CoreInst = "RAM">   --->   Core 83 'RAM' <Latency = 1> <II = 1> <Delay = 1.20> <Storage> <Opcode : 'load' 'store'> <Ports = 2> <Width = 32> <Depth = 1024> <RAM>
ST_2 : Operation 80 [1/1] (0.00ns)   --->   "%bitcast_ln15300_7 = bitcast i32 %v8281_7" [/home/silvenchen/Desktop/DitBlock/WorkDCT/DitBlock/kernel.cpp:15300]   --->   Operation 80 'bitcast' 'bitcast_ln15300_7' <Predicate = true> <Delay = 0.00>
ST_2 : Operation 81 [1/1] (1.43ns)   --->   "%write_ln15300 = write void @_ssdm_op_Write.ap_fifo.volatile.i32P0A, i32 %A_fifo5, i32 %bitcast_ln15300" [/home/silvenchen/Desktop/DitBlock/WorkDCT/DitBlock/kernel.cpp:15300]   --->   Operation 81 'write' 'write_ln15300' <Predicate = true> <Delay = 1.43> <CoreInst = "FIFO_SRL">   --->   Core 81 'FIFO_SRL' <Latency = 0> <II = 1> <Delay = 1.43> <Storage> <Opcode : 'read' 'write' 'nbread' 'nbwrite'> <Ports = 0> <Width = 32> <Depth = 9> <FIFO>
ST_2 : Operation 82 [1/1] (1.43ns)   --->   "%write_ln15300 = write void @_ssdm_op_Write.ap_fifo.volatile.i32P0A, i32 %A_fifo5_9, i32 %bitcast_ln15300_1" [/home/silvenchen/Desktop/DitBlock/WorkDCT/DitBlock/kernel.cpp:15300]   --->   Operation 82 'write' 'write_ln15300' <Predicate = true> <Delay = 1.43> <CoreInst = "FIFO_SRL">   --->   Core 81 'FIFO_SRL' <Latency = 0> <II = 1> <Delay = 1.43> <Storage> <Opcode : 'read' 'write' 'nbread' 'nbwrite'> <Ports = 0> <Width = 32> <Depth = 9> <FIFO>
ST_2 : Operation 83 [1/1] (1.43ns)   --->   "%write_ln15300 = write void @_ssdm_op_Write.ap_fifo.volatile.i32P0A, i32 %A_fifo5_18, i32 %bitcast_ln15300_2" [/home/silvenchen/Desktop/DitBlock/WorkDCT/DitBlock/kernel.cpp:15300]   --->   Operation 83 'write' 'write_ln15300' <Predicate = true> <Delay = 1.43> <CoreInst = "FIFO_SRL">   --->   Core 81 'FIFO_SRL' <Latency = 0> <II = 1> <Delay = 1.43> <Storage> <Opcode : 'read' 'write' 'nbread' 'nbwrite'> <Ports = 0> <Width = 32> <Depth = 9> <FIFO>
ST_2 : Operation 84 [1/1] (1.43ns)   --->   "%write_ln15300 = write void @_ssdm_op_Write.ap_fifo.volatile.i32P0A, i32 %A_fifo5_27, i32 %bitcast_ln15300_3" [/home/silvenchen/Desktop/DitBlock/WorkDCT/DitBlock/kernel.cpp:15300]   --->   Operation 84 'write' 'write_ln15300' <Predicate = true> <Delay = 1.43> <CoreInst = "FIFO_SRL">   --->   Core 81 'FIFO_SRL' <Latency = 0> <II = 1> <Delay = 1.43> <Storage> <Opcode : 'read' 'write' 'nbread' 'nbwrite'> <Ports = 0> <Width = 32> <Depth = 9> <FIFO>
ST_2 : Operation 85 [1/1] (1.43ns)   --->   "%write_ln15300 = write void @_ssdm_op_Write.ap_fifo.volatile.i32P0A, i32 %A_fifo5_36, i32 %bitcast_ln15300_4" [/home/silvenchen/Desktop/DitBlock/WorkDCT/DitBlock/kernel.cpp:15300]   --->   Operation 85 'write' 'write_ln15300' <Predicate = true> <Delay = 1.43> <CoreInst = "FIFO_SRL">   --->   Core 81 'FIFO_SRL' <Latency = 0> <II = 1> <Delay = 1.43> <Storage> <Opcode : 'read' 'write' 'nbread' 'nbwrite'> <Ports = 0> <Width = 32> <Depth = 9> <FIFO>
ST_2 : Operation 86 [1/1] (1.43ns)   --->   "%write_ln15300 = write void @_ssdm_op_Write.ap_fifo.volatile.i32P0A, i32 %A_fifo5_45, i32 %bitcast_ln15300_5" [/home/silvenchen/Desktop/DitBlock/WorkDCT/DitBlock/kernel.cpp:15300]   --->   Operation 86 'write' 'write_ln15300' <Predicate = true> <Delay = 1.43> <CoreInst = "FIFO_SRL">   --->   Core 81 'FIFO_SRL' <Latency = 0> <II = 1> <Delay = 1.43> <Storage> <Opcode : 'read' 'write' 'nbread' 'nbwrite'> <Ports = 0> <Width = 32> <Depth = 9> <FIFO>
ST_2 : Operation 87 [1/1] (1.43ns)   --->   "%write_ln15300 = write void @_ssdm_op_Write.ap_fifo.volatile.i32P0A, i32 %A_fifo5_54, i32 %bitcast_ln15300_6" [/home/silvenchen/Desktop/DitBlock/WorkDCT/DitBlock/kernel.cpp:15300]   --->   Operation 87 'write' 'write_ln15300' <Predicate = true> <Delay = 1.43> <CoreInst = "FIFO_SRL">   --->   Core 81 'FIFO_SRL' <Latency = 0> <II = 1> <Delay = 1.43> <Storage> <Opcode : 'read' 'write' 'nbread' 'nbwrite'> <Ports = 0> <Width = 32> <Depth = 9> <FIFO>
ST_2 : Operation 88 [1/1] (1.43ns)   --->   "%write_ln15300 = write void @_ssdm_op_Write.ap_fifo.volatile.i32P0A, i32 %A_fifo5_63, i32 %bitcast_ln15300_7" [/home/silvenchen/Desktop/DitBlock/WorkDCT/DitBlock/kernel.cpp:15300]   --->   Operation 88 'write' 'write_ln15300' <Predicate = true> <Delay = 1.43> <CoreInst = "FIFO_SRL">   --->   Core 81 'FIFO_SRL' <Latency = 0> <II = 1> <Delay = 1.43> <Storage> <Opcode : 'read' 'write' 'nbread' 'nbwrite'> <Ports = 0> <Width = 32> <Depth = 9> <FIFO>
ST_2 : Operation 89 [1/2] (1.20ns)   --->   "%v8283 = load i10 %v8273_0_addr" [/home/silvenchen/Desktop/DitBlock/WorkDCT/DitBlock/kernel.cpp:15297]   --->   Operation 89 'load' 'v8283' <Predicate = true> <Delay = 1.20> <CoreInst = "RAM">   --->   Core 83 'RAM' <Latency = 1> <II = 1> <Delay = 1.20> <Storage> <Opcode : 'load' 'store'> <Ports = 2> <Width = 32> <Depth = 1024> <RAM>
ST_2 : Operation 90 [1/1] (0.00ns)   --->   "%bitcast_ln15304 = bitcast i32 %v8283" [/home/silvenchen/Desktop/DitBlock/WorkDCT/DitBlock/kernel.cpp:15304]   --->   Operation 90 'bitcast' 'bitcast_ln15304' <Predicate = true> <Delay = 0.00>
ST_2 : Operation 91 [1/2] (1.20ns)   --->   "%v8283_1 = load i10 %v8273_1_addr" [/home/silvenchen/Desktop/DitBlock/WorkDCT/DitBlock/kernel.cpp:15297]   --->   Operation 91 'load' 'v8283_1' <Predicate = true> <Delay = 1.20> <CoreInst = "RAM">   --->   Core 83 'RAM' <Latency = 1> <II = 1> <Delay = 1.20> <Storage> <Opcode : 'load' 'store'> <Ports = 2> <Width = 32> <Depth = 1024> <RAM>
ST_2 : Operation 92 [1/1] (0.00ns)   --->   "%bitcast_ln15304_1 = bitcast i32 %v8283_1" [/home/silvenchen/Desktop/DitBlock/WorkDCT/DitBlock/kernel.cpp:15304]   --->   Operation 92 'bitcast' 'bitcast_ln15304_1' <Predicate = true> <Delay = 0.00>
ST_2 : Operation 93 [1/2] (1.20ns)   --->   "%v8283_2 = load i10 %v8273_2_addr" [/home/silvenchen/Desktop/DitBlock/WorkDCT/DitBlock/kernel.cpp:15297]   --->   Operation 93 'load' 'v8283_2' <Predicate = true> <Delay = 1.20> <CoreInst = "RAM">   --->   Core 83 'RAM' <Latency = 1> <II = 1> <Delay = 1.20> <Storage> <Opcode : 'load' 'store'> <Ports = 2> <Width = 32> <Depth = 1024> <RAM>
ST_2 : Operation 94 [1/1] (0.00ns)   --->   "%bitcast_ln15304_2 = bitcast i32 %v8283_2" [/home/silvenchen/Desktop/DitBlock/WorkDCT/DitBlock/kernel.cpp:15304]   --->   Operation 94 'bitcast' 'bitcast_ln15304_2' <Predicate = true> <Delay = 0.00>
ST_2 : Operation 95 [1/2] (1.20ns)   --->   "%v8283_3 = load i10 %v8273_3_addr" [/home/silvenchen/Desktop/DitBlock/WorkDCT/DitBlock/kernel.cpp:15297]   --->   Operation 95 'load' 'v8283_3' <Predicate = true> <Delay = 1.20> <CoreInst = "RAM">   --->   Core 83 'RAM' <Latency = 1> <II = 1> <Delay = 1.20> <Storage> <Opcode : 'load' 'store'> <Ports = 2> <Width = 32> <Depth = 1024> <RAM>
ST_2 : Operation 96 [1/1] (0.00ns)   --->   "%bitcast_ln15304_3 = bitcast i32 %v8283_3" [/home/silvenchen/Desktop/DitBlock/WorkDCT/DitBlock/kernel.cpp:15304]   --->   Operation 96 'bitcast' 'bitcast_ln15304_3' <Predicate = true> <Delay = 0.00>
ST_2 : Operation 97 [1/2] (1.20ns)   --->   "%v8283_4 = load i10 %v8273_4_addr" [/home/silvenchen/Desktop/DitBlock/WorkDCT/DitBlock/kernel.cpp:15297]   --->   Operation 97 'load' 'v8283_4' <Predicate = true> <Delay = 1.20> <CoreInst = "RAM">   --->   Core 83 'RAM' <Latency = 1> <II = 1> <Delay = 1.20> <Storage> <Opcode : 'load' 'store'> <Ports = 2> <Width = 32> <Depth = 1024> <RAM>
ST_2 : Operation 98 [1/1] (0.00ns)   --->   "%bitcast_ln15304_4 = bitcast i32 %v8283_4" [/home/silvenchen/Desktop/DitBlock/WorkDCT/DitBlock/kernel.cpp:15304]   --->   Operation 98 'bitcast' 'bitcast_ln15304_4' <Predicate = true> <Delay = 0.00>
ST_2 : Operation 99 [1/2] (1.20ns)   --->   "%v8283_5 = load i10 %v8273_5_addr" [/home/silvenchen/Desktop/DitBlock/WorkDCT/DitBlock/kernel.cpp:15297]   --->   Operation 99 'load' 'v8283_5' <Predicate = true> <Delay = 1.20> <CoreInst = "RAM">   --->   Core 83 'RAM' <Latency = 1> <II = 1> <Delay = 1.20> <Storage> <Opcode : 'load' 'store'> <Ports = 2> <Width = 32> <Depth = 1024> <RAM>
ST_2 : Operation 100 [1/1] (0.00ns)   --->   "%bitcast_ln15304_5 = bitcast i32 %v8283_5" [/home/silvenchen/Desktop/DitBlock/WorkDCT/DitBlock/kernel.cpp:15304]   --->   Operation 100 'bitcast' 'bitcast_ln15304_5' <Predicate = true> <Delay = 0.00>
ST_2 : Operation 101 [1/2] (1.20ns)   --->   "%v8283_6 = load i10 %v8273_6_addr" [/home/silvenchen/Desktop/DitBlock/WorkDCT/DitBlock/kernel.cpp:15297]   --->   Operation 101 'load' 'v8283_6' <Predicate = true> <Delay = 1.20> <CoreInst = "RAM">   --->   Core 83 'RAM' <Latency = 1> <II = 1> <Delay = 1.20> <Storage> <Opcode : 'load' 'store'> <Ports = 2> <Width = 32> <Depth = 1024> <RAM>
ST_2 : Operation 102 [1/1] (0.00ns)   --->   "%bitcast_ln15304_6 = bitcast i32 %v8283_6" [/home/silvenchen/Desktop/DitBlock/WorkDCT/DitBlock/kernel.cpp:15304]   --->   Operation 102 'bitcast' 'bitcast_ln15304_6' <Predicate = true> <Delay = 0.00>
ST_2 : Operation 103 [1/2] (1.20ns)   --->   "%v8283_7 = load i10 %v8273_7_addr" [/home/silvenchen/Desktop/DitBlock/WorkDCT/DitBlock/kernel.cpp:15297]   --->   Operation 103 'load' 'v8283_7' <Predicate = true> <Delay = 1.20> <CoreInst = "RAM">   --->   Core 83 'RAM' <Latency = 1> <II = 1> <Delay = 1.20> <Storage> <Opcode : 'load' 'store'> <Ports = 2> <Width = 32> <Depth = 1024> <RAM>
ST_2 : Operation 104 [1/1] (0.00ns)   --->   "%bitcast_ln15304_7 = bitcast i32 %v8283_7" [/home/silvenchen/Desktop/DitBlock/WorkDCT/DitBlock/kernel.cpp:15304]   --->   Operation 104 'bitcast' 'bitcast_ln15304_7' <Predicate = true> <Delay = 0.00>
ST_2 : Operation 105 [1/1] (1.43ns)   --->   "%write_ln15304 = write void @_ssdm_op_Write.ap_fifo.volatile.i32P0A, i32 %B_fifo5, i32 %bitcast_ln15304" [/home/silvenchen/Desktop/DitBlock/WorkDCT/DitBlock/kernel.cpp:15304]   --->   Operation 105 'write' 'write_ln15304' <Predicate = true> <Delay = 1.43> <CoreInst = "FIFO_SRL">   --->   Core 81 'FIFO_SRL' <Latency = 0> <II = 1> <Delay = 1.43> <Storage> <Opcode : 'read' 'write' 'nbread' 'nbwrite'> <Ports = 0> <Width = 32> <Depth = 9> <FIFO>
ST_2 : Operation 106 [1/1] (1.43ns)   --->   "%write_ln15304 = write void @_ssdm_op_Write.ap_fifo.volatile.i32P0A, i32 %B_fifo5_9, i32 %bitcast_ln15304_1" [/home/silvenchen/Desktop/DitBlock/WorkDCT/DitBlock/kernel.cpp:15304]   --->   Operation 106 'write' 'write_ln15304' <Predicate = true> <Delay = 1.43> <CoreInst = "FIFO_SRL">   --->   Core 81 'FIFO_SRL' <Latency = 0> <II = 1> <Delay = 1.43> <Storage> <Opcode : 'read' 'write' 'nbread' 'nbwrite'> <Ports = 0> <Width = 32> <Depth = 9> <FIFO>
ST_2 : Operation 107 [1/1] (1.43ns)   --->   "%write_ln15304 = write void @_ssdm_op_Write.ap_fifo.volatile.i32P0A, i32 %B_fifo5_18, i32 %bitcast_ln15304_2" [/home/silvenchen/Desktop/DitBlock/WorkDCT/DitBlock/kernel.cpp:15304]   --->   Operation 107 'write' 'write_ln15304' <Predicate = true> <Delay = 1.43> <CoreInst = "FIFO_SRL">   --->   Core 81 'FIFO_SRL' <Latency = 0> <II = 1> <Delay = 1.43> <Storage> <Opcode : 'read' 'write' 'nbread' 'nbwrite'> <Ports = 0> <Width = 32> <Depth = 9> <FIFO>
ST_2 : Operation 108 [1/1] (1.43ns)   --->   "%write_ln15304 = write void @_ssdm_op_Write.ap_fifo.volatile.i32P0A, i32 %B_fifo5_27, i32 %bitcast_ln15304_3" [/home/silvenchen/Desktop/DitBlock/WorkDCT/DitBlock/kernel.cpp:15304]   --->   Operation 108 'write' 'write_ln15304' <Predicate = true> <Delay = 1.43> <CoreInst = "FIFO_SRL">   --->   Core 81 'FIFO_SRL' <Latency = 0> <II = 1> <Delay = 1.43> <Storage> <Opcode : 'read' 'write' 'nbread' 'nbwrite'> <Ports = 0> <Width = 32> <Depth = 9> <FIFO>
ST_2 : Operation 109 [1/1] (1.43ns)   --->   "%write_ln15304 = write void @_ssdm_op_Write.ap_fifo.volatile.i32P0A, i32 %B_fifo5_36, i32 %bitcast_ln15304_4" [/home/silvenchen/Desktop/DitBlock/WorkDCT/DitBlock/kernel.cpp:15304]   --->   Operation 109 'write' 'write_ln15304' <Predicate = true> <Delay = 1.43> <CoreInst = "FIFO_SRL">   --->   Core 81 'FIFO_SRL' <Latency = 0> <II = 1> <Delay = 1.43> <Storage> <Opcode : 'read' 'write' 'nbread' 'nbwrite'> <Ports = 0> <Width = 32> <Depth = 9> <FIFO>
ST_2 : Operation 110 [1/1] (1.43ns)   --->   "%write_ln15304 = write void @_ssdm_op_Write.ap_fifo.volatile.i32P0A, i32 %B_fifo5_45, i32 %bitcast_ln15304_5" [/home/silvenchen/Desktop/DitBlock/WorkDCT/DitBlock/kernel.cpp:15304]   --->   Operation 110 'write' 'write_ln15304' <Predicate = true> <Delay = 1.43> <CoreInst = "FIFO_SRL">   --->   Core 81 'FIFO_SRL' <Latency = 0> <II = 1> <Delay = 1.43> <Storage> <Opcode : 'read' 'write' 'nbread' 'nbwrite'> <Ports = 0> <Width = 32> <Depth = 9> <FIFO>
ST_2 : Operation 111 [1/1] (1.43ns)   --->   "%write_ln15304 = write void @_ssdm_op_Write.ap_fifo.volatile.i32P0A, i32 %B_fifo5_54, i32 %bitcast_ln15304_6" [/home/silvenchen/Desktop/DitBlock/WorkDCT/DitBlock/kernel.cpp:15304]   --->   Operation 111 'write' 'write_ln15304' <Predicate = true> <Delay = 1.43> <CoreInst = "FIFO_SRL">   --->   Core 81 'FIFO_SRL' <Latency = 0> <II = 1> <Delay = 1.43> <Storage> <Opcode : 'read' 'write' 'nbread' 'nbwrite'> <Ports = 0> <Width = 32> <Depth = 9> <FIFO>
ST_2 : Operation 112 [1/1] (1.43ns)   --->   "%write_ln15304 = write void @_ssdm_op_Write.ap_fifo.volatile.i32P0A, i32 %B_fifo5_63, i32 %bitcast_ln15304_7" [/home/silvenchen/Desktop/DitBlock/WorkDCT/DitBlock/kernel.cpp:15304]   --->   Operation 112 'write' 'write_ln15304' <Predicate = true> <Delay = 1.43> <CoreInst = "FIFO_SRL">   --->   Core 81 'FIFO_SRL' <Latency = 0> <II = 1> <Delay = 1.43> <Storage> <Opcode : 'read' 'write' 'nbread' 'nbwrite'> <Ports = 0> <Width = 32> <Depth = 9> <FIFO>
ST_2 : Operation 113 [1/1] (0.00ns)   --->   "%br_ln15297 = br void %for.cond" [/home/silvenchen/Desktop/DitBlock/WorkDCT/DitBlock/kernel.cpp:15297]   --->   Operation 113 'br' 'br_ln15297' <Predicate = true> <Delay = 0.00>


============================================================
+ Verbose Summary: Binding
============================================================
STG Binding: 
---------------- STG Properties BEGIN ----------------
- Is combinational: 0
- Is one-state seq: 0
- Is datapath-only: 0
- Is pipelined: 0
- Is top level: 0
Port [ Return ] is wired: 1; IO mode=ap_ctrl_hs:ce=0
Port [ v8272_0]:  wired=1; compound=1; hidden=0; nouse=0; global=0; static=0; extern=0; dir=0; type=1; pingpong=0; private_global=0; MemPort=[13]; IO mode=ap_memory:ce=0
Port [ v8272_1]:  wired=1; compound=1; hidden=0; nouse=0; global=0; static=0; extern=0; dir=0; type=1; pingpong=0; private_global=0; MemPort=[13]; IO mode=ap_memory:ce=0
Port [ v8272_2]:  wired=1; compound=1; hidden=0; nouse=0; global=0; static=0; extern=0; dir=0; type=1; pingpong=0; private_global=0; MemPort=[13]; IO mode=ap_memory:ce=0
Port [ v8272_3]:  wired=1; compound=1; hidden=0; nouse=0; global=0; static=0; extern=0; dir=0; type=1; pingpong=0; private_global=0; MemPort=[13]; IO mode=ap_memory:ce=0
Port [ v8272_4]:  wired=1; compound=1; hidden=0; nouse=0; global=0; static=0; extern=0; dir=0; type=1; pingpong=0; private_global=0; MemPort=[13]; IO mode=ap_memory:ce=0
Port [ v8272_5]:  wired=1; compound=1; hidden=0; nouse=0; global=0; static=0; extern=0; dir=0; type=1; pingpong=0; private_global=0; MemPort=[13]; IO mode=ap_memory:ce=0
Port [ v8272_6]:  wired=1; compound=1; hidden=0; nouse=0; global=0; static=0; extern=0; dir=0; type=1; pingpong=0; private_global=0; MemPort=[13]; IO mode=ap_memory:ce=0
Port [ v8272_7]:  wired=1; compound=1; hidden=0; nouse=0; global=0; static=0; extern=0; dir=0; type=1; pingpong=0; private_global=0; MemPort=[13]; IO mode=ap_memory:ce=0
Port [ A_fifo5]:  wired=1; compound=1; hidden=0; nouse=0; global=0; static=0; extern=0; dir=1; type=3; pingpong=0; private_global=0; IO mode=ap_fifo:ce=0
Port [ A_fifo5_9]:  wired=1; compound=1; hidden=0; nouse=0; global=0; static=0; extern=0; dir=1; type=3; pingpong=0; private_global=0; IO mode=ap_fifo:ce=0
Port [ A_fifo5_18]:  wired=1; compound=1; hidden=0; nouse=0; global=0; static=0; extern=0; dir=1; type=3; pingpong=0; private_global=0; IO mode=ap_fifo:ce=0
Port [ A_fifo5_27]:  wired=1; compound=1; hidden=0; nouse=0; global=0; static=0; extern=0; dir=1; type=3; pingpong=0; private_global=0; IO mode=ap_fifo:ce=0
Port [ A_fifo5_36]:  wired=1; compound=1; hidden=0; nouse=0; global=0; static=0; extern=0; dir=1; type=3; pingpong=0; private_global=0; IO mode=ap_fifo:ce=0
Port [ A_fifo5_45]:  wired=1; compound=1; hidden=0; nouse=0; global=0; static=0; extern=0; dir=1; type=3; pingpong=0; private_global=0; IO mode=ap_fifo:ce=0
Port [ A_fifo5_54]:  wired=1; compound=1; hidden=0; nouse=0; global=0; static=0; extern=0; dir=1; type=3; pingpong=0; private_global=0; IO mode=ap_fifo:ce=0
Port [ A_fifo5_63]:  wired=1; compound=1; hidden=0; nouse=0; global=0; static=0; extern=0; dir=1; type=3; pingpong=0; private_global=0; IO mode=ap_fifo:ce=0
Port [ v8273_0]:  wired=1; compound=1; hidden=0; nouse=0; global=0; static=0; extern=0; dir=0; type=1; pingpong=0; private_global=0; MemPort=[13]; IO mode=ap_memory:ce=0
Port [ v8273_1]:  wired=1; compound=1; hidden=0; nouse=0; global=0; static=0; extern=0; dir=0; type=1; pingpong=0; private_global=0; MemPort=[13]; IO mode=ap_memory:ce=0
Port [ v8273_2]:  wired=1; compound=1; hidden=0; nouse=0; global=0; static=0; extern=0; dir=0; type=1; pingpong=0; private_global=0; MemPort=[13]; IO mode=ap_memory:ce=0
Port [ v8273_3]:  wired=1; compound=1; hidden=0; nouse=0; global=0; static=0; extern=0; dir=0; type=1; pingpong=0; private_global=0; MemPort=[13]; IO mode=ap_memory:ce=0
Port [ v8273_4]:  wired=1; compound=1; hidden=0; nouse=0; global=0; static=0; extern=0; dir=0; type=1; pingpong=0; private_global=0; MemPort=[13]; IO mode=ap_memory:ce=0
Port [ v8273_5]:  wired=1; compound=1; hidden=0; nouse=0; global=0; static=0; extern=0; dir=0; type=1; pingpong=0; private_global=0; MemPort=[13]; IO mode=ap_memory:ce=0
Port [ v8273_6]:  wired=1; compound=1; hidden=0; nouse=0; global=0; static=0; extern=0; dir=0; type=1; pingpong=0; private_global=0; MemPort=[13]; IO mode=ap_memory:ce=0
Port [ v8273_7]:  wired=1; compound=1; hidden=0; nouse=0; global=0; static=0; extern=0; dir=0; type=1; pingpong=0; private_global=0; MemPort=[13]; IO mode=ap_memory:ce=0
Port [ B_fifo5]:  wired=1; compound=1; hidden=0; nouse=0; global=0; static=0; extern=0; dir=1; type=3; pingpong=0; private_global=0; IO mode=ap_fifo:ce=0
Port [ B_fifo5_9]:  wired=1; compound=1; hidden=0; nouse=0; global=0; static=0; extern=0; dir=1; type=3; pingpong=0; private_global=0; IO mode=ap_fifo:ce=0
Port [ B_fifo5_18]:  wired=1; compound=1; hidden=0; nouse=0; global=0; static=0; extern=0; dir=1; type=3; pingpong=0; private_global=0; IO mode=ap_fifo:ce=0
Port [ B_fifo5_27]:  wired=1; compound=1; hidden=0; nouse=0; global=0; static=0; extern=0; dir=1; type=3; pingpong=0; private_global=0; IO mode=ap_fifo:ce=0
Port [ B_fifo5_36]:  wired=1; compound=1; hidden=0; nouse=0; global=0; static=0; extern=0; dir=1; type=3; pingpong=0; private_global=0; IO mode=ap_fifo:ce=0
Port [ B_fifo5_45]:  wired=1; compound=1; hidden=0; nouse=0; global=0; static=0; extern=0; dir=1; type=3; pingpong=0; private_global=0; IO mode=ap_fifo:ce=0
Port [ B_fifo5_54]:  wired=1; compound=1; hidden=0; nouse=0; global=0; static=0; extern=0; dir=1; type=3; pingpong=0; private_global=0; IO mode=ap_fifo:ce=0
Port [ B_fifo5_63]:  wired=1; compound=1; hidden=0; nouse=0; global=0; static=0; extern=0; dir=1; type=3; pingpong=0; private_global=0; IO mode=ap_fifo:ce=0
---------------- STG Properties END ------------------

---------------- Datapath Model BEGIN ----------------

<LifeTime>
<method=bitvector/>
k338                  (alloca           ) [ 010]
specinterface_ln0     (specinterface    ) [ 000]
specinterface_ln0     (specinterface    ) [ 000]
specinterface_ln0     (specinterface    ) [ 000]
specinterface_ln0     (specinterface    ) [ 000]
specinterface_ln0     (specinterface    ) [ 000]
specinterface_ln0     (specinterface    ) [ 000]
specinterface_ln0     (specinterface    ) [ 000]
specinterface_ln0     (specinterface    ) [ 000]
specinterface_ln0     (specinterface    ) [ 000]
specinterface_ln0     (specinterface    ) [ 000]
specinterface_ln0     (specinterface    ) [ 000]
specinterface_ln0     (specinterface    ) [ 000]
specinterface_ln0     (specinterface    ) [ 000]
specinterface_ln0     (specinterface    ) [ 000]
specinterface_ln0     (specinterface    ) [ 000]
specinterface_ln0     (specinterface    ) [ 000]
store_ln15297         (store            ) [ 000]
br_ln0                (br               ) [ 000]
k338_1                (load             ) [ 000]
icmp_ln15297          (icmp             ) [ 010]
add_ln15297           (add              ) [ 000]
br_ln15297            (br               ) [ 000]
zext_ln15297          (zext             ) [ 000]
v8272_0_addr          (getelementptr    ) [ 011]
v8272_1_addr          (getelementptr    ) [ 011]
v8272_2_addr          (getelementptr    ) [ 011]
v8272_3_addr          (getelementptr    ) [ 011]
v8272_4_addr          (getelementptr    ) [ 011]
v8272_5_addr          (getelementptr    ) [ 011]
v8272_6_addr          (getelementptr    ) [ 011]
v8272_7_addr          (getelementptr    ) [ 011]
v8273_0_addr          (getelementptr    ) [ 011]
v8273_1_addr          (getelementptr    ) [ 011]
v8273_2_addr          (getelementptr    ) [ 011]
v8273_3_addr          (getelementptr    ) [ 011]
v8273_4_addr          (getelementptr    ) [ 011]
v8273_5_addr          (getelementptr    ) [ 011]
v8273_6_addr          (getelementptr    ) [ 011]
v8273_7_addr          (getelementptr    ) [ 011]
store_ln15297         (store            ) [ 000]
specpipeline_ln0      (specpipeline     ) [ 000]
speclooptripcount_ln0 (speclooptripcount) [ 000]
specloopname_ln15297  (specloopname     ) [ 000]
v8281                 (load             ) [ 000]
bitcast_ln15300       (bitcast          ) [ 000]
v8281_1               (load             ) [ 000]
bitcast_ln15300_1     (bitcast          ) [ 000]
v8281_2               (load             ) [ 000]
bitcast_ln15300_2     (bitcast          ) [ 000]
v8281_3               (load             ) [ 000]
bitcast_ln15300_3     (bitcast          ) [ 000]
v8281_4               (load             ) [ 000]
bitcast_ln15300_4     (bitcast          ) [ 000]
v8281_5               (load             ) [ 000]
bitcast_ln15300_5     (bitcast          ) [ 000]
v8281_6               (load             ) [ 000]
bitcast_ln15300_6     (bitcast          ) [ 000]
v8281_7               (load             ) [ 000]
bitcast_ln15300_7     (bitcast          ) [ 000]
write_ln15300         (write            ) [ 000]
write_ln15300         (write            ) [ 000]
write_ln15300         (write            ) [ 000]
write_ln15300         (write            ) [ 000]
write_ln15300         (write            ) [ 000]
write_ln15300         (write            ) [ 000]
write_ln15300         (write            ) [ 000]
write_ln15300         (write            ) [ 000]
v8283                 (load             ) [ 000]
bitcast_ln15304       (bitcast          ) [ 000]
v8283_1               (load             ) [ 000]
bitcast_ln15304_1     (bitcast          ) [ 000]
v8283_2               (load             ) [ 000]
bitcast_ln15304_2     (bitcast          ) [ 000]
v8283_3               (load             ) [ 000]
bitcast_ln15304_3     (bitcast          ) [ 000]
v8283_4               (load             ) [ 000]
bitcast_ln15304_4     (bitcast          ) [ 000]
v8283_5               (load             ) [ 000]
bitcast_ln15304_5     (bitcast          ) [ 000]
v8283_6               (load             ) [ 000]
bitcast_ln15304_6     (bitcast          ) [ 000]
v8283_7               (load             ) [ 000]
bitcast_ln15304_7     (bitcast          ) [ 000]
write_ln15304         (write            ) [ 000]
write_ln15304         (write            ) [ 000]
write_ln15304         (write            ) [ 000]
write_ln15304         (write            ) [ 000]
write_ln15304         (write            ) [ 000]
write_ln15304         (write            ) [ 000]
write_ln15304         (write            ) [ 000]
write_ln15304         (write            ) [ 000]
br_ln15297            (br               ) [ 000]
ret_ln0               (ret              ) [ 000]
</LifeTime>

<model>

<comp_list>
<comp id="0" class="1000" name="v8272_0">
<pin_list>
<pin id="1" dir="1" index="0" bw="1" slack="0"/>
</pin_list>
<bind>
<StgValue><ssdm name="v8272_0"/><MemPortTyVec>1 3 </MemPortTyVec>
</StgValue>
</bind>
</comp>

<comp id="2" class="1000" name="v8272_1">
<pin_list>
<pin id="3" dir="1" index="0" bw="1" slack="0"/>
</pin_list>
<bind>
<StgValue><ssdm name="v8272_1"/><MemPortTyVec>1 3 </MemPortTyVec>
</StgValue>
</bind>
</comp>

<comp id="4" class="1000" name="v8272_2">
<pin_list>
<pin id="5" dir="1" index="0" bw="1" slack="0"/>
</pin_list>
<bind>
<StgValue><ssdm name="v8272_2"/><MemPortTyVec>1 3 </MemPortTyVec>
</StgValue>
</bind>
</comp>

<comp id="6" class="1000" name="v8272_3">
<pin_list>
<pin id="7" dir="1" index="0" bw="1" slack="0"/>
</pin_list>
<bind>
<StgValue><ssdm name="v8272_3"/><MemPortTyVec>1 3 </MemPortTyVec>
</StgValue>
</bind>
</comp>

<comp id="8" class="1000" name="v8272_4">
<pin_list>
<pin id="9" dir="1" index="0" bw="1" slack="0"/>
</pin_list>
<bind>
<StgValue><ssdm name="v8272_4"/><MemPortTyVec>1 3 </MemPortTyVec>
</StgValue>
</bind>
</comp>

<comp id="10" class="1000" name="v8272_5">
<pin_list>
<pin id="11" dir="1" index="0" bw="1" slack="0"/>
</pin_list>
<bind>
<StgValue><ssdm name="v8272_5"/><MemPortTyVec>1 3 </MemPortTyVec>
</StgValue>
</bind>
</comp>

<comp id="12" class="1000" name="v8272_6">
<pin_list>
<pin id="13" dir="1" index="0" bw="1" slack="0"/>
</pin_list>
<bind>
<StgValue><ssdm name="v8272_6"/><MemPortTyVec>1 3 </MemPortTyVec>
</StgValue>
</bind>
</comp>

<comp id="14" class="1000" name="v8272_7">
<pin_list>
<pin id="15" dir="1" index="0" bw="1" slack="0"/>
</pin_list>
<bind>
<StgValue><ssdm name="v8272_7"/><MemPortTyVec>1 3 </MemPortTyVec>
</StgValue>
</bind>
</comp>

<comp id="16" class="1000" name="A_fifo5">
<pin_list>
<pin id="17" dir="1" index="0" bw="1" slack="0"/>
</pin_list>
<bind>
<StgValue><ssdm name="A_fifo5"/></StgValue>
</bind>
</comp>

<comp id="18" class="1000" name="A_fifo5_9">
<pin_list>
<pin id="19" dir="1" index="0" bw="1" slack="0"/>
</pin_list>
<bind>
<StgValue><ssdm name="A_fifo5_9"/></StgValue>
</bind>
</comp>

<comp id="20" class="1000" name="A_fifo5_18">
<pin_list>
<pin id="21" dir="1" index="0" bw="1" slack="0"/>
</pin_list>
<bind>
<StgValue><ssdm name="A_fifo5_18"/></StgValue>
</bind>
</comp>

<comp id="22" class="1000" name="A_fifo5_27">
<pin_list>
<pin id="23" dir="1" index="0" bw="1" slack="0"/>
</pin_list>
<bind>
<StgValue><ssdm name="A_fifo5_27"/></StgValue>
</bind>
</comp>

<comp id="24" class="1000" name="A_fifo5_36">
<pin_list>
<pin id="25" dir="1" index="0" bw="1" slack="0"/>
</pin_list>
<bind>
<StgValue><ssdm name="A_fifo5_36"/></StgValue>
</bind>
</comp>

<comp id="26" class="1000" name="A_fifo5_45">
<pin_list>
<pin id="27" dir="1" index="0" bw="1" slack="0"/>
</pin_list>
<bind>
<StgValue><ssdm name="A_fifo5_45"/></StgValue>
</bind>
</comp>

<comp id="28" class="1000" name="A_fifo5_54">
<pin_list>
<pin id="29" dir="1" index="0" bw="1" slack="0"/>
</pin_list>
<bind>
<StgValue><ssdm name="A_fifo5_54"/></StgValue>
</bind>
</comp>

<comp id="30" class="1000" name="A_fifo5_63">
<pin_list>
<pin id="31" dir="1" index="0" bw="1" slack="0"/>
</pin_list>
<bind>
<StgValue><ssdm name="A_fifo5_63"/></StgValue>
</bind>
</comp>

<comp id="32" class="1000" name="v8273_0">
<pin_list>
<pin id="33" dir="1" index="0" bw="1" slack="0"/>
</pin_list>
<bind>
<StgValue><ssdm name="v8273_0"/><MemPortTyVec>1 3 </MemPortTyVec>
</StgValue>
</bind>
</comp>

<comp id="34" class="1000" name="v8273_1">
<pin_list>
<pin id="35" dir="1" index="0" bw="1" slack="0"/>
</pin_list>
<bind>
<StgValue><ssdm name="v8273_1"/><MemPortTyVec>1 3 </MemPortTyVec>
</StgValue>
</bind>
</comp>

<comp id="36" class="1000" name="v8273_2">
<pin_list>
<pin id="37" dir="1" index="0" bw="1" slack="0"/>
</pin_list>
<bind>
<StgValue><ssdm name="v8273_2"/><MemPortTyVec>1 3 </MemPortTyVec>
</StgValue>
</bind>
</comp>

<comp id="38" class="1000" name="v8273_3">
<pin_list>
<pin id="39" dir="1" index="0" bw="1" slack="0"/>
</pin_list>
<bind>
<StgValue><ssdm name="v8273_3"/><MemPortTyVec>1 3 </MemPortTyVec>
</StgValue>
</bind>
</comp>

<comp id="40" class="1000" name="v8273_4">
<pin_list>
<pin id="41" dir="1" index="0" bw="1" slack="0"/>
</pin_list>
<bind>
<StgValue><ssdm name="v8273_4"/><MemPortTyVec>1 3 </MemPortTyVec>
</StgValue>
</bind>
</comp>

<comp id="42" class="1000" name="v8273_5">
<pin_list>
<pin id="43" dir="1" index="0" bw="1" slack="0"/>
</pin_list>
<bind>
<StgValue><ssdm name="v8273_5"/><MemPortTyVec>1 3 </MemPortTyVec>
</StgValue>
</bind>
</comp>

<comp id="44" class="1000" name="v8273_6">
<pin_list>
<pin id="45" dir="1" index="0" bw="1" slack="0"/>
</pin_list>
<bind>
<StgValue><ssdm name="v8273_6"/><MemPortTyVec>1 3 </MemPortTyVec>
</StgValue>
</bind>
</comp>

<comp id="46" class="1000" name="v8273_7">
<pin_list>
<pin id="47" dir="1" index="0" bw="1" slack="0"/>
</pin_list>
<bind>
<StgValue><ssdm name="v8273_7"/><MemPortTyVec>1 3 </MemPortTyVec>
</StgValue>
</bind>
</comp>

<comp id="48" class="1000" name="B_fifo5">
<pin_list>
<pin id="49" dir="1" index="0" bw="1" slack="0"/>
</pin_list>
<bind>
<StgValue><ssdm name="B_fifo5"/></StgValue>
</bind>
</comp>

<comp id="50" class="1000" name="B_fifo5_9">
<pin_list>
<pin id="51" dir="1" index="0" bw="1" slack="0"/>
</pin_list>
<bind>
<StgValue><ssdm name="B_fifo5_9"/></StgValue>
</bind>
</comp>

<comp id="52" class="1000" name="B_fifo5_18">
<pin_list>
<pin id="53" dir="1" index="0" bw="1" slack="0"/>
</pin_list>
<bind>
<StgValue><ssdm name="B_fifo5_18"/></StgValue>
</bind>
</comp>

<comp id="54" class="1000" name="B_fifo5_27">
<pin_list>
<pin id="55" dir="1" index="0" bw="1" slack="0"/>
</pin_list>
<bind>
<StgValue><ssdm name="B_fifo5_27"/></StgValue>
</bind>
</comp>

<comp id="56" class="1000" name="B_fifo5_36">
<pin_list>
<pin id="57" dir="1" index="0" bw="1" slack="0"/>
</pin_list>
<bind>
<StgValue><ssdm name="B_fifo5_36"/></StgValue>
</bind>
</comp>

<comp id="58" class="1000" name="B_fifo5_45">
<pin_list>
<pin id="59" dir="1" index="0" bw="1" slack="0"/>
</pin_list>
<bind>
<StgValue><ssdm name="B_fifo5_45"/></StgValue>
</bind>
</comp>

<comp id="60" class="1000" name="B_fifo5_54">
<pin_list>
<pin id="61" dir="1" index="0" bw="1" slack="0"/>
</pin_list>
<bind>
<StgValue><ssdm name="B_fifo5_54"/></StgValue>
</bind>
</comp>

<comp id="62" class="1000" name="B_fifo5_63">
<pin_list>
<pin id="63" dir="1" index="0" bw="1" slack="0"/>
</pin_list>
<bind>
<StgValue><ssdm name="B_fifo5_63"/></StgValue>
</bind>
</comp>

<comp id="64" class="1001" name="const_64">
<pin_list>
<pin id="65" dir="1" index="0" bw="1" slack="0"/>
</pin_list>
<bind>
<StgValue><ssdm name=""/></StgValue>
</bind>
</comp>

<comp id="66" class="1001" name="const_66">
<pin_list>
<pin id="67" dir="1" index="0" bw="1" slack="2147483647"/>
</pin_list>
<bind>
<StgValue><ssdm name="_ssdm_op_SpecInterface"/></StgValue>
</bind>
</comp>

<comp id="68" class="1001" name="const_68">
<pin_list>
<pin id="69" dir="1" index="0" bw="1" slack="2147483647"/>
</pin_list>
<bind>
<StgValue><ssdm name="empty_215"/></StgValue>
</bind>
</comp>

<comp id="70" class="1001" name="const_70">
<pin_list>
<pin id="71" dir="1" index="0" bw="1" slack="2147483647"/>
</pin_list>
<bind>
<StgValue><ssdm name=""/></StgValue>
</bind>
</comp>

<comp id="72" class="1001" name="const_72">
<pin_list>
<pin id="73" dir="1" index="0" bw="1" slack="2147483647"/>
</pin_list>
<bind>
<StgValue><ssdm name="empty_219"/></StgValue>
</bind>
</comp>

<comp id="74" class="1001" name="const_74">
<pin_list>
<pin id="75" dir="1" index="0" bw="1" slack="2147483647"/>
</pin_list>
<bind>
<StgValue><ssdm name=""/></StgValue>
</bind>
</comp>

<comp id="76" class="1001" name="const_76">
<pin_list>
<pin id="77" dir="1" index="0" bw="1" slack="0"/>
</pin_list>
<bind>
<StgValue><ssdm name=""/></StgValue>
</bind>
</comp>

<comp id="78" class="1001" name="const_78">
<pin_list>
<pin id="79" dir="1" index="0" bw="1" slack="0"/>
</pin_list>
<bind>
<StgValue><ssdm name=""/></StgValue>
</bind>
</comp>

<comp id="80" class="1001" name="const_80">
<pin_list>
<pin id="81" dir="1" index="0" bw="1" slack="0"/>
</pin_list>
<bind>
<StgValue><ssdm name=""/></StgValue>
</bind>
</comp>

<comp id="82" class="1001" name="const_82">
<pin_list>
<pin id="83" dir="1" index="0" bw="1" slack="0"/>
</pin_list>
<bind>
<StgValue><ssdm name=""/></StgValue>
</bind>
</comp>

<comp id="84" class="1001" name="const_84">
<pin_list>
<pin id="85" dir="1" index="0" bw="1" slack="2147483647"/>
</pin_list>
<bind>
<StgValue><ssdm name="_ssdm_op_SpecPipeline"/></StgValue>
</bind>
</comp>

<comp id="86" class="1001" name="const_86">
<pin_list>
<pin id="87" dir="1" index="0" bw="1" slack="2147483647"/>
</pin_list>
<bind>
<StgValue><ssdm name="_ssdm_op_SpecLoopTripCount"/></StgValue>
</bind>
</comp>

<comp id="88" class="1001" name="const_88">
<pin_list>
<pin id="89" dir="1" index="0" bw="1" slack="2147483647"/>
</pin_list>
<bind>
<StgValue><ssdm name=""/></StgValue>
</bind>
</comp>

<comp id="90" class="1001" name="const_90">
<pin_list>
<pin id="91" dir="1" index="0" bw="1" slack="2147483647"/>
</pin_list>
<bind>
<StgValue><ssdm name="_ssdm_op_SpecLoopName"/></StgValue>
</bind>
</comp>

<comp id="92" class="1001" name="const_92">
<pin_list>
<pin id="93" dir="1" index="0" bw="1" slack="2147483647"/>
</pin_list>
<bind>
<StgValue><ssdm name="empty_179"/></StgValue>
</bind>
</comp>

<comp id="94" class="1001" name="const_94">
<pin_list>
<pin id="95" dir="1" index="0" bw="1" slack="0"/>
</pin_list>
<bind>
<StgValue><ssdm name="_ssdm_op_Write.ap_fifo.volatile.i32P0A"/></StgValue>
</bind>
</comp>

<comp id="96" class="1004" name="k338_fu_96">
<pin_list>
<pin id="97" dir="0" index="0" bw="1" slack="0"/>
<pin id="98" dir="1" index="1" bw="11" slack="0"/>
</pin_list>
<bind>
<opcode="alloca(26) " fcode="alloca"/>
<opset="k338/1 "/>
</bind>
</comp>

<comp id="100" class="1004" name="write_ln15300_write_fu_100">
<pin_list>
<pin id="101" dir="0" index="0" bw="0" slack="0"/>
<pin id="102" dir="0" index="1" bw="32" slack="0"/>
<pin id="103" dir="0" index="2" bw="32" slack="0"/>
<pin id="104" dir="1" index="3" bw="0" slack="2147483647"/>
</pin_list>
<bind>
<opcode="write(1151) " fcode="write"/>
<opset="write_ln15300/2 "/>
</bind>
</comp>

<comp id="107" class="1004" name="write_ln15300_write_fu_107">
<pin_list>
<pin id="108" dir="0" index="0" bw="0" slack="0"/>
<pin id="109" dir="0" index="1" bw="32" slack="0"/>
<pin id="110" dir="0" index="2" bw="32" slack="0"/>
<pin id="111" dir="1" index="3" bw="0" slack="2147483647"/>
</pin_list>
<bind>
<opcode="write(1151) " fcode="write"/>
<opset="write_ln15300/2 "/>
</bind>
</comp>

<comp id="114" class="1004" name="write_ln15300_write_fu_114">
<pin_list>
<pin id="115" dir="0" index="0" bw="0" slack="0"/>
<pin id="116" dir="0" index="1" bw="32" slack="0"/>
<pin id="117" dir="0" index="2" bw="32" slack="0"/>
<pin id="118" dir="1" index="3" bw="0" slack="2147483647"/>
</pin_list>
<bind>
<opcode="write(1151) " fcode="write"/>
<opset="write_ln15300/2 "/>
</bind>
</comp>

<comp id="121" class="1004" name="write_ln15300_write_fu_121">
<pin_list>
<pin id="122" dir="0" index="0" bw="0" slack="0"/>
<pin id="123" dir="0" index="1" bw="32" slack="0"/>
<pin id="124" dir="0" index="2" bw="32" slack="0"/>
<pin id="125" dir="1" index="3" bw="0" slack="2147483647"/>
</pin_list>
<bind>
<opcode="write(1151) " fcode="write"/>
<opset="write_ln15300/2 "/>
</bind>
</comp>

<comp id="128" class="1004" name="write_ln15300_write_fu_128">
<pin_list>
<pin id="129" dir="0" index="0" bw="0" slack="0"/>
<pin id="130" dir="0" index="1" bw="32" slack="0"/>
<pin id="131" dir="0" index="2" bw="32" slack="0"/>
<pin id="132" dir="1" index="3" bw="0" slack="2147483647"/>
</pin_list>
<bind>
<opcode="write(1151) " fcode="write"/>
<opset="write_ln15300/2 "/>
</bind>
</comp>

<comp id="135" class="1004" name="write_ln15300_write_fu_135">
<pin_list>
<pin id="136" dir="0" index="0" bw="0" slack="0"/>
<pin id="137" dir="0" index="1" bw="32" slack="0"/>
<pin id="138" dir="0" index="2" bw="32" slack="0"/>
<pin id="139" dir="1" index="3" bw="0" slack="2147483647"/>
</pin_list>
<bind>
<opcode="write(1151) " fcode="write"/>
<opset="write_ln15300/2 "/>
</bind>
</comp>

<comp id="142" class="1004" name="write_ln15300_write_fu_142">
<pin_list>
<pin id="143" dir="0" index="0" bw="0" slack="0"/>
<pin id="144" dir="0" index="1" bw="32" slack="0"/>
<pin id="145" dir="0" index="2" bw="32" slack="0"/>
<pin id="146" dir="1" index="3" bw="0" slack="2147483647"/>
</pin_list>
<bind>
<opcode="write(1151) " fcode="write"/>
<opset="write_ln15300/2 "/>
</bind>
</comp>

<comp id="149" class="1004" name="write_ln15300_write_fu_149">
<pin_list>
<pin id="150" dir="0" index="0" bw="0" slack="0"/>
<pin id="151" dir="0" index="1" bw="32" slack="0"/>
<pin id="152" dir="0" index="2" bw="32" slack="0"/>
<pin id="153" dir="1" index="3" bw="0" slack="2147483647"/>
</pin_list>
<bind>
<opcode="write(1151) " fcode="write"/>
<opset="write_ln15300/2 "/>
</bind>
</comp>

<comp id="156" class="1004" name="write_ln15304_write_fu_156">
<pin_list>
<pin id="157" dir="0" index="0" bw="0" slack="0"/>
<pin id="158" dir="0" index="1" bw="32" slack="0"/>
<pin id="159" dir="0" index="2" bw="32" slack="0"/>
<pin id="160" dir="1" index="3" bw="0" slack="2147483647"/>
</pin_list>
<bind>
<opcode="write(1151) " fcode="write"/>
<opset="write_ln15304/2 "/>
</bind>
</comp>

<comp id="163" class="1004" name="write_ln15304_write_fu_163">
<pin_list>
<pin id="164" dir="0" index="0" bw="0" slack="0"/>
<pin id="165" dir="0" index="1" bw="32" slack="0"/>
<pin id="166" dir="0" index="2" bw="32" slack="0"/>
<pin id="167" dir="1" index="3" bw="0" slack="2147483647"/>
</pin_list>
<bind>
<opcode="write(1151) " fcode="write"/>
<opset="write_ln15304/2 "/>
</bind>
</comp>

<comp id="170" class="1004" name="write_ln15304_write_fu_170">
<pin_list>
<pin id="171" dir="0" index="0" bw="0" slack="0"/>
<pin id="172" dir="0" index="1" bw="32" slack="0"/>
<pin id="173" dir="0" index="2" bw="32" slack="0"/>
<pin id="174" dir="1" index="3" bw="0" slack="2147483647"/>
</pin_list>
<bind>
<opcode="write(1151) " fcode="write"/>
<opset="write_ln15304/2 "/>
</bind>
</comp>

<comp id="177" class="1004" name="write_ln15304_write_fu_177">
<pin_list>
<pin id="178" dir="0" index="0" bw="0" slack="0"/>
<pin id="179" dir="0" index="1" bw="32" slack="0"/>
<pin id="180" dir="0" index="2" bw="32" slack="0"/>
<pin id="181" dir="1" index="3" bw="0" slack="2147483647"/>
</pin_list>
<bind>
<opcode="write(1151) " fcode="write"/>
<opset="write_ln15304/2 "/>
</bind>
</comp>

<comp id="184" class="1004" name="write_ln15304_write_fu_184">
<pin_list>
<pin id="185" dir="0" index="0" bw="0" slack="0"/>
<pin id="186" dir="0" index="1" bw="32" slack="0"/>
<pin id="187" dir="0" index="2" bw="32" slack="0"/>
<pin id="188" dir="1" index="3" bw="0" slack="2147483647"/>
</pin_list>
<bind>
<opcode="write(1151) " fcode="write"/>
<opset="write_ln15304/2 "/>
</bind>
</comp>

<comp id="191" class="1004" name="write_ln15304_write_fu_191">
<pin_list>
<pin id="192" dir="0" index="0" bw="0" slack="0"/>
<pin id="193" dir="0" index="1" bw="32" slack="0"/>
<pin id="194" dir="0" index="2" bw="32" slack="0"/>
<pin id="195" dir="1" index="3" bw="0" slack="2147483647"/>
</pin_list>
<bind>
<opcode="write(1151) " fcode="write"/>
<opset="write_ln15304/2 "/>
</bind>
</comp>

<comp id="198" class="1004" name="write_ln15304_write_fu_198">
<pin_list>
<pin id="199" dir="0" index="0" bw="0" slack="0"/>
<pin id="200" dir="0" index="1" bw="32" slack="0"/>
<pin id="201" dir="0" index="2" bw="32" slack="0"/>
<pin id="202" dir="1" index="3" bw="0" slack="2147483647"/>
</pin_list>
<bind>
<opcode="write(1151) " fcode="write"/>
<opset="write_ln15304/2 "/>
</bind>
</comp>

<comp id="205" class="1004" name="write_ln15304_write_fu_205">
<pin_list>
<pin id="206" dir="0" index="0" bw="0" slack="0"/>
<pin id="207" dir="0" index="1" bw="32" slack="0"/>
<pin id="208" dir="0" index="2" bw="32" slack="0"/>
<pin id="209" dir="1" index="3" bw="0" slack="2147483647"/>
</pin_list>
<bind>
<opcode="write(1151) " fcode="write"/>
<opset="write_ln15304/2 "/>
</bind>
</comp>

<comp id="212" class="1004" name="v8272_0_addr_gep_fu_212">
<pin_list>
<pin id="213" dir="0" index="0" bw="32" slack="0"/>
<pin id="214" dir="0" index="1" bw="1" slack="0"/>
<pin id="215" dir="0" index="2" bw="11" slack="0"/>
<pin id="216" dir="1" index="3" bw="10" slack="0"/>
</pin_list>
<bind>
<opcode="getelementptr(29) " fcode="getelementptr"/>
<opset="v8272_0_addr/1 "/>
</bind>
</comp>

<comp id="219" class="1004" name="grp_access_fu_219">
<pin_list>
<pin id="220" dir="0" index="0" bw="10" slack="0"/>
<pin id="221" dir="0" index="1" bw="32" slack="2147483647"/>
<pin id="222" dir="0" index="2" bw="0" slack="2147483647"/>
<pin id="223" dir="1" index="3" bw="32" slack="0"/>
</pin_list>
<bind>
<opcode="load(27) " fcode="load"/>
<opset="v8281/1 "/>
</bind>
</comp>

<comp id="225" class="1004" name="v8272_1_addr_gep_fu_225">
<pin_list>
<pin id="226" dir="0" index="0" bw="32" slack="0"/>
<pin id="227" dir="0" index="1" bw="1" slack="0"/>
<pin id="228" dir="0" index="2" bw="11" slack="0"/>
<pin id="229" dir="1" index="3" bw="10" slack="0"/>
</pin_list>
<bind>
<opcode="getelementptr(29) " fcode="getelementptr"/>
<opset="v8272_1_addr/1 "/>
</bind>
</comp>

<comp id="232" class="1004" name="grp_access_fu_232">
<pin_list>
<pin id="233" dir="0" index="0" bw="10" slack="0"/>
<pin id="234" dir="0" index="1" bw="32" slack="2147483647"/>
<pin id="235" dir="0" index="2" bw="0" slack="2147483647"/>
<pin id="236" dir="1" index="3" bw="32" slack="0"/>
</pin_list>
<bind>
<opcode="load(27) " fcode="load"/>
<opset="v8281_1/1 "/>
</bind>
</comp>

<comp id="238" class="1004" name="v8272_2_addr_gep_fu_238">
<pin_list>
<pin id="239" dir="0" index="0" bw="32" slack="0"/>
<pin id="240" dir="0" index="1" bw="1" slack="0"/>
<pin id="241" dir="0" index="2" bw="11" slack="0"/>
<pin id="242" dir="1" index="3" bw="10" slack="0"/>
</pin_list>
<bind>
<opcode="getelementptr(29) " fcode="getelementptr"/>
<opset="v8272_2_addr/1 "/>
</bind>
</comp>

<comp id="245" class="1004" name="grp_access_fu_245">
<pin_list>
<pin id="246" dir="0" index="0" bw="10" slack="0"/>
<pin id="247" dir="0" index="1" bw="32" slack="2147483647"/>
<pin id="248" dir="0" index="2" bw="0" slack="2147483647"/>
<pin id="249" dir="1" index="3" bw="32" slack="0"/>
</pin_list>
<bind>
<opcode="load(27) " fcode="load"/>
<opset="v8281_2/1 "/>
</bind>
</comp>

<comp id="251" class="1004" name="v8272_3_addr_gep_fu_251">
<pin_list>
<pin id="252" dir="0" index="0" bw="32" slack="0"/>
<pin id="253" dir="0" index="1" bw="1" slack="0"/>
<pin id="254" dir="0" index="2" bw="11" slack="0"/>
<pin id="255" dir="1" index="3" bw="10" slack="0"/>
</pin_list>
<bind>
<opcode="getelementptr(29) " fcode="getelementptr"/>
<opset="v8272_3_addr/1 "/>
</bind>
</comp>

<comp id="258" class="1004" name="grp_access_fu_258">
<pin_list>
<pin id="259" dir="0" index="0" bw="10" slack="0"/>
<pin id="260" dir="0" index="1" bw="32" slack="2147483647"/>
<pin id="261" dir="0" index="2" bw="0" slack="2147483647"/>
<pin id="262" dir="1" index="3" bw="32" slack="0"/>
</pin_list>
<bind>
<opcode="load(27) " fcode="load"/>
<opset="v8281_3/1 "/>
</bind>
</comp>

<comp id="264" class="1004" name="v8272_4_addr_gep_fu_264">
<pin_list>
<pin id="265" dir="0" index="0" bw="32" slack="0"/>
<pin id="266" dir="0" index="1" bw="1" slack="0"/>
<pin id="267" dir="0" index="2" bw="11" slack="0"/>
<pin id="268" dir="1" index="3" bw="10" slack="0"/>
</pin_list>
<bind>
<opcode="getelementptr(29) " fcode="getelementptr"/>
<opset="v8272_4_addr/1 "/>
</bind>
</comp>

<comp id="271" class="1004" name="grp_access_fu_271">
<pin_list>
<pin id="272" dir="0" index="0" bw="10" slack="0"/>
<pin id="273" dir="0" index="1" bw="32" slack="2147483647"/>
<pin id="274" dir="0" index="2" bw="0" slack="2147483647"/>
<pin id="275" dir="1" index="3" bw="32" slack="0"/>
</pin_list>
<bind>
<opcode="load(27) " fcode="load"/>
<opset="v8281_4/1 "/>
</bind>
</comp>

<comp id="277" class="1004" name="v8272_5_addr_gep_fu_277">
<pin_list>
<pin id="278" dir="0" index="0" bw="32" slack="0"/>
<pin id="279" dir="0" index="1" bw="1" slack="0"/>
<pin id="280" dir="0" index="2" bw="11" slack="0"/>
<pin id="281" dir="1" index="3" bw="10" slack="0"/>
</pin_list>
<bind>
<opcode="getelementptr(29) " fcode="getelementptr"/>
<opset="v8272_5_addr/1 "/>
</bind>
</comp>

<comp id="284" class="1004" name="grp_access_fu_284">
<pin_list>
<pin id="285" dir="0" index="0" bw="10" slack="0"/>
<pin id="286" dir="0" index="1" bw="32" slack="2147483647"/>
<pin id="287" dir="0" index="2" bw="0" slack="2147483647"/>
<pin id="288" dir="1" index="3" bw="32" slack="0"/>
</pin_list>
<bind>
<opcode="load(27) " fcode="load"/>
<opset="v8281_5/1 "/>
</bind>
</comp>

<comp id="290" class="1004" name="v8272_6_addr_gep_fu_290">
<pin_list>
<pin id="291" dir="0" index="0" bw="32" slack="0"/>
<pin id="292" dir="0" index="1" bw="1" slack="0"/>
<pin id="293" dir="0" index="2" bw="11" slack="0"/>
<pin id="294" dir="1" index="3" bw="10" slack="0"/>
</pin_list>
<bind>
<opcode="getelementptr(29) " fcode="getelementptr"/>
<opset="v8272_6_addr/1 "/>
</bind>
</comp>

<comp id="297" class="1004" name="grp_access_fu_297">
<pin_list>
<pin id="298" dir="0" index="0" bw="10" slack="0"/>
<pin id="299" dir="0" index="1" bw="32" slack="2147483647"/>
<pin id="300" dir="0" index="2" bw="0" slack="2147483647"/>
<pin id="301" dir="1" index="3" bw="32" slack="0"/>
</pin_list>
<bind>
<opcode="load(27) " fcode="load"/>
<opset="v8281_6/1 "/>
</bind>
</comp>

<comp id="303" class="1004" name="v8272_7_addr_gep_fu_303">
<pin_list>
<pin id="304" dir="0" index="0" bw="32" slack="0"/>
<pin id="305" dir="0" index="1" bw="1" slack="0"/>
<pin id="306" dir="0" index="2" bw="11" slack="0"/>
<pin id="307" dir="1" index="3" bw="10" slack="0"/>
</pin_list>
<bind>
<opcode="getelementptr(29) " fcode="getelementptr"/>
<opset="v8272_7_addr/1 "/>
</bind>
</comp>

<comp id="310" class="1004" name="grp_access_fu_310">
<pin_list>
<pin id="311" dir="0" index="0" bw="10" slack="0"/>
<pin id="312" dir="0" index="1" bw="32" slack="2147483647"/>
<pin id="313" dir="0" index="2" bw="0" slack="2147483647"/>
<pin id="314" dir="1" index="3" bw="32" slack="0"/>
</pin_list>
<bind>
<opcode="load(27) " fcode="load"/>
<opset="v8281_7/1 "/>
</bind>
</comp>

<comp id="316" class="1004" name="v8273_0_addr_gep_fu_316">
<pin_list>
<pin id="317" dir="0" index="0" bw="32" slack="0"/>
<pin id="318" dir="0" index="1" bw="1" slack="0"/>
<pin id="319" dir="0" index="2" bw="11" slack="0"/>
<pin id="320" dir="1" index="3" bw="10" slack="0"/>
</pin_list>
<bind>
<opcode="getelementptr(29) " fcode="getelementptr"/>
<opset="v8273_0_addr/1 "/>
</bind>
</comp>

<comp id="323" class="1004" name="grp_access_fu_323">
<pin_list>
<pin id="324" dir="0" index="0" bw="10" slack="0"/>
<pin id="325" dir="0" index="1" bw="32" slack="2147483647"/>
<pin id="326" dir="0" index="2" bw="0" slack="2147483647"/>
<pin id="327" dir="1" index="3" bw="32" slack="0"/>
</pin_list>
<bind>
<opcode="load(27) " fcode="load"/>
<opset="v8283/1 "/>
</bind>
</comp>

<comp id="329" class="1004" name="v8273_1_addr_gep_fu_329">
<pin_list>
<pin id="330" dir="0" index="0" bw="32" slack="0"/>
<pin id="331" dir="0" index="1" bw="1" slack="0"/>
<pin id="332" dir="0" index="2" bw="11" slack="0"/>
<pin id="333" dir="1" index="3" bw="10" slack="0"/>
</pin_list>
<bind>
<opcode="getelementptr(29) " fcode="getelementptr"/>
<opset="v8273_1_addr/1 "/>
</bind>
</comp>

<comp id="336" class="1004" name="grp_access_fu_336">
<pin_list>
<pin id="337" dir="0" index="0" bw="10" slack="0"/>
<pin id="338" dir="0" index="1" bw="32" slack="2147483647"/>
<pin id="339" dir="0" index="2" bw="0" slack="2147483647"/>
<pin id="340" dir="1" index="3" bw="32" slack="0"/>
</pin_list>
<bind>
<opcode="load(27) " fcode="load"/>
<opset="v8283_1/1 "/>
</bind>
</comp>

<comp id="342" class="1004" name="v8273_2_addr_gep_fu_342">
<pin_list>
<pin id="343" dir="0" index="0" bw="32" slack="0"/>
<pin id="344" dir="0" index="1" bw="1" slack="0"/>
<pin id="345" dir="0" index="2" bw="11" slack="0"/>
<pin id="346" dir="1" index="3" bw="10" slack="0"/>
</pin_list>
<bind>
<opcode="getelementptr(29) " fcode="getelementptr"/>
<opset="v8273_2_addr/1 "/>
</bind>
</comp>

<comp id="349" class="1004" name="grp_access_fu_349">
<pin_list>
<pin id="350" dir="0" index="0" bw="10" slack="0"/>
<pin id="351" dir="0" index="1" bw="32" slack="2147483647"/>
<pin id="352" dir="0" index="2" bw="0" slack="2147483647"/>
<pin id="353" dir="1" index="3" bw="32" slack="0"/>
</pin_list>
<bind>
<opcode="load(27) " fcode="load"/>
<opset="v8283_2/1 "/>
</bind>
</comp>

<comp id="355" class="1004" name="v8273_3_addr_gep_fu_355">
<pin_list>
<pin id="356" dir="0" index="0" bw="32" slack="0"/>
<pin id="357" dir="0" index="1" bw="1" slack="0"/>
<pin id="358" dir="0" index="2" bw="11" slack="0"/>
<pin id="359" dir="1" index="3" bw="10" slack="0"/>
</pin_list>
<bind>
<opcode="getelementptr(29) " fcode="getelementptr"/>
<opset="v8273_3_addr/1 "/>
</bind>
</comp>

<comp id="362" class="1004" name="grp_access_fu_362">
<pin_list>
<pin id="363" dir="0" index="0" bw="10" slack="0"/>
<pin id="364" dir="0" index="1" bw="32" slack="2147483647"/>
<pin id="365" dir="0" index="2" bw="0" slack="2147483647"/>
<pin id="366" dir="1" index="3" bw="32" slack="0"/>
</pin_list>
<bind>
<opcode="load(27) " fcode="load"/>
<opset="v8283_3/1 "/>
</bind>
</comp>

<comp id="368" class="1004" name="v8273_4_addr_gep_fu_368">
<pin_list>
<pin id="369" dir="0" index="0" bw="32" slack="0"/>
<pin id="370" dir="0" index="1" bw="1" slack="0"/>
<pin id="371" dir="0" index="2" bw="11" slack="0"/>
<pin id="372" dir="1" index="3" bw="10" slack="0"/>
</pin_list>
<bind>
<opcode="getelementptr(29) " fcode="getelementptr"/>
<opset="v8273_4_addr/1 "/>
</bind>
</comp>

<comp id="375" class="1004" name="grp_access_fu_375">
<pin_list>
<pin id="376" dir="0" index="0" bw="10" slack="0"/>
<pin id="377" dir="0" index="1" bw="32" slack="2147483647"/>
<pin id="378" dir="0" index="2" bw="0" slack="2147483647"/>
<pin id="379" dir="1" index="3" bw="32" slack="0"/>
</pin_list>
<bind>
<opcode="load(27) " fcode="load"/>
<opset="v8283_4/1 "/>
</bind>
</comp>

<comp id="381" class="1004" name="v8273_5_addr_gep_fu_381">
<pin_list>
<pin id="382" dir="0" index="0" bw="32" slack="0"/>
<pin id="383" dir="0" index="1" bw="1" slack="0"/>
<pin id="384" dir="0" index="2" bw="11" slack="0"/>
<pin id="385" dir="1" index="3" bw="10" slack="0"/>
</pin_list>
<bind>
<opcode="getelementptr(29) " fcode="getelementptr"/>
<opset="v8273_5_addr/1 "/>
</bind>
</comp>

<comp id="388" class="1004" name="grp_access_fu_388">
<pin_list>
<pin id="389" dir="0" index="0" bw="10" slack="0"/>
<pin id="390" dir="0" index="1" bw="32" slack="2147483647"/>
<pin id="391" dir="0" index="2" bw="0" slack="2147483647"/>
<pin id="392" dir="1" index="3" bw="32" slack="0"/>
</pin_list>
<bind>
<opcode="load(27) " fcode="load"/>
<opset="v8283_5/1 "/>
</bind>
</comp>

<comp id="394" class="1004" name="v8273_6_addr_gep_fu_394">
<pin_list>
<pin id="395" dir="0" index="0" bw="32" slack="0"/>
<pin id="396" dir="0" index="1" bw="1" slack="0"/>
<pin id="397" dir="0" index="2" bw="11" slack="0"/>
<pin id="398" dir="1" index="3" bw="10" slack="0"/>
</pin_list>
<bind>
<opcode="getelementptr(29) " fcode="getelementptr"/>
<opset="v8273_6_addr/1 "/>
</bind>
</comp>

<comp id="401" class="1004" name="grp_access_fu_401">
<pin_list>
<pin id="402" dir="0" index="0" bw="10" slack="0"/>
<pin id="403" dir="0" index="1" bw="32" slack="2147483647"/>
<pin id="404" dir="0" index="2" bw="0" slack="2147483647"/>
<pin id="405" dir="1" index="3" bw="32" slack="0"/>
</pin_list>
<bind>
<opcode="load(27) " fcode="load"/>
<opset="v8283_6/1 "/>
</bind>
</comp>

<comp id="407" class="1004" name="v8273_7_addr_gep_fu_407">
<pin_list>
<pin id="408" dir="0" index="0" bw="32" slack="0"/>
<pin id="409" dir="0" index="1" bw="1" slack="0"/>
<pin id="410" dir="0" index="2" bw="11" slack="0"/>
<pin id="411" dir="1" index="3" bw="10" slack="0"/>
</pin_list>
<bind>
<opcode="getelementptr(29) " fcode="getelementptr"/>
<opset="v8273_7_addr/1 "/>
</bind>
</comp>

<comp id="414" class="1004" name="grp_access_fu_414">
<pin_list>
<pin id="415" dir="0" index="0" bw="10" slack="0"/>
<pin id="416" dir="0" index="1" bw="32" slack="2147483647"/>
<pin id="417" dir="0" index="2" bw="0" slack="2147483647"/>
<pin id="418" dir="1" index="3" bw="32" slack="0"/>
</pin_list>
<bind>
<opcode="load(27) " fcode="load"/>
<opset="v8283_7/1 "/>
</bind>
</comp>

<comp id="420" class="1004" name="store_ln15297_store_fu_420">
<pin_list>
<pin id="421" dir="0" index="0" bw="1" slack="0"/>
<pin id="422" dir="0" index="1" bw="11" slack="0"/>
<pin id="423" dir="1" index="2" bw="0" slack="2147483647"/>
</pin_list>
<bind>
<opcode="store(28) " fcode="store"/>
<opset="store_ln15297/1 "/>
</bind>
</comp>

<comp id="425" class="1004" name="k338_1_load_fu_425">
<pin_list>
<pin id="426" dir="0" index="0" bw="11" slack="0"/>
<pin id="427" dir="1" index="1" bw="11" slack="0"/>
</pin_list>
<bind>
<opcode="load(27) " fcode="load"/>
<opset="k338_1/1 "/>
</bind>
</comp>

<comp id="428" class="1004" name="icmp_ln15297_fu_428">
<pin_list>
<pin id="429" dir="0" index="0" bw="11" slack="0"/>
<pin id="430" dir="0" index="1" bw="11" slack="0"/>
<pin id="431" dir="1" index="2" bw="1" slack="2147483647"/>
</pin_list>
<bind>
<opcode="icmp(45) " fcode="icmp"/>
<opset="icmp_ln15297/1 "/>
</bind>
</comp>

<comp id="434" class="1004" name="add_ln15297_fu_434">
<pin_list>
<pin id="435" dir="0" index="0" bw="11" slack="0"/>
<pin id="436" dir="0" index="1" bw="1" slack="0"/>
<pin id="437" dir="1" index="2" bw="11" slack="0"/>
</pin_list>
<bind>
<opcode="add(8) " fcode="add"/>
<opset="add_ln15297/1 "/>
</bind>
</comp>

<comp id="440" class="1004" name="zext_ln15297_fu_440">
<pin_list>
<pin id="441" dir="0" index="0" bw="11" slack="0"/>
<pin id="442" dir="1" index="1" bw="64" slack="0"/>
</pin_list>
<bind>
<opcode="zext(34) " fcode="zext"/>
<opset="zext_ln15297/1 "/>
</bind>
</comp>

<comp id="460" class="1004" name="store_ln15297_store_fu_460">
<pin_list>
<pin id="461" dir="0" index="0" bw="11" slack="0"/>
<pin id="462" dir="0" index="1" bw="11" slack="0"/>
<pin id="463" dir="1" index="2" bw="0" slack="2147483647"/>
</pin_list>
<bind>
<opcode="store(28) " fcode="store"/>
<opset="store_ln15297/1 "/>
</bind>
</comp>

<comp id="465" class="1004" name="bitcast_ln15300_fu_465">
<pin_list>
<pin id="466" dir="0" index="0" bw="32" slack="0"/>
<pin id="467" dir="1" index="1" bw="32" slack="0"/>
</pin_list>
<bind>
<opcode="bitcast(44) " fcode="bitcast"/>
<opset="bitcast_ln15300/2 "/>
</bind>
</comp>

<comp id="470" class="1004" name="bitcast_ln15300_1_fu_470">
<pin_list>
<pin id="471" dir="0" index="0" bw="32" slack="0"/>
<pin id="472" dir="1" index="1" bw="32" slack="0"/>
</pin_list>
<bind>
<opcode="bitcast(44) " fcode="bitcast"/>
<opset="bitcast_ln15300_1/2 "/>
</bind>
</comp>

<comp id="475" class="1004" name="bitcast_ln15300_2_fu_475">
<pin_list>
<pin id="476" dir="0" index="0" bw="32" slack="0"/>
<pin id="477" dir="1" index="1" bw="32" slack="0"/>
</pin_list>
<bind>
<opcode="bitcast(44) " fcode="bitcast"/>
<opset="bitcast_ln15300_2/2 "/>
</bind>
</comp>

<comp id="480" class="1004" name="bitcast_ln15300_3_fu_480">
<pin_list>
<pin id="481" dir="0" index="0" bw="32" slack="0"/>
<pin id="482" dir="1" index="1" bw="32" slack="0"/>
</pin_list>
<bind>
<opcode="bitcast(44) " fcode="bitcast"/>
<opset="bitcast_ln15300_3/2 "/>
</bind>
</comp>

<comp id="485" class="1004" name="bitcast_ln15300_4_fu_485">
<pin_list>
<pin id="486" dir="0" index="0" bw="32" slack="0"/>
<pin id="487" dir="1" index="1" bw="32" slack="0"/>
</pin_list>
<bind>
<opcode="bitcast(44) " fcode="bitcast"/>
<opset="bitcast_ln15300_4/2 "/>
</bind>
</comp>

<comp id="490" class="1004" name="bitcast_ln15300_5_fu_490">
<pin_list>
<pin id="491" dir="0" index="0" bw="32" slack="0"/>
<pin id="492" dir="1" index="1" bw="32" slack="0"/>
</pin_list>
<bind>
<opcode="bitcast(44) " fcode="bitcast"/>
<opset="bitcast_ln15300_5/2 "/>
</bind>
</comp>

<comp id="495" class="1004" name="bitcast_ln15300_6_fu_495">
<pin_list>
<pin id="496" dir="0" index="0" bw="32" slack="0"/>
<pin id="497" dir="1" index="1" bw="32" slack="0"/>
</pin_list>
<bind>
<opcode="bitcast(44) " fcode="bitcast"/>
<opset="bitcast_ln15300_6/2 "/>
</bind>
</comp>

<comp id="500" class="1004" name="bitcast_ln15300_7_fu_500">
<pin_list>
<pin id="501" dir="0" index="0" bw="32" slack="0"/>
<pin id="502" dir="1" index="1" bw="32" slack="0"/>
</pin_list>
<bind>
<opcode="bitcast(44) " fcode="bitcast"/>
<opset="bitcast_ln15300_7/2 "/>
</bind>
</comp>

<comp id="505" class="1004" name="bitcast_ln15304_fu_505">
<pin_list>
<pin id="506" dir="0" index="0" bw="32" slack="0"/>
<pin id="507" dir="1" index="1" bw="32" slack="0"/>
</pin_list>
<bind>
<opcode="bitcast(44) " fcode="bitcast"/>
<opset="bitcast_ln15304/2 "/>
</bind>
</comp>

<comp id="510" class="1004" name="bitcast_ln15304_1_fu_510">
<pin_list>
<pin id="511" dir="0" index="0" bw="32" slack="0"/>
<pin id="512" dir="1" index="1" bw="32" slack="0"/>
</pin_list>
<bind>
<opcode="bitcast(44) " fcode="bitcast"/>
<opset="bitcast_ln15304_1/2 "/>
</bind>
</comp>

<comp id="515" class="1004" name="bitcast_ln15304_2_fu_515">
<pin_list>
<pin id="516" dir="0" index="0" bw="32" slack="0"/>
<pin id="517" dir="1" index="1" bw="32" slack="0"/>
</pin_list>
<bind>
<opcode="bitcast(44) " fcode="bitcast"/>
<opset="bitcast_ln15304_2/2 "/>
</bind>
</comp>

<comp id="520" class="1004" name="bitcast_ln15304_3_fu_520">
<pin_list>
<pin id="521" dir="0" index="0" bw="32" slack="0"/>
<pin id="522" dir="1" index="1" bw="32" slack="0"/>
</pin_list>
<bind>
<opcode="bitcast(44) " fcode="bitcast"/>
<opset="bitcast_ln15304_3/2 "/>
</bind>
</comp>

<comp id="525" class="1004" name="bitcast_ln15304_4_fu_525">
<pin_list>
<pin id="526" dir="0" index="0" bw="32" slack="0"/>
<pin id="527" dir="1" index="1" bw="32" slack="0"/>
</pin_list>
<bind>
<opcode="bitcast(44) " fcode="bitcast"/>
<opset="bitcast_ln15304_4/2 "/>
</bind>
</comp>

<comp id="530" class="1004" name="bitcast_ln15304_5_fu_530">
<pin_list>
<pin id="531" dir="0" index="0" bw="32" slack="0"/>
<pin id="532" dir="1" index="1" bw="32" slack="0"/>
</pin_list>
<bind>
<opcode="bitcast(44) " fcode="bitcast"/>
<opset="bitcast_ln15304_5/2 "/>
</bind>
</comp>

<comp id="535" class="1004" name="bitcast_ln15304_6_fu_535">
<pin_list>
<pin id="536" dir="0" index="0" bw="32" slack="0"/>
<pin id="537" dir="1" index="1" bw="32" slack="0"/>
</pin_list>
<bind>
<opcode="bitcast(44) " fcode="bitcast"/>
<opset="bitcast_ln15304_6/2 "/>
</bind>
</comp>

<comp id="540" class="1004" name="bitcast_ln15304_7_fu_540">
<pin_list>
<pin id="541" dir="0" index="0" bw="32" slack="0"/>
<pin id="542" dir="1" index="1" bw="32" slack="0"/>
</pin_list>
<bind>
<opcode="bitcast(44) " fcode="bitcast"/>
<opset="bitcast_ln15304_7/2 "/>
</bind>
</comp>

<comp id="545" class="1005" name="k338_reg_545">
<pin_list>
<pin id="546" dir="0" index="0" bw="11" slack="0"/>
<pin id="547" dir="1" index="1" bw="11" slack="0"/>
</pin_list>
<bind>
<opset="k338 "/>
</bind>
</comp>

<comp id="555" class="1005" name="v8272_0_addr_reg_555">
<pin_list>
<pin id="556" dir="0" index="0" bw="10" slack="1"/>
<pin id="557" dir="1" index="1" bw="10" slack="1"/>
</pin_list>
<bind>
<opset="v8272_0_addr "/>
</bind>
</comp>

<comp id="560" class="1005" name="v8272_1_addr_reg_560">
<pin_list>
<pin id="561" dir="0" index="0" bw="10" slack="1"/>
<pin id="562" dir="1" index="1" bw="10" slack="1"/>
</pin_list>
<bind>
<opset="v8272_1_addr "/>
</bind>
</comp>

<comp id="565" class="1005" name="v8272_2_addr_reg_565">
<pin_list>
<pin id="566" dir="0" index="0" bw="10" slack="1"/>
<pin id="567" dir="1" index="1" bw="10" slack="1"/>
</pin_list>
<bind>
<opset="v8272_2_addr "/>
</bind>
</comp>

<comp id="570" class="1005" name="v8272_3_addr_reg_570">
<pin_list>
<pin id="571" dir="0" index="0" bw="10" slack="1"/>
<pin id="572" dir="1" index="1" bw="10" slack="1"/>
</pin_list>
<bind>
<opset="v8272_3_addr "/>
</bind>
</comp>

<comp id="575" class="1005" name="v8272_4_addr_reg_575">
<pin_list>
<pin id="576" dir="0" index="0" bw="10" slack="1"/>
<pin id="577" dir="1" index="1" bw="10" slack="1"/>
</pin_list>
<bind>
<opset="v8272_4_addr "/>
</bind>
</comp>

<comp id="580" class="1005" name="v8272_5_addr_reg_580">
<pin_list>
<pin id="581" dir="0" index="0" bw="10" slack="1"/>
<pin id="582" dir="1" index="1" bw="10" slack="1"/>
</pin_list>
<bind>
<opset="v8272_5_addr "/>
</bind>
</comp>

<comp id="585" class="1005" name="v8272_6_addr_reg_585">
<pin_list>
<pin id="586" dir="0" index="0" bw="10" slack="1"/>
<pin id="587" dir="1" index="1" bw="10" slack="1"/>
</pin_list>
<bind>
<opset="v8272_6_addr "/>
</bind>
</comp>

<comp id="590" class="1005" name="v8272_7_addr_reg_590">
<pin_list>
<pin id="591" dir="0" index="0" bw="10" slack="1"/>
<pin id="592" dir="1" index="1" bw="10" slack="1"/>
</pin_list>
<bind>
<opset="v8272_7_addr "/>
</bind>
</comp>

<comp id="595" class="1005" name="v8273_0_addr_reg_595">
<pin_list>
<pin id="596" dir="0" index="0" bw="10" slack="1"/>
<pin id="597" dir="1" index="1" bw="10" slack="1"/>
</pin_list>
<bind>
<opset="v8273_0_addr "/>
</bind>
</comp>

<comp id="600" class="1005" name="v8273_1_addr_reg_600">
<pin_list>
<pin id="601" dir="0" index="0" bw="10" slack="1"/>
<pin id="602" dir="1" index="1" bw="10" slack="1"/>
</pin_list>
<bind>
<opset="v8273_1_addr "/>
</bind>
</comp>

<comp id="605" class="1005" name="v8273_2_addr_reg_605">
<pin_list>
<pin id="606" dir="0" index="0" bw="10" slack="1"/>
<pin id="607" dir="1" index="1" bw="10" slack="1"/>
</pin_list>
<bind>
<opset="v8273_2_addr "/>
</bind>
</comp>

<comp id="610" class="1005" name="v8273_3_addr_reg_610">
<pin_list>
<pin id="611" dir="0" index="0" bw="10" slack="1"/>
<pin id="612" dir="1" index="1" bw="10" slack="1"/>
</pin_list>
<bind>
<opset="v8273_3_addr "/>
</bind>
</comp>

<comp id="615" class="1005" name="v8273_4_addr_reg_615">
<pin_list>
<pin id="616" dir="0" index="0" bw="10" slack="1"/>
<pin id="617" dir="1" index="1" bw="10" slack="1"/>
</pin_list>
<bind>
<opset="v8273_4_addr "/>
</bind>
</comp>

<comp id="620" class="1005" name="v8273_5_addr_reg_620">
<pin_list>
<pin id="621" dir="0" index="0" bw="10" slack="1"/>
<pin id="622" dir="1" index="1" bw="10" slack="1"/>
</pin_list>
<bind>
<opset="v8273_5_addr "/>
</bind>
</comp>

<comp id="625" class="1005" name="v8273_6_addr_reg_625">
<pin_list>
<pin id="626" dir="0" index="0" bw="10" slack="1"/>
<pin id="627" dir="1" index="1" bw="10" slack="1"/>
</pin_list>
<bind>
<opset="v8273_6_addr "/>
</bind>
</comp>

<comp id="630" class="1005" name="v8273_7_addr_reg_630">
<pin_list>
<pin id="631" dir="0" index="0" bw="10" slack="1"/>
<pin id="632" dir="1" index="1" bw="10" slack="1"/>
</pin_list>
<bind>
<opset="v8273_7_addr "/>
</bind>
</comp>

</comp_list>

<net_list>
<net id="99"><net_src comp="64" pin="0"/><net_sink comp="96" pin=0"/></net>

<net id="105"><net_src comp="94" pin="0"/><net_sink comp="100" pin=0"/></net>

<net id="106"><net_src comp="16" pin="0"/><net_sink comp="100" pin=1"/></net>

<net id="112"><net_src comp="94" pin="0"/><net_sink comp="107" pin=0"/></net>

<net id="113"><net_src comp="18" pin="0"/><net_sink comp="107" pin=1"/></net>

<net id="119"><net_src comp="94" pin="0"/><net_sink comp="114" pin=0"/></net>

<net id="120"><net_src comp="20" pin="0"/><net_sink comp="114" pin=1"/></net>

<net id="126"><net_src comp="94" pin="0"/><net_sink comp="121" pin=0"/></net>

<net id="127"><net_src comp="22" pin="0"/><net_sink comp="121" pin=1"/></net>

<net id="133"><net_src comp="94" pin="0"/><net_sink comp="128" pin=0"/></net>

<net id="134"><net_src comp="24" pin="0"/><net_sink comp="128" pin=1"/></net>

<net id="140"><net_src comp="94" pin="0"/><net_sink comp="135" pin=0"/></net>

<net id="141"><net_src comp="26" pin="0"/><net_sink comp="135" pin=1"/></net>

<net id="147"><net_src comp="94" pin="0"/><net_sink comp="142" pin=0"/></net>

<net id="148"><net_src comp="28" pin="0"/><net_sink comp="142" pin=1"/></net>

<net id="154"><net_src comp="94" pin="0"/><net_sink comp="149" pin=0"/></net>

<net id="155"><net_src comp="30" pin="0"/><net_sink comp="149" pin=1"/></net>

<net id="161"><net_src comp="94" pin="0"/><net_sink comp="156" pin=0"/></net>

<net id="162"><net_src comp="48" pin="0"/><net_sink comp="156" pin=1"/></net>

<net id="168"><net_src comp="94" pin="0"/><net_sink comp="163" pin=0"/></net>

<net id="169"><net_src comp="50" pin="0"/><net_sink comp="163" pin=1"/></net>

<net id="175"><net_src comp="94" pin="0"/><net_sink comp="170" pin=0"/></net>

<net id="176"><net_src comp="52" pin="0"/><net_sink comp="170" pin=1"/></net>

<net id="182"><net_src comp="94" pin="0"/><net_sink comp="177" pin=0"/></net>

<net id="183"><net_src comp="54" pin="0"/><net_sink comp="177" pin=1"/></net>

<net id="189"><net_src comp="94" pin="0"/><net_sink comp="184" pin=0"/></net>

<net id="190"><net_src comp="56" pin="0"/><net_sink comp="184" pin=1"/></net>

<net id="196"><net_src comp="94" pin="0"/><net_sink comp="191" pin=0"/></net>

<net id="197"><net_src comp="58" pin="0"/><net_sink comp="191" pin=1"/></net>

<net id="203"><net_src comp="94" pin="0"/><net_sink comp="198" pin=0"/></net>

<net id="204"><net_src comp="60" pin="0"/><net_sink comp="198" pin=1"/></net>

<net id="210"><net_src comp="94" pin="0"/><net_sink comp="205" pin=0"/></net>

<net id="211"><net_src comp="62" pin="0"/><net_sink comp="205" pin=1"/></net>

<net id="217"><net_src comp="0" pin="0"/><net_sink comp="212" pin=0"/></net>

<net id="218"><net_src comp="82" pin="0"/><net_sink comp="212" pin=1"/></net>

<net id="224"><net_src comp="212" pin="3"/><net_sink comp="219" pin=0"/></net>

<net id="230"><net_src comp="2" pin="0"/><net_sink comp="225" pin=0"/></net>

<net id="231"><net_src comp="82" pin="0"/><net_sink comp="225" pin=1"/></net>

<net id="237"><net_src comp="225" pin="3"/><net_sink comp="232" pin=0"/></net>

<net id="243"><net_src comp="4" pin="0"/><net_sink comp="238" pin=0"/></net>

<net id="244"><net_src comp="82" pin="0"/><net_sink comp="238" pin=1"/></net>

<net id="250"><net_src comp="238" pin="3"/><net_sink comp="245" pin=0"/></net>

<net id="256"><net_src comp="6" pin="0"/><net_sink comp="251" pin=0"/></net>

<net id="257"><net_src comp="82" pin="0"/><net_sink comp="251" pin=1"/></net>

<net id="263"><net_src comp="251" pin="3"/><net_sink comp="258" pin=0"/></net>

<net id="269"><net_src comp="8" pin="0"/><net_sink comp="264" pin=0"/></net>

<net id="270"><net_src comp="82" pin="0"/><net_sink comp="264" pin=1"/></net>

<net id="276"><net_src comp="264" pin="3"/><net_sink comp="271" pin=0"/></net>

<net id="282"><net_src comp="10" pin="0"/><net_sink comp="277" pin=0"/></net>

<net id="283"><net_src comp="82" pin="0"/><net_sink comp="277" pin=1"/></net>

<net id="289"><net_src comp="277" pin="3"/><net_sink comp="284" pin=0"/></net>

<net id="295"><net_src comp="12" pin="0"/><net_sink comp="290" pin=0"/></net>

<net id="296"><net_src comp="82" pin="0"/><net_sink comp="290" pin=1"/></net>

<net id="302"><net_src comp="290" pin="3"/><net_sink comp="297" pin=0"/></net>

<net id="308"><net_src comp="14" pin="0"/><net_sink comp="303" pin=0"/></net>

<net id="309"><net_src comp="82" pin="0"/><net_sink comp="303" pin=1"/></net>

<net id="315"><net_src comp="303" pin="3"/><net_sink comp="310" pin=0"/></net>

<net id="321"><net_src comp="32" pin="0"/><net_sink comp="316" pin=0"/></net>

<net id="322"><net_src comp="82" pin="0"/><net_sink comp="316" pin=1"/></net>

<net id="328"><net_src comp="316" pin="3"/><net_sink comp="323" pin=0"/></net>

<net id="334"><net_src comp="34" pin="0"/><net_sink comp="329" pin=0"/></net>

<net id="335"><net_src comp="82" pin="0"/><net_sink comp="329" pin=1"/></net>

<net id="341"><net_src comp="329" pin="3"/><net_sink comp="336" pin=0"/></net>

<net id="347"><net_src comp="36" pin="0"/><net_sink comp="342" pin=0"/></net>

<net id="348"><net_src comp="82" pin="0"/><net_sink comp="342" pin=1"/></net>

<net id="354"><net_src comp="342" pin="3"/><net_sink comp="349" pin=0"/></net>

<net id="360"><net_src comp="38" pin="0"/><net_sink comp="355" pin=0"/></net>

<net id="361"><net_src comp="82" pin="0"/><net_sink comp="355" pin=1"/></net>

<net id="367"><net_src comp="355" pin="3"/><net_sink comp="362" pin=0"/></net>

<net id="373"><net_src comp="40" pin="0"/><net_sink comp="368" pin=0"/></net>

<net id="374"><net_src comp="82" pin="0"/><net_sink comp="368" pin=1"/></net>

<net id="380"><net_src comp="368" pin="3"/><net_sink comp="375" pin=0"/></net>

<net id="386"><net_src comp="42" pin="0"/><net_sink comp="381" pin=0"/></net>

<net id="387"><net_src comp="82" pin="0"/><net_sink comp="381" pin=1"/></net>

<net id="393"><net_src comp="381" pin="3"/><net_sink comp="388" pin=0"/></net>

<net id="399"><net_src comp="44" pin="0"/><net_sink comp="394" pin=0"/></net>

<net id="400"><net_src comp="82" pin="0"/><net_sink comp="394" pin=1"/></net>

<net id="406"><net_src comp="394" pin="3"/><net_sink comp="401" pin=0"/></net>

<net id="412"><net_src comp="46" pin="0"/><net_sink comp="407" pin=0"/></net>

<net id="413"><net_src comp="82" pin="0"/><net_sink comp="407" pin=1"/></net>

<net id="419"><net_src comp="407" pin="3"/><net_sink comp="414" pin=0"/></net>

<net id="424"><net_src comp="76" pin="0"/><net_sink comp="420" pin=0"/></net>

<net id="432"><net_src comp="425" pin="1"/><net_sink comp="428" pin=0"/></net>

<net id="433"><net_src comp="78" pin="0"/><net_sink comp="428" pin=1"/></net>

<net id="438"><net_src comp="425" pin="1"/><net_sink comp="434" pin=0"/></net>

<net id="439"><net_src comp="80" pin="0"/><net_sink comp="434" pin=1"/></net>

<net id="443"><net_src comp="425" pin="1"/><net_sink comp="440" pin=0"/></net>

<net id="444"><net_src comp="440" pin="1"/><net_sink comp="212" pin=2"/></net>

<net id="445"><net_src comp="440" pin="1"/><net_sink comp="225" pin=2"/></net>

<net id="446"><net_src comp="440" pin="1"/><net_sink comp="238" pin=2"/></net>

<net id="447"><net_src comp="440" pin="1"/><net_sink comp="251" pin=2"/></net>

<net id="448"><net_src comp="440" pin="1"/><net_sink comp="264" pin=2"/></net>

<net id="449"><net_src comp="440" pin="1"/><net_sink comp="277" pin=2"/></net>

<net id="450"><net_src comp="440" pin="1"/><net_sink comp="290" pin=2"/></net>

<net id="451"><net_src comp="440" pin="1"/><net_sink comp="303" pin=2"/></net>

<net id="452"><net_src comp="440" pin="1"/><net_sink comp="316" pin=2"/></net>

<net id="453"><net_src comp="440" pin="1"/><net_sink comp="329" pin=2"/></net>

<net id="454"><net_src comp="440" pin="1"/><net_sink comp="342" pin=2"/></net>

<net id="455"><net_src comp="440" pin="1"/><net_sink comp="355" pin=2"/></net>

<net id="456"><net_src comp="440" pin="1"/><net_sink comp="368" pin=2"/></net>

<net id="457"><net_src comp="440" pin="1"/><net_sink comp="381" pin=2"/></net>

<net id="458"><net_src comp="440" pin="1"/><net_sink comp="394" pin=2"/></net>

<net id="459"><net_src comp="440" pin="1"/><net_sink comp="407" pin=2"/></net>

<net id="464"><net_src comp="434" pin="2"/><net_sink comp="460" pin=0"/></net>

<net id="468"><net_src comp="219" pin="3"/><net_sink comp="465" pin=0"/></net>

<net id="469"><net_src comp="465" pin="1"/><net_sink comp="100" pin=2"/></net>

<net id="473"><net_src comp="232" pin="3"/><net_sink comp="470" pin=0"/></net>

<net id="474"><net_src comp="470" pin="1"/><net_sink comp="107" pin=2"/></net>

<net id="478"><net_src comp="245" pin="3"/><net_sink comp="475" pin=0"/></net>

<net id="479"><net_src comp="475" pin="1"/><net_sink comp="114" pin=2"/></net>

<net id="483"><net_src comp="258" pin="3"/><net_sink comp="480" pin=0"/></net>

<net id="484"><net_src comp="480" pin="1"/><net_sink comp="121" pin=2"/></net>

<net id="488"><net_src comp="271" pin="3"/><net_sink comp="485" pin=0"/></net>

<net id="489"><net_src comp="485" pin="1"/><net_sink comp="128" pin=2"/></net>

<net id="493"><net_src comp="284" pin="3"/><net_sink comp="490" pin=0"/></net>

<net id="494"><net_src comp="490" pin="1"/><net_sink comp="135" pin=2"/></net>

<net id="498"><net_src comp="297" pin="3"/><net_sink comp="495" pin=0"/></net>

<net id="499"><net_src comp="495" pin="1"/><net_sink comp="142" pin=2"/></net>

<net id="503"><net_src comp="310" pin="3"/><net_sink comp="500" pin=0"/></net>

<net id="504"><net_src comp="500" pin="1"/><net_sink comp="149" pin=2"/></net>

<net id="508"><net_src comp="323" pin="3"/><net_sink comp="505" pin=0"/></net>

<net id="509"><net_src comp="505" pin="1"/><net_sink comp="156" pin=2"/></net>

<net id="513"><net_src comp="336" pin="3"/><net_sink comp="510" pin=0"/></net>

<net id="514"><net_src comp="510" pin="1"/><net_sink comp="163" pin=2"/></net>

<net id="518"><net_src comp="349" pin="3"/><net_sink comp="515" pin=0"/></net>

<net id="519"><net_src comp="515" pin="1"/><net_sink comp="170" pin=2"/></net>

<net id="523"><net_src comp="362" pin="3"/><net_sink comp="520" pin=0"/></net>

<net id="524"><net_src comp="520" pin="1"/><net_sink comp="177" pin=2"/></net>

<net id="528"><net_src comp="375" pin="3"/><net_sink comp="525" pin=0"/></net>

<net id="529"><net_src comp="525" pin="1"/><net_sink comp="184" pin=2"/></net>

<net id="533"><net_src comp="388" pin="3"/><net_sink comp="530" pin=0"/></net>

<net id="534"><net_src comp="530" pin="1"/><net_sink comp="191" pin=2"/></net>

<net id="538"><net_src comp="401" pin="3"/><net_sink comp="535" pin=0"/></net>

<net id="539"><net_src comp="535" pin="1"/><net_sink comp="198" pin=2"/></net>

<net id="543"><net_src comp="414" pin="3"/><net_sink comp="540" pin=0"/></net>

<net id="544"><net_src comp="540" pin="1"/><net_sink comp="205" pin=2"/></net>

<net id="548"><net_src comp="96" pin="1"/><net_sink comp="545" pin=0"/></net>

<net id="549"><net_src comp="545" pin="1"/><net_sink comp="420" pin=1"/></net>

<net id="550"><net_src comp="545" pin="1"/><net_sink comp="425" pin=0"/></net>

<net id="551"><net_src comp="545" pin="1"/><net_sink comp="460" pin=1"/></net>

<net id="558"><net_src comp="212" pin="3"/><net_sink comp="555" pin=0"/></net>

<net id="559"><net_src comp="555" pin="1"/><net_sink comp="219" pin=0"/></net>

<net id="563"><net_src comp="225" pin="3"/><net_sink comp="560" pin=0"/></net>

<net id="564"><net_src comp="560" pin="1"/><net_sink comp="232" pin=0"/></net>

<net id="568"><net_src comp="238" pin="3"/><net_sink comp="565" pin=0"/></net>

<net id="569"><net_src comp="565" pin="1"/><net_sink comp="245" pin=0"/></net>

<net id="573"><net_src comp="251" pin="3"/><net_sink comp="570" pin=0"/></net>

<net id="574"><net_src comp="570" pin="1"/><net_sink comp="258" pin=0"/></net>

<net id="578"><net_src comp="264" pin="3"/><net_sink comp="575" pin=0"/></net>

<net id="579"><net_src comp="575" pin="1"/><net_sink comp="271" pin=0"/></net>

<net id="583"><net_src comp="277" pin="3"/><net_sink comp="580" pin=0"/></net>

<net id="584"><net_src comp="580" pin="1"/><net_sink comp="284" pin=0"/></net>

<net id="588"><net_src comp="290" pin="3"/><net_sink comp="585" pin=0"/></net>

<net id="589"><net_src comp="585" pin="1"/><net_sink comp="297" pin=0"/></net>

<net id="593"><net_src comp="303" pin="3"/><net_sink comp="590" pin=0"/></net>

<net id="594"><net_src comp="590" pin="1"/><net_sink comp="310" pin=0"/></net>

<net id="598"><net_src comp="316" pin="3"/><net_sink comp="595" pin=0"/></net>

<net id="599"><net_src comp="595" pin="1"/><net_sink comp="323" pin=0"/></net>

<net id="603"><net_src comp="329" pin="3"/><net_sink comp="600" pin=0"/></net>

<net id="604"><net_src comp="600" pin="1"/><net_sink comp="336" pin=0"/></net>

<net id="608"><net_src comp="342" pin="3"/><net_sink comp="605" pin=0"/></net>

<net id="609"><net_src comp="605" pin="1"/><net_sink comp="349" pin=0"/></net>

<net id="613"><net_src comp="355" pin="3"/><net_sink comp="610" pin=0"/></net>

<net id="614"><net_src comp="610" pin="1"/><net_sink comp="362" pin=0"/></net>

<net id="618"><net_src comp="368" pin="3"/><net_sink comp="615" pin=0"/></net>

<net id="619"><net_src comp="615" pin="1"/><net_sink comp="375" pin=0"/></net>

<net id="623"><net_src comp="381" pin="3"/><net_sink comp="620" pin=0"/></net>

<net id="624"><net_src comp="620" pin="1"/><net_sink comp="388" pin=0"/></net>

<net id="628"><net_src comp="394" pin="3"/><net_sink comp="625" pin=0"/></net>

<net id="629"><net_src comp="625" pin="1"/><net_sink comp="401" pin=0"/></net>

<net id="633"><net_src comp="407" pin="3"/><net_sink comp="630" pin=0"/></net>

<net id="634"><net_src comp="630" pin="1"/><net_sink comp="414" pin=0"/></net>

</net_list>

</model> 
---------------- Datapath Model END ------------------

* FSMD analyzer results:
  - Output states:
	Port: A_fifo5 | {2 }
	Port: A_fifo5_9 | {2 }
	Port: A_fifo5_18 | {2 }
	Port: A_fifo5_27 | {2 }
	Port: A_fifo5_36 | {2 }
	Port: A_fifo5_45 | {2 }
	Port: A_fifo5_54 | {2 }
	Port: A_fifo5_63 | {2 }
	Port: B_fifo5 | {2 }
	Port: B_fifo5_9 | {2 }
	Port: B_fifo5_18 | {2 }
	Port: B_fifo5_27 | {2 }
	Port: B_fifo5_36 | {2 }
	Port: B_fifo5_45 | {2 }
	Port: B_fifo5_54 | {2 }
	Port: B_fifo5_63 | {2 }
 - Input state : 
	Port: systolic_tile_YV_Loop_l_data_load_k338_proc28 : v8272_0 | {1 2 }
	Port: systolic_tile_YV_Loop_l_data_load_k338_proc28 : v8272_1 | {1 2 }
	Port: systolic_tile_YV_Loop_l_data_load_k338_proc28 : v8272_2 | {1 2 }
	Port: systolic_tile_YV_Loop_l_data_load_k338_proc28 : v8272_3 | {1 2 }
	Port: systolic_tile_YV_Loop_l_data_load_k338_proc28 : v8272_4 | {1 2 }
	Port: systolic_tile_YV_Loop_l_data_load_k338_proc28 : v8272_5 | {1 2 }
	Port: systolic_tile_YV_Loop_l_data_load_k338_proc28 : v8272_6 | {1 2 }
	Port: systolic_tile_YV_Loop_l_data_load_k338_proc28 : v8272_7 | {1 2 }
	Port: systolic_tile_YV_Loop_l_data_load_k338_proc28 : v8273_0 | {1 2 }
	Port: systolic_tile_YV_Loop_l_data_load_k338_proc28 : v8273_1 | {1 2 }
	Port: systolic_tile_YV_Loop_l_data_load_k338_proc28 : v8273_2 | {1 2 }
	Port: systolic_tile_YV_Loop_l_data_load_k338_proc28 : v8273_3 | {1 2 }
	Port: systolic_tile_YV_Loop_l_data_load_k338_proc28 : v8273_4 | {1 2 }
	Port: systolic_tile_YV_Loop_l_data_load_k338_proc28 : v8273_5 | {1 2 }
	Port: systolic_tile_YV_Loop_l_data_load_k338_proc28 : v8273_6 | {1 2 }
	Port: systolic_tile_YV_Loop_l_data_load_k338_proc28 : v8273_7 | {1 2 }
  - Chain level:
	State 1
		store_ln15297 : 1
		k338_1 : 1
		icmp_ln15297 : 2
		add_ln15297 : 2
		br_ln15297 : 3
		zext_ln15297 : 2
		v8272_0_addr : 3
		v8281 : 4
		v8272_1_addr : 3
		v8281_1 : 4
		v8272_2_addr : 3
		v8281_2 : 4
		v8272_3_addr : 3
		v8281_3 : 4
		v8272_4_addr : 3
		v8281_4 : 4
		v8272_5_addr : 3
		v8281_5 : 4
		v8272_6_addr : 3
		v8281_6 : 4
		v8272_7_addr : 3
		v8281_7 : 4
		v8273_0_addr : 3
		v8283 : 4
		v8273_1_addr : 3
		v8283_1 : 4
		v8273_2_addr : 3
		v8283_2 : 4
		v8273_3_addr : 3
		v8283_3 : 4
		v8273_4_addr : 3
		v8283_4 : 4
		v8273_5_addr : 3
		v8283_5 : 4
		v8273_6_addr : 3
		v8283_6 : 4
		v8273_7_addr : 3
		v8283_7 : 4
		store_ln15297 : 3
	State 2
		bitcast_ln15300 : 1
		bitcast_ln15300_1 : 1
		bitcast_ln15300_2 : 1
		bitcast_ln15300_3 : 1
		bitcast_ln15300_4 : 1
		bitcast_ln15300_5 : 1
		bitcast_ln15300_6 : 1
		bitcast_ln15300_7 : 1
		write_ln15300 : 2
		write_ln15300 : 2
		write_ln15300 : 2
		write_ln15300 : 2
		write_ln15300 : 2
		write_ln15300 : 2
		write_ln15300 : 2
		write_ln15300 : 2
		bitcast_ln15304 : 1
		bitcast_ln15304_1 : 1
		bitcast_ln15304_2 : 1
		bitcast_ln15304_3 : 1
		bitcast_ln15304_4 : 1
		bitcast_ln15304_5 : 1
		bitcast_ln15304_6 : 1
		bitcast_ln15304_7 : 1
		write_ln15304 : 2
		write_ln15304 : 2
		write_ln15304 : 2
		write_ln15304 : 2
		write_ln15304 : 2
		write_ln15304 : 2
		write_ln15304 : 2
		write_ln15304 : 2


============================================================
+ Verbose Summary: Datapath Resource usage 
============================================================

* Functional unit list:
|----------|----------------------------|---------|---------|
| Operation|       Functional Unit      |    FF   |   LUT   |
|----------|----------------------------|---------|---------|
|   icmp   |     icmp_ln15297_fu_428    |    0    |    18   |
|----------|----------------------------|---------|---------|
|    add   |     add_ln15297_fu_434     |    0    |    18   |
|----------|----------------------------|---------|---------|
|          | write_ln15300_write_fu_100 |    0    |    0    |
|          | write_ln15300_write_fu_107 |    0    |    0    |
|          | write_ln15300_write_fu_114 |    0    |    0    |
|          | write_ln15300_write_fu_121 |    0    |    0    |
|          | write_ln15300_write_fu_128 |    0    |    0    |
|          | write_ln15300_write_fu_135 |    0    |    0    |
|          | write_ln15300_write_fu_142 |    0    |    0    |
|   write  | write_ln15300_write_fu_149 |    0    |    0    |
|          | write_ln15304_write_fu_156 |    0    |    0    |
|          | write_ln15304_write_fu_163 |    0    |    0    |
|          | write_ln15304_write_fu_170 |    0    |    0    |
|          | write_ln15304_write_fu_177 |    0    |    0    |
|          | write_ln15304_write_fu_184 |    0    |    0    |
|          | write_ln15304_write_fu_191 |    0    |    0    |
|          | write_ln15304_write_fu_198 |    0    |    0    |
|          | write_ln15304_write_fu_205 |    0    |    0    |
|----------|----------------------------|---------|---------|
|   zext   |     zext_ln15297_fu_440    |    0    |    0    |
|----------|----------------------------|---------|---------|
|   Total  |                            |    0    |    36   |
|----------|----------------------------|---------|---------|

Memories:
N/A

* Register list:
+--------------------+--------+
|                    |   FF   |
+--------------------+--------+
|    k338_reg_545    |   11   |
|v8272_0_addr_reg_555|   10   |
|v8272_1_addr_reg_560|   10   |
|v8272_2_addr_reg_565|   10   |
|v8272_3_addr_reg_570|   10   |
|v8272_4_addr_reg_575|   10   |
|v8272_5_addr_reg_580|   10   |
|v8272_6_addr_reg_585|   10   |
|v8272_7_addr_reg_590|   10   |
|v8273_0_addr_reg_595|   10   |
|v8273_1_addr_reg_600|   10   |
|v8273_2_addr_reg_605|   10   |
|v8273_3_addr_reg_610|   10   |
|v8273_4_addr_reg_615|   10   |
|v8273_5_addr_reg_620|   10   |
|v8273_6_addr_reg_625|   10   |
|v8273_7_addr_reg_630|   10   |
+--------------------+--------+
|        Total       |   171  |
+--------------------+--------+

* Multiplexer (MUX) list: 
|-------------------|------|------|------|--------||---------||---------|
|        Comp       |  Pin | Size |  BW  | S x BW ||  Delay  ||   LUT   |
|-------------------|------|------|------|--------||---------||---------|
| grp_access_fu_219 |  p0  |   2  |  10  |   20   ||    9    |
| grp_access_fu_232 |  p0  |   2  |  10  |   20   ||    9    |
| grp_access_fu_245 |  p0  |   2  |  10  |   20   ||    9    |
| grp_access_fu_258 |  p0  |   2  |  10  |   20   ||    9    |
| grp_access_fu_271 |  p0  |   2  |  10  |   20   ||    9    |
| grp_access_fu_284 |  p0  |   2  |  10  |   20   ||    9    |
| grp_access_fu_297 |  p0  |   2  |  10  |   20   ||    9    |
| grp_access_fu_310 |  p0  |   2  |  10  |   20   ||    9    |
| grp_access_fu_323 |  p0  |   2  |  10  |   20   ||    9    |
| grp_access_fu_336 |  p0  |   2  |  10  |   20   ||    9    |
| grp_access_fu_349 |  p0  |   2  |  10  |   20   ||    9    |
| grp_access_fu_362 |  p0  |   2  |  10  |   20   ||    9    |
| grp_access_fu_375 |  p0  |   2  |  10  |   20   ||    9    |
| grp_access_fu_388 |  p0  |   2  |  10  |   20   ||    9    |
| grp_access_fu_401 |  p0  |   2  |  10  |   20   ||    9    |
| grp_access_fu_414 |  p0  |   2  |  10  |   20   ||    9    |
|-------------------|------|------|------|--------||---------||---------|
|       Total       |      |      |      |   320  ||  6.192  ||   144   |
|-------------------|------|------|------|--------||---------||---------|



* Summary:
+-----------+--------+--------+--------+
|           |  Delay |   FF   |   LUT  |
+-----------+--------+--------+--------+
|  Function |    -   |    0   |   36   |
|   Memory  |    -   |    -   |    -   |
|Multiplexer|    6   |    -   |   144  |
|  Register |    -   |   171  |    -   |
+-----------+--------+--------+--------+
|   Total   |    6   |   171  |   180  |
+-----------+--------+--------+--------+
