

================================================================
== Vitis HLS Report for 'systolic_YV'
================================================================
* Date:           Wed Feb  5 22:35:10 2025

* Version:        2023.2 (Build 4023990 on Oct 11 2023)
* Project:        DitBlock
* Solution:       hls (Vivado IP Flow Target)
* Product family: virtexuplusHBM
* Target device:  xcu280-fsvh2892-2L-e


================================================================
== Performance Estimates
================================================================
+ Timing: 
    * Summary: 
    +--------+----------+----------+------------+
    |  Clock |  Target  | Estimated| Uncertainty|
    +--------+----------+----------+------------+
    |ap_clk  |  10.00 ns|  6.536 ns|     2.70 ns|
    +--------+----------+----------+------------+

+ Latency: 
    * Summary: 
    +----------+----------+-----------+-----------+----------+----------+---------+
    |   Latency (cycles)  |   Latency (absolute)  |       Interval      | Pipeline|
    |    min   |    max   |    min    |    max    |    min   |    max   |   Type  |
    +----------+----------+-----------+-----------+----------+----------+---------+
    |  10582017|  10582017|  0.106 sec|  0.106 sec|  10582017|  10582017|       no|
    +----------+----------+-----------+-----------+----------+----------+---------+

    + Detail: 
        * Instance: 
        +----------------------------------------------------------+-----------------------------------------------+---------+---------+-----------+-----------+------+------+----------+
        |                                                          |                                               |  Latency (cycles) |   Latency (absolute)  |   Interval  | Pipeline |
        |                         Instance                         |                     Module                    |   min   |   max   |    min    |    max    |  min |  max |   Type   |
        +----------------------------------------------------------+-----------------------------------------------+---------+---------+-----------+-----------+------+------+----------+
        |grp_systolic_YV_Pipeline_l_load_A_tile_ak5_l_ai5_fu_380   |systolic_YV_Pipeline_l_load_A_tile_ak5_l_ai5   |     8194|     8194|  81.940 us|  81.940 us|  8194|  8194|        no|
        |grp_systolic_YV_Pipeline_l_load_B_tile_bk5_l_bj5_fu_396   |systolic_YV_Pipeline_l_load_B_tile_bk5_l_bj5   |     8194|     8194|  81.940 us|  81.940 us|  8194|  8194|        no|
        |grp_systolic_tile_YV_fu_411                               |systolic_tile_YV                               |     2068|     2068|  20.680 us|  20.680 us|  2054|  2054|  dataflow|
        |grp_systolic_YV_Pipeline_l_store_C_tile_sj5_l_si5_fu_495  |systolic_YV_Pipeline_l_store_C_tile_sj5_l_si5  |       66|       66|   0.660 us|   0.660 us|    66|    66|        no|
        +----------------------------------------------------------+-----------------------------------------------+---------+---------+-----------+-----------+------+------+----------+

        * Loop: 
        +--------------------------+----------+----------+----------+-----------+-----------+------+----------+
        |                          |   Latency (cycles)  | Iteration|  Initiation Interval  | Trip |          |
        |         Loop Name        |    min   |    max   |  Latency |  achieved |   target  | Count| Pipelined|
        +--------------------------+----------+----------+----------+-----------+-----------+------+----------+
        |- l_outer_tile_mi5_l_ni5  |  10582016|  10582016|     10334|          -|          -|  1024|        no|
        +--------------------------+----------+----------+----------+-----------+-----------+------+----------+

============================================================
+ Verbose Summary: Synthesis Manager
============================================================
InlineROM: 1
ExposeGlobal: 0
============================================================
+ Verbose Summary: CDFG Model
============================================================
IsTopModel: 0
ResetActiveHigh: 1
IsCombinational: 0
IsDatapathOnly: 0
HasWiredReturn: 1
HasMFsm: 0
HasVarLatency: 1
IsPipeline: 0
IsRtlPipelined: 0
IsInstanceOverlapped: 0
IsDontTouch: 0
HasImplIP: 0
IsGatedGlobalClock: 0


============================================================
+ Verbose Summary: Schedule
============================================================
* Number of FSM states : 7
* Pipeline : 0
* Dataflow Pipeline: 0

* FSM state transitions: 
1 --> 2 
2 --> 3 
3 --> 4 
4 --> 5 
5 --> 6 
6 --> 7 
7 --> 2 

* FSM state operations: 

State 1 <SV = 0> <Delay = 1.20>
ST_1 : Operation 8 [1/1] (0.00ns)   --->   "%ni5 = alloca i32 1" [/home/silvenchen/Desktop/DitBlock/WorkDCT/DitBlock/kernel.cpp:15655]   --->   Operation 8 'alloca' 'ni5' <Predicate = true> <Delay = 0.00>
ST_1 : Operation 9 [1/1] (0.00ns)   --->   "%mi5 = alloca i32 1" [/home/silvenchen/Desktop/DitBlock/WorkDCT/DitBlock/kernel.cpp:15654]   --->   Operation 9 'alloca' 'mi5' <Predicate = true> <Delay = 0.00>
ST_1 : Operation 10 [1/1] (0.00ns)   --->   "%indvar_flatten20 = alloca i32 1"   --->   Operation 10 'alloca' 'indvar_flatten20' <Predicate = true> <Delay = 0.00>
ST_1 : Operation 11 [1/1] (1.20ns)   --->   "%local_A5 = alloca i64 1" [/home/silvenchen/Desktop/DitBlock/WorkDCT/DitBlock/kernel.cpp:15644]   --->   Operation 11 'alloca' 'local_A5' <Predicate = true> <Delay = 1.20>
ST_1 : Operation 12 [1/1] (1.20ns)   --->   "%local_A5_1 = alloca i64 1" [/home/silvenchen/Desktop/DitBlock/WorkDCT/DitBlock/kernel.cpp:15644]   --->   Operation 12 'alloca' 'local_A5_1' <Predicate = true> <Delay = 1.20>
ST_1 : Operation 13 [1/1] (1.20ns)   --->   "%local_A5_2 = alloca i64 1" [/home/silvenchen/Desktop/DitBlock/WorkDCT/DitBlock/kernel.cpp:15644]   --->   Operation 13 'alloca' 'local_A5_2' <Predicate = true> <Delay = 1.20>
ST_1 : Operation 14 [1/1] (1.20ns)   --->   "%local_A5_3 = alloca i64 1" [/home/silvenchen/Desktop/DitBlock/WorkDCT/DitBlock/kernel.cpp:15644]   --->   Operation 14 'alloca' 'local_A5_3' <Predicate = true> <Delay = 1.20>
ST_1 : Operation 15 [1/1] (1.20ns)   --->   "%local_A5_4 = alloca i64 1" [/home/silvenchen/Desktop/DitBlock/WorkDCT/DitBlock/kernel.cpp:15644]   --->   Operation 15 'alloca' 'local_A5_4' <Predicate = true> <Delay = 1.20>
ST_1 : Operation 16 [1/1] (1.20ns)   --->   "%local_A5_5 = alloca i64 1" [/home/silvenchen/Desktop/DitBlock/WorkDCT/DitBlock/kernel.cpp:15644]   --->   Operation 16 'alloca' 'local_A5_5' <Predicate = true> <Delay = 1.20>
ST_1 : Operation 17 [1/1] (1.20ns)   --->   "%local_A5_6 = alloca i64 1" [/home/silvenchen/Desktop/DitBlock/WorkDCT/DitBlock/kernel.cpp:15644]   --->   Operation 17 'alloca' 'local_A5_6' <Predicate = true> <Delay = 1.20>
ST_1 : Operation 18 [1/1] (1.20ns)   --->   "%local_A5_7 = alloca i64 1" [/home/silvenchen/Desktop/DitBlock/WorkDCT/DitBlock/kernel.cpp:15644]   --->   Operation 18 'alloca' 'local_A5_7' <Predicate = true> <Delay = 1.20>
ST_1 : Operation 19 [1/1] (1.20ns)   --->   "%local_B5 = alloca i64 1" [/home/silvenchen/Desktop/DitBlock/WorkDCT/DitBlock/kernel.cpp:15647]   --->   Operation 19 'alloca' 'local_B5' <Predicate = true> <Delay = 1.20>
ST_1 : Operation 20 [1/1] (1.20ns)   --->   "%local_B5_1 = alloca i64 1" [/home/silvenchen/Desktop/DitBlock/WorkDCT/DitBlock/kernel.cpp:15647]   --->   Operation 20 'alloca' 'local_B5_1' <Predicate = true> <Delay = 1.20>
ST_1 : Operation 21 [1/1] (1.20ns)   --->   "%local_B5_2 = alloca i64 1" [/home/silvenchen/Desktop/DitBlock/WorkDCT/DitBlock/kernel.cpp:15647]   --->   Operation 21 'alloca' 'local_B5_2' <Predicate = true> <Delay = 1.20>
ST_1 : Operation 22 [1/1] (1.20ns)   --->   "%local_B5_3 = alloca i64 1" [/home/silvenchen/Desktop/DitBlock/WorkDCT/DitBlock/kernel.cpp:15647]   --->   Operation 22 'alloca' 'local_B5_3' <Predicate = true> <Delay = 1.20>
ST_1 : Operation 23 [1/1] (1.20ns)   --->   "%local_B5_4 = alloca i64 1" [/home/silvenchen/Desktop/DitBlock/WorkDCT/DitBlock/kernel.cpp:15647]   --->   Operation 23 'alloca' 'local_B5_4' <Predicate = true> <Delay = 1.20>
ST_1 : Operation 24 [1/1] (1.20ns)   --->   "%local_B5_5 = alloca i64 1" [/home/silvenchen/Desktop/DitBlock/WorkDCT/DitBlock/kernel.cpp:15647]   --->   Operation 24 'alloca' 'local_B5_5' <Predicate = true> <Delay = 1.20>
ST_1 : Operation 25 [1/1] (1.20ns)   --->   "%local_B5_6 = alloca i64 1" [/home/silvenchen/Desktop/DitBlock/WorkDCT/DitBlock/kernel.cpp:15647]   --->   Operation 25 'alloca' 'local_B5_6' <Predicate = true> <Delay = 1.20>
ST_1 : Operation 26 [1/1] (1.20ns)   --->   "%local_B5_7 = alloca i64 1" [/home/silvenchen/Desktop/DitBlock/WorkDCT/DitBlock/kernel.cpp:15647]   --->   Operation 26 'alloca' 'local_B5_7' <Predicate = true> <Delay = 1.20>
ST_1 : Operation 27 [1/1] (0.00ns)   --->   "%local_C5 = alloca i64 1" [/home/silvenchen/Desktop/DitBlock/WorkDCT/DitBlock/kernel.cpp:15650]   --->   Operation 27 'alloca' 'local_C5' <Predicate = true> <Delay = 0.00>
ST_1 : Operation 28 [1/1] (0.00ns)   --->   "%local_C5_1 = alloca i64 1" [/home/silvenchen/Desktop/DitBlock/WorkDCT/DitBlock/kernel.cpp:15650]   --->   Operation 28 'alloca' 'local_C5_1' <Predicate = true> <Delay = 0.00>
ST_1 : Operation 29 [1/1] (0.00ns)   --->   "%local_C5_2 = alloca i64 1" [/home/silvenchen/Desktop/DitBlock/WorkDCT/DitBlock/kernel.cpp:15650]   --->   Operation 29 'alloca' 'local_C5_2' <Predicate = true> <Delay = 0.00>
ST_1 : Operation 30 [1/1] (0.00ns)   --->   "%local_C5_3 = alloca i64 1" [/home/silvenchen/Desktop/DitBlock/WorkDCT/DitBlock/kernel.cpp:15650]   --->   Operation 30 'alloca' 'local_C5_3' <Predicate = true> <Delay = 0.00>
ST_1 : Operation 31 [1/1] (0.00ns)   --->   "%local_C5_4 = alloca i64 1" [/home/silvenchen/Desktop/DitBlock/WorkDCT/DitBlock/kernel.cpp:15650]   --->   Operation 31 'alloca' 'local_C5_4' <Predicate = true> <Delay = 0.00>
ST_1 : Operation 32 [1/1] (0.00ns)   --->   "%local_C5_5 = alloca i64 1" [/home/silvenchen/Desktop/DitBlock/WorkDCT/DitBlock/kernel.cpp:15650]   --->   Operation 32 'alloca' 'local_C5_5' <Predicate = true> <Delay = 0.00>
ST_1 : Operation 33 [1/1] (0.00ns)   --->   "%local_C5_6 = alloca i64 1" [/home/silvenchen/Desktop/DitBlock/WorkDCT/DitBlock/kernel.cpp:15650]   --->   Operation 33 'alloca' 'local_C5_6' <Predicate = true> <Delay = 0.00>
ST_1 : Operation 34 [1/1] (0.00ns)   --->   "%local_C5_7 = alloca i64 1" [/home/silvenchen/Desktop/DitBlock/WorkDCT/DitBlock/kernel.cpp:15650]   --->   Operation 34 'alloca' 'local_C5_7' <Predicate = true> <Delay = 0.00>
ST_1 : Operation 35 [1/1] (0.00ns)   --->   "%local_C5_8 = alloca i64 1" [/home/silvenchen/Desktop/DitBlock/WorkDCT/DitBlock/kernel.cpp:15650]   --->   Operation 35 'alloca' 'local_C5_8' <Predicate = true> <Delay = 0.00>
ST_1 : Operation 36 [1/1] (0.00ns)   --->   "%local_C5_9 = alloca i64 1" [/home/silvenchen/Desktop/DitBlock/WorkDCT/DitBlock/kernel.cpp:15650]   --->   Operation 36 'alloca' 'local_C5_9' <Predicate = true> <Delay = 0.00>
ST_1 : Operation 37 [1/1] (0.00ns)   --->   "%local_C5_10 = alloca i64 1" [/home/silvenchen/Desktop/DitBlock/WorkDCT/DitBlock/kernel.cpp:15650]   --->   Operation 37 'alloca' 'local_C5_10' <Predicate = true> <Delay = 0.00>
ST_1 : Operation 38 [1/1] (0.00ns)   --->   "%local_C5_11 = alloca i64 1" [/home/silvenchen/Desktop/DitBlock/WorkDCT/DitBlock/kernel.cpp:15650]   --->   Operation 38 'alloca' 'local_C5_11' <Predicate = true> <Delay = 0.00>
ST_1 : Operation 39 [1/1] (0.00ns)   --->   "%local_C5_12 = alloca i64 1" [/home/silvenchen/Desktop/DitBlock/WorkDCT/DitBlock/kernel.cpp:15650]   --->   Operation 39 'alloca' 'local_C5_12' <Predicate = true> <Delay = 0.00>
ST_1 : Operation 40 [1/1] (0.00ns)   --->   "%local_C5_13 = alloca i64 1" [/home/silvenchen/Desktop/DitBlock/WorkDCT/DitBlock/kernel.cpp:15650]   --->   Operation 40 'alloca' 'local_C5_13' <Predicate = true> <Delay = 0.00>
ST_1 : Operation 41 [1/1] (0.00ns)   --->   "%local_C5_14 = alloca i64 1" [/home/silvenchen/Desktop/DitBlock/WorkDCT/DitBlock/kernel.cpp:15650]   --->   Operation 41 'alloca' 'local_C5_14' <Predicate = true> <Delay = 0.00>
ST_1 : Operation 42 [1/1] (0.00ns)   --->   "%local_C5_15 = alloca i64 1" [/home/silvenchen/Desktop/DitBlock/WorkDCT/DitBlock/kernel.cpp:15650]   --->   Operation 42 'alloca' 'local_C5_15' <Predicate = true> <Delay = 0.00>
ST_1 : Operation 43 [1/1] (0.00ns)   --->   "%local_C5_16 = alloca i64 1" [/home/silvenchen/Desktop/DitBlock/WorkDCT/DitBlock/kernel.cpp:15650]   --->   Operation 43 'alloca' 'local_C5_16' <Predicate = true> <Delay = 0.00>
ST_1 : Operation 44 [1/1] (0.00ns)   --->   "%local_C5_17 = alloca i64 1" [/home/silvenchen/Desktop/DitBlock/WorkDCT/DitBlock/kernel.cpp:15650]   --->   Operation 44 'alloca' 'local_C5_17' <Predicate = true> <Delay = 0.00>
ST_1 : Operation 45 [1/1] (0.00ns)   --->   "%local_C5_18 = alloca i64 1" [/home/silvenchen/Desktop/DitBlock/WorkDCT/DitBlock/kernel.cpp:15650]   --->   Operation 45 'alloca' 'local_C5_18' <Predicate = true> <Delay = 0.00>
ST_1 : Operation 46 [1/1] (0.00ns)   --->   "%local_C5_19 = alloca i64 1" [/home/silvenchen/Desktop/DitBlock/WorkDCT/DitBlock/kernel.cpp:15650]   --->   Operation 46 'alloca' 'local_C5_19' <Predicate = true> <Delay = 0.00>
ST_1 : Operation 47 [1/1] (0.00ns)   --->   "%local_C5_20 = alloca i64 1" [/home/silvenchen/Desktop/DitBlock/WorkDCT/DitBlock/kernel.cpp:15650]   --->   Operation 47 'alloca' 'local_C5_20' <Predicate = true> <Delay = 0.00>
ST_1 : Operation 48 [1/1] (0.00ns)   --->   "%local_C5_21 = alloca i64 1" [/home/silvenchen/Desktop/DitBlock/WorkDCT/DitBlock/kernel.cpp:15650]   --->   Operation 48 'alloca' 'local_C5_21' <Predicate = true> <Delay = 0.00>
ST_1 : Operation 49 [1/1] (0.00ns)   --->   "%local_C5_22 = alloca i64 1" [/home/silvenchen/Desktop/DitBlock/WorkDCT/DitBlock/kernel.cpp:15650]   --->   Operation 49 'alloca' 'local_C5_22' <Predicate = true> <Delay = 0.00>
ST_1 : Operation 50 [1/1] (0.00ns)   --->   "%local_C5_23 = alloca i64 1" [/home/silvenchen/Desktop/DitBlock/WorkDCT/DitBlock/kernel.cpp:15650]   --->   Operation 50 'alloca' 'local_C5_23' <Predicate = true> <Delay = 0.00>
ST_1 : Operation 51 [1/1] (0.00ns)   --->   "%local_C5_24 = alloca i64 1" [/home/silvenchen/Desktop/DitBlock/WorkDCT/DitBlock/kernel.cpp:15650]   --->   Operation 51 'alloca' 'local_C5_24' <Predicate = true> <Delay = 0.00>
ST_1 : Operation 52 [1/1] (0.00ns)   --->   "%local_C5_25 = alloca i64 1" [/home/silvenchen/Desktop/DitBlock/WorkDCT/DitBlock/kernel.cpp:15650]   --->   Operation 52 'alloca' 'local_C5_25' <Predicate = true> <Delay = 0.00>
ST_1 : Operation 53 [1/1] (0.00ns)   --->   "%local_C5_26 = alloca i64 1" [/home/silvenchen/Desktop/DitBlock/WorkDCT/DitBlock/kernel.cpp:15650]   --->   Operation 53 'alloca' 'local_C5_26' <Predicate = true> <Delay = 0.00>
ST_1 : Operation 54 [1/1] (0.00ns)   --->   "%local_C5_27 = alloca i64 1" [/home/silvenchen/Desktop/DitBlock/WorkDCT/DitBlock/kernel.cpp:15650]   --->   Operation 54 'alloca' 'local_C5_27' <Predicate = true> <Delay = 0.00>
ST_1 : Operation 55 [1/1] (0.00ns)   --->   "%local_C5_28 = alloca i64 1" [/home/silvenchen/Desktop/DitBlock/WorkDCT/DitBlock/kernel.cpp:15650]   --->   Operation 55 'alloca' 'local_C5_28' <Predicate = true> <Delay = 0.00>
ST_1 : Operation 56 [1/1] (0.00ns)   --->   "%local_C5_29 = alloca i64 1" [/home/silvenchen/Desktop/DitBlock/WorkDCT/DitBlock/kernel.cpp:15650]   --->   Operation 56 'alloca' 'local_C5_29' <Predicate = true> <Delay = 0.00>
ST_1 : Operation 57 [1/1] (0.00ns)   --->   "%local_C5_30 = alloca i64 1" [/home/silvenchen/Desktop/DitBlock/WorkDCT/DitBlock/kernel.cpp:15650]   --->   Operation 57 'alloca' 'local_C5_30' <Predicate = true> <Delay = 0.00>
ST_1 : Operation 58 [1/1] (0.00ns)   --->   "%local_C5_31 = alloca i64 1" [/home/silvenchen/Desktop/DitBlock/WorkDCT/DitBlock/kernel.cpp:15650]   --->   Operation 58 'alloca' 'local_C5_31' <Predicate = true> <Delay = 0.00>
ST_1 : Operation 59 [1/1] (0.00ns)   --->   "%local_C5_32 = alloca i64 1" [/home/silvenchen/Desktop/DitBlock/WorkDCT/DitBlock/kernel.cpp:15650]   --->   Operation 59 'alloca' 'local_C5_32' <Predicate = true> <Delay = 0.00>
ST_1 : Operation 60 [1/1] (0.00ns)   --->   "%local_C5_33 = alloca i64 1" [/home/silvenchen/Desktop/DitBlock/WorkDCT/DitBlock/kernel.cpp:15650]   --->   Operation 60 'alloca' 'local_C5_33' <Predicate = true> <Delay = 0.00>
ST_1 : Operation 61 [1/1] (0.00ns)   --->   "%local_C5_34 = alloca i64 1" [/home/silvenchen/Desktop/DitBlock/WorkDCT/DitBlock/kernel.cpp:15650]   --->   Operation 61 'alloca' 'local_C5_34' <Predicate = true> <Delay = 0.00>
ST_1 : Operation 62 [1/1] (0.00ns)   --->   "%local_C5_35 = alloca i64 1" [/home/silvenchen/Desktop/DitBlock/WorkDCT/DitBlock/kernel.cpp:15650]   --->   Operation 62 'alloca' 'local_C5_35' <Predicate = true> <Delay = 0.00>
ST_1 : Operation 63 [1/1] (0.00ns)   --->   "%local_C5_36 = alloca i64 1" [/home/silvenchen/Desktop/DitBlock/WorkDCT/DitBlock/kernel.cpp:15650]   --->   Operation 63 'alloca' 'local_C5_36' <Predicate = true> <Delay = 0.00>
ST_1 : Operation 64 [1/1] (0.00ns)   --->   "%local_C5_37 = alloca i64 1" [/home/silvenchen/Desktop/DitBlock/WorkDCT/DitBlock/kernel.cpp:15650]   --->   Operation 64 'alloca' 'local_C5_37' <Predicate = true> <Delay = 0.00>
ST_1 : Operation 65 [1/1] (0.00ns)   --->   "%local_C5_38 = alloca i64 1" [/home/silvenchen/Desktop/DitBlock/WorkDCT/DitBlock/kernel.cpp:15650]   --->   Operation 65 'alloca' 'local_C5_38' <Predicate = true> <Delay = 0.00>
ST_1 : Operation 66 [1/1] (0.00ns)   --->   "%local_C5_39 = alloca i64 1" [/home/silvenchen/Desktop/DitBlock/WorkDCT/DitBlock/kernel.cpp:15650]   --->   Operation 66 'alloca' 'local_C5_39' <Predicate = true> <Delay = 0.00>
ST_1 : Operation 67 [1/1] (0.00ns)   --->   "%local_C5_40 = alloca i64 1" [/home/silvenchen/Desktop/DitBlock/WorkDCT/DitBlock/kernel.cpp:15650]   --->   Operation 67 'alloca' 'local_C5_40' <Predicate = true> <Delay = 0.00>
ST_1 : Operation 68 [1/1] (0.00ns)   --->   "%local_C5_41 = alloca i64 1" [/home/silvenchen/Desktop/DitBlock/WorkDCT/DitBlock/kernel.cpp:15650]   --->   Operation 68 'alloca' 'local_C5_41' <Predicate = true> <Delay = 0.00>
ST_1 : Operation 69 [1/1] (0.00ns)   --->   "%local_C5_42 = alloca i64 1" [/home/silvenchen/Desktop/DitBlock/WorkDCT/DitBlock/kernel.cpp:15650]   --->   Operation 69 'alloca' 'local_C5_42' <Predicate = true> <Delay = 0.00>
ST_1 : Operation 70 [1/1] (0.00ns)   --->   "%local_C5_43 = alloca i64 1" [/home/silvenchen/Desktop/DitBlock/WorkDCT/DitBlock/kernel.cpp:15650]   --->   Operation 70 'alloca' 'local_C5_43' <Predicate = true> <Delay = 0.00>
ST_1 : Operation 71 [1/1] (0.00ns)   --->   "%local_C5_44 = alloca i64 1" [/home/silvenchen/Desktop/DitBlock/WorkDCT/DitBlock/kernel.cpp:15650]   --->   Operation 71 'alloca' 'local_C5_44' <Predicate = true> <Delay = 0.00>
ST_1 : Operation 72 [1/1] (0.00ns)   --->   "%local_C5_45 = alloca i64 1" [/home/silvenchen/Desktop/DitBlock/WorkDCT/DitBlock/kernel.cpp:15650]   --->   Operation 72 'alloca' 'local_C5_45' <Predicate = true> <Delay = 0.00>
ST_1 : Operation 73 [1/1] (0.00ns)   --->   "%local_C5_46 = alloca i64 1" [/home/silvenchen/Desktop/DitBlock/WorkDCT/DitBlock/kernel.cpp:15650]   --->   Operation 73 'alloca' 'local_C5_46' <Predicate = true> <Delay = 0.00>
ST_1 : Operation 74 [1/1] (0.00ns)   --->   "%local_C5_47 = alloca i64 1" [/home/silvenchen/Desktop/DitBlock/WorkDCT/DitBlock/kernel.cpp:15650]   --->   Operation 74 'alloca' 'local_C5_47' <Predicate = true> <Delay = 0.00>
ST_1 : Operation 75 [1/1] (0.00ns)   --->   "%local_C5_48 = alloca i64 1" [/home/silvenchen/Desktop/DitBlock/WorkDCT/DitBlock/kernel.cpp:15650]   --->   Operation 75 'alloca' 'local_C5_48' <Predicate = true> <Delay = 0.00>
ST_1 : Operation 76 [1/1] (0.00ns)   --->   "%local_C5_49 = alloca i64 1" [/home/silvenchen/Desktop/DitBlock/WorkDCT/DitBlock/kernel.cpp:15650]   --->   Operation 76 'alloca' 'local_C5_49' <Predicate = true> <Delay = 0.00>
ST_1 : Operation 77 [1/1] (0.00ns)   --->   "%local_C5_50 = alloca i64 1" [/home/silvenchen/Desktop/DitBlock/WorkDCT/DitBlock/kernel.cpp:15650]   --->   Operation 77 'alloca' 'local_C5_50' <Predicate = true> <Delay = 0.00>
ST_1 : Operation 78 [1/1] (0.00ns)   --->   "%local_C5_51 = alloca i64 1" [/home/silvenchen/Desktop/DitBlock/WorkDCT/DitBlock/kernel.cpp:15650]   --->   Operation 78 'alloca' 'local_C5_51' <Predicate = true> <Delay = 0.00>
ST_1 : Operation 79 [1/1] (0.00ns)   --->   "%local_C5_52 = alloca i64 1" [/home/silvenchen/Desktop/DitBlock/WorkDCT/DitBlock/kernel.cpp:15650]   --->   Operation 79 'alloca' 'local_C5_52' <Predicate = true> <Delay = 0.00>
ST_1 : Operation 80 [1/1] (0.00ns)   --->   "%local_C5_53 = alloca i64 1" [/home/silvenchen/Desktop/DitBlock/WorkDCT/DitBlock/kernel.cpp:15650]   --->   Operation 80 'alloca' 'local_C5_53' <Predicate = true> <Delay = 0.00>
ST_1 : Operation 81 [1/1] (0.00ns)   --->   "%local_C5_54 = alloca i64 1" [/home/silvenchen/Desktop/DitBlock/WorkDCT/DitBlock/kernel.cpp:15650]   --->   Operation 81 'alloca' 'local_C5_54' <Predicate = true> <Delay = 0.00>
ST_1 : Operation 82 [1/1] (0.00ns)   --->   "%local_C5_55 = alloca i64 1" [/home/silvenchen/Desktop/DitBlock/WorkDCT/DitBlock/kernel.cpp:15650]   --->   Operation 82 'alloca' 'local_C5_55' <Predicate = true> <Delay = 0.00>
ST_1 : Operation 83 [1/1] (0.00ns)   --->   "%local_C5_56 = alloca i64 1" [/home/silvenchen/Desktop/DitBlock/WorkDCT/DitBlock/kernel.cpp:15650]   --->   Operation 83 'alloca' 'local_C5_56' <Predicate = true> <Delay = 0.00>
ST_1 : Operation 84 [1/1] (0.00ns)   --->   "%local_C5_57 = alloca i64 1" [/home/silvenchen/Desktop/DitBlock/WorkDCT/DitBlock/kernel.cpp:15650]   --->   Operation 84 'alloca' 'local_C5_57' <Predicate = true> <Delay = 0.00>
ST_1 : Operation 85 [1/1] (0.00ns)   --->   "%local_C5_58 = alloca i64 1" [/home/silvenchen/Desktop/DitBlock/WorkDCT/DitBlock/kernel.cpp:15650]   --->   Operation 85 'alloca' 'local_C5_58' <Predicate = true> <Delay = 0.00>
ST_1 : Operation 86 [1/1] (0.00ns)   --->   "%local_C5_59 = alloca i64 1" [/home/silvenchen/Desktop/DitBlock/WorkDCT/DitBlock/kernel.cpp:15650]   --->   Operation 86 'alloca' 'local_C5_59' <Predicate = true> <Delay = 0.00>
ST_1 : Operation 87 [1/1] (0.00ns)   --->   "%local_C5_60 = alloca i64 1" [/home/silvenchen/Desktop/DitBlock/WorkDCT/DitBlock/kernel.cpp:15650]   --->   Operation 87 'alloca' 'local_C5_60' <Predicate = true> <Delay = 0.00>
ST_1 : Operation 88 [1/1] (0.00ns)   --->   "%local_C5_61 = alloca i64 1" [/home/silvenchen/Desktop/DitBlock/WorkDCT/DitBlock/kernel.cpp:15650]   --->   Operation 88 'alloca' 'local_C5_61' <Predicate = true> <Delay = 0.00>
ST_1 : Operation 89 [1/1] (0.00ns)   --->   "%local_C5_62 = alloca i64 1" [/home/silvenchen/Desktop/DitBlock/WorkDCT/DitBlock/kernel.cpp:15650]   --->   Operation 89 'alloca' 'local_C5_62' <Predicate = true> <Delay = 0.00>
ST_1 : Operation 90 [1/1] (0.00ns)   --->   "%local_C5_63 = alloca i64 1" [/home/silvenchen/Desktop/DitBlock/WorkDCT/DitBlock/kernel.cpp:15650]   --->   Operation 90 'alloca' 'local_C5_63' <Predicate = true> <Delay = 0.00>
ST_1 : Operation 91 [1/1] (0.38ns)   --->   "%store_ln0 = store i11 0, i11 %indvar_flatten20"   --->   Operation 91 'store' 'store_ln0' <Predicate = true> <Delay = 0.38>
ST_1 : Operation 92 [1/1] (0.38ns)   --->   "%store_ln15654 = store i8 0, i8 %mi5" [/home/silvenchen/Desktop/DitBlock/WorkDCT/DitBlock/kernel.cpp:15654]   --->   Operation 92 'store' 'store_ln15654' <Predicate = true> <Delay = 0.38>
ST_1 : Operation 93 [1/1] (0.38ns)   --->   "%store_ln15655 = store i4 0, i4 %ni5" [/home/silvenchen/Desktop/DitBlock/WorkDCT/DitBlock/kernel.cpp:15655]   --->   Operation 93 'store' 'store_ln15655' <Predicate = true> <Delay = 0.38>
ST_1 : Operation 94 [1/1] (0.00ns)   --->   "%br_ln15654 = br void %l_load_A_tile_ak5" [/home/silvenchen/Desktop/DitBlock/WorkDCT/DitBlock/kernel.cpp:15654]   --->   Operation 94 'br' 'br_ln15654' <Predicate = true> <Delay = 0.00>

State 2 <SV = 1> <Delay = 4.54>
ST_2 : Operation 95 [1/1] (0.00ns)   --->   "%indvar_flatten20_load = load i11 %indvar_flatten20" [/home/silvenchen/Desktop/DitBlock/WorkDCT/DitBlock/kernel.cpp:15654]   --->   Operation 95 'load' 'indvar_flatten20_load' <Predicate = true> <Delay = 0.00>
ST_2 : Operation 96 [1/1] (0.73ns)   --->   "%icmp_ln15654 = icmp_eq  i11 %indvar_flatten20_load, i11 1024" [/home/silvenchen/Desktop/DitBlock/WorkDCT/DitBlock/kernel.cpp:15654]   --->   Operation 96 'icmp' 'icmp_ln15654' <Predicate = true> <Delay = 0.73> <CoreInst = "Cmp">   --->   Core 9 'Cmp' <Latency = 0> <II = 1> <Delay = 0.73> <FuncUnit> <Opcode : 'icmp'> <InPorts = 2> <OutPorts = 1>
ST_2 : Operation 97 [1/1] (0.73ns)   --->   "%add_ln15654_1 = add i11 %indvar_flatten20_load, i11 1" [/home/silvenchen/Desktop/DitBlock/WorkDCT/DitBlock/kernel.cpp:15654]   --->   Operation 97 'add' 'add_ln15654_1' <Predicate = true> <Delay = 0.73> <CoreInst = "Adder">   --->   Core 1 'Adder' <Latency = 0> <II = 1> <Delay = 0.73> <FuncUnit> <Opcode : 'add' 'sub'> <InPorts = 2> <OutPorts = 1>
ST_2 : Operation 98 [1/1] (0.00ns)   --->   "%br_ln15654 = br i1 %icmp_ln15654, void %for.inc77, void %for.end79" [/home/silvenchen/Desktop/DitBlock/WorkDCT/DitBlock/kernel.cpp:15654]   --->   Operation 98 'br' 'br_ln15654' <Predicate = true> <Delay = 0.00>
ST_2 : Operation 99 [1/1] (0.00ns)   --->   "%ni5_load = load i4 %ni5" [/home/silvenchen/Desktop/DitBlock/WorkDCT/DitBlock/kernel.cpp:15655]   --->   Operation 99 'load' 'ni5_load' <Predicate = (!icmp_ln15654)> <Delay = 0.00>
ST_2 : Operation 100 [1/1] (0.00ns)   --->   "%mi5_load = load i8 %mi5" [/home/silvenchen/Desktop/DitBlock/WorkDCT/DitBlock/kernel.cpp:15654]   --->   Operation 100 'load' 'mi5_load' <Predicate = (!icmp_ln15654)> <Delay = 0.00>
ST_2 : Operation 101 [1/1] (0.70ns)   --->   "%add_ln15654 = add i8 %mi5_load, i8 1" [/home/silvenchen/Desktop/DitBlock/WorkDCT/DitBlock/kernel.cpp:15654]   --->   Operation 101 'add' 'add_ln15654' <Predicate = (!icmp_ln15654)> <Delay = 0.70> <CoreInst = "Adder">   --->   Core 1 'Adder' <Latency = 0> <II = 1> <Delay = 0.70> <FuncUnit> <Opcode : 'add' 'sub'> <InPorts = 2> <OutPorts = 1>
ST_2 : Operation 102 [1/1] (0.70ns)   --->   "%icmp_ln15655 = icmp_eq  i4 %ni5_load, i4 8" [/home/silvenchen/Desktop/DitBlock/WorkDCT/DitBlock/kernel.cpp:15655]   --->   Operation 102 'icmp' 'icmp_ln15655' <Predicate = (!icmp_ln15654)> <Delay = 0.70> <CoreInst = "Cmp">   --->   Core 9 'Cmp' <Latency = 0> <II = 1> <Delay = 0.70> <FuncUnit> <Opcode : 'icmp'> <InPorts = 2> <OutPorts = 1>
ST_2 : Operation 103 [1/1] (0.35ns)   --->   "%select_ln15654 = select i1 %icmp_ln15655, i4 0, i4 %ni5_load" [/home/silvenchen/Desktop/DitBlock/WorkDCT/DitBlock/kernel.cpp:15654]   --->   Operation 103 'select' 'select_ln15654' <Predicate = (!icmp_ln15654)> <Delay = 0.35> <CoreInst = "Sel">   --->   Core 73 'Sel' <Latency = 0> <II = 1> <Delay = 0.35> <FuncUnit> <Opcode : 'select'> <InPorts = 3> <OutPorts = 1>
ST_2 : Operation 104 [1/1] (0.30ns)   --->   "%select_ln15654_1 = select i1 %icmp_ln15655, i8 %add_ln15654, i8 %mi5_load" [/home/silvenchen/Desktop/DitBlock/WorkDCT/DitBlock/kernel.cpp:15654]   --->   Operation 104 'select' 'select_ln15654_1' <Predicate = (!icmp_ln15654)> <Delay = 0.30> <CoreInst = "Sel">   --->   Core 73 'Sel' <Latency = 0> <II = 1> <Delay = 0.30> <FuncUnit> <Opcode : 'select'> <InPorts = 3> <OutPorts = 1>
ST_2 : Operation 105 [1/1] (0.00ns)   --->   "%trunc_ln15654 = trunc i8 %select_ln15654_1" [/home/silvenchen/Desktop/DitBlock/WorkDCT/DitBlock/kernel.cpp:15654]   --->   Operation 105 'trunc' 'trunc_ln15654' <Predicate = (!icmp_ln15654)> <Delay = 0.00>
ST_2 : Operation 106 [1/1] (0.00ns)   --->   "%p_mid2 = bitconcatenate i10 @_ssdm_op_BitConcatenate.i10.i7.i3, i7 %trunc_ln15654, i3 0" [/home/silvenchen/Desktop/DitBlock/WorkDCT/DitBlock/kernel.cpp:15654]   --->   Operation 106 'bitconcatenate' 'p_mid2' <Predicate = (!icmp_ln15654)> <Delay = 0.00>
ST_2 : Operation 107 [1/1] (0.70ns)   --->   "%v8556 = icmp_eq  i4 %select_ln15654, i4 0" [/home/silvenchen/Desktop/DitBlock/WorkDCT/DitBlock/kernel.cpp:15654]   --->   Operation 107 'icmp' 'v8556' <Predicate = (!icmp_ln15654)> <Delay = 0.70> <CoreInst = "Cmp">   --->   Core 9 'Cmp' <Latency = 0> <II = 1> <Delay = 0.70> <FuncUnit> <Opcode : 'icmp'> <InPorts = 2> <OutPorts = 1>
ST_2 : Operation 108 [2/2] (2.78ns)   --->   "%call_ln15654 = call void @systolic_YV_Pipeline_l_load_A_tile_ak5_l_ai5, i32 %local_A5, i32 %local_A5_1, i32 %local_A5_2, i32 %local_A5_3, i32 %local_A5_4, i32 %local_A5_5, i32 %local_A5_6, i32 %local_A5_7, i1 %v8556, i10 %p_mid2, i32 %v8545" [/home/silvenchen/Desktop/DitBlock/WorkDCT/DitBlock/kernel.cpp:15654]   --->   Operation 108 'call' 'call_ln15654' <Predicate = (!icmp_ln15654)> <Delay = 2.78> <CoreType = "Generic">   --->   Core 0 '' <Latency = 0> <II = 1> <Delay = 1.00> <Generic> <Opcode : >
ST_2 : Operation 109 [1/1] (0.00ns)   --->   "%empty = trunc i4 %select_ln15654" [/home/silvenchen/Desktop/DitBlock/WorkDCT/DitBlock/kernel.cpp:15654]   --->   Operation 109 'trunc' 'empty' <Predicate = (!icmp_ln15654)> <Delay = 0.00>
ST_2 : Operation 110 [1/1] (0.00ns)   --->   "%tmp_s = bitconcatenate i6 @_ssdm_op_BitConcatenate.i6.i3.i3, i3 %empty, i3 0" [/home/silvenchen/Desktop/DitBlock/WorkDCT/DitBlock/kernel.cpp:15654]   --->   Operation 110 'bitconcatenate' 'tmp_s' <Predicate = (!icmp_ln15654)> <Delay = 0.00>
ST_2 : Operation 111 [2/2] (1.95ns)   --->   "%call_ln15654 = call void @systolic_YV_Pipeline_l_load_B_tile_bk5_l_bj5, i32 %local_B5, i32 %local_B5_1, i32 %local_B5_2, i32 %local_B5_3, i32 %local_B5_4, i32 %local_B5_5, i32 %local_B5_6, i32 %local_B5_7, i6 %tmp_s, i32 %v8546" [/home/silvenchen/Desktop/DitBlock/WorkDCT/DitBlock/kernel.cpp:15654]   --->   Operation 111 'call' 'call_ln15654' <Predicate = (!icmp_ln15654)> <Delay = 1.95> <CoreType = "Generic">   --->   Core 0 '' <Latency = 0> <II = 1> <Delay = 1.00> <Generic> <Opcode : >
ST_2 : Operation 112 [1/1] (0.70ns)   --->   "%add_ln15655 = add i4 %select_ln15654, i4 1" [/home/silvenchen/Desktop/DitBlock/WorkDCT/DitBlock/kernel.cpp:15655]   --->   Operation 112 'add' 'add_ln15655' <Predicate = (!icmp_ln15654)> <Delay = 0.70> <CoreInst = "Adder">   --->   Core 1 'Adder' <Latency = 0> <II = 1> <Delay = 0.70> <FuncUnit> <Opcode : 'add' 'sub'> <InPorts = 2> <OutPorts = 1>
ST_2 : Operation 113 [1/1] (0.38ns)   --->   "%store_ln15654 = store i11 %add_ln15654_1, i11 %indvar_flatten20" [/home/silvenchen/Desktop/DitBlock/WorkDCT/DitBlock/kernel.cpp:15654]   --->   Operation 113 'store' 'store_ln15654' <Predicate = (!icmp_ln15654)> <Delay = 0.38>
ST_2 : Operation 114 [1/1] (0.38ns)   --->   "%store_ln15654 = store i8 %select_ln15654_1, i8 %mi5" [/home/silvenchen/Desktop/DitBlock/WorkDCT/DitBlock/kernel.cpp:15654]   --->   Operation 114 'store' 'store_ln15654' <Predicate = (!icmp_ln15654)> <Delay = 0.38>
ST_2 : Operation 115 [1/1] (0.38ns)   --->   "%store_ln15655 = store i4 %add_ln15655, i4 %ni5" [/home/silvenchen/Desktop/DitBlock/WorkDCT/DitBlock/kernel.cpp:15655]   --->   Operation 115 'store' 'store_ln15655' <Predicate = (!icmp_ln15654)> <Delay = 0.38>
ST_2 : Operation 116 [1/1] (0.00ns)   --->   "%ret_ln15685 = ret" [/home/silvenchen/Desktop/DitBlock/WorkDCT/DitBlock/kernel.cpp:15685]   --->   Operation 116 'ret' 'ret_ln15685' <Predicate = (icmp_ln15654)> <Delay = 0.00>

State 3 <SV = 2> <Delay = 0.00>
ST_3 : Operation 117 [1/2] (0.00ns)   --->   "%call_ln15654 = call void @systolic_YV_Pipeline_l_load_A_tile_ak5_l_ai5, i32 %local_A5, i32 %local_A5_1, i32 %local_A5_2, i32 %local_A5_3, i32 %local_A5_4, i32 %local_A5_5, i32 %local_A5_6, i32 %local_A5_7, i1 %v8556, i10 %p_mid2, i32 %v8545" [/home/silvenchen/Desktop/DitBlock/WorkDCT/DitBlock/kernel.cpp:15654]   --->   Operation 117 'call' 'call_ln15654' <Predicate = true> <Delay = 0.00> <CoreType = "Generic">   --->   Core 0 '' <Latency = 0> <II = 1> <Delay = 1.00> <Generic> <Opcode : >
ST_3 : Operation 118 [1/2] (0.00ns)   --->   "%call_ln15654 = call void @systolic_YV_Pipeline_l_load_B_tile_bk5_l_bj5, i32 %local_B5, i32 %local_B5_1, i32 %local_B5_2, i32 %local_B5_3, i32 %local_B5_4, i32 %local_B5_5, i32 %local_B5_6, i32 %local_B5_7, i6 %tmp_s, i32 %v8546" [/home/silvenchen/Desktop/DitBlock/WorkDCT/DitBlock/kernel.cpp:15654]   --->   Operation 118 'call' 'call_ln15654' <Predicate = true> <Delay = 0.00> <CoreType = "Generic">   --->   Core 0 '' <Latency = 0> <II = 1> <Delay = 1.00> <Generic> <Opcode : >

State 4 <SV = 3> <Delay = 0.00>
ST_4 : Operation 119 [2/2] (0.00ns)   --->   "%call_ln15675 = call void @systolic_tile_YV, i32 %local_A5, i32 %local_A5_1, i32 %local_A5_2, i32 %local_A5_3, i32 %local_A5_4, i32 %local_A5_5, i32 %local_A5_6, i32 %local_A5_7, i32 %local_B5, i32 %local_B5_1, i32 %local_B5_2, i32 %local_B5_3, i32 %local_B5_4, i32 %local_B5_5, i32 %local_B5_6, i32 %local_B5_7, i32 %local_C5, i32 %local_C5_1, i32 %local_C5_2, i32 %local_C5_3, i32 %local_C5_4, i32 %local_C5_5, i32 %local_C5_6, i32 %local_C5_7, i32 %local_C5_8, i32 %local_C5_9, i32 %local_C5_10, i32 %local_C5_11, i32 %local_C5_12, i32 %local_C5_13, i32 %local_C5_14, i32 %local_C5_15, i32 %local_C5_16, i32 %local_C5_17, i32 %local_C5_18, i32 %local_C5_19, i32 %local_C5_20, i32 %local_C5_21, i32 %local_C5_22, i32 %local_C5_23, i32 %local_C5_24, i32 %local_C5_25, i32 %local_C5_26, i32 %local_C5_27, i32 %local_C5_28, i32 %local_C5_29, i32 %local_C5_30, i32 %local_C5_31, i32 %local_C5_32, i32 %local_C5_33, i32 %local_C5_34, i32 %local_C5_35, i32 %local_C5_36, i32 %local_C5_37, i32 %local_C5_38, i32 %local_C5_39, i32 %local_C5_40, i32 %local_C5_41, i32 %local_C5_42, i32 %local_C5_43, i32 %local_C5_44, i32 %local_C5_45, i32 %local_C5_46, i32 %local_C5_47, i32 %local_C5_48, i32 %local_C5_49, i32 %local_C5_50, i32 %local_C5_51, i32 %local_C5_52, i32 %local_C5_53, i32 %local_C5_54, i32 %local_C5_55, i32 %local_C5_56, i32 %local_C5_57, i32 %local_C5_58, i32 %local_C5_59, i32 %local_C5_60, i32 %local_C5_61, i32 %local_C5_62, i32 %local_C5_63" [/home/silvenchen/Desktop/DitBlock/WorkDCT/DitBlock/kernel.cpp:15675]   --->   Operation 119 'call' 'call_ln15675' <Predicate = true> <Delay = 0.00> <CoreType = "Generic">   --->   Core 0 '' <Latency = 0> <II = 1> <Delay = 1.00> <Generic> <Opcode : >

State 5 <SV = 4> <Delay = 0.00>
ST_5 : Operation 120 [1/2] (0.00ns)   --->   "%call_ln15675 = call void @systolic_tile_YV, i32 %local_A5, i32 %local_A5_1, i32 %local_A5_2, i32 %local_A5_3, i32 %local_A5_4, i32 %local_A5_5, i32 %local_A5_6, i32 %local_A5_7, i32 %local_B5, i32 %local_B5_1, i32 %local_B5_2, i32 %local_B5_3, i32 %local_B5_4, i32 %local_B5_5, i32 %local_B5_6, i32 %local_B5_7, i32 %local_C5, i32 %local_C5_1, i32 %local_C5_2, i32 %local_C5_3, i32 %local_C5_4, i32 %local_C5_5, i32 %local_C5_6, i32 %local_C5_7, i32 %local_C5_8, i32 %local_C5_9, i32 %local_C5_10, i32 %local_C5_11, i32 %local_C5_12, i32 %local_C5_13, i32 %local_C5_14, i32 %local_C5_15, i32 %local_C5_16, i32 %local_C5_17, i32 %local_C5_18, i32 %local_C5_19, i32 %local_C5_20, i32 %local_C5_21, i32 %local_C5_22, i32 %local_C5_23, i32 %local_C5_24, i32 %local_C5_25, i32 %local_C5_26, i32 %local_C5_27, i32 %local_C5_28, i32 %local_C5_29, i32 %local_C5_30, i32 %local_C5_31, i32 %local_C5_32, i32 %local_C5_33, i32 %local_C5_34, i32 %local_C5_35, i32 %local_C5_36, i32 %local_C5_37, i32 %local_C5_38, i32 %local_C5_39, i32 %local_C5_40, i32 %local_C5_41, i32 %local_C5_42, i32 %local_C5_43, i32 %local_C5_44, i32 %local_C5_45, i32 %local_C5_46, i32 %local_C5_47, i32 %local_C5_48, i32 %local_C5_49, i32 %local_C5_50, i32 %local_C5_51, i32 %local_C5_52, i32 %local_C5_53, i32 %local_C5_54, i32 %local_C5_55, i32 %local_C5_56, i32 %local_C5_57, i32 %local_C5_58, i32 %local_C5_59, i32 %local_C5_60, i32 %local_C5_61, i32 %local_C5_62, i32 %local_C5_63" [/home/silvenchen/Desktop/DitBlock/WorkDCT/DitBlock/kernel.cpp:15675]   --->   Operation 120 'call' 'call_ln15675' <Predicate = true> <Delay = 0.00> <CoreType = "Generic">   --->   Core 0 '' <Latency = 0> <II = 1> <Delay = 1.00> <Generic> <Opcode : >

State 6 <SV = 5> <Delay = 2.41>
ST_6 : Operation 121 [1/1] (0.00ns)   --->   "%local_C5_load = load i32 %local_C5"   --->   Operation 121 'load' 'local_C5_load' <Predicate = true> <Delay = 0.00>
ST_6 : Operation 122 [1/1] (0.00ns)   --->   "%local_C5_1_load = load i32 %local_C5_1"   --->   Operation 122 'load' 'local_C5_1_load' <Predicate = true> <Delay = 0.00>
ST_6 : Operation 123 [1/1] (0.00ns)   --->   "%local_C5_2_load = load i32 %local_C5_2"   --->   Operation 123 'load' 'local_C5_2_load' <Predicate = true> <Delay = 0.00>
ST_6 : Operation 124 [1/1] (0.00ns)   --->   "%local_C5_3_load = load i32 %local_C5_3"   --->   Operation 124 'load' 'local_C5_3_load' <Predicate = true> <Delay = 0.00>
ST_6 : Operation 125 [1/1] (0.00ns)   --->   "%local_C5_4_load = load i32 %local_C5_4"   --->   Operation 125 'load' 'local_C5_4_load' <Predicate = true> <Delay = 0.00>
ST_6 : Operation 126 [1/1] (0.00ns)   --->   "%local_C5_5_load = load i32 %local_C5_5"   --->   Operation 126 'load' 'local_C5_5_load' <Predicate = true> <Delay = 0.00>
ST_6 : Operation 127 [1/1] (0.00ns)   --->   "%local_C5_6_load = load i32 %local_C5_6"   --->   Operation 127 'load' 'local_C5_6_load' <Predicate = true> <Delay = 0.00>
ST_6 : Operation 128 [1/1] (0.00ns)   --->   "%local_C5_7_load = load i32 %local_C5_7"   --->   Operation 128 'load' 'local_C5_7_load' <Predicate = true> <Delay = 0.00>
ST_6 : Operation 129 [1/1] (0.00ns)   --->   "%local_C5_8_load = load i32 %local_C5_8"   --->   Operation 129 'load' 'local_C5_8_load' <Predicate = true> <Delay = 0.00>
ST_6 : Operation 130 [1/1] (0.00ns)   --->   "%local_C5_9_load = load i32 %local_C5_9"   --->   Operation 130 'load' 'local_C5_9_load' <Predicate = true> <Delay = 0.00>
ST_6 : Operation 131 [1/1] (0.00ns)   --->   "%local_C5_10_load = load i32 %local_C5_10"   --->   Operation 131 'load' 'local_C5_10_load' <Predicate = true> <Delay = 0.00>
ST_6 : Operation 132 [1/1] (0.00ns)   --->   "%local_C5_11_load = load i32 %local_C5_11"   --->   Operation 132 'load' 'local_C5_11_load' <Predicate = true> <Delay = 0.00>
ST_6 : Operation 133 [1/1] (0.00ns)   --->   "%local_C5_12_load = load i32 %local_C5_12"   --->   Operation 133 'load' 'local_C5_12_load' <Predicate = true> <Delay = 0.00>
ST_6 : Operation 134 [1/1] (0.00ns)   --->   "%local_C5_13_load = load i32 %local_C5_13"   --->   Operation 134 'load' 'local_C5_13_load' <Predicate = true> <Delay = 0.00>
ST_6 : Operation 135 [1/1] (0.00ns)   --->   "%local_C5_14_load = load i32 %local_C5_14"   --->   Operation 135 'load' 'local_C5_14_load' <Predicate = true> <Delay = 0.00>
ST_6 : Operation 136 [1/1] (0.00ns)   --->   "%local_C5_15_load = load i32 %local_C5_15"   --->   Operation 136 'load' 'local_C5_15_load' <Predicate = true> <Delay = 0.00>
ST_6 : Operation 137 [1/1] (0.00ns)   --->   "%local_C5_16_load = load i32 %local_C5_16"   --->   Operation 137 'load' 'local_C5_16_load' <Predicate = true> <Delay = 0.00>
ST_6 : Operation 138 [1/1] (0.00ns)   --->   "%local_C5_17_load = load i32 %local_C5_17"   --->   Operation 138 'load' 'local_C5_17_load' <Predicate = true> <Delay = 0.00>
ST_6 : Operation 139 [1/1] (0.00ns)   --->   "%local_C5_18_load = load i32 %local_C5_18"   --->   Operation 139 'load' 'local_C5_18_load' <Predicate = true> <Delay = 0.00>
ST_6 : Operation 140 [1/1] (0.00ns)   --->   "%local_C5_19_load = load i32 %local_C5_19"   --->   Operation 140 'load' 'local_C5_19_load' <Predicate = true> <Delay = 0.00>
ST_6 : Operation 141 [1/1] (0.00ns)   --->   "%local_C5_20_load = load i32 %local_C5_20"   --->   Operation 141 'load' 'local_C5_20_load' <Predicate = true> <Delay = 0.00>
ST_6 : Operation 142 [1/1] (0.00ns)   --->   "%local_C5_21_load = load i32 %local_C5_21"   --->   Operation 142 'load' 'local_C5_21_load' <Predicate = true> <Delay = 0.00>
ST_6 : Operation 143 [1/1] (0.00ns)   --->   "%local_C5_22_load = load i32 %local_C5_22"   --->   Operation 143 'load' 'local_C5_22_load' <Predicate = true> <Delay = 0.00>
ST_6 : Operation 144 [1/1] (0.00ns)   --->   "%local_C5_23_load = load i32 %local_C5_23"   --->   Operation 144 'load' 'local_C5_23_load' <Predicate = true> <Delay = 0.00>
ST_6 : Operation 145 [1/1] (0.00ns)   --->   "%local_C5_24_load = load i32 %local_C5_24"   --->   Operation 145 'load' 'local_C5_24_load' <Predicate = true> <Delay = 0.00>
ST_6 : Operation 146 [1/1] (0.00ns)   --->   "%local_C5_25_load = load i32 %local_C5_25"   --->   Operation 146 'load' 'local_C5_25_load' <Predicate = true> <Delay = 0.00>
ST_6 : Operation 147 [1/1] (0.00ns)   --->   "%local_C5_26_load = load i32 %local_C5_26"   --->   Operation 147 'load' 'local_C5_26_load' <Predicate = true> <Delay = 0.00>
ST_6 : Operation 148 [1/1] (0.00ns)   --->   "%local_C5_27_load = load i32 %local_C5_27"   --->   Operation 148 'load' 'local_C5_27_load' <Predicate = true> <Delay = 0.00>
ST_6 : Operation 149 [1/1] (0.00ns)   --->   "%local_C5_28_load = load i32 %local_C5_28"   --->   Operation 149 'load' 'local_C5_28_load' <Predicate = true> <Delay = 0.00>
ST_6 : Operation 150 [1/1] (0.00ns)   --->   "%local_C5_29_load = load i32 %local_C5_29"   --->   Operation 150 'load' 'local_C5_29_load' <Predicate = true> <Delay = 0.00>
ST_6 : Operation 151 [1/1] (0.00ns)   --->   "%local_C5_30_load = load i32 %local_C5_30"   --->   Operation 151 'load' 'local_C5_30_load' <Predicate = true> <Delay = 0.00>
ST_6 : Operation 152 [1/1] (0.00ns)   --->   "%local_C5_31_load = load i32 %local_C5_31"   --->   Operation 152 'load' 'local_C5_31_load' <Predicate = true> <Delay = 0.00>
ST_6 : Operation 153 [1/1] (0.00ns)   --->   "%local_C5_32_load = load i32 %local_C5_32"   --->   Operation 153 'load' 'local_C5_32_load' <Predicate = true> <Delay = 0.00>
ST_6 : Operation 154 [1/1] (0.00ns)   --->   "%local_C5_33_load = load i32 %local_C5_33"   --->   Operation 154 'load' 'local_C5_33_load' <Predicate = true> <Delay = 0.00>
ST_6 : Operation 155 [1/1] (0.00ns)   --->   "%local_C5_34_load = load i32 %local_C5_34"   --->   Operation 155 'load' 'local_C5_34_load' <Predicate = true> <Delay = 0.00>
ST_6 : Operation 156 [1/1] (0.00ns)   --->   "%local_C5_35_load = load i32 %local_C5_35"   --->   Operation 156 'load' 'local_C5_35_load' <Predicate = true> <Delay = 0.00>
ST_6 : Operation 157 [1/1] (0.00ns)   --->   "%local_C5_36_load = load i32 %local_C5_36"   --->   Operation 157 'load' 'local_C5_36_load' <Predicate = true> <Delay = 0.00>
ST_6 : Operation 158 [1/1] (0.00ns)   --->   "%local_C5_37_load = load i32 %local_C5_37"   --->   Operation 158 'load' 'local_C5_37_load' <Predicate = true> <Delay = 0.00>
ST_6 : Operation 159 [1/1] (0.00ns)   --->   "%local_C5_38_load = load i32 %local_C5_38"   --->   Operation 159 'load' 'local_C5_38_load' <Predicate = true> <Delay = 0.00>
ST_6 : Operation 160 [1/1] (0.00ns)   --->   "%local_C5_39_load = load i32 %local_C5_39"   --->   Operation 160 'load' 'local_C5_39_load' <Predicate = true> <Delay = 0.00>
ST_6 : Operation 161 [1/1] (0.00ns)   --->   "%local_C5_40_load = load i32 %local_C5_40"   --->   Operation 161 'load' 'local_C5_40_load' <Predicate = true> <Delay = 0.00>
ST_6 : Operation 162 [1/1] (0.00ns)   --->   "%local_C5_41_load = load i32 %local_C5_41"   --->   Operation 162 'load' 'local_C5_41_load' <Predicate = true> <Delay = 0.00>
ST_6 : Operation 163 [1/1] (0.00ns)   --->   "%local_C5_42_load = load i32 %local_C5_42"   --->   Operation 163 'load' 'local_C5_42_load' <Predicate = true> <Delay = 0.00>
ST_6 : Operation 164 [1/1] (0.00ns)   --->   "%local_C5_43_load = load i32 %local_C5_43"   --->   Operation 164 'load' 'local_C5_43_load' <Predicate = true> <Delay = 0.00>
ST_6 : Operation 165 [1/1] (0.00ns)   --->   "%local_C5_44_load = load i32 %local_C5_44"   --->   Operation 165 'load' 'local_C5_44_load' <Predicate = true> <Delay = 0.00>
ST_6 : Operation 166 [1/1] (0.00ns)   --->   "%local_C5_45_load = load i32 %local_C5_45"   --->   Operation 166 'load' 'local_C5_45_load' <Predicate = true> <Delay = 0.00>
ST_6 : Operation 167 [1/1] (0.00ns)   --->   "%local_C5_46_load = load i32 %local_C5_46"   --->   Operation 167 'load' 'local_C5_46_load' <Predicate = true> <Delay = 0.00>
ST_6 : Operation 168 [1/1] (0.00ns)   --->   "%local_C5_47_load = load i32 %local_C5_47"   --->   Operation 168 'load' 'local_C5_47_load' <Predicate = true> <Delay = 0.00>
ST_6 : Operation 169 [1/1] (0.00ns)   --->   "%local_C5_48_load = load i32 %local_C5_48"   --->   Operation 169 'load' 'local_C5_48_load' <Predicate = true> <Delay = 0.00>
ST_6 : Operation 170 [1/1] (0.00ns)   --->   "%local_C5_49_load = load i32 %local_C5_49"   --->   Operation 170 'load' 'local_C5_49_load' <Predicate = true> <Delay = 0.00>
ST_6 : Operation 171 [1/1] (0.00ns)   --->   "%local_C5_50_load = load i32 %local_C5_50"   --->   Operation 171 'load' 'local_C5_50_load' <Predicate = true> <Delay = 0.00>
ST_6 : Operation 172 [1/1] (0.00ns)   --->   "%local_C5_51_load = load i32 %local_C5_51"   --->   Operation 172 'load' 'local_C5_51_load' <Predicate = true> <Delay = 0.00>
ST_6 : Operation 173 [1/1] (0.00ns)   --->   "%local_C5_52_load = load i32 %local_C5_52"   --->   Operation 173 'load' 'local_C5_52_load' <Predicate = true> <Delay = 0.00>
ST_6 : Operation 174 [1/1] (0.00ns)   --->   "%local_C5_53_load = load i32 %local_C5_53"   --->   Operation 174 'load' 'local_C5_53_load' <Predicate = true> <Delay = 0.00>
ST_6 : Operation 175 [1/1] (0.00ns)   --->   "%local_C5_54_load = load i32 %local_C5_54"   --->   Operation 175 'load' 'local_C5_54_load' <Predicate = true> <Delay = 0.00>
ST_6 : Operation 176 [1/1] (0.00ns)   --->   "%local_C5_55_load = load i32 %local_C5_55"   --->   Operation 176 'load' 'local_C5_55_load' <Predicate = true> <Delay = 0.00>
ST_6 : Operation 177 [1/1] (0.00ns)   --->   "%local_C5_56_load = load i32 %local_C5_56"   --->   Operation 177 'load' 'local_C5_56_load' <Predicate = true> <Delay = 0.00>
ST_6 : Operation 178 [1/1] (0.00ns)   --->   "%local_C5_57_load = load i32 %local_C5_57"   --->   Operation 178 'load' 'local_C5_57_load' <Predicate = true> <Delay = 0.00>
ST_6 : Operation 179 [1/1] (0.00ns)   --->   "%local_C5_58_load = load i32 %local_C5_58"   --->   Operation 179 'load' 'local_C5_58_load' <Predicate = true> <Delay = 0.00>
ST_6 : Operation 180 [1/1] (0.00ns)   --->   "%local_C5_59_load = load i32 %local_C5_59"   --->   Operation 180 'load' 'local_C5_59_load' <Predicate = true> <Delay = 0.00>
ST_6 : Operation 181 [1/1] (0.00ns)   --->   "%local_C5_60_load = load i32 %local_C5_60"   --->   Operation 181 'load' 'local_C5_60_load' <Predicate = true> <Delay = 0.00>
ST_6 : Operation 182 [1/1] (0.00ns)   --->   "%local_C5_61_load = load i32 %local_C5_61"   --->   Operation 182 'load' 'local_C5_61_load' <Predicate = true> <Delay = 0.00>
ST_6 : Operation 183 [1/1] (0.00ns)   --->   "%local_C5_62_load = load i32 %local_C5_62"   --->   Operation 183 'load' 'local_C5_62_load' <Predicate = true> <Delay = 0.00>
ST_6 : Operation 184 [1/1] (0.00ns)   --->   "%local_C5_63_load = load i32 %local_C5_63"   --->   Operation 184 'load' 'local_C5_63_load' <Predicate = true> <Delay = 0.00>
ST_6 : Operation 185 [2/2] (2.41ns)   --->   "%call_ln15654 = call void @systolic_YV_Pipeline_l_store_C_tile_sj5_l_si5, i6 %tmp_s, i32 %local_C5_load, i32 %local_C5_1_load, i32 %local_C5_2_load, i32 %local_C5_3_load, i32 %local_C5_4_load, i32 %local_C5_5_load, i32 %local_C5_6_load, i32 %local_C5_7_load, i32 %local_C5_8_load, i32 %local_C5_9_load, i32 %local_C5_10_load, i32 %local_C5_11_load, i32 %local_C5_12_load, i32 %local_C5_13_load, i32 %local_C5_14_load, i32 %local_C5_15_load, i32 %local_C5_16_load, i32 %local_C5_17_load, i32 %local_C5_18_load, i32 %local_C5_19_load, i32 %local_C5_20_load, i32 %local_C5_21_load, i32 %local_C5_22_load, i32 %local_C5_23_load, i32 %local_C5_24_load, i32 %local_C5_25_load, i32 %local_C5_26_load, i32 %local_C5_27_load, i32 %local_C5_28_load, i32 %local_C5_29_load, i32 %local_C5_30_load, i32 %local_C5_31_load, i32 %local_C5_32_load, i32 %local_C5_33_load, i32 %local_C5_34_load, i32 %local_C5_35_load, i32 %local_C5_36_load, i32 %local_C5_37_load, i32 %local_C5_38_load, i32 %local_C5_39_load, i32 %local_C5_40_load, i32 %local_C5_41_load, i32 %local_C5_42_load, i32 %local_C5_43_load, i32 %local_C5_44_load, i32 %local_C5_45_load, i32 %local_C5_46_load, i32 %local_C5_47_load, i32 %local_C5_48_load, i32 %local_C5_49_load, i32 %local_C5_50_load, i32 %local_C5_51_load, i32 %local_C5_52_load, i32 %local_C5_53_load, i32 %local_C5_54_load, i32 %local_C5_55_load, i32 %local_C5_56_load, i32 %local_C5_57_load, i32 %local_C5_58_load, i32 %local_C5_59_load, i32 %local_C5_60_load, i32 %local_C5_61_load, i32 %local_C5_62_load, i32 %local_C5_63_load, i10 %p_mid2, i32 %v8547" [/home/silvenchen/Desktop/DitBlock/WorkDCT/DitBlock/kernel.cpp:15654]   --->   Operation 185 'call' 'call_ln15654' <Predicate = true> <Delay = 2.41> <CoreType = "Generic">   --->   Core 0 '' <Latency = 0> <II = 1> <Delay = 1.00> <Generic> <Opcode : >

State 7 <SV = 6> <Delay = 0.00>
ST_7 : Operation 186 [1/1] (0.00ns)   --->   "%specloopname_ln0 = specloopname void @_ssdm_op_SpecLoopName, void @l_outer_tile_mi5_l_ni5_str"   --->   Operation 186 'specloopname' 'specloopname_ln0' <Predicate = true> <Delay = 0.00>
ST_7 : Operation 187 [1/1] (0.00ns)   --->   "%speclooptripcount_ln0 = speclooptripcount void @_ssdm_op_SpecLoopTripCount, i64 1024, i64 1024, i64 1024"   --->   Operation 187 'speclooptripcount' 'speclooptripcount_ln0' <Predicate = true> <Delay = 0.00>
ST_7 : Operation 188 [1/2] (0.00ns)   --->   "%call_ln15654 = call void @systolic_YV_Pipeline_l_store_C_tile_sj5_l_si5, i6 %tmp_s, i32 %local_C5_load, i32 %local_C5_1_load, i32 %local_C5_2_load, i32 %local_C5_3_load, i32 %local_C5_4_load, i32 %local_C5_5_load, i32 %local_C5_6_load, i32 %local_C5_7_load, i32 %local_C5_8_load, i32 %local_C5_9_load, i32 %local_C5_10_load, i32 %local_C5_11_load, i32 %local_C5_12_load, i32 %local_C5_13_load, i32 %local_C5_14_load, i32 %local_C5_15_load, i32 %local_C5_16_load, i32 %local_C5_17_load, i32 %local_C5_18_load, i32 %local_C5_19_load, i32 %local_C5_20_load, i32 %local_C5_21_load, i32 %local_C5_22_load, i32 %local_C5_23_load, i32 %local_C5_24_load, i32 %local_C5_25_load, i32 %local_C5_26_load, i32 %local_C5_27_load, i32 %local_C5_28_load, i32 %local_C5_29_load, i32 %local_C5_30_load, i32 %local_C5_31_load, i32 %local_C5_32_load, i32 %local_C5_33_load, i32 %local_C5_34_load, i32 %local_C5_35_load, i32 %local_C5_36_load, i32 %local_C5_37_load, i32 %local_C5_38_load, i32 %local_C5_39_load, i32 %local_C5_40_load, i32 %local_C5_41_load, i32 %local_C5_42_load, i32 %local_C5_43_load, i32 %local_C5_44_load, i32 %local_C5_45_load, i32 %local_C5_46_load, i32 %local_C5_47_load, i32 %local_C5_48_load, i32 %local_C5_49_load, i32 %local_C5_50_load, i32 %local_C5_51_load, i32 %local_C5_52_load, i32 %local_C5_53_load, i32 %local_C5_54_load, i32 %local_C5_55_load, i32 %local_C5_56_load, i32 %local_C5_57_load, i32 %local_C5_58_load, i32 %local_C5_59_load, i32 %local_C5_60_load, i32 %local_C5_61_load, i32 %local_C5_62_load, i32 %local_C5_63_load, i10 %p_mid2, i32 %v8547" [/home/silvenchen/Desktop/DitBlock/WorkDCT/DitBlock/kernel.cpp:15654]   --->   Operation 188 'call' 'call_ln15654' <Predicate = true> <Delay = 0.00> <CoreType = "Generic">   --->   Core 0 '' <Latency = 0> <II = 1> <Delay = 1.00> <Generic> <Opcode : >
ST_7 : Operation 189 [1/1] (0.00ns)   --->   "%br_ln15655 = br void %l_load_A_tile_ak5" [/home/silvenchen/Desktop/DitBlock/WorkDCT/DitBlock/kernel.cpp:15655]   --->   Operation 189 'br' 'br_ln15655' <Predicate = true> <Delay = 0.00>


============================================================
+ Verbose Summary: Binding
============================================================
STG Binding: 
---------------- STG Properties BEGIN ----------------
- Is combinational: 0
- Is one-state seq: 0
- Is datapath-only: 0
- Is pipelined: 0
- Is top level: 0
Port [ Return ] is wired: 1; IO mode=ap_ctrl_hs:ce=0
Port [ v8545]:  wired=1; compound=1; hidden=0; nouse=0; global=0; static=0; extern=0; dir=0; type=1; pingpong=0; private_global=0; MemPort=[13]; IO mode=ap_memory:ce=0
Port [ v8546]:  wired=1; compound=1; hidden=0; nouse=0; global=0; static=0; extern=0; dir=0; type=1; pingpong=0; private_global=0; MemPort=[13]; IO mode=ap_memory:ce=0
Port [ v8547]:  wired=1; compound=1; hidden=0; nouse=0; global=0; static=0; extern=0; dir=1; type=1; pingpong=0; private_global=0; MemPort=[03]; IO mode=ap_memory:ce=0
---------------- STG Properties END ------------------

---------------- Datapath Model BEGIN ----------------

<LifeTime>
<method=bitvector/>
ni5                   (alloca           ) [ 01111111]
mi5                   (alloca           ) [ 01111111]
indvar_flatten20      (alloca           ) [ 01111111]
local_A5              (alloca           ) [ 00111111]
local_A5_1            (alloca           ) [ 00111111]
local_A5_2            (alloca           ) [ 00111111]
local_A5_3            (alloca           ) [ 00111111]
local_A5_4            (alloca           ) [ 00111111]
local_A5_5            (alloca           ) [ 00111111]
local_A5_6            (alloca           ) [ 00111111]
local_A5_7            (alloca           ) [ 00111111]
local_B5              (alloca           ) [ 00111111]
local_B5_1            (alloca           ) [ 00111111]
local_B5_2            (alloca           ) [ 00111111]
local_B5_3            (alloca           ) [ 00111111]
local_B5_4            (alloca           ) [ 00111111]
local_B5_5            (alloca           ) [ 00111111]
local_B5_6            (alloca           ) [ 00111111]
local_B5_7            (alloca           ) [ 00111111]
local_C5              (alloca           ) [ 00111111]
local_C5_1            (alloca           ) [ 00111111]
local_C5_2            (alloca           ) [ 00111111]
local_C5_3            (alloca           ) [ 00111111]
local_C5_4            (alloca           ) [ 00111111]
local_C5_5            (alloca           ) [ 00111111]
local_C5_6            (alloca           ) [ 00111111]
local_C5_7            (alloca           ) [ 00111111]
local_C5_8            (alloca           ) [ 00111111]
local_C5_9            (alloca           ) [ 00111111]
local_C5_10           (alloca           ) [ 00111111]
local_C5_11           (alloca           ) [ 00111111]
local_C5_12           (alloca           ) [ 00111111]
local_C5_13           (alloca           ) [ 00111111]
local_C5_14           (alloca           ) [ 00111111]
local_C5_15           (alloca           ) [ 00111111]
local_C5_16           (alloca           ) [ 00111111]
local_C5_17           (alloca           ) [ 00111111]
local_C5_18           (alloca           ) [ 00111111]
local_C5_19           (alloca           ) [ 00111111]
local_C5_20           (alloca           ) [ 00111111]
local_C5_21           (alloca           ) [ 00111111]
local_C5_22           (alloca           ) [ 00111111]
local_C5_23           (alloca           ) [ 00111111]
local_C5_24           (alloca           ) [ 00111111]
local_C5_25           (alloca           ) [ 00111111]
local_C5_26           (alloca           ) [ 00111111]
local_C5_27           (alloca           ) [ 00111111]
local_C5_28           (alloca           ) [ 00111111]
local_C5_29           (alloca           ) [ 00111111]
local_C5_30           (alloca           ) [ 00111111]
local_C5_31           (alloca           ) [ 00111111]
local_C5_32           (alloca           ) [ 00111111]
local_C5_33           (alloca           ) [ 00111111]
local_C5_34           (alloca           ) [ 00111111]
local_C5_35           (alloca           ) [ 00111111]
local_C5_36           (alloca           ) [ 00111111]
local_C5_37           (alloca           ) [ 00111111]
local_C5_38           (alloca           ) [ 00111111]
local_C5_39           (alloca           ) [ 00111111]
local_C5_40           (alloca           ) [ 00111111]
local_C5_41           (alloca           ) [ 00111111]
local_C5_42           (alloca           ) [ 00111111]
local_C5_43           (alloca           ) [ 00111111]
local_C5_44           (alloca           ) [ 00111111]
local_C5_45           (alloca           ) [ 00111111]
local_C5_46           (alloca           ) [ 00111111]
local_C5_47           (alloca           ) [ 00111111]
local_C5_48           (alloca           ) [ 00111111]
local_C5_49           (alloca           ) [ 00111111]
local_C5_50           (alloca           ) [ 00111111]
local_C5_51           (alloca           ) [ 00111111]
local_C5_52           (alloca           ) [ 00111111]
local_C5_53           (alloca           ) [ 00111111]
local_C5_54           (alloca           ) [ 00111111]
local_C5_55           (alloca           ) [ 00111111]
local_C5_56           (alloca           ) [ 00111111]
local_C5_57           (alloca           ) [ 00111111]
local_C5_58           (alloca           ) [ 00111111]
local_C5_59           (alloca           ) [ 00111111]
local_C5_60           (alloca           ) [ 00111111]
local_C5_61           (alloca           ) [ 00111111]
local_C5_62           (alloca           ) [ 00111111]
local_C5_63           (alloca           ) [ 00111111]
store_ln0             (store            ) [ 00000000]
store_ln15654         (store            ) [ 00000000]
store_ln15655         (store            ) [ 00000000]
br_ln15654            (br               ) [ 00000000]
indvar_flatten20_load (load             ) [ 00000000]
icmp_ln15654          (icmp             ) [ 00111111]
add_ln15654_1         (add              ) [ 00000000]
br_ln15654            (br               ) [ 00000000]
ni5_load              (load             ) [ 00000000]
mi5_load              (load             ) [ 00000000]
add_ln15654           (add              ) [ 00000000]
icmp_ln15655          (icmp             ) [ 00000000]
select_ln15654        (select           ) [ 00000000]
select_ln15654_1      (select           ) [ 00000000]
trunc_ln15654         (trunc            ) [ 00000000]
p_mid2                (bitconcatenate   ) [ 00011111]
v8556                 (icmp             ) [ 00010000]
empty                 (trunc            ) [ 00000000]
tmp_s                 (bitconcatenate   ) [ 00011111]
add_ln15655           (add              ) [ 00000000]
store_ln15654         (store            ) [ 00000000]
store_ln15654         (store            ) [ 00000000]
store_ln15655         (store            ) [ 00000000]
ret_ln15685           (ret              ) [ 00000000]
call_ln15654          (call             ) [ 00000000]
call_ln15654          (call             ) [ 00000000]
call_ln15675          (call             ) [ 00000000]
local_C5_load         (load             ) [ 00000001]
local_C5_1_load       (load             ) [ 00000001]
local_C5_2_load       (load             ) [ 00000001]
local_C5_3_load       (load             ) [ 00000001]
local_C5_4_load       (load             ) [ 00000001]
local_C5_5_load       (load             ) [ 00000001]
local_C5_6_load       (load             ) [ 00000001]
local_C5_7_load       (load             ) [ 00000001]
local_C5_8_load       (load             ) [ 00000001]
local_C5_9_load       (load             ) [ 00000001]
local_C5_10_load      (load             ) [ 00000001]
local_C5_11_load      (load             ) [ 00000001]
local_C5_12_load      (load             ) [ 00000001]
local_C5_13_load      (load             ) [ 00000001]
local_C5_14_load      (load             ) [ 00000001]
local_C5_15_load      (load             ) [ 00000001]
local_C5_16_load      (load             ) [ 00000001]
local_C5_17_load      (load             ) [ 00000001]
local_C5_18_load      (load             ) [ 00000001]
local_C5_19_load      (load             ) [ 00000001]
local_C5_20_load      (load             ) [ 00000001]
local_C5_21_load      (load             ) [ 00000001]
local_C5_22_load      (load             ) [ 00000001]
local_C5_23_load      (load             ) [ 00000001]
local_C5_24_load      (load             ) [ 00000001]
local_C5_25_load      (load             ) [ 00000001]
local_C5_26_load      (load             ) [ 00000001]
local_C5_27_load      (load             ) [ 00000001]
local_C5_28_load      (load             ) [ 00000001]
local_C5_29_load      (load             ) [ 00000001]
local_C5_30_load      (load             ) [ 00000001]
local_C5_31_load      (load             ) [ 00000001]
local_C5_32_load      (load             ) [ 00000001]
local_C5_33_load      (load             ) [ 00000001]
local_C5_34_load      (load             ) [ 00000001]
local_C5_35_load      (load             ) [ 00000001]
local_C5_36_load      (load             ) [ 00000001]
local_C5_37_load      (load             ) [ 00000001]
local_C5_38_load      (load             ) [ 00000001]
local_C5_39_load      (load             ) [ 00000001]
local_C5_40_load      (load             ) [ 00000001]
local_C5_41_load      (load             ) [ 00000001]
local_C5_42_load      (load             ) [ 00000001]
local_C5_43_load      (load             ) [ 00000001]
local_C5_44_load      (load             ) [ 00000001]
local_C5_45_load      (load             ) [ 00000001]
local_C5_46_load      (load             ) [ 00000001]
local_C5_47_load      (load             ) [ 00000001]
local_C5_48_load      (load             ) [ 00000001]
local_C5_49_load      (load             ) [ 00000001]
local_C5_50_load      (load             ) [ 00000001]
local_C5_51_load      (load             ) [ 00000001]
local_C5_52_load      (load             ) [ 00000001]
local_C5_53_load      (load             ) [ 00000001]
local_C5_54_load      (load             ) [ 00000001]
local_C5_55_load      (load             ) [ 00000001]
local_C5_56_load      (load             ) [ 00000001]
local_C5_57_load      (load             ) [ 00000001]
local_C5_58_load      (load             ) [ 00000001]
local_C5_59_load      (load             ) [ 00000001]
local_C5_60_load      (load             ) [ 00000001]
local_C5_61_load      (load             ) [ 00000001]
local_C5_62_load      (load             ) [ 00000001]
local_C5_63_load      (load             ) [ 00000001]
specloopname_ln0      (specloopname     ) [ 00000000]
speclooptripcount_ln0 (speclooptripcount) [ 00000000]
call_ln15654          (call             ) [ 00000000]
br_ln15655            (br               ) [ 00000000]
</LifeTime>

<model>

<comp_list>
<comp id="0" class="1000" name="v8545">
<pin_list>
<pin id="1" dir="1" index="0" bw="1" slack="0"/>
</pin_list>
<bind>
<StgValue><ssdm name="v8545"/><MemPortTyVec>1 3 </MemPortTyVec>
</StgValue>
</bind>
</comp>

<comp id="2" class="1000" name="v8546">
<pin_list>
<pin id="3" dir="1" index="0" bw="1" slack="0"/>
</pin_list>
<bind>
<StgValue><ssdm name="v8546"/><MemPortTyVec>1 3 </MemPortTyVec>
</StgValue>
</bind>
</comp>

<comp id="4" class="1000" name="v8547">
<pin_list>
<pin id="5" dir="1" index="0" bw="1" slack="0"/>
</pin_list>
<bind>
<StgValue><ssdm name="v8547"/><MemPortTyVec>0 3 </MemPortTyVec>
</StgValue>
</bind>
</comp>

<comp id="6" class="1001" name="const_6">
<pin_list>
<pin id="7" dir="1" index="0" bw="1" slack="0"/>
</pin_list>
<bind>
<StgValue><ssdm name=""/></StgValue>
</bind>
</comp>

<comp id="8" class="1001" name="const_8">
<pin_list>
<pin id="9" dir="1" index="0" bw="1" slack="0"/>
</pin_list>
<bind>
<StgValue><ssdm name=""/></StgValue>
</bind>
</comp>

<comp id="10" class="1001" name="const_10">
<pin_list>
<pin id="11" dir="1" index="0" bw="1" slack="0"/>
</pin_list>
<bind>
<StgValue><ssdm name=""/></StgValue>
</bind>
</comp>

<comp id="12" class="1001" name="const_12">
<pin_list>
<pin id="13" dir="1" index="0" bw="1" slack="0"/>
</pin_list>
<bind>
<StgValue><ssdm name=""/></StgValue>
</bind>
</comp>

<comp id="14" class="1001" name="const_14">
<pin_list>
<pin id="15" dir="1" index="0" bw="1" slack="0"/>
</pin_list>
<bind>
<StgValue><ssdm name=""/></StgValue>
</bind>
</comp>

<comp id="16" class="1001" name="const_16">
<pin_list>
<pin id="17" dir="1" index="0" bw="1" slack="0"/>
</pin_list>
<bind>
<StgValue><ssdm name=""/></StgValue>
</bind>
</comp>

<comp id="18" class="1001" name="const_18">
<pin_list>
<pin id="19" dir="1" index="0" bw="1" slack="0"/>
</pin_list>
<bind>
<StgValue><ssdm name=""/></StgValue>
</bind>
</comp>

<comp id="20" class="1001" name="const_20">
<pin_list>
<pin id="21" dir="1" index="0" bw="1" slack="0"/>
</pin_list>
<bind>
<StgValue><ssdm name=""/></StgValue>
</bind>
</comp>

<comp id="22" class="1001" name="const_22">
<pin_list>
<pin id="23" dir="1" index="0" bw="1" slack="0"/>
</pin_list>
<bind>
<StgValue><ssdm name=""/></StgValue>
</bind>
</comp>

<comp id="24" class="1001" name="const_24">
<pin_list>
<pin id="25" dir="1" index="0" bw="1" slack="0"/>
</pin_list>
<bind>
<StgValue><ssdm name="_ssdm_op_BitConcatenate.i10.i7.i3"/></StgValue>
</bind>
</comp>

<comp id="26" class="1001" name="const_26">
<pin_list>
<pin id="27" dir="1" index="0" bw="1" slack="0"/>
</pin_list>
<bind>
<StgValue><ssdm name=""/></StgValue>
</bind>
</comp>

<comp id="28" class="1001" name="const_28">
<pin_list>
<pin id="29" dir="1" index="0" bw="1" slack="0"/>
</pin_list>
<bind>
<StgValue><ssdm name="systolic_YV_Pipeline_l_load_A_tile_ak5_l_ai5"/></StgValue>
</bind>
</comp>

<comp id="30" class="1001" name="const_30">
<pin_list>
<pin id="31" dir="1" index="0" bw="1" slack="0"/>
</pin_list>
<bind>
<StgValue><ssdm name="_ssdm_op_BitConcatenate.i6.i3.i3"/></StgValue>
</bind>
</comp>

<comp id="32" class="1001" name="const_32">
<pin_list>
<pin id="33" dir="1" index="0" bw="1" slack="0"/>
</pin_list>
<bind>
<StgValue><ssdm name="systolic_YV_Pipeline_l_load_B_tile_bk5_l_bj5"/></StgValue>
</bind>
</comp>

<comp id="34" class="1001" name="const_34">
<pin_list>
<pin id="35" dir="1" index="0" bw="1" slack="0"/>
</pin_list>
<bind>
<StgValue><ssdm name=""/></StgValue>
</bind>
</comp>

<comp id="36" class="1001" name="const_36">
<pin_list>
<pin id="37" dir="1" index="0" bw="1" slack="0"/>
</pin_list>
<bind>
<StgValue><ssdm name="systolic_tile_YV"/></StgValue>
</bind>
</comp>

<comp id="38" class="1001" name="const_38">
<pin_list>
<pin id="39" dir="1" index="0" bw="1" slack="0"/>
</pin_list>
<bind>
<StgValue><ssdm name="systolic_YV_Pipeline_l_store_C_tile_sj5_l_si5"/></StgValue>
</bind>
</comp>

<comp id="40" class="1001" name="const_40">
<pin_list>
<pin id="41" dir="1" index="0" bw="1" slack="2147483647"/>
</pin_list>
<bind>
<StgValue><ssdm name="_ssdm_op_SpecLoopName"/></StgValue>
</bind>
</comp>

<comp id="42" class="1001" name="const_42">
<pin_list>
<pin id="43" dir="1" index="0" bw="1" slack="2147483647"/>
</pin_list>
<bind>
<StgValue><ssdm name="l_outer_tile_mi5_l_ni5_str"/></StgValue>
</bind>
</comp>

<comp id="44" class="1001" name="const_44">
<pin_list>
<pin id="45" dir="1" index="0" bw="1" slack="2147483647"/>
</pin_list>
<bind>
<StgValue><ssdm name="_ssdm_op_SpecLoopTripCount"/></StgValue>
</bind>
</comp>

<comp id="46" class="1001" name="const_46">
<pin_list>
<pin id="47" dir="1" index="0" bw="1" slack="2147483647"/>
</pin_list>
<bind>
<StgValue><ssdm name=""/></StgValue>
</bind>
</comp>

<comp id="48" class="1004" name="ni5_fu_48">
<pin_list>
<pin id="49" dir="0" index="0" bw="1" slack="0"/>
<pin id="50" dir="1" index="1" bw="4" slack="0"/>
</pin_list>
<bind>
<opcode="alloca(26) " fcode="alloca"/>
<opset="ni5/1 "/>
</bind>
</comp>

<comp id="52" class="1004" name="mi5_fu_52">
<pin_list>
<pin id="53" dir="0" index="0" bw="1" slack="0"/>
<pin id="54" dir="1" index="1" bw="8" slack="0"/>
</pin_list>
<bind>
<opcode="alloca(26) " fcode="alloca"/>
<opset="mi5/1 "/>
</bind>
</comp>

<comp id="56" class="1004" name="indvar_flatten20_fu_56">
<pin_list>
<pin id="57" dir="0" index="0" bw="1" slack="0"/>
<pin id="58" dir="1" index="1" bw="11" slack="0"/>
</pin_list>
<bind>
<opcode="alloca(26) " fcode="alloca"/>
<opset="indvar_flatten20/1 "/>
</bind>
</comp>

<comp id="60" class="1004" name="local_A5_alloca_fu_60">
<pin_list>
<pin id="61" dir="0" index="0" bw="1" slack="0"/>
<pin id="62" dir="1" index="1" bw="32" slack="2147483647"/>
</pin_list>
<bind>
<opcode="alloca(26) " fcode="alloca"/>
<opset="local_A5/1 "/>
</bind>
</comp>

<comp id="64" class="1004" name="local_A5_1_alloca_fu_64">
<pin_list>
<pin id="65" dir="0" index="0" bw="1" slack="0"/>
<pin id="66" dir="1" index="1" bw="32" slack="2147483647"/>
</pin_list>
<bind>
<opcode="alloca(26) " fcode="alloca"/>
<opset="local_A5_1/1 "/>
</bind>
</comp>

<comp id="68" class="1004" name="local_A5_2_alloca_fu_68">
<pin_list>
<pin id="69" dir="0" index="0" bw="1" slack="0"/>
<pin id="70" dir="1" index="1" bw="32" slack="2147483647"/>
</pin_list>
<bind>
<opcode="alloca(26) " fcode="alloca"/>
<opset="local_A5_2/1 "/>
</bind>
</comp>

<comp id="72" class="1004" name="local_A5_3_alloca_fu_72">
<pin_list>
<pin id="73" dir="0" index="0" bw="1" slack="0"/>
<pin id="74" dir="1" index="1" bw="32" slack="2147483647"/>
</pin_list>
<bind>
<opcode="alloca(26) " fcode="alloca"/>
<opset="local_A5_3/1 "/>
</bind>
</comp>

<comp id="76" class="1004" name="local_A5_4_alloca_fu_76">
<pin_list>
<pin id="77" dir="0" index="0" bw="1" slack="0"/>
<pin id="78" dir="1" index="1" bw="32" slack="2147483647"/>
</pin_list>
<bind>
<opcode="alloca(26) " fcode="alloca"/>
<opset="local_A5_4/1 "/>
</bind>
</comp>

<comp id="80" class="1004" name="local_A5_5_alloca_fu_80">
<pin_list>
<pin id="81" dir="0" index="0" bw="1" slack="0"/>
<pin id="82" dir="1" index="1" bw="32" slack="2147483647"/>
</pin_list>
<bind>
<opcode="alloca(26) " fcode="alloca"/>
<opset="local_A5_5/1 "/>
</bind>
</comp>

<comp id="84" class="1004" name="local_A5_6_alloca_fu_84">
<pin_list>
<pin id="85" dir="0" index="0" bw="1" slack="0"/>
<pin id="86" dir="1" index="1" bw="32" slack="2147483647"/>
</pin_list>
<bind>
<opcode="alloca(26) " fcode="alloca"/>
<opset="local_A5_6/1 "/>
</bind>
</comp>

<comp id="88" class="1004" name="local_A5_7_alloca_fu_88">
<pin_list>
<pin id="89" dir="0" index="0" bw="1" slack="0"/>
<pin id="90" dir="1" index="1" bw="32" slack="2147483647"/>
</pin_list>
<bind>
<opcode="alloca(26) " fcode="alloca"/>
<opset="local_A5_7/1 "/>
</bind>
</comp>

<comp id="92" class="1004" name="local_B5_alloca_fu_92">
<pin_list>
<pin id="93" dir="0" index="0" bw="1" slack="0"/>
<pin id="94" dir="1" index="1" bw="32" slack="2147483647"/>
</pin_list>
<bind>
<opcode="alloca(26) " fcode="alloca"/>
<opset="local_B5/1 "/>
</bind>
</comp>

<comp id="96" class="1004" name="local_B5_1_alloca_fu_96">
<pin_list>
<pin id="97" dir="0" index="0" bw="1" slack="0"/>
<pin id="98" dir="1" index="1" bw="32" slack="2147483647"/>
</pin_list>
<bind>
<opcode="alloca(26) " fcode="alloca"/>
<opset="local_B5_1/1 "/>
</bind>
</comp>

<comp id="100" class="1004" name="local_B5_2_alloca_fu_100">
<pin_list>
<pin id="101" dir="0" index="0" bw="1" slack="0"/>
<pin id="102" dir="1" index="1" bw="32" slack="2147483647"/>
</pin_list>
<bind>
<opcode="alloca(26) " fcode="alloca"/>
<opset="local_B5_2/1 "/>
</bind>
</comp>

<comp id="104" class="1004" name="local_B5_3_alloca_fu_104">
<pin_list>
<pin id="105" dir="0" index="0" bw="1" slack="0"/>
<pin id="106" dir="1" index="1" bw="32" slack="2147483647"/>
</pin_list>
<bind>
<opcode="alloca(26) " fcode="alloca"/>
<opset="local_B5_3/1 "/>
</bind>
</comp>

<comp id="108" class="1004" name="local_B5_4_alloca_fu_108">
<pin_list>
<pin id="109" dir="0" index="0" bw="1" slack="0"/>
<pin id="110" dir="1" index="1" bw="32" slack="2147483647"/>
</pin_list>
<bind>
<opcode="alloca(26) " fcode="alloca"/>
<opset="local_B5_4/1 "/>
</bind>
</comp>

<comp id="112" class="1004" name="local_B5_5_alloca_fu_112">
<pin_list>
<pin id="113" dir="0" index="0" bw="1" slack="0"/>
<pin id="114" dir="1" index="1" bw="32" slack="2147483647"/>
</pin_list>
<bind>
<opcode="alloca(26) " fcode="alloca"/>
<opset="local_B5_5/1 "/>
</bind>
</comp>

<comp id="116" class="1004" name="local_B5_6_alloca_fu_116">
<pin_list>
<pin id="117" dir="0" index="0" bw="1" slack="0"/>
<pin id="118" dir="1" index="1" bw="32" slack="2147483647"/>
</pin_list>
<bind>
<opcode="alloca(26) " fcode="alloca"/>
<opset="local_B5_6/1 "/>
</bind>
</comp>

<comp id="120" class="1004" name="local_B5_7_alloca_fu_120">
<pin_list>
<pin id="121" dir="0" index="0" bw="1" slack="0"/>
<pin id="122" dir="1" index="1" bw="32" slack="2147483647"/>
</pin_list>
<bind>
<opcode="alloca(26) " fcode="alloca"/>
<opset="local_B5_7/1 "/>
</bind>
</comp>

<comp id="124" class="1004" name="local_C5_fu_124">
<pin_list>
<pin id="125" dir="0" index="0" bw="1" slack="0"/>
<pin id="126" dir="1" index="1" bw="32" slack="3"/>
</pin_list>
<bind>
<opcode="alloca(26) " fcode="alloca"/>
<opset="local_C5/1 "/>
</bind>
</comp>

<comp id="128" class="1004" name="local_C5_1_fu_128">
<pin_list>
<pin id="129" dir="0" index="0" bw="1" slack="0"/>
<pin id="130" dir="1" index="1" bw="32" slack="3"/>
</pin_list>
<bind>
<opcode="alloca(26) " fcode="alloca"/>
<opset="local_C5_1/1 "/>
</bind>
</comp>

<comp id="132" class="1004" name="local_C5_2_fu_132">
<pin_list>
<pin id="133" dir="0" index="0" bw="1" slack="0"/>
<pin id="134" dir="1" index="1" bw="32" slack="3"/>
</pin_list>
<bind>
<opcode="alloca(26) " fcode="alloca"/>
<opset="local_C5_2/1 "/>
</bind>
</comp>

<comp id="136" class="1004" name="local_C5_3_fu_136">
<pin_list>
<pin id="137" dir="0" index="0" bw="1" slack="0"/>
<pin id="138" dir="1" index="1" bw="32" slack="3"/>
</pin_list>
<bind>
<opcode="alloca(26) " fcode="alloca"/>
<opset="local_C5_3/1 "/>
</bind>
</comp>

<comp id="140" class="1004" name="local_C5_4_fu_140">
<pin_list>
<pin id="141" dir="0" index="0" bw="1" slack="0"/>
<pin id="142" dir="1" index="1" bw="32" slack="3"/>
</pin_list>
<bind>
<opcode="alloca(26) " fcode="alloca"/>
<opset="local_C5_4/1 "/>
</bind>
</comp>

<comp id="144" class="1004" name="local_C5_5_fu_144">
<pin_list>
<pin id="145" dir="0" index="0" bw="1" slack="0"/>
<pin id="146" dir="1" index="1" bw="32" slack="3"/>
</pin_list>
<bind>
<opcode="alloca(26) " fcode="alloca"/>
<opset="local_C5_5/1 "/>
</bind>
</comp>

<comp id="148" class="1004" name="local_C5_6_fu_148">
<pin_list>
<pin id="149" dir="0" index="0" bw="1" slack="0"/>
<pin id="150" dir="1" index="1" bw="32" slack="3"/>
</pin_list>
<bind>
<opcode="alloca(26) " fcode="alloca"/>
<opset="local_C5_6/1 "/>
</bind>
</comp>

<comp id="152" class="1004" name="local_C5_7_fu_152">
<pin_list>
<pin id="153" dir="0" index="0" bw="1" slack="0"/>
<pin id="154" dir="1" index="1" bw="32" slack="3"/>
</pin_list>
<bind>
<opcode="alloca(26) " fcode="alloca"/>
<opset="local_C5_7/1 "/>
</bind>
</comp>

<comp id="156" class="1004" name="local_C5_8_fu_156">
<pin_list>
<pin id="157" dir="0" index="0" bw="1" slack="0"/>
<pin id="158" dir="1" index="1" bw="32" slack="3"/>
</pin_list>
<bind>
<opcode="alloca(26) " fcode="alloca"/>
<opset="local_C5_8/1 "/>
</bind>
</comp>

<comp id="160" class="1004" name="local_C5_9_fu_160">
<pin_list>
<pin id="161" dir="0" index="0" bw="1" slack="0"/>
<pin id="162" dir="1" index="1" bw="32" slack="3"/>
</pin_list>
<bind>
<opcode="alloca(26) " fcode="alloca"/>
<opset="local_C5_9/1 "/>
</bind>
</comp>

<comp id="164" class="1004" name="local_C5_10_fu_164">
<pin_list>
<pin id="165" dir="0" index="0" bw="1" slack="0"/>
<pin id="166" dir="1" index="1" bw="32" slack="3"/>
</pin_list>
<bind>
<opcode="alloca(26) " fcode="alloca"/>
<opset="local_C5_10/1 "/>
</bind>
</comp>

<comp id="168" class="1004" name="local_C5_11_fu_168">
<pin_list>
<pin id="169" dir="0" index="0" bw="1" slack="0"/>
<pin id="170" dir="1" index="1" bw="32" slack="3"/>
</pin_list>
<bind>
<opcode="alloca(26) " fcode="alloca"/>
<opset="local_C5_11/1 "/>
</bind>
</comp>

<comp id="172" class="1004" name="local_C5_12_fu_172">
<pin_list>
<pin id="173" dir="0" index="0" bw="1" slack="0"/>
<pin id="174" dir="1" index="1" bw="32" slack="3"/>
</pin_list>
<bind>
<opcode="alloca(26) " fcode="alloca"/>
<opset="local_C5_12/1 "/>
</bind>
</comp>

<comp id="176" class="1004" name="local_C5_13_fu_176">
<pin_list>
<pin id="177" dir="0" index="0" bw="1" slack="0"/>
<pin id="178" dir="1" index="1" bw="32" slack="3"/>
</pin_list>
<bind>
<opcode="alloca(26) " fcode="alloca"/>
<opset="local_C5_13/1 "/>
</bind>
</comp>

<comp id="180" class="1004" name="local_C5_14_fu_180">
<pin_list>
<pin id="181" dir="0" index="0" bw="1" slack="0"/>
<pin id="182" dir="1" index="1" bw="32" slack="3"/>
</pin_list>
<bind>
<opcode="alloca(26) " fcode="alloca"/>
<opset="local_C5_14/1 "/>
</bind>
</comp>

<comp id="184" class="1004" name="local_C5_15_fu_184">
<pin_list>
<pin id="185" dir="0" index="0" bw="1" slack="0"/>
<pin id="186" dir="1" index="1" bw="32" slack="3"/>
</pin_list>
<bind>
<opcode="alloca(26) " fcode="alloca"/>
<opset="local_C5_15/1 "/>
</bind>
</comp>

<comp id="188" class="1004" name="local_C5_16_fu_188">
<pin_list>
<pin id="189" dir="0" index="0" bw="1" slack="0"/>
<pin id="190" dir="1" index="1" bw="32" slack="3"/>
</pin_list>
<bind>
<opcode="alloca(26) " fcode="alloca"/>
<opset="local_C5_16/1 "/>
</bind>
</comp>

<comp id="192" class="1004" name="local_C5_17_fu_192">
<pin_list>
<pin id="193" dir="0" index="0" bw="1" slack="0"/>
<pin id="194" dir="1" index="1" bw="32" slack="3"/>
</pin_list>
<bind>
<opcode="alloca(26) " fcode="alloca"/>
<opset="local_C5_17/1 "/>
</bind>
</comp>

<comp id="196" class="1004" name="local_C5_18_fu_196">
<pin_list>
<pin id="197" dir="0" index="0" bw="1" slack="0"/>
<pin id="198" dir="1" index="1" bw="32" slack="3"/>
</pin_list>
<bind>
<opcode="alloca(26) " fcode="alloca"/>
<opset="local_C5_18/1 "/>
</bind>
</comp>

<comp id="200" class="1004" name="local_C5_19_fu_200">
<pin_list>
<pin id="201" dir="0" index="0" bw="1" slack="0"/>
<pin id="202" dir="1" index="1" bw="32" slack="3"/>
</pin_list>
<bind>
<opcode="alloca(26) " fcode="alloca"/>
<opset="local_C5_19/1 "/>
</bind>
</comp>

<comp id="204" class="1004" name="local_C5_20_fu_204">
<pin_list>
<pin id="205" dir="0" index="0" bw="1" slack="0"/>
<pin id="206" dir="1" index="1" bw="32" slack="3"/>
</pin_list>
<bind>
<opcode="alloca(26) " fcode="alloca"/>
<opset="local_C5_20/1 "/>
</bind>
</comp>

<comp id="208" class="1004" name="local_C5_21_fu_208">
<pin_list>
<pin id="209" dir="0" index="0" bw="1" slack="0"/>
<pin id="210" dir="1" index="1" bw="32" slack="3"/>
</pin_list>
<bind>
<opcode="alloca(26) " fcode="alloca"/>
<opset="local_C5_21/1 "/>
</bind>
</comp>

<comp id="212" class="1004" name="local_C5_22_fu_212">
<pin_list>
<pin id="213" dir="0" index="0" bw="1" slack="0"/>
<pin id="214" dir="1" index="1" bw="32" slack="3"/>
</pin_list>
<bind>
<opcode="alloca(26) " fcode="alloca"/>
<opset="local_C5_22/1 "/>
</bind>
</comp>

<comp id="216" class="1004" name="local_C5_23_fu_216">
<pin_list>
<pin id="217" dir="0" index="0" bw="1" slack="0"/>
<pin id="218" dir="1" index="1" bw="32" slack="3"/>
</pin_list>
<bind>
<opcode="alloca(26) " fcode="alloca"/>
<opset="local_C5_23/1 "/>
</bind>
</comp>

<comp id="220" class="1004" name="local_C5_24_fu_220">
<pin_list>
<pin id="221" dir="0" index="0" bw="1" slack="0"/>
<pin id="222" dir="1" index="1" bw="32" slack="3"/>
</pin_list>
<bind>
<opcode="alloca(26) " fcode="alloca"/>
<opset="local_C5_24/1 "/>
</bind>
</comp>

<comp id="224" class="1004" name="local_C5_25_fu_224">
<pin_list>
<pin id="225" dir="0" index="0" bw="1" slack="0"/>
<pin id="226" dir="1" index="1" bw="32" slack="3"/>
</pin_list>
<bind>
<opcode="alloca(26) " fcode="alloca"/>
<opset="local_C5_25/1 "/>
</bind>
</comp>

<comp id="228" class="1004" name="local_C5_26_fu_228">
<pin_list>
<pin id="229" dir="0" index="0" bw="1" slack="0"/>
<pin id="230" dir="1" index="1" bw="32" slack="3"/>
</pin_list>
<bind>
<opcode="alloca(26) " fcode="alloca"/>
<opset="local_C5_26/1 "/>
</bind>
</comp>

<comp id="232" class="1004" name="local_C5_27_fu_232">
<pin_list>
<pin id="233" dir="0" index="0" bw="1" slack="0"/>
<pin id="234" dir="1" index="1" bw="32" slack="3"/>
</pin_list>
<bind>
<opcode="alloca(26) " fcode="alloca"/>
<opset="local_C5_27/1 "/>
</bind>
</comp>

<comp id="236" class="1004" name="local_C5_28_fu_236">
<pin_list>
<pin id="237" dir="0" index="0" bw="1" slack="0"/>
<pin id="238" dir="1" index="1" bw="32" slack="3"/>
</pin_list>
<bind>
<opcode="alloca(26) " fcode="alloca"/>
<opset="local_C5_28/1 "/>
</bind>
</comp>

<comp id="240" class="1004" name="local_C5_29_fu_240">
<pin_list>
<pin id="241" dir="0" index="0" bw="1" slack="0"/>
<pin id="242" dir="1" index="1" bw="32" slack="3"/>
</pin_list>
<bind>
<opcode="alloca(26) " fcode="alloca"/>
<opset="local_C5_29/1 "/>
</bind>
</comp>

<comp id="244" class="1004" name="local_C5_30_fu_244">
<pin_list>
<pin id="245" dir="0" index="0" bw="1" slack="0"/>
<pin id="246" dir="1" index="1" bw="32" slack="3"/>
</pin_list>
<bind>
<opcode="alloca(26) " fcode="alloca"/>
<opset="local_C5_30/1 "/>
</bind>
</comp>

<comp id="248" class="1004" name="local_C5_31_fu_248">
<pin_list>
<pin id="249" dir="0" index="0" bw="1" slack="0"/>
<pin id="250" dir="1" index="1" bw="32" slack="3"/>
</pin_list>
<bind>
<opcode="alloca(26) " fcode="alloca"/>
<opset="local_C5_31/1 "/>
</bind>
</comp>

<comp id="252" class="1004" name="local_C5_32_fu_252">
<pin_list>
<pin id="253" dir="0" index="0" bw="1" slack="0"/>
<pin id="254" dir="1" index="1" bw="32" slack="3"/>
</pin_list>
<bind>
<opcode="alloca(26) " fcode="alloca"/>
<opset="local_C5_32/1 "/>
</bind>
</comp>

<comp id="256" class="1004" name="local_C5_33_fu_256">
<pin_list>
<pin id="257" dir="0" index="0" bw="1" slack="0"/>
<pin id="258" dir="1" index="1" bw="32" slack="3"/>
</pin_list>
<bind>
<opcode="alloca(26) " fcode="alloca"/>
<opset="local_C5_33/1 "/>
</bind>
</comp>

<comp id="260" class="1004" name="local_C5_34_fu_260">
<pin_list>
<pin id="261" dir="0" index="0" bw="1" slack="0"/>
<pin id="262" dir="1" index="1" bw="32" slack="3"/>
</pin_list>
<bind>
<opcode="alloca(26) " fcode="alloca"/>
<opset="local_C5_34/1 "/>
</bind>
</comp>

<comp id="264" class="1004" name="local_C5_35_fu_264">
<pin_list>
<pin id="265" dir="0" index="0" bw="1" slack="0"/>
<pin id="266" dir="1" index="1" bw="32" slack="3"/>
</pin_list>
<bind>
<opcode="alloca(26) " fcode="alloca"/>
<opset="local_C5_35/1 "/>
</bind>
</comp>

<comp id="268" class="1004" name="local_C5_36_fu_268">
<pin_list>
<pin id="269" dir="0" index="0" bw="1" slack="0"/>
<pin id="270" dir="1" index="1" bw="32" slack="3"/>
</pin_list>
<bind>
<opcode="alloca(26) " fcode="alloca"/>
<opset="local_C5_36/1 "/>
</bind>
</comp>

<comp id="272" class="1004" name="local_C5_37_fu_272">
<pin_list>
<pin id="273" dir="0" index="0" bw="1" slack="0"/>
<pin id="274" dir="1" index="1" bw="32" slack="3"/>
</pin_list>
<bind>
<opcode="alloca(26) " fcode="alloca"/>
<opset="local_C5_37/1 "/>
</bind>
</comp>

<comp id="276" class="1004" name="local_C5_38_fu_276">
<pin_list>
<pin id="277" dir="0" index="0" bw="1" slack="0"/>
<pin id="278" dir="1" index="1" bw="32" slack="3"/>
</pin_list>
<bind>
<opcode="alloca(26) " fcode="alloca"/>
<opset="local_C5_38/1 "/>
</bind>
</comp>

<comp id="280" class="1004" name="local_C5_39_fu_280">
<pin_list>
<pin id="281" dir="0" index="0" bw="1" slack="0"/>
<pin id="282" dir="1" index="1" bw="32" slack="3"/>
</pin_list>
<bind>
<opcode="alloca(26) " fcode="alloca"/>
<opset="local_C5_39/1 "/>
</bind>
</comp>

<comp id="284" class="1004" name="local_C5_40_fu_284">
<pin_list>
<pin id="285" dir="0" index="0" bw="1" slack="0"/>
<pin id="286" dir="1" index="1" bw="32" slack="3"/>
</pin_list>
<bind>
<opcode="alloca(26) " fcode="alloca"/>
<opset="local_C5_40/1 "/>
</bind>
</comp>

<comp id="288" class="1004" name="local_C5_41_fu_288">
<pin_list>
<pin id="289" dir="0" index="0" bw="1" slack="0"/>
<pin id="290" dir="1" index="1" bw="32" slack="3"/>
</pin_list>
<bind>
<opcode="alloca(26) " fcode="alloca"/>
<opset="local_C5_41/1 "/>
</bind>
</comp>

<comp id="292" class="1004" name="local_C5_42_fu_292">
<pin_list>
<pin id="293" dir="0" index="0" bw="1" slack="0"/>
<pin id="294" dir="1" index="1" bw="32" slack="3"/>
</pin_list>
<bind>
<opcode="alloca(26) " fcode="alloca"/>
<opset="local_C5_42/1 "/>
</bind>
</comp>

<comp id="296" class="1004" name="local_C5_43_fu_296">
<pin_list>
<pin id="297" dir="0" index="0" bw="1" slack="0"/>
<pin id="298" dir="1" index="1" bw="32" slack="3"/>
</pin_list>
<bind>
<opcode="alloca(26) " fcode="alloca"/>
<opset="local_C5_43/1 "/>
</bind>
</comp>

<comp id="300" class="1004" name="local_C5_44_fu_300">
<pin_list>
<pin id="301" dir="0" index="0" bw="1" slack="0"/>
<pin id="302" dir="1" index="1" bw="32" slack="3"/>
</pin_list>
<bind>
<opcode="alloca(26) " fcode="alloca"/>
<opset="local_C5_44/1 "/>
</bind>
</comp>

<comp id="304" class="1004" name="local_C5_45_fu_304">
<pin_list>
<pin id="305" dir="0" index="0" bw="1" slack="0"/>
<pin id="306" dir="1" index="1" bw="32" slack="3"/>
</pin_list>
<bind>
<opcode="alloca(26) " fcode="alloca"/>
<opset="local_C5_45/1 "/>
</bind>
</comp>

<comp id="308" class="1004" name="local_C5_46_fu_308">
<pin_list>
<pin id="309" dir="0" index="0" bw="1" slack="0"/>
<pin id="310" dir="1" index="1" bw="32" slack="3"/>
</pin_list>
<bind>
<opcode="alloca(26) " fcode="alloca"/>
<opset="local_C5_46/1 "/>
</bind>
</comp>

<comp id="312" class="1004" name="local_C5_47_fu_312">
<pin_list>
<pin id="313" dir="0" index="0" bw="1" slack="0"/>
<pin id="314" dir="1" index="1" bw="32" slack="3"/>
</pin_list>
<bind>
<opcode="alloca(26) " fcode="alloca"/>
<opset="local_C5_47/1 "/>
</bind>
</comp>

<comp id="316" class="1004" name="local_C5_48_fu_316">
<pin_list>
<pin id="317" dir="0" index="0" bw="1" slack="0"/>
<pin id="318" dir="1" index="1" bw="32" slack="3"/>
</pin_list>
<bind>
<opcode="alloca(26) " fcode="alloca"/>
<opset="local_C5_48/1 "/>
</bind>
</comp>

<comp id="320" class="1004" name="local_C5_49_fu_320">
<pin_list>
<pin id="321" dir="0" index="0" bw="1" slack="0"/>
<pin id="322" dir="1" index="1" bw="32" slack="3"/>
</pin_list>
<bind>
<opcode="alloca(26) " fcode="alloca"/>
<opset="local_C5_49/1 "/>
</bind>
</comp>

<comp id="324" class="1004" name="local_C5_50_fu_324">
<pin_list>
<pin id="325" dir="0" index="0" bw="1" slack="0"/>
<pin id="326" dir="1" index="1" bw="32" slack="3"/>
</pin_list>
<bind>
<opcode="alloca(26) " fcode="alloca"/>
<opset="local_C5_50/1 "/>
</bind>
</comp>

<comp id="328" class="1004" name="local_C5_51_fu_328">
<pin_list>
<pin id="329" dir="0" index="0" bw="1" slack="0"/>
<pin id="330" dir="1" index="1" bw="32" slack="3"/>
</pin_list>
<bind>
<opcode="alloca(26) " fcode="alloca"/>
<opset="local_C5_51/1 "/>
</bind>
</comp>

<comp id="332" class="1004" name="local_C5_52_fu_332">
<pin_list>
<pin id="333" dir="0" index="0" bw="1" slack="0"/>
<pin id="334" dir="1" index="1" bw="32" slack="3"/>
</pin_list>
<bind>
<opcode="alloca(26) " fcode="alloca"/>
<opset="local_C5_52/1 "/>
</bind>
</comp>

<comp id="336" class="1004" name="local_C5_53_fu_336">
<pin_list>
<pin id="337" dir="0" index="0" bw="1" slack="0"/>
<pin id="338" dir="1" index="1" bw="32" slack="3"/>
</pin_list>
<bind>
<opcode="alloca(26) " fcode="alloca"/>
<opset="local_C5_53/1 "/>
</bind>
</comp>

<comp id="340" class="1004" name="local_C5_54_fu_340">
<pin_list>
<pin id="341" dir="0" index="0" bw="1" slack="0"/>
<pin id="342" dir="1" index="1" bw="32" slack="3"/>
</pin_list>
<bind>
<opcode="alloca(26) " fcode="alloca"/>
<opset="local_C5_54/1 "/>
</bind>
</comp>

<comp id="344" class="1004" name="local_C5_55_fu_344">
<pin_list>
<pin id="345" dir="0" index="0" bw="1" slack="0"/>
<pin id="346" dir="1" index="1" bw="32" slack="3"/>
</pin_list>
<bind>
<opcode="alloca(26) " fcode="alloca"/>
<opset="local_C5_55/1 "/>
</bind>
</comp>

<comp id="348" class="1004" name="local_C5_56_fu_348">
<pin_list>
<pin id="349" dir="0" index="0" bw="1" slack="0"/>
<pin id="350" dir="1" index="1" bw="32" slack="3"/>
</pin_list>
<bind>
<opcode="alloca(26) " fcode="alloca"/>
<opset="local_C5_56/1 "/>
</bind>
</comp>

<comp id="352" class="1004" name="local_C5_57_fu_352">
<pin_list>
<pin id="353" dir="0" index="0" bw="1" slack="0"/>
<pin id="354" dir="1" index="1" bw="32" slack="3"/>
</pin_list>
<bind>
<opcode="alloca(26) " fcode="alloca"/>
<opset="local_C5_57/1 "/>
</bind>
</comp>

<comp id="356" class="1004" name="local_C5_58_fu_356">
<pin_list>
<pin id="357" dir="0" index="0" bw="1" slack="0"/>
<pin id="358" dir="1" index="1" bw="32" slack="3"/>
</pin_list>
<bind>
<opcode="alloca(26) " fcode="alloca"/>
<opset="local_C5_58/1 "/>
</bind>
</comp>

<comp id="360" class="1004" name="local_C5_59_fu_360">
<pin_list>
<pin id="361" dir="0" index="0" bw="1" slack="0"/>
<pin id="362" dir="1" index="1" bw="32" slack="3"/>
</pin_list>
<bind>
<opcode="alloca(26) " fcode="alloca"/>
<opset="local_C5_59/1 "/>
</bind>
</comp>

<comp id="364" class="1004" name="local_C5_60_fu_364">
<pin_list>
<pin id="365" dir="0" index="0" bw="1" slack="0"/>
<pin id="366" dir="1" index="1" bw="32" slack="3"/>
</pin_list>
<bind>
<opcode="alloca(26) " fcode="alloca"/>
<opset="local_C5_60/1 "/>
</bind>
</comp>

<comp id="368" class="1004" name="local_C5_61_fu_368">
<pin_list>
<pin id="369" dir="0" index="0" bw="1" slack="0"/>
<pin id="370" dir="1" index="1" bw="32" slack="3"/>
</pin_list>
<bind>
<opcode="alloca(26) " fcode="alloca"/>
<opset="local_C5_61/1 "/>
</bind>
</comp>

<comp id="372" class="1004" name="local_C5_62_fu_372">
<pin_list>
<pin id="373" dir="0" index="0" bw="1" slack="0"/>
<pin id="374" dir="1" index="1" bw="32" slack="3"/>
</pin_list>
<bind>
<opcode="alloca(26) " fcode="alloca"/>
<opset="local_C5_62/1 "/>
</bind>
</comp>

<comp id="376" class="1004" name="local_C5_63_fu_376">
<pin_list>
<pin id="377" dir="0" index="0" bw="1" slack="0"/>
<pin id="378" dir="1" index="1" bw="32" slack="3"/>
</pin_list>
<bind>
<opcode="alloca(26) " fcode="alloca"/>
<opset="local_C5_63/1 "/>
</bind>
</comp>

<comp id="380" class="1004" name="grp_systolic_YV_Pipeline_l_load_A_tile_ak5_l_ai5_fu_380">
<pin_list>
<pin id="381" dir="0" index="0" bw="0" slack="0"/>
<pin id="382" dir="0" index="1" bw="32" slack="2147483647"/>
<pin id="383" dir="0" index="2" bw="32" slack="2147483647"/>
<pin id="384" dir="0" index="3" bw="32" slack="2147483647"/>
<pin id="385" dir="0" index="4" bw="32" slack="2147483647"/>
<pin id="386" dir="0" index="5" bw="32" slack="2147483647"/>
<pin id="387" dir="0" index="6" bw="32" slack="2147483647"/>
<pin id="388" dir="0" index="7" bw="32" slack="2147483647"/>
<pin id="389" dir="0" index="8" bw="32" slack="2147483647"/>
<pin id="390" dir="0" index="9" bw="1" slack="0"/>
<pin id="391" dir="0" index="10" bw="10" slack="0"/>
<pin id="392" dir="0" index="11" bw="32" slack="0"/>
<pin id="393" dir="1" index="12" bw="0" slack="2147483647"/>
</pin_list>
<bind>
<opcode="call(48) " fcode="call"/>
<opset="call_ln15654/2 "/>
</bind>
</comp>

<comp id="396" class="1004" name="grp_systolic_YV_Pipeline_l_load_B_tile_bk5_l_bj5_fu_396">
<pin_list>
<pin id="397" dir="0" index="0" bw="0" slack="0"/>
<pin id="398" dir="0" index="1" bw="32" slack="2147483647"/>
<pin id="399" dir="0" index="2" bw="32" slack="2147483647"/>
<pin id="400" dir="0" index="3" bw="32" slack="2147483647"/>
<pin id="401" dir="0" index="4" bw="32" slack="2147483647"/>
<pin id="402" dir="0" index="5" bw="32" slack="2147483647"/>
<pin id="403" dir="0" index="6" bw="32" slack="2147483647"/>
<pin id="404" dir="0" index="7" bw="32" slack="2147483647"/>
<pin id="405" dir="0" index="8" bw="32" slack="2147483647"/>
<pin id="406" dir="0" index="9" bw="6" slack="0"/>
<pin id="407" dir="0" index="10" bw="32" slack="0"/>
<pin id="408" dir="1" index="11" bw="0" slack="2147483647"/>
</pin_list>
<bind>
<opcode="call(48) " fcode="call"/>
<opset="call_ln15654/2 "/>
</bind>
</comp>

<comp id="411" class="1004" name="grp_systolic_tile_YV_fu_411">
<pin_list>
<pin id="412" dir="0" index="0" bw="0" slack="0"/>
<pin id="413" dir="0" index="1" bw="32" slack="2147483647"/>
<pin id="414" dir="0" index="2" bw="32" slack="2147483647"/>
<pin id="415" dir="0" index="3" bw="32" slack="2147483647"/>
<pin id="416" dir="0" index="4" bw="32" slack="2147483647"/>
<pin id="417" dir="0" index="5" bw="32" slack="2147483647"/>
<pin id="418" dir="0" index="6" bw="32" slack="2147483647"/>
<pin id="419" dir="0" index="7" bw="32" slack="2147483647"/>
<pin id="420" dir="0" index="8" bw="32" slack="2147483647"/>
<pin id="421" dir="0" index="9" bw="32" slack="2147483647"/>
<pin id="422" dir="0" index="10" bw="32" slack="2147483647"/>
<pin id="423" dir="0" index="11" bw="32" slack="2147483647"/>
<pin id="424" dir="0" index="12" bw="32" slack="2147483647"/>
<pin id="425" dir="0" index="13" bw="32" slack="2147483647"/>
<pin id="426" dir="0" index="14" bw="32" slack="2147483647"/>
<pin id="427" dir="0" index="15" bw="32" slack="2147483647"/>
<pin id="428" dir="0" index="16" bw="32" slack="2147483647"/>
<pin id="429" dir="0" index="17" bw="32" slack="3"/>
<pin id="430" dir="0" index="18" bw="32" slack="3"/>
<pin id="431" dir="0" index="19" bw="32" slack="3"/>
<pin id="432" dir="0" index="20" bw="32" slack="3"/>
<pin id="433" dir="0" index="21" bw="32" slack="3"/>
<pin id="434" dir="0" index="22" bw="32" slack="3"/>
<pin id="435" dir="0" index="23" bw="32" slack="3"/>
<pin id="436" dir="0" index="24" bw="32" slack="3"/>
<pin id="437" dir="0" index="25" bw="32" slack="3"/>
<pin id="438" dir="0" index="26" bw="32" slack="3"/>
<pin id="439" dir="0" index="27" bw="32" slack="3"/>
<pin id="440" dir="0" index="28" bw="32" slack="3"/>
<pin id="441" dir="0" index="29" bw="32" slack="3"/>
<pin id="442" dir="0" index="30" bw="32" slack="3"/>
<pin id="443" dir="0" index="31" bw="32" slack="3"/>
<pin id="444" dir="0" index="32" bw="32" slack="3"/>
<pin id="445" dir="0" index="33" bw="32" slack="3"/>
<pin id="446" dir="0" index="34" bw="32" slack="3"/>
<pin id="447" dir="0" index="35" bw="32" slack="3"/>
<pin id="448" dir="0" index="36" bw="32" slack="3"/>
<pin id="449" dir="0" index="37" bw="32" slack="3"/>
<pin id="450" dir="0" index="38" bw="32" slack="3"/>
<pin id="451" dir="0" index="39" bw="32" slack="3"/>
<pin id="452" dir="0" index="40" bw="32" slack="3"/>
<pin id="453" dir="0" index="41" bw="32" slack="3"/>
<pin id="454" dir="0" index="42" bw="32" slack="3"/>
<pin id="455" dir="0" index="43" bw="32" slack="3"/>
<pin id="456" dir="0" index="44" bw="32" slack="3"/>
<pin id="457" dir="0" index="45" bw="32" slack="3"/>
<pin id="458" dir="0" index="46" bw="32" slack="3"/>
<pin id="459" dir="0" index="47" bw="32" slack="3"/>
<pin id="460" dir="0" index="48" bw="32" slack="3"/>
<pin id="461" dir="0" index="49" bw="32" slack="3"/>
<pin id="462" dir="0" index="50" bw="32" slack="3"/>
<pin id="463" dir="0" index="51" bw="32" slack="3"/>
<pin id="464" dir="0" index="52" bw="32" slack="3"/>
<pin id="465" dir="0" index="53" bw="32" slack="3"/>
<pin id="466" dir="0" index="54" bw="32" slack="3"/>
<pin id="467" dir="0" index="55" bw="32" slack="3"/>
<pin id="468" dir="0" index="56" bw="32" slack="3"/>
<pin id="469" dir="0" index="57" bw="32" slack="3"/>
<pin id="470" dir="0" index="58" bw="32" slack="3"/>
<pin id="471" dir="0" index="59" bw="32" slack="3"/>
<pin id="472" dir="0" index="60" bw="32" slack="3"/>
<pin id="473" dir="0" index="61" bw="32" slack="3"/>
<pin id="474" dir="0" index="62" bw="32" slack="3"/>
<pin id="475" dir="0" index="63" bw="32" slack="3"/>
<pin id="476" dir="0" index="64" bw="32" slack="3"/>
<pin id="477" dir="0" index="65" bw="32" slack="3"/>
<pin id="478" dir="0" index="66" bw="32" slack="3"/>
<pin id="479" dir="0" index="67" bw="32" slack="3"/>
<pin id="480" dir="0" index="68" bw="32" slack="3"/>
<pin id="481" dir="0" index="69" bw="32" slack="3"/>
<pin id="482" dir="0" index="70" bw="32" slack="3"/>
<pin id="483" dir="0" index="71" bw="32" slack="3"/>
<pin id="484" dir="0" index="72" bw="32" slack="3"/>
<pin id="485" dir="0" index="73" bw="32" slack="3"/>
<pin id="486" dir="0" index="74" bw="32" slack="3"/>
<pin id="487" dir="0" index="75" bw="32" slack="3"/>
<pin id="488" dir="0" index="76" bw="32" slack="3"/>
<pin id="489" dir="0" index="77" bw="32" slack="3"/>
<pin id="490" dir="0" index="78" bw="32" slack="3"/>
<pin id="491" dir="0" index="79" bw="32" slack="3"/>
<pin id="492" dir="0" index="80" bw="32" slack="3"/>
<pin id="493" dir="1" index="81" bw="0" slack="2147483647"/>
</pin_list>
<bind>
<opcode="call(48) " fcode="call"/>
<opset="call_ln15675/4 "/>
</bind>
</comp>

<comp id="495" class="1004" name="grp_systolic_YV_Pipeline_l_store_C_tile_sj5_l_si5_fu_495">
<pin_list>
<pin id="496" dir="0" index="0" bw="0" slack="0"/>
<pin id="497" dir="0" index="1" bw="6" slack="4"/>
<pin id="498" dir="0" index="2" bw="32" slack="0"/>
<pin id="499" dir="0" index="3" bw="32" slack="0"/>
<pin id="500" dir="0" index="4" bw="32" slack="0"/>
<pin id="501" dir="0" index="5" bw="32" slack="0"/>
<pin id="502" dir="0" index="6" bw="32" slack="0"/>
<pin id="503" dir="0" index="7" bw="32" slack="0"/>
<pin id="504" dir="0" index="8" bw="32" slack="0"/>
<pin id="505" dir="0" index="9" bw="32" slack="0"/>
<pin id="506" dir="0" index="10" bw="32" slack="0"/>
<pin id="507" dir="0" index="11" bw="32" slack="0"/>
<pin id="508" dir="0" index="12" bw="32" slack="0"/>
<pin id="509" dir="0" index="13" bw="32" slack="0"/>
<pin id="510" dir="0" index="14" bw="32" slack="0"/>
<pin id="511" dir="0" index="15" bw="32" slack="0"/>
<pin id="512" dir="0" index="16" bw="32" slack="0"/>
<pin id="513" dir="0" index="17" bw="32" slack="0"/>
<pin id="514" dir="0" index="18" bw="32" slack="0"/>
<pin id="515" dir="0" index="19" bw="32" slack="0"/>
<pin id="516" dir="0" index="20" bw="32" slack="0"/>
<pin id="517" dir="0" index="21" bw="32" slack="0"/>
<pin id="518" dir="0" index="22" bw="32" slack="0"/>
<pin id="519" dir="0" index="23" bw="32" slack="0"/>
<pin id="520" dir="0" index="24" bw="32" slack="0"/>
<pin id="521" dir="0" index="25" bw="32" slack="0"/>
<pin id="522" dir="0" index="26" bw="32" slack="0"/>
<pin id="523" dir="0" index="27" bw="32" slack="0"/>
<pin id="524" dir="0" index="28" bw="32" slack="0"/>
<pin id="525" dir="0" index="29" bw="32" slack="0"/>
<pin id="526" dir="0" index="30" bw="32" slack="0"/>
<pin id="527" dir="0" index="31" bw="32" slack="0"/>
<pin id="528" dir="0" index="32" bw="32" slack="0"/>
<pin id="529" dir="0" index="33" bw="32" slack="0"/>
<pin id="530" dir="0" index="34" bw="32" slack="0"/>
<pin id="531" dir="0" index="35" bw="32" slack="0"/>
<pin id="532" dir="0" index="36" bw="32" slack="0"/>
<pin id="533" dir="0" index="37" bw="32" slack="0"/>
<pin id="534" dir="0" index="38" bw="32" slack="0"/>
<pin id="535" dir="0" index="39" bw="32" slack="0"/>
<pin id="536" dir="0" index="40" bw="32" slack="0"/>
<pin id="537" dir="0" index="41" bw="32" slack="0"/>
<pin id="538" dir="0" index="42" bw="32" slack="0"/>
<pin id="539" dir="0" index="43" bw="32" slack="0"/>
<pin id="540" dir="0" index="44" bw="32" slack="0"/>
<pin id="541" dir="0" index="45" bw="32" slack="0"/>
<pin id="542" dir="0" index="46" bw="32" slack="0"/>
<pin id="543" dir="0" index="47" bw="32" slack="0"/>
<pin id="544" dir="0" index="48" bw="32" slack="0"/>
<pin id="545" dir="0" index="49" bw="32" slack="0"/>
<pin id="546" dir="0" index="50" bw="32" slack="0"/>
<pin id="547" dir="0" index="51" bw="32" slack="0"/>
<pin id="548" dir="0" index="52" bw="32" slack="0"/>
<pin id="549" dir="0" index="53" bw="32" slack="0"/>
<pin id="550" dir="0" index="54" bw="32" slack="0"/>
<pin id="551" dir="0" index="55" bw="32" slack="0"/>
<pin id="552" dir="0" index="56" bw="32" slack="0"/>
<pin id="553" dir="0" index="57" bw="32" slack="0"/>
<pin id="554" dir="0" index="58" bw="32" slack="0"/>
<pin id="555" dir="0" index="59" bw="32" slack="0"/>
<pin id="556" dir="0" index="60" bw="32" slack="0"/>
<pin id="557" dir="0" index="61" bw="32" slack="0"/>
<pin id="558" dir="0" index="62" bw="32" slack="0"/>
<pin id="559" dir="0" index="63" bw="32" slack="0"/>
<pin id="560" dir="0" index="64" bw="32" slack="0"/>
<pin id="561" dir="0" index="65" bw="32" slack="0"/>
<pin id="562" dir="0" index="66" bw="10" slack="4"/>
<pin id="563" dir="0" index="67" bw="32" slack="0"/>
<pin id="564" dir="1" index="68" bw="0" slack="2147483647"/>
</pin_list>
<bind>
<opcode="call(48) " fcode="call"/>
<opset="call_ln15654/6 "/>
</bind>
</comp>

<comp id="567" class="1004" name="store_ln0_store_fu_567">
<pin_list>
<pin id="568" dir="0" index="0" bw="1" slack="0"/>
<pin id="569" dir="0" index="1" bw="11" slack="0"/>
<pin id="570" dir="1" index="2" bw="0" slack="2147483647"/>
</pin_list>
<bind>
<opcode="store(28) " fcode="store"/>
<opset="store_ln0/1 "/>
</bind>
</comp>

<comp id="572" class="1004" name="store_ln15654_store_fu_572">
<pin_list>
<pin id="573" dir="0" index="0" bw="1" slack="0"/>
<pin id="574" dir="0" index="1" bw="8" slack="0"/>
<pin id="575" dir="1" index="2" bw="0" slack="2147483647"/>
</pin_list>
<bind>
<opcode="store(28) " fcode="store"/>
<opset="store_ln15654/1 "/>
</bind>
</comp>

<comp id="577" class="1004" name="store_ln15655_store_fu_577">
<pin_list>
<pin id="578" dir="0" index="0" bw="1" slack="0"/>
<pin id="579" dir="0" index="1" bw="4" slack="0"/>
<pin id="580" dir="1" index="2" bw="0" slack="2147483647"/>
</pin_list>
<bind>
<opcode="store(28) " fcode="store"/>
<opset="store_ln15655/1 "/>
</bind>
</comp>

<comp id="582" class="1004" name="indvar_flatten20_load_load_fu_582">
<pin_list>
<pin id="583" dir="0" index="0" bw="11" slack="1"/>
<pin id="584" dir="1" index="1" bw="11" slack="0"/>
</pin_list>
<bind>
<opcode="load(27) " fcode="load"/>
<opset="indvar_flatten20_load/2 "/>
</bind>
</comp>

<comp id="585" class="1004" name="icmp_ln15654_fu_585">
<pin_list>
<pin id="586" dir="0" index="0" bw="11" slack="0"/>
<pin id="587" dir="0" index="1" bw="11" slack="0"/>
<pin id="588" dir="1" index="2" bw="1" slack="2147483647"/>
</pin_list>
<bind>
<opcode="icmp(45) " fcode="icmp"/>
<opset="icmp_ln15654/2 "/>
</bind>
</comp>

<comp id="591" class="1004" name="add_ln15654_1_fu_591">
<pin_list>
<pin id="592" dir="0" index="0" bw="11" slack="0"/>
<pin id="593" dir="0" index="1" bw="1" slack="0"/>
<pin id="594" dir="1" index="2" bw="11" slack="0"/>
</pin_list>
<bind>
<opcode="add(8) " fcode="add"/>
<opset="add_ln15654_1/2 "/>
</bind>
</comp>

<comp id="597" class="1004" name="ni5_load_load_fu_597">
<pin_list>
<pin id="598" dir="0" index="0" bw="4" slack="1"/>
<pin id="599" dir="1" index="1" bw="4" slack="0"/>
</pin_list>
<bind>
<opcode="load(27) " fcode="load"/>
<opset="ni5_load/2 "/>
</bind>
</comp>

<comp id="600" class="1004" name="mi5_load_load_fu_600">
<pin_list>
<pin id="601" dir="0" index="0" bw="8" slack="1"/>
<pin id="602" dir="1" index="1" bw="8" slack="0"/>
</pin_list>
<bind>
<opcode="load(27) " fcode="load"/>
<opset="mi5_load/2 "/>
</bind>
</comp>

<comp id="603" class="1004" name="add_ln15654_fu_603">
<pin_list>
<pin id="604" dir="0" index="0" bw="8" slack="0"/>
<pin id="605" dir="0" index="1" bw="1" slack="0"/>
<pin id="606" dir="1" index="2" bw="8" slack="0"/>
</pin_list>
<bind>
<opcode="add(8) " fcode="add"/>
<opset="add_ln15654/2 "/>
</bind>
</comp>

<comp id="609" class="1004" name="icmp_ln15655_fu_609">
<pin_list>
<pin id="610" dir="0" index="0" bw="4" slack="0"/>
<pin id="611" dir="0" index="1" bw="4" slack="0"/>
<pin id="612" dir="1" index="2" bw="1" slack="0"/>
</pin_list>
<bind>
<opcode="icmp(45) " fcode="icmp"/>
<opset="icmp_ln15655/2 "/>
</bind>
</comp>

<comp id="615" class="1004" name="select_ln15654_fu_615">
<pin_list>
<pin id="616" dir="0" index="0" bw="1" slack="0"/>
<pin id="617" dir="0" index="1" bw="1" slack="0"/>
<pin id="618" dir="0" index="2" bw="4" slack="0"/>
<pin id="619" dir="1" index="3" bw="4" slack="0"/>
</pin_list>
<bind>
<opcode="select(49) " fcode="select"/>
<opset="select_ln15654/2 "/>
</bind>
</comp>

<comp id="623" class="1004" name="select_ln15654_1_fu_623">
<pin_list>
<pin id="624" dir="0" index="0" bw="1" slack="0"/>
<pin id="625" dir="0" index="1" bw="8" slack="0"/>
<pin id="626" dir="0" index="2" bw="8" slack="0"/>
<pin id="627" dir="1" index="3" bw="8" slack="0"/>
</pin_list>
<bind>
<opcode="select(49) " fcode="select"/>
<opset="select_ln15654_1/2 "/>
</bind>
</comp>

<comp id="631" class="1004" name="trunc_ln15654_fu_631">
<pin_list>
<pin id="632" dir="0" index="0" bw="8" slack="0"/>
<pin id="633" dir="1" index="1" bw="7" slack="0"/>
</pin_list>
<bind>
<opcode="trunc(33) " fcode="trunc"/>
<opset="trunc_ln15654/2 "/>
</bind>
</comp>

<comp id="635" class="1004" name="p_mid2_fu_635">
<pin_list>
<pin id="636" dir="0" index="0" bw="10" slack="0"/>
<pin id="637" dir="0" index="1" bw="7" slack="0"/>
<pin id="638" dir="0" index="2" bw="1" slack="0"/>
<pin id="639" dir="1" index="3" bw="10" slack="0"/>
</pin_list>
<bind>
<opcode="bitconcatenate(1004) " fcode="bitconcatenate"/>
<opset="p_mid2/2 "/>
</bind>
</comp>

<comp id="644" class="1004" name="v8556_fu_644">
<pin_list>
<pin id="645" dir="0" index="0" bw="4" slack="0"/>
<pin id="646" dir="0" index="1" bw="1" slack="0"/>
<pin id="647" dir="1" index="2" bw="1" slack="0"/>
</pin_list>
<bind>
<opcode="icmp(45) " fcode="icmp"/>
<opset="v8556/2 "/>
</bind>
</comp>

<comp id="651" class="1004" name="empty_fu_651">
<pin_list>
<pin id="652" dir="0" index="0" bw="4" slack="0"/>
<pin id="653" dir="1" index="1" bw="3" slack="0"/>
</pin_list>
<bind>
<opcode="trunc(33) " fcode="trunc"/>
<opset="empty/2 "/>
</bind>
</comp>

<comp id="655" class="1004" name="tmp_s_fu_655">
<pin_list>
<pin id="656" dir="0" index="0" bw="6" slack="0"/>
<pin id="657" dir="0" index="1" bw="3" slack="0"/>
<pin id="658" dir="0" index="2" bw="1" slack="0"/>
<pin id="659" dir="1" index="3" bw="6" slack="0"/>
</pin_list>
<bind>
<opcode="bitconcatenate(1004) " fcode="bitconcatenate"/>
<opset="tmp_s/2 "/>
</bind>
</comp>

<comp id="664" class="1004" name="add_ln15655_fu_664">
<pin_list>
<pin id="665" dir="0" index="0" bw="4" slack="0"/>
<pin id="666" dir="0" index="1" bw="1" slack="0"/>
<pin id="667" dir="1" index="2" bw="4" slack="0"/>
</pin_list>
<bind>
<opcode="add(8) " fcode="add"/>
<opset="add_ln15655/2 "/>
</bind>
</comp>

<comp id="670" class="1004" name="store_ln15654_store_fu_670">
<pin_list>
<pin id="671" dir="0" index="0" bw="11" slack="0"/>
<pin id="672" dir="0" index="1" bw="11" slack="1"/>
<pin id="673" dir="1" index="2" bw="0" slack="2147483647"/>
</pin_list>
<bind>
<opcode="store(28) " fcode="store"/>
<opset="store_ln15654/2 "/>
</bind>
</comp>

<comp id="675" class="1004" name="store_ln15654_store_fu_675">
<pin_list>
<pin id="676" dir="0" index="0" bw="8" slack="0"/>
<pin id="677" dir="0" index="1" bw="8" slack="1"/>
<pin id="678" dir="1" index="2" bw="0" slack="2147483647"/>
</pin_list>
<bind>
<opcode="store(28) " fcode="store"/>
<opset="store_ln15654/2 "/>
</bind>
</comp>

<comp id="680" class="1004" name="store_ln15655_store_fu_680">
<pin_list>
<pin id="681" dir="0" index="0" bw="4" slack="0"/>
<pin id="682" dir="0" index="1" bw="4" slack="1"/>
<pin id="683" dir="1" index="2" bw="0" slack="2147483647"/>
</pin_list>
<bind>
<opcode="store(28) " fcode="store"/>
<opset="store_ln15655/2 "/>
</bind>
</comp>

<comp id="685" class="1004" name="local_C5_load_load_fu_685">
<pin_list>
<pin id="686" dir="0" index="0" bw="32" slack="5"/>
<pin id="687" dir="1" index="1" bw="32" slack="0"/>
</pin_list>
<bind>
<opcode="load(27) " fcode="load"/>
<opset="local_C5_load/6 "/>
</bind>
</comp>

<comp id="689" class="1004" name="local_C5_1_load_load_fu_689">
<pin_list>
<pin id="690" dir="0" index="0" bw="32" slack="5"/>
<pin id="691" dir="1" index="1" bw="32" slack="0"/>
</pin_list>
<bind>
<opcode="load(27) " fcode="load"/>
<opset="local_C5_1_load/6 "/>
</bind>
</comp>

<comp id="693" class="1004" name="local_C5_2_load_load_fu_693">
<pin_list>
<pin id="694" dir="0" index="0" bw="32" slack="5"/>
<pin id="695" dir="1" index="1" bw="32" slack="0"/>
</pin_list>
<bind>
<opcode="load(27) " fcode="load"/>
<opset="local_C5_2_load/6 "/>
</bind>
</comp>

<comp id="697" class="1004" name="local_C5_3_load_load_fu_697">
<pin_list>
<pin id="698" dir="0" index="0" bw="32" slack="5"/>
<pin id="699" dir="1" index="1" bw="32" slack="0"/>
</pin_list>
<bind>
<opcode="load(27) " fcode="load"/>
<opset="local_C5_3_load/6 "/>
</bind>
</comp>

<comp id="701" class="1004" name="local_C5_4_load_load_fu_701">
<pin_list>
<pin id="702" dir="0" index="0" bw="32" slack="5"/>
<pin id="703" dir="1" index="1" bw="32" slack="0"/>
</pin_list>
<bind>
<opcode="load(27) " fcode="load"/>
<opset="local_C5_4_load/6 "/>
</bind>
</comp>

<comp id="705" class="1004" name="local_C5_5_load_load_fu_705">
<pin_list>
<pin id="706" dir="0" index="0" bw="32" slack="5"/>
<pin id="707" dir="1" index="1" bw="32" slack="0"/>
</pin_list>
<bind>
<opcode="load(27) " fcode="load"/>
<opset="local_C5_5_load/6 "/>
</bind>
</comp>

<comp id="709" class="1004" name="local_C5_6_load_load_fu_709">
<pin_list>
<pin id="710" dir="0" index="0" bw="32" slack="5"/>
<pin id="711" dir="1" index="1" bw="32" slack="0"/>
</pin_list>
<bind>
<opcode="load(27) " fcode="load"/>
<opset="local_C5_6_load/6 "/>
</bind>
</comp>

<comp id="713" class="1004" name="local_C5_7_load_load_fu_713">
<pin_list>
<pin id="714" dir="0" index="0" bw="32" slack="5"/>
<pin id="715" dir="1" index="1" bw="32" slack="0"/>
</pin_list>
<bind>
<opcode="load(27) " fcode="load"/>
<opset="local_C5_7_load/6 "/>
</bind>
</comp>

<comp id="717" class="1004" name="local_C5_8_load_load_fu_717">
<pin_list>
<pin id="718" dir="0" index="0" bw="32" slack="5"/>
<pin id="719" dir="1" index="1" bw="32" slack="0"/>
</pin_list>
<bind>
<opcode="load(27) " fcode="load"/>
<opset="local_C5_8_load/6 "/>
</bind>
</comp>

<comp id="721" class="1004" name="local_C5_9_load_load_fu_721">
<pin_list>
<pin id="722" dir="0" index="0" bw="32" slack="5"/>
<pin id="723" dir="1" index="1" bw="32" slack="0"/>
</pin_list>
<bind>
<opcode="load(27) " fcode="load"/>
<opset="local_C5_9_load/6 "/>
</bind>
</comp>

<comp id="725" class="1004" name="local_C5_10_load_load_fu_725">
<pin_list>
<pin id="726" dir="0" index="0" bw="32" slack="5"/>
<pin id="727" dir="1" index="1" bw="32" slack="0"/>
</pin_list>
<bind>
<opcode="load(27) " fcode="load"/>
<opset="local_C5_10_load/6 "/>
</bind>
</comp>

<comp id="729" class="1004" name="local_C5_11_load_load_fu_729">
<pin_list>
<pin id="730" dir="0" index="0" bw="32" slack="5"/>
<pin id="731" dir="1" index="1" bw="32" slack="0"/>
</pin_list>
<bind>
<opcode="load(27) " fcode="load"/>
<opset="local_C5_11_load/6 "/>
</bind>
</comp>

<comp id="733" class="1004" name="local_C5_12_load_load_fu_733">
<pin_list>
<pin id="734" dir="0" index="0" bw="32" slack="5"/>
<pin id="735" dir="1" index="1" bw="32" slack="0"/>
</pin_list>
<bind>
<opcode="load(27) " fcode="load"/>
<opset="local_C5_12_load/6 "/>
</bind>
</comp>

<comp id="737" class="1004" name="local_C5_13_load_load_fu_737">
<pin_list>
<pin id="738" dir="0" index="0" bw="32" slack="5"/>
<pin id="739" dir="1" index="1" bw="32" slack="0"/>
</pin_list>
<bind>
<opcode="load(27) " fcode="load"/>
<opset="local_C5_13_load/6 "/>
</bind>
</comp>

<comp id="741" class="1004" name="local_C5_14_load_load_fu_741">
<pin_list>
<pin id="742" dir="0" index="0" bw="32" slack="5"/>
<pin id="743" dir="1" index="1" bw="32" slack="0"/>
</pin_list>
<bind>
<opcode="load(27) " fcode="load"/>
<opset="local_C5_14_load/6 "/>
</bind>
</comp>

<comp id="745" class="1004" name="local_C5_15_load_load_fu_745">
<pin_list>
<pin id="746" dir="0" index="0" bw="32" slack="5"/>
<pin id="747" dir="1" index="1" bw="32" slack="0"/>
</pin_list>
<bind>
<opcode="load(27) " fcode="load"/>
<opset="local_C5_15_load/6 "/>
</bind>
</comp>

<comp id="749" class="1004" name="local_C5_16_load_load_fu_749">
<pin_list>
<pin id="750" dir="0" index="0" bw="32" slack="5"/>
<pin id="751" dir="1" index="1" bw="32" slack="0"/>
</pin_list>
<bind>
<opcode="load(27) " fcode="load"/>
<opset="local_C5_16_load/6 "/>
</bind>
</comp>

<comp id="753" class="1004" name="local_C5_17_load_load_fu_753">
<pin_list>
<pin id="754" dir="0" index="0" bw="32" slack="5"/>
<pin id="755" dir="1" index="1" bw="32" slack="0"/>
</pin_list>
<bind>
<opcode="load(27) " fcode="load"/>
<opset="local_C5_17_load/6 "/>
</bind>
</comp>

<comp id="757" class="1004" name="local_C5_18_load_load_fu_757">
<pin_list>
<pin id="758" dir="0" index="0" bw="32" slack="5"/>
<pin id="759" dir="1" index="1" bw="32" slack="0"/>
</pin_list>
<bind>
<opcode="load(27) " fcode="load"/>
<opset="local_C5_18_load/6 "/>
</bind>
</comp>

<comp id="761" class="1004" name="local_C5_19_load_load_fu_761">
<pin_list>
<pin id="762" dir="0" index="0" bw="32" slack="5"/>
<pin id="763" dir="1" index="1" bw="32" slack="0"/>
</pin_list>
<bind>
<opcode="load(27) " fcode="load"/>
<opset="local_C5_19_load/6 "/>
</bind>
</comp>

<comp id="765" class="1004" name="local_C5_20_load_load_fu_765">
<pin_list>
<pin id="766" dir="0" index="0" bw="32" slack="5"/>
<pin id="767" dir="1" index="1" bw="32" slack="0"/>
</pin_list>
<bind>
<opcode="load(27) " fcode="load"/>
<opset="local_C5_20_load/6 "/>
</bind>
</comp>

<comp id="769" class="1004" name="local_C5_21_load_load_fu_769">
<pin_list>
<pin id="770" dir="0" index="0" bw="32" slack="5"/>
<pin id="771" dir="1" index="1" bw="32" slack="0"/>
</pin_list>
<bind>
<opcode="load(27) " fcode="load"/>
<opset="local_C5_21_load/6 "/>
</bind>
</comp>

<comp id="773" class="1004" name="local_C5_22_load_load_fu_773">
<pin_list>
<pin id="774" dir="0" index="0" bw="32" slack="5"/>
<pin id="775" dir="1" index="1" bw="32" slack="0"/>
</pin_list>
<bind>
<opcode="load(27) " fcode="load"/>
<opset="local_C5_22_load/6 "/>
</bind>
</comp>

<comp id="777" class="1004" name="local_C5_23_load_load_fu_777">
<pin_list>
<pin id="778" dir="0" index="0" bw="32" slack="5"/>
<pin id="779" dir="1" index="1" bw="32" slack="0"/>
</pin_list>
<bind>
<opcode="load(27) " fcode="load"/>
<opset="local_C5_23_load/6 "/>
</bind>
</comp>

<comp id="781" class="1004" name="local_C5_24_load_load_fu_781">
<pin_list>
<pin id="782" dir="0" index="0" bw="32" slack="5"/>
<pin id="783" dir="1" index="1" bw="32" slack="0"/>
</pin_list>
<bind>
<opcode="load(27) " fcode="load"/>
<opset="local_C5_24_load/6 "/>
</bind>
</comp>

<comp id="785" class="1004" name="local_C5_25_load_load_fu_785">
<pin_list>
<pin id="786" dir="0" index="0" bw="32" slack="5"/>
<pin id="787" dir="1" index="1" bw="32" slack="0"/>
</pin_list>
<bind>
<opcode="load(27) " fcode="load"/>
<opset="local_C5_25_load/6 "/>
</bind>
</comp>

<comp id="789" class="1004" name="local_C5_26_load_load_fu_789">
<pin_list>
<pin id="790" dir="0" index="0" bw="32" slack="5"/>
<pin id="791" dir="1" index="1" bw="32" slack="0"/>
</pin_list>
<bind>
<opcode="load(27) " fcode="load"/>
<opset="local_C5_26_load/6 "/>
</bind>
</comp>

<comp id="793" class="1004" name="local_C5_27_load_load_fu_793">
<pin_list>
<pin id="794" dir="0" index="0" bw="32" slack="5"/>
<pin id="795" dir="1" index="1" bw="32" slack="0"/>
</pin_list>
<bind>
<opcode="load(27) " fcode="load"/>
<opset="local_C5_27_load/6 "/>
</bind>
</comp>

<comp id="797" class="1004" name="local_C5_28_load_load_fu_797">
<pin_list>
<pin id="798" dir="0" index="0" bw="32" slack="5"/>
<pin id="799" dir="1" index="1" bw="32" slack="0"/>
</pin_list>
<bind>
<opcode="load(27) " fcode="load"/>
<opset="local_C5_28_load/6 "/>
</bind>
</comp>

<comp id="801" class="1004" name="local_C5_29_load_load_fu_801">
<pin_list>
<pin id="802" dir="0" index="0" bw="32" slack="5"/>
<pin id="803" dir="1" index="1" bw="32" slack="0"/>
</pin_list>
<bind>
<opcode="load(27) " fcode="load"/>
<opset="local_C5_29_load/6 "/>
</bind>
</comp>

<comp id="805" class="1004" name="local_C5_30_load_load_fu_805">
<pin_list>
<pin id="806" dir="0" index="0" bw="32" slack="5"/>
<pin id="807" dir="1" index="1" bw="32" slack="0"/>
</pin_list>
<bind>
<opcode="load(27) " fcode="load"/>
<opset="local_C5_30_load/6 "/>
</bind>
</comp>

<comp id="809" class="1004" name="local_C5_31_load_load_fu_809">
<pin_list>
<pin id="810" dir="0" index="0" bw="32" slack="5"/>
<pin id="811" dir="1" index="1" bw="32" slack="0"/>
</pin_list>
<bind>
<opcode="load(27) " fcode="load"/>
<opset="local_C5_31_load/6 "/>
</bind>
</comp>

<comp id="813" class="1004" name="local_C5_32_load_load_fu_813">
<pin_list>
<pin id="814" dir="0" index="0" bw="32" slack="5"/>
<pin id="815" dir="1" index="1" bw="32" slack="0"/>
</pin_list>
<bind>
<opcode="load(27) " fcode="load"/>
<opset="local_C5_32_load/6 "/>
</bind>
</comp>

<comp id="817" class="1004" name="local_C5_33_load_load_fu_817">
<pin_list>
<pin id="818" dir="0" index="0" bw="32" slack="5"/>
<pin id="819" dir="1" index="1" bw="32" slack="0"/>
</pin_list>
<bind>
<opcode="load(27) " fcode="load"/>
<opset="local_C5_33_load/6 "/>
</bind>
</comp>

<comp id="821" class="1004" name="local_C5_34_load_load_fu_821">
<pin_list>
<pin id="822" dir="0" index="0" bw="32" slack="5"/>
<pin id="823" dir="1" index="1" bw="32" slack="0"/>
</pin_list>
<bind>
<opcode="load(27) " fcode="load"/>
<opset="local_C5_34_load/6 "/>
</bind>
</comp>

<comp id="825" class="1004" name="local_C5_35_load_load_fu_825">
<pin_list>
<pin id="826" dir="0" index="0" bw="32" slack="5"/>
<pin id="827" dir="1" index="1" bw="32" slack="0"/>
</pin_list>
<bind>
<opcode="load(27) " fcode="load"/>
<opset="local_C5_35_load/6 "/>
</bind>
</comp>

<comp id="829" class="1004" name="local_C5_36_load_load_fu_829">
<pin_list>
<pin id="830" dir="0" index="0" bw="32" slack="5"/>
<pin id="831" dir="1" index="1" bw="32" slack="0"/>
</pin_list>
<bind>
<opcode="load(27) " fcode="load"/>
<opset="local_C5_36_load/6 "/>
</bind>
</comp>

<comp id="833" class="1004" name="local_C5_37_load_load_fu_833">
<pin_list>
<pin id="834" dir="0" index="0" bw="32" slack="5"/>
<pin id="835" dir="1" index="1" bw="32" slack="0"/>
</pin_list>
<bind>
<opcode="load(27) " fcode="load"/>
<opset="local_C5_37_load/6 "/>
</bind>
</comp>

<comp id="837" class="1004" name="local_C5_38_load_load_fu_837">
<pin_list>
<pin id="838" dir="0" index="0" bw="32" slack="5"/>
<pin id="839" dir="1" index="1" bw="32" slack="0"/>
</pin_list>
<bind>
<opcode="load(27) " fcode="load"/>
<opset="local_C5_38_load/6 "/>
</bind>
</comp>

<comp id="841" class="1004" name="local_C5_39_load_load_fu_841">
<pin_list>
<pin id="842" dir="0" index="0" bw="32" slack="5"/>
<pin id="843" dir="1" index="1" bw="32" slack="0"/>
</pin_list>
<bind>
<opcode="load(27) " fcode="load"/>
<opset="local_C5_39_load/6 "/>
</bind>
</comp>

<comp id="845" class="1004" name="local_C5_40_load_load_fu_845">
<pin_list>
<pin id="846" dir="0" index="0" bw="32" slack="5"/>
<pin id="847" dir="1" index="1" bw="32" slack="0"/>
</pin_list>
<bind>
<opcode="load(27) " fcode="load"/>
<opset="local_C5_40_load/6 "/>
</bind>
</comp>

<comp id="849" class="1004" name="local_C5_41_load_load_fu_849">
<pin_list>
<pin id="850" dir="0" index="0" bw="32" slack="5"/>
<pin id="851" dir="1" index="1" bw="32" slack="0"/>
</pin_list>
<bind>
<opcode="load(27) " fcode="load"/>
<opset="local_C5_41_load/6 "/>
</bind>
</comp>

<comp id="853" class="1004" name="local_C5_42_load_load_fu_853">
<pin_list>
<pin id="854" dir="0" index="0" bw="32" slack="5"/>
<pin id="855" dir="1" index="1" bw="32" slack="0"/>
</pin_list>
<bind>
<opcode="load(27) " fcode="load"/>
<opset="local_C5_42_load/6 "/>
</bind>
</comp>

<comp id="857" class="1004" name="local_C5_43_load_load_fu_857">
<pin_list>
<pin id="858" dir="0" index="0" bw="32" slack="5"/>
<pin id="859" dir="1" index="1" bw="32" slack="0"/>
</pin_list>
<bind>
<opcode="load(27) " fcode="load"/>
<opset="local_C5_43_load/6 "/>
</bind>
</comp>

<comp id="861" class="1004" name="local_C5_44_load_load_fu_861">
<pin_list>
<pin id="862" dir="0" index="0" bw="32" slack="5"/>
<pin id="863" dir="1" index="1" bw="32" slack="0"/>
</pin_list>
<bind>
<opcode="load(27) " fcode="load"/>
<opset="local_C5_44_load/6 "/>
</bind>
</comp>

<comp id="865" class="1004" name="local_C5_45_load_load_fu_865">
<pin_list>
<pin id="866" dir="0" index="0" bw="32" slack="5"/>
<pin id="867" dir="1" index="1" bw="32" slack="0"/>
</pin_list>
<bind>
<opcode="load(27) " fcode="load"/>
<opset="local_C5_45_load/6 "/>
</bind>
</comp>

<comp id="869" class="1004" name="local_C5_46_load_load_fu_869">
<pin_list>
<pin id="870" dir="0" index="0" bw="32" slack="5"/>
<pin id="871" dir="1" index="1" bw="32" slack="0"/>
</pin_list>
<bind>
<opcode="load(27) " fcode="load"/>
<opset="local_C5_46_load/6 "/>
</bind>
</comp>

<comp id="873" class="1004" name="local_C5_47_load_load_fu_873">
<pin_list>
<pin id="874" dir="0" index="0" bw="32" slack="5"/>
<pin id="875" dir="1" index="1" bw="32" slack="0"/>
</pin_list>
<bind>
<opcode="load(27) " fcode="load"/>
<opset="local_C5_47_load/6 "/>
</bind>
</comp>

<comp id="877" class="1004" name="local_C5_48_load_load_fu_877">
<pin_list>
<pin id="878" dir="0" index="0" bw="32" slack="5"/>
<pin id="879" dir="1" index="1" bw="32" slack="0"/>
</pin_list>
<bind>
<opcode="load(27) " fcode="load"/>
<opset="local_C5_48_load/6 "/>
</bind>
</comp>

<comp id="881" class="1004" name="local_C5_49_load_load_fu_881">
<pin_list>
<pin id="882" dir="0" index="0" bw="32" slack="5"/>
<pin id="883" dir="1" index="1" bw="32" slack="0"/>
</pin_list>
<bind>
<opcode="load(27) " fcode="load"/>
<opset="local_C5_49_load/6 "/>
</bind>
</comp>

<comp id="885" class="1004" name="local_C5_50_load_load_fu_885">
<pin_list>
<pin id="886" dir="0" index="0" bw="32" slack="5"/>
<pin id="887" dir="1" index="1" bw="32" slack="0"/>
</pin_list>
<bind>
<opcode="load(27) " fcode="load"/>
<opset="local_C5_50_load/6 "/>
</bind>
</comp>

<comp id="889" class="1004" name="local_C5_51_load_load_fu_889">
<pin_list>
<pin id="890" dir="0" index="0" bw="32" slack="5"/>
<pin id="891" dir="1" index="1" bw="32" slack="0"/>
</pin_list>
<bind>
<opcode="load(27) " fcode="load"/>
<opset="local_C5_51_load/6 "/>
</bind>
</comp>

<comp id="893" class="1004" name="local_C5_52_load_load_fu_893">
<pin_list>
<pin id="894" dir="0" index="0" bw="32" slack="5"/>
<pin id="895" dir="1" index="1" bw="32" slack="0"/>
</pin_list>
<bind>
<opcode="load(27) " fcode="load"/>
<opset="local_C5_52_load/6 "/>
</bind>
</comp>

<comp id="897" class="1004" name="local_C5_53_load_load_fu_897">
<pin_list>
<pin id="898" dir="0" index="0" bw="32" slack="5"/>
<pin id="899" dir="1" index="1" bw="32" slack="0"/>
</pin_list>
<bind>
<opcode="load(27) " fcode="load"/>
<opset="local_C5_53_load/6 "/>
</bind>
</comp>

<comp id="901" class="1004" name="local_C5_54_load_load_fu_901">
<pin_list>
<pin id="902" dir="0" index="0" bw="32" slack="5"/>
<pin id="903" dir="1" index="1" bw="32" slack="0"/>
</pin_list>
<bind>
<opcode="load(27) " fcode="load"/>
<opset="local_C5_54_load/6 "/>
</bind>
</comp>

<comp id="905" class="1004" name="local_C5_55_load_load_fu_905">
<pin_list>
<pin id="906" dir="0" index="0" bw="32" slack="5"/>
<pin id="907" dir="1" index="1" bw="32" slack="0"/>
</pin_list>
<bind>
<opcode="load(27) " fcode="load"/>
<opset="local_C5_55_load/6 "/>
</bind>
</comp>

<comp id="909" class="1004" name="local_C5_56_load_load_fu_909">
<pin_list>
<pin id="910" dir="0" index="0" bw="32" slack="5"/>
<pin id="911" dir="1" index="1" bw="32" slack="0"/>
</pin_list>
<bind>
<opcode="load(27) " fcode="load"/>
<opset="local_C5_56_load/6 "/>
</bind>
</comp>

<comp id="913" class="1004" name="local_C5_57_load_load_fu_913">
<pin_list>
<pin id="914" dir="0" index="0" bw="32" slack="5"/>
<pin id="915" dir="1" index="1" bw="32" slack="0"/>
</pin_list>
<bind>
<opcode="load(27) " fcode="load"/>
<opset="local_C5_57_load/6 "/>
</bind>
</comp>

<comp id="917" class="1004" name="local_C5_58_load_load_fu_917">
<pin_list>
<pin id="918" dir="0" index="0" bw="32" slack="5"/>
<pin id="919" dir="1" index="1" bw="32" slack="0"/>
</pin_list>
<bind>
<opcode="load(27) " fcode="load"/>
<opset="local_C5_58_load/6 "/>
</bind>
</comp>

<comp id="921" class="1004" name="local_C5_59_load_load_fu_921">
<pin_list>
<pin id="922" dir="0" index="0" bw="32" slack="5"/>
<pin id="923" dir="1" index="1" bw="32" slack="0"/>
</pin_list>
<bind>
<opcode="load(27) " fcode="load"/>
<opset="local_C5_59_load/6 "/>
</bind>
</comp>

<comp id="925" class="1004" name="local_C5_60_load_load_fu_925">
<pin_list>
<pin id="926" dir="0" index="0" bw="32" slack="5"/>
<pin id="927" dir="1" index="1" bw="32" slack="0"/>
</pin_list>
<bind>
<opcode="load(27) " fcode="load"/>
<opset="local_C5_60_load/6 "/>
</bind>
</comp>

<comp id="929" class="1004" name="local_C5_61_load_load_fu_929">
<pin_list>
<pin id="930" dir="0" index="0" bw="32" slack="5"/>
<pin id="931" dir="1" index="1" bw="32" slack="0"/>
</pin_list>
<bind>
<opcode="load(27) " fcode="load"/>
<opset="local_C5_61_load/6 "/>
</bind>
</comp>

<comp id="933" class="1004" name="local_C5_62_load_load_fu_933">
<pin_list>
<pin id="934" dir="0" index="0" bw="32" slack="5"/>
<pin id="935" dir="1" index="1" bw="32" slack="0"/>
</pin_list>
<bind>
<opcode="load(27) " fcode="load"/>
<opset="local_C5_62_load/6 "/>
</bind>
</comp>

<comp id="937" class="1004" name="local_C5_63_load_load_fu_937">
<pin_list>
<pin id="938" dir="0" index="0" bw="32" slack="5"/>
<pin id="939" dir="1" index="1" bw="32" slack="0"/>
</pin_list>
<bind>
<opcode="load(27) " fcode="load"/>
<opset="local_C5_63_load/6 "/>
</bind>
</comp>

<comp id="941" class="1005" name="ni5_reg_941">
<pin_list>
<pin id="942" dir="0" index="0" bw="4" slack="0"/>
<pin id="943" dir="1" index="1" bw="4" slack="0"/>
</pin_list>
<bind>
<opset="ni5 "/>
</bind>
</comp>

<comp id="948" class="1005" name="mi5_reg_948">
<pin_list>
<pin id="949" dir="0" index="0" bw="8" slack="0"/>
<pin id="950" dir="1" index="1" bw="8" slack="0"/>
</pin_list>
<bind>
<opset="mi5 "/>
</bind>
</comp>

<comp id="955" class="1005" name="indvar_flatten20_reg_955">
<pin_list>
<pin id="956" dir="0" index="0" bw="11" slack="0"/>
<pin id="957" dir="1" index="1" bw="11" slack="0"/>
</pin_list>
<bind>
<opset="indvar_flatten20 "/>
</bind>
</comp>

<comp id="962" class="1005" name="local_C5_reg_962">
<pin_list>
<pin id="963" dir="0" index="0" bw="32" slack="3"/>
<pin id="964" dir="1" index="1" bw="32" slack="3"/>
</pin_list>
<bind>
<opset="local_C5 "/>
</bind>
</comp>

<comp id="968" class="1005" name="local_C5_1_reg_968">
<pin_list>
<pin id="969" dir="0" index="0" bw="32" slack="3"/>
<pin id="970" dir="1" index="1" bw="32" slack="3"/>
</pin_list>
<bind>
<opset="local_C5_1 "/>
</bind>
</comp>

<comp id="974" class="1005" name="local_C5_2_reg_974">
<pin_list>
<pin id="975" dir="0" index="0" bw="32" slack="3"/>
<pin id="976" dir="1" index="1" bw="32" slack="3"/>
</pin_list>
<bind>
<opset="local_C5_2 "/>
</bind>
</comp>

<comp id="980" class="1005" name="local_C5_3_reg_980">
<pin_list>
<pin id="981" dir="0" index="0" bw="32" slack="3"/>
<pin id="982" dir="1" index="1" bw="32" slack="3"/>
</pin_list>
<bind>
<opset="local_C5_3 "/>
</bind>
</comp>

<comp id="986" class="1005" name="local_C5_4_reg_986">
<pin_list>
<pin id="987" dir="0" index="0" bw="32" slack="3"/>
<pin id="988" dir="1" index="1" bw="32" slack="3"/>
</pin_list>
<bind>
<opset="local_C5_4 "/>
</bind>
</comp>

<comp id="992" class="1005" name="local_C5_5_reg_992">
<pin_list>
<pin id="993" dir="0" index="0" bw="32" slack="3"/>
<pin id="994" dir="1" index="1" bw="32" slack="3"/>
</pin_list>
<bind>
<opset="local_C5_5 "/>
</bind>
</comp>

<comp id="998" class="1005" name="local_C5_6_reg_998">
<pin_list>
<pin id="999" dir="0" index="0" bw="32" slack="3"/>
<pin id="1000" dir="1" index="1" bw="32" slack="3"/>
</pin_list>
<bind>
<opset="local_C5_6 "/>
</bind>
</comp>

<comp id="1004" class="1005" name="local_C5_7_reg_1004">
<pin_list>
<pin id="1005" dir="0" index="0" bw="32" slack="3"/>
<pin id="1006" dir="1" index="1" bw="32" slack="3"/>
</pin_list>
<bind>
<opset="local_C5_7 "/>
</bind>
</comp>

<comp id="1010" class="1005" name="local_C5_8_reg_1010">
<pin_list>
<pin id="1011" dir="0" index="0" bw="32" slack="3"/>
<pin id="1012" dir="1" index="1" bw="32" slack="3"/>
</pin_list>
<bind>
<opset="local_C5_8 "/>
</bind>
</comp>

<comp id="1016" class="1005" name="local_C5_9_reg_1016">
<pin_list>
<pin id="1017" dir="0" index="0" bw="32" slack="3"/>
<pin id="1018" dir="1" index="1" bw="32" slack="3"/>
</pin_list>
<bind>
<opset="local_C5_9 "/>
</bind>
</comp>

<comp id="1022" class="1005" name="local_C5_10_reg_1022">
<pin_list>
<pin id="1023" dir="0" index="0" bw="32" slack="3"/>
<pin id="1024" dir="1" index="1" bw="32" slack="3"/>
</pin_list>
<bind>
<opset="local_C5_10 "/>
</bind>
</comp>

<comp id="1028" class="1005" name="local_C5_11_reg_1028">
<pin_list>
<pin id="1029" dir="0" index="0" bw="32" slack="3"/>
<pin id="1030" dir="1" index="1" bw="32" slack="3"/>
</pin_list>
<bind>
<opset="local_C5_11 "/>
</bind>
</comp>

<comp id="1034" class="1005" name="local_C5_12_reg_1034">
<pin_list>
<pin id="1035" dir="0" index="0" bw="32" slack="3"/>
<pin id="1036" dir="1" index="1" bw="32" slack="3"/>
</pin_list>
<bind>
<opset="local_C5_12 "/>
</bind>
</comp>

<comp id="1040" class="1005" name="local_C5_13_reg_1040">
<pin_list>
<pin id="1041" dir="0" index="0" bw="32" slack="3"/>
<pin id="1042" dir="1" index="1" bw="32" slack="3"/>
</pin_list>
<bind>
<opset="local_C5_13 "/>
</bind>
</comp>

<comp id="1046" class="1005" name="local_C5_14_reg_1046">
<pin_list>
<pin id="1047" dir="0" index="0" bw="32" slack="3"/>
<pin id="1048" dir="1" index="1" bw="32" slack="3"/>
</pin_list>
<bind>
<opset="local_C5_14 "/>
</bind>
</comp>

<comp id="1052" class="1005" name="local_C5_15_reg_1052">
<pin_list>
<pin id="1053" dir="0" index="0" bw="32" slack="3"/>
<pin id="1054" dir="1" index="1" bw="32" slack="3"/>
</pin_list>
<bind>
<opset="local_C5_15 "/>
</bind>
</comp>

<comp id="1058" class="1005" name="local_C5_16_reg_1058">
<pin_list>
<pin id="1059" dir="0" index="0" bw="32" slack="3"/>
<pin id="1060" dir="1" index="1" bw="32" slack="3"/>
</pin_list>
<bind>
<opset="local_C5_16 "/>
</bind>
</comp>

<comp id="1064" class="1005" name="local_C5_17_reg_1064">
<pin_list>
<pin id="1065" dir="0" index="0" bw="32" slack="3"/>
<pin id="1066" dir="1" index="1" bw="32" slack="3"/>
</pin_list>
<bind>
<opset="local_C5_17 "/>
</bind>
</comp>

<comp id="1070" class="1005" name="local_C5_18_reg_1070">
<pin_list>
<pin id="1071" dir="0" index="0" bw="32" slack="3"/>
<pin id="1072" dir="1" index="1" bw="32" slack="3"/>
</pin_list>
<bind>
<opset="local_C5_18 "/>
</bind>
</comp>

<comp id="1076" class="1005" name="local_C5_19_reg_1076">
<pin_list>
<pin id="1077" dir="0" index="0" bw="32" slack="3"/>
<pin id="1078" dir="1" index="1" bw="32" slack="3"/>
</pin_list>
<bind>
<opset="local_C5_19 "/>
</bind>
</comp>

<comp id="1082" class="1005" name="local_C5_20_reg_1082">
<pin_list>
<pin id="1083" dir="0" index="0" bw="32" slack="3"/>
<pin id="1084" dir="1" index="1" bw="32" slack="3"/>
</pin_list>
<bind>
<opset="local_C5_20 "/>
</bind>
</comp>

<comp id="1088" class="1005" name="local_C5_21_reg_1088">
<pin_list>
<pin id="1089" dir="0" index="0" bw="32" slack="3"/>
<pin id="1090" dir="1" index="1" bw="32" slack="3"/>
</pin_list>
<bind>
<opset="local_C5_21 "/>
</bind>
</comp>

<comp id="1094" class="1005" name="local_C5_22_reg_1094">
<pin_list>
<pin id="1095" dir="0" index="0" bw="32" slack="3"/>
<pin id="1096" dir="1" index="1" bw="32" slack="3"/>
</pin_list>
<bind>
<opset="local_C5_22 "/>
</bind>
</comp>

<comp id="1100" class="1005" name="local_C5_23_reg_1100">
<pin_list>
<pin id="1101" dir="0" index="0" bw="32" slack="3"/>
<pin id="1102" dir="1" index="1" bw="32" slack="3"/>
</pin_list>
<bind>
<opset="local_C5_23 "/>
</bind>
</comp>

<comp id="1106" class="1005" name="local_C5_24_reg_1106">
<pin_list>
<pin id="1107" dir="0" index="0" bw="32" slack="3"/>
<pin id="1108" dir="1" index="1" bw="32" slack="3"/>
</pin_list>
<bind>
<opset="local_C5_24 "/>
</bind>
</comp>

<comp id="1112" class="1005" name="local_C5_25_reg_1112">
<pin_list>
<pin id="1113" dir="0" index="0" bw="32" slack="3"/>
<pin id="1114" dir="1" index="1" bw="32" slack="3"/>
</pin_list>
<bind>
<opset="local_C5_25 "/>
</bind>
</comp>

<comp id="1118" class="1005" name="local_C5_26_reg_1118">
<pin_list>
<pin id="1119" dir="0" index="0" bw="32" slack="3"/>
<pin id="1120" dir="1" index="1" bw="32" slack="3"/>
</pin_list>
<bind>
<opset="local_C5_26 "/>
</bind>
</comp>

<comp id="1124" class="1005" name="local_C5_27_reg_1124">
<pin_list>
<pin id="1125" dir="0" index="0" bw="32" slack="3"/>
<pin id="1126" dir="1" index="1" bw="32" slack="3"/>
</pin_list>
<bind>
<opset="local_C5_27 "/>
</bind>
</comp>

<comp id="1130" class="1005" name="local_C5_28_reg_1130">
<pin_list>
<pin id="1131" dir="0" index="0" bw="32" slack="3"/>
<pin id="1132" dir="1" index="1" bw="32" slack="3"/>
</pin_list>
<bind>
<opset="local_C5_28 "/>
</bind>
</comp>

<comp id="1136" class="1005" name="local_C5_29_reg_1136">
<pin_list>
<pin id="1137" dir="0" index="0" bw="32" slack="3"/>
<pin id="1138" dir="1" index="1" bw="32" slack="3"/>
</pin_list>
<bind>
<opset="local_C5_29 "/>
</bind>
</comp>

<comp id="1142" class="1005" name="local_C5_30_reg_1142">
<pin_list>
<pin id="1143" dir="0" index="0" bw="32" slack="3"/>
<pin id="1144" dir="1" index="1" bw="32" slack="3"/>
</pin_list>
<bind>
<opset="local_C5_30 "/>
</bind>
</comp>

<comp id="1148" class="1005" name="local_C5_31_reg_1148">
<pin_list>
<pin id="1149" dir="0" index="0" bw="32" slack="3"/>
<pin id="1150" dir="1" index="1" bw="32" slack="3"/>
</pin_list>
<bind>
<opset="local_C5_31 "/>
</bind>
</comp>

<comp id="1154" class="1005" name="local_C5_32_reg_1154">
<pin_list>
<pin id="1155" dir="0" index="0" bw="32" slack="3"/>
<pin id="1156" dir="1" index="1" bw="32" slack="3"/>
</pin_list>
<bind>
<opset="local_C5_32 "/>
</bind>
</comp>

<comp id="1160" class="1005" name="local_C5_33_reg_1160">
<pin_list>
<pin id="1161" dir="0" index="0" bw="32" slack="3"/>
<pin id="1162" dir="1" index="1" bw="32" slack="3"/>
</pin_list>
<bind>
<opset="local_C5_33 "/>
</bind>
</comp>

<comp id="1166" class="1005" name="local_C5_34_reg_1166">
<pin_list>
<pin id="1167" dir="0" index="0" bw="32" slack="3"/>
<pin id="1168" dir="1" index="1" bw="32" slack="3"/>
</pin_list>
<bind>
<opset="local_C5_34 "/>
</bind>
</comp>

<comp id="1172" class="1005" name="local_C5_35_reg_1172">
<pin_list>
<pin id="1173" dir="0" index="0" bw="32" slack="3"/>
<pin id="1174" dir="1" index="1" bw="32" slack="3"/>
</pin_list>
<bind>
<opset="local_C5_35 "/>
</bind>
</comp>

<comp id="1178" class="1005" name="local_C5_36_reg_1178">
<pin_list>
<pin id="1179" dir="0" index="0" bw="32" slack="3"/>
<pin id="1180" dir="1" index="1" bw="32" slack="3"/>
</pin_list>
<bind>
<opset="local_C5_36 "/>
</bind>
</comp>

<comp id="1184" class="1005" name="local_C5_37_reg_1184">
<pin_list>
<pin id="1185" dir="0" index="0" bw="32" slack="3"/>
<pin id="1186" dir="1" index="1" bw="32" slack="3"/>
</pin_list>
<bind>
<opset="local_C5_37 "/>
</bind>
</comp>

<comp id="1190" class="1005" name="local_C5_38_reg_1190">
<pin_list>
<pin id="1191" dir="0" index="0" bw="32" slack="3"/>
<pin id="1192" dir="1" index="1" bw="32" slack="3"/>
</pin_list>
<bind>
<opset="local_C5_38 "/>
</bind>
</comp>

<comp id="1196" class="1005" name="local_C5_39_reg_1196">
<pin_list>
<pin id="1197" dir="0" index="0" bw="32" slack="3"/>
<pin id="1198" dir="1" index="1" bw="32" slack="3"/>
</pin_list>
<bind>
<opset="local_C5_39 "/>
</bind>
</comp>

<comp id="1202" class="1005" name="local_C5_40_reg_1202">
<pin_list>
<pin id="1203" dir="0" index="0" bw="32" slack="3"/>
<pin id="1204" dir="1" index="1" bw="32" slack="3"/>
</pin_list>
<bind>
<opset="local_C5_40 "/>
</bind>
</comp>

<comp id="1208" class="1005" name="local_C5_41_reg_1208">
<pin_list>
<pin id="1209" dir="0" index="0" bw="32" slack="3"/>
<pin id="1210" dir="1" index="1" bw="32" slack="3"/>
</pin_list>
<bind>
<opset="local_C5_41 "/>
</bind>
</comp>

<comp id="1214" class="1005" name="local_C5_42_reg_1214">
<pin_list>
<pin id="1215" dir="0" index="0" bw="32" slack="3"/>
<pin id="1216" dir="1" index="1" bw="32" slack="3"/>
</pin_list>
<bind>
<opset="local_C5_42 "/>
</bind>
</comp>

<comp id="1220" class="1005" name="local_C5_43_reg_1220">
<pin_list>
<pin id="1221" dir="0" index="0" bw="32" slack="3"/>
<pin id="1222" dir="1" index="1" bw="32" slack="3"/>
</pin_list>
<bind>
<opset="local_C5_43 "/>
</bind>
</comp>

<comp id="1226" class="1005" name="local_C5_44_reg_1226">
<pin_list>
<pin id="1227" dir="0" index="0" bw="32" slack="3"/>
<pin id="1228" dir="1" index="1" bw="32" slack="3"/>
</pin_list>
<bind>
<opset="local_C5_44 "/>
</bind>
</comp>

<comp id="1232" class="1005" name="local_C5_45_reg_1232">
<pin_list>
<pin id="1233" dir="0" index="0" bw="32" slack="3"/>
<pin id="1234" dir="1" index="1" bw="32" slack="3"/>
</pin_list>
<bind>
<opset="local_C5_45 "/>
</bind>
</comp>

<comp id="1238" class="1005" name="local_C5_46_reg_1238">
<pin_list>
<pin id="1239" dir="0" index="0" bw="32" slack="3"/>
<pin id="1240" dir="1" index="1" bw="32" slack="3"/>
</pin_list>
<bind>
<opset="local_C5_46 "/>
</bind>
</comp>

<comp id="1244" class="1005" name="local_C5_47_reg_1244">
<pin_list>
<pin id="1245" dir="0" index="0" bw="32" slack="3"/>
<pin id="1246" dir="1" index="1" bw="32" slack="3"/>
</pin_list>
<bind>
<opset="local_C5_47 "/>
</bind>
</comp>

<comp id="1250" class="1005" name="local_C5_48_reg_1250">
<pin_list>
<pin id="1251" dir="0" index="0" bw="32" slack="3"/>
<pin id="1252" dir="1" index="1" bw="32" slack="3"/>
</pin_list>
<bind>
<opset="local_C5_48 "/>
</bind>
</comp>

<comp id="1256" class="1005" name="local_C5_49_reg_1256">
<pin_list>
<pin id="1257" dir="0" index="0" bw="32" slack="3"/>
<pin id="1258" dir="1" index="1" bw="32" slack="3"/>
</pin_list>
<bind>
<opset="local_C5_49 "/>
</bind>
</comp>

<comp id="1262" class="1005" name="local_C5_50_reg_1262">
<pin_list>
<pin id="1263" dir="0" index="0" bw="32" slack="3"/>
<pin id="1264" dir="1" index="1" bw="32" slack="3"/>
</pin_list>
<bind>
<opset="local_C5_50 "/>
</bind>
</comp>

<comp id="1268" class="1005" name="local_C5_51_reg_1268">
<pin_list>
<pin id="1269" dir="0" index="0" bw="32" slack="3"/>
<pin id="1270" dir="1" index="1" bw="32" slack="3"/>
</pin_list>
<bind>
<opset="local_C5_51 "/>
</bind>
</comp>

<comp id="1274" class="1005" name="local_C5_52_reg_1274">
<pin_list>
<pin id="1275" dir="0" index="0" bw="32" slack="3"/>
<pin id="1276" dir="1" index="1" bw="32" slack="3"/>
</pin_list>
<bind>
<opset="local_C5_52 "/>
</bind>
</comp>

<comp id="1280" class="1005" name="local_C5_53_reg_1280">
<pin_list>
<pin id="1281" dir="0" index="0" bw="32" slack="3"/>
<pin id="1282" dir="1" index="1" bw="32" slack="3"/>
</pin_list>
<bind>
<opset="local_C5_53 "/>
</bind>
</comp>

<comp id="1286" class="1005" name="local_C5_54_reg_1286">
<pin_list>
<pin id="1287" dir="0" index="0" bw="32" slack="3"/>
<pin id="1288" dir="1" index="1" bw="32" slack="3"/>
</pin_list>
<bind>
<opset="local_C5_54 "/>
</bind>
</comp>

<comp id="1292" class="1005" name="local_C5_55_reg_1292">
<pin_list>
<pin id="1293" dir="0" index="0" bw="32" slack="3"/>
<pin id="1294" dir="1" index="1" bw="32" slack="3"/>
</pin_list>
<bind>
<opset="local_C5_55 "/>
</bind>
</comp>

<comp id="1298" class="1005" name="local_C5_56_reg_1298">
<pin_list>
<pin id="1299" dir="0" index="0" bw="32" slack="3"/>
<pin id="1300" dir="1" index="1" bw="32" slack="3"/>
</pin_list>
<bind>
<opset="local_C5_56 "/>
</bind>
</comp>

<comp id="1304" class="1005" name="local_C5_57_reg_1304">
<pin_list>
<pin id="1305" dir="0" index="0" bw="32" slack="3"/>
<pin id="1306" dir="1" index="1" bw="32" slack="3"/>
</pin_list>
<bind>
<opset="local_C5_57 "/>
</bind>
</comp>

<comp id="1310" class="1005" name="local_C5_58_reg_1310">
<pin_list>
<pin id="1311" dir="0" index="0" bw="32" slack="3"/>
<pin id="1312" dir="1" index="1" bw="32" slack="3"/>
</pin_list>
<bind>
<opset="local_C5_58 "/>
</bind>
</comp>

<comp id="1316" class="1005" name="local_C5_59_reg_1316">
<pin_list>
<pin id="1317" dir="0" index="0" bw="32" slack="3"/>
<pin id="1318" dir="1" index="1" bw="32" slack="3"/>
</pin_list>
<bind>
<opset="local_C5_59 "/>
</bind>
</comp>

<comp id="1322" class="1005" name="local_C5_60_reg_1322">
<pin_list>
<pin id="1323" dir="0" index="0" bw="32" slack="3"/>
<pin id="1324" dir="1" index="1" bw="32" slack="3"/>
</pin_list>
<bind>
<opset="local_C5_60 "/>
</bind>
</comp>

<comp id="1328" class="1005" name="local_C5_61_reg_1328">
<pin_list>
<pin id="1329" dir="0" index="0" bw="32" slack="3"/>
<pin id="1330" dir="1" index="1" bw="32" slack="3"/>
</pin_list>
<bind>
<opset="local_C5_61 "/>
</bind>
</comp>

<comp id="1334" class="1005" name="local_C5_62_reg_1334">
<pin_list>
<pin id="1335" dir="0" index="0" bw="32" slack="3"/>
<pin id="1336" dir="1" index="1" bw="32" slack="3"/>
</pin_list>
<bind>
<opset="local_C5_62 "/>
</bind>
</comp>

<comp id="1340" class="1005" name="local_C5_63_reg_1340">
<pin_list>
<pin id="1341" dir="0" index="0" bw="32" slack="3"/>
<pin id="1342" dir="1" index="1" bw="32" slack="3"/>
</pin_list>
<bind>
<opset="local_C5_63 "/>
</bind>
</comp>

<comp id="1349" class="1005" name="p_mid2_reg_1349">
<pin_list>
<pin id="1350" dir="0" index="0" bw="10" slack="1"/>
<pin id="1351" dir="1" index="1" bw="10" slack="1"/>
</pin_list>
<bind>
<opset="p_mid2 "/>
</bind>
</comp>

<comp id="1355" class="1005" name="v8556_reg_1355">
<pin_list>
<pin id="1356" dir="0" index="0" bw="1" slack="1"/>
<pin id="1357" dir="1" index="1" bw="1" slack="1"/>
</pin_list>
<bind>
<opset="v8556 "/>
</bind>
</comp>

<comp id="1360" class="1005" name="tmp_s_reg_1360">
<pin_list>
<pin id="1361" dir="0" index="0" bw="6" slack="1"/>
<pin id="1362" dir="1" index="1" bw="6" slack="1"/>
</pin_list>
<bind>
<opset="tmp_s "/>
</bind>
</comp>

</comp_list>

<net_list>
<net id="51"><net_src comp="6" pin="0"/><net_sink comp="48" pin=0"/></net>

<net id="55"><net_src comp="6" pin="0"/><net_sink comp="52" pin=0"/></net>

<net id="59"><net_src comp="6" pin="0"/><net_sink comp="56" pin=0"/></net>

<net id="63"><net_src comp="8" pin="0"/><net_sink comp="60" pin=0"/></net>

<net id="67"><net_src comp="8" pin="0"/><net_sink comp="64" pin=0"/></net>

<net id="71"><net_src comp="8" pin="0"/><net_sink comp="68" pin=0"/></net>

<net id="75"><net_src comp="8" pin="0"/><net_sink comp="72" pin=0"/></net>

<net id="79"><net_src comp="8" pin="0"/><net_sink comp="76" pin=0"/></net>

<net id="83"><net_src comp="8" pin="0"/><net_sink comp="80" pin=0"/></net>

<net id="87"><net_src comp="8" pin="0"/><net_sink comp="84" pin=0"/></net>

<net id="91"><net_src comp="8" pin="0"/><net_sink comp="88" pin=0"/></net>

<net id="95"><net_src comp="8" pin="0"/><net_sink comp="92" pin=0"/></net>

<net id="99"><net_src comp="8" pin="0"/><net_sink comp="96" pin=0"/></net>

<net id="103"><net_src comp="8" pin="0"/><net_sink comp="100" pin=0"/></net>

<net id="107"><net_src comp="8" pin="0"/><net_sink comp="104" pin=0"/></net>

<net id="111"><net_src comp="8" pin="0"/><net_sink comp="108" pin=0"/></net>

<net id="115"><net_src comp="8" pin="0"/><net_sink comp="112" pin=0"/></net>

<net id="119"><net_src comp="8" pin="0"/><net_sink comp="116" pin=0"/></net>

<net id="123"><net_src comp="8" pin="0"/><net_sink comp="120" pin=0"/></net>

<net id="127"><net_src comp="8" pin="0"/><net_sink comp="124" pin=0"/></net>

<net id="131"><net_src comp="8" pin="0"/><net_sink comp="128" pin=0"/></net>

<net id="135"><net_src comp="8" pin="0"/><net_sink comp="132" pin=0"/></net>

<net id="139"><net_src comp="8" pin="0"/><net_sink comp="136" pin=0"/></net>

<net id="143"><net_src comp="8" pin="0"/><net_sink comp="140" pin=0"/></net>

<net id="147"><net_src comp="8" pin="0"/><net_sink comp="144" pin=0"/></net>

<net id="151"><net_src comp="8" pin="0"/><net_sink comp="148" pin=0"/></net>

<net id="155"><net_src comp="8" pin="0"/><net_sink comp="152" pin=0"/></net>

<net id="159"><net_src comp="8" pin="0"/><net_sink comp="156" pin=0"/></net>

<net id="163"><net_src comp="8" pin="0"/><net_sink comp="160" pin=0"/></net>

<net id="167"><net_src comp="8" pin="0"/><net_sink comp="164" pin=0"/></net>

<net id="171"><net_src comp="8" pin="0"/><net_sink comp="168" pin=0"/></net>

<net id="175"><net_src comp="8" pin="0"/><net_sink comp="172" pin=0"/></net>

<net id="179"><net_src comp="8" pin="0"/><net_sink comp="176" pin=0"/></net>

<net id="183"><net_src comp="8" pin="0"/><net_sink comp="180" pin=0"/></net>

<net id="187"><net_src comp="8" pin="0"/><net_sink comp="184" pin=0"/></net>

<net id="191"><net_src comp="8" pin="0"/><net_sink comp="188" pin=0"/></net>

<net id="195"><net_src comp="8" pin="0"/><net_sink comp="192" pin=0"/></net>

<net id="199"><net_src comp="8" pin="0"/><net_sink comp="196" pin=0"/></net>

<net id="203"><net_src comp="8" pin="0"/><net_sink comp="200" pin=0"/></net>

<net id="207"><net_src comp="8" pin="0"/><net_sink comp="204" pin=0"/></net>

<net id="211"><net_src comp="8" pin="0"/><net_sink comp="208" pin=0"/></net>

<net id="215"><net_src comp="8" pin="0"/><net_sink comp="212" pin=0"/></net>

<net id="219"><net_src comp="8" pin="0"/><net_sink comp="216" pin=0"/></net>

<net id="223"><net_src comp="8" pin="0"/><net_sink comp="220" pin=0"/></net>

<net id="227"><net_src comp="8" pin="0"/><net_sink comp="224" pin=0"/></net>

<net id="231"><net_src comp="8" pin="0"/><net_sink comp="228" pin=0"/></net>

<net id="235"><net_src comp="8" pin="0"/><net_sink comp="232" pin=0"/></net>

<net id="239"><net_src comp="8" pin="0"/><net_sink comp="236" pin=0"/></net>

<net id="243"><net_src comp="8" pin="0"/><net_sink comp="240" pin=0"/></net>

<net id="247"><net_src comp="8" pin="0"/><net_sink comp="244" pin=0"/></net>

<net id="251"><net_src comp="8" pin="0"/><net_sink comp="248" pin=0"/></net>

<net id="255"><net_src comp="8" pin="0"/><net_sink comp="252" pin=0"/></net>

<net id="259"><net_src comp="8" pin="0"/><net_sink comp="256" pin=0"/></net>

<net id="263"><net_src comp="8" pin="0"/><net_sink comp="260" pin=0"/></net>

<net id="267"><net_src comp="8" pin="0"/><net_sink comp="264" pin=0"/></net>

<net id="271"><net_src comp="8" pin="0"/><net_sink comp="268" pin=0"/></net>

<net id="275"><net_src comp="8" pin="0"/><net_sink comp="272" pin=0"/></net>

<net id="279"><net_src comp="8" pin="0"/><net_sink comp="276" pin=0"/></net>

<net id="283"><net_src comp="8" pin="0"/><net_sink comp="280" pin=0"/></net>

<net id="287"><net_src comp="8" pin="0"/><net_sink comp="284" pin=0"/></net>

<net id="291"><net_src comp="8" pin="0"/><net_sink comp="288" pin=0"/></net>

<net id="295"><net_src comp="8" pin="0"/><net_sink comp="292" pin=0"/></net>

<net id="299"><net_src comp="8" pin="0"/><net_sink comp="296" pin=0"/></net>

<net id="303"><net_src comp="8" pin="0"/><net_sink comp="300" pin=0"/></net>

<net id="307"><net_src comp="8" pin="0"/><net_sink comp="304" pin=0"/></net>

<net id="311"><net_src comp="8" pin="0"/><net_sink comp="308" pin=0"/></net>

<net id="315"><net_src comp="8" pin="0"/><net_sink comp="312" pin=0"/></net>

<net id="319"><net_src comp="8" pin="0"/><net_sink comp="316" pin=0"/></net>

<net id="323"><net_src comp="8" pin="0"/><net_sink comp="320" pin=0"/></net>

<net id="327"><net_src comp="8" pin="0"/><net_sink comp="324" pin=0"/></net>

<net id="331"><net_src comp="8" pin="0"/><net_sink comp="328" pin=0"/></net>

<net id="335"><net_src comp="8" pin="0"/><net_sink comp="332" pin=0"/></net>

<net id="339"><net_src comp="8" pin="0"/><net_sink comp="336" pin=0"/></net>

<net id="343"><net_src comp="8" pin="0"/><net_sink comp="340" pin=0"/></net>

<net id="347"><net_src comp="8" pin="0"/><net_sink comp="344" pin=0"/></net>

<net id="351"><net_src comp="8" pin="0"/><net_sink comp="348" pin=0"/></net>

<net id="355"><net_src comp="8" pin="0"/><net_sink comp="352" pin=0"/></net>

<net id="359"><net_src comp="8" pin="0"/><net_sink comp="356" pin=0"/></net>

<net id="363"><net_src comp="8" pin="0"/><net_sink comp="360" pin=0"/></net>

<net id="367"><net_src comp="8" pin="0"/><net_sink comp="364" pin=0"/></net>

<net id="371"><net_src comp="8" pin="0"/><net_sink comp="368" pin=0"/></net>

<net id="375"><net_src comp="8" pin="0"/><net_sink comp="372" pin=0"/></net>

<net id="379"><net_src comp="8" pin="0"/><net_sink comp="376" pin=0"/></net>

<net id="394"><net_src comp="28" pin="0"/><net_sink comp="380" pin=0"/></net>

<net id="395"><net_src comp="0" pin="0"/><net_sink comp="380" pin=11"/></net>

<net id="409"><net_src comp="32" pin="0"/><net_sink comp="396" pin=0"/></net>

<net id="410"><net_src comp="2" pin="0"/><net_sink comp="396" pin=10"/></net>

<net id="494"><net_src comp="36" pin="0"/><net_sink comp="411" pin=0"/></net>

<net id="565"><net_src comp="38" pin="0"/><net_sink comp="495" pin=0"/></net>

<net id="566"><net_src comp="4" pin="0"/><net_sink comp="495" pin=67"/></net>

<net id="571"><net_src comp="10" pin="0"/><net_sink comp="567" pin=0"/></net>

<net id="576"><net_src comp="12" pin="0"/><net_sink comp="572" pin=0"/></net>

<net id="581"><net_src comp="14" pin="0"/><net_sink comp="577" pin=0"/></net>

<net id="589"><net_src comp="582" pin="1"/><net_sink comp="585" pin=0"/></net>

<net id="590"><net_src comp="16" pin="0"/><net_sink comp="585" pin=1"/></net>

<net id="595"><net_src comp="582" pin="1"/><net_sink comp="591" pin=0"/></net>

<net id="596"><net_src comp="18" pin="0"/><net_sink comp="591" pin=1"/></net>

<net id="607"><net_src comp="600" pin="1"/><net_sink comp="603" pin=0"/></net>

<net id="608"><net_src comp="20" pin="0"/><net_sink comp="603" pin=1"/></net>

<net id="613"><net_src comp="597" pin="1"/><net_sink comp="609" pin=0"/></net>

<net id="614"><net_src comp="22" pin="0"/><net_sink comp="609" pin=1"/></net>

<net id="620"><net_src comp="609" pin="2"/><net_sink comp="615" pin=0"/></net>

<net id="621"><net_src comp="14" pin="0"/><net_sink comp="615" pin=1"/></net>

<net id="622"><net_src comp="597" pin="1"/><net_sink comp="615" pin=2"/></net>

<net id="628"><net_src comp="609" pin="2"/><net_sink comp="623" pin=0"/></net>

<net id="629"><net_src comp="603" pin="2"/><net_sink comp="623" pin=1"/></net>

<net id="630"><net_src comp="600" pin="1"/><net_sink comp="623" pin=2"/></net>

<net id="634"><net_src comp="623" pin="3"/><net_sink comp="631" pin=0"/></net>

<net id="640"><net_src comp="24" pin="0"/><net_sink comp="635" pin=0"/></net>

<net id="641"><net_src comp="631" pin="1"/><net_sink comp="635" pin=1"/></net>

<net id="642"><net_src comp="26" pin="0"/><net_sink comp="635" pin=2"/></net>

<net id="643"><net_src comp="635" pin="3"/><net_sink comp="380" pin=10"/></net>

<net id="648"><net_src comp="615" pin="3"/><net_sink comp="644" pin=0"/></net>

<net id="649"><net_src comp="14" pin="0"/><net_sink comp="644" pin=1"/></net>

<net id="650"><net_src comp="644" pin="2"/><net_sink comp="380" pin=9"/></net>

<net id="654"><net_src comp="615" pin="3"/><net_sink comp="651" pin=0"/></net>

<net id="660"><net_src comp="30" pin="0"/><net_sink comp="655" pin=0"/></net>

<net id="661"><net_src comp="651" pin="1"/><net_sink comp="655" pin=1"/></net>

<net id="662"><net_src comp="26" pin="0"/><net_sink comp="655" pin=2"/></net>

<net id="663"><net_src comp="655" pin="3"/><net_sink comp="396" pin=9"/></net>

<net id="668"><net_src comp="615" pin="3"/><net_sink comp="664" pin=0"/></net>

<net id="669"><net_src comp="34" pin="0"/><net_sink comp="664" pin=1"/></net>

<net id="674"><net_src comp="591" pin="2"/><net_sink comp="670" pin=0"/></net>

<net id="679"><net_src comp="623" pin="3"/><net_sink comp="675" pin=0"/></net>

<net id="684"><net_src comp="664" pin="2"/><net_sink comp="680" pin=0"/></net>

<net id="688"><net_src comp="685" pin="1"/><net_sink comp="495" pin=2"/></net>

<net id="692"><net_src comp="689" pin="1"/><net_sink comp="495" pin=3"/></net>

<net id="696"><net_src comp="693" pin="1"/><net_sink comp="495" pin=4"/></net>

<net id="700"><net_src comp="697" pin="1"/><net_sink comp="495" pin=5"/></net>

<net id="704"><net_src comp="701" pin="1"/><net_sink comp="495" pin=6"/></net>

<net id="708"><net_src comp="705" pin="1"/><net_sink comp="495" pin=7"/></net>

<net id="712"><net_src comp="709" pin="1"/><net_sink comp="495" pin=8"/></net>

<net id="716"><net_src comp="713" pin="1"/><net_sink comp="495" pin=9"/></net>

<net id="720"><net_src comp="717" pin="1"/><net_sink comp="495" pin=10"/></net>

<net id="724"><net_src comp="721" pin="1"/><net_sink comp="495" pin=11"/></net>

<net id="728"><net_src comp="725" pin="1"/><net_sink comp="495" pin=12"/></net>

<net id="732"><net_src comp="729" pin="1"/><net_sink comp="495" pin=13"/></net>

<net id="736"><net_src comp="733" pin="1"/><net_sink comp="495" pin=14"/></net>

<net id="740"><net_src comp="737" pin="1"/><net_sink comp="495" pin=15"/></net>

<net id="744"><net_src comp="741" pin="1"/><net_sink comp="495" pin=16"/></net>

<net id="748"><net_src comp="745" pin="1"/><net_sink comp="495" pin=17"/></net>

<net id="752"><net_src comp="749" pin="1"/><net_sink comp="495" pin=18"/></net>

<net id="756"><net_src comp="753" pin="1"/><net_sink comp="495" pin=19"/></net>

<net id="760"><net_src comp="757" pin="1"/><net_sink comp="495" pin=20"/></net>

<net id="764"><net_src comp="761" pin="1"/><net_sink comp="495" pin=21"/></net>

<net id="768"><net_src comp="765" pin="1"/><net_sink comp="495" pin=22"/></net>

<net id="772"><net_src comp="769" pin="1"/><net_sink comp="495" pin=23"/></net>

<net id="776"><net_src comp="773" pin="1"/><net_sink comp="495" pin=24"/></net>

<net id="780"><net_src comp="777" pin="1"/><net_sink comp="495" pin=25"/></net>

<net id="784"><net_src comp="781" pin="1"/><net_sink comp="495" pin=26"/></net>

<net id="788"><net_src comp="785" pin="1"/><net_sink comp="495" pin=27"/></net>

<net id="792"><net_src comp="789" pin="1"/><net_sink comp="495" pin=28"/></net>

<net id="796"><net_src comp="793" pin="1"/><net_sink comp="495" pin=29"/></net>

<net id="800"><net_src comp="797" pin="1"/><net_sink comp="495" pin=30"/></net>

<net id="804"><net_src comp="801" pin="1"/><net_sink comp="495" pin=31"/></net>

<net id="808"><net_src comp="805" pin="1"/><net_sink comp="495" pin=32"/></net>

<net id="812"><net_src comp="809" pin="1"/><net_sink comp="495" pin=33"/></net>

<net id="816"><net_src comp="813" pin="1"/><net_sink comp="495" pin=34"/></net>

<net id="820"><net_src comp="817" pin="1"/><net_sink comp="495" pin=35"/></net>

<net id="824"><net_src comp="821" pin="1"/><net_sink comp="495" pin=36"/></net>

<net id="828"><net_src comp="825" pin="1"/><net_sink comp="495" pin=37"/></net>

<net id="832"><net_src comp="829" pin="1"/><net_sink comp="495" pin=38"/></net>

<net id="836"><net_src comp="833" pin="1"/><net_sink comp="495" pin=39"/></net>

<net id="840"><net_src comp="837" pin="1"/><net_sink comp="495" pin=40"/></net>

<net id="844"><net_src comp="841" pin="1"/><net_sink comp="495" pin=41"/></net>

<net id="848"><net_src comp="845" pin="1"/><net_sink comp="495" pin=42"/></net>

<net id="852"><net_src comp="849" pin="1"/><net_sink comp="495" pin=43"/></net>

<net id="856"><net_src comp="853" pin="1"/><net_sink comp="495" pin=44"/></net>

<net id="860"><net_src comp="857" pin="1"/><net_sink comp="495" pin=45"/></net>

<net id="864"><net_src comp="861" pin="1"/><net_sink comp="495" pin=46"/></net>

<net id="868"><net_src comp="865" pin="1"/><net_sink comp="495" pin=47"/></net>

<net id="872"><net_src comp="869" pin="1"/><net_sink comp="495" pin=48"/></net>

<net id="876"><net_src comp="873" pin="1"/><net_sink comp="495" pin=49"/></net>

<net id="880"><net_src comp="877" pin="1"/><net_sink comp="495" pin=50"/></net>

<net id="884"><net_src comp="881" pin="1"/><net_sink comp="495" pin=51"/></net>

<net id="888"><net_src comp="885" pin="1"/><net_sink comp="495" pin=52"/></net>

<net id="892"><net_src comp="889" pin="1"/><net_sink comp="495" pin=53"/></net>

<net id="896"><net_src comp="893" pin="1"/><net_sink comp="495" pin=54"/></net>

<net id="900"><net_src comp="897" pin="1"/><net_sink comp="495" pin=55"/></net>

<net id="904"><net_src comp="901" pin="1"/><net_sink comp="495" pin=56"/></net>

<net id="908"><net_src comp="905" pin="1"/><net_sink comp="495" pin=57"/></net>

<net id="912"><net_src comp="909" pin="1"/><net_sink comp="495" pin=58"/></net>

<net id="916"><net_src comp="913" pin="1"/><net_sink comp="495" pin=59"/></net>

<net id="920"><net_src comp="917" pin="1"/><net_sink comp="495" pin=60"/></net>

<net id="924"><net_src comp="921" pin="1"/><net_sink comp="495" pin=61"/></net>

<net id="928"><net_src comp="925" pin="1"/><net_sink comp="495" pin=62"/></net>

<net id="932"><net_src comp="929" pin="1"/><net_sink comp="495" pin=63"/></net>

<net id="936"><net_src comp="933" pin="1"/><net_sink comp="495" pin=64"/></net>

<net id="940"><net_src comp="937" pin="1"/><net_sink comp="495" pin=65"/></net>

<net id="944"><net_src comp="48" pin="1"/><net_sink comp="941" pin=0"/></net>

<net id="945"><net_src comp="941" pin="1"/><net_sink comp="577" pin=1"/></net>

<net id="946"><net_src comp="941" pin="1"/><net_sink comp="597" pin=0"/></net>

<net id="947"><net_src comp="941" pin="1"/><net_sink comp="680" pin=1"/></net>

<net id="951"><net_src comp="52" pin="1"/><net_sink comp="948" pin=0"/></net>

<net id="952"><net_src comp="948" pin="1"/><net_sink comp="572" pin=1"/></net>

<net id="953"><net_src comp="948" pin="1"/><net_sink comp="600" pin=0"/></net>

<net id="954"><net_src comp="948" pin="1"/><net_sink comp="675" pin=1"/></net>

<net id="958"><net_src comp="56" pin="1"/><net_sink comp="955" pin=0"/></net>

<net id="959"><net_src comp="955" pin="1"/><net_sink comp="567" pin=1"/></net>

<net id="960"><net_src comp="955" pin="1"/><net_sink comp="582" pin=0"/></net>

<net id="961"><net_src comp="955" pin="1"/><net_sink comp="670" pin=1"/></net>

<net id="965"><net_src comp="124" pin="1"/><net_sink comp="962" pin=0"/></net>

<net id="966"><net_src comp="962" pin="1"/><net_sink comp="411" pin=17"/></net>

<net id="967"><net_src comp="962" pin="1"/><net_sink comp="685" pin=0"/></net>

<net id="971"><net_src comp="128" pin="1"/><net_sink comp="968" pin=0"/></net>

<net id="972"><net_src comp="968" pin="1"/><net_sink comp="411" pin=18"/></net>

<net id="973"><net_src comp="968" pin="1"/><net_sink comp="689" pin=0"/></net>

<net id="977"><net_src comp="132" pin="1"/><net_sink comp="974" pin=0"/></net>

<net id="978"><net_src comp="974" pin="1"/><net_sink comp="411" pin=19"/></net>

<net id="979"><net_src comp="974" pin="1"/><net_sink comp="693" pin=0"/></net>

<net id="983"><net_src comp="136" pin="1"/><net_sink comp="980" pin=0"/></net>

<net id="984"><net_src comp="980" pin="1"/><net_sink comp="411" pin=20"/></net>

<net id="985"><net_src comp="980" pin="1"/><net_sink comp="697" pin=0"/></net>

<net id="989"><net_src comp="140" pin="1"/><net_sink comp="986" pin=0"/></net>

<net id="990"><net_src comp="986" pin="1"/><net_sink comp="411" pin=21"/></net>

<net id="991"><net_src comp="986" pin="1"/><net_sink comp="701" pin=0"/></net>

<net id="995"><net_src comp="144" pin="1"/><net_sink comp="992" pin=0"/></net>

<net id="996"><net_src comp="992" pin="1"/><net_sink comp="411" pin=22"/></net>

<net id="997"><net_src comp="992" pin="1"/><net_sink comp="705" pin=0"/></net>

<net id="1001"><net_src comp="148" pin="1"/><net_sink comp="998" pin=0"/></net>

<net id="1002"><net_src comp="998" pin="1"/><net_sink comp="411" pin=23"/></net>

<net id="1003"><net_src comp="998" pin="1"/><net_sink comp="709" pin=0"/></net>

<net id="1007"><net_src comp="152" pin="1"/><net_sink comp="1004" pin=0"/></net>

<net id="1008"><net_src comp="1004" pin="1"/><net_sink comp="411" pin=24"/></net>

<net id="1009"><net_src comp="1004" pin="1"/><net_sink comp="713" pin=0"/></net>

<net id="1013"><net_src comp="156" pin="1"/><net_sink comp="1010" pin=0"/></net>

<net id="1014"><net_src comp="1010" pin="1"/><net_sink comp="411" pin=25"/></net>

<net id="1015"><net_src comp="1010" pin="1"/><net_sink comp="717" pin=0"/></net>

<net id="1019"><net_src comp="160" pin="1"/><net_sink comp="1016" pin=0"/></net>

<net id="1020"><net_src comp="1016" pin="1"/><net_sink comp="411" pin=26"/></net>

<net id="1021"><net_src comp="1016" pin="1"/><net_sink comp="721" pin=0"/></net>

<net id="1025"><net_src comp="164" pin="1"/><net_sink comp="1022" pin=0"/></net>

<net id="1026"><net_src comp="1022" pin="1"/><net_sink comp="411" pin=27"/></net>

<net id="1027"><net_src comp="1022" pin="1"/><net_sink comp="725" pin=0"/></net>

<net id="1031"><net_src comp="168" pin="1"/><net_sink comp="1028" pin=0"/></net>

<net id="1032"><net_src comp="1028" pin="1"/><net_sink comp="411" pin=28"/></net>

<net id="1033"><net_src comp="1028" pin="1"/><net_sink comp="729" pin=0"/></net>

<net id="1037"><net_src comp="172" pin="1"/><net_sink comp="1034" pin=0"/></net>

<net id="1038"><net_src comp="1034" pin="1"/><net_sink comp="411" pin=29"/></net>

<net id="1039"><net_src comp="1034" pin="1"/><net_sink comp="733" pin=0"/></net>

<net id="1043"><net_src comp="176" pin="1"/><net_sink comp="1040" pin=0"/></net>

<net id="1044"><net_src comp="1040" pin="1"/><net_sink comp="411" pin=30"/></net>

<net id="1045"><net_src comp="1040" pin="1"/><net_sink comp="737" pin=0"/></net>

<net id="1049"><net_src comp="180" pin="1"/><net_sink comp="1046" pin=0"/></net>

<net id="1050"><net_src comp="1046" pin="1"/><net_sink comp="411" pin=31"/></net>

<net id="1051"><net_src comp="1046" pin="1"/><net_sink comp="741" pin=0"/></net>

<net id="1055"><net_src comp="184" pin="1"/><net_sink comp="1052" pin=0"/></net>

<net id="1056"><net_src comp="1052" pin="1"/><net_sink comp="411" pin=32"/></net>

<net id="1057"><net_src comp="1052" pin="1"/><net_sink comp="745" pin=0"/></net>

<net id="1061"><net_src comp="188" pin="1"/><net_sink comp="1058" pin=0"/></net>

<net id="1062"><net_src comp="1058" pin="1"/><net_sink comp="411" pin=33"/></net>

<net id="1063"><net_src comp="1058" pin="1"/><net_sink comp="749" pin=0"/></net>

<net id="1067"><net_src comp="192" pin="1"/><net_sink comp="1064" pin=0"/></net>

<net id="1068"><net_src comp="1064" pin="1"/><net_sink comp="411" pin=34"/></net>

<net id="1069"><net_src comp="1064" pin="1"/><net_sink comp="753" pin=0"/></net>

<net id="1073"><net_src comp="196" pin="1"/><net_sink comp="1070" pin=0"/></net>

<net id="1074"><net_src comp="1070" pin="1"/><net_sink comp="411" pin=35"/></net>

<net id="1075"><net_src comp="1070" pin="1"/><net_sink comp="757" pin=0"/></net>

<net id="1079"><net_src comp="200" pin="1"/><net_sink comp="1076" pin=0"/></net>

<net id="1080"><net_src comp="1076" pin="1"/><net_sink comp="411" pin=36"/></net>

<net id="1081"><net_src comp="1076" pin="1"/><net_sink comp="761" pin=0"/></net>

<net id="1085"><net_src comp="204" pin="1"/><net_sink comp="1082" pin=0"/></net>

<net id="1086"><net_src comp="1082" pin="1"/><net_sink comp="411" pin=37"/></net>

<net id="1087"><net_src comp="1082" pin="1"/><net_sink comp="765" pin=0"/></net>

<net id="1091"><net_src comp="208" pin="1"/><net_sink comp="1088" pin=0"/></net>

<net id="1092"><net_src comp="1088" pin="1"/><net_sink comp="411" pin=38"/></net>

<net id="1093"><net_src comp="1088" pin="1"/><net_sink comp="769" pin=0"/></net>

<net id="1097"><net_src comp="212" pin="1"/><net_sink comp="1094" pin=0"/></net>

<net id="1098"><net_src comp="1094" pin="1"/><net_sink comp="411" pin=39"/></net>

<net id="1099"><net_src comp="1094" pin="1"/><net_sink comp="773" pin=0"/></net>

<net id="1103"><net_src comp="216" pin="1"/><net_sink comp="1100" pin=0"/></net>

<net id="1104"><net_src comp="1100" pin="1"/><net_sink comp="411" pin=40"/></net>

<net id="1105"><net_src comp="1100" pin="1"/><net_sink comp="777" pin=0"/></net>

<net id="1109"><net_src comp="220" pin="1"/><net_sink comp="1106" pin=0"/></net>

<net id="1110"><net_src comp="1106" pin="1"/><net_sink comp="411" pin=41"/></net>

<net id="1111"><net_src comp="1106" pin="1"/><net_sink comp="781" pin=0"/></net>

<net id="1115"><net_src comp="224" pin="1"/><net_sink comp="1112" pin=0"/></net>

<net id="1116"><net_src comp="1112" pin="1"/><net_sink comp="411" pin=42"/></net>

<net id="1117"><net_src comp="1112" pin="1"/><net_sink comp="785" pin=0"/></net>

<net id="1121"><net_src comp="228" pin="1"/><net_sink comp="1118" pin=0"/></net>

<net id="1122"><net_src comp="1118" pin="1"/><net_sink comp="411" pin=43"/></net>

<net id="1123"><net_src comp="1118" pin="1"/><net_sink comp="789" pin=0"/></net>

<net id="1127"><net_src comp="232" pin="1"/><net_sink comp="1124" pin=0"/></net>

<net id="1128"><net_src comp="1124" pin="1"/><net_sink comp="411" pin=44"/></net>

<net id="1129"><net_src comp="1124" pin="1"/><net_sink comp="793" pin=0"/></net>

<net id="1133"><net_src comp="236" pin="1"/><net_sink comp="1130" pin=0"/></net>

<net id="1134"><net_src comp="1130" pin="1"/><net_sink comp="411" pin=45"/></net>

<net id="1135"><net_src comp="1130" pin="1"/><net_sink comp="797" pin=0"/></net>

<net id="1139"><net_src comp="240" pin="1"/><net_sink comp="1136" pin=0"/></net>

<net id="1140"><net_src comp="1136" pin="1"/><net_sink comp="411" pin=46"/></net>

<net id="1141"><net_src comp="1136" pin="1"/><net_sink comp="801" pin=0"/></net>

<net id="1145"><net_src comp="244" pin="1"/><net_sink comp="1142" pin=0"/></net>

<net id="1146"><net_src comp="1142" pin="1"/><net_sink comp="411" pin=47"/></net>

<net id="1147"><net_src comp="1142" pin="1"/><net_sink comp="805" pin=0"/></net>

<net id="1151"><net_src comp="248" pin="1"/><net_sink comp="1148" pin=0"/></net>

<net id="1152"><net_src comp="1148" pin="1"/><net_sink comp="411" pin=48"/></net>

<net id="1153"><net_src comp="1148" pin="1"/><net_sink comp="809" pin=0"/></net>

<net id="1157"><net_src comp="252" pin="1"/><net_sink comp="1154" pin=0"/></net>

<net id="1158"><net_src comp="1154" pin="1"/><net_sink comp="411" pin=49"/></net>

<net id="1159"><net_src comp="1154" pin="1"/><net_sink comp="813" pin=0"/></net>

<net id="1163"><net_src comp="256" pin="1"/><net_sink comp="1160" pin=0"/></net>

<net id="1164"><net_src comp="1160" pin="1"/><net_sink comp="411" pin=50"/></net>

<net id="1165"><net_src comp="1160" pin="1"/><net_sink comp="817" pin=0"/></net>

<net id="1169"><net_src comp="260" pin="1"/><net_sink comp="1166" pin=0"/></net>

<net id="1170"><net_src comp="1166" pin="1"/><net_sink comp="411" pin=51"/></net>

<net id="1171"><net_src comp="1166" pin="1"/><net_sink comp="821" pin=0"/></net>

<net id="1175"><net_src comp="264" pin="1"/><net_sink comp="1172" pin=0"/></net>

<net id="1176"><net_src comp="1172" pin="1"/><net_sink comp="411" pin=52"/></net>

<net id="1177"><net_src comp="1172" pin="1"/><net_sink comp="825" pin=0"/></net>

<net id="1181"><net_src comp="268" pin="1"/><net_sink comp="1178" pin=0"/></net>

<net id="1182"><net_src comp="1178" pin="1"/><net_sink comp="411" pin=53"/></net>

<net id="1183"><net_src comp="1178" pin="1"/><net_sink comp="829" pin=0"/></net>

<net id="1187"><net_src comp="272" pin="1"/><net_sink comp="1184" pin=0"/></net>

<net id="1188"><net_src comp="1184" pin="1"/><net_sink comp="411" pin=54"/></net>

<net id="1189"><net_src comp="1184" pin="1"/><net_sink comp="833" pin=0"/></net>

<net id="1193"><net_src comp="276" pin="1"/><net_sink comp="1190" pin=0"/></net>

<net id="1194"><net_src comp="1190" pin="1"/><net_sink comp="411" pin=55"/></net>

<net id="1195"><net_src comp="1190" pin="1"/><net_sink comp="837" pin=0"/></net>

<net id="1199"><net_src comp="280" pin="1"/><net_sink comp="1196" pin=0"/></net>

<net id="1200"><net_src comp="1196" pin="1"/><net_sink comp="411" pin=56"/></net>

<net id="1201"><net_src comp="1196" pin="1"/><net_sink comp="841" pin=0"/></net>

<net id="1205"><net_src comp="284" pin="1"/><net_sink comp="1202" pin=0"/></net>

<net id="1206"><net_src comp="1202" pin="1"/><net_sink comp="411" pin=57"/></net>

<net id="1207"><net_src comp="1202" pin="1"/><net_sink comp="845" pin=0"/></net>

<net id="1211"><net_src comp="288" pin="1"/><net_sink comp="1208" pin=0"/></net>

<net id="1212"><net_src comp="1208" pin="1"/><net_sink comp="411" pin=58"/></net>

<net id="1213"><net_src comp="1208" pin="1"/><net_sink comp="849" pin=0"/></net>

<net id="1217"><net_src comp="292" pin="1"/><net_sink comp="1214" pin=0"/></net>

<net id="1218"><net_src comp="1214" pin="1"/><net_sink comp="411" pin=59"/></net>

<net id="1219"><net_src comp="1214" pin="1"/><net_sink comp="853" pin=0"/></net>

<net id="1223"><net_src comp="296" pin="1"/><net_sink comp="1220" pin=0"/></net>

<net id="1224"><net_src comp="1220" pin="1"/><net_sink comp="411" pin=60"/></net>

<net id="1225"><net_src comp="1220" pin="1"/><net_sink comp="857" pin=0"/></net>

<net id="1229"><net_src comp="300" pin="1"/><net_sink comp="1226" pin=0"/></net>

<net id="1230"><net_src comp="1226" pin="1"/><net_sink comp="411" pin=61"/></net>

<net id="1231"><net_src comp="1226" pin="1"/><net_sink comp="861" pin=0"/></net>

<net id="1235"><net_src comp="304" pin="1"/><net_sink comp="1232" pin=0"/></net>

<net id="1236"><net_src comp="1232" pin="1"/><net_sink comp="411" pin=62"/></net>

<net id="1237"><net_src comp="1232" pin="1"/><net_sink comp="865" pin=0"/></net>

<net id="1241"><net_src comp="308" pin="1"/><net_sink comp="1238" pin=0"/></net>

<net id="1242"><net_src comp="1238" pin="1"/><net_sink comp="411" pin=63"/></net>

<net id="1243"><net_src comp="1238" pin="1"/><net_sink comp="869" pin=0"/></net>

<net id="1247"><net_src comp="312" pin="1"/><net_sink comp="1244" pin=0"/></net>

<net id="1248"><net_src comp="1244" pin="1"/><net_sink comp="411" pin=64"/></net>

<net id="1249"><net_src comp="1244" pin="1"/><net_sink comp="873" pin=0"/></net>

<net id="1253"><net_src comp="316" pin="1"/><net_sink comp="1250" pin=0"/></net>

<net id="1254"><net_src comp="1250" pin="1"/><net_sink comp="411" pin=65"/></net>

<net id="1255"><net_src comp="1250" pin="1"/><net_sink comp="877" pin=0"/></net>

<net id="1259"><net_src comp="320" pin="1"/><net_sink comp="1256" pin=0"/></net>

<net id="1260"><net_src comp="1256" pin="1"/><net_sink comp="411" pin=66"/></net>

<net id="1261"><net_src comp="1256" pin="1"/><net_sink comp="881" pin=0"/></net>

<net id="1265"><net_src comp="324" pin="1"/><net_sink comp="1262" pin=0"/></net>

<net id="1266"><net_src comp="1262" pin="1"/><net_sink comp="411" pin=67"/></net>

<net id="1267"><net_src comp="1262" pin="1"/><net_sink comp="885" pin=0"/></net>

<net id="1271"><net_src comp="328" pin="1"/><net_sink comp="1268" pin=0"/></net>

<net id="1272"><net_src comp="1268" pin="1"/><net_sink comp="411" pin=68"/></net>

<net id="1273"><net_src comp="1268" pin="1"/><net_sink comp="889" pin=0"/></net>

<net id="1277"><net_src comp="332" pin="1"/><net_sink comp="1274" pin=0"/></net>

<net id="1278"><net_src comp="1274" pin="1"/><net_sink comp="411" pin=69"/></net>

<net id="1279"><net_src comp="1274" pin="1"/><net_sink comp="893" pin=0"/></net>

<net id="1283"><net_src comp="336" pin="1"/><net_sink comp="1280" pin=0"/></net>

<net id="1284"><net_src comp="1280" pin="1"/><net_sink comp="411" pin=70"/></net>

<net id="1285"><net_src comp="1280" pin="1"/><net_sink comp="897" pin=0"/></net>

<net id="1289"><net_src comp="340" pin="1"/><net_sink comp="1286" pin=0"/></net>

<net id="1290"><net_src comp="1286" pin="1"/><net_sink comp="411" pin=71"/></net>

<net id="1291"><net_src comp="1286" pin="1"/><net_sink comp="901" pin=0"/></net>

<net id="1295"><net_src comp="344" pin="1"/><net_sink comp="1292" pin=0"/></net>

<net id="1296"><net_src comp="1292" pin="1"/><net_sink comp="411" pin=72"/></net>

<net id="1297"><net_src comp="1292" pin="1"/><net_sink comp="905" pin=0"/></net>

<net id="1301"><net_src comp="348" pin="1"/><net_sink comp="1298" pin=0"/></net>

<net id="1302"><net_src comp="1298" pin="1"/><net_sink comp="411" pin=73"/></net>

<net id="1303"><net_src comp="1298" pin="1"/><net_sink comp="909" pin=0"/></net>

<net id="1307"><net_src comp="352" pin="1"/><net_sink comp="1304" pin=0"/></net>

<net id="1308"><net_src comp="1304" pin="1"/><net_sink comp="411" pin=74"/></net>

<net id="1309"><net_src comp="1304" pin="1"/><net_sink comp="913" pin=0"/></net>

<net id="1313"><net_src comp="356" pin="1"/><net_sink comp="1310" pin=0"/></net>

<net id="1314"><net_src comp="1310" pin="1"/><net_sink comp="411" pin=75"/></net>

<net id="1315"><net_src comp="1310" pin="1"/><net_sink comp="917" pin=0"/></net>

<net id="1319"><net_src comp="360" pin="1"/><net_sink comp="1316" pin=0"/></net>

<net id="1320"><net_src comp="1316" pin="1"/><net_sink comp="411" pin=76"/></net>

<net id="1321"><net_src comp="1316" pin="1"/><net_sink comp="921" pin=0"/></net>

<net id="1325"><net_src comp="364" pin="1"/><net_sink comp="1322" pin=0"/></net>

<net id="1326"><net_src comp="1322" pin="1"/><net_sink comp="411" pin=77"/></net>

<net id="1327"><net_src comp="1322" pin="1"/><net_sink comp="925" pin=0"/></net>

<net id="1331"><net_src comp="368" pin="1"/><net_sink comp="1328" pin=0"/></net>

<net id="1332"><net_src comp="1328" pin="1"/><net_sink comp="411" pin=78"/></net>

<net id="1333"><net_src comp="1328" pin="1"/><net_sink comp="929" pin=0"/></net>

<net id="1337"><net_src comp="372" pin="1"/><net_sink comp="1334" pin=0"/></net>

<net id="1338"><net_src comp="1334" pin="1"/><net_sink comp="411" pin=79"/></net>

<net id="1339"><net_src comp="1334" pin="1"/><net_sink comp="933" pin=0"/></net>

<net id="1343"><net_src comp="376" pin="1"/><net_sink comp="1340" pin=0"/></net>

<net id="1344"><net_src comp="1340" pin="1"/><net_sink comp="411" pin=80"/></net>

<net id="1345"><net_src comp="1340" pin="1"/><net_sink comp="937" pin=0"/></net>

<net id="1352"><net_src comp="635" pin="3"/><net_sink comp="1349" pin=0"/></net>

<net id="1353"><net_src comp="1349" pin="1"/><net_sink comp="380" pin=10"/></net>

<net id="1354"><net_src comp="1349" pin="1"/><net_sink comp="495" pin=66"/></net>

<net id="1358"><net_src comp="644" pin="2"/><net_sink comp="1355" pin=0"/></net>

<net id="1359"><net_src comp="1355" pin="1"/><net_sink comp="380" pin=9"/></net>

<net id="1363"><net_src comp="655" pin="3"/><net_sink comp="1360" pin=0"/></net>

<net id="1364"><net_src comp="1360" pin="1"/><net_sink comp="396" pin=9"/></net>

<net id="1365"><net_src comp="1360" pin="1"/><net_sink comp="495" pin=1"/></net>

</net_list>

</model> 
---------------- Datapath Model END ------------------

* FSMD analyzer results:
  - Output states:
	Port: v8547 | {6 7 }
 - Input state : 
	Port: systolic_YV : v8545 | {2 3 }
	Port: systolic_YV : v8546 | {2 3 }
  - Chain level:
	State 1
		store_ln0 : 1
		store_ln15654 : 1
		store_ln15655 : 1
	State 2
		icmp_ln15654 : 1
		add_ln15654_1 : 1
		br_ln15654 : 2
		add_ln15654 : 1
		icmp_ln15655 : 1
		select_ln15654 : 2
		select_ln15654_1 : 2
		trunc_ln15654 : 3
		p_mid2 : 4
		v8556 : 3
		call_ln15654 : 5
		empty : 3
		tmp_s : 4
		call_ln15654 : 5
		add_ln15655 : 3
		store_ln15654 : 2
		store_ln15654 : 3
		store_ln15655 : 4
	State 3
	State 4
	State 5
	State 6
		call_ln15654 : 1
	State 7


============================================================
+ Verbose Summary: Datapath Resource usage 
============================================================

* Functional unit list:
|----------|----------------------------------------------------------|---------|---------|---------|---------|
| Operation|                      Functional Unit                     |   DSP   |  Delay  |    FF   |   LUT   |
|----------|----------------------------------------------------------|---------|---------|---------|---------|
|          |  grp_systolic_YV_Pipeline_l_load_A_tile_ak5_l_ai5_fu_380 |    0    |  0.387  |    64   |   152   |
|   call   |  grp_systolic_YV_Pipeline_l_load_B_tile_bk5_l_bj5_fu_396 |    0    |  0.387  |    59   |   121   |
|          |                grp_systolic_tile_YV_fu_411               |   320   |  80.496 |  36022  |  23640  |
|          | grp_systolic_YV_Pipeline_l_store_C_tile_sj5_l_si5_fu_495 |    0    |    0    |    15   |   489   |
|----------|----------------------------------------------------------|---------|---------|---------|---------|
|          |                   add_ln15654_1_fu_591                   |    0    |    0    |    0    |    18   |
|    add   |                    add_ln15654_fu_603                    |    0    |    0    |    0    |    15   |
|          |                    add_ln15655_fu_664                    |    0    |    0    |    0    |    12   |
|----------|----------------------------------------------------------|---------|---------|---------|---------|
|          |                    icmp_ln15654_fu_585                   |    0    |    0    |    0    |    18   |
|   icmp   |                    icmp_ln15655_fu_609                   |    0    |    0    |    0    |    12   |
|          |                       v8556_fu_644                       |    0    |    0    |    0    |    12   |
|----------|----------------------------------------------------------|---------|---------|---------|---------|
|  select  |                   select_ln15654_fu_615                  |    0    |    0    |    0    |    4    |
|          |                  select_ln15654_1_fu_623                 |    0    |    0    |    0    |    8    |
|----------|----------------------------------------------------------|---------|---------|---------|---------|
|   trunc  |                   trunc_ln15654_fu_631                   |    0    |    0    |    0    |    0    |
|          |                       empty_fu_651                       |    0    |    0    |    0    |    0    |
|----------|----------------------------------------------------------|---------|---------|---------|---------|
|bitconcatenate|                       p_mid2_fu_635                      |    0    |    0    |    0    |    0    |
|          |                       tmp_s_fu_655                       |    0    |    0    |    0    |    0    |
|----------|----------------------------------------------------------|---------|---------|---------|---------|
|   Total  |                                                          |   320   |  81.27  |  36160  |  24501  |
|----------|----------------------------------------------------------|---------|---------|---------|---------|

Memories:
+----------+--------+--------+--------+--------+
|          |  BRAM  |   FF   |   LUT  |  URAM  |
+----------+--------+--------+--------+--------+
| local_A5 |    2   |    0   |    0   |    0   |
|local_A5_1|    2   |    0   |    0   |    0   |
|local_A5_2|    2   |    0   |    0   |    0   |
|local_A5_3|    2   |    0   |    0   |    0   |
|local_A5_4|    2   |    0   |    0   |    0   |
|local_A5_5|    2   |    0   |    0   |    0   |
|local_A5_6|    2   |    0   |    0   |    0   |
|local_A5_7|    2   |    0   |    0   |    0   |
| local_B5 |    2   |    0   |    0   |    0   |
|local_B5_1|    2   |    0   |    0   |    0   |
|local_B5_2|    2   |    0   |    0   |    0   |
|local_B5_3|    2   |    0   |    0   |    0   |
|local_B5_4|    2   |    0   |    0   |    0   |
|local_B5_5|    2   |    0   |    0   |    0   |
|local_B5_6|    2   |    0   |    0   |    0   |
|local_B5_7|    2   |    0   |    0   |    0   |
+----------+--------+--------+--------+--------+
|   Total  |   32   |    0   |    0   |    0   |
+----------+--------+--------+--------+--------+

* Register list:
+------------------------+--------+
|                        |   FF   |
+------------------------+--------+
|indvar_flatten20_reg_955|   11   |
|  local_C5_10_reg_1022  |   32   |
|  local_C5_11_reg_1028  |   32   |
|  local_C5_12_reg_1034  |   32   |
|  local_C5_13_reg_1040  |   32   |
|  local_C5_14_reg_1046  |   32   |
|  local_C5_15_reg_1052  |   32   |
|  local_C5_16_reg_1058  |   32   |
|  local_C5_17_reg_1064  |   32   |
|  local_C5_18_reg_1070  |   32   |
|  local_C5_19_reg_1076  |   32   |
|   local_C5_1_reg_968   |   32   |
|  local_C5_20_reg_1082  |   32   |
|  local_C5_21_reg_1088  |   32   |
|  local_C5_22_reg_1094  |   32   |
|  local_C5_23_reg_1100  |   32   |
|  local_C5_24_reg_1106  |   32   |
|  local_C5_25_reg_1112  |   32   |
|  local_C5_26_reg_1118  |   32   |
|  local_C5_27_reg_1124  |   32   |
|  local_C5_28_reg_1130  |   32   |
|  local_C5_29_reg_1136  |   32   |
|   local_C5_2_reg_974   |   32   |
|  local_C5_30_reg_1142  |   32   |
|  local_C5_31_reg_1148  |   32   |
|  local_C5_32_reg_1154  |   32   |
|  local_C5_33_reg_1160  |   32   |
|  local_C5_34_reg_1166  |   32   |
|  local_C5_35_reg_1172  |   32   |
|  local_C5_36_reg_1178  |   32   |
|  local_C5_37_reg_1184  |   32   |
|  local_C5_38_reg_1190  |   32   |
|  local_C5_39_reg_1196  |   32   |
|   local_C5_3_reg_980   |   32   |
|  local_C5_40_reg_1202  |   32   |
|  local_C5_41_reg_1208  |   32   |
|  local_C5_42_reg_1214  |   32   |
|  local_C5_43_reg_1220  |   32   |
|  local_C5_44_reg_1226  |   32   |
|  local_C5_45_reg_1232  |   32   |
|  local_C5_46_reg_1238  |   32   |
|  local_C5_47_reg_1244  |   32   |
|  local_C5_48_reg_1250  |   32   |
|  local_C5_49_reg_1256  |   32   |
|   local_C5_4_reg_986   |   32   |
|  local_C5_50_reg_1262  |   32   |
|  local_C5_51_reg_1268  |   32   |
|  local_C5_52_reg_1274  |   32   |
|  local_C5_53_reg_1280  |   32   |
|  local_C5_54_reg_1286  |   32   |
|  local_C5_55_reg_1292  |   32   |
|  local_C5_56_reg_1298  |   32   |
|  local_C5_57_reg_1304  |   32   |
|  local_C5_58_reg_1310  |   32   |
|  local_C5_59_reg_1316  |   32   |
|   local_C5_5_reg_992   |   32   |
|  local_C5_60_reg_1322  |   32   |
|  local_C5_61_reg_1328  |   32   |
|  local_C5_62_reg_1334  |   32   |
|  local_C5_63_reg_1340  |   32   |
|   local_C5_6_reg_998   |   32   |
|   local_C5_7_reg_1004  |   32   |
|   local_C5_8_reg_1010  |   32   |
|   local_C5_9_reg_1016  |   32   |
|    local_C5_reg_962    |   32   |
|       mi5_reg_948      |    8   |
|       ni5_reg_941      |    4   |
|     p_mid2_reg_1349    |   10   |
|     tmp_s_reg_1360     |    6   |
|     v8556_reg_1355     |    1   |
+------------------------+--------+
|          Total         |  2088  |
+------------------------+--------+

* Multiplexer (MUX) list: 
|---------------------------------------------------------|------|------|------|--------||---------||---------|
|                           Comp                          |  Pin | Size |  BW  | S x BW ||  Delay  ||   LUT   |
|---------------------------------------------------------|------|------|------|--------||---------||---------|
| grp_systolic_YV_Pipeline_l_load_A_tile_ak5_l_ai5_fu_380 |  p9  |   2  |   1  |    2   ||    9    |
| grp_systolic_YV_Pipeline_l_load_A_tile_ak5_l_ai5_fu_380 |  p10 |   2  |  10  |   20   ||    9    |
| grp_systolic_YV_Pipeline_l_load_B_tile_bk5_l_bj5_fu_396 |  p9  |   2  |   6  |   12   ||    9    |
|---------------------------------------------------------|------|------|------|--------||---------||---------|
|                          Total                          |      |      |      |   34   ||  1.161  ||    27   |
|---------------------------------------------------------|------|------|------|--------||---------||---------|



* Summary:
+-----------+--------+--------+--------+--------+--------+--------+
|           |  BRAM  |   DSP  |  Delay |   FF   |   LUT  |  URAM  |
+-----------+--------+--------+--------+--------+--------+--------+
|  Function |    -   |   320  |   81   |  36160 |  24501 |    -   |
|   Memory  |   32   |    -   |    -   |    0   |    0   |    0   |
|Multiplexer|    -   |    -   |    1   |    -   |   27   |    -   |
|  Register |    -   |    -   |    -   |  2088  |    -   |    -   |
+-----------+--------+--------+--------+--------+--------+--------+
|   Total   |   32   |   320  |   82   |  38248 |  24528 |    0   |
+-----------+--------+--------+--------+--------+--------+--------+
