

================================================================
== Vitis HLS Report for 'systolic_Q'
================================================================
* Date:           Wed Feb  5 22:35:52 2025

* Version:        2023.2 (Build 4023990 on Oct 11 2023)
* Project:        DitBlock
* Solution:       hls (Vivado IP Flow Target)
* Product family: virtexuplusHBM
* Target device:  xcu280-fsvh2892-2L-e


================================================================
== Performance Estimates
================================================================
+ Timing: 
    * Summary: 
    +--------+----------+----------+------------+
    |  Clock |  Target  | Estimated| Uncertainty|
    +--------+----------+----------+------------+
    |ap_clk  |  10.00 ns|  6.536 ns|     2.70 ns|
    +--------+----------+----------+------------+

+ Latency: 
    * Summary: 
    +----------+----------+-----------+-----------+----------+----------+---------+
    |   Latency (cycles)  |   Latency (absolute)  |       Interval      | Pipeline|
    |    min   |    max   |    min    |    max    |    min   |    max   |   Type  |
    +----------+----------+-----------+-----------+----------+----------+---------+
    |  42713089|  42713089|  0.427 sec|  0.427 sec|  42713089|  42713089|       no|
    +----------+----------+-----------+-----------+----------+----------+---------+

    + Detail: 
        * Instance: 
        +---------------------------------------------------------+----------------------------------------------+---------+---------+-----------+-----------+------+------+----------+
        |                                                         |                                              |  Latency (cycles) |   Latency (absolute)  |   Interval  | Pipeline |
        |                         Instance                        |                    Module                    |   min   |   max   |    min    |    max    |  min |  max |   Type   |
        +---------------------------------------------------------+----------------------------------------------+---------+---------+-----------+-----------+------+------+----------+
        |grp_systolic_Q_Pipeline_l_load_A_tile_ak1_l_ai1_fu_388   |systolic_Q_Pipeline_l_load_A_tile_ak1_l_ai1   |     4098|     4098|  40.980 us|  40.980 us|  4098|  4098|        no|
        |grp_systolic_Q_Pipeline_l_load_B_tile_bk1_l_bj1_fu_404   |systolic_Q_Pipeline_l_load_B_tile_bk1_l_bj1   |     4098|     4098|  40.980 us|  40.980 us|  4098|  4098|        no|
        |grp_systolic_tile_Q_fu_419                               |systolic_tile_Q                               |     1044|     1044|  10.440 us|  10.440 us|  1030|  1030|  dataflow|
        |grp_systolic_Q_Pipeline_l_store_C_tile_sj1_l_si1_fu_503  |systolic_Q_Pipeline_l_store_C_tile_sj1_l_si1  |       66|       66|   0.660 us|   0.660 us|    66|    66|        no|
        +---------------------------------------------------------+----------------------------------------------+---------+---------+-----------+-----------+------+------+----------+

        * Loop: 
        +--------------------------+----------+----------+----------+-----------+-----------+------+----------+
        |                          |   Latency (cycles)  | Iteration|  Initiation Interval  | Trip |          |
        |         Loop Name        |    min   |    max   |  Latency |  achieved |   target  | Count| Pipelined|
        +--------------------------+----------+----------+----------+-----------+-----------+------+----------+
        |- l_outer_tile_mi1_l_ni1  |  42713088|  42713088|      5214|          -|          -|  8192|        no|
        +--------------------------+----------+----------+----------+-----------+-----------+------+----------+



================================================================
== Utilization Estimates
================================================================
* Summary: 
+---------------------+---------+------+---------+---------+-----+
|         Name        | BRAM_18K|  DSP |    FF   |   LUT   | URAM|
+---------------------+---------+------+---------+---------+-----+
|DSP                  |        -|     -|        -|        -|    -|
|Expression           |        -|     -|        0|      122|    -|
|FIFO                 |        -|     -|        -|        -|    -|
|Instance             |        -|   320|    28771|    37605|    -|
|Memory               |       16|     -|        0|        0|    0|
|Multiplexer          |        -|     -|        -|      662|    -|
|Register             |        -|     -|     2104|        -|    -|
+---------------------+---------+------+---------+---------+-----+
|Total                |       16|   320|    30875|    38389|    0|
+---------------------+---------+------+---------+---------+-----+
|Available SLR        |     1344|  3008|   869120|   434560|  320|
+---------------------+---------+------+---------+---------+-----+
|Utilization SLR (%)  |        1|    10|        3|        8|    0|
+---------------------+---------+------+---------+---------+-----+
|Available            |     4032|  9024|  2607360|  1303680|  960|
+---------------------+---------+------+---------+---------+-----+
|Utilization (%)      |       ~0|     3|        1|        2|    0|
+---------------------+---------+------+---------+---------+-----+

+ Detail: 
    * Instance: 
    +---------------------------------------------------------+----------------------------------------------+---------+-----+-------+-------+-----+
    |                         Instance                        |                    Module                    | BRAM_18K| DSP |   FF  |  LUT  | URAM|
    +---------------------------------------------------------+----------------------------------------------+---------+-----+-------+-------+-----+
    |grp_systolic_Q_Pipeline_l_load_A_tile_ak1_l_ai1_fu_388   |systolic_Q_Pipeline_l_load_A_tile_ak1_l_ai1   |        0|    0|     43|    213|    0|
    |grp_systolic_Q_Pipeline_l_load_B_tile_bk1_l_bj1_fu_404   |systolic_Q_Pipeline_l_load_B_tile_bk1_l_bj1   |        0|    0|     43|    186|    0|
    |grp_systolic_Q_Pipeline_l_store_C_tile_sj1_l_si1_fu_503  |systolic_Q_Pipeline_l_store_C_tile_sj1_l_si1  |        0|    0|     17|    556|    0|
    |grp_systolic_tile_Q_fu_419                               |systolic_tile_Q                               |        0|  320|  28668|  36650|    0|
    +---------------------------------------------------------+----------------------------------------------+---------+-----+-------+-------+-----+
    |Total                                                    |                                              |        0|  320|  28771|  37605|    0|
    +---------------------------------------------------------+----------------------------------------------+---------+-----+-------+-------+-----+

    * DSP: 
    N/A

    * Memory: 
    +--------------+-----------------------------------+---------+---+----+-----+------+-----+------+-------------+
    |    Memory    |               Module              | BRAM_18K| FF| LUT| URAM| Words| Bits| Banks| W*Bits*Banks|
    +--------------+-----------------------------------+---------+---+----+-----+------+-----+------+-------------+
    |local_A1_U    |systolic_Q_local_A1_RAM_AUTO_1R1W  |        1|  0|   0|    0|   512|   32|     1|        16384|
    |local_A1_1_U  |systolic_Q_local_A1_RAM_AUTO_1R1W  |        1|  0|   0|    0|   512|   32|     1|        16384|
    |local_A1_2_U  |systolic_Q_local_A1_RAM_AUTO_1R1W  |        1|  0|   0|    0|   512|   32|     1|        16384|
    |local_A1_3_U  |systolic_Q_local_A1_RAM_AUTO_1R1W  |        1|  0|   0|    0|   512|   32|     1|        16384|
    |local_A1_4_U  |systolic_Q_local_A1_RAM_AUTO_1R1W  |        1|  0|   0|    0|   512|   32|     1|        16384|
    |local_A1_5_U  |systolic_Q_local_A1_RAM_AUTO_1R1W  |        1|  0|   0|    0|   512|   32|     1|        16384|
    |local_A1_6_U  |systolic_Q_local_A1_RAM_AUTO_1R1W  |        1|  0|   0|    0|   512|   32|     1|        16384|
    |local_A1_7_U  |systolic_Q_local_A1_RAM_AUTO_1R1W  |        1|  0|   0|    0|   512|   32|     1|        16384|
    |local_B1_U    |systolic_Q_local_A1_RAM_AUTO_1R1W  |        1|  0|   0|    0|   512|   32|     1|        16384|
    |local_B1_1_U  |systolic_Q_local_A1_RAM_AUTO_1R1W  |        1|  0|   0|    0|   512|   32|     1|        16384|
    |local_B1_2_U  |systolic_Q_local_A1_RAM_AUTO_1R1W  |        1|  0|   0|    0|   512|   32|     1|        16384|
    |local_B1_3_U  |systolic_Q_local_A1_RAM_AUTO_1R1W  |        1|  0|   0|    0|   512|   32|     1|        16384|
    |local_B1_4_U  |systolic_Q_local_A1_RAM_AUTO_1R1W  |        1|  0|   0|    0|   512|   32|     1|        16384|
    |local_B1_5_U  |systolic_Q_local_A1_RAM_AUTO_1R1W  |        1|  0|   0|    0|   512|   32|     1|        16384|
    |local_B1_6_U  |systolic_Q_local_A1_RAM_AUTO_1R1W  |        1|  0|   0|    0|   512|   32|     1|        16384|
    |local_B1_7_U  |systolic_Q_local_A1_RAM_AUTO_1R1W  |        1|  0|   0|    0|   512|   32|     1|        16384|
    +--------------+-----------------------------------+---------+---+----+-----+------+-----+------+-------------+
    |Total         |                                   |       16|  0|   0|    0|  8192|  512|    16|       262144|
    +--------------+-----------------------------------+---------+---+----+-----+------+-----+------+-------------+

    * FIFO: 
    N/A

    * Expression: 
    +---------------------------------------------+----------+----+---+----+------------+------------+
    |                Variable Name                | Operation| DSP| FF| LUT| Bitwidth P0| Bitwidth P1|
    +---------------------------------------------+----------+----+---+----+------------+------------+
    |add_ln3626_1_fu_599_p2                       |         +|   0|  0|  21|          14|           1|
    |add_ln3626_fu_611_p2                         |         +|   0|  0|  15|           8|           1|
    |add_ln3627_fu_672_p2                         |         +|   0|  0|  14|           7|           1|
    |icmp_ln3626_fu_593_p2                        |      icmp|   0|  0|  22|          14|          15|
    |icmp_ln3627_fu_617_p2                        |      icmp|   0|  0|  15|           7|           8|
    |v1942_fu_652_p2                              |      icmp|   0|  0|  14|           7|           1|
    |ap_block_state3_on_subcall_done              |        or|   0|  0|   2|           1|           1|
    |ap_sync_grp_systolic_tile_Q_fu_419_ap_done   |        or|   0|  0|   2|           1|           1|
    |ap_sync_grp_systolic_tile_Q_fu_419_ap_ready  |        or|   0|  0|   2|           1|           1|
    |select_ln3626_1_fu_631_p3                    |    select|   0|  0|   8|           1|           8|
    |select_ln3626_fu_623_p3                      |    select|   0|  0|   7|           1|           1|
    +---------------------------------------------+----------+----+---+----+------------+------------+
    |Total                                        |          |   0|  0| 122|          62|          39|
    +---------------------------------------------+----------+----+---+----+------------+------------+

    * Multiplexer: 
    +------------------------+----+-----------+-----+-----------+
    |          Name          | LUT| Input Size| Bits| Total Bits|
    +------------------------+----+-----------+-----+-----------+
    |ap_NS_fsm               |  43|          8|    1|          8|
    |indvar_flatten20_fu_64  |   9|          2|   14|         28|
    |local_A1_1_address0     |  14|          3|    9|         27|
    |local_A1_1_ce0          |  14|          3|    1|          3|
    |local_A1_1_we0          |   9|          2|    1|          2|
    |local_A1_2_address0     |  14|          3|    9|         27|
    |local_A1_2_ce0          |  14|          3|    1|          3|
    |local_A1_2_we0          |   9|          2|    1|          2|
    |local_A1_3_address0     |  14|          3|    9|         27|
    |local_A1_3_ce0          |  14|          3|    1|          3|
    |local_A1_3_we0          |   9|          2|    1|          2|
    |local_A1_4_address0     |  14|          3|    9|         27|
    |local_A1_4_ce0          |  14|          3|    1|          3|
    |local_A1_4_we0          |   9|          2|    1|          2|
    |local_A1_5_address0     |  14|          3|    9|         27|
    |local_A1_5_ce0          |  14|          3|    1|          3|
    |local_A1_5_we0          |   9|          2|    1|          2|
    |local_A1_6_address0     |  14|          3|    9|         27|
    |local_A1_6_ce0          |  14|          3|    1|          3|
    |local_A1_6_we0          |   9|          2|    1|          2|
    |local_A1_7_address0     |  14|          3|    9|         27|
    |local_A1_7_ce0          |  14|          3|    1|          3|
    |local_A1_7_we0          |   9|          2|    1|          2|
    |local_A1_address0       |  14|          3|    9|         27|
    |local_A1_ce0            |  14|          3|    1|          3|
    |local_A1_we0            |   9|          2|    1|          2|
    |local_B1_1_address0     |  14|          3|    9|         27|
    |local_B1_1_ce0          |  14|          3|    1|          3|
    |local_B1_1_we0          |   9|          2|    1|          2|
    |local_B1_2_address0     |  14|          3|    9|         27|
    |local_B1_2_ce0          |  14|          3|    1|          3|
    |local_B1_2_we0          |   9|          2|    1|          2|
    |local_B1_3_address0     |  14|          3|    9|         27|
    |local_B1_3_ce0          |  14|          3|    1|          3|
    |local_B1_3_we0          |   9|          2|    1|          2|
    |local_B1_4_address0     |  14|          3|    9|         27|
    |local_B1_4_ce0          |  14|          3|    1|          3|
    |local_B1_4_we0          |   9|          2|    1|          2|
    |local_B1_5_address0     |  14|          3|    9|         27|
    |local_B1_5_ce0          |  14|          3|    1|          3|
    |local_B1_5_we0          |   9|          2|    1|          2|
    |local_B1_6_address0     |  14|          3|    9|         27|
    |local_B1_6_ce0          |  14|          3|    1|          3|
    |local_B1_6_we0          |   9|          2|    1|          2|
    |local_B1_7_address0     |  14|          3|    9|         27|
    |local_B1_7_ce0          |  14|          3|    1|          3|
    |local_B1_7_we0          |   9|          2|    1|          2|
    |local_B1_address0       |  14|          3|    9|         27|
    |local_B1_ce0            |  14|          3|    1|          3|
    |local_B1_we0            |   9|          2|    1|          2|
    |mi1_fu_60               |   9|          2|    8|         16|
    |ni1_fu_56               |   9|          2|    7|         14|
    +------------------------+----+-----------+-----+-----------+
    |Total                   | 662|        142|  206|        578|
    +------------------------+----+-----------+-----+-----------+

    * Register: 
    +----------------------------------------------------------------------+----+----+-----+-----------+
    |                                 Name                                 | FF | LUT| Bits| Const Bits|
    +----------------------------------------------------------------------+----+----+-----+-----------+
    |ap_CS_fsm                                                             |   7|   0|    7|          0|
    |ap_sync_reg_grp_systolic_tile_Q_fu_419_ap_done                        |   1|   0|    1|          0|
    |ap_sync_reg_grp_systolic_tile_Q_fu_419_ap_ready                       |   1|   0|    1|          0|
    |grp_systolic_Q_Pipeline_l_load_A_tile_ak1_l_ai1_fu_388_ap_start_reg   |   1|   0|    1|          0|
    |grp_systolic_Q_Pipeline_l_load_B_tile_bk1_l_bj1_fu_404_ap_start_reg   |   1|   0|    1|          0|
    |grp_systolic_Q_Pipeline_l_store_C_tile_sj1_l_si1_fu_503_ap_start_reg  |   1|   0|    1|          0|
    |grp_systolic_tile_Q_fu_419_ap_start_reg                               |   1|   0|    1|          0|
    |indvar_flatten20_fu_64                                                |  14|   0|   14|          0|
    |local_C1_10_fu_172                                                    |  32|   0|   32|          0|
    |local_C1_11_fu_176                                                    |  32|   0|   32|          0|
    |local_C1_12_fu_180                                                    |  32|   0|   32|          0|
    |local_C1_13_fu_184                                                    |  32|   0|   32|          0|
    |local_C1_14_fu_188                                                    |  32|   0|   32|          0|
    |local_C1_15_fu_192                                                    |  32|   0|   32|          0|
    |local_C1_16_fu_196                                                    |  32|   0|   32|          0|
    |local_C1_17_fu_200                                                    |  32|   0|   32|          0|
    |local_C1_18_fu_204                                                    |  32|   0|   32|          0|
    |local_C1_19_fu_208                                                    |  32|   0|   32|          0|
    |local_C1_1_fu_136                                                     |  32|   0|   32|          0|
    |local_C1_20_fu_212                                                    |  32|   0|   32|          0|
    |local_C1_21_fu_216                                                    |  32|   0|   32|          0|
    |local_C1_22_fu_220                                                    |  32|   0|   32|          0|
    |local_C1_23_fu_224                                                    |  32|   0|   32|          0|
    |local_C1_24_fu_228                                                    |  32|   0|   32|          0|
    |local_C1_25_fu_232                                                    |  32|   0|   32|          0|
    |local_C1_26_fu_236                                                    |  32|   0|   32|          0|
    |local_C1_27_fu_240                                                    |  32|   0|   32|          0|
    |local_C1_28_fu_244                                                    |  32|   0|   32|          0|
    |local_C1_29_fu_248                                                    |  32|   0|   32|          0|
    |local_C1_2_fu_140                                                     |  32|   0|   32|          0|
    |local_C1_30_fu_252                                                    |  32|   0|   32|          0|
    |local_C1_31_fu_256                                                    |  32|   0|   32|          0|
    |local_C1_32_fu_260                                                    |  32|   0|   32|          0|
    |local_C1_33_fu_264                                                    |  32|   0|   32|          0|
    |local_C1_34_fu_268                                                    |  32|   0|   32|          0|
    |local_C1_35_fu_272                                                    |  32|   0|   32|          0|
    |local_C1_36_fu_276                                                    |  32|   0|   32|          0|
    |local_C1_37_fu_280                                                    |  32|   0|   32|          0|
    |local_C1_38_fu_284                                                    |  32|   0|   32|          0|
    |local_C1_39_fu_288                                                    |  32|   0|   32|          0|
    |local_C1_3_fu_144                                                     |  32|   0|   32|          0|
    |local_C1_40_fu_292                                                    |  32|   0|   32|          0|
    |local_C1_41_fu_296                                                    |  32|   0|   32|          0|
    |local_C1_42_fu_300                                                    |  32|   0|   32|          0|
    |local_C1_43_fu_304                                                    |  32|   0|   32|          0|
    |local_C1_44_fu_308                                                    |  32|   0|   32|          0|
    |local_C1_45_fu_312                                                    |  32|   0|   32|          0|
    |local_C1_46_fu_316                                                    |  32|   0|   32|          0|
    |local_C1_47_fu_320                                                    |  32|   0|   32|          0|
    |local_C1_48_fu_324                                                    |  32|   0|   32|          0|
    |local_C1_49_fu_328                                                    |  32|   0|   32|          0|
    |local_C1_4_fu_148                                                     |  32|   0|   32|          0|
    |local_C1_50_fu_332                                                    |  32|   0|   32|          0|
    |local_C1_51_fu_336                                                    |  32|   0|   32|          0|
    |local_C1_52_fu_340                                                    |  32|   0|   32|          0|
    |local_C1_53_fu_344                                                    |  32|   0|   32|          0|
    |local_C1_54_fu_348                                                    |  32|   0|   32|          0|
    |local_C1_55_fu_352                                                    |  32|   0|   32|          0|
    |local_C1_56_fu_356                                                    |  32|   0|   32|          0|
    |local_C1_57_fu_360                                                    |  32|   0|   32|          0|
    |local_C1_58_fu_364                                                    |  32|   0|   32|          0|
    |local_C1_59_fu_368                                                    |  32|   0|   32|          0|
    |local_C1_5_fu_152                                                     |  32|   0|   32|          0|
    |local_C1_60_fu_372                                                    |  32|   0|   32|          0|
    |local_C1_61_fu_376                                                    |  32|   0|   32|          0|
    |local_C1_62_fu_380                                                    |  32|   0|   32|          0|
    |local_C1_63_fu_384                                                    |  32|   0|   32|          0|
    |local_C1_6_fu_156                                                     |  32|   0|   32|          0|
    |local_C1_7_fu_160                                                     |  32|   0|   32|          0|
    |local_C1_8_fu_164                                                     |  32|   0|   32|          0|
    |local_C1_9_fu_168                                                     |  32|   0|   32|          0|
    |local_C1_fu_132                                                       |  32|   0|   32|          0|
    |mi1_fu_60                                                             |   8|   0|    8|          0|
    |ni1_fu_56                                                             |   7|   0|    7|          0|
    |p_mid2_reg_1357                                                       |   7|   0|   10|          3|
    |tmp_s_reg_1368                                                        |   6|   0|    9|          3|
    |v1942_reg_1363                                                        |   1|   0|    1|          0|
    +----------------------------------------------------------------------+----+----+-----+-----------+
    |Total                                                                 |2104|   0| 2110|          6|
    +----------------------------------------------------------------------+----+----+-----+-----------+



================================================================
== Interface
================================================================
* Summary: 
+----------------+-----+-----+------------+--------------+--------------+
|    RTL Ports   | Dir | Bits|  Protocol  | Source Object|    C Type    |
+----------------+-----+-----+------------+--------------+--------------+
|ap_clk          |   in|    1|  ap_ctrl_hs|    systolic_Q|  return value|
|ap_rst          |   in|    1|  ap_ctrl_hs|    systolic_Q|  return value|
|ap_start        |   in|    1|  ap_ctrl_hs|    systolic_Q|  return value|
|ap_done         |  out|    1|  ap_ctrl_hs|    systolic_Q|  return value|
|ap_idle         |  out|    1|  ap_ctrl_hs|    systolic_Q|  return value|
|ap_ready        |  out|    1|  ap_ctrl_hs|    systolic_Q|  return value|
|v1931_address0  |  out|   19|   ap_memory|         v1931|         array|
|v1931_ce0       |  out|    1|   ap_memory|         v1931|         array|
|v1931_q0        |   in|   32|   ap_memory|         v1931|         array|
|v1932_address0  |  out|   18|   ap_memory|         v1932|         array|
|v1932_ce0       |  out|    1|   ap_memory|         v1932|         array|
|v1932_q0        |   in|   32|   ap_memory|         v1932|         array|
|v1933_address1  |  out|   19|   ap_memory|         v1933|         array|
|v1933_ce1       |  out|    1|   ap_memory|         v1933|         array|
|v1933_we1       |  out|    1|   ap_memory|         v1933|         array|
|v1933_d1        |  out|   32|   ap_memory|         v1933|         array|
+----------------+-----+-----+------------+--------------+--------------+

============================================================
+ Verbose Summary: Synthesis Manager
============================================================
InlineROM: 1
ExposeGlobal: 0
============================================================
+ Verbose Summary: CDFG Model
============================================================
IsTopModel: 0
ResetActiveHigh: 1
IsCombinational: 2
IsDatapathOnly: 2
HasWiredReturn: 1
HasMFsm: 0
HasVarLatency: 1
IsPipeline: 0
IsRtlPipelined: 0
IsInstanceOverlapped: 0
IsDontTouch: 0
HasImplIP: 0
IsGatedGlobalClock: 0


============================================================
+ Verbose Summary: Schedule
============================================================
* Number of FSM states : 7
* Pipeline : 0
* Dataflow Pipeline: 0

* FSM state transitions: 
1 --> 2 
2 --> 3 
3 --> 4 
4 --> 5 
5 --> 6 
6 --> 7 
7 --> 2 

* FSM state operations: 

State 1 <SV = 0> <Delay = 1.19>
ST_1 : Operation 8 [1/1] (0.00ns)   --->   "%ni1 = alloca i32 1" [/home/silvenchen/Desktop/DitBlock/WorkDCT/DitBlock/kernel.cpp:3627]   --->   Operation 8 'alloca' 'ni1' <Predicate = true> <Delay = 0.00>
ST_1 : Operation 9 [1/1] (0.00ns)   --->   "%mi1 = alloca i32 1" [/home/silvenchen/Desktop/DitBlock/WorkDCT/DitBlock/kernel.cpp:3626]   --->   Operation 9 'alloca' 'mi1' <Predicate = true> <Delay = 0.00>
ST_1 : Operation 10 [1/1] (0.00ns)   --->   "%indvar_flatten20 = alloca i32 1"   --->   Operation 10 'alloca' 'indvar_flatten20' <Predicate = true> <Delay = 0.00>
ST_1 : Operation 11 [1/1] (0.00ns)   --->   "%specmemcore_ln0 = specmemcore void @_ssdm_op_SpecMemCore, i32 %v1932, i64 666, i64 24, i64 18446744073709551615"   --->   Operation 11 'specmemcore' 'specmemcore_ln0' <Predicate = true> <Delay = 0.00>
ST_1 : Operation 12 [1/1] (0.00ns)   --->   "%specmemcore_ln0 = specmemcore void @_ssdm_op_SpecMemCore, i32 %v1933, i64 666, i64 24, i64 18446744073709551615"   --->   Operation 12 'specmemcore' 'specmemcore_ln0' <Predicate = true> <Delay = 0.00>
ST_1 : Operation 13 [1/1] (0.00ns)   --->   "%specmemcore_ln0 = specmemcore void @_ssdm_op_SpecMemCore, i32 %v1931, i64 666, i64 24, i64 18446744073709551615"   --->   Operation 13 'specmemcore' 'specmemcore_ln0' <Predicate = true> <Delay = 0.00>
ST_1 : Operation 14 [1/1] (1.19ns)   --->   "%local_A1 = alloca i64 1" [/home/silvenchen/Desktop/DitBlock/WorkDCT/DitBlock/kernel.cpp:3616]   --->   Operation 14 'alloca' 'local_A1' <Predicate = true> <Delay = 1.19>
ST_1 : Operation 15 [1/1] (1.19ns)   --->   "%local_A1_1 = alloca i64 1" [/home/silvenchen/Desktop/DitBlock/WorkDCT/DitBlock/kernel.cpp:3616]   --->   Operation 15 'alloca' 'local_A1_1' <Predicate = true> <Delay = 1.19>
ST_1 : Operation 16 [1/1] (1.19ns)   --->   "%local_A1_2 = alloca i64 1" [/home/silvenchen/Desktop/DitBlock/WorkDCT/DitBlock/kernel.cpp:3616]   --->   Operation 16 'alloca' 'local_A1_2' <Predicate = true> <Delay = 1.19>
ST_1 : Operation 17 [1/1] (1.19ns)   --->   "%local_A1_3 = alloca i64 1" [/home/silvenchen/Desktop/DitBlock/WorkDCT/DitBlock/kernel.cpp:3616]   --->   Operation 17 'alloca' 'local_A1_3' <Predicate = true> <Delay = 1.19>
ST_1 : Operation 18 [1/1] (1.19ns)   --->   "%local_A1_4 = alloca i64 1" [/home/silvenchen/Desktop/DitBlock/WorkDCT/DitBlock/kernel.cpp:3616]   --->   Operation 18 'alloca' 'local_A1_4' <Predicate = true> <Delay = 1.19>
ST_1 : Operation 19 [1/1] (1.19ns)   --->   "%local_A1_5 = alloca i64 1" [/home/silvenchen/Desktop/DitBlock/WorkDCT/DitBlock/kernel.cpp:3616]   --->   Operation 19 'alloca' 'local_A1_5' <Predicate = true> <Delay = 1.19>
ST_1 : Operation 20 [1/1] (1.19ns)   --->   "%local_A1_6 = alloca i64 1" [/home/silvenchen/Desktop/DitBlock/WorkDCT/DitBlock/kernel.cpp:3616]   --->   Operation 20 'alloca' 'local_A1_6' <Predicate = true> <Delay = 1.19>
ST_1 : Operation 21 [1/1] (1.19ns)   --->   "%local_A1_7 = alloca i64 1" [/home/silvenchen/Desktop/DitBlock/WorkDCT/DitBlock/kernel.cpp:3616]   --->   Operation 21 'alloca' 'local_A1_7' <Predicate = true> <Delay = 1.19>
ST_1 : Operation 22 [1/1] (1.19ns)   --->   "%local_B1 = alloca i64 1" [/home/silvenchen/Desktop/DitBlock/WorkDCT/DitBlock/kernel.cpp:3619]   --->   Operation 22 'alloca' 'local_B1' <Predicate = true> <Delay = 1.19>
ST_1 : Operation 23 [1/1] (1.19ns)   --->   "%local_B1_1 = alloca i64 1" [/home/silvenchen/Desktop/DitBlock/WorkDCT/DitBlock/kernel.cpp:3619]   --->   Operation 23 'alloca' 'local_B1_1' <Predicate = true> <Delay = 1.19>
ST_1 : Operation 24 [1/1] (1.19ns)   --->   "%local_B1_2 = alloca i64 1" [/home/silvenchen/Desktop/DitBlock/WorkDCT/DitBlock/kernel.cpp:3619]   --->   Operation 24 'alloca' 'local_B1_2' <Predicate = true> <Delay = 1.19>
ST_1 : Operation 25 [1/1] (1.19ns)   --->   "%local_B1_3 = alloca i64 1" [/home/silvenchen/Desktop/DitBlock/WorkDCT/DitBlock/kernel.cpp:3619]   --->   Operation 25 'alloca' 'local_B1_3' <Predicate = true> <Delay = 1.19>
ST_1 : Operation 26 [1/1] (1.19ns)   --->   "%local_B1_4 = alloca i64 1" [/home/silvenchen/Desktop/DitBlock/WorkDCT/DitBlock/kernel.cpp:3619]   --->   Operation 26 'alloca' 'local_B1_4' <Predicate = true> <Delay = 1.19>
ST_1 : Operation 27 [1/1] (1.19ns)   --->   "%local_B1_5 = alloca i64 1" [/home/silvenchen/Desktop/DitBlock/WorkDCT/DitBlock/kernel.cpp:3619]   --->   Operation 27 'alloca' 'local_B1_5' <Predicate = true> <Delay = 1.19>
ST_1 : Operation 28 [1/1] (1.19ns)   --->   "%local_B1_6 = alloca i64 1" [/home/silvenchen/Desktop/DitBlock/WorkDCT/DitBlock/kernel.cpp:3619]   --->   Operation 28 'alloca' 'local_B1_6' <Predicate = true> <Delay = 1.19>
ST_1 : Operation 29 [1/1] (1.19ns)   --->   "%local_B1_7 = alloca i64 1" [/home/silvenchen/Desktop/DitBlock/WorkDCT/DitBlock/kernel.cpp:3619]   --->   Operation 29 'alloca' 'local_B1_7' <Predicate = true> <Delay = 1.19>
ST_1 : Operation 30 [1/1] (0.00ns)   --->   "%local_C1 = alloca i64 1" [/home/silvenchen/Desktop/DitBlock/WorkDCT/DitBlock/kernel.cpp:3622]   --->   Operation 30 'alloca' 'local_C1' <Predicate = true> <Delay = 0.00>
ST_1 : Operation 31 [1/1] (0.00ns)   --->   "%local_C1_1 = alloca i64 1" [/home/silvenchen/Desktop/DitBlock/WorkDCT/DitBlock/kernel.cpp:3622]   --->   Operation 31 'alloca' 'local_C1_1' <Predicate = true> <Delay = 0.00>
ST_1 : Operation 32 [1/1] (0.00ns)   --->   "%local_C1_2 = alloca i64 1" [/home/silvenchen/Desktop/DitBlock/WorkDCT/DitBlock/kernel.cpp:3622]   --->   Operation 32 'alloca' 'local_C1_2' <Predicate = true> <Delay = 0.00>
ST_1 : Operation 33 [1/1] (0.00ns)   --->   "%local_C1_3 = alloca i64 1" [/home/silvenchen/Desktop/DitBlock/WorkDCT/DitBlock/kernel.cpp:3622]   --->   Operation 33 'alloca' 'local_C1_3' <Predicate = true> <Delay = 0.00>
ST_1 : Operation 34 [1/1] (0.00ns)   --->   "%local_C1_4 = alloca i64 1" [/home/silvenchen/Desktop/DitBlock/WorkDCT/DitBlock/kernel.cpp:3622]   --->   Operation 34 'alloca' 'local_C1_4' <Predicate = true> <Delay = 0.00>
ST_1 : Operation 35 [1/1] (0.00ns)   --->   "%local_C1_5 = alloca i64 1" [/home/silvenchen/Desktop/DitBlock/WorkDCT/DitBlock/kernel.cpp:3622]   --->   Operation 35 'alloca' 'local_C1_5' <Predicate = true> <Delay = 0.00>
ST_1 : Operation 36 [1/1] (0.00ns)   --->   "%local_C1_6 = alloca i64 1" [/home/silvenchen/Desktop/DitBlock/WorkDCT/DitBlock/kernel.cpp:3622]   --->   Operation 36 'alloca' 'local_C1_6' <Predicate = true> <Delay = 0.00>
ST_1 : Operation 37 [1/1] (0.00ns)   --->   "%local_C1_7 = alloca i64 1" [/home/silvenchen/Desktop/DitBlock/WorkDCT/DitBlock/kernel.cpp:3622]   --->   Operation 37 'alloca' 'local_C1_7' <Predicate = true> <Delay = 0.00>
ST_1 : Operation 38 [1/1] (0.00ns)   --->   "%local_C1_8 = alloca i64 1" [/home/silvenchen/Desktop/DitBlock/WorkDCT/DitBlock/kernel.cpp:3622]   --->   Operation 38 'alloca' 'local_C1_8' <Predicate = true> <Delay = 0.00>
ST_1 : Operation 39 [1/1] (0.00ns)   --->   "%local_C1_9 = alloca i64 1" [/home/silvenchen/Desktop/DitBlock/WorkDCT/DitBlock/kernel.cpp:3622]   --->   Operation 39 'alloca' 'local_C1_9' <Predicate = true> <Delay = 0.00>
ST_1 : Operation 40 [1/1] (0.00ns)   --->   "%local_C1_10 = alloca i64 1" [/home/silvenchen/Desktop/DitBlock/WorkDCT/DitBlock/kernel.cpp:3622]   --->   Operation 40 'alloca' 'local_C1_10' <Predicate = true> <Delay = 0.00>
ST_1 : Operation 41 [1/1] (0.00ns)   --->   "%local_C1_11 = alloca i64 1" [/home/silvenchen/Desktop/DitBlock/WorkDCT/DitBlock/kernel.cpp:3622]   --->   Operation 41 'alloca' 'local_C1_11' <Predicate = true> <Delay = 0.00>
ST_1 : Operation 42 [1/1] (0.00ns)   --->   "%local_C1_12 = alloca i64 1" [/home/silvenchen/Desktop/DitBlock/WorkDCT/DitBlock/kernel.cpp:3622]   --->   Operation 42 'alloca' 'local_C1_12' <Predicate = true> <Delay = 0.00>
ST_1 : Operation 43 [1/1] (0.00ns)   --->   "%local_C1_13 = alloca i64 1" [/home/silvenchen/Desktop/DitBlock/WorkDCT/DitBlock/kernel.cpp:3622]   --->   Operation 43 'alloca' 'local_C1_13' <Predicate = true> <Delay = 0.00>
ST_1 : Operation 44 [1/1] (0.00ns)   --->   "%local_C1_14 = alloca i64 1" [/home/silvenchen/Desktop/DitBlock/WorkDCT/DitBlock/kernel.cpp:3622]   --->   Operation 44 'alloca' 'local_C1_14' <Predicate = true> <Delay = 0.00>
ST_1 : Operation 45 [1/1] (0.00ns)   --->   "%local_C1_15 = alloca i64 1" [/home/silvenchen/Desktop/DitBlock/WorkDCT/DitBlock/kernel.cpp:3622]   --->   Operation 45 'alloca' 'local_C1_15' <Predicate = true> <Delay = 0.00>
ST_1 : Operation 46 [1/1] (0.00ns)   --->   "%local_C1_16 = alloca i64 1" [/home/silvenchen/Desktop/DitBlock/WorkDCT/DitBlock/kernel.cpp:3622]   --->   Operation 46 'alloca' 'local_C1_16' <Predicate = true> <Delay = 0.00>
ST_1 : Operation 47 [1/1] (0.00ns)   --->   "%local_C1_17 = alloca i64 1" [/home/silvenchen/Desktop/DitBlock/WorkDCT/DitBlock/kernel.cpp:3622]   --->   Operation 47 'alloca' 'local_C1_17' <Predicate = true> <Delay = 0.00>
ST_1 : Operation 48 [1/1] (0.00ns)   --->   "%local_C1_18 = alloca i64 1" [/home/silvenchen/Desktop/DitBlock/WorkDCT/DitBlock/kernel.cpp:3622]   --->   Operation 48 'alloca' 'local_C1_18' <Predicate = true> <Delay = 0.00>
ST_1 : Operation 49 [1/1] (0.00ns)   --->   "%local_C1_19 = alloca i64 1" [/home/silvenchen/Desktop/DitBlock/WorkDCT/DitBlock/kernel.cpp:3622]   --->   Operation 49 'alloca' 'local_C1_19' <Predicate = true> <Delay = 0.00>
ST_1 : Operation 50 [1/1] (0.00ns)   --->   "%local_C1_20 = alloca i64 1" [/home/silvenchen/Desktop/DitBlock/WorkDCT/DitBlock/kernel.cpp:3622]   --->   Operation 50 'alloca' 'local_C1_20' <Predicate = true> <Delay = 0.00>
ST_1 : Operation 51 [1/1] (0.00ns)   --->   "%local_C1_21 = alloca i64 1" [/home/silvenchen/Desktop/DitBlock/WorkDCT/DitBlock/kernel.cpp:3622]   --->   Operation 51 'alloca' 'local_C1_21' <Predicate = true> <Delay = 0.00>
ST_1 : Operation 52 [1/1] (0.00ns)   --->   "%local_C1_22 = alloca i64 1" [/home/silvenchen/Desktop/DitBlock/WorkDCT/DitBlock/kernel.cpp:3622]   --->   Operation 52 'alloca' 'local_C1_22' <Predicate = true> <Delay = 0.00>
ST_1 : Operation 53 [1/1] (0.00ns)   --->   "%local_C1_23 = alloca i64 1" [/home/silvenchen/Desktop/DitBlock/WorkDCT/DitBlock/kernel.cpp:3622]   --->   Operation 53 'alloca' 'local_C1_23' <Predicate = true> <Delay = 0.00>
ST_1 : Operation 54 [1/1] (0.00ns)   --->   "%local_C1_24 = alloca i64 1" [/home/silvenchen/Desktop/DitBlock/WorkDCT/DitBlock/kernel.cpp:3622]   --->   Operation 54 'alloca' 'local_C1_24' <Predicate = true> <Delay = 0.00>
ST_1 : Operation 55 [1/1] (0.00ns)   --->   "%local_C1_25 = alloca i64 1" [/home/silvenchen/Desktop/DitBlock/WorkDCT/DitBlock/kernel.cpp:3622]   --->   Operation 55 'alloca' 'local_C1_25' <Predicate = true> <Delay = 0.00>
ST_1 : Operation 56 [1/1] (0.00ns)   --->   "%local_C1_26 = alloca i64 1" [/home/silvenchen/Desktop/DitBlock/WorkDCT/DitBlock/kernel.cpp:3622]   --->   Operation 56 'alloca' 'local_C1_26' <Predicate = true> <Delay = 0.00>
ST_1 : Operation 57 [1/1] (0.00ns)   --->   "%local_C1_27 = alloca i64 1" [/home/silvenchen/Desktop/DitBlock/WorkDCT/DitBlock/kernel.cpp:3622]   --->   Operation 57 'alloca' 'local_C1_27' <Predicate = true> <Delay = 0.00>
ST_1 : Operation 58 [1/1] (0.00ns)   --->   "%local_C1_28 = alloca i64 1" [/home/silvenchen/Desktop/DitBlock/WorkDCT/DitBlock/kernel.cpp:3622]   --->   Operation 58 'alloca' 'local_C1_28' <Predicate = true> <Delay = 0.00>
ST_1 : Operation 59 [1/1] (0.00ns)   --->   "%local_C1_29 = alloca i64 1" [/home/silvenchen/Desktop/DitBlock/WorkDCT/DitBlock/kernel.cpp:3622]   --->   Operation 59 'alloca' 'local_C1_29' <Predicate = true> <Delay = 0.00>
ST_1 : Operation 60 [1/1] (0.00ns)   --->   "%local_C1_30 = alloca i64 1" [/home/silvenchen/Desktop/DitBlock/WorkDCT/DitBlock/kernel.cpp:3622]   --->   Operation 60 'alloca' 'local_C1_30' <Predicate = true> <Delay = 0.00>
ST_1 : Operation 61 [1/1] (0.00ns)   --->   "%local_C1_31 = alloca i64 1" [/home/silvenchen/Desktop/DitBlock/WorkDCT/DitBlock/kernel.cpp:3622]   --->   Operation 61 'alloca' 'local_C1_31' <Predicate = true> <Delay = 0.00>
ST_1 : Operation 62 [1/1] (0.00ns)   --->   "%local_C1_32 = alloca i64 1" [/home/silvenchen/Desktop/DitBlock/WorkDCT/DitBlock/kernel.cpp:3622]   --->   Operation 62 'alloca' 'local_C1_32' <Predicate = true> <Delay = 0.00>
ST_1 : Operation 63 [1/1] (0.00ns)   --->   "%local_C1_33 = alloca i64 1" [/home/silvenchen/Desktop/DitBlock/WorkDCT/DitBlock/kernel.cpp:3622]   --->   Operation 63 'alloca' 'local_C1_33' <Predicate = true> <Delay = 0.00>
ST_1 : Operation 64 [1/1] (0.00ns)   --->   "%local_C1_34 = alloca i64 1" [/home/silvenchen/Desktop/DitBlock/WorkDCT/DitBlock/kernel.cpp:3622]   --->   Operation 64 'alloca' 'local_C1_34' <Predicate = true> <Delay = 0.00>
ST_1 : Operation 65 [1/1] (0.00ns)   --->   "%local_C1_35 = alloca i64 1" [/home/silvenchen/Desktop/DitBlock/WorkDCT/DitBlock/kernel.cpp:3622]   --->   Operation 65 'alloca' 'local_C1_35' <Predicate = true> <Delay = 0.00>
ST_1 : Operation 66 [1/1] (0.00ns)   --->   "%local_C1_36 = alloca i64 1" [/home/silvenchen/Desktop/DitBlock/WorkDCT/DitBlock/kernel.cpp:3622]   --->   Operation 66 'alloca' 'local_C1_36' <Predicate = true> <Delay = 0.00>
ST_1 : Operation 67 [1/1] (0.00ns)   --->   "%local_C1_37 = alloca i64 1" [/home/silvenchen/Desktop/DitBlock/WorkDCT/DitBlock/kernel.cpp:3622]   --->   Operation 67 'alloca' 'local_C1_37' <Predicate = true> <Delay = 0.00>
ST_1 : Operation 68 [1/1] (0.00ns)   --->   "%local_C1_38 = alloca i64 1" [/home/silvenchen/Desktop/DitBlock/WorkDCT/DitBlock/kernel.cpp:3622]   --->   Operation 68 'alloca' 'local_C1_38' <Predicate = true> <Delay = 0.00>
ST_1 : Operation 69 [1/1] (0.00ns)   --->   "%local_C1_39 = alloca i64 1" [/home/silvenchen/Desktop/DitBlock/WorkDCT/DitBlock/kernel.cpp:3622]   --->   Operation 69 'alloca' 'local_C1_39' <Predicate = true> <Delay = 0.00>
ST_1 : Operation 70 [1/1] (0.00ns)   --->   "%local_C1_40 = alloca i64 1" [/home/silvenchen/Desktop/DitBlock/WorkDCT/DitBlock/kernel.cpp:3622]   --->   Operation 70 'alloca' 'local_C1_40' <Predicate = true> <Delay = 0.00>
ST_1 : Operation 71 [1/1] (0.00ns)   --->   "%local_C1_41 = alloca i64 1" [/home/silvenchen/Desktop/DitBlock/WorkDCT/DitBlock/kernel.cpp:3622]   --->   Operation 71 'alloca' 'local_C1_41' <Predicate = true> <Delay = 0.00>
ST_1 : Operation 72 [1/1] (0.00ns)   --->   "%local_C1_42 = alloca i64 1" [/home/silvenchen/Desktop/DitBlock/WorkDCT/DitBlock/kernel.cpp:3622]   --->   Operation 72 'alloca' 'local_C1_42' <Predicate = true> <Delay = 0.00>
ST_1 : Operation 73 [1/1] (0.00ns)   --->   "%local_C1_43 = alloca i64 1" [/home/silvenchen/Desktop/DitBlock/WorkDCT/DitBlock/kernel.cpp:3622]   --->   Operation 73 'alloca' 'local_C1_43' <Predicate = true> <Delay = 0.00>
ST_1 : Operation 74 [1/1] (0.00ns)   --->   "%local_C1_44 = alloca i64 1" [/home/silvenchen/Desktop/DitBlock/WorkDCT/DitBlock/kernel.cpp:3622]   --->   Operation 74 'alloca' 'local_C1_44' <Predicate = true> <Delay = 0.00>
ST_1 : Operation 75 [1/1] (0.00ns)   --->   "%local_C1_45 = alloca i64 1" [/home/silvenchen/Desktop/DitBlock/WorkDCT/DitBlock/kernel.cpp:3622]   --->   Operation 75 'alloca' 'local_C1_45' <Predicate = true> <Delay = 0.00>
ST_1 : Operation 76 [1/1] (0.00ns)   --->   "%local_C1_46 = alloca i64 1" [/home/silvenchen/Desktop/DitBlock/WorkDCT/DitBlock/kernel.cpp:3622]   --->   Operation 76 'alloca' 'local_C1_46' <Predicate = true> <Delay = 0.00>
ST_1 : Operation 77 [1/1] (0.00ns)   --->   "%local_C1_47 = alloca i64 1" [/home/silvenchen/Desktop/DitBlock/WorkDCT/DitBlock/kernel.cpp:3622]   --->   Operation 77 'alloca' 'local_C1_47' <Predicate = true> <Delay = 0.00>
ST_1 : Operation 78 [1/1] (0.00ns)   --->   "%local_C1_48 = alloca i64 1" [/home/silvenchen/Desktop/DitBlock/WorkDCT/DitBlock/kernel.cpp:3622]   --->   Operation 78 'alloca' 'local_C1_48' <Predicate = true> <Delay = 0.00>
ST_1 : Operation 79 [1/1] (0.00ns)   --->   "%local_C1_49 = alloca i64 1" [/home/silvenchen/Desktop/DitBlock/WorkDCT/DitBlock/kernel.cpp:3622]   --->   Operation 79 'alloca' 'local_C1_49' <Predicate = true> <Delay = 0.00>
ST_1 : Operation 80 [1/1] (0.00ns)   --->   "%local_C1_50 = alloca i64 1" [/home/silvenchen/Desktop/DitBlock/WorkDCT/DitBlock/kernel.cpp:3622]   --->   Operation 80 'alloca' 'local_C1_50' <Predicate = true> <Delay = 0.00>
ST_1 : Operation 81 [1/1] (0.00ns)   --->   "%local_C1_51 = alloca i64 1" [/home/silvenchen/Desktop/DitBlock/WorkDCT/DitBlock/kernel.cpp:3622]   --->   Operation 81 'alloca' 'local_C1_51' <Predicate = true> <Delay = 0.00>
ST_1 : Operation 82 [1/1] (0.00ns)   --->   "%local_C1_52 = alloca i64 1" [/home/silvenchen/Desktop/DitBlock/WorkDCT/DitBlock/kernel.cpp:3622]   --->   Operation 82 'alloca' 'local_C1_52' <Predicate = true> <Delay = 0.00>
ST_1 : Operation 83 [1/1] (0.00ns)   --->   "%local_C1_53 = alloca i64 1" [/home/silvenchen/Desktop/DitBlock/WorkDCT/DitBlock/kernel.cpp:3622]   --->   Operation 83 'alloca' 'local_C1_53' <Predicate = true> <Delay = 0.00>
ST_1 : Operation 84 [1/1] (0.00ns)   --->   "%local_C1_54 = alloca i64 1" [/home/silvenchen/Desktop/DitBlock/WorkDCT/DitBlock/kernel.cpp:3622]   --->   Operation 84 'alloca' 'local_C1_54' <Predicate = true> <Delay = 0.00>
ST_1 : Operation 85 [1/1] (0.00ns)   --->   "%local_C1_55 = alloca i64 1" [/home/silvenchen/Desktop/DitBlock/WorkDCT/DitBlock/kernel.cpp:3622]   --->   Operation 85 'alloca' 'local_C1_55' <Predicate = true> <Delay = 0.00>
ST_1 : Operation 86 [1/1] (0.00ns)   --->   "%local_C1_56 = alloca i64 1" [/home/silvenchen/Desktop/DitBlock/WorkDCT/DitBlock/kernel.cpp:3622]   --->   Operation 86 'alloca' 'local_C1_56' <Predicate = true> <Delay = 0.00>
ST_1 : Operation 87 [1/1] (0.00ns)   --->   "%local_C1_57 = alloca i64 1" [/home/silvenchen/Desktop/DitBlock/WorkDCT/DitBlock/kernel.cpp:3622]   --->   Operation 87 'alloca' 'local_C1_57' <Predicate = true> <Delay = 0.00>
ST_1 : Operation 88 [1/1] (0.00ns)   --->   "%local_C1_58 = alloca i64 1" [/home/silvenchen/Desktop/DitBlock/WorkDCT/DitBlock/kernel.cpp:3622]   --->   Operation 88 'alloca' 'local_C1_58' <Predicate = true> <Delay = 0.00>
ST_1 : Operation 89 [1/1] (0.00ns)   --->   "%local_C1_59 = alloca i64 1" [/home/silvenchen/Desktop/DitBlock/WorkDCT/DitBlock/kernel.cpp:3622]   --->   Operation 89 'alloca' 'local_C1_59' <Predicate = true> <Delay = 0.00>
ST_1 : Operation 90 [1/1] (0.00ns)   --->   "%local_C1_60 = alloca i64 1" [/home/silvenchen/Desktop/DitBlock/WorkDCT/DitBlock/kernel.cpp:3622]   --->   Operation 90 'alloca' 'local_C1_60' <Predicate = true> <Delay = 0.00>
ST_1 : Operation 91 [1/1] (0.00ns)   --->   "%local_C1_61 = alloca i64 1" [/home/silvenchen/Desktop/DitBlock/WorkDCT/DitBlock/kernel.cpp:3622]   --->   Operation 91 'alloca' 'local_C1_61' <Predicate = true> <Delay = 0.00>
ST_1 : Operation 92 [1/1] (0.00ns)   --->   "%local_C1_62 = alloca i64 1" [/home/silvenchen/Desktop/DitBlock/WorkDCT/DitBlock/kernel.cpp:3622]   --->   Operation 92 'alloca' 'local_C1_62' <Predicate = true> <Delay = 0.00>
ST_1 : Operation 93 [1/1] (0.00ns)   --->   "%local_C1_63 = alloca i64 1" [/home/silvenchen/Desktop/DitBlock/WorkDCT/DitBlock/kernel.cpp:3622]   --->   Operation 93 'alloca' 'local_C1_63' <Predicate = true> <Delay = 0.00>
ST_1 : Operation 94 [1/1] (0.38ns)   --->   "%store_ln0 = store i14 0, i14 %indvar_flatten20"   --->   Operation 94 'store' 'store_ln0' <Predicate = true> <Delay = 0.38>
ST_1 : Operation 95 [1/1] (0.38ns)   --->   "%store_ln3626 = store i8 0, i8 %mi1" [/home/silvenchen/Desktop/DitBlock/WorkDCT/DitBlock/kernel.cpp:3626]   --->   Operation 95 'store' 'store_ln3626' <Predicate = true> <Delay = 0.38>
ST_1 : Operation 96 [1/1] (0.38ns)   --->   "%store_ln3627 = store i7 0, i7 %ni1" [/home/silvenchen/Desktop/DitBlock/WorkDCT/DitBlock/kernel.cpp:3627]   --->   Operation 96 'store' 'store_ln3627' <Predicate = true> <Delay = 0.38>
ST_1 : Operation 97 [1/1] (0.00ns)   --->   "%br_ln3626 = br void %l_load_A_tile_ak1" [/home/silvenchen/Desktop/DitBlock/WorkDCT/DitBlock/kernel.cpp:3626]   --->   Operation 97 'br' 'br_ln3626' <Predicate = true> <Delay = 0.00>

State 2 <SV = 1> <Delay = 5.91>
ST_2 : Operation 98 [1/1] (0.00ns)   --->   "%indvar_flatten20_load = load i14 %indvar_flatten20" [/home/silvenchen/Desktop/DitBlock/WorkDCT/DitBlock/kernel.cpp:3626]   --->   Operation 98 'load' 'indvar_flatten20_load' <Predicate = true> <Delay = 0.00>
ST_2 : Operation 99 [1/1] (0.76ns)   --->   "%icmp_ln3626 = icmp_eq  i14 %indvar_flatten20_load, i14 8192" [/home/silvenchen/Desktop/DitBlock/WorkDCT/DitBlock/kernel.cpp:3626]   --->   Operation 99 'icmp' 'icmp_ln3626' <Predicate = true> <Delay = 0.76> <CoreInst = "Cmp">   --->   Core 9 'Cmp' <Latency = 0> <II = 1> <Delay = 0.77> <FuncUnit> <Opcode : 'icmp'> <InPorts = 2> <OutPorts = 1>
ST_2 : Operation 100 [1/1] (0.76ns)   --->   "%add_ln3626_1 = add i14 %indvar_flatten20_load, i14 1" [/home/silvenchen/Desktop/DitBlock/WorkDCT/DitBlock/kernel.cpp:3626]   --->   Operation 100 'add' 'add_ln3626_1' <Predicate = true> <Delay = 0.76> <CoreInst = "Adder">   --->   Core 1 'Adder' <Latency = 0> <II = 1> <Delay = 0.76> <FuncUnit> <Opcode : 'add' 'sub'> <InPorts = 2> <OutPorts = 1>
ST_2 : Operation 101 [1/1] (0.00ns)   --->   "%br_ln3626 = br i1 %icmp_ln3626, void %for.inc77, void %for.end79" [/home/silvenchen/Desktop/DitBlock/WorkDCT/DitBlock/kernel.cpp:3626]   --->   Operation 101 'br' 'br_ln3626' <Predicate = true> <Delay = 0.00>
ST_2 : Operation 102 [1/1] (0.00ns)   --->   "%ni1_load = load i7 %ni1" [/home/silvenchen/Desktop/DitBlock/WorkDCT/DitBlock/kernel.cpp:3627]   --->   Operation 102 'load' 'ni1_load' <Predicate = (!icmp_ln3626)> <Delay = 0.00>
ST_2 : Operation 103 [1/1] (0.00ns)   --->   "%mi1_load = load i8 %mi1" [/home/silvenchen/Desktop/DitBlock/WorkDCT/DitBlock/kernel.cpp:3626]   --->   Operation 103 'load' 'mi1_load' <Predicate = (!icmp_ln3626)> <Delay = 0.00>
ST_2 : Operation 104 [1/1] (0.70ns)   --->   "%add_ln3626 = add i8 %mi1_load, i8 1" [/home/silvenchen/Desktop/DitBlock/WorkDCT/DitBlock/kernel.cpp:3626]   --->   Operation 104 'add' 'add_ln3626' <Predicate = (!icmp_ln3626)> <Delay = 0.70> <CoreInst = "Adder">   --->   Core 1 'Adder' <Latency = 0> <II = 1> <Delay = 0.70> <FuncUnit> <Opcode : 'add' 'sub'> <InPorts = 2> <OutPorts = 1>
ST_2 : Operation 105 [1/1] (0.70ns)   --->   "%icmp_ln3627 = icmp_eq  i7 %ni1_load, i7 64" [/home/silvenchen/Desktop/DitBlock/WorkDCT/DitBlock/kernel.cpp:3627]   --->   Operation 105 'icmp' 'icmp_ln3627' <Predicate = (!icmp_ln3626)> <Delay = 0.70> <CoreInst = "Cmp">   --->   Core 9 'Cmp' <Latency = 0> <II = 1> <Delay = 0.70> <FuncUnit> <Opcode : 'icmp'> <InPorts = 2> <OutPorts = 1>
ST_2 : Operation 106 [1/1] (0.30ns)   --->   "%select_ln3626 = select i1 %icmp_ln3627, i7 0, i7 %ni1_load" [/home/silvenchen/Desktop/DitBlock/WorkDCT/DitBlock/kernel.cpp:3626]   --->   Operation 106 'select' 'select_ln3626' <Predicate = (!icmp_ln3626)> <Delay = 0.30> <CoreInst = "Sel">   --->   Core 73 'Sel' <Latency = 0> <II = 1> <Delay = 0.30> <FuncUnit> <Opcode : 'select'> <InPorts = 3> <OutPorts = 1>
ST_2 : Operation 107 [1/1] (0.30ns)   --->   "%select_ln3626_1 = select i1 %icmp_ln3627, i8 %add_ln3626, i8 %mi1_load" [/home/silvenchen/Desktop/DitBlock/WorkDCT/DitBlock/kernel.cpp:3626]   --->   Operation 107 'select' 'select_ln3626_1' <Predicate = (!icmp_ln3626)> <Delay = 0.30> <CoreInst = "Sel">   --->   Core 73 'Sel' <Latency = 0> <II = 1> <Delay = 0.30> <FuncUnit> <Opcode : 'select'> <InPorts = 3> <OutPorts = 1>
ST_2 : Operation 108 [1/1] (0.00ns)   --->   "%trunc_ln3626 = trunc i8 %select_ln3626_1" [/home/silvenchen/Desktop/DitBlock/WorkDCT/DitBlock/kernel.cpp:3626]   --->   Operation 108 'trunc' 'trunc_ln3626' <Predicate = (!icmp_ln3626)> <Delay = 0.00>
ST_2 : Operation 109 [1/1] (0.00ns)   --->   "%p_mid2 = bitconcatenate i10 @_ssdm_op_BitConcatenate.i10.i7.i3, i7 %trunc_ln3626, i3 0" [/home/silvenchen/Desktop/DitBlock/WorkDCT/DitBlock/kernel.cpp:3626]   --->   Operation 109 'bitconcatenate' 'p_mid2' <Predicate = (!icmp_ln3626)> <Delay = 0.00>
ST_2 : Operation 110 [1/1] (0.70ns)   --->   "%v1942 = icmp_eq  i7 %select_ln3626, i7 0" [/home/silvenchen/Desktop/DitBlock/WorkDCT/DitBlock/kernel.cpp:3626]   --->   Operation 110 'icmp' 'v1942' <Predicate = (!icmp_ln3626)> <Delay = 0.70> <CoreInst = "Cmp">   --->   Core 9 'Cmp' <Latency = 0> <II = 1> <Delay = 0.70> <FuncUnit> <Opcode : 'icmp'> <InPorts = 2> <OutPorts = 1>
ST_2 : Operation 111 [2/2] (4.19ns)   --->   "%call_ln3626 = call void @systolic_Q_Pipeline_l_load_A_tile_ak1_l_ai1, i32 %local_A1, i32 %local_A1_1, i32 %local_A1_2, i32 %local_A1_3, i32 %local_A1_4, i32 %local_A1_5, i32 %local_A1_6, i32 %local_A1_7, i1 %v1942, i10 %p_mid2, i32 %v1931" [/home/silvenchen/Desktop/DitBlock/WorkDCT/DitBlock/kernel.cpp:3626]   --->   Operation 111 'call' 'call_ln3626' <Predicate = (!icmp_ln3626)> <Delay = 4.19> <CoreType = "Generic">   --->   Core 0 '' <Latency = 0> <II = 1> <Delay = 1.00> <Generic> <Opcode : >
ST_2 : Operation 112 [1/1] (0.00ns)   --->   "%empty = trunc i7 %select_ln3626" [/home/silvenchen/Desktop/DitBlock/WorkDCT/DitBlock/kernel.cpp:3626]   --->   Operation 112 'trunc' 'empty' <Predicate = (!icmp_ln3626)> <Delay = 0.00>
ST_2 : Operation 113 [1/1] (0.00ns)   --->   "%tmp_s = bitconcatenate i9 @_ssdm_op_BitConcatenate.i9.i6.i3, i6 %empty, i3 0" [/home/silvenchen/Desktop/DitBlock/WorkDCT/DitBlock/kernel.cpp:3626]   --->   Operation 113 'bitconcatenate' 'tmp_s' <Predicate = (!icmp_ln3626)> <Delay = 0.00>
ST_2 : Operation 114 [2/2] (3.37ns)   --->   "%call_ln3626 = call void @systolic_Q_Pipeline_l_load_B_tile_bk1_l_bj1, i32 %local_B1, i32 %local_B1_1, i32 %local_B1_2, i32 %local_B1_3, i32 %local_B1_4, i32 %local_B1_5, i32 %local_B1_6, i32 %local_B1_7, i9 %tmp_s, i32 %v1932" [/home/silvenchen/Desktop/DitBlock/WorkDCT/DitBlock/kernel.cpp:3626]   --->   Operation 114 'call' 'call_ln3626' <Predicate = (!icmp_ln3626)> <Delay = 3.37> <CoreType = "Generic">   --->   Core 0 '' <Latency = 0> <II = 1> <Delay = 1.00> <Generic> <Opcode : >
ST_2 : Operation 115 [1/1] (0.70ns)   --->   "%add_ln3627 = add i7 %select_ln3626, i7 1" [/home/silvenchen/Desktop/DitBlock/WorkDCT/DitBlock/kernel.cpp:3627]   --->   Operation 115 'add' 'add_ln3627' <Predicate = (!icmp_ln3626)> <Delay = 0.70> <CoreInst = "Adder">   --->   Core 1 'Adder' <Latency = 0> <II = 1> <Delay = 0.70> <FuncUnit> <Opcode : 'add' 'sub'> <InPorts = 2> <OutPorts = 1>
ST_2 : Operation 116 [1/1] (0.38ns)   --->   "%store_ln3626 = store i14 %add_ln3626_1, i14 %indvar_flatten20" [/home/silvenchen/Desktop/DitBlock/WorkDCT/DitBlock/kernel.cpp:3626]   --->   Operation 116 'store' 'store_ln3626' <Predicate = (!icmp_ln3626)> <Delay = 0.38>
ST_2 : Operation 117 [1/1] (0.38ns)   --->   "%store_ln3626 = store i8 %select_ln3626_1, i8 %mi1" [/home/silvenchen/Desktop/DitBlock/WorkDCT/DitBlock/kernel.cpp:3626]   --->   Operation 117 'store' 'store_ln3626' <Predicate = (!icmp_ln3626)> <Delay = 0.38>
ST_2 : Operation 118 [1/1] (0.38ns)   --->   "%store_ln3627 = store i7 %add_ln3627, i7 %ni1" [/home/silvenchen/Desktop/DitBlock/WorkDCT/DitBlock/kernel.cpp:3627]   --->   Operation 118 'store' 'store_ln3627' <Predicate = (!icmp_ln3626)> <Delay = 0.38>
ST_2 : Operation 119 [1/1] (0.00ns)   --->   "%ret_ln3657 = ret" [/home/silvenchen/Desktop/DitBlock/WorkDCT/DitBlock/kernel.cpp:3657]   --->   Operation 119 'ret' 'ret_ln3657' <Predicate = (icmp_ln3626)> <Delay = 0.00>

State 3 <SV = 2> <Delay = 0.00>
ST_3 : Operation 120 [1/2] (0.00ns)   --->   "%call_ln3626 = call void @systolic_Q_Pipeline_l_load_A_tile_ak1_l_ai1, i32 %local_A1, i32 %local_A1_1, i32 %local_A1_2, i32 %local_A1_3, i32 %local_A1_4, i32 %local_A1_5, i32 %local_A1_6, i32 %local_A1_7, i1 %v1942, i10 %p_mid2, i32 %v1931" [/home/silvenchen/Desktop/DitBlock/WorkDCT/DitBlock/kernel.cpp:3626]   --->   Operation 120 'call' 'call_ln3626' <Predicate = true> <Delay = 0.00> <CoreType = "Generic">   --->   Core 0 '' <Latency = 0> <II = 1> <Delay = 1.00> <Generic> <Opcode : >
ST_3 : Operation 121 [1/2] (0.00ns)   --->   "%call_ln3626 = call void @systolic_Q_Pipeline_l_load_B_tile_bk1_l_bj1, i32 %local_B1, i32 %local_B1_1, i32 %local_B1_2, i32 %local_B1_3, i32 %local_B1_4, i32 %local_B1_5, i32 %local_B1_6, i32 %local_B1_7, i9 %tmp_s, i32 %v1932" [/home/silvenchen/Desktop/DitBlock/WorkDCT/DitBlock/kernel.cpp:3626]   --->   Operation 121 'call' 'call_ln3626' <Predicate = true> <Delay = 0.00> <CoreType = "Generic">   --->   Core 0 '' <Latency = 0> <II = 1> <Delay = 1.00> <Generic> <Opcode : >

State 4 <SV = 3> <Delay = 0.00>
ST_4 : Operation 122 [2/2] (0.00ns)   --->   "%call_ln3647 = call void @systolic_tile_Q, i32 %local_A1, i32 %local_A1_1, i32 %local_A1_2, i32 %local_A1_3, i32 %local_A1_4, i32 %local_A1_5, i32 %local_A1_6, i32 %local_A1_7, i32 %local_B1, i32 %local_B1_1, i32 %local_B1_2, i32 %local_B1_3, i32 %local_B1_4, i32 %local_B1_5, i32 %local_B1_6, i32 %local_B1_7, i32 %local_C1, i32 %local_C1_1, i32 %local_C1_2, i32 %local_C1_3, i32 %local_C1_4, i32 %local_C1_5, i32 %local_C1_6, i32 %local_C1_7, i32 %local_C1_8, i32 %local_C1_9, i32 %local_C1_10, i32 %local_C1_11, i32 %local_C1_12, i32 %local_C1_13, i32 %local_C1_14, i32 %local_C1_15, i32 %local_C1_16, i32 %local_C1_17, i32 %local_C1_18, i32 %local_C1_19, i32 %local_C1_20, i32 %local_C1_21, i32 %local_C1_22, i32 %local_C1_23, i32 %local_C1_24, i32 %local_C1_25, i32 %local_C1_26, i32 %local_C1_27, i32 %local_C1_28, i32 %local_C1_29, i32 %local_C1_30, i32 %local_C1_31, i32 %local_C1_32, i32 %local_C1_33, i32 %local_C1_34, i32 %local_C1_35, i32 %local_C1_36, i32 %local_C1_37, i32 %local_C1_38, i32 %local_C1_39, i32 %local_C1_40, i32 %local_C1_41, i32 %local_C1_42, i32 %local_C1_43, i32 %local_C1_44, i32 %local_C1_45, i32 %local_C1_46, i32 %local_C1_47, i32 %local_C1_48, i32 %local_C1_49, i32 %local_C1_50, i32 %local_C1_51, i32 %local_C1_52, i32 %local_C1_53, i32 %local_C1_54, i32 %local_C1_55, i32 %local_C1_56, i32 %local_C1_57, i32 %local_C1_58, i32 %local_C1_59, i32 %local_C1_60, i32 %local_C1_61, i32 %local_C1_62, i32 %local_C1_63" [/home/silvenchen/Desktop/DitBlock/WorkDCT/DitBlock/kernel.cpp:3647]   --->   Operation 122 'call' 'call_ln3647' <Predicate = true> <Delay = 0.00> <CoreType = "Generic">   --->   Core 0 '' <Latency = 0> <II = 1> <Delay = 1.00> <Generic> <Opcode : >

State 5 <SV = 4> <Delay = 0.00>
ST_5 : Operation 123 [1/2] (0.00ns)   --->   "%call_ln3647 = call void @systolic_tile_Q, i32 %local_A1, i32 %local_A1_1, i32 %local_A1_2, i32 %local_A1_3, i32 %local_A1_4, i32 %local_A1_5, i32 %local_A1_6, i32 %local_A1_7, i32 %local_B1, i32 %local_B1_1, i32 %local_B1_2, i32 %local_B1_3, i32 %local_B1_4, i32 %local_B1_5, i32 %local_B1_6, i32 %local_B1_7, i32 %local_C1, i32 %local_C1_1, i32 %local_C1_2, i32 %local_C1_3, i32 %local_C1_4, i32 %local_C1_5, i32 %local_C1_6, i32 %local_C1_7, i32 %local_C1_8, i32 %local_C1_9, i32 %local_C1_10, i32 %local_C1_11, i32 %local_C1_12, i32 %local_C1_13, i32 %local_C1_14, i32 %local_C1_15, i32 %local_C1_16, i32 %local_C1_17, i32 %local_C1_18, i32 %local_C1_19, i32 %local_C1_20, i32 %local_C1_21, i32 %local_C1_22, i32 %local_C1_23, i32 %local_C1_24, i32 %local_C1_25, i32 %local_C1_26, i32 %local_C1_27, i32 %local_C1_28, i32 %local_C1_29, i32 %local_C1_30, i32 %local_C1_31, i32 %local_C1_32, i32 %local_C1_33, i32 %local_C1_34, i32 %local_C1_35, i32 %local_C1_36, i32 %local_C1_37, i32 %local_C1_38, i32 %local_C1_39, i32 %local_C1_40, i32 %local_C1_41, i32 %local_C1_42, i32 %local_C1_43, i32 %local_C1_44, i32 %local_C1_45, i32 %local_C1_46, i32 %local_C1_47, i32 %local_C1_48, i32 %local_C1_49, i32 %local_C1_50, i32 %local_C1_51, i32 %local_C1_52, i32 %local_C1_53, i32 %local_C1_54, i32 %local_C1_55, i32 %local_C1_56, i32 %local_C1_57, i32 %local_C1_58, i32 %local_C1_59, i32 %local_C1_60, i32 %local_C1_61, i32 %local_C1_62, i32 %local_C1_63" [/home/silvenchen/Desktop/DitBlock/WorkDCT/DitBlock/kernel.cpp:3647]   --->   Operation 123 'call' 'call_ln3647' <Predicate = true> <Delay = 0.00> <CoreType = "Generic">   --->   Core 0 '' <Latency = 0> <II = 1> <Delay = 1.00> <Generic> <Opcode : >

State 6 <SV = 5> <Delay = 3.83>
ST_6 : Operation 124 [1/1] (0.00ns)   --->   "%local_C1_load = load i32 %local_C1"   --->   Operation 124 'load' 'local_C1_load' <Predicate = true> <Delay = 0.00>
ST_6 : Operation 125 [1/1] (0.00ns)   --->   "%local_C1_1_load = load i32 %local_C1_1"   --->   Operation 125 'load' 'local_C1_1_load' <Predicate = true> <Delay = 0.00>
ST_6 : Operation 126 [1/1] (0.00ns)   --->   "%local_C1_2_load = load i32 %local_C1_2"   --->   Operation 126 'load' 'local_C1_2_load' <Predicate = true> <Delay = 0.00>
ST_6 : Operation 127 [1/1] (0.00ns)   --->   "%local_C1_3_load = load i32 %local_C1_3"   --->   Operation 127 'load' 'local_C1_3_load' <Predicate = true> <Delay = 0.00>
ST_6 : Operation 128 [1/1] (0.00ns)   --->   "%local_C1_4_load = load i32 %local_C1_4"   --->   Operation 128 'load' 'local_C1_4_load' <Predicate = true> <Delay = 0.00>
ST_6 : Operation 129 [1/1] (0.00ns)   --->   "%local_C1_5_load = load i32 %local_C1_5"   --->   Operation 129 'load' 'local_C1_5_load' <Predicate = true> <Delay = 0.00>
ST_6 : Operation 130 [1/1] (0.00ns)   --->   "%local_C1_6_load = load i32 %local_C1_6"   --->   Operation 130 'load' 'local_C1_6_load' <Predicate = true> <Delay = 0.00>
ST_6 : Operation 131 [1/1] (0.00ns)   --->   "%local_C1_7_load = load i32 %local_C1_7"   --->   Operation 131 'load' 'local_C1_7_load' <Predicate = true> <Delay = 0.00>
ST_6 : Operation 132 [1/1] (0.00ns)   --->   "%local_C1_8_load = load i32 %local_C1_8"   --->   Operation 132 'load' 'local_C1_8_load' <Predicate = true> <Delay = 0.00>
ST_6 : Operation 133 [1/1] (0.00ns)   --->   "%local_C1_9_load = load i32 %local_C1_9"   --->   Operation 133 'load' 'local_C1_9_load' <Predicate = true> <Delay = 0.00>
ST_6 : Operation 134 [1/1] (0.00ns)   --->   "%local_C1_10_load = load i32 %local_C1_10"   --->   Operation 134 'load' 'local_C1_10_load' <Predicate = true> <Delay = 0.00>
ST_6 : Operation 135 [1/1] (0.00ns)   --->   "%local_C1_11_load = load i32 %local_C1_11"   --->   Operation 135 'load' 'local_C1_11_load' <Predicate = true> <Delay = 0.00>
ST_6 : Operation 136 [1/1] (0.00ns)   --->   "%local_C1_12_load = load i32 %local_C1_12"   --->   Operation 136 'load' 'local_C1_12_load' <Predicate = true> <Delay = 0.00>
ST_6 : Operation 137 [1/1] (0.00ns)   --->   "%local_C1_13_load = load i32 %local_C1_13"   --->   Operation 137 'load' 'local_C1_13_load' <Predicate = true> <Delay = 0.00>
ST_6 : Operation 138 [1/1] (0.00ns)   --->   "%local_C1_14_load = load i32 %local_C1_14"   --->   Operation 138 'load' 'local_C1_14_load' <Predicate = true> <Delay = 0.00>
ST_6 : Operation 139 [1/1] (0.00ns)   --->   "%local_C1_15_load = load i32 %local_C1_15"   --->   Operation 139 'load' 'local_C1_15_load' <Predicate = true> <Delay = 0.00>
ST_6 : Operation 140 [1/1] (0.00ns)   --->   "%local_C1_16_load = load i32 %local_C1_16"   --->   Operation 140 'load' 'local_C1_16_load' <Predicate = true> <Delay = 0.00>
ST_6 : Operation 141 [1/1] (0.00ns)   --->   "%local_C1_17_load = load i32 %local_C1_17"   --->   Operation 141 'load' 'local_C1_17_load' <Predicate = true> <Delay = 0.00>
ST_6 : Operation 142 [1/1] (0.00ns)   --->   "%local_C1_18_load = load i32 %local_C1_18"   --->   Operation 142 'load' 'local_C1_18_load' <Predicate = true> <Delay = 0.00>
ST_6 : Operation 143 [1/1] (0.00ns)   --->   "%local_C1_19_load = load i32 %local_C1_19"   --->   Operation 143 'load' 'local_C1_19_load' <Predicate = true> <Delay = 0.00>
ST_6 : Operation 144 [1/1] (0.00ns)   --->   "%local_C1_20_load = load i32 %local_C1_20"   --->   Operation 144 'load' 'local_C1_20_load' <Predicate = true> <Delay = 0.00>
ST_6 : Operation 145 [1/1] (0.00ns)   --->   "%local_C1_21_load = load i32 %local_C1_21"   --->   Operation 145 'load' 'local_C1_21_load' <Predicate = true> <Delay = 0.00>
ST_6 : Operation 146 [1/1] (0.00ns)   --->   "%local_C1_22_load = load i32 %local_C1_22"   --->   Operation 146 'load' 'local_C1_22_load' <Predicate = true> <Delay = 0.00>
ST_6 : Operation 147 [1/1] (0.00ns)   --->   "%local_C1_23_load = load i32 %local_C1_23"   --->   Operation 147 'load' 'local_C1_23_load' <Predicate = true> <Delay = 0.00>
ST_6 : Operation 148 [1/1] (0.00ns)   --->   "%local_C1_24_load = load i32 %local_C1_24"   --->   Operation 148 'load' 'local_C1_24_load' <Predicate = true> <Delay = 0.00>
ST_6 : Operation 149 [1/1] (0.00ns)   --->   "%local_C1_25_load = load i32 %local_C1_25"   --->   Operation 149 'load' 'local_C1_25_load' <Predicate = true> <Delay = 0.00>
ST_6 : Operation 150 [1/1] (0.00ns)   --->   "%local_C1_26_load = load i32 %local_C1_26"   --->   Operation 150 'load' 'local_C1_26_load' <Predicate = true> <Delay = 0.00>
ST_6 : Operation 151 [1/1] (0.00ns)   --->   "%local_C1_27_load = load i32 %local_C1_27"   --->   Operation 151 'load' 'local_C1_27_load' <Predicate = true> <Delay = 0.00>
ST_6 : Operation 152 [1/1] (0.00ns)   --->   "%local_C1_28_load = load i32 %local_C1_28"   --->   Operation 152 'load' 'local_C1_28_load' <Predicate = true> <Delay = 0.00>
ST_6 : Operation 153 [1/1] (0.00ns)   --->   "%local_C1_29_load = load i32 %local_C1_29"   --->   Operation 153 'load' 'local_C1_29_load' <Predicate = true> <Delay = 0.00>
ST_6 : Operation 154 [1/1] (0.00ns)   --->   "%local_C1_30_load = load i32 %local_C1_30"   --->   Operation 154 'load' 'local_C1_30_load' <Predicate = true> <Delay = 0.00>
ST_6 : Operation 155 [1/1] (0.00ns)   --->   "%local_C1_31_load = load i32 %local_C1_31"   --->   Operation 155 'load' 'local_C1_31_load' <Predicate = true> <Delay = 0.00>
ST_6 : Operation 156 [1/1] (0.00ns)   --->   "%local_C1_32_load = load i32 %local_C1_32"   --->   Operation 156 'load' 'local_C1_32_load' <Predicate = true> <Delay = 0.00>
ST_6 : Operation 157 [1/1] (0.00ns)   --->   "%local_C1_33_load = load i32 %local_C1_33"   --->   Operation 157 'load' 'local_C1_33_load' <Predicate = true> <Delay = 0.00>
ST_6 : Operation 158 [1/1] (0.00ns)   --->   "%local_C1_34_load = load i32 %local_C1_34"   --->   Operation 158 'load' 'local_C1_34_load' <Predicate = true> <Delay = 0.00>
ST_6 : Operation 159 [1/1] (0.00ns)   --->   "%local_C1_35_load = load i32 %local_C1_35"   --->   Operation 159 'load' 'local_C1_35_load' <Predicate = true> <Delay = 0.00>
ST_6 : Operation 160 [1/1] (0.00ns)   --->   "%local_C1_36_load = load i32 %local_C1_36"   --->   Operation 160 'load' 'local_C1_36_load' <Predicate = true> <Delay = 0.00>
ST_6 : Operation 161 [1/1] (0.00ns)   --->   "%local_C1_37_load = load i32 %local_C1_37"   --->   Operation 161 'load' 'local_C1_37_load' <Predicate = true> <Delay = 0.00>
ST_6 : Operation 162 [1/1] (0.00ns)   --->   "%local_C1_38_load = load i32 %local_C1_38"   --->   Operation 162 'load' 'local_C1_38_load' <Predicate = true> <Delay = 0.00>
ST_6 : Operation 163 [1/1] (0.00ns)   --->   "%local_C1_39_load = load i32 %local_C1_39"   --->   Operation 163 'load' 'local_C1_39_load' <Predicate = true> <Delay = 0.00>
ST_6 : Operation 164 [1/1] (0.00ns)   --->   "%local_C1_40_load = load i32 %local_C1_40"   --->   Operation 164 'load' 'local_C1_40_load' <Predicate = true> <Delay = 0.00>
ST_6 : Operation 165 [1/1] (0.00ns)   --->   "%local_C1_41_load = load i32 %local_C1_41"   --->   Operation 165 'load' 'local_C1_41_load' <Predicate = true> <Delay = 0.00>
ST_6 : Operation 166 [1/1] (0.00ns)   --->   "%local_C1_42_load = load i32 %local_C1_42"   --->   Operation 166 'load' 'local_C1_42_load' <Predicate = true> <Delay = 0.00>
ST_6 : Operation 167 [1/1] (0.00ns)   --->   "%local_C1_43_load = load i32 %local_C1_43"   --->   Operation 167 'load' 'local_C1_43_load' <Predicate = true> <Delay = 0.00>
ST_6 : Operation 168 [1/1] (0.00ns)   --->   "%local_C1_44_load = load i32 %local_C1_44"   --->   Operation 168 'load' 'local_C1_44_load' <Predicate = true> <Delay = 0.00>
ST_6 : Operation 169 [1/1] (0.00ns)   --->   "%local_C1_45_load = load i32 %local_C1_45"   --->   Operation 169 'load' 'local_C1_45_load' <Predicate = true> <Delay = 0.00>
ST_6 : Operation 170 [1/1] (0.00ns)   --->   "%local_C1_46_load = load i32 %local_C1_46"   --->   Operation 170 'load' 'local_C1_46_load' <Predicate = true> <Delay = 0.00>
ST_6 : Operation 171 [1/1] (0.00ns)   --->   "%local_C1_47_load = load i32 %local_C1_47"   --->   Operation 171 'load' 'local_C1_47_load' <Predicate = true> <Delay = 0.00>
ST_6 : Operation 172 [1/1] (0.00ns)   --->   "%local_C1_48_load = load i32 %local_C1_48"   --->   Operation 172 'load' 'local_C1_48_load' <Predicate = true> <Delay = 0.00>
ST_6 : Operation 173 [1/1] (0.00ns)   --->   "%local_C1_49_load = load i32 %local_C1_49"   --->   Operation 173 'load' 'local_C1_49_load' <Predicate = true> <Delay = 0.00>
ST_6 : Operation 174 [1/1] (0.00ns)   --->   "%local_C1_50_load = load i32 %local_C1_50"   --->   Operation 174 'load' 'local_C1_50_load' <Predicate = true> <Delay = 0.00>
ST_6 : Operation 175 [1/1] (0.00ns)   --->   "%local_C1_51_load = load i32 %local_C1_51"   --->   Operation 175 'load' 'local_C1_51_load' <Predicate = true> <Delay = 0.00>
ST_6 : Operation 176 [1/1] (0.00ns)   --->   "%local_C1_52_load = load i32 %local_C1_52"   --->   Operation 176 'load' 'local_C1_52_load' <Predicate = true> <Delay = 0.00>
ST_6 : Operation 177 [1/1] (0.00ns)   --->   "%local_C1_53_load = load i32 %local_C1_53"   --->   Operation 177 'load' 'local_C1_53_load' <Predicate = true> <Delay = 0.00>
ST_6 : Operation 178 [1/1] (0.00ns)   --->   "%local_C1_54_load = load i32 %local_C1_54"   --->   Operation 178 'load' 'local_C1_54_load' <Predicate = true> <Delay = 0.00>
ST_6 : Operation 179 [1/1] (0.00ns)   --->   "%local_C1_55_load = load i32 %local_C1_55"   --->   Operation 179 'load' 'local_C1_55_load' <Predicate = true> <Delay = 0.00>
ST_6 : Operation 180 [1/1] (0.00ns)   --->   "%local_C1_56_load = load i32 %local_C1_56"   --->   Operation 180 'load' 'local_C1_56_load' <Predicate = true> <Delay = 0.00>
ST_6 : Operation 181 [1/1] (0.00ns)   --->   "%local_C1_57_load = load i32 %local_C1_57"   --->   Operation 181 'load' 'local_C1_57_load' <Predicate = true> <Delay = 0.00>
ST_6 : Operation 182 [1/1] (0.00ns)   --->   "%local_C1_58_load = load i32 %local_C1_58"   --->   Operation 182 'load' 'local_C1_58_load' <Predicate = true> <Delay = 0.00>
ST_6 : Operation 183 [1/1] (0.00ns)   --->   "%local_C1_59_load = load i32 %local_C1_59"   --->   Operation 183 'load' 'local_C1_59_load' <Predicate = true> <Delay = 0.00>
ST_6 : Operation 184 [1/1] (0.00ns)   --->   "%local_C1_60_load = load i32 %local_C1_60"   --->   Operation 184 'load' 'local_C1_60_load' <Predicate = true> <Delay = 0.00>
ST_6 : Operation 185 [1/1] (0.00ns)   --->   "%local_C1_61_load = load i32 %local_C1_61"   --->   Operation 185 'load' 'local_C1_61_load' <Predicate = true> <Delay = 0.00>
ST_6 : Operation 186 [1/1] (0.00ns)   --->   "%local_C1_62_load = load i32 %local_C1_62"   --->   Operation 186 'load' 'local_C1_62_load' <Predicate = true> <Delay = 0.00>
ST_6 : Operation 187 [1/1] (0.00ns)   --->   "%local_C1_63_load = load i32 %local_C1_63"   --->   Operation 187 'load' 'local_C1_63_load' <Predicate = true> <Delay = 0.00>
ST_6 : Operation 188 [2/2] (3.83ns)   --->   "%call_ln3626 = call void @systolic_Q_Pipeline_l_store_C_tile_sj1_l_si1, i9 %tmp_s, i32 %local_C1_load, i32 %local_C1_1_load, i32 %local_C1_2_load, i32 %local_C1_3_load, i32 %local_C1_4_load, i32 %local_C1_5_load, i32 %local_C1_6_load, i32 %local_C1_7_load, i32 %local_C1_8_load, i32 %local_C1_9_load, i32 %local_C1_10_load, i32 %local_C1_11_load, i32 %local_C1_12_load, i32 %local_C1_13_load, i32 %local_C1_14_load, i32 %local_C1_15_load, i32 %local_C1_16_load, i32 %local_C1_17_load, i32 %local_C1_18_load, i32 %local_C1_19_load, i32 %local_C1_20_load, i32 %local_C1_21_load, i32 %local_C1_22_load, i32 %local_C1_23_load, i32 %local_C1_24_load, i32 %local_C1_25_load, i32 %local_C1_26_load, i32 %local_C1_27_load, i32 %local_C1_28_load, i32 %local_C1_29_load, i32 %local_C1_30_load, i32 %local_C1_31_load, i32 %local_C1_32_load, i32 %local_C1_33_load, i32 %local_C1_34_load, i32 %local_C1_35_load, i32 %local_C1_36_load, i32 %local_C1_37_load, i32 %local_C1_38_load, i32 %local_C1_39_load, i32 %local_C1_40_load, i32 %local_C1_41_load, i32 %local_C1_42_load, i32 %local_C1_43_load, i32 %local_C1_44_load, i32 %local_C1_45_load, i32 %local_C1_46_load, i32 %local_C1_47_load, i32 %local_C1_48_load, i32 %local_C1_49_load, i32 %local_C1_50_load, i32 %local_C1_51_load, i32 %local_C1_52_load, i32 %local_C1_53_load, i32 %local_C1_54_load, i32 %local_C1_55_load, i32 %local_C1_56_load, i32 %local_C1_57_load, i32 %local_C1_58_load, i32 %local_C1_59_load, i32 %local_C1_60_load, i32 %local_C1_61_load, i32 %local_C1_62_load, i32 %local_C1_63_load, i10 %p_mid2, i32 %v1933" [/home/silvenchen/Desktop/DitBlock/WorkDCT/DitBlock/kernel.cpp:3626]   --->   Operation 188 'call' 'call_ln3626' <Predicate = true> <Delay = 3.83> <CoreType = "Generic">   --->   Core 0 '' <Latency = 0> <II = 1> <Delay = 1.00> <Generic> <Opcode : >

State 7 <SV = 6> <Delay = 0.00>
ST_7 : Operation 189 [1/1] (0.00ns)   --->   "%specloopname_ln0 = specloopname void @_ssdm_op_SpecLoopName, void @l_outer_tile_mi1_l_ni1_str"   --->   Operation 189 'specloopname' 'specloopname_ln0' <Predicate = true> <Delay = 0.00>
ST_7 : Operation 190 [1/1] (0.00ns)   --->   "%speclooptripcount_ln0 = speclooptripcount void @_ssdm_op_SpecLoopTripCount, i64 8192, i64 8192, i64 8192"   --->   Operation 190 'speclooptripcount' 'speclooptripcount_ln0' <Predicate = true> <Delay = 0.00>
ST_7 : Operation 191 [1/2] (0.00ns)   --->   "%call_ln3626 = call void @systolic_Q_Pipeline_l_store_C_tile_sj1_l_si1, i9 %tmp_s, i32 %local_C1_load, i32 %local_C1_1_load, i32 %local_C1_2_load, i32 %local_C1_3_load, i32 %local_C1_4_load, i32 %local_C1_5_load, i32 %local_C1_6_load, i32 %local_C1_7_load, i32 %local_C1_8_load, i32 %local_C1_9_load, i32 %local_C1_10_load, i32 %local_C1_11_load, i32 %local_C1_12_load, i32 %local_C1_13_load, i32 %local_C1_14_load, i32 %local_C1_15_load, i32 %local_C1_16_load, i32 %local_C1_17_load, i32 %local_C1_18_load, i32 %local_C1_19_load, i32 %local_C1_20_load, i32 %local_C1_21_load, i32 %local_C1_22_load, i32 %local_C1_23_load, i32 %local_C1_24_load, i32 %local_C1_25_load, i32 %local_C1_26_load, i32 %local_C1_27_load, i32 %local_C1_28_load, i32 %local_C1_29_load, i32 %local_C1_30_load, i32 %local_C1_31_load, i32 %local_C1_32_load, i32 %local_C1_33_load, i32 %local_C1_34_load, i32 %local_C1_35_load, i32 %local_C1_36_load, i32 %local_C1_37_load, i32 %local_C1_38_load, i32 %local_C1_39_load, i32 %local_C1_40_load, i32 %local_C1_41_load, i32 %local_C1_42_load, i32 %local_C1_43_load, i32 %local_C1_44_load, i32 %local_C1_45_load, i32 %local_C1_46_load, i32 %local_C1_47_load, i32 %local_C1_48_load, i32 %local_C1_49_load, i32 %local_C1_50_load, i32 %local_C1_51_load, i32 %local_C1_52_load, i32 %local_C1_53_load, i32 %local_C1_54_load, i32 %local_C1_55_load, i32 %local_C1_56_load, i32 %local_C1_57_load, i32 %local_C1_58_load, i32 %local_C1_59_load, i32 %local_C1_60_load, i32 %local_C1_61_load, i32 %local_C1_62_load, i32 %local_C1_63_load, i10 %p_mid2, i32 %v1933" [/home/silvenchen/Desktop/DitBlock/WorkDCT/DitBlock/kernel.cpp:3626]   --->   Operation 191 'call' 'call_ln3626' <Predicate = true> <Delay = 0.00> <CoreType = "Generic">   --->   Core 0 '' <Latency = 0> <II = 1> <Delay = 1.00> <Generic> <Opcode : >
ST_7 : Operation 192 [1/1] (0.00ns)   --->   "%br_ln3627 = br void %l_load_A_tile_ak1" [/home/silvenchen/Desktop/DitBlock/WorkDCT/DitBlock/kernel.cpp:3627]   --->   Operation 192 'br' 'br_ln3627' <Predicate = true> <Delay = 0.00>


============================================================
+ Verbose Summary: Binding
============================================================
STG Binding: 
---------------- STG Properties BEGIN ----------------
- Is combinational: 0
- Is one-state seq: 0
- Is datapath-only: 0
- Is pipelined: 0
- Is top level: 0
Port [ Return ] is wired: 1; IO mode=ap_ctrl_hs:ce=0
Port [ v1931]:  wired=1; compound=1; hidden=0; nouse=0; global=0; static=0; extern=0; dir=0; type=1; pingpong=0; private_global=0; MemPort=[13]; IO mode=ap_memory:ce=0
Port [ v1932]:  wired=1; compound=1; hidden=0; nouse=0; global=0; static=0; extern=0; dir=0; type=1; pingpong=0; private_global=0; MemPort=[13]; IO mode=ap_memory:ce=0
Port [ v1933]:  wired=1; compound=1; hidden=0; nouse=0; global=0; static=0; extern=0; dir=1; type=1; pingpong=0; private_global=0; MemPort=[30]; IO mode=ap_memory:ce=0
---------------- STG Properties END ------------------

---------------- Datapath Model BEGIN ----------------

<LifeTime>
<method=bitvector/>
ni1                   (alloca           ) [ 01111111]
mi1                   (alloca           ) [ 01111111]
indvar_flatten20      (alloca           ) [ 01111111]
specmemcore_ln0       (specmemcore      ) [ 00000000]
specmemcore_ln0       (specmemcore      ) [ 00000000]
specmemcore_ln0       (specmemcore      ) [ 00000000]
local_A1              (alloca           ) [ 00111111]
local_A1_1            (alloca           ) [ 00111111]
local_A1_2            (alloca           ) [ 00111111]
local_A1_3            (alloca           ) [ 00111111]
local_A1_4            (alloca           ) [ 00111111]
local_A1_5            (alloca           ) [ 00111111]
local_A1_6            (alloca           ) [ 00111111]
local_A1_7            (alloca           ) [ 00111111]
local_B1              (alloca           ) [ 00111111]
local_B1_1            (alloca           ) [ 00111111]
local_B1_2            (alloca           ) [ 00111111]
local_B1_3            (alloca           ) [ 00111111]
local_B1_4            (alloca           ) [ 00111111]
local_B1_5            (alloca           ) [ 00111111]
local_B1_6            (alloca           ) [ 00111111]
local_B1_7            (alloca           ) [ 00111111]
local_C1              (alloca           ) [ 00111111]
local_C1_1            (alloca           ) [ 00111111]
local_C1_2            (alloca           ) [ 00111111]
local_C1_3            (alloca           ) [ 00111111]
local_C1_4            (alloca           ) [ 00111111]
local_C1_5            (alloca           ) [ 00111111]
local_C1_6            (alloca           ) [ 00111111]
local_C1_7            (alloca           ) [ 00111111]
local_C1_8            (alloca           ) [ 00111111]
local_C1_9            (alloca           ) [ 00111111]
local_C1_10           (alloca           ) [ 00111111]
local_C1_11           (alloca           ) [ 00111111]
local_C1_12           (alloca           ) [ 00111111]
local_C1_13           (alloca           ) [ 00111111]
local_C1_14           (alloca           ) [ 00111111]
local_C1_15           (alloca           ) [ 00111111]
local_C1_16           (alloca           ) [ 00111111]
local_C1_17           (alloca           ) [ 00111111]
local_C1_18           (alloca           ) [ 00111111]
local_C1_19           (alloca           ) [ 00111111]
local_C1_20           (alloca           ) [ 00111111]
local_C1_21           (alloca           ) [ 00111111]
local_C1_22           (alloca           ) [ 00111111]
local_C1_23           (alloca           ) [ 00111111]
local_C1_24           (alloca           ) [ 00111111]
local_C1_25           (alloca           ) [ 00111111]
local_C1_26           (alloca           ) [ 00111111]
local_C1_27           (alloca           ) [ 00111111]
local_C1_28           (alloca           ) [ 00111111]
local_C1_29           (alloca           ) [ 00111111]
local_C1_30           (alloca           ) [ 00111111]
local_C1_31           (alloca           ) [ 00111111]
local_C1_32           (alloca           ) [ 00111111]
local_C1_33           (alloca           ) [ 00111111]
local_C1_34           (alloca           ) [ 00111111]
local_C1_35           (alloca           ) [ 00111111]
local_C1_36           (alloca           ) [ 00111111]
local_C1_37           (alloca           ) [ 00111111]
local_C1_38           (alloca           ) [ 00111111]
local_C1_39           (alloca           ) [ 00111111]
local_C1_40           (alloca           ) [ 00111111]
local_C1_41           (alloca           ) [ 00111111]
local_C1_42           (alloca           ) [ 00111111]
local_C1_43           (alloca           ) [ 00111111]
local_C1_44           (alloca           ) [ 00111111]
local_C1_45           (alloca           ) [ 00111111]
local_C1_46           (alloca           ) [ 00111111]
local_C1_47           (alloca           ) [ 00111111]
local_C1_48           (alloca           ) [ 00111111]
local_C1_49           (alloca           ) [ 00111111]
local_C1_50           (alloca           ) [ 00111111]
local_C1_51           (alloca           ) [ 00111111]
local_C1_52           (alloca           ) [ 00111111]
local_C1_53           (alloca           ) [ 00111111]
local_C1_54           (alloca           ) [ 00111111]
local_C1_55           (alloca           ) [ 00111111]
local_C1_56           (alloca           ) [ 00111111]
local_C1_57           (alloca           ) [ 00111111]
local_C1_58           (alloca           ) [ 00111111]
local_C1_59           (alloca           ) [ 00111111]
local_C1_60           (alloca           ) [ 00111111]
local_C1_61           (alloca           ) [ 00111111]
local_C1_62           (alloca           ) [ 00111111]
local_C1_63           (alloca           ) [ 00111111]
store_ln0             (store            ) [ 00000000]
store_ln3626          (store            ) [ 00000000]
store_ln3627          (store            ) [ 00000000]
br_ln3626             (br               ) [ 00000000]
indvar_flatten20_load (load             ) [ 00000000]
icmp_ln3626           (icmp             ) [ 00111111]
add_ln3626_1          (add              ) [ 00000000]
br_ln3626             (br               ) [ 00000000]
ni1_load              (load             ) [ 00000000]
mi1_load              (load             ) [ 00000000]
add_ln3626            (add              ) [ 00000000]
icmp_ln3627           (icmp             ) [ 00000000]
select_ln3626         (select           ) [ 00000000]
select_ln3626_1       (select           ) [ 00000000]
trunc_ln3626          (trunc            ) [ 00000000]
p_mid2                (bitconcatenate   ) [ 00011111]
v1942                 (icmp             ) [ 00010000]
empty                 (trunc            ) [ 00000000]
tmp_s                 (bitconcatenate   ) [ 00011111]
add_ln3627            (add              ) [ 00000000]
store_ln3626          (store            ) [ 00000000]
store_ln3626          (store            ) [ 00000000]
store_ln3627          (store            ) [ 00000000]
ret_ln3657            (ret              ) [ 00000000]
call_ln3626           (call             ) [ 00000000]
call_ln3626           (call             ) [ 00000000]
call_ln3647           (call             ) [ 00000000]
local_C1_load         (load             ) [ 00000001]
local_C1_1_load       (load             ) [ 00000001]
local_C1_2_load       (load             ) [ 00000001]
local_C1_3_load       (load             ) [ 00000001]
local_C1_4_load       (load             ) [ 00000001]
local_C1_5_load       (load             ) [ 00000001]
local_C1_6_load       (load             ) [ 00000001]
local_C1_7_load       (load             ) [ 00000001]
local_C1_8_load       (load             ) [ 00000001]
local_C1_9_load       (load             ) [ 00000001]
local_C1_10_load      (load             ) [ 00000001]
local_C1_11_load      (load             ) [ 00000001]
local_C1_12_load      (load             ) [ 00000001]
local_C1_13_load      (load             ) [ 00000001]
local_C1_14_load      (load             ) [ 00000001]
local_C1_15_load      (load             ) [ 00000001]
local_C1_16_load      (load             ) [ 00000001]
local_C1_17_load      (load             ) [ 00000001]
local_C1_18_load      (load             ) [ 00000001]
local_C1_19_load      (load             ) [ 00000001]
local_C1_20_load      (load             ) [ 00000001]
local_C1_21_load      (load             ) [ 00000001]
local_C1_22_load      (load             ) [ 00000001]
local_C1_23_load      (load             ) [ 00000001]
local_C1_24_load      (load             ) [ 00000001]
local_C1_25_load      (load             ) [ 00000001]
local_C1_26_load      (load             ) [ 00000001]
local_C1_27_load      (load             ) [ 00000001]
local_C1_28_load      (load             ) [ 00000001]
local_C1_29_load      (load             ) [ 00000001]
local_C1_30_load      (load             ) [ 00000001]
local_C1_31_load      (load             ) [ 00000001]
local_C1_32_load      (load             ) [ 00000001]
local_C1_33_load      (load             ) [ 00000001]
local_C1_34_load      (load             ) [ 00000001]
local_C1_35_load      (load             ) [ 00000001]
local_C1_36_load      (load             ) [ 00000001]
local_C1_37_load      (load             ) [ 00000001]
local_C1_38_load      (load             ) [ 00000001]
local_C1_39_load      (load             ) [ 00000001]
local_C1_40_load      (load             ) [ 00000001]
local_C1_41_load      (load             ) [ 00000001]
local_C1_42_load      (load             ) [ 00000001]
local_C1_43_load      (load             ) [ 00000001]
local_C1_44_load      (load             ) [ 00000001]
local_C1_45_load      (load             ) [ 00000001]
local_C1_46_load      (load             ) [ 00000001]
local_C1_47_load      (load             ) [ 00000001]
local_C1_48_load      (load             ) [ 00000001]
local_C1_49_load      (load             ) [ 00000001]
local_C1_50_load      (load             ) [ 00000001]
local_C1_51_load      (load             ) [ 00000001]
local_C1_52_load      (load             ) [ 00000001]
local_C1_53_load      (load             ) [ 00000001]
local_C1_54_load      (load             ) [ 00000001]
local_C1_55_load      (load             ) [ 00000001]
local_C1_56_load      (load             ) [ 00000001]
local_C1_57_load      (load             ) [ 00000001]
local_C1_58_load      (load             ) [ 00000001]
local_C1_59_load      (load             ) [ 00000001]
local_C1_60_load      (load             ) [ 00000001]
local_C1_61_load      (load             ) [ 00000001]
local_C1_62_load      (load             ) [ 00000001]
local_C1_63_load      (load             ) [ 00000001]
specloopname_ln0      (specloopname     ) [ 00000000]
speclooptripcount_ln0 (speclooptripcount) [ 00000000]
call_ln3626           (call             ) [ 00000000]
br_ln3627             (br               ) [ 00000000]
</LifeTime>

<model>

<comp_list>
<comp id="0" class="1000" name="v1931">
<pin_list>
<pin id="1" dir="1" index="0" bw="1" slack="0"/>
</pin_list>
<bind>
<StgValue><ssdm name="v1931"/><MemPortTyVec>1 3 </MemPortTyVec>
</StgValue>
</bind>
</comp>

<comp id="2" class="1000" name="v1932">
<pin_list>
<pin id="3" dir="1" index="0" bw="1" slack="0"/>
</pin_list>
<bind>
<StgValue><ssdm name="v1932"/><MemPortTyVec>1 3 </MemPortTyVec>
</StgValue>
</bind>
</comp>

<comp id="4" class="1000" name="v1933">
<pin_list>
<pin id="5" dir="1" index="0" bw="1" slack="0"/>
</pin_list>
<bind>
<StgValue><ssdm name="v1933"/><MemPortTyVec>3 0 </MemPortTyVec>
</StgValue>
</bind>
</comp>

<comp id="6" class="1001" name="const_6">
<pin_list>
<pin id="7" dir="1" index="0" bw="1" slack="0"/>
</pin_list>
<bind>
<StgValue><ssdm name=""/></StgValue>
</bind>
</comp>

<comp id="8" class="1001" name="const_8">
<pin_list>
<pin id="9" dir="1" index="0" bw="1" slack="2147483647"/>
</pin_list>
<bind>
<StgValue><ssdm name="_ssdm_op_SpecMemCore"/></StgValue>
</bind>
</comp>

<comp id="10" class="1001" name="const_10">
<pin_list>
<pin id="11" dir="1" index="0" bw="1" slack="2147483647"/>
</pin_list>
<bind>
<StgValue><ssdm name=""/></StgValue>
</bind>
</comp>

<comp id="12" class="1001" name="const_12">
<pin_list>
<pin id="13" dir="1" index="0" bw="1" slack="2147483647"/>
</pin_list>
<bind>
<StgValue><ssdm name=""/></StgValue>
</bind>
</comp>

<comp id="14" class="1001" name="const_14">
<pin_list>
<pin id="15" dir="1" index="0" bw="1" slack="2147483647"/>
</pin_list>
<bind>
<StgValue><ssdm name=""/></StgValue>
</bind>
</comp>

<comp id="16" class="1001" name="const_16">
<pin_list>
<pin id="17" dir="1" index="0" bw="1" slack="0"/>
</pin_list>
<bind>
<StgValue><ssdm name=""/></StgValue>
</bind>
</comp>

<comp id="18" class="1001" name="const_18">
<pin_list>
<pin id="19" dir="1" index="0" bw="1" slack="0"/>
</pin_list>
<bind>
<StgValue><ssdm name=""/></StgValue>
</bind>
</comp>

<comp id="20" class="1001" name="const_20">
<pin_list>
<pin id="21" dir="1" index="0" bw="1" slack="0"/>
</pin_list>
<bind>
<StgValue><ssdm name=""/></StgValue>
</bind>
</comp>

<comp id="22" class="1001" name="const_22">
<pin_list>
<pin id="23" dir="1" index="0" bw="1" slack="0"/>
</pin_list>
<bind>
<StgValue><ssdm name=""/></StgValue>
</bind>
</comp>

<comp id="24" class="1001" name="const_24">
<pin_list>
<pin id="25" dir="1" index="0" bw="1" slack="0"/>
</pin_list>
<bind>
<StgValue><ssdm name=""/></StgValue>
</bind>
</comp>

<comp id="26" class="1001" name="const_26">
<pin_list>
<pin id="27" dir="1" index="0" bw="1" slack="0"/>
</pin_list>
<bind>
<StgValue><ssdm name=""/></StgValue>
</bind>
</comp>

<comp id="28" class="1001" name="const_28">
<pin_list>
<pin id="29" dir="1" index="0" bw="1" slack="0"/>
</pin_list>
<bind>
<StgValue><ssdm name=""/></StgValue>
</bind>
</comp>

<comp id="30" class="1001" name="const_30">
<pin_list>
<pin id="31" dir="1" index="0" bw="1" slack="0"/>
</pin_list>
<bind>
<StgValue><ssdm name=""/></StgValue>
</bind>
</comp>

<comp id="32" class="1001" name="const_32">
<pin_list>
<pin id="33" dir="1" index="0" bw="1" slack="0"/>
</pin_list>
<bind>
<StgValue><ssdm name="_ssdm_op_BitConcatenate.i10.i7.i3"/></StgValue>
</bind>
</comp>

<comp id="34" class="1001" name="const_34">
<pin_list>
<pin id="35" dir="1" index="0" bw="1" slack="0"/>
</pin_list>
<bind>
<StgValue><ssdm name=""/></StgValue>
</bind>
</comp>

<comp id="36" class="1001" name="const_36">
<pin_list>
<pin id="37" dir="1" index="0" bw="1" slack="0"/>
</pin_list>
<bind>
<StgValue><ssdm name="systolic_Q_Pipeline_l_load_A_tile_ak1_l_ai1"/></StgValue>
</bind>
</comp>

<comp id="38" class="1001" name="const_38">
<pin_list>
<pin id="39" dir="1" index="0" bw="1" slack="0"/>
</pin_list>
<bind>
<StgValue><ssdm name="_ssdm_op_BitConcatenate.i9.i6.i3"/></StgValue>
</bind>
</comp>

<comp id="40" class="1001" name="const_40">
<pin_list>
<pin id="41" dir="1" index="0" bw="1" slack="0"/>
</pin_list>
<bind>
<StgValue><ssdm name="systolic_Q_Pipeline_l_load_B_tile_bk1_l_bj1"/></StgValue>
</bind>
</comp>

<comp id="42" class="1001" name="const_42">
<pin_list>
<pin id="43" dir="1" index="0" bw="1" slack="0"/>
</pin_list>
<bind>
<StgValue><ssdm name=""/></StgValue>
</bind>
</comp>

<comp id="44" class="1001" name="const_44">
<pin_list>
<pin id="45" dir="1" index="0" bw="1" slack="0"/>
</pin_list>
<bind>
<StgValue><ssdm name="systolic_tile_Q"/></StgValue>
</bind>
</comp>

<comp id="46" class="1001" name="const_46">
<pin_list>
<pin id="47" dir="1" index="0" bw="1" slack="0"/>
</pin_list>
<bind>
<StgValue><ssdm name="systolic_Q_Pipeline_l_store_C_tile_sj1_l_si1"/></StgValue>
</bind>
</comp>

<comp id="48" class="1001" name="const_48">
<pin_list>
<pin id="49" dir="1" index="0" bw="1" slack="2147483647"/>
</pin_list>
<bind>
<StgValue><ssdm name="_ssdm_op_SpecLoopName"/></StgValue>
</bind>
</comp>

<comp id="50" class="1001" name="const_50">
<pin_list>
<pin id="51" dir="1" index="0" bw="1" slack="2147483647"/>
</pin_list>
<bind>
<StgValue><ssdm name="l_outer_tile_mi1_l_ni1_str"/></StgValue>
</bind>
</comp>

<comp id="52" class="1001" name="const_52">
<pin_list>
<pin id="53" dir="1" index="0" bw="1" slack="2147483647"/>
</pin_list>
<bind>
<StgValue><ssdm name="_ssdm_op_SpecLoopTripCount"/></StgValue>
</bind>
</comp>

<comp id="54" class="1001" name="const_54">
<pin_list>
<pin id="55" dir="1" index="0" bw="1" slack="2147483647"/>
</pin_list>
<bind>
<StgValue><ssdm name=""/></StgValue>
</bind>
</comp>

<comp id="56" class="1004" name="ni1_fu_56">
<pin_list>
<pin id="57" dir="0" index="0" bw="1" slack="0"/>
<pin id="58" dir="1" index="1" bw="7" slack="0"/>
</pin_list>
<bind>
<opcode="alloca(26) " fcode="alloca"/>
<opset="ni1/1 "/>
</bind>
</comp>

<comp id="60" class="1004" name="mi1_fu_60">
<pin_list>
<pin id="61" dir="0" index="0" bw="1" slack="0"/>
<pin id="62" dir="1" index="1" bw="8" slack="0"/>
</pin_list>
<bind>
<opcode="alloca(26) " fcode="alloca"/>
<opset="mi1/1 "/>
</bind>
</comp>

<comp id="64" class="1004" name="indvar_flatten20_fu_64">
<pin_list>
<pin id="65" dir="0" index="0" bw="1" slack="0"/>
<pin id="66" dir="1" index="1" bw="14" slack="0"/>
</pin_list>
<bind>
<opcode="alloca(26) " fcode="alloca"/>
<opset="indvar_flatten20/1 "/>
</bind>
</comp>

<comp id="68" class="1004" name="local_A1_alloca_fu_68">
<pin_list>
<pin id="69" dir="0" index="0" bw="1" slack="0"/>
<pin id="70" dir="1" index="1" bw="32" slack="2147483647"/>
</pin_list>
<bind>
<opcode="alloca(26) " fcode="alloca"/>
<opset="local_A1/1 "/>
</bind>
</comp>

<comp id="72" class="1004" name="local_A1_1_alloca_fu_72">
<pin_list>
<pin id="73" dir="0" index="0" bw="1" slack="0"/>
<pin id="74" dir="1" index="1" bw="32" slack="2147483647"/>
</pin_list>
<bind>
<opcode="alloca(26) " fcode="alloca"/>
<opset="local_A1_1/1 "/>
</bind>
</comp>

<comp id="76" class="1004" name="local_A1_2_alloca_fu_76">
<pin_list>
<pin id="77" dir="0" index="0" bw="1" slack="0"/>
<pin id="78" dir="1" index="1" bw="32" slack="2147483647"/>
</pin_list>
<bind>
<opcode="alloca(26) " fcode="alloca"/>
<opset="local_A1_2/1 "/>
</bind>
</comp>

<comp id="80" class="1004" name="local_A1_3_alloca_fu_80">
<pin_list>
<pin id="81" dir="0" index="0" bw="1" slack="0"/>
<pin id="82" dir="1" index="1" bw="32" slack="2147483647"/>
</pin_list>
<bind>
<opcode="alloca(26) " fcode="alloca"/>
<opset="local_A1_3/1 "/>
</bind>
</comp>

<comp id="84" class="1004" name="local_A1_4_alloca_fu_84">
<pin_list>
<pin id="85" dir="0" index="0" bw="1" slack="0"/>
<pin id="86" dir="1" index="1" bw="32" slack="2147483647"/>
</pin_list>
<bind>
<opcode="alloca(26) " fcode="alloca"/>
<opset="local_A1_4/1 "/>
</bind>
</comp>

<comp id="88" class="1004" name="local_A1_5_alloca_fu_88">
<pin_list>
<pin id="89" dir="0" index="0" bw="1" slack="0"/>
<pin id="90" dir="1" index="1" bw="32" slack="2147483647"/>
</pin_list>
<bind>
<opcode="alloca(26) " fcode="alloca"/>
<opset="local_A1_5/1 "/>
</bind>
</comp>

<comp id="92" class="1004" name="local_A1_6_alloca_fu_92">
<pin_list>
<pin id="93" dir="0" index="0" bw="1" slack="0"/>
<pin id="94" dir="1" index="1" bw="32" slack="2147483647"/>
</pin_list>
<bind>
<opcode="alloca(26) " fcode="alloca"/>
<opset="local_A1_6/1 "/>
</bind>
</comp>

<comp id="96" class="1004" name="local_A1_7_alloca_fu_96">
<pin_list>
<pin id="97" dir="0" index="0" bw="1" slack="0"/>
<pin id="98" dir="1" index="1" bw="32" slack="2147483647"/>
</pin_list>
<bind>
<opcode="alloca(26) " fcode="alloca"/>
<opset="local_A1_7/1 "/>
</bind>
</comp>

<comp id="100" class="1004" name="local_B1_alloca_fu_100">
<pin_list>
<pin id="101" dir="0" index="0" bw="1" slack="0"/>
<pin id="102" dir="1" index="1" bw="32" slack="2147483647"/>
</pin_list>
<bind>
<opcode="alloca(26) " fcode="alloca"/>
<opset="local_B1/1 "/>
</bind>
</comp>

<comp id="104" class="1004" name="local_B1_1_alloca_fu_104">
<pin_list>
<pin id="105" dir="0" index="0" bw="1" slack="0"/>
<pin id="106" dir="1" index="1" bw="32" slack="2147483647"/>
</pin_list>
<bind>
<opcode="alloca(26) " fcode="alloca"/>
<opset="local_B1_1/1 "/>
</bind>
</comp>

<comp id="108" class="1004" name="local_B1_2_alloca_fu_108">
<pin_list>
<pin id="109" dir="0" index="0" bw="1" slack="0"/>
<pin id="110" dir="1" index="1" bw="32" slack="2147483647"/>
</pin_list>
<bind>
<opcode="alloca(26) " fcode="alloca"/>
<opset="local_B1_2/1 "/>
</bind>
</comp>

<comp id="112" class="1004" name="local_B1_3_alloca_fu_112">
<pin_list>
<pin id="113" dir="0" index="0" bw="1" slack="0"/>
<pin id="114" dir="1" index="1" bw="32" slack="2147483647"/>
</pin_list>
<bind>
<opcode="alloca(26) " fcode="alloca"/>
<opset="local_B1_3/1 "/>
</bind>
</comp>

<comp id="116" class="1004" name="local_B1_4_alloca_fu_116">
<pin_list>
<pin id="117" dir="0" index="0" bw="1" slack="0"/>
<pin id="118" dir="1" index="1" bw="32" slack="2147483647"/>
</pin_list>
<bind>
<opcode="alloca(26) " fcode="alloca"/>
<opset="local_B1_4/1 "/>
</bind>
</comp>

<comp id="120" class="1004" name="local_B1_5_alloca_fu_120">
<pin_list>
<pin id="121" dir="0" index="0" bw="1" slack="0"/>
<pin id="122" dir="1" index="1" bw="32" slack="2147483647"/>
</pin_list>
<bind>
<opcode="alloca(26) " fcode="alloca"/>
<opset="local_B1_5/1 "/>
</bind>
</comp>

<comp id="124" class="1004" name="local_B1_6_alloca_fu_124">
<pin_list>
<pin id="125" dir="0" index="0" bw="1" slack="0"/>
<pin id="126" dir="1" index="1" bw="32" slack="2147483647"/>
</pin_list>
<bind>
<opcode="alloca(26) " fcode="alloca"/>
<opset="local_B1_6/1 "/>
</bind>
</comp>

<comp id="128" class="1004" name="local_B1_7_alloca_fu_128">
<pin_list>
<pin id="129" dir="0" index="0" bw="1" slack="0"/>
<pin id="130" dir="1" index="1" bw="32" slack="2147483647"/>
</pin_list>
<bind>
<opcode="alloca(26) " fcode="alloca"/>
<opset="local_B1_7/1 "/>
</bind>
</comp>

<comp id="132" class="1004" name="local_C1_fu_132">
<pin_list>
<pin id="133" dir="0" index="0" bw="1" slack="0"/>
<pin id="134" dir="1" index="1" bw="32" slack="3"/>
</pin_list>
<bind>
<opcode="alloca(26) " fcode="alloca"/>
<opset="local_C1/1 "/>
</bind>
</comp>

<comp id="136" class="1004" name="local_C1_1_fu_136">
<pin_list>
<pin id="137" dir="0" index="0" bw="1" slack="0"/>
<pin id="138" dir="1" index="1" bw="32" slack="3"/>
</pin_list>
<bind>
<opcode="alloca(26) " fcode="alloca"/>
<opset="local_C1_1/1 "/>
</bind>
</comp>

<comp id="140" class="1004" name="local_C1_2_fu_140">
<pin_list>
<pin id="141" dir="0" index="0" bw="1" slack="0"/>
<pin id="142" dir="1" index="1" bw="32" slack="3"/>
</pin_list>
<bind>
<opcode="alloca(26) " fcode="alloca"/>
<opset="local_C1_2/1 "/>
</bind>
</comp>

<comp id="144" class="1004" name="local_C1_3_fu_144">
<pin_list>
<pin id="145" dir="0" index="0" bw="1" slack="0"/>
<pin id="146" dir="1" index="1" bw="32" slack="3"/>
</pin_list>
<bind>
<opcode="alloca(26) " fcode="alloca"/>
<opset="local_C1_3/1 "/>
</bind>
</comp>

<comp id="148" class="1004" name="local_C1_4_fu_148">
<pin_list>
<pin id="149" dir="0" index="0" bw="1" slack="0"/>
<pin id="150" dir="1" index="1" bw="32" slack="3"/>
</pin_list>
<bind>
<opcode="alloca(26) " fcode="alloca"/>
<opset="local_C1_4/1 "/>
</bind>
</comp>

<comp id="152" class="1004" name="local_C1_5_fu_152">
<pin_list>
<pin id="153" dir="0" index="0" bw="1" slack="0"/>
<pin id="154" dir="1" index="1" bw="32" slack="3"/>
</pin_list>
<bind>
<opcode="alloca(26) " fcode="alloca"/>
<opset="local_C1_5/1 "/>
</bind>
</comp>

<comp id="156" class="1004" name="local_C1_6_fu_156">
<pin_list>
<pin id="157" dir="0" index="0" bw="1" slack="0"/>
<pin id="158" dir="1" index="1" bw="32" slack="3"/>
</pin_list>
<bind>
<opcode="alloca(26) " fcode="alloca"/>
<opset="local_C1_6/1 "/>
</bind>
</comp>

<comp id="160" class="1004" name="local_C1_7_fu_160">
<pin_list>
<pin id="161" dir="0" index="0" bw="1" slack="0"/>
<pin id="162" dir="1" index="1" bw="32" slack="3"/>
</pin_list>
<bind>
<opcode="alloca(26) " fcode="alloca"/>
<opset="local_C1_7/1 "/>
</bind>
</comp>

<comp id="164" class="1004" name="local_C1_8_fu_164">
<pin_list>
<pin id="165" dir="0" index="0" bw="1" slack="0"/>
<pin id="166" dir="1" index="1" bw="32" slack="3"/>
</pin_list>
<bind>
<opcode="alloca(26) " fcode="alloca"/>
<opset="local_C1_8/1 "/>
</bind>
</comp>

<comp id="168" class="1004" name="local_C1_9_fu_168">
<pin_list>
<pin id="169" dir="0" index="0" bw="1" slack="0"/>
<pin id="170" dir="1" index="1" bw="32" slack="3"/>
</pin_list>
<bind>
<opcode="alloca(26) " fcode="alloca"/>
<opset="local_C1_9/1 "/>
</bind>
</comp>

<comp id="172" class="1004" name="local_C1_10_fu_172">
<pin_list>
<pin id="173" dir="0" index="0" bw="1" slack="0"/>
<pin id="174" dir="1" index="1" bw="32" slack="3"/>
</pin_list>
<bind>
<opcode="alloca(26) " fcode="alloca"/>
<opset="local_C1_10/1 "/>
</bind>
</comp>

<comp id="176" class="1004" name="local_C1_11_fu_176">
<pin_list>
<pin id="177" dir="0" index="0" bw="1" slack="0"/>
<pin id="178" dir="1" index="1" bw="32" slack="3"/>
</pin_list>
<bind>
<opcode="alloca(26) " fcode="alloca"/>
<opset="local_C1_11/1 "/>
</bind>
</comp>

<comp id="180" class="1004" name="local_C1_12_fu_180">
<pin_list>
<pin id="181" dir="0" index="0" bw="1" slack="0"/>
<pin id="182" dir="1" index="1" bw="32" slack="3"/>
</pin_list>
<bind>
<opcode="alloca(26) " fcode="alloca"/>
<opset="local_C1_12/1 "/>
</bind>
</comp>

<comp id="184" class="1004" name="local_C1_13_fu_184">
<pin_list>
<pin id="185" dir="0" index="0" bw="1" slack="0"/>
<pin id="186" dir="1" index="1" bw="32" slack="3"/>
</pin_list>
<bind>
<opcode="alloca(26) " fcode="alloca"/>
<opset="local_C1_13/1 "/>
</bind>
</comp>

<comp id="188" class="1004" name="local_C1_14_fu_188">
<pin_list>
<pin id="189" dir="0" index="0" bw="1" slack="0"/>
<pin id="190" dir="1" index="1" bw="32" slack="3"/>
</pin_list>
<bind>
<opcode="alloca(26) " fcode="alloca"/>
<opset="local_C1_14/1 "/>
</bind>
</comp>

<comp id="192" class="1004" name="local_C1_15_fu_192">
<pin_list>
<pin id="193" dir="0" index="0" bw="1" slack="0"/>
<pin id="194" dir="1" index="1" bw="32" slack="3"/>
</pin_list>
<bind>
<opcode="alloca(26) " fcode="alloca"/>
<opset="local_C1_15/1 "/>
</bind>
</comp>

<comp id="196" class="1004" name="local_C1_16_fu_196">
<pin_list>
<pin id="197" dir="0" index="0" bw="1" slack="0"/>
<pin id="198" dir="1" index="1" bw="32" slack="3"/>
</pin_list>
<bind>
<opcode="alloca(26) " fcode="alloca"/>
<opset="local_C1_16/1 "/>
</bind>
</comp>

<comp id="200" class="1004" name="local_C1_17_fu_200">
<pin_list>
<pin id="201" dir="0" index="0" bw="1" slack="0"/>
<pin id="202" dir="1" index="1" bw="32" slack="3"/>
</pin_list>
<bind>
<opcode="alloca(26) " fcode="alloca"/>
<opset="local_C1_17/1 "/>
</bind>
</comp>

<comp id="204" class="1004" name="local_C1_18_fu_204">
<pin_list>
<pin id="205" dir="0" index="0" bw="1" slack="0"/>
<pin id="206" dir="1" index="1" bw="32" slack="3"/>
</pin_list>
<bind>
<opcode="alloca(26) " fcode="alloca"/>
<opset="local_C1_18/1 "/>
</bind>
</comp>

<comp id="208" class="1004" name="local_C1_19_fu_208">
<pin_list>
<pin id="209" dir="0" index="0" bw="1" slack="0"/>
<pin id="210" dir="1" index="1" bw="32" slack="3"/>
</pin_list>
<bind>
<opcode="alloca(26) " fcode="alloca"/>
<opset="local_C1_19/1 "/>
</bind>
</comp>

<comp id="212" class="1004" name="local_C1_20_fu_212">
<pin_list>
<pin id="213" dir="0" index="0" bw="1" slack="0"/>
<pin id="214" dir="1" index="1" bw="32" slack="3"/>
</pin_list>
<bind>
<opcode="alloca(26) " fcode="alloca"/>
<opset="local_C1_20/1 "/>
</bind>
</comp>

<comp id="216" class="1004" name="local_C1_21_fu_216">
<pin_list>
<pin id="217" dir="0" index="0" bw="1" slack="0"/>
<pin id="218" dir="1" index="1" bw="32" slack="3"/>
</pin_list>
<bind>
<opcode="alloca(26) " fcode="alloca"/>
<opset="local_C1_21/1 "/>
</bind>
</comp>

<comp id="220" class="1004" name="local_C1_22_fu_220">
<pin_list>
<pin id="221" dir="0" index="0" bw="1" slack="0"/>
<pin id="222" dir="1" index="1" bw="32" slack="3"/>
</pin_list>
<bind>
<opcode="alloca(26) " fcode="alloca"/>
<opset="local_C1_22/1 "/>
</bind>
</comp>

<comp id="224" class="1004" name="local_C1_23_fu_224">
<pin_list>
<pin id="225" dir="0" index="0" bw="1" slack="0"/>
<pin id="226" dir="1" index="1" bw="32" slack="3"/>
</pin_list>
<bind>
<opcode="alloca(26) " fcode="alloca"/>
<opset="local_C1_23/1 "/>
</bind>
</comp>

<comp id="228" class="1004" name="local_C1_24_fu_228">
<pin_list>
<pin id="229" dir="0" index="0" bw="1" slack="0"/>
<pin id="230" dir="1" index="1" bw="32" slack="3"/>
</pin_list>
<bind>
<opcode="alloca(26) " fcode="alloca"/>
<opset="local_C1_24/1 "/>
</bind>
</comp>

<comp id="232" class="1004" name="local_C1_25_fu_232">
<pin_list>
<pin id="233" dir="0" index="0" bw="1" slack="0"/>
<pin id="234" dir="1" index="1" bw="32" slack="3"/>
</pin_list>
<bind>
<opcode="alloca(26) " fcode="alloca"/>
<opset="local_C1_25/1 "/>
</bind>
</comp>

<comp id="236" class="1004" name="local_C1_26_fu_236">
<pin_list>
<pin id="237" dir="0" index="0" bw="1" slack="0"/>
<pin id="238" dir="1" index="1" bw="32" slack="3"/>
</pin_list>
<bind>
<opcode="alloca(26) " fcode="alloca"/>
<opset="local_C1_26/1 "/>
</bind>
</comp>

<comp id="240" class="1004" name="local_C1_27_fu_240">
<pin_list>
<pin id="241" dir="0" index="0" bw="1" slack="0"/>
<pin id="242" dir="1" index="1" bw="32" slack="3"/>
</pin_list>
<bind>
<opcode="alloca(26) " fcode="alloca"/>
<opset="local_C1_27/1 "/>
</bind>
</comp>

<comp id="244" class="1004" name="local_C1_28_fu_244">
<pin_list>
<pin id="245" dir="0" index="0" bw="1" slack="0"/>
<pin id="246" dir="1" index="1" bw="32" slack="3"/>
</pin_list>
<bind>
<opcode="alloca(26) " fcode="alloca"/>
<opset="local_C1_28/1 "/>
</bind>
</comp>

<comp id="248" class="1004" name="local_C1_29_fu_248">
<pin_list>
<pin id="249" dir="0" index="0" bw="1" slack="0"/>
<pin id="250" dir="1" index="1" bw="32" slack="3"/>
</pin_list>
<bind>
<opcode="alloca(26) " fcode="alloca"/>
<opset="local_C1_29/1 "/>
</bind>
</comp>

<comp id="252" class="1004" name="local_C1_30_fu_252">
<pin_list>
<pin id="253" dir="0" index="0" bw="1" slack="0"/>
<pin id="254" dir="1" index="1" bw="32" slack="3"/>
</pin_list>
<bind>
<opcode="alloca(26) " fcode="alloca"/>
<opset="local_C1_30/1 "/>
</bind>
</comp>

<comp id="256" class="1004" name="local_C1_31_fu_256">
<pin_list>
<pin id="257" dir="0" index="0" bw="1" slack="0"/>
<pin id="258" dir="1" index="1" bw="32" slack="3"/>
</pin_list>
<bind>
<opcode="alloca(26) " fcode="alloca"/>
<opset="local_C1_31/1 "/>
</bind>
</comp>

<comp id="260" class="1004" name="local_C1_32_fu_260">
<pin_list>
<pin id="261" dir="0" index="0" bw="1" slack="0"/>
<pin id="262" dir="1" index="1" bw="32" slack="3"/>
</pin_list>
<bind>
<opcode="alloca(26) " fcode="alloca"/>
<opset="local_C1_32/1 "/>
</bind>
</comp>

<comp id="264" class="1004" name="local_C1_33_fu_264">
<pin_list>
<pin id="265" dir="0" index="0" bw="1" slack="0"/>
<pin id="266" dir="1" index="1" bw="32" slack="3"/>
</pin_list>
<bind>
<opcode="alloca(26) " fcode="alloca"/>
<opset="local_C1_33/1 "/>
</bind>
</comp>

<comp id="268" class="1004" name="local_C1_34_fu_268">
<pin_list>
<pin id="269" dir="0" index="0" bw="1" slack="0"/>
<pin id="270" dir="1" index="1" bw="32" slack="3"/>
</pin_list>
<bind>
<opcode="alloca(26) " fcode="alloca"/>
<opset="local_C1_34/1 "/>
</bind>
</comp>

<comp id="272" class="1004" name="local_C1_35_fu_272">
<pin_list>
<pin id="273" dir="0" index="0" bw="1" slack="0"/>
<pin id="274" dir="1" index="1" bw="32" slack="3"/>
</pin_list>
<bind>
<opcode="alloca(26) " fcode="alloca"/>
<opset="local_C1_35/1 "/>
</bind>
</comp>

<comp id="276" class="1004" name="local_C1_36_fu_276">
<pin_list>
<pin id="277" dir="0" index="0" bw="1" slack="0"/>
<pin id="278" dir="1" index="1" bw="32" slack="3"/>
</pin_list>
<bind>
<opcode="alloca(26) " fcode="alloca"/>
<opset="local_C1_36/1 "/>
</bind>
</comp>

<comp id="280" class="1004" name="local_C1_37_fu_280">
<pin_list>
<pin id="281" dir="0" index="0" bw="1" slack="0"/>
<pin id="282" dir="1" index="1" bw="32" slack="3"/>
</pin_list>
<bind>
<opcode="alloca(26) " fcode="alloca"/>
<opset="local_C1_37/1 "/>
</bind>
</comp>

<comp id="284" class="1004" name="local_C1_38_fu_284">
<pin_list>
<pin id="285" dir="0" index="0" bw="1" slack="0"/>
<pin id="286" dir="1" index="1" bw="32" slack="3"/>
</pin_list>
<bind>
<opcode="alloca(26) " fcode="alloca"/>
<opset="local_C1_38/1 "/>
</bind>
</comp>

<comp id="288" class="1004" name="local_C1_39_fu_288">
<pin_list>
<pin id="289" dir="0" index="0" bw="1" slack="0"/>
<pin id="290" dir="1" index="1" bw="32" slack="3"/>
</pin_list>
<bind>
<opcode="alloca(26) " fcode="alloca"/>
<opset="local_C1_39/1 "/>
</bind>
</comp>

<comp id="292" class="1004" name="local_C1_40_fu_292">
<pin_list>
<pin id="293" dir="0" index="0" bw="1" slack="0"/>
<pin id="294" dir="1" index="1" bw="32" slack="3"/>
</pin_list>
<bind>
<opcode="alloca(26) " fcode="alloca"/>
<opset="local_C1_40/1 "/>
</bind>
</comp>

<comp id="296" class="1004" name="local_C1_41_fu_296">
<pin_list>
<pin id="297" dir="0" index="0" bw="1" slack="0"/>
<pin id="298" dir="1" index="1" bw="32" slack="3"/>
</pin_list>
<bind>
<opcode="alloca(26) " fcode="alloca"/>
<opset="local_C1_41/1 "/>
</bind>
</comp>

<comp id="300" class="1004" name="local_C1_42_fu_300">
<pin_list>
<pin id="301" dir="0" index="0" bw="1" slack="0"/>
<pin id="302" dir="1" index="1" bw="32" slack="3"/>
</pin_list>
<bind>
<opcode="alloca(26) " fcode="alloca"/>
<opset="local_C1_42/1 "/>
</bind>
</comp>

<comp id="304" class="1004" name="local_C1_43_fu_304">
<pin_list>
<pin id="305" dir="0" index="0" bw="1" slack="0"/>
<pin id="306" dir="1" index="1" bw="32" slack="3"/>
</pin_list>
<bind>
<opcode="alloca(26) " fcode="alloca"/>
<opset="local_C1_43/1 "/>
</bind>
</comp>

<comp id="308" class="1004" name="local_C1_44_fu_308">
<pin_list>
<pin id="309" dir="0" index="0" bw="1" slack="0"/>
<pin id="310" dir="1" index="1" bw="32" slack="3"/>
</pin_list>
<bind>
<opcode="alloca(26) " fcode="alloca"/>
<opset="local_C1_44/1 "/>
</bind>
</comp>

<comp id="312" class="1004" name="local_C1_45_fu_312">
<pin_list>
<pin id="313" dir="0" index="0" bw="1" slack="0"/>
<pin id="314" dir="1" index="1" bw="32" slack="3"/>
</pin_list>
<bind>
<opcode="alloca(26) " fcode="alloca"/>
<opset="local_C1_45/1 "/>
</bind>
</comp>

<comp id="316" class="1004" name="local_C1_46_fu_316">
<pin_list>
<pin id="317" dir="0" index="0" bw="1" slack="0"/>
<pin id="318" dir="1" index="1" bw="32" slack="3"/>
</pin_list>
<bind>
<opcode="alloca(26) " fcode="alloca"/>
<opset="local_C1_46/1 "/>
</bind>
</comp>

<comp id="320" class="1004" name="local_C1_47_fu_320">
<pin_list>
<pin id="321" dir="0" index="0" bw="1" slack="0"/>
<pin id="322" dir="1" index="1" bw="32" slack="3"/>
</pin_list>
<bind>
<opcode="alloca(26) " fcode="alloca"/>
<opset="local_C1_47/1 "/>
</bind>
</comp>

<comp id="324" class="1004" name="local_C1_48_fu_324">
<pin_list>
<pin id="325" dir="0" index="0" bw="1" slack="0"/>
<pin id="326" dir="1" index="1" bw="32" slack="3"/>
</pin_list>
<bind>
<opcode="alloca(26) " fcode="alloca"/>
<opset="local_C1_48/1 "/>
</bind>
</comp>

<comp id="328" class="1004" name="local_C1_49_fu_328">
<pin_list>
<pin id="329" dir="0" index="0" bw="1" slack="0"/>
<pin id="330" dir="1" index="1" bw="32" slack="3"/>
</pin_list>
<bind>
<opcode="alloca(26) " fcode="alloca"/>
<opset="local_C1_49/1 "/>
</bind>
</comp>

<comp id="332" class="1004" name="local_C1_50_fu_332">
<pin_list>
<pin id="333" dir="0" index="0" bw="1" slack="0"/>
<pin id="334" dir="1" index="1" bw="32" slack="3"/>
</pin_list>
<bind>
<opcode="alloca(26) " fcode="alloca"/>
<opset="local_C1_50/1 "/>
</bind>
</comp>

<comp id="336" class="1004" name="local_C1_51_fu_336">
<pin_list>
<pin id="337" dir="0" index="0" bw="1" slack="0"/>
<pin id="338" dir="1" index="1" bw="32" slack="3"/>
</pin_list>
<bind>
<opcode="alloca(26) " fcode="alloca"/>
<opset="local_C1_51/1 "/>
</bind>
</comp>

<comp id="340" class="1004" name="local_C1_52_fu_340">
<pin_list>
<pin id="341" dir="0" index="0" bw="1" slack="0"/>
<pin id="342" dir="1" index="1" bw="32" slack="3"/>
</pin_list>
<bind>
<opcode="alloca(26) " fcode="alloca"/>
<opset="local_C1_52/1 "/>
</bind>
</comp>

<comp id="344" class="1004" name="local_C1_53_fu_344">
<pin_list>
<pin id="345" dir="0" index="0" bw="1" slack="0"/>
<pin id="346" dir="1" index="1" bw="32" slack="3"/>
</pin_list>
<bind>
<opcode="alloca(26) " fcode="alloca"/>
<opset="local_C1_53/1 "/>
</bind>
</comp>

<comp id="348" class="1004" name="local_C1_54_fu_348">
<pin_list>
<pin id="349" dir="0" index="0" bw="1" slack="0"/>
<pin id="350" dir="1" index="1" bw="32" slack="3"/>
</pin_list>
<bind>
<opcode="alloca(26) " fcode="alloca"/>
<opset="local_C1_54/1 "/>
</bind>
</comp>

<comp id="352" class="1004" name="local_C1_55_fu_352">
<pin_list>
<pin id="353" dir="0" index="0" bw="1" slack="0"/>
<pin id="354" dir="1" index="1" bw="32" slack="3"/>
</pin_list>
<bind>
<opcode="alloca(26) " fcode="alloca"/>
<opset="local_C1_55/1 "/>
</bind>
</comp>

<comp id="356" class="1004" name="local_C1_56_fu_356">
<pin_list>
<pin id="357" dir="0" index="0" bw="1" slack="0"/>
<pin id="358" dir="1" index="1" bw="32" slack="3"/>
</pin_list>
<bind>
<opcode="alloca(26) " fcode="alloca"/>
<opset="local_C1_56/1 "/>
</bind>
</comp>

<comp id="360" class="1004" name="local_C1_57_fu_360">
<pin_list>
<pin id="361" dir="0" index="0" bw="1" slack="0"/>
<pin id="362" dir="1" index="1" bw="32" slack="3"/>
</pin_list>
<bind>
<opcode="alloca(26) " fcode="alloca"/>
<opset="local_C1_57/1 "/>
</bind>
</comp>

<comp id="364" class="1004" name="local_C1_58_fu_364">
<pin_list>
<pin id="365" dir="0" index="0" bw="1" slack="0"/>
<pin id="366" dir="1" index="1" bw="32" slack="3"/>
</pin_list>
<bind>
<opcode="alloca(26) " fcode="alloca"/>
<opset="local_C1_58/1 "/>
</bind>
</comp>

<comp id="368" class="1004" name="local_C1_59_fu_368">
<pin_list>
<pin id="369" dir="0" index="0" bw="1" slack="0"/>
<pin id="370" dir="1" index="1" bw="32" slack="3"/>
</pin_list>
<bind>
<opcode="alloca(26) " fcode="alloca"/>
<opset="local_C1_59/1 "/>
</bind>
</comp>

<comp id="372" class="1004" name="local_C1_60_fu_372">
<pin_list>
<pin id="373" dir="0" index="0" bw="1" slack="0"/>
<pin id="374" dir="1" index="1" bw="32" slack="3"/>
</pin_list>
<bind>
<opcode="alloca(26) " fcode="alloca"/>
<opset="local_C1_60/1 "/>
</bind>
</comp>

<comp id="376" class="1004" name="local_C1_61_fu_376">
<pin_list>
<pin id="377" dir="0" index="0" bw="1" slack="0"/>
<pin id="378" dir="1" index="1" bw="32" slack="3"/>
</pin_list>
<bind>
<opcode="alloca(26) " fcode="alloca"/>
<opset="local_C1_61/1 "/>
</bind>
</comp>

<comp id="380" class="1004" name="local_C1_62_fu_380">
<pin_list>
<pin id="381" dir="0" index="0" bw="1" slack="0"/>
<pin id="382" dir="1" index="1" bw="32" slack="3"/>
</pin_list>
<bind>
<opcode="alloca(26) " fcode="alloca"/>
<opset="local_C1_62/1 "/>
</bind>
</comp>

<comp id="384" class="1004" name="local_C1_63_fu_384">
<pin_list>
<pin id="385" dir="0" index="0" bw="1" slack="0"/>
<pin id="386" dir="1" index="1" bw="32" slack="3"/>
</pin_list>
<bind>
<opcode="alloca(26) " fcode="alloca"/>
<opset="local_C1_63/1 "/>
</bind>
</comp>

<comp id="388" class="1004" name="grp_systolic_Q_Pipeline_l_load_A_tile_ak1_l_ai1_fu_388">
<pin_list>
<pin id="389" dir="0" index="0" bw="0" slack="0"/>
<pin id="390" dir="0" index="1" bw="32" slack="2147483647"/>
<pin id="391" dir="0" index="2" bw="32" slack="2147483647"/>
<pin id="392" dir="0" index="3" bw="32" slack="2147483647"/>
<pin id="393" dir="0" index="4" bw="32" slack="2147483647"/>
<pin id="394" dir="0" index="5" bw="32" slack="2147483647"/>
<pin id="395" dir="0" index="6" bw="32" slack="2147483647"/>
<pin id="396" dir="0" index="7" bw="32" slack="2147483647"/>
<pin id="397" dir="0" index="8" bw="32" slack="2147483647"/>
<pin id="398" dir="0" index="9" bw="1" slack="0"/>
<pin id="399" dir="0" index="10" bw="10" slack="0"/>
<pin id="400" dir="0" index="11" bw="32" slack="0"/>
<pin id="401" dir="1" index="12" bw="0" slack="2147483647"/>
</pin_list>
<bind>
<opcode="call(48) " fcode="call"/>
<opset="call_ln3626/2 "/>
</bind>
</comp>

<comp id="404" class="1004" name="grp_systolic_Q_Pipeline_l_load_B_tile_bk1_l_bj1_fu_404">
<pin_list>
<pin id="405" dir="0" index="0" bw="0" slack="0"/>
<pin id="406" dir="0" index="1" bw="32" slack="2147483647"/>
<pin id="407" dir="0" index="2" bw="32" slack="2147483647"/>
<pin id="408" dir="0" index="3" bw="32" slack="2147483647"/>
<pin id="409" dir="0" index="4" bw="32" slack="2147483647"/>
<pin id="410" dir="0" index="5" bw="32" slack="2147483647"/>
<pin id="411" dir="0" index="6" bw="32" slack="2147483647"/>
<pin id="412" dir="0" index="7" bw="32" slack="2147483647"/>
<pin id="413" dir="0" index="8" bw="32" slack="2147483647"/>
<pin id="414" dir="0" index="9" bw="9" slack="0"/>
<pin id="415" dir="0" index="10" bw="32" slack="0"/>
<pin id="416" dir="1" index="11" bw="0" slack="2147483647"/>
</pin_list>
<bind>
<opcode="call(48) " fcode="call"/>
<opset="call_ln3626/2 "/>
</bind>
</comp>

<comp id="419" class="1004" name="grp_systolic_tile_Q_fu_419">
<pin_list>
<pin id="420" dir="0" index="0" bw="0" slack="0"/>
<pin id="421" dir="0" index="1" bw="32" slack="2147483647"/>
<pin id="422" dir="0" index="2" bw="32" slack="2147483647"/>
<pin id="423" dir="0" index="3" bw="32" slack="2147483647"/>
<pin id="424" dir="0" index="4" bw="32" slack="2147483647"/>
<pin id="425" dir="0" index="5" bw="32" slack="2147483647"/>
<pin id="426" dir="0" index="6" bw="32" slack="2147483647"/>
<pin id="427" dir="0" index="7" bw="32" slack="2147483647"/>
<pin id="428" dir="0" index="8" bw="32" slack="2147483647"/>
<pin id="429" dir="0" index="9" bw="32" slack="2147483647"/>
<pin id="430" dir="0" index="10" bw="32" slack="2147483647"/>
<pin id="431" dir="0" index="11" bw="32" slack="2147483647"/>
<pin id="432" dir="0" index="12" bw="32" slack="2147483647"/>
<pin id="433" dir="0" index="13" bw="32" slack="2147483647"/>
<pin id="434" dir="0" index="14" bw="32" slack="2147483647"/>
<pin id="435" dir="0" index="15" bw="32" slack="2147483647"/>
<pin id="436" dir="0" index="16" bw="32" slack="2147483647"/>
<pin id="437" dir="0" index="17" bw="32" slack="3"/>
<pin id="438" dir="0" index="18" bw="32" slack="3"/>
<pin id="439" dir="0" index="19" bw="32" slack="3"/>
<pin id="440" dir="0" index="20" bw="32" slack="3"/>
<pin id="441" dir="0" index="21" bw="32" slack="3"/>
<pin id="442" dir="0" index="22" bw="32" slack="3"/>
<pin id="443" dir="0" index="23" bw="32" slack="3"/>
<pin id="444" dir="0" index="24" bw="32" slack="3"/>
<pin id="445" dir="0" index="25" bw="32" slack="3"/>
<pin id="446" dir="0" index="26" bw="32" slack="3"/>
<pin id="447" dir="0" index="27" bw="32" slack="3"/>
<pin id="448" dir="0" index="28" bw="32" slack="3"/>
<pin id="449" dir="0" index="29" bw="32" slack="3"/>
<pin id="450" dir="0" index="30" bw="32" slack="3"/>
<pin id="451" dir="0" index="31" bw="32" slack="3"/>
<pin id="452" dir="0" index="32" bw="32" slack="3"/>
<pin id="453" dir="0" index="33" bw="32" slack="3"/>
<pin id="454" dir="0" index="34" bw="32" slack="3"/>
<pin id="455" dir="0" index="35" bw="32" slack="3"/>
<pin id="456" dir="0" index="36" bw="32" slack="3"/>
<pin id="457" dir="0" index="37" bw="32" slack="3"/>
<pin id="458" dir="0" index="38" bw="32" slack="3"/>
<pin id="459" dir="0" index="39" bw="32" slack="3"/>
<pin id="460" dir="0" index="40" bw="32" slack="3"/>
<pin id="461" dir="0" index="41" bw="32" slack="3"/>
<pin id="462" dir="0" index="42" bw="32" slack="3"/>
<pin id="463" dir="0" index="43" bw="32" slack="3"/>
<pin id="464" dir="0" index="44" bw="32" slack="3"/>
<pin id="465" dir="0" index="45" bw="32" slack="3"/>
<pin id="466" dir="0" index="46" bw="32" slack="3"/>
<pin id="467" dir="0" index="47" bw="32" slack="3"/>
<pin id="468" dir="0" index="48" bw="32" slack="3"/>
<pin id="469" dir="0" index="49" bw="32" slack="3"/>
<pin id="470" dir="0" index="50" bw="32" slack="3"/>
<pin id="471" dir="0" index="51" bw="32" slack="3"/>
<pin id="472" dir="0" index="52" bw="32" slack="3"/>
<pin id="473" dir="0" index="53" bw="32" slack="3"/>
<pin id="474" dir="0" index="54" bw="32" slack="3"/>
<pin id="475" dir="0" index="55" bw="32" slack="3"/>
<pin id="476" dir="0" index="56" bw="32" slack="3"/>
<pin id="477" dir="0" index="57" bw="32" slack="3"/>
<pin id="478" dir="0" index="58" bw="32" slack="3"/>
<pin id="479" dir="0" index="59" bw="32" slack="3"/>
<pin id="480" dir="0" index="60" bw="32" slack="3"/>
<pin id="481" dir="0" index="61" bw="32" slack="3"/>
<pin id="482" dir="0" index="62" bw="32" slack="3"/>
<pin id="483" dir="0" index="63" bw="32" slack="3"/>
<pin id="484" dir="0" index="64" bw="32" slack="3"/>
<pin id="485" dir="0" index="65" bw="32" slack="3"/>
<pin id="486" dir="0" index="66" bw="32" slack="3"/>
<pin id="487" dir="0" index="67" bw="32" slack="3"/>
<pin id="488" dir="0" index="68" bw="32" slack="3"/>
<pin id="489" dir="0" index="69" bw="32" slack="3"/>
<pin id="490" dir="0" index="70" bw="32" slack="3"/>
<pin id="491" dir="0" index="71" bw="32" slack="3"/>
<pin id="492" dir="0" index="72" bw="32" slack="3"/>
<pin id="493" dir="0" index="73" bw="32" slack="3"/>
<pin id="494" dir="0" index="74" bw="32" slack="3"/>
<pin id="495" dir="0" index="75" bw="32" slack="3"/>
<pin id="496" dir="0" index="76" bw="32" slack="3"/>
<pin id="497" dir="0" index="77" bw="32" slack="3"/>
<pin id="498" dir="0" index="78" bw="32" slack="3"/>
<pin id="499" dir="0" index="79" bw="32" slack="3"/>
<pin id="500" dir="0" index="80" bw="32" slack="3"/>
<pin id="501" dir="1" index="81" bw="0" slack="2147483647"/>
</pin_list>
<bind>
<opcode="call(48) " fcode="call"/>
<opset="call_ln3647/4 "/>
</bind>
</comp>

<comp id="503" class="1004" name="grp_systolic_Q_Pipeline_l_store_C_tile_sj1_l_si1_fu_503">
<pin_list>
<pin id="504" dir="0" index="0" bw="0" slack="0"/>
<pin id="505" dir="0" index="1" bw="9" slack="4"/>
<pin id="506" dir="0" index="2" bw="32" slack="0"/>
<pin id="507" dir="0" index="3" bw="32" slack="0"/>
<pin id="508" dir="0" index="4" bw="32" slack="0"/>
<pin id="509" dir="0" index="5" bw="32" slack="0"/>
<pin id="510" dir="0" index="6" bw="32" slack="0"/>
<pin id="511" dir="0" index="7" bw="32" slack="0"/>
<pin id="512" dir="0" index="8" bw="32" slack="0"/>
<pin id="513" dir="0" index="9" bw="32" slack="0"/>
<pin id="514" dir="0" index="10" bw="32" slack="0"/>
<pin id="515" dir="0" index="11" bw="32" slack="0"/>
<pin id="516" dir="0" index="12" bw="32" slack="0"/>
<pin id="517" dir="0" index="13" bw="32" slack="0"/>
<pin id="518" dir="0" index="14" bw="32" slack="0"/>
<pin id="519" dir="0" index="15" bw="32" slack="0"/>
<pin id="520" dir="0" index="16" bw="32" slack="0"/>
<pin id="521" dir="0" index="17" bw="32" slack="0"/>
<pin id="522" dir="0" index="18" bw="32" slack="0"/>
<pin id="523" dir="0" index="19" bw="32" slack="0"/>
<pin id="524" dir="0" index="20" bw="32" slack="0"/>
<pin id="525" dir="0" index="21" bw="32" slack="0"/>
<pin id="526" dir="0" index="22" bw="32" slack="0"/>
<pin id="527" dir="0" index="23" bw="32" slack="0"/>
<pin id="528" dir="0" index="24" bw="32" slack="0"/>
<pin id="529" dir="0" index="25" bw="32" slack="0"/>
<pin id="530" dir="0" index="26" bw="32" slack="0"/>
<pin id="531" dir="0" index="27" bw="32" slack="0"/>
<pin id="532" dir="0" index="28" bw="32" slack="0"/>
<pin id="533" dir="0" index="29" bw="32" slack="0"/>
<pin id="534" dir="0" index="30" bw="32" slack="0"/>
<pin id="535" dir="0" index="31" bw="32" slack="0"/>
<pin id="536" dir="0" index="32" bw="32" slack="0"/>
<pin id="537" dir="0" index="33" bw="32" slack="0"/>
<pin id="538" dir="0" index="34" bw="32" slack="0"/>
<pin id="539" dir="0" index="35" bw="32" slack="0"/>
<pin id="540" dir="0" index="36" bw="32" slack="0"/>
<pin id="541" dir="0" index="37" bw="32" slack="0"/>
<pin id="542" dir="0" index="38" bw="32" slack="0"/>
<pin id="543" dir="0" index="39" bw="32" slack="0"/>
<pin id="544" dir="0" index="40" bw="32" slack="0"/>
<pin id="545" dir="0" index="41" bw="32" slack="0"/>
<pin id="546" dir="0" index="42" bw="32" slack="0"/>
<pin id="547" dir="0" index="43" bw="32" slack="0"/>
<pin id="548" dir="0" index="44" bw="32" slack="0"/>
<pin id="549" dir="0" index="45" bw="32" slack="0"/>
<pin id="550" dir="0" index="46" bw="32" slack="0"/>
<pin id="551" dir="0" index="47" bw="32" slack="0"/>
<pin id="552" dir="0" index="48" bw="32" slack="0"/>
<pin id="553" dir="0" index="49" bw="32" slack="0"/>
<pin id="554" dir="0" index="50" bw="32" slack="0"/>
<pin id="555" dir="0" index="51" bw="32" slack="0"/>
<pin id="556" dir="0" index="52" bw="32" slack="0"/>
<pin id="557" dir="0" index="53" bw="32" slack="0"/>
<pin id="558" dir="0" index="54" bw="32" slack="0"/>
<pin id="559" dir="0" index="55" bw="32" slack="0"/>
<pin id="560" dir="0" index="56" bw="32" slack="0"/>
<pin id="561" dir="0" index="57" bw="32" slack="0"/>
<pin id="562" dir="0" index="58" bw="32" slack="0"/>
<pin id="563" dir="0" index="59" bw="32" slack="0"/>
<pin id="564" dir="0" index="60" bw="32" slack="0"/>
<pin id="565" dir="0" index="61" bw="32" slack="0"/>
<pin id="566" dir="0" index="62" bw="32" slack="0"/>
<pin id="567" dir="0" index="63" bw="32" slack="0"/>
<pin id="568" dir="0" index="64" bw="32" slack="0"/>
<pin id="569" dir="0" index="65" bw="32" slack="0"/>
<pin id="570" dir="0" index="66" bw="10" slack="4"/>
<pin id="571" dir="0" index="67" bw="32" slack="0"/>
<pin id="572" dir="1" index="68" bw="0" slack="2147483647"/>
</pin_list>
<bind>
<opcode="call(48) " fcode="call"/>
<opset="call_ln3626/6 "/>
</bind>
</comp>

<comp id="575" class="1004" name="store_ln0_store_fu_575">
<pin_list>
<pin id="576" dir="0" index="0" bw="1" slack="0"/>
<pin id="577" dir="0" index="1" bw="14" slack="0"/>
<pin id="578" dir="1" index="2" bw="0" slack="2147483647"/>
</pin_list>
<bind>
<opcode="store(28) " fcode="store"/>
<opset="store_ln0/1 "/>
</bind>
</comp>

<comp id="580" class="1004" name="store_ln3626_store_fu_580">
<pin_list>
<pin id="581" dir="0" index="0" bw="1" slack="0"/>
<pin id="582" dir="0" index="1" bw="8" slack="0"/>
<pin id="583" dir="1" index="2" bw="0" slack="2147483647"/>
</pin_list>
<bind>
<opcode="store(28) " fcode="store"/>
<opset="store_ln3626/1 "/>
</bind>
</comp>

<comp id="585" class="1004" name="store_ln3627_store_fu_585">
<pin_list>
<pin id="586" dir="0" index="0" bw="1" slack="0"/>
<pin id="587" dir="0" index="1" bw="7" slack="0"/>
<pin id="588" dir="1" index="2" bw="0" slack="2147483647"/>
</pin_list>
<bind>
<opcode="store(28) " fcode="store"/>
<opset="store_ln3627/1 "/>
</bind>
</comp>

<comp id="590" class="1004" name="indvar_flatten20_load_load_fu_590">
<pin_list>
<pin id="591" dir="0" index="0" bw="14" slack="1"/>
<pin id="592" dir="1" index="1" bw="14" slack="0"/>
</pin_list>
<bind>
<opcode="load(27) " fcode="load"/>
<opset="indvar_flatten20_load/2 "/>
</bind>
</comp>

<comp id="593" class="1004" name="icmp_ln3626_fu_593">
<pin_list>
<pin id="594" dir="0" index="0" bw="14" slack="0"/>
<pin id="595" dir="0" index="1" bw="14" slack="0"/>
<pin id="596" dir="1" index="2" bw="1" slack="2147483647"/>
</pin_list>
<bind>
<opcode="icmp(45) " fcode="icmp"/>
<opset="icmp_ln3626/2 "/>
</bind>
</comp>

<comp id="599" class="1004" name="add_ln3626_1_fu_599">
<pin_list>
<pin id="600" dir="0" index="0" bw="14" slack="0"/>
<pin id="601" dir="0" index="1" bw="1" slack="0"/>
<pin id="602" dir="1" index="2" bw="14" slack="0"/>
</pin_list>
<bind>
<opcode="add(8) " fcode="add"/>
<opset="add_ln3626_1/2 "/>
</bind>
</comp>

<comp id="605" class="1004" name="ni1_load_load_fu_605">
<pin_list>
<pin id="606" dir="0" index="0" bw="7" slack="1"/>
<pin id="607" dir="1" index="1" bw="7" slack="0"/>
</pin_list>
<bind>
<opcode="load(27) " fcode="load"/>
<opset="ni1_load/2 "/>
</bind>
</comp>

<comp id="608" class="1004" name="mi1_load_load_fu_608">
<pin_list>
<pin id="609" dir="0" index="0" bw="8" slack="1"/>
<pin id="610" dir="1" index="1" bw="8" slack="0"/>
</pin_list>
<bind>
<opcode="load(27) " fcode="load"/>
<opset="mi1_load/2 "/>
</bind>
</comp>

<comp id="611" class="1004" name="add_ln3626_fu_611">
<pin_list>
<pin id="612" dir="0" index="0" bw="8" slack="0"/>
<pin id="613" dir="0" index="1" bw="1" slack="0"/>
<pin id="614" dir="1" index="2" bw="8" slack="0"/>
</pin_list>
<bind>
<opcode="add(8) " fcode="add"/>
<opset="add_ln3626/2 "/>
</bind>
</comp>

<comp id="617" class="1004" name="icmp_ln3627_fu_617">
<pin_list>
<pin id="618" dir="0" index="0" bw="7" slack="0"/>
<pin id="619" dir="0" index="1" bw="7" slack="0"/>
<pin id="620" dir="1" index="2" bw="1" slack="0"/>
</pin_list>
<bind>
<opcode="icmp(45) " fcode="icmp"/>
<opset="icmp_ln3627/2 "/>
</bind>
</comp>

<comp id="623" class="1004" name="select_ln3626_fu_623">
<pin_list>
<pin id="624" dir="0" index="0" bw="1" slack="0"/>
<pin id="625" dir="0" index="1" bw="7" slack="0"/>
<pin id="626" dir="0" index="2" bw="7" slack="0"/>
<pin id="627" dir="1" index="3" bw="7" slack="0"/>
</pin_list>
<bind>
<opcode="select(49) " fcode="select"/>
<opset="select_ln3626/2 "/>
</bind>
</comp>

<comp id="631" class="1004" name="select_ln3626_1_fu_631">
<pin_list>
<pin id="632" dir="0" index="0" bw="1" slack="0"/>
<pin id="633" dir="0" index="1" bw="8" slack="0"/>
<pin id="634" dir="0" index="2" bw="8" slack="0"/>
<pin id="635" dir="1" index="3" bw="8" slack="0"/>
</pin_list>
<bind>
<opcode="select(49) " fcode="select"/>
<opset="select_ln3626_1/2 "/>
</bind>
</comp>

<comp id="639" class="1004" name="trunc_ln3626_fu_639">
<pin_list>
<pin id="640" dir="0" index="0" bw="8" slack="0"/>
<pin id="641" dir="1" index="1" bw="7" slack="0"/>
</pin_list>
<bind>
<opcode="trunc(33) " fcode="trunc"/>
<opset="trunc_ln3626/2 "/>
</bind>
</comp>

<comp id="643" class="1004" name="p_mid2_fu_643">
<pin_list>
<pin id="644" dir="0" index="0" bw="10" slack="0"/>
<pin id="645" dir="0" index="1" bw="7" slack="0"/>
<pin id="646" dir="0" index="2" bw="1" slack="0"/>
<pin id="647" dir="1" index="3" bw="10" slack="0"/>
</pin_list>
<bind>
<opcode="bitconcatenate(1004) " fcode="bitconcatenate"/>
<opset="p_mid2/2 "/>
</bind>
</comp>

<comp id="652" class="1004" name="v1942_fu_652">
<pin_list>
<pin id="653" dir="0" index="0" bw="7" slack="0"/>
<pin id="654" dir="0" index="1" bw="7" slack="0"/>
<pin id="655" dir="1" index="2" bw="1" slack="0"/>
</pin_list>
<bind>
<opcode="icmp(45) " fcode="icmp"/>
<opset="v1942/2 "/>
</bind>
</comp>

<comp id="659" class="1004" name="empty_fu_659">
<pin_list>
<pin id="660" dir="0" index="0" bw="7" slack="0"/>
<pin id="661" dir="1" index="1" bw="6" slack="0"/>
</pin_list>
<bind>
<opcode="trunc(33) " fcode="trunc"/>
<opset="empty/2 "/>
</bind>
</comp>

<comp id="663" class="1004" name="tmp_s_fu_663">
<pin_list>
<pin id="664" dir="0" index="0" bw="9" slack="0"/>
<pin id="665" dir="0" index="1" bw="6" slack="0"/>
<pin id="666" dir="0" index="2" bw="1" slack="0"/>
<pin id="667" dir="1" index="3" bw="9" slack="0"/>
</pin_list>
<bind>
<opcode="bitconcatenate(1004) " fcode="bitconcatenate"/>
<opset="tmp_s/2 "/>
</bind>
</comp>

<comp id="672" class="1004" name="add_ln3627_fu_672">
<pin_list>
<pin id="673" dir="0" index="0" bw="7" slack="0"/>
<pin id="674" dir="0" index="1" bw="1" slack="0"/>
<pin id="675" dir="1" index="2" bw="7" slack="0"/>
</pin_list>
<bind>
<opcode="add(8) " fcode="add"/>
<opset="add_ln3627/2 "/>
</bind>
</comp>

<comp id="678" class="1004" name="store_ln3626_store_fu_678">
<pin_list>
<pin id="679" dir="0" index="0" bw="14" slack="0"/>
<pin id="680" dir="0" index="1" bw="14" slack="1"/>
<pin id="681" dir="1" index="2" bw="0" slack="2147483647"/>
</pin_list>
<bind>
<opcode="store(28) " fcode="store"/>
<opset="store_ln3626/2 "/>
</bind>
</comp>

<comp id="683" class="1004" name="store_ln3626_store_fu_683">
<pin_list>
<pin id="684" dir="0" index="0" bw="8" slack="0"/>
<pin id="685" dir="0" index="1" bw="8" slack="1"/>
<pin id="686" dir="1" index="2" bw="0" slack="2147483647"/>
</pin_list>
<bind>
<opcode="store(28) " fcode="store"/>
<opset="store_ln3626/2 "/>
</bind>
</comp>

<comp id="688" class="1004" name="store_ln3627_store_fu_688">
<pin_list>
<pin id="689" dir="0" index="0" bw="7" slack="0"/>
<pin id="690" dir="0" index="1" bw="7" slack="1"/>
<pin id="691" dir="1" index="2" bw="0" slack="2147483647"/>
</pin_list>
<bind>
<opcode="store(28) " fcode="store"/>
<opset="store_ln3627/2 "/>
</bind>
</comp>

<comp id="693" class="1004" name="local_C1_load_load_fu_693">
<pin_list>
<pin id="694" dir="0" index="0" bw="32" slack="5"/>
<pin id="695" dir="1" index="1" bw="32" slack="0"/>
</pin_list>
<bind>
<opcode="load(27) " fcode="load"/>
<opset="local_C1_load/6 "/>
</bind>
</comp>

<comp id="697" class="1004" name="local_C1_1_load_load_fu_697">
<pin_list>
<pin id="698" dir="0" index="0" bw="32" slack="5"/>
<pin id="699" dir="1" index="1" bw="32" slack="0"/>
</pin_list>
<bind>
<opcode="load(27) " fcode="load"/>
<opset="local_C1_1_load/6 "/>
</bind>
</comp>

<comp id="701" class="1004" name="local_C1_2_load_load_fu_701">
<pin_list>
<pin id="702" dir="0" index="0" bw="32" slack="5"/>
<pin id="703" dir="1" index="1" bw="32" slack="0"/>
</pin_list>
<bind>
<opcode="load(27) " fcode="load"/>
<opset="local_C1_2_load/6 "/>
</bind>
</comp>

<comp id="705" class="1004" name="local_C1_3_load_load_fu_705">
<pin_list>
<pin id="706" dir="0" index="0" bw="32" slack="5"/>
<pin id="707" dir="1" index="1" bw="32" slack="0"/>
</pin_list>
<bind>
<opcode="load(27) " fcode="load"/>
<opset="local_C1_3_load/6 "/>
</bind>
</comp>

<comp id="709" class="1004" name="local_C1_4_load_load_fu_709">
<pin_list>
<pin id="710" dir="0" index="0" bw="32" slack="5"/>
<pin id="711" dir="1" index="1" bw="32" slack="0"/>
</pin_list>
<bind>
<opcode="load(27) " fcode="load"/>
<opset="local_C1_4_load/6 "/>
</bind>
</comp>

<comp id="713" class="1004" name="local_C1_5_load_load_fu_713">
<pin_list>
<pin id="714" dir="0" index="0" bw="32" slack="5"/>
<pin id="715" dir="1" index="1" bw="32" slack="0"/>
</pin_list>
<bind>
<opcode="load(27) " fcode="load"/>
<opset="local_C1_5_load/6 "/>
</bind>
</comp>

<comp id="717" class="1004" name="local_C1_6_load_load_fu_717">
<pin_list>
<pin id="718" dir="0" index="0" bw="32" slack="5"/>
<pin id="719" dir="1" index="1" bw="32" slack="0"/>
</pin_list>
<bind>
<opcode="load(27) " fcode="load"/>
<opset="local_C1_6_load/6 "/>
</bind>
</comp>

<comp id="721" class="1004" name="local_C1_7_load_load_fu_721">
<pin_list>
<pin id="722" dir="0" index="0" bw="32" slack="5"/>
<pin id="723" dir="1" index="1" bw="32" slack="0"/>
</pin_list>
<bind>
<opcode="load(27) " fcode="load"/>
<opset="local_C1_7_load/6 "/>
</bind>
</comp>

<comp id="725" class="1004" name="local_C1_8_load_load_fu_725">
<pin_list>
<pin id="726" dir="0" index="0" bw="32" slack="5"/>
<pin id="727" dir="1" index="1" bw="32" slack="0"/>
</pin_list>
<bind>
<opcode="load(27) " fcode="load"/>
<opset="local_C1_8_load/6 "/>
</bind>
</comp>

<comp id="729" class="1004" name="local_C1_9_load_load_fu_729">
<pin_list>
<pin id="730" dir="0" index="0" bw="32" slack="5"/>
<pin id="731" dir="1" index="1" bw="32" slack="0"/>
</pin_list>
<bind>
<opcode="load(27) " fcode="load"/>
<opset="local_C1_9_load/6 "/>
</bind>
</comp>

<comp id="733" class="1004" name="local_C1_10_load_load_fu_733">
<pin_list>
<pin id="734" dir="0" index="0" bw="32" slack="5"/>
<pin id="735" dir="1" index="1" bw="32" slack="0"/>
</pin_list>
<bind>
<opcode="load(27) " fcode="load"/>
<opset="local_C1_10_load/6 "/>
</bind>
</comp>

<comp id="737" class="1004" name="local_C1_11_load_load_fu_737">
<pin_list>
<pin id="738" dir="0" index="0" bw="32" slack="5"/>
<pin id="739" dir="1" index="1" bw="32" slack="0"/>
</pin_list>
<bind>
<opcode="load(27) " fcode="load"/>
<opset="local_C1_11_load/6 "/>
</bind>
</comp>

<comp id="741" class="1004" name="local_C1_12_load_load_fu_741">
<pin_list>
<pin id="742" dir="0" index="0" bw="32" slack="5"/>
<pin id="743" dir="1" index="1" bw="32" slack="0"/>
</pin_list>
<bind>
<opcode="load(27) " fcode="load"/>
<opset="local_C1_12_load/6 "/>
</bind>
</comp>

<comp id="745" class="1004" name="local_C1_13_load_load_fu_745">
<pin_list>
<pin id="746" dir="0" index="0" bw="32" slack="5"/>
<pin id="747" dir="1" index="1" bw="32" slack="0"/>
</pin_list>
<bind>
<opcode="load(27) " fcode="load"/>
<opset="local_C1_13_load/6 "/>
</bind>
</comp>

<comp id="749" class="1004" name="local_C1_14_load_load_fu_749">
<pin_list>
<pin id="750" dir="0" index="0" bw="32" slack="5"/>
<pin id="751" dir="1" index="1" bw="32" slack="0"/>
</pin_list>
<bind>
<opcode="load(27) " fcode="load"/>
<opset="local_C1_14_load/6 "/>
</bind>
</comp>

<comp id="753" class="1004" name="local_C1_15_load_load_fu_753">
<pin_list>
<pin id="754" dir="0" index="0" bw="32" slack="5"/>
<pin id="755" dir="1" index="1" bw="32" slack="0"/>
</pin_list>
<bind>
<opcode="load(27) " fcode="load"/>
<opset="local_C1_15_load/6 "/>
</bind>
</comp>

<comp id="757" class="1004" name="local_C1_16_load_load_fu_757">
<pin_list>
<pin id="758" dir="0" index="0" bw="32" slack="5"/>
<pin id="759" dir="1" index="1" bw="32" slack="0"/>
</pin_list>
<bind>
<opcode="load(27) " fcode="load"/>
<opset="local_C1_16_load/6 "/>
</bind>
</comp>

<comp id="761" class="1004" name="local_C1_17_load_load_fu_761">
<pin_list>
<pin id="762" dir="0" index="0" bw="32" slack="5"/>
<pin id="763" dir="1" index="1" bw="32" slack="0"/>
</pin_list>
<bind>
<opcode="load(27) " fcode="load"/>
<opset="local_C1_17_load/6 "/>
</bind>
</comp>

<comp id="765" class="1004" name="local_C1_18_load_load_fu_765">
<pin_list>
<pin id="766" dir="0" index="0" bw="32" slack="5"/>
<pin id="767" dir="1" index="1" bw="32" slack="0"/>
</pin_list>
<bind>
<opcode="load(27) " fcode="load"/>
<opset="local_C1_18_load/6 "/>
</bind>
</comp>

<comp id="769" class="1004" name="local_C1_19_load_load_fu_769">
<pin_list>
<pin id="770" dir="0" index="0" bw="32" slack="5"/>
<pin id="771" dir="1" index="1" bw="32" slack="0"/>
</pin_list>
<bind>
<opcode="load(27) " fcode="load"/>
<opset="local_C1_19_load/6 "/>
</bind>
</comp>

<comp id="773" class="1004" name="local_C1_20_load_load_fu_773">
<pin_list>
<pin id="774" dir="0" index="0" bw="32" slack="5"/>
<pin id="775" dir="1" index="1" bw="32" slack="0"/>
</pin_list>
<bind>
<opcode="load(27) " fcode="load"/>
<opset="local_C1_20_load/6 "/>
</bind>
</comp>

<comp id="777" class="1004" name="local_C1_21_load_load_fu_777">
<pin_list>
<pin id="778" dir="0" index="0" bw="32" slack="5"/>
<pin id="779" dir="1" index="1" bw="32" slack="0"/>
</pin_list>
<bind>
<opcode="load(27) " fcode="load"/>
<opset="local_C1_21_load/6 "/>
</bind>
</comp>

<comp id="781" class="1004" name="local_C1_22_load_load_fu_781">
<pin_list>
<pin id="782" dir="0" index="0" bw="32" slack="5"/>
<pin id="783" dir="1" index="1" bw="32" slack="0"/>
</pin_list>
<bind>
<opcode="load(27) " fcode="load"/>
<opset="local_C1_22_load/6 "/>
</bind>
</comp>

<comp id="785" class="1004" name="local_C1_23_load_load_fu_785">
<pin_list>
<pin id="786" dir="0" index="0" bw="32" slack="5"/>
<pin id="787" dir="1" index="1" bw="32" slack="0"/>
</pin_list>
<bind>
<opcode="load(27) " fcode="load"/>
<opset="local_C1_23_load/6 "/>
</bind>
</comp>

<comp id="789" class="1004" name="local_C1_24_load_load_fu_789">
<pin_list>
<pin id="790" dir="0" index="0" bw="32" slack="5"/>
<pin id="791" dir="1" index="1" bw="32" slack="0"/>
</pin_list>
<bind>
<opcode="load(27) " fcode="load"/>
<opset="local_C1_24_load/6 "/>
</bind>
</comp>

<comp id="793" class="1004" name="local_C1_25_load_load_fu_793">
<pin_list>
<pin id="794" dir="0" index="0" bw="32" slack="5"/>
<pin id="795" dir="1" index="1" bw="32" slack="0"/>
</pin_list>
<bind>
<opcode="load(27) " fcode="load"/>
<opset="local_C1_25_load/6 "/>
</bind>
</comp>

<comp id="797" class="1004" name="local_C1_26_load_load_fu_797">
<pin_list>
<pin id="798" dir="0" index="0" bw="32" slack="5"/>
<pin id="799" dir="1" index="1" bw="32" slack="0"/>
</pin_list>
<bind>
<opcode="load(27) " fcode="load"/>
<opset="local_C1_26_load/6 "/>
</bind>
</comp>

<comp id="801" class="1004" name="local_C1_27_load_load_fu_801">
<pin_list>
<pin id="802" dir="0" index="0" bw="32" slack="5"/>
<pin id="803" dir="1" index="1" bw="32" slack="0"/>
</pin_list>
<bind>
<opcode="load(27) " fcode="load"/>
<opset="local_C1_27_load/6 "/>
</bind>
</comp>

<comp id="805" class="1004" name="local_C1_28_load_load_fu_805">
<pin_list>
<pin id="806" dir="0" index="0" bw="32" slack="5"/>
<pin id="807" dir="1" index="1" bw="32" slack="0"/>
</pin_list>
<bind>
<opcode="load(27) " fcode="load"/>
<opset="local_C1_28_load/6 "/>
</bind>
</comp>

<comp id="809" class="1004" name="local_C1_29_load_load_fu_809">
<pin_list>
<pin id="810" dir="0" index="0" bw="32" slack="5"/>
<pin id="811" dir="1" index="1" bw="32" slack="0"/>
</pin_list>
<bind>
<opcode="load(27) " fcode="load"/>
<opset="local_C1_29_load/6 "/>
</bind>
</comp>

<comp id="813" class="1004" name="local_C1_30_load_load_fu_813">
<pin_list>
<pin id="814" dir="0" index="0" bw="32" slack="5"/>
<pin id="815" dir="1" index="1" bw="32" slack="0"/>
</pin_list>
<bind>
<opcode="load(27) " fcode="load"/>
<opset="local_C1_30_load/6 "/>
</bind>
</comp>

<comp id="817" class="1004" name="local_C1_31_load_load_fu_817">
<pin_list>
<pin id="818" dir="0" index="0" bw="32" slack="5"/>
<pin id="819" dir="1" index="1" bw="32" slack="0"/>
</pin_list>
<bind>
<opcode="load(27) " fcode="load"/>
<opset="local_C1_31_load/6 "/>
</bind>
</comp>

<comp id="821" class="1004" name="local_C1_32_load_load_fu_821">
<pin_list>
<pin id="822" dir="0" index="0" bw="32" slack="5"/>
<pin id="823" dir="1" index="1" bw="32" slack="0"/>
</pin_list>
<bind>
<opcode="load(27) " fcode="load"/>
<opset="local_C1_32_load/6 "/>
</bind>
</comp>

<comp id="825" class="1004" name="local_C1_33_load_load_fu_825">
<pin_list>
<pin id="826" dir="0" index="0" bw="32" slack="5"/>
<pin id="827" dir="1" index="1" bw="32" slack="0"/>
</pin_list>
<bind>
<opcode="load(27) " fcode="load"/>
<opset="local_C1_33_load/6 "/>
</bind>
</comp>

<comp id="829" class="1004" name="local_C1_34_load_load_fu_829">
<pin_list>
<pin id="830" dir="0" index="0" bw="32" slack="5"/>
<pin id="831" dir="1" index="1" bw="32" slack="0"/>
</pin_list>
<bind>
<opcode="load(27) " fcode="load"/>
<opset="local_C1_34_load/6 "/>
</bind>
</comp>

<comp id="833" class="1004" name="local_C1_35_load_load_fu_833">
<pin_list>
<pin id="834" dir="0" index="0" bw="32" slack="5"/>
<pin id="835" dir="1" index="1" bw="32" slack="0"/>
</pin_list>
<bind>
<opcode="load(27) " fcode="load"/>
<opset="local_C1_35_load/6 "/>
</bind>
</comp>

<comp id="837" class="1004" name="local_C1_36_load_load_fu_837">
<pin_list>
<pin id="838" dir="0" index="0" bw="32" slack="5"/>
<pin id="839" dir="1" index="1" bw="32" slack="0"/>
</pin_list>
<bind>
<opcode="load(27) " fcode="load"/>
<opset="local_C1_36_load/6 "/>
</bind>
</comp>

<comp id="841" class="1004" name="local_C1_37_load_load_fu_841">
<pin_list>
<pin id="842" dir="0" index="0" bw="32" slack="5"/>
<pin id="843" dir="1" index="1" bw="32" slack="0"/>
</pin_list>
<bind>
<opcode="load(27) " fcode="load"/>
<opset="local_C1_37_load/6 "/>
</bind>
</comp>

<comp id="845" class="1004" name="local_C1_38_load_load_fu_845">
<pin_list>
<pin id="846" dir="0" index="0" bw="32" slack="5"/>
<pin id="847" dir="1" index="1" bw="32" slack="0"/>
</pin_list>
<bind>
<opcode="load(27) " fcode="load"/>
<opset="local_C1_38_load/6 "/>
</bind>
</comp>

<comp id="849" class="1004" name="local_C1_39_load_load_fu_849">
<pin_list>
<pin id="850" dir="0" index="0" bw="32" slack="5"/>
<pin id="851" dir="1" index="1" bw="32" slack="0"/>
</pin_list>
<bind>
<opcode="load(27) " fcode="load"/>
<opset="local_C1_39_load/6 "/>
</bind>
</comp>

<comp id="853" class="1004" name="local_C1_40_load_load_fu_853">
<pin_list>
<pin id="854" dir="0" index="0" bw="32" slack="5"/>
<pin id="855" dir="1" index="1" bw="32" slack="0"/>
</pin_list>
<bind>
<opcode="load(27) " fcode="load"/>
<opset="local_C1_40_load/6 "/>
</bind>
</comp>

<comp id="857" class="1004" name="local_C1_41_load_load_fu_857">
<pin_list>
<pin id="858" dir="0" index="0" bw="32" slack="5"/>
<pin id="859" dir="1" index="1" bw="32" slack="0"/>
</pin_list>
<bind>
<opcode="load(27) " fcode="load"/>
<opset="local_C1_41_load/6 "/>
</bind>
</comp>

<comp id="861" class="1004" name="local_C1_42_load_load_fu_861">
<pin_list>
<pin id="862" dir="0" index="0" bw="32" slack="5"/>
<pin id="863" dir="1" index="1" bw="32" slack="0"/>
</pin_list>
<bind>
<opcode="load(27) " fcode="load"/>
<opset="local_C1_42_load/6 "/>
</bind>
</comp>

<comp id="865" class="1004" name="local_C1_43_load_load_fu_865">
<pin_list>
<pin id="866" dir="0" index="0" bw="32" slack="5"/>
<pin id="867" dir="1" index="1" bw="32" slack="0"/>
</pin_list>
<bind>
<opcode="load(27) " fcode="load"/>
<opset="local_C1_43_load/6 "/>
</bind>
</comp>

<comp id="869" class="1004" name="local_C1_44_load_load_fu_869">
<pin_list>
<pin id="870" dir="0" index="0" bw="32" slack="5"/>
<pin id="871" dir="1" index="1" bw="32" slack="0"/>
</pin_list>
<bind>
<opcode="load(27) " fcode="load"/>
<opset="local_C1_44_load/6 "/>
</bind>
</comp>

<comp id="873" class="1004" name="local_C1_45_load_load_fu_873">
<pin_list>
<pin id="874" dir="0" index="0" bw="32" slack="5"/>
<pin id="875" dir="1" index="1" bw="32" slack="0"/>
</pin_list>
<bind>
<opcode="load(27) " fcode="load"/>
<opset="local_C1_45_load/6 "/>
</bind>
</comp>

<comp id="877" class="1004" name="local_C1_46_load_load_fu_877">
<pin_list>
<pin id="878" dir="0" index="0" bw="32" slack="5"/>
<pin id="879" dir="1" index="1" bw="32" slack="0"/>
</pin_list>
<bind>
<opcode="load(27) " fcode="load"/>
<opset="local_C1_46_load/6 "/>
</bind>
</comp>

<comp id="881" class="1004" name="local_C1_47_load_load_fu_881">
<pin_list>
<pin id="882" dir="0" index="0" bw="32" slack="5"/>
<pin id="883" dir="1" index="1" bw="32" slack="0"/>
</pin_list>
<bind>
<opcode="load(27) " fcode="load"/>
<opset="local_C1_47_load/6 "/>
</bind>
</comp>

<comp id="885" class="1004" name="local_C1_48_load_load_fu_885">
<pin_list>
<pin id="886" dir="0" index="0" bw="32" slack="5"/>
<pin id="887" dir="1" index="1" bw="32" slack="0"/>
</pin_list>
<bind>
<opcode="load(27) " fcode="load"/>
<opset="local_C1_48_load/6 "/>
</bind>
</comp>

<comp id="889" class="1004" name="local_C1_49_load_load_fu_889">
<pin_list>
<pin id="890" dir="0" index="0" bw="32" slack="5"/>
<pin id="891" dir="1" index="1" bw="32" slack="0"/>
</pin_list>
<bind>
<opcode="load(27) " fcode="load"/>
<opset="local_C1_49_load/6 "/>
</bind>
</comp>

<comp id="893" class="1004" name="local_C1_50_load_load_fu_893">
<pin_list>
<pin id="894" dir="0" index="0" bw="32" slack="5"/>
<pin id="895" dir="1" index="1" bw="32" slack="0"/>
</pin_list>
<bind>
<opcode="load(27) " fcode="load"/>
<opset="local_C1_50_load/6 "/>
</bind>
</comp>

<comp id="897" class="1004" name="local_C1_51_load_load_fu_897">
<pin_list>
<pin id="898" dir="0" index="0" bw="32" slack="5"/>
<pin id="899" dir="1" index="1" bw="32" slack="0"/>
</pin_list>
<bind>
<opcode="load(27) " fcode="load"/>
<opset="local_C1_51_load/6 "/>
</bind>
</comp>

<comp id="901" class="1004" name="local_C1_52_load_load_fu_901">
<pin_list>
<pin id="902" dir="0" index="0" bw="32" slack="5"/>
<pin id="903" dir="1" index="1" bw="32" slack="0"/>
</pin_list>
<bind>
<opcode="load(27) " fcode="load"/>
<opset="local_C1_52_load/6 "/>
</bind>
</comp>

<comp id="905" class="1004" name="local_C1_53_load_load_fu_905">
<pin_list>
<pin id="906" dir="0" index="0" bw="32" slack="5"/>
<pin id="907" dir="1" index="1" bw="32" slack="0"/>
</pin_list>
<bind>
<opcode="load(27) " fcode="load"/>
<opset="local_C1_53_load/6 "/>
</bind>
</comp>

<comp id="909" class="1004" name="local_C1_54_load_load_fu_909">
<pin_list>
<pin id="910" dir="0" index="0" bw="32" slack="5"/>
<pin id="911" dir="1" index="1" bw="32" slack="0"/>
</pin_list>
<bind>
<opcode="load(27) " fcode="load"/>
<opset="local_C1_54_load/6 "/>
</bind>
</comp>

<comp id="913" class="1004" name="local_C1_55_load_load_fu_913">
<pin_list>
<pin id="914" dir="0" index="0" bw="32" slack="5"/>
<pin id="915" dir="1" index="1" bw="32" slack="0"/>
</pin_list>
<bind>
<opcode="load(27) " fcode="load"/>
<opset="local_C1_55_load/6 "/>
</bind>
</comp>

<comp id="917" class="1004" name="local_C1_56_load_load_fu_917">
<pin_list>
<pin id="918" dir="0" index="0" bw="32" slack="5"/>
<pin id="919" dir="1" index="1" bw="32" slack="0"/>
</pin_list>
<bind>
<opcode="load(27) " fcode="load"/>
<opset="local_C1_56_load/6 "/>
</bind>
</comp>

<comp id="921" class="1004" name="local_C1_57_load_load_fu_921">
<pin_list>
<pin id="922" dir="0" index="0" bw="32" slack="5"/>
<pin id="923" dir="1" index="1" bw="32" slack="0"/>
</pin_list>
<bind>
<opcode="load(27) " fcode="load"/>
<opset="local_C1_57_load/6 "/>
</bind>
</comp>

<comp id="925" class="1004" name="local_C1_58_load_load_fu_925">
<pin_list>
<pin id="926" dir="0" index="0" bw="32" slack="5"/>
<pin id="927" dir="1" index="1" bw="32" slack="0"/>
</pin_list>
<bind>
<opcode="load(27) " fcode="load"/>
<opset="local_C1_58_load/6 "/>
</bind>
</comp>

<comp id="929" class="1004" name="local_C1_59_load_load_fu_929">
<pin_list>
<pin id="930" dir="0" index="0" bw="32" slack="5"/>
<pin id="931" dir="1" index="1" bw="32" slack="0"/>
</pin_list>
<bind>
<opcode="load(27) " fcode="load"/>
<opset="local_C1_59_load/6 "/>
</bind>
</comp>

<comp id="933" class="1004" name="local_C1_60_load_load_fu_933">
<pin_list>
<pin id="934" dir="0" index="0" bw="32" slack="5"/>
<pin id="935" dir="1" index="1" bw="32" slack="0"/>
</pin_list>
<bind>
<opcode="load(27) " fcode="load"/>
<opset="local_C1_60_load/6 "/>
</bind>
</comp>

<comp id="937" class="1004" name="local_C1_61_load_load_fu_937">
<pin_list>
<pin id="938" dir="0" index="0" bw="32" slack="5"/>
<pin id="939" dir="1" index="1" bw="32" slack="0"/>
</pin_list>
<bind>
<opcode="load(27) " fcode="load"/>
<opset="local_C1_61_load/6 "/>
</bind>
</comp>

<comp id="941" class="1004" name="local_C1_62_load_load_fu_941">
<pin_list>
<pin id="942" dir="0" index="0" bw="32" slack="5"/>
<pin id="943" dir="1" index="1" bw="32" slack="0"/>
</pin_list>
<bind>
<opcode="load(27) " fcode="load"/>
<opset="local_C1_62_load/6 "/>
</bind>
</comp>

<comp id="945" class="1004" name="local_C1_63_load_load_fu_945">
<pin_list>
<pin id="946" dir="0" index="0" bw="32" slack="5"/>
<pin id="947" dir="1" index="1" bw="32" slack="0"/>
</pin_list>
<bind>
<opcode="load(27) " fcode="load"/>
<opset="local_C1_63_load/6 "/>
</bind>
</comp>

<comp id="949" class="1005" name="ni1_reg_949">
<pin_list>
<pin id="950" dir="0" index="0" bw="7" slack="0"/>
<pin id="951" dir="1" index="1" bw="7" slack="0"/>
</pin_list>
<bind>
<opset="ni1 "/>
</bind>
</comp>

<comp id="956" class="1005" name="mi1_reg_956">
<pin_list>
<pin id="957" dir="0" index="0" bw="8" slack="0"/>
<pin id="958" dir="1" index="1" bw="8" slack="0"/>
</pin_list>
<bind>
<opset="mi1 "/>
</bind>
</comp>

<comp id="963" class="1005" name="indvar_flatten20_reg_963">
<pin_list>
<pin id="964" dir="0" index="0" bw="14" slack="0"/>
<pin id="965" dir="1" index="1" bw="14" slack="0"/>
</pin_list>
<bind>
<opset="indvar_flatten20 "/>
</bind>
</comp>

<comp id="970" class="1005" name="local_C1_reg_970">
<pin_list>
<pin id="971" dir="0" index="0" bw="32" slack="3"/>
<pin id="972" dir="1" index="1" bw="32" slack="3"/>
</pin_list>
<bind>
<opset="local_C1 "/>
</bind>
</comp>

<comp id="976" class="1005" name="local_C1_1_reg_976">
<pin_list>
<pin id="977" dir="0" index="0" bw="32" slack="3"/>
<pin id="978" dir="1" index="1" bw="32" slack="3"/>
</pin_list>
<bind>
<opset="local_C1_1 "/>
</bind>
</comp>

<comp id="982" class="1005" name="local_C1_2_reg_982">
<pin_list>
<pin id="983" dir="0" index="0" bw="32" slack="3"/>
<pin id="984" dir="1" index="1" bw="32" slack="3"/>
</pin_list>
<bind>
<opset="local_C1_2 "/>
</bind>
</comp>

<comp id="988" class="1005" name="local_C1_3_reg_988">
<pin_list>
<pin id="989" dir="0" index="0" bw="32" slack="3"/>
<pin id="990" dir="1" index="1" bw="32" slack="3"/>
</pin_list>
<bind>
<opset="local_C1_3 "/>
</bind>
</comp>

<comp id="994" class="1005" name="local_C1_4_reg_994">
<pin_list>
<pin id="995" dir="0" index="0" bw="32" slack="3"/>
<pin id="996" dir="1" index="1" bw="32" slack="3"/>
</pin_list>
<bind>
<opset="local_C1_4 "/>
</bind>
</comp>

<comp id="1000" class="1005" name="local_C1_5_reg_1000">
<pin_list>
<pin id="1001" dir="0" index="0" bw="32" slack="3"/>
<pin id="1002" dir="1" index="1" bw="32" slack="3"/>
</pin_list>
<bind>
<opset="local_C1_5 "/>
</bind>
</comp>

<comp id="1006" class="1005" name="local_C1_6_reg_1006">
<pin_list>
<pin id="1007" dir="0" index="0" bw="32" slack="3"/>
<pin id="1008" dir="1" index="1" bw="32" slack="3"/>
</pin_list>
<bind>
<opset="local_C1_6 "/>
</bind>
</comp>

<comp id="1012" class="1005" name="local_C1_7_reg_1012">
<pin_list>
<pin id="1013" dir="0" index="0" bw="32" slack="3"/>
<pin id="1014" dir="1" index="1" bw="32" slack="3"/>
</pin_list>
<bind>
<opset="local_C1_7 "/>
</bind>
</comp>

<comp id="1018" class="1005" name="local_C1_8_reg_1018">
<pin_list>
<pin id="1019" dir="0" index="0" bw="32" slack="3"/>
<pin id="1020" dir="1" index="1" bw="32" slack="3"/>
</pin_list>
<bind>
<opset="local_C1_8 "/>
</bind>
</comp>

<comp id="1024" class="1005" name="local_C1_9_reg_1024">
<pin_list>
<pin id="1025" dir="0" index="0" bw="32" slack="3"/>
<pin id="1026" dir="1" index="1" bw="32" slack="3"/>
</pin_list>
<bind>
<opset="local_C1_9 "/>
</bind>
</comp>

<comp id="1030" class="1005" name="local_C1_10_reg_1030">
<pin_list>
<pin id="1031" dir="0" index="0" bw="32" slack="3"/>
<pin id="1032" dir="1" index="1" bw="32" slack="3"/>
</pin_list>
<bind>
<opset="local_C1_10 "/>
</bind>
</comp>

<comp id="1036" class="1005" name="local_C1_11_reg_1036">
<pin_list>
<pin id="1037" dir="0" index="0" bw="32" slack="3"/>
<pin id="1038" dir="1" index="1" bw="32" slack="3"/>
</pin_list>
<bind>
<opset="local_C1_11 "/>
</bind>
</comp>

<comp id="1042" class="1005" name="local_C1_12_reg_1042">
<pin_list>
<pin id="1043" dir="0" index="0" bw="32" slack="3"/>
<pin id="1044" dir="1" index="1" bw="32" slack="3"/>
</pin_list>
<bind>
<opset="local_C1_12 "/>
</bind>
</comp>

<comp id="1048" class="1005" name="local_C1_13_reg_1048">
<pin_list>
<pin id="1049" dir="0" index="0" bw="32" slack="3"/>
<pin id="1050" dir="1" index="1" bw="32" slack="3"/>
</pin_list>
<bind>
<opset="local_C1_13 "/>
</bind>
</comp>

<comp id="1054" class="1005" name="local_C1_14_reg_1054">
<pin_list>
<pin id="1055" dir="0" index="0" bw="32" slack="3"/>
<pin id="1056" dir="1" index="1" bw="32" slack="3"/>
</pin_list>
<bind>
<opset="local_C1_14 "/>
</bind>
</comp>

<comp id="1060" class="1005" name="local_C1_15_reg_1060">
<pin_list>
<pin id="1061" dir="0" index="0" bw="32" slack="3"/>
<pin id="1062" dir="1" index="1" bw="32" slack="3"/>
</pin_list>
<bind>
<opset="local_C1_15 "/>
</bind>
</comp>

<comp id="1066" class="1005" name="local_C1_16_reg_1066">
<pin_list>
<pin id="1067" dir="0" index="0" bw="32" slack="3"/>
<pin id="1068" dir="1" index="1" bw="32" slack="3"/>
</pin_list>
<bind>
<opset="local_C1_16 "/>
</bind>
</comp>

<comp id="1072" class="1005" name="local_C1_17_reg_1072">
<pin_list>
<pin id="1073" dir="0" index="0" bw="32" slack="3"/>
<pin id="1074" dir="1" index="1" bw="32" slack="3"/>
</pin_list>
<bind>
<opset="local_C1_17 "/>
</bind>
</comp>

<comp id="1078" class="1005" name="local_C1_18_reg_1078">
<pin_list>
<pin id="1079" dir="0" index="0" bw="32" slack="3"/>
<pin id="1080" dir="1" index="1" bw="32" slack="3"/>
</pin_list>
<bind>
<opset="local_C1_18 "/>
</bind>
</comp>

<comp id="1084" class="1005" name="local_C1_19_reg_1084">
<pin_list>
<pin id="1085" dir="0" index="0" bw="32" slack="3"/>
<pin id="1086" dir="1" index="1" bw="32" slack="3"/>
</pin_list>
<bind>
<opset="local_C1_19 "/>
</bind>
</comp>

<comp id="1090" class="1005" name="local_C1_20_reg_1090">
<pin_list>
<pin id="1091" dir="0" index="0" bw="32" slack="3"/>
<pin id="1092" dir="1" index="1" bw="32" slack="3"/>
</pin_list>
<bind>
<opset="local_C1_20 "/>
</bind>
</comp>

<comp id="1096" class="1005" name="local_C1_21_reg_1096">
<pin_list>
<pin id="1097" dir="0" index="0" bw="32" slack="3"/>
<pin id="1098" dir="1" index="1" bw="32" slack="3"/>
</pin_list>
<bind>
<opset="local_C1_21 "/>
</bind>
</comp>

<comp id="1102" class="1005" name="local_C1_22_reg_1102">
<pin_list>
<pin id="1103" dir="0" index="0" bw="32" slack="3"/>
<pin id="1104" dir="1" index="1" bw="32" slack="3"/>
</pin_list>
<bind>
<opset="local_C1_22 "/>
</bind>
</comp>

<comp id="1108" class="1005" name="local_C1_23_reg_1108">
<pin_list>
<pin id="1109" dir="0" index="0" bw="32" slack="3"/>
<pin id="1110" dir="1" index="1" bw="32" slack="3"/>
</pin_list>
<bind>
<opset="local_C1_23 "/>
</bind>
</comp>

<comp id="1114" class="1005" name="local_C1_24_reg_1114">
<pin_list>
<pin id="1115" dir="0" index="0" bw="32" slack="3"/>
<pin id="1116" dir="1" index="1" bw="32" slack="3"/>
</pin_list>
<bind>
<opset="local_C1_24 "/>
</bind>
</comp>

<comp id="1120" class="1005" name="local_C1_25_reg_1120">
<pin_list>
<pin id="1121" dir="0" index="0" bw="32" slack="3"/>
<pin id="1122" dir="1" index="1" bw="32" slack="3"/>
</pin_list>
<bind>
<opset="local_C1_25 "/>
</bind>
</comp>

<comp id="1126" class="1005" name="local_C1_26_reg_1126">
<pin_list>
<pin id="1127" dir="0" index="0" bw="32" slack="3"/>
<pin id="1128" dir="1" index="1" bw="32" slack="3"/>
</pin_list>
<bind>
<opset="local_C1_26 "/>
</bind>
</comp>

<comp id="1132" class="1005" name="local_C1_27_reg_1132">
<pin_list>
<pin id="1133" dir="0" index="0" bw="32" slack="3"/>
<pin id="1134" dir="1" index="1" bw="32" slack="3"/>
</pin_list>
<bind>
<opset="local_C1_27 "/>
</bind>
</comp>

<comp id="1138" class="1005" name="local_C1_28_reg_1138">
<pin_list>
<pin id="1139" dir="0" index="0" bw="32" slack="3"/>
<pin id="1140" dir="1" index="1" bw="32" slack="3"/>
</pin_list>
<bind>
<opset="local_C1_28 "/>
</bind>
</comp>

<comp id="1144" class="1005" name="local_C1_29_reg_1144">
<pin_list>
<pin id="1145" dir="0" index="0" bw="32" slack="3"/>
<pin id="1146" dir="1" index="1" bw="32" slack="3"/>
</pin_list>
<bind>
<opset="local_C1_29 "/>
</bind>
</comp>

<comp id="1150" class="1005" name="local_C1_30_reg_1150">
<pin_list>
<pin id="1151" dir="0" index="0" bw="32" slack="3"/>
<pin id="1152" dir="1" index="1" bw="32" slack="3"/>
</pin_list>
<bind>
<opset="local_C1_30 "/>
</bind>
</comp>

<comp id="1156" class="1005" name="local_C1_31_reg_1156">
<pin_list>
<pin id="1157" dir="0" index="0" bw="32" slack="3"/>
<pin id="1158" dir="1" index="1" bw="32" slack="3"/>
</pin_list>
<bind>
<opset="local_C1_31 "/>
</bind>
</comp>

<comp id="1162" class="1005" name="local_C1_32_reg_1162">
<pin_list>
<pin id="1163" dir="0" index="0" bw="32" slack="3"/>
<pin id="1164" dir="1" index="1" bw="32" slack="3"/>
</pin_list>
<bind>
<opset="local_C1_32 "/>
</bind>
</comp>

<comp id="1168" class="1005" name="local_C1_33_reg_1168">
<pin_list>
<pin id="1169" dir="0" index="0" bw="32" slack="3"/>
<pin id="1170" dir="1" index="1" bw="32" slack="3"/>
</pin_list>
<bind>
<opset="local_C1_33 "/>
</bind>
</comp>

<comp id="1174" class="1005" name="local_C1_34_reg_1174">
<pin_list>
<pin id="1175" dir="0" index="0" bw="32" slack="3"/>
<pin id="1176" dir="1" index="1" bw="32" slack="3"/>
</pin_list>
<bind>
<opset="local_C1_34 "/>
</bind>
</comp>

<comp id="1180" class="1005" name="local_C1_35_reg_1180">
<pin_list>
<pin id="1181" dir="0" index="0" bw="32" slack="3"/>
<pin id="1182" dir="1" index="1" bw="32" slack="3"/>
</pin_list>
<bind>
<opset="local_C1_35 "/>
</bind>
</comp>

<comp id="1186" class="1005" name="local_C1_36_reg_1186">
<pin_list>
<pin id="1187" dir="0" index="0" bw="32" slack="3"/>
<pin id="1188" dir="1" index="1" bw="32" slack="3"/>
</pin_list>
<bind>
<opset="local_C1_36 "/>
</bind>
</comp>

<comp id="1192" class="1005" name="local_C1_37_reg_1192">
<pin_list>
<pin id="1193" dir="0" index="0" bw="32" slack="3"/>
<pin id="1194" dir="1" index="1" bw="32" slack="3"/>
</pin_list>
<bind>
<opset="local_C1_37 "/>
</bind>
</comp>

<comp id="1198" class="1005" name="local_C1_38_reg_1198">
<pin_list>
<pin id="1199" dir="0" index="0" bw="32" slack="3"/>
<pin id="1200" dir="1" index="1" bw="32" slack="3"/>
</pin_list>
<bind>
<opset="local_C1_38 "/>
</bind>
</comp>

<comp id="1204" class="1005" name="local_C1_39_reg_1204">
<pin_list>
<pin id="1205" dir="0" index="0" bw="32" slack="3"/>
<pin id="1206" dir="1" index="1" bw="32" slack="3"/>
</pin_list>
<bind>
<opset="local_C1_39 "/>
</bind>
</comp>

<comp id="1210" class="1005" name="local_C1_40_reg_1210">
<pin_list>
<pin id="1211" dir="0" index="0" bw="32" slack="3"/>
<pin id="1212" dir="1" index="1" bw="32" slack="3"/>
</pin_list>
<bind>
<opset="local_C1_40 "/>
</bind>
</comp>

<comp id="1216" class="1005" name="local_C1_41_reg_1216">
<pin_list>
<pin id="1217" dir="0" index="0" bw="32" slack="3"/>
<pin id="1218" dir="1" index="1" bw="32" slack="3"/>
</pin_list>
<bind>
<opset="local_C1_41 "/>
</bind>
</comp>

<comp id="1222" class="1005" name="local_C1_42_reg_1222">
<pin_list>
<pin id="1223" dir="0" index="0" bw="32" slack="3"/>
<pin id="1224" dir="1" index="1" bw="32" slack="3"/>
</pin_list>
<bind>
<opset="local_C1_42 "/>
</bind>
</comp>

<comp id="1228" class="1005" name="local_C1_43_reg_1228">
<pin_list>
<pin id="1229" dir="0" index="0" bw="32" slack="3"/>
<pin id="1230" dir="1" index="1" bw="32" slack="3"/>
</pin_list>
<bind>
<opset="local_C1_43 "/>
</bind>
</comp>

<comp id="1234" class="1005" name="local_C1_44_reg_1234">
<pin_list>
<pin id="1235" dir="0" index="0" bw="32" slack="3"/>
<pin id="1236" dir="1" index="1" bw="32" slack="3"/>
</pin_list>
<bind>
<opset="local_C1_44 "/>
</bind>
</comp>

<comp id="1240" class="1005" name="local_C1_45_reg_1240">
<pin_list>
<pin id="1241" dir="0" index="0" bw="32" slack="3"/>
<pin id="1242" dir="1" index="1" bw="32" slack="3"/>
</pin_list>
<bind>
<opset="local_C1_45 "/>
</bind>
</comp>

<comp id="1246" class="1005" name="local_C1_46_reg_1246">
<pin_list>
<pin id="1247" dir="0" index="0" bw="32" slack="3"/>
<pin id="1248" dir="1" index="1" bw="32" slack="3"/>
</pin_list>
<bind>
<opset="local_C1_46 "/>
</bind>
</comp>

<comp id="1252" class="1005" name="local_C1_47_reg_1252">
<pin_list>
<pin id="1253" dir="0" index="0" bw="32" slack="3"/>
<pin id="1254" dir="1" index="1" bw="32" slack="3"/>
</pin_list>
<bind>
<opset="local_C1_47 "/>
</bind>
</comp>

<comp id="1258" class="1005" name="local_C1_48_reg_1258">
<pin_list>
<pin id="1259" dir="0" index="0" bw="32" slack="3"/>
<pin id="1260" dir="1" index="1" bw="32" slack="3"/>
</pin_list>
<bind>
<opset="local_C1_48 "/>
</bind>
</comp>

<comp id="1264" class="1005" name="local_C1_49_reg_1264">
<pin_list>
<pin id="1265" dir="0" index="0" bw="32" slack="3"/>
<pin id="1266" dir="1" index="1" bw="32" slack="3"/>
</pin_list>
<bind>
<opset="local_C1_49 "/>
</bind>
</comp>

<comp id="1270" class="1005" name="local_C1_50_reg_1270">
<pin_list>
<pin id="1271" dir="0" index="0" bw="32" slack="3"/>
<pin id="1272" dir="1" index="1" bw="32" slack="3"/>
</pin_list>
<bind>
<opset="local_C1_50 "/>
</bind>
</comp>

<comp id="1276" class="1005" name="local_C1_51_reg_1276">
<pin_list>
<pin id="1277" dir="0" index="0" bw="32" slack="3"/>
<pin id="1278" dir="1" index="1" bw="32" slack="3"/>
</pin_list>
<bind>
<opset="local_C1_51 "/>
</bind>
</comp>

<comp id="1282" class="1005" name="local_C1_52_reg_1282">
<pin_list>
<pin id="1283" dir="0" index="0" bw="32" slack="3"/>
<pin id="1284" dir="1" index="1" bw="32" slack="3"/>
</pin_list>
<bind>
<opset="local_C1_52 "/>
</bind>
</comp>

<comp id="1288" class="1005" name="local_C1_53_reg_1288">
<pin_list>
<pin id="1289" dir="0" index="0" bw="32" slack="3"/>
<pin id="1290" dir="1" index="1" bw="32" slack="3"/>
</pin_list>
<bind>
<opset="local_C1_53 "/>
</bind>
</comp>

<comp id="1294" class="1005" name="local_C1_54_reg_1294">
<pin_list>
<pin id="1295" dir="0" index="0" bw="32" slack="3"/>
<pin id="1296" dir="1" index="1" bw="32" slack="3"/>
</pin_list>
<bind>
<opset="local_C1_54 "/>
</bind>
</comp>

<comp id="1300" class="1005" name="local_C1_55_reg_1300">
<pin_list>
<pin id="1301" dir="0" index="0" bw="32" slack="3"/>
<pin id="1302" dir="1" index="1" bw="32" slack="3"/>
</pin_list>
<bind>
<opset="local_C1_55 "/>
</bind>
</comp>

<comp id="1306" class="1005" name="local_C1_56_reg_1306">
<pin_list>
<pin id="1307" dir="0" index="0" bw="32" slack="3"/>
<pin id="1308" dir="1" index="1" bw="32" slack="3"/>
</pin_list>
<bind>
<opset="local_C1_56 "/>
</bind>
</comp>

<comp id="1312" class="1005" name="local_C1_57_reg_1312">
<pin_list>
<pin id="1313" dir="0" index="0" bw="32" slack="3"/>
<pin id="1314" dir="1" index="1" bw="32" slack="3"/>
</pin_list>
<bind>
<opset="local_C1_57 "/>
</bind>
</comp>

<comp id="1318" class="1005" name="local_C1_58_reg_1318">
<pin_list>
<pin id="1319" dir="0" index="0" bw="32" slack="3"/>
<pin id="1320" dir="1" index="1" bw="32" slack="3"/>
</pin_list>
<bind>
<opset="local_C1_58 "/>
</bind>
</comp>

<comp id="1324" class="1005" name="local_C1_59_reg_1324">
<pin_list>
<pin id="1325" dir="0" index="0" bw="32" slack="3"/>
<pin id="1326" dir="1" index="1" bw="32" slack="3"/>
</pin_list>
<bind>
<opset="local_C1_59 "/>
</bind>
</comp>

<comp id="1330" class="1005" name="local_C1_60_reg_1330">
<pin_list>
<pin id="1331" dir="0" index="0" bw="32" slack="3"/>
<pin id="1332" dir="1" index="1" bw="32" slack="3"/>
</pin_list>
<bind>
<opset="local_C1_60 "/>
</bind>
</comp>

<comp id="1336" class="1005" name="local_C1_61_reg_1336">
<pin_list>
<pin id="1337" dir="0" index="0" bw="32" slack="3"/>
<pin id="1338" dir="1" index="1" bw="32" slack="3"/>
</pin_list>
<bind>
<opset="local_C1_61 "/>
</bind>
</comp>

<comp id="1342" class="1005" name="local_C1_62_reg_1342">
<pin_list>
<pin id="1343" dir="0" index="0" bw="32" slack="3"/>
<pin id="1344" dir="1" index="1" bw="32" slack="3"/>
</pin_list>
<bind>
<opset="local_C1_62 "/>
</bind>
</comp>

<comp id="1348" class="1005" name="local_C1_63_reg_1348">
<pin_list>
<pin id="1349" dir="0" index="0" bw="32" slack="3"/>
<pin id="1350" dir="1" index="1" bw="32" slack="3"/>
</pin_list>
<bind>
<opset="local_C1_63 "/>
</bind>
</comp>

<comp id="1357" class="1005" name="p_mid2_reg_1357">
<pin_list>
<pin id="1358" dir="0" index="0" bw="10" slack="1"/>
<pin id="1359" dir="1" index="1" bw="10" slack="1"/>
</pin_list>
<bind>
<opset="p_mid2 "/>
</bind>
</comp>

<comp id="1363" class="1005" name="v1942_reg_1363">
<pin_list>
<pin id="1364" dir="0" index="0" bw="1" slack="1"/>
<pin id="1365" dir="1" index="1" bw="1" slack="1"/>
</pin_list>
<bind>
<opset="v1942 "/>
</bind>
</comp>

<comp id="1368" class="1005" name="tmp_s_reg_1368">
<pin_list>
<pin id="1369" dir="0" index="0" bw="9" slack="1"/>
<pin id="1370" dir="1" index="1" bw="9" slack="1"/>
</pin_list>
<bind>
<opset="tmp_s "/>
</bind>
</comp>

</comp_list>

<net_list>
<net id="59"><net_src comp="6" pin="0"/><net_sink comp="56" pin=0"/></net>

<net id="63"><net_src comp="6" pin="0"/><net_sink comp="60" pin=0"/></net>

<net id="67"><net_src comp="6" pin="0"/><net_sink comp="64" pin=0"/></net>

<net id="71"><net_src comp="16" pin="0"/><net_sink comp="68" pin=0"/></net>

<net id="75"><net_src comp="16" pin="0"/><net_sink comp="72" pin=0"/></net>

<net id="79"><net_src comp="16" pin="0"/><net_sink comp="76" pin=0"/></net>

<net id="83"><net_src comp="16" pin="0"/><net_sink comp="80" pin=0"/></net>

<net id="87"><net_src comp="16" pin="0"/><net_sink comp="84" pin=0"/></net>

<net id="91"><net_src comp="16" pin="0"/><net_sink comp="88" pin=0"/></net>

<net id="95"><net_src comp="16" pin="0"/><net_sink comp="92" pin=0"/></net>

<net id="99"><net_src comp="16" pin="0"/><net_sink comp="96" pin=0"/></net>

<net id="103"><net_src comp="16" pin="0"/><net_sink comp="100" pin=0"/></net>

<net id="107"><net_src comp="16" pin="0"/><net_sink comp="104" pin=0"/></net>

<net id="111"><net_src comp="16" pin="0"/><net_sink comp="108" pin=0"/></net>

<net id="115"><net_src comp="16" pin="0"/><net_sink comp="112" pin=0"/></net>

<net id="119"><net_src comp="16" pin="0"/><net_sink comp="116" pin=0"/></net>

<net id="123"><net_src comp="16" pin="0"/><net_sink comp="120" pin=0"/></net>

<net id="127"><net_src comp="16" pin="0"/><net_sink comp="124" pin=0"/></net>

<net id="131"><net_src comp="16" pin="0"/><net_sink comp="128" pin=0"/></net>

<net id="135"><net_src comp="16" pin="0"/><net_sink comp="132" pin=0"/></net>

<net id="139"><net_src comp="16" pin="0"/><net_sink comp="136" pin=0"/></net>

<net id="143"><net_src comp="16" pin="0"/><net_sink comp="140" pin=0"/></net>

<net id="147"><net_src comp="16" pin="0"/><net_sink comp="144" pin=0"/></net>

<net id="151"><net_src comp="16" pin="0"/><net_sink comp="148" pin=0"/></net>

<net id="155"><net_src comp="16" pin="0"/><net_sink comp="152" pin=0"/></net>

<net id="159"><net_src comp="16" pin="0"/><net_sink comp="156" pin=0"/></net>

<net id="163"><net_src comp="16" pin="0"/><net_sink comp="160" pin=0"/></net>

<net id="167"><net_src comp="16" pin="0"/><net_sink comp="164" pin=0"/></net>

<net id="171"><net_src comp="16" pin="0"/><net_sink comp="168" pin=0"/></net>

<net id="175"><net_src comp="16" pin="0"/><net_sink comp="172" pin=0"/></net>

<net id="179"><net_src comp="16" pin="0"/><net_sink comp="176" pin=0"/></net>

<net id="183"><net_src comp="16" pin="0"/><net_sink comp="180" pin=0"/></net>

<net id="187"><net_src comp="16" pin="0"/><net_sink comp="184" pin=0"/></net>

<net id="191"><net_src comp="16" pin="0"/><net_sink comp="188" pin=0"/></net>

<net id="195"><net_src comp="16" pin="0"/><net_sink comp="192" pin=0"/></net>

<net id="199"><net_src comp="16" pin="0"/><net_sink comp="196" pin=0"/></net>

<net id="203"><net_src comp="16" pin="0"/><net_sink comp="200" pin=0"/></net>

<net id="207"><net_src comp="16" pin="0"/><net_sink comp="204" pin=0"/></net>

<net id="211"><net_src comp="16" pin="0"/><net_sink comp="208" pin=0"/></net>

<net id="215"><net_src comp="16" pin="0"/><net_sink comp="212" pin=0"/></net>

<net id="219"><net_src comp="16" pin="0"/><net_sink comp="216" pin=0"/></net>

<net id="223"><net_src comp="16" pin="0"/><net_sink comp="220" pin=0"/></net>

<net id="227"><net_src comp="16" pin="0"/><net_sink comp="224" pin=0"/></net>

<net id="231"><net_src comp="16" pin="0"/><net_sink comp="228" pin=0"/></net>

<net id="235"><net_src comp="16" pin="0"/><net_sink comp="232" pin=0"/></net>

<net id="239"><net_src comp="16" pin="0"/><net_sink comp="236" pin=0"/></net>

<net id="243"><net_src comp="16" pin="0"/><net_sink comp="240" pin=0"/></net>

<net id="247"><net_src comp="16" pin="0"/><net_sink comp="244" pin=0"/></net>

<net id="251"><net_src comp="16" pin="0"/><net_sink comp="248" pin=0"/></net>

<net id="255"><net_src comp="16" pin="0"/><net_sink comp="252" pin=0"/></net>

<net id="259"><net_src comp="16" pin="0"/><net_sink comp="256" pin=0"/></net>

<net id="263"><net_src comp="16" pin="0"/><net_sink comp="260" pin=0"/></net>

<net id="267"><net_src comp="16" pin="0"/><net_sink comp="264" pin=0"/></net>

<net id="271"><net_src comp="16" pin="0"/><net_sink comp="268" pin=0"/></net>

<net id="275"><net_src comp="16" pin="0"/><net_sink comp="272" pin=0"/></net>

<net id="279"><net_src comp="16" pin="0"/><net_sink comp="276" pin=0"/></net>

<net id="283"><net_src comp="16" pin="0"/><net_sink comp="280" pin=0"/></net>

<net id="287"><net_src comp="16" pin="0"/><net_sink comp="284" pin=0"/></net>

<net id="291"><net_src comp="16" pin="0"/><net_sink comp="288" pin=0"/></net>

<net id="295"><net_src comp="16" pin="0"/><net_sink comp="292" pin=0"/></net>

<net id="299"><net_src comp="16" pin="0"/><net_sink comp="296" pin=0"/></net>

<net id="303"><net_src comp="16" pin="0"/><net_sink comp="300" pin=0"/></net>

<net id="307"><net_src comp="16" pin="0"/><net_sink comp="304" pin=0"/></net>

<net id="311"><net_src comp="16" pin="0"/><net_sink comp="308" pin=0"/></net>

<net id="315"><net_src comp="16" pin="0"/><net_sink comp="312" pin=0"/></net>

<net id="319"><net_src comp="16" pin="0"/><net_sink comp="316" pin=0"/></net>

<net id="323"><net_src comp="16" pin="0"/><net_sink comp="320" pin=0"/></net>

<net id="327"><net_src comp="16" pin="0"/><net_sink comp="324" pin=0"/></net>

<net id="331"><net_src comp="16" pin="0"/><net_sink comp="328" pin=0"/></net>

<net id="335"><net_src comp="16" pin="0"/><net_sink comp="332" pin=0"/></net>

<net id="339"><net_src comp="16" pin="0"/><net_sink comp="336" pin=0"/></net>

<net id="343"><net_src comp="16" pin="0"/><net_sink comp="340" pin=0"/></net>

<net id="347"><net_src comp="16" pin="0"/><net_sink comp="344" pin=0"/></net>

<net id="351"><net_src comp="16" pin="0"/><net_sink comp="348" pin=0"/></net>

<net id="355"><net_src comp="16" pin="0"/><net_sink comp="352" pin=0"/></net>

<net id="359"><net_src comp="16" pin="0"/><net_sink comp="356" pin=0"/></net>

<net id="363"><net_src comp="16" pin="0"/><net_sink comp="360" pin=0"/></net>

<net id="367"><net_src comp="16" pin="0"/><net_sink comp="364" pin=0"/></net>

<net id="371"><net_src comp="16" pin="0"/><net_sink comp="368" pin=0"/></net>

<net id="375"><net_src comp="16" pin="0"/><net_sink comp="372" pin=0"/></net>

<net id="379"><net_src comp="16" pin="0"/><net_sink comp="376" pin=0"/></net>

<net id="383"><net_src comp="16" pin="0"/><net_sink comp="380" pin=0"/></net>

<net id="387"><net_src comp="16" pin="0"/><net_sink comp="384" pin=0"/></net>

<net id="402"><net_src comp="36" pin="0"/><net_sink comp="388" pin=0"/></net>

<net id="403"><net_src comp="0" pin="0"/><net_sink comp="388" pin=11"/></net>

<net id="417"><net_src comp="40" pin="0"/><net_sink comp="404" pin=0"/></net>

<net id="418"><net_src comp="2" pin="0"/><net_sink comp="404" pin=10"/></net>

<net id="502"><net_src comp="44" pin="0"/><net_sink comp="419" pin=0"/></net>

<net id="573"><net_src comp="46" pin="0"/><net_sink comp="503" pin=0"/></net>

<net id="574"><net_src comp="4" pin="0"/><net_sink comp="503" pin=67"/></net>

<net id="579"><net_src comp="18" pin="0"/><net_sink comp="575" pin=0"/></net>

<net id="584"><net_src comp="20" pin="0"/><net_sink comp="580" pin=0"/></net>

<net id="589"><net_src comp="22" pin="0"/><net_sink comp="585" pin=0"/></net>

<net id="597"><net_src comp="590" pin="1"/><net_sink comp="593" pin=0"/></net>

<net id="598"><net_src comp="24" pin="0"/><net_sink comp="593" pin=1"/></net>

<net id="603"><net_src comp="590" pin="1"/><net_sink comp="599" pin=0"/></net>

<net id="604"><net_src comp="26" pin="0"/><net_sink comp="599" pin=1"/></net>

<net id="615"><net_src comp="608" pin="1"/><net_sink comp="611" pin=0"/></net>

<net id="616"><net_src comp="28" pin="0"/><net_sink comp="611" pin=1"/></net>

<net id="621"><net_src comp="605" pin="1"/><net_sink comp="617" pin=0"/></net>

<net id="622"><net_src comp="30" pin="0"/><net_sink comp="617" pin=1"/></net>

<net id="628"><net_src comp="617" pin="2"/><net_sink comp="623" pin=0"/></net>

<net id="629"><net_src comp="22" pin="0"/><net_sink comp="623" pin=1"/></net>

<net id="630"><net_src comp="605" pin="1"/><net_sink comp="623" pin=2"/></net>

<net id="636"><net_src comp="617" pin="2"/><net_sink comp="631" pin=0"/></net>

<net id="637"><net_src comp="611" pin="2"/><net_sink comp="631" pin=1"/></net>

<net id="638"><net_src comp="608" pin="1"/><net_sink comp="631" pin=2"/></net>

<net id="642"><net_src comp="631" pin="3"/><net_sink comp="639" pin=0"/></net>

<net id="648"><net_src comp="32" pin="0"/><net_sink comp="643" pin=0"/></net>

<net id="649"><net_src comp="639" pin="1"/><net_sink comp="643" pin=1"/></net>

<net id="650"><net_src comp="34" pin="0"/><net_sink comp="643" pin=2"/></net>

<net id="651"><net_src comp="643" pin="3"/><net_sink comp="388" pin=10"/></net>

<net id="656"><net_src comp="623" pin="3"/><net_sink comp="652" pin=0"/></net>

<net id="657"><net_src comp="22" pin="0"/><net_sink comp="652" pin=1"/></net>

<net id="658"><net_src comp="652" pin="2"/><net_sink comp="388" pin=9"/></net>

<net id="662"><net_src comp="623" pin="3"/><net_sink comp="659" pin=0"/></net>

<net id="668"><net_src comp="38" pin="0"/><net_sink comp="663" pin=0"/></net>

<net id="669"><net_src comp="659" pin="1"/><net_sink comp="663" pin=1"/></net>

<net id="670"><net_src comp="34" pin="0"/><net_sink comp="663" pin=2"/></net>

<net id="671"><net_src comp="663" pin="3"/><net_sink comp="404" pin=9"/></net>

<net id="676"><net_src comp="623" pin="3"/><net_sink comp="672" pin=0"/></net>

<net id="677"><net_src comp="42" pin="0"/><net_sink comp="672" pin=1"/></net>

<net id="682"><net_src comp="599" pin="2"/><net_sink comp="678" pin=0"/></net>

<net id="687"><net_src comp="631" pin="3"/><net_sink comp="683" pin=0"/></net>

<net id="692"><net_src comp="672" pin="2"/><net_sink comp="688" pin=0"/></net>

<net id="696"><net_src comp="693" pin="1"/><net_sink comp="503" pin=2"/></net>

<net id="700"><net_src comp="697" pin="1"/><net_sink comp="503" pin=3"/></net>

<net id="704"><net_src comp="701" pin="1"/><net_sink comp="503" pin=4"/></net>

<net id="708"><net_src comp="705" pin="1"/><net_sink comp="503" pin=5"/></net>

<net id="712"><net_src comp="709" pin="1"/><net_sink comp="503" pin=6"/></net>

<net id="716"><net_src comp="713" pin="1"/><net_sink comp="503" pin=7"/></net>

<net id="720"><net_src comp="717" pin="1"/><net_sink comp="503" pin=8"/></net>

<net id="724"><net_src comp="721" pin="1"/><net_sink comp="503" pin=9"/></net>

<net id="728"><net_src comp="725" pin="1"/><net_sink comp="503" pin=10"/></net>

<net id="732"><net_src comp="729" pin="1"/><net_sink comp="503" pin=11"/></net>

<net id="736"><net_src comp="733" pin="1"/><net_sink comp="503" pin=12"/></net>

<net id="740"><net_src comp="737" pin="1"/><net_sink comp="503" pin=13"/></net>

<net id="744"><net_src comp="741" pin="1"/><net_sink comp="503" pin=14"/></net>

<net id="748"><net_src comp="745" pin="1"/><net_sink comp="503" pin=15"/></net>

<net id="752"><net_src comp="749" pin="1"/><net_sink comp="503" pin=16"/></net>

<net id="756"><net_src comp="753" pin="1"/><net_sink comp="503" pin=17"/></net>

<net id="760"><net_src comp="757" pin="1"/><net_sink comp="503" pin=18"/></net>

<net id="764"><net_src comp="761" pin="1"/><net_sink comp="503" pin=19"/></net>

<net id="768"><net_src comp="765" pin="1"/><net_sink comp="503" pin=20"/></net>

<net id="772"><net_src comp="769" pin="1"/><net_sink comp="503" pin=21"/></net>

<net id="776"><net_src comp="773" pin="1"/><net_sink comp="503" pin=22"/></net>

<net id="780"><net_src comp="777" pin="1"/><net_sink comp="503" pin=23"/></net>

<net id="784"><net_src comp="781" pin="1"/><net_sink comp="503" pin=24"/></net>

<net id="788"><net_src comp="785" pin="1"/><net_sink comp="503" pin=25"/></net>

<net id="792"><net_src comp="789" pin="1"/><net_sink comp="503" pin=26"/></net>

<net id="796"><net_src comp="793" pin="1"/><net_sink comp="503" pin=27"/></net>

<net id="800"><net_src comp="797" pin="1"/><net_sink comp="503" pin=28"/></net>

<net id="804"><net_src comp="801" pin="1"/><net_sink comp="503" pin=29"/></net>

<net id="808"><net_src comp="805" pin="1"/><net_sink comp="503" pin=30"/></net>

<net id="812"><net_src comp="809" pin="1"/><net_sink comp="503" pin=31"/></net>

<net id="816"><net_src comp="813" pin="1"/><net_sink comp="503" pin=32"/></net>

<net id="820"><net_src comp="817" pin="1"/><net_sink comp="503" pin=33"/></net>

<net id="824"><net_src comp="821" pin="1"/><net_sink comp="503" pin=34"/></net>

<net id="828"><net_src comp="825" pin="1"/><net_sink comp="503" pin=35"/></net>

<net id="832"><net_src comp="829" pin="1"/><net_sink comp="503" pin=36"/></net>

<net id="836"><net_src comp="833" pin="1"/><net_sink comp="503" pin=37"/></net>

<net id="840"><net_src comp="837" pin="1"/><net_sink comp="503" pin=38"/></net>

<net id="844"><net_src comp="841" pin="1"/><net_sink comp="503" pin=39"/></net>

<net id="848"><net_src comp="845" pin="1"/><net_sink comp="503" pin=40"/></net>

<net id="852"><net_src comp="849" pin="1"/><net_sink comp="503" pin=41"/></net>

<net id="856"><net_src comp="853" pin="1"/><net_sink comp="503" pin=42"/></net>

<net id="860"><net_src comp="857" pin="1"/><net_sink comp="503" pin=43"/></net>

<net id="864"><net_src comp="861" pin="1"/><net_sink comp="503" pin=44"/></net>

<net id="868"><net_src comp="865" pin="1"/><net_sink comp="503" pin=45"/></net>

<net id="872"><net_src comp="869" pin="1"/><net_sink comp="503" pin=46"/></net>

<net id="876"><net_src comp="873" pin="1"/><net_sink comp="503" pin=47"/></net>

<net id="880"><net_src comp="877" pin="1"/><net_sink comp="503" pin=48"/></net>

<net id="884"><net_src comp="881" pin="1"/><net_sink comp="503" pin=49"/></net>

<net id="888"><net_src comp="885" pin="1"/><net_sink comp="503" pin=50"/></net>

<net id="892"><net_src comp="889" pin="1"/><net_sink comp="503" pin=51"/></net>

<net id="896"><net_src comp="893" pin="1"/><net_sink comp="503" pin=52"/></net>

<net id="900"><net_src comp="897" pin="1"/><net_sink comp="503" pin=53"/></net>

<net id="904"><net_src comp="901" pin="1"/><net_sink comp="503" pin=54"/></net>

<net id="908"><net_src comp="905" pin="1"/><net_sink comp="503" pin=55"/></net>

<net id="912"><net_src comp="909" pin="1"/><net_sink comp="503" pin=56"/></net>

<net id="916"><net_src comp="913" pin="1"/><net_sink comp="503" pin=57"/></net>

<net id="920"><net_src comp="917" pin="1"/><net_sink comp="503" pin=58"/></net>

<net id="924"><net_src comp="921" pin="1"/><net_sink comp="503" pin=59"/></net>

<net id="928"><net_src comp="925" pin="1"/><net_sink comp="503" pin=60"/></net>

<net id="932"><net_src comp="929" pin="1"/><net_sink comp="503" pin=61"/></net>

<net id="936"><net_src comp="933" pin="1"/><net_sink comp="503" pin=62"/></net>

<net id="940"><net_src comp="937" pin="1"/><net_sink comp="503" pin=63"/></net>

<net id="944"><net_src comp="941" pin="1"/><net_sink comp="503" pin=64"/></net>

<net id="948"><net_src comp="945" pin="1"/><net_sink comp="503" pin=65"/></net>

<net id="952"><net_src comp="56" pin="1"/><net_sink comp="949" pin=0"/></net>

<net id="953"><net_src comp="949" pin="1"/><net_sink comp="585" pin=1"/></net>

<net id="954"><net_src comp="949" pin="1"/><net_sink comp="605" pin=0"/></net>

<net id="955"><net_src comp="949" pin="1"/><net_sink comp="688" pin=1"/></net>

<net id="959"><net_src comp="60" pin="1"/><net_sink comp="956" pin=0"/></net>

<net id="960"><net_src comp="956" pin="1"/><net_sink comp="580" pin=1"/></net>

<net id="961"><net_src comp="956" pin="1"/><net_sink comp="608" pin=0"/></net>

<net id="962"><net_src comp="956" pin="1"/><net_sink comp="683" pin=1"/></net>

<net id="966"><net_src comp="64" pin="1"/><net_sink comp="963" pin=0"/></net>

<net id="967"><net_src comp="963" pin="1"/><net_sink comp="575" pin=1"/></net>

<net id="968"><net_src comp="963" pin="1"/><net_sink comp="590" pin=0"/></net>

<net id="969"><net_src comp="963" pin="1"/><net_sink comp="678" pin=1"/></net>

<net id="973"><net_src comp="132" pin="1"/><net_sink comp="970" pin=0"/></net>

<net id="974"><net_src comp="970" pin="1"/><net_sink comp="419" pin=17"/></net>

<net id="975"><net_src comp="970" pin="1"/><net_sink comp="693" pin=0"/></net>

<net id="979"><net_src comp="136" pin="1"/><net_sink comp="976" pin=0"/></net>

<net id="980"><net_src comp="976" pin="1"/><net_sink comp="419" pin=18"/></net>

<net id="981"><net_src comp="976" pin="1"/><net_sink comp="697" pin=0"/></net>

<net id="985"><net_src comp="140" pin="1"/><net_sink comp="982" pin=0"/></net>

<net id="986"><net_src comp="982" pin="1"/><net_sink comp="419" pin=19"/></net>

<net id="987"><net_src comp="982" pin="1"/><net_sink comp="701" pin=0"/></net>

<net id="991"><net_src comp="144" pin="1"/><net_sink comp="988" pin=0"/></net>

<net id="992"><net_src comp="988" pin="1"/><net_sink comp="419" pin=20"/></net>

<net id="993"><net_src comp="988" pin="1"/><net_sink comp="705" pin=0"/></net>

<net id="997"><net_src comp="148" pin="1"/><net_sink comp="994" pin=0"/></net>

<net id="998"><net_src comp="994" pin="1"/><net_sink comp="419" pin=21"/></net>

<net id="999"><net_src comp="994" pin="1"/><net_sink comp="709" pin=0"/></net>

<net id="1003"><net_src comp="152" pin="1"/><net_sink comp="1000" pin=0"/></net>

<net id="1004"><net_src comp="1000" pin="1"/><net_sink comp="419" pin=22"/></net>

<net id="1005"><net_src comp="1000" pin="1"/><net_sink comp="713" pin=0"/></net>

<net id="1009"><net_src comp="156" pin="1"/><net_sink comp="1006" pin=0"/></net>

<net id="1010"><net_src comp="1006" pin="1"/><net_sink comp="419" pin=23"/></net>

<net id="1011"><net_src comp="1006" pin="1"/><net_sink comp="717" pin=0"/></net>

<net id="1015"><net_src comp="160" pin="1"/><net_sink comp="1012" pin=0"/></net>

<net id="1016"><net_src comp="1012" pin="1"/><net_sink comp="419" pin=24"/></net>

<net id="1017"><net_src comp="1012" pin="1"/><net_sink comp="721" pin=0"/></net>

<net id="1021"><net_src comp="164" pin="1"/><net_sink comp="1018" pin=0"/></net>

<net id="1022"><net_src comp="1018" pin="1"/><net_sink comp="419" pin=25"/></net>

<net id="1023"><net_src comp="1018" pin="1"/><net_sink comp="725" pin=0"/></net>

<net id="1027"><net_src comp="168" pin="1"/><net_sink comp="1024" pin=0"/></net>

<net id="1028"><net_src comp="1024" pin="1"/><net_sink comp="419" pin=26"/></net>

<net id="1029"><net_src comp="1024" pin="1"/><net_sink comp="729" pin=0"/></net>

<net id="1033"><net_src comp="172" pin="1"/><net_sink comp="1030" pin=0"/></net>

<net id="1034"><net_src comp="1030" pin="1"/><net_sink comp="419" pin=27"/></net>

<net id="1035"><net_src comp="1030" pin="1"/><net_sink comp="733" pin=0"/></net>

<net id="1039"><net_src comp="176" pin="1"/><net_sink comp="1036" pin=0"/></net>

<net id="1040"><net_src comp="1036" pin="1"/><net_sink comp="419" pin=28"/></net>

<net id="1041"><net_src comp="1036" pin="1"/><net_sink comp="737" pin=0"/></net>

<net id="1045"><net_src comp="180" pin="1"/><net_sink comp="1042" pin=0"/></net>

<net id="1046"><net_src comp="1042" pin="1"/><net_sink comp="419" pin=29"/></net>

<net id="1047"><net_src comp="1042" pin="1"/><net_sink comp="741" pin=0"/></net>

<net id="1051"><net_src comp="184" pin="1"/><net_sink comp="1048" pin=0"/></net>

<net id="1052"><net_src comp="1048" pin="1"/><net_sink comp="419" pin=30"/></net>

<net id="1053"><net_src comp="1048" pin="1"/><net_sink comp="745" pin=0"/></net>

<net id="1057"><net_src comp="188" pin="1"/><net_sink comp="1054" pin=0"/></net>

<net id="1058"><net_src comp="1054" pin="1"/><net_sink comp="419" pin=31"/></net>

<net id="1059"><net_src comp="1054" pin="1"/><net_sink comp="749" pin=0"/></net>

<net id="1063"><net_src comp="192" pin="1"/><net_sink comp="1060" pin=0"/></net>

<net id="1064"><net_src comp="1060" pin="1"/><net_sink comp="419" pin=32"/></net>

<net id="1065"><net_src comp="1060" pin="1"/><net_sink comp="753" pin=0"/></net>

<net id="1069"><net_src comp="196" pin="1"/><net_sink comp="1066" pin=0"/></net>

<net id="1070"><net_src comp="1066" pin="1"/><net_sink comp="419" pin=33"/></net>

<net id="1071"><net_src comp="1066" pin="1"/><net_sink comp="757" pin=0"/></net>

<net id="1075"><net_src comp="200" pin="1"/><net_sink comp="1072" pin=0"/></net>

<net id="1076"><net_src comp="1072" pin="1"/><net_sink comp="419" pin=34"/></net>

<net id="1077"><net_src comp="1072" pin="1"/><net_sink comp="761" pin=0"/></net>

<net id="1081"><net_src comp="204" pin="1"/><net_sink comp="1078" pin=0"/></net>

<net id="1082"><net_src comp="1078" pin="1"/><net_sink comp="419" pin=35"/></net>

<net id="1083"><net_src comp="1078" pin="1"/><net_sink comp="765" pin=0"/></net>

<net id="1087"><net_src comp="208" pin="1"/><net_sink comp="1084" pin=0"/></net>

<net id="1088"><net_src comp="1084" pin="1"/><net_sink comp="419" pin=36"/></net>

<net id="1089"><net_src comp="1084" pin="1"/><net_sink comp="769" pin=0"/></net>

<net id="1093"><net_src comp="212" pin="1"/><net_sink comp="1090" pin=0"/></net>

<net id="1094"><net_src comp="1090" pin="1"/><net_sink comp="419" pin=37"/></net>

<net id="1095"><net_src comp="1090" pin="1"/><net_sink comp="773" pin=0"/></net>

<net id="1099"><net_src comp="216" pin="1"/><net_sink comp="1096" pin=0"/></net>

<net id="1100"><net_src comp="1096" pin="1"/><net_sink comp="419" pin=38"/></net>

<net id="1101"><net_src comp="1096" pin="1"/><net_sink comp="777" pin=0"/></net>

<net id="1105"><net_src comp="220" pin="1"/><net_sink comp="1102" pin=0"/></net>

<net id="1106"><net_src comp="1102" pin="1"/><net_sink comp="419" pin=39"/></net>

<net id="1107"><net_src comp="1102" pin="1"/><net_sink comp="781" pin=0"/></net>

<net id="1111"><net_src comp="224" pin="1"/><net_sink comp="1108" pin=0"/></net>

<net id="1112"><net_src comp="1108" pin="1"/><net_sink comp="419" pin=40"/></net>

<net id="1113"><net_src comp="1108" pin="1"/><net_sink comp="785" pin=0"/></net>

<net id="1117"><net_src comp="228" pin="1"/><net_sink comp="1114" pin=0"/></net>

<net id="1118"><net_src comp="1114" pin="1"/><net_sink comp="419" pin=41"/></net>

<net id="1119"><net_src comp="1114" pin="1"/><net_sink comp="789" pin=0"/></net>

<net id="1123"><net_src comp="232" pin="1"/><net_sink comp="1120" pin=0"/></net>

<net id="1124"><net_src comp="1120" pin="1"/><net_sink comp="419" pin=42"/></net>

<net id="1125"><net_src comp="1120" pin="1"/><net_sink comp="793" pin=0"/></net>

<net id="1129"><net_src comp="236" pin="1"/><net_sink comp="1126" pin=0"/></net>

<net id="1130"><net_src comp="1126" pin="1"/><net_sink comp="419" pin=43"/></net>

<net id="1131"><net_src comp="1126" pin="1"/><net_sink comp="797" pin=0"/></net>

<net id="1135"><net_src comp="240" pin="1"/><net_sink comp="1132" pin=0"/></net>

<net id="1136"><net_src comp="1132" pin="1"/><net_sink comp="419" pin=44"/></net>

<net id="1137"><net_src comp="1132" pin="1"/><net_sink comp="801" pin=0"/></net>

<net id="1141"><net_src comp="244" pin="1"/><net_sink comp="1138" pin=0"/></net>

<net id="1142"><net_src comp="1138" pin="1"/><net_sink comp="419" pin=45"/></net>

<net id="1143"><net_src comp="1138" pin="1"/><net_sink comp="805" pin=0"/></net>

<net id="1147"><net_src comp="248" pin="1"/><net_sink comp="1144" pin=0"/></net>

<net id="1148"><net_src comp="1144" pin="1"/><net_sink comp="419" pin=46"/></net>

<net id="1149"><net_src comp="1144" pin="1"/><net_sink comp="809" pin=0"/></net>

<net id="1153"><net_src comp="252" pin="1"/><net_sink comp="1150" pin=0"/></net>

<net id="1154"><net_src comp="1150" pin="1"/><net_sink comp="419" pin=47"/></net>

<net id="1155"><net_src comp="1150" pin="1"/><net_sink comp="813" pin=0"/></net>

<net id="1159"><net_src comp="256" pin="1"/><net_sink comp="1156" pin=0"/></net>

<net id="1160"><net_src comp="1156" pin="1"/><net_sink comp="419" pin=48"/></net>

<net id="1161"><net_src comp="1156" pin="1"/><net_sink comp="817" pin=0"/></net>

<net id="1165"><net_src comp="260" pin="1"/><net_sink comp="1162" pin=0"/></net>

<net id="1166"><net_src comp="1162" pin="1"/><net_sink comp="419" pin=49"/></net>

<net id="1167"><net_src comp="1162" pin="1"/><net_sink comp="821" pin=0"/></net>

<net id="1171"><net_src comp="264" pin="1"/><net_sink comp="1168" pin=0"/></net>

<net id="1172"><net_src comp="1168" pin="1"/><net_sink comp="419" pin=50"/></net>

<net id="1173"><net_src comp="1168" pin="1"/><net_sink comp="825" pin=0"/></net>

<net id="1177"><net_src comp="268" pin="1"/><net_sink comp="1174" pin=0"/></net>

<net id="1178"><net_src comp="1174" pin="1"/><net_sink comp="419" pin=51"/></net>

<net id="1179"><net_src comp="1174" pin="1"/><net_sink comp="829" pin=0"/></net>

<net id="1183"><net_src comp="272" pin="1"/><net_sink comp="1180" pin=0"/></net>

<net id="1184"><net_src comp="1180" pin="1"/><net_sink comp="419" pin=52"/></net>

<net id="1185"><net_src comp="1180" pin="1"/><net_sink comp="833" pin=0"/></net>

<net id="1189"><net_src comp="276" pin="1"/><net_sink comp="1186" pin=0"/></net>

<net id="1190"><net_src comp="1186" pin="1"/><net_sink comp="419" pin=53"/></net>

<net id="1191"><net_src comp="1186" pin="1"/><net_sink comp="837" pin=0"/></net>

<net id="1195"><net_src comp="280" pin="1"/><net_sink comp="1192" pin=0"/></net>

<net id="1196"><net_src comp="1192" pin="1"/><net_sink comp="419" pin=54"/></net>

<net id="1197"><net_src comp="1192" pin="1"/><net_sink comp="841" pin=0"/></net>

<net id="1201"><net_src comp="284" pin="1"/><net_sink comp="1198" pin=0"/></net>

<net id="1202"><net_src comp="1198" pin="1"/><net_sink comp="419" pin=55"/></net>

<net id="1203"><net_src comp="1198" pin="1"/><net_sink comp="845" pin=0"/></net>

<net id="1207"><net_src comp="288" pin="1"/><net_sink comp="1204" pin=0"/></net>

<net id="1208"><net_src comp="1204" pin="1"/><net_sink comp="419" pin=56"/></net>

<net id="1209"><net_src comp="1204" pin="1"/><net_sink comp="849" pin=0"/></net>

<net id="1213"><net_src comp="292" pin="1"/><net_sink comp="1210" pin=0"/></net>

<net id="1214"><net_src comp="1210" pin="1"/><net_sink comp="419" pin=57"/></net>

<net id="1215"><net_src comp="1210" pin="1"/><net_sink comp="853" pin=0"/></net>

<net id="1219"><net_src comp="296" pin="1"/><net_sink comp="1216" pin=0"/></net>

<net id="1220"><net_src comp="1216" pin="1"/><net_sink comp="419" pin=58"/></net>

<net id="1221"><net_src comp="1216" pin="1"/><net_sink comp="857" pin=0"/></net>

<net id="1225"><net_src comp="300" pin="1"/><net_sink comp="1222" pin=0"/></net>

<net id="1226"><net_src comp="1222" pin="1"/><net_sink comp="419" pin=59"/></net>

<net id="1227"><net_src comp="1222" pin="1"/><net_sink comp="861" pin=0"/></net>

<net id="1231"><net_src comp="304" pin="1"/><net_sink comp="1228" pin=0"/></net>

<net id="1232"><net_src comp="1228" pin="1"/><net_sink comp="419" pin=60"/></net>

<net id="1233"><net_src comp="1228" pin="1"/><net_sink comp="865" pin=0"/></net>

<net id="1237"><net_src comp="308" pin="1"/><net_sink comp="1234" pin=0"/></net>

<net id="1238"><net_src comp="1234" pin="1"/><net_sink comp="419" pin=61"/></net>

<net id="1239"><net_src comp="1234" pin="1"/><net_sink comp="869" pin=0"/></net>

<net id="1243"><net_src comp="312" pin="1"/><net_sink comp="1240" pin=0"/></net>

<net id="1244"><net_src comp="1240" pin="1"/><net_sink comp="419" pin=62"/></net>

<net id="1245"><net_src comp="1240" pin="1"/><net_sink comp="873" pin=0"/></net>

<net id="1249"><net_src comp="316" pin="1"/><net_sink comp="1246" pin=0"/></net>

<net id="1250"><net_src comp="1246" pin="1"/><net_sink comp="419" pin=63"/></net>

<net id="1251"><net_src comp="1246" pin="1"/><net_sink comp="877" pin=0"/></net>

<net id="1255"><net_src comp="320" pin="1"/><net_sink comp="1252" pin=0"/></net>

<net id="1256"><net_src comp="1252" pin="1"/><net_sink comp="419" pin=64"/></net>

<net id="1257"><net_src comp="1252" pin="1"/><net_sink comp="881" pin=0"/></net>

<net id="1261"><net_src comp="324" pin="1"/><net_sink comp="1258" pin=0"/></net>

<net id="1262"><net_src comp="1258" pin="1"/><net_sink comp="419" pin=65"/></net>

<net id="1263"><net_src comp="1258" pin="1"/><net_sink comp="885" pin=0"/></net>

<net id="1267"><net_src comp="328" pin="1"/><net_sink comp="1264" pin=0"/></net>

<net id="1268"><net_src comp="1264" pin="1"/><net_sink comp="419" pin=66"/></net>

<net id="1269"><net_src comp="1264" pin="1"/><net_sink comp="889" pin=0"/></net>

<net id="1273"><net_src comp="332" pin="1"/><net_sink comp="1270" pin=0"/></net>

<net id="1274"><net_src comp="1270" pin="1"/><net_sink comp="419" pin=67"/></net>

<net id="1275"><net_src comp="1270" pin="1"/><net_sink comp="893" pin=0"/></net>

<net id="1279"><net_src comp="336" pin="1"/><net_sink comp="1276" pin=0"/></net>

<net id="1280"><net_src comp="1276" pin="1"/><net_sink comp="419" pin=68"/></net>

<net id="1281"><net_src comp="1276" pin="1"/><net_sink comp="897" pin=0"/></net>

<net id="1285"><net_src comp="340" pin="1"/><net_sink comp="1282" pin=0"/></net>

<net id="1286"><net_src comp="1282" pin="1"/><net_sink comp="419" pin=69"/></net>

<net id="1287"><net_src comp="1282" pin="1"/><net_sink comp="901" pin=0"/></net>

<net id="1291"><net_src comp="344" pin="1"/><net_sink comp="1288" pin=0"/></net>

<net id="1292"><net_src comp="1288" pin="1"/><net_sink comp="419" pin=70"/></net>

<net id="1293"><net_src comp="1288" pin="1"/><net_sink comp="905" pin=0"/></net>

<net id="1297"><net_src comp="348" pin="1"/><net_sink comp="1294" pin=0"/></net>

<net id="1298"><net_src comp="1294" pin="1"/><net_sink comp="419" pin=71"/></net>

<net id="1299"><net_src comp="1294" pin="1"/><net_sink comp="909" pin=0"/></net>

<net id="1303"><net_src comp="352" pin="1"/><net_sink comp="1300" pin=0"/></net>

<net id="1304"><net_src comp="1300" pin="1"/><net_sink comp="419" pin=72"/></net>

<net id="1305"><net_src comp="1300" pin="1"/><net_sink comp="913" pin=0"/></net>

<net id="1309"><net_src comp="356" pin="1"/><net_sink comp="1306" pin=0"/></net>

<net id="1310"><net_src comp="1306" pin="1"/><net_sink comp="419" pin=73"/></net>

<net id="1311"><net_src comp="1306" pin="1"/><net_sink comp="917" pin=0"/></net>

<net id="1315"><net_src comp="360" pin="1"/><net_sink comp="1312" pin=0"/></net>

<net id="1316"><net_src comp="1312" pin="1"/><net_sink comp="419" pin=74"/></net>

<net id="1317"><net_src comp="1312" pin="1"/><net_sink comp="921" pin=0"/></net>

<net id="1321"><net_src comp="364" pin="1"/><net_sink comp="1318" pin=0"/></net>

<net id="1322"><net_src comp="1318" pin="1"/><net_sink comp="419" pin=75"/></net>

<net id="1323"><net_src comp="1318" pin="1"/><net_sink comp="925" pin=0"/></net>

<net id="1327"><net_src comp="368" pin="1"/><net_sink comp="1324" pin=0"/></net>

<net id="1328"><net_src comp="1324" pin="1"/><net_sink comp="419" pin=76"/></net>

<net id="1329"><net_src comp="1324" pin="1"/><net_sink comp="929" pin=0"/></net>

<net id="1333"><net_src comp="372" pin="1"/><net_sink comp="1330" pin=0"/></net>

<net id="1334"><net_src comp="1330" pin="1"/><net_sink comp="419" pin=77"/></net>

<net id="1335"><net_src comp="1330" pin="1"/><net_sink comp="933" pin=0"/></net>

<net id="1339"><net_src comp="376" pin="1"/><net_sink comp="1336" pin=0"/></net>

<net id="1340"><net_src comp="1336" pin="1"/><net_sink comp="419" pin=78"/></net>

<net id="1341"><net_src comp="1336" pin="1"/><net_sink comp="937" pin=0"/></net>

<net id="1345"><net_src comp="380" pin="1"/><net_sink comp="1342" pin=0"/></net>

<net id="1346"><net_src comp="1342" pin="1"/><net_sink comp="419" pin=79"/></net>

<net id="1347"><net_src comp="1342" pin="1"/><net_sink comp="941" pin=0"/></net>

<net id="1351"><net_src comp="384" pin="1"/><net_sink comp="1348" pin=0"/></net>

<net id="1352"><net_src comp="1348" pin="1"/><net_sink comp="419" pin=80"/></net>

<net id="1353"><net_src comp="1348" pin="1"/><net_sink comp="945" pin=0"/></net>

<net id="1360"><net_src comp="643" pin="3"/><net_sink comp="1357" pin=0"/></net>

<net id="1361"><net_src comp="1357" pin="1"/><net_sink comp="388" pin=10"/></net>

<net id="1362"><net_src comp="1357" pin="1"/><net_sink comp="503" pin=66"/></net>

<net id="1366"><net_src comp="652" pin="2"/><net_sink comp="1363" pin=0"/></net>

<net id="1367"><net_src comp="1363" pin="1"/><net_sink comp="388" pin=9"/></net>

<net id="1371"><net_src comp="663" pin="3"/><net_sink comp="1368" pin=0"/></net>

<net id="1372"><net_src comp="1368" pin="1"/><net_sink comp="404" pin=9"/></net>

<net id="1373"><net_src comp="1368" pin="1"/><net_sink comp="503" pin=1"/></net>

</net_list>

</model> 
---------------- Datapath Model END ------------------

* FSMD analyzer results:
  - Output states:
	Port: v1933 | {6 7 }
 - Input state : 
	Port: systolic_Q : v1931 | {2 3 }
	Port: systolic_Q : v1932 | {2 3 }
  - Chain level:
	State 1
		store_ln0 : 1
		store_ln3626 : 1
		store_ln3627 : 1
	State 2
		icmp_ln3626 : 1
		add_ln3626_1 : 1
		br_ln3626 : 2
		add_ln3626 : 1
		icmp_ln3627 : 1
		select_ln3626 : 2
		select_ln3626_1 : 2
		trunc_ln3626 : 3
		p_mid2 : 4
		v1942 : 3
		call_ln3626 : 5
		empty : 3
		tmp_s : 4
		call_ln3626 : 5
		add_ln3627 : 3
		store_ln3626 : 2
		store_ln3626 : 3
		store_ln3627 : 4
	State 3
	State 4
	State 5
	State 6
		call_ln3626 : 1
	State 7


============================================================
+ Verbose Summary: Datapath Resource usage 
============================================================

* Functional unit list:
|----------|---------------------------------------------------------|---------|---------|---------|---------|
| Operation|                     Functional Unit                     |   DSP   |  Delay  |    FF   |   LUT   |
|----------|---------------------------------------------------------|---------|---------|---------|---------|
|          |  grp_systolic_Q_Pipeline_l_load_A_tile_ak1_l_ai1_fu_388 |    0    |  0.387  |    60   |   147   |
|   call   |  grp_systolic_Q_Pipeline_l_load_B_tile_bk1_l_bj1_fu_404 |    0    |  0.387  |    58   |   120   |
|          |                grp_systolic_tile_Q_fu_419               |   320   |  80.496 |  35876  |  23508  |
|          | grp_systolic_Q_Pipeline_l_store_C_tile_sj1_l_si1_fu_503 |    0    |    0    |    15   |   492   |
|----------|---------------------------------------------------------|---------|---------|---------|---------|
|          |                   add_ln3626_1_fu_599                   |    0    |    0    |    0    |    21   |
|    add   |                    add_ln3626_fu_611                    |    0    |    0    |    0    |    15   |
|          |                    add_ln3627_fu_672                    |    0    |    0    |    0    |    14   |
|----------|---------------------------------------------------------|---------|---------|---------|---------|
|          |                    icmp_ln3626_fu_593                   |    0    |    0    |    0    |    21   |
|   icmp   |                    icmp_ln3627_fu_617                   |    0    |    0    |    0    |    14   |
|          |                       v1942_fu_652                      |    0    |    0    |    0    |    14   |
|----------|---------------------------------------------------------|---------|---------|---------|---------|
|  select  |                   select_ln3626_fu_623                  |    0    |    0    |    0    |    7    |
|          |                  select_ln3626_1_fu_631                 |    0    |    0    |    0    |    8    |
|----------|---------------------------------------------------------|---------|---------|---------|---------|
|   trunc  |                   trunc_ln3626_fu_639                   |    0    |    0    |    0    |    0    |
|          |                       empty_fu_659                      |    0    |    0    |    0    |    0    |
|----------|---------------------------------------------------------|---------|---------|---------|---------|
|bitconcatenate|                      p_mid2_fu_643                      |    0    |    0    |    0    |    0    |
|          |                       tmp_s_fu_663                      |    0    |    0    |    0    |    0    |
|----------|---------------------------------------------------------|---------|---------|---------|---------|
|   Total  |                                                         |   320   |  81.27  |  36009  |  24381  |
|----------|---------------------------------------------------------|---------|---------|---------|---------|

Memories:
+----------+--------+--------+--------+--------+
|          |  BRAM  |   FF   |   LUT  |  URAM  |
+----------+--------+--------+--------+--------+
| local_A1 |    1   |    0   |    0   |    0   |
|local_A1_1|    1   |    0   |    0   |    0   |
|local_A1_2|    1   |    0   |    0   |    0   |
|local_A1_3|    1   |    0   |    0   |    0   |
|local_A1_4|    1   |    0   |    0   |    0   |
|local_A1_5|    1   |    0   |    0   |    0   |
|local_A1_6|    1   |    0   |    0   |    0   |
|local_A1_7|    1   |    0   |    0   |    0   |
| local_B1 |    1   |    0   |    0   |    0   |
|local_B1_1|    1   |    0   |    0   |    0   |
|local_B1_2|    1   |    0   |    0   |    0   |
|local_B1_3|    1   |    0   |    0   |    0   |
|local_B1_4|    1   |    0   |    0   |    0   |
|local_B1_5|    1   |    0   |    0   |    0   |
|local_B1_6|    1   |    0   |    0   |    0   |
|local_B1_7|    1   |    0   |    0   |    0   |
+----------+--------+--------+--------+--------+
|   Total  |   16   |    0   |    0   |    0   |
+----------+--------+--------+--------+--------+

* Register list:
+------------------------+--------+
|                        |   FF   |
+------------------------+--------+
|indvar_flatten20_reg_963|   14   |
|  local_C1_10_reg_1030  |   32   |
|  local_C1_11_reg_1036  |   32   |
|  local_C1_12_reg_1042  |   32   |
|  local_C1_13_reg_1048  |   32   |
|  local_C1_14_reg_1054  |   32   |
|  local_C1_15_reg_1060  |   32   |
|  local_C1_16_reg_1066  |   32   |
|  local_C1_17_reg_1072  |   32   |
|  local_C1_18_reg_1078  |   32   |
|  local_C1_19_reg_1084  |   32   |
|   local_C1_1_reg_976   |   32   |
|  local_C1_20_reg_1090  |   32   |
|  local_C1_21_reg_1096  |   32   |
|  local_C1_22_reg_1102  |   32   |
|  local_C1_23_reg_1108  |   32   |
|  local_C1_24_reg_1114  |   32   |
|  local_C1_25_reg_1120  |   32   |
|  local_C1_26_reg_1126  |   32   |
|  local_C1_27_reg_1132  |   32   |
|  local_C1_28_reg_1138  |   32   |
|  local_C1_29_reg_1144  |   32   |
|   local_C1_2_reg_982   |   32   |
|  local_C1_30_reg_1150  |   32   |
|  local_C1_31_reg_1156  |   32   |
|  local_C1_32_reg_1162  |   32   |
|  local_C1_33_reg_1168  |   32   |
|  local_C1_34_reg_1174  |   32   |
|  local_C1_35_reg_1180  |   32   |
|  local_C1_36_reg_1186  |   32   |
|  local_C1_37_reg_1192  |   32   |
|  local_C1_38_reg_1198  |   32   |
|  local_C1_39_reg_1204  |   32   |
|   local_C1_3_reg_988   |   32   |
|  local_C1_40_reg_1210  |   32   |
|  local_C1_41_reg_1216  |   32   |
|  local_C1_42_reg_1222  |   32   |
|  local_C1_43_reg_1228  |   32   |
|  local_C1_44_reg_1234  |   32   |
|  local_C1_45_reg_1240  |   32   |
|  local_C1_46_reg_1246  |   32   |
|  local_C1_47_reg_1252  |   32   |
|  local_C1_48_reg_1258  |   32   |
|  local_C1_49_reg_1264  |   32   |
|   local_C1_4_reg_994   |   32   |
|  local_C1_50_reg_1270  |   32   |
|  local_C1_51_reg_1276  |   32   |
|  local_C1_52_reg_1282  |   32   |
|  local_C1_53_reg_1288  |   32   |
|  local_C1_54_reg_1294  |   32   |
|  local_C1_55_reg_1300  |   32   |
|  local_C1_56_reg_1306  |   32   |
|  local_C1_57_reg_1312  |   32   |
|  local_C1_58_reg_1318  |   32   |
|  local_C1_59_reg_1324  |   32   |
|   local_C1_5_reg_1000  |   32   |
|  local_C1_60_reg_1330  |   32   |
|  local_C1_61_reg_1336  |   32   |
|  local_C1_62_reg_1342  |   32   |
|  local_C1_63_reg_1348  |   32   |
|   local_C1_6_reg_1006  |   32   |
|   local_C1_7_reg_1012  |   32   |
|   local_C1_8_reg_1018  |   32   |
|   local_C1_9_reg_1024  |   32   |
|    local_C1_reg_970    |   32   |
|       mi1_reg_956      |    8   |
|       ni1_reg_949      |    7   |
|     p_mid2_reg_1357    |   10   |
|     tmp_s_reg_1368     |    9   |
|     v1942_reg_1363     |    1   |
+------------------------+--------+
|          Total         |  2097  |
+------------------------+--------+

* Multiplexer (MUX) list: 
|--------------------------------------------------------|------|------|------|--------||---------||---------|
|                          Comp                          |  Pin | Size |  BW  | S x BW ||  Delay  ||   LUT   |
|--------------------------------------------------------|------|------|------|--------||---------||---------|
| grp_systolic_Q_Pipeline_l_load_A_tile_ak1_l_ai1_fu_388 |  p9  |   2  |   1  |    2   ||    9    |
| grp_systolic_Q_Pipeline_l_load_A_tile_ak1_l_ai1_fu_388 |  p10 |   2  |  10  |   20   ||    9    |
| grp_systolic_Q_Pipeline_l_load_B_tile_bk1_l_bj1_fu_404 |  p9  |   2  |   9  |   18   ||    9    |
|--------------------------------------------------------|------|------|------|--------||---------||---------|
|                          Total                         |      |      |      |   40   ||  1.161  ||    27   |
|--------------------------------------------------------|------|------|------|--------||---------||---------|



* Summary:
+-----------+--------+--------+--------+--------+--------+--------+
|           |  BRAM  |   DSP  |  Delay |   FF   |   LUT  |  URAM  |
+-----------+--------+--------+--------+--------+--------+--------+
|  Function |    -   |   320  |   81   |  36009 |  24381 |    -   |
|   Memory  |   16   |    -   |    -   |    0   |    0   |    0   |
|Multiplexer|    -   |    -   |    1   |    -   |   27   |    -   |
|  Register |    -   |    -   |    -   |  2097  |    -   |    -   |
+-----------+--------+--------+--------+--------+--------+--------+
|   Total   |   16   |   320  |   82   |  38106 |  24408 |    0   |
+-----------+--------+--------+--------+--------+--------+--------+
