

================================================================
== Vitis HLS Report for 'systolic_tile_QKT'
================================================================
* Date:           Wed Feb  5 22:34:39 2025

* Version:        2023.2 (Build 4023990 on Oct 11 2023)
* Project:        DitBlock
* Solution:       hls (Vivado IP Flow Target)
* Product family: virtexuplusHBM
* Target device:  xcu280-fsvh2892-2L-e


================================================================
== Performance Estimates
================================================================
+ Timing: 
    * Summary: 
    +--------+----------+----------+------------+
    |  Clock |  Target  | Estimated| Uncertainty|
    +--------+----------+----------+------------+
    |ap_clk  |  10.00 ns|  6.536 ns|     2.70 ns|
    +--------+----------+----------+------------+

+ Latency: 
    * Summary: 
    +---------+---------+----------+----------+-----+-----+----------+
    |  Latency (cycles) |  Latency (absolute) |  Interval | Pipeline |
    |   min   |   max   |    min   |    max   | min | max |   Type   |
    +---------+---------+----------+----------+-----+-----+----------+
    |      148|      148|  1.480 us|  1.480 us|  134|  134|  dataflow|
    +---------+---------+----------+----------+-----+-----+----------+

    + Detail: 
        * Instance: 
        +-------------------------------------------------------------+-------------------------------------------------+---------+---------+----------+----------+-----+-----+---------+
        |                                                             |                                                 |  Latency (cycles) |  Latency (absolute) |  Interval | Pipeline|
        |                           Instance                          |                      Module                     |   min   |   max   |    min   |    max   | min | max |   Type  |
        +-------------------------------------------------------------+-------------------------------------------------+---------+---------+----------+----------+-----+-----+---------+
        |grp_systolic_tile_QKT_Loop_l_data_load_k272_proc26_fu_1178   |systolic_tile_QKT_Loop_l_data_load_k272_proc26   |       66|       66|  0.660 us|  0.660 us|   66|   66|       no|
        |grp_PE_kernel_QKT_0_0_1_fu_1230                              |PE_kernel_QKT_0_0_1                              |      133|      133|  1.330 us|  1.330 us|  133|  133|       no|
        |grp_PE_kernel_QKT_1_0_1_fu_1240                              |PE_kernel_QKT_1_0_1                              |      133|      133|  1.330 us|  1.330 us|  133|  133|       no|
        |grp_PE_kernel_QKT_0_1_1_fu_1250                              |PE_kernel_QKT_0_1_1                              |      133|      133|  1.330 us|  1.330 us|  133|  133|       no|
        |grp_PE_kernel_QKT_2_0_1_fu_1260                              |PE_kernel_QKT_2_0_1                              |      133|      133|  1.330 us|  1.330 us|  133|  133|       no|
        |grp_PE_kernel_QKT_1_1_1_fu_1270                              |PE_kernel_QKT_1_1_1                              |      133|      133|  1.330 us|  1.330 us|  133|  133|       no|
        |grp_PE_kernel_QKT_0_2_1_fu_1280                              |PE_kernel_QKT_0_2_1                              |      133|      133|  1.330 us|  1.330 us|  133|  133|       no|
        |grp_PE_kernel_QKT_3_0_1_fu_1290                              |PE_kernel_QKT_3_0_1                              |      133|      133|  1.330 us|  1.330 us|  133|  133|       no|
        |grp_PE_kernel_QKT_2_1_1_fu_1300                              |PE_kernel_QKT_2_1_1                              |      133|      133|  1.330 us|  1.330 us|  133|  133|       no|
        |grp_PE_kernel_QKT_1_2_1_fu_1310                              |PE_kernel_QKT_1_2_1                              |      133|      133|  1.330 us|  1.330 us|  133|  133|       no|
        |grp_PE_kernel_QKT_0_3_1_fu_1320                              |PE_kernel_QKT_0_3_1                              |      133|      133|  1.330 us|  1.330 us|  133|  133|       no|
        |grp_PE_kernel_QKT_4_0_1_fu_1330                              |PE_kernel_QKT_4_0_1                              |      133|      133|  1.330 us|  1.330 us|  133|  133|       no|
        |grp_PE_kernel_QKT_3_1_1_fu_1340                              |PE_kernel_QKT_3_1_1                              |      133|      133|  1.330 us|  1.330 us|  133|  133|       no|
        |grp_PE_kernel_QKT_2_2_1_fu_1350                              |PE_kernel_QKT_2_2_1                              |      133|      133|  1.330 us|  1.330 us|  133|  133|       no|
        |grp_PE_kernel_QKT_1_3_1_fu_1360                              |PE_kernel_QKT_1_3_1                              |      133|      133|  1.330 us|  1.330 us|  133|  133|       no|
        |grp_PE_kernel_QKT_0_4_1_fu_1370                              |PE_kernel_QKT_0_4_1                              |      133|      133|  1.330 us|  1.330 us|  133|  133|       no|
        |grp_PE_kernel_QKT_5_0_1_fu_1380                              |PE_kernel_QKT_5_0_1                              |      133|      133|  1.330 us|  1.330 us|  133|  133|       no|
        |grp_PE_kernel_QKT_4_1_1_fu_1390                              |PE_kernel_QKT_4_1_1                              |      133|      133|  1.330 us|  1.330 us|  133|  133|       no|
        |grp_PE_kernel_QKT_3_2_1_fu_1400                              |PE_kernel_QKT_3_2_1                              |      133|      133|  1.330 us|  1.330 us|  133|  133|       no|
        |grp_PE_kernel_QKT_2_3_1_fu_1410                              |PE_kernel_QKT_2_3_1                              |      133|      133|  1.330 us|  1.330 us|  133|  133|       no|
        |grp_PE_kernel_QKT_1_4_1_fu_1420                              |PE_kernel_QKT_1_4_1                              |      133|      133|  1.330 us|  1.330 us|  133|  133|       no|
        |grp_PE_kernel_QKT_0_5_1_fu_1430                              |PE_kernel_QKT_0_5_1                              |      133|      133|  1.330 us|  1.330 us|  133|  133|       no|
        |grp_PE_kernel_QKT_6_0_1_fu_1440                              |PE_kernel_QKT_6_0_1                              |      133|      133|  1.330 us|  1.330 us|  133|  133|       no|
        |grp_PE_kernel_QKT_5_1_1_fu_1450                              |PE_kernel_QKT_5_1_1                              |      133|      133|  1.330 us|  1.330 us|  133|  133|       no|
        |grp_PE_kernel_QKT_4_2_1_fu_1460                              |PE_kernel_QKT_4_2_1                              |      133|      133|  1.330 us|  1.330 us|  133|  133|       no|
        |grp_PE_kernel_QKT_3_3_1_fu_1470                              |PE_kernel_QKT_3_3_1                              |      133|      133|  1.330 us|  1.330 us|  133|  133|       no|
        |grp_PE_kernel_QKT_2_4_1_fu_1480                              |PE_kernel_QKT_2_4_1                              |      133|      133|  1.330 us|  1.330 us|  133|  133|       no|
        |grp_PE_kernel_QKT_1_5_1_fu_1490                              |PE_kernel_QKT_1_5_1                              |      133|      133|  1.330 us|  1.330 us|  133|  133|       no|
        |grp_PE_kernel_QKT_0_6_1_fu_1500                              |PE_kernel_QKT_0_6_1                              |      133|      133|  1.330 us|  1.330 us|  133|  133|       no|
        |grp_PE_kernel_QKT_7_0_1_fu_1510                              |PE_kernel_QKT_7_0_1                              |      133|      133|  1.330 us|  1.330 us|  133|  133|       no|
        |grp_PE_kernel_QKT_6_1_1_fu_1520                              |PE_kernel_QKT_6_1_1                              |      133|      133|  1.330 us|  1.330 us|  133|  133|       no|
        |grp_PE_kernel_QKT_5_2_1_fu_1530                              |PE_kernel_QKT_5_2_1                              |      133|      133|  1.330 us|  1.330 us|  133|  133|       no|
        |grp_PE_kernel_QKT_4_3_1_fu_1540                              |PE_kernel_QKT_4_3_1                              |      133|      133|  1.330 us|  1.330 us|  133|  133|       no|
        |grp_PE_kernel_QKT_3_4_1_fu_1550                              |PE_kernel_QKT_3_4_1                              |      133|      133|  1.330 us|  1.330 us|  133|  133|       no|
        |grp_PE_kernel_QKT_2_5_1_fu_1560                              |PE_kernel_QKT_2_5_1                              |      133|      133|  1.330 us|  1.330 us|  133|  133|       no|
        |grp_PE_kernel_QKT_1_6_1_fu_1570                              |PE_kernel_QKT_1_6_1                              |      133|      133|  1.330 us|  1.330 us|  133|  133|       no|
        |grp_PE_kernel_QKT_0_7_1_fu_1580                              |PE_kernel_QKT_0_7_1                              |      133|      133|  1.330 us|  1.330 us|  133|  133|       no|
        |grp_PE_kernel_QKT_7_1_1_fu_1590                              |PE_kernel_QKT_7_1_1                              |      133|      133|  1.330 us|  1.330 us|  133|  133|       no|
        |grp_PE_kernel_QKT_6_2_1_fu_1600                              |PE_kernel_QKT_6_2_1                              |      133|      133|  1.330 us|  1.330 us|  133|  133|       no|
        |grp_PE_kernel_QKT_5_3_1_fu_1610                              |PE_kernel_QKT_5_3_1                              |      133|      133|  1.330 us|  1.330 us|  133|  133|       no|
        |grp_PE_kernel_QKT_4_4_1_fu_1620                              |PE_kernel_QKT_4_4_1                              |      133|      133|  1.330 us|  1.330 us|  133|  133|       no|
        |grp_PE_kernel_QKT_3_5_1_fu_1630                              |PE_kernel_QKT_3_5_1                              |      133|      133|  1.330 us|  1.330 us|  133|  133|       no|
        |grp_PE_kernel_QKT_2_6_1_fu_1640                              |PE_kernel_QKT_2_6_1                              |      133|      133|  1.330 us|  1.330 us|  133|  133|       no|
        |grp_PE_kernel_QKT_1_7_1_fu_1650                              |PE_kernel_QKT_1_7_1                              |      133|      133|  1.330 us|  1.330 us|  133|  133|       no|
        |grp_PE_kernel_QKT_7_2_1_fu_1660                              |PE_kernel_QKT_7_2_1                              |      133|      133|  1.330 us|  1.330 us|  133|  133|       no|
        |grp_PE_kernel_QKT_6_3_1_fu_1670                              |PE_kernel_QKT_6_3_1                              |      133|      133|  1.330 us|  1.330 us|  133|  133|       no|
        |grp_PE_kernel_QKT_5_4_1_fu_1680                              |PE_kernel_QKT_5_4_1                              |      133|      133|  1.330 us|  1.330 us|  133|  133|       no|
        |grp_PE_kernel_QKT_4_5_1_fu_1690                              |PE_kernel_QKT_4_5_1                              |      133|      133|  1.330 us|  1.330 us|  133|  133|       no|
        |grp_PE_kernel_QKT_3_6_1_fu_1700                              |PE_kernel_QKT_3_6_1                              |      133|      133|  1.330 us|  1.330 us|  133|  133|       no|
        |grp_PE_kernel_QKT_2_7_1_fu_1710                              |PE_kernel_QKT_2_7_1                              |      133|      133|  1.330 us|  1.330 us|  133|  133|       no|
        |grp_PE_kernel_QKT_7_3_1_fu_1720                              |PE_kernel_QKT_7_3_1                              |      133|      133|  1.330 us|  1.330 us|  133|  133|       no|
        |grp_PE_kernel_QKT_6_4_1_fu_1730                              |PE_kernel_QKT_6_4_1                              |      133|      133|  1.330 us|  1.330 us|  133|  133|       no|
        |grp_PE_kernel_QKT_5_5_1_fu_1740                              |PE_kernel_QKT_5_5_1                              |      133|      133|  1.330 us|  1.330 us|  133|  133|       no|
        |grp_PE_kernel_QKT_4_6_1_fu_1750                              |PE_kernel_QKT_4_6_1                              |      133|      133|  1.330 us|  1.330 us|  133|  133|       no|
        |grp_PE_kernel_QKT_3_7_1_fu_1760                              |PE_kernel_QKT_3_7_1                              |      133|      133|  1.330 us|  1.330 us|  133|  133|       no|
        |grp_PE_kernel_QKT_7_4_1_fu_1770                              |PE_kernel_QKT_7_4_1                              |      133|      133|  1.330 us|  1.330 us|  133|  133|       no|
        |grp_PE_kernel_QKT_6_5_1_fu_1780                              |PE_kernel_QKT_6_5_1                              |      133|      133|  1.330 us|  1.330 us|  133|  133|       no|
        |grp_PE_kernel_QKT_5_6_1_fu_1790                              |PE_kernel_QKT_5_6_1                              |      133|      133|  1.330 us|  1.330 us|  133|  133|       no|
        |grp_PE_kernel_QKT_4_7_1_fu_1800                              |PE_kernel_QKT_4_7_1                              |      133|      133|  1.330 us|  1.330 us|  133|  133|       no|
        |grp_PE_kernel_QKT_7_5_1_fu_1810                              |PE_kernel_QKT_7_5_1                              |      133|      133|  1.330 us|  1.330 us|  133|  133|       no|
        |grp_PE_kernel_QKT_6_6_1_fu_1820                              |PE_kernel_QKT_6_6_1                              |      133|      133|  1.330 us|  1.330 us|  133|  133|       no|
        |grp_PE_kernel_QKT_5_7_1_fu_1830                              |PE_kernel_QKT_5_7_1                              |      133|      133|  1.330 us|  1.330 us|  133|  133|       no|
        |grp_PE_kernel_QKT_7_6_1_fu_1840                              |PE_kernel_QKT_7_6_1                              |      133|      133|  1.330 us|  1.330 us|  133|  133|       no|
        |grp_PE_kernel_QKT_6_7_1_fu_1850                              |PE_kernel_QKT_6_7_1                              |      133|      133|  1.330 us|  1.330 us|  133|  133|       no|
        |grp_PE_kernel_QKT_7_7_1_fu_1860                              |PE_kernel_QKT_7_7_1                              |      133|      133|  1.330 us|  1.330 us|  133|  133|       no|
        |grp_systolic_tile_QKT_Loop_l_data_drain_k273_proc27_fu_1870  |systolic_tile_QKT_Loop_l_data_drain_k273_proc27  |       66|       66|  0.660 us|  0.660 us|   66|   66|       no|
        +-------------------------------------------------------------+-------------------------------------------------+---------+---------+----------+----------+-----+-----+---------+

        * Loop: 
        N/A

============================================================
+ Verbose Summary: Synthesis Manager
============================================================
InlineROM: 1
ExposeGlobal: 0
============================================================
+ Verbose Summary: CDFG Model
============================================================
IsTopModel: 0
ResetActiveHigh: 1
IsCombinational: 2
IsDatapathOnly: 0
HasWiredReturn: 1
HasMFsm: 0
HasVarLatency: 1
IsPipeline: 0
IsRtlPipelined: 0
IsInstanceOverlapped: 0
IsDontTouch: 0
HasImplIP: 0
IsGatedGlobalClock: 0


============================================================
+ Verbose Summary: Schedule
============================================================
* Number of FSM states : 34
* Pipeline : 0
* Dataflow Pipeline: 1
  DF-Pipeline-0: Size = 34, States = { 1 2 3 4 5 6 7 8 9 10 11 12 13 14 15 16 17 18 19 20 21 22 23 24 25 26 27 28 29 30 31 32 33 34 }

* FSM state transitions: 
1 --> 2 
2 --> 3 
3 --> 4 
4 --> 5 
5 --> 6 
6 --> 7 
7 --> 8 
8 --> 9 
9 --> 10 
10 --> 11 
11 --> 12 
12 --> 13 
13 --> 14 
14 --> 15 
15 --> 16 
16 --> 17 
17 --> 18 
18 --> 19 
19 --> 20 
20 --> 21 
21 --> 22 
22 --> 23 
23 --> 24 
24 --> 25 
25 --> 26 
26 --> 27 
27 --> 28 
28 --> 29 
29 --> 30 
30 --> 31 
31 --> 32 
32 --> 33 
33 --> 34 
34 --> 

* FSM state operations: 

State 1 <SV = 0> <Delay = 0.00>
ST_1 : Operation 35 [1/1] (0.00ns)   --->   "%A_fifo4 = alloca i64 1" [/home/silvenchen/Desktop/DitBlock/WorkDCT/DitBlock/kernel.cpp:12241]   --->   Operation 35 'alloca' 'A_fifo4' <Predicate = true> <Delay = 0.00> <CoreInst = "FIFO_SRL">   --->   Core 81 'FIFO_SRL' <Latency = 0> <II = 1> <Delay = 1.43> <Storage> <Opcode : 'read' 'write' 'nbread' 'nbwrite'> <Ports = 0> <Width = 32> <Depth = 9> <FIFO>
ST_1 : Operation 36 [1/1] (0.00ns)   --->   "%A_fifo4_1 = alloca i64 1" [/home/silvenchen/Desktop/DitBlock/WorkDCT/DitBlock/kernel.cpp:12241]   --->   Operation 36 'alloca' 'A_fifo4_1' <Predicate = true> <Delay = 0.00> <CoreInst = "FIFO_SRL">   --->   Core 81 'FIFO_SRL' <Latency = 0> <II = 1> <Delay = 1.43> <Storage> <Opcode : 'read' 'write' 'nbread' 'nbwrite'> <Ports = 0> <Width = 32> <Depth = 9> <FIFO>
ST_1 : Operation 37 [1/1] (0.00ns)   --->   "%A_fifo4_2 = alloca i64 1" [/home/silvenchen/Desktop/DitBlock/WorkDCT/DitBlock/kernel.cpp:12241]   --->   Operation 37 'alloca' 'A_fifo4_2' <Predicate = true> <Delay = 0.00> <CoreInst = "FIFO_SRL">   --->   Core 81 'FIFO_SRL' <Latency = 0> <II = 1> <Delay = 1.43> <Storage> <Opcode : 'read' 'write' 'nbread' 'nbwrite'> <Ports = 0> <Width = 32> <Depth = 9> <FIFO>
ST_1 : Operation 38 [1/1] (0.00ns)   --->   "%A_fifo4_3 = alloca i64 1" [/home/silvenchen/Desktop/DitBlock/WorkDCT/DitBlock/kernel.cpp:12241]   --->   Operation 38 'alloca' 'A_fifo4_3' <Predicate = true> <Delay = 0.00> <CoreInst = "FIFO_SRL">   --->   Core 81 'FIFO_SRL' <Latency = 0> <II = 1> <Delay = 1.43> <Storage> <Opcode : 'read' 'write' 'nbread' 'nbwrite'> <Ports = 0> <Width = 32> <Depth = 9> <FIFO>
ST_1 : Operation 39 [1/1] (0.00ns)   --->   "%A_fifo4_4 = alloca i64 1" [/home/silvenchen/Desktop/DitBlock/WorkDCT/DitBlock/kernel.cpp:12241]   --->   Operation 39 'alloca' 'A_fifo4_4' <Predicate = true> <Delay = 0.00> <CoreInst = "FIFO_SRL">   --->   Core 81 'FIFO_SRL' <Latency = 0> <II = 1> <Delay = 1.43> <Storage> <Opcode : 'read' 'write' 'nbread' 'nbwrite'> <Ports = 0> <Width = 32> <Depth = 9> <FIFO>
ST_1 : Operation 40 [1/1] (0.00ns)   --->   "%A_fifo4_5 = alloca i64 1" [/home/silvenchen/Desktop/DitBlock/WorkDCT/DitBlock/kernel.cpp:12241]   --->   Operation 40 'alloca' 'A_fifo4_5' <Predicate = true> <Delay = 0.00> <CoreInst = "FIFO_SRL">   --->   Core 81 'FIFO_SRL' <Latency = 0> <II = 1> <Delay = 1.43> <Storage> <Opcode : 'read' 'write' 'nbread' 'nbwrite'> <Ports = 0> <Width = 32> <Depth = 9> <FIFO>
ST_1 : Operation 41 [1/1] (0.00ns)   --->   "%A_fifo4_6 = alloca i64 1" [/home/silvenchen/Desktop/DitBlock/WorkDCT/DitBlock/kernel.cpp:12241]   --->   Operation 41 'alloca' 'A_fifo4_6' <Predicate = true> <Delay = 0.00> <CoreInst = "FIFO_SRL">   --->   Core 81 'FIFO_SRL' <Latency = 0> <II = 1> <Delay = 1.43> <Storage> <Opcode : 'read' 'write' 'nbread' 'nbwrite'> <Ports = 0> <Width = 32> <Depth = 9> <FIFO>
ST_1 : Operation 42 [1/1] (0.00ns)   --->   "%A_fifo4_7 = alloca i64 1" [/home/silvenchen/Desktop/DitBlock/WorkDCT/DitBlock/kernel.cpp:12241]   --->   Operation 42 'alloca' 'A_fifo4_7' <Predicate = true> <Delay = 0.00> <CoreInst = "FIFO_SRL">   --->   Core 81 'FIFO_SRL' <Latency = 0> <II = 1> <Delay = 1.43> <Storage> <Opcode : 'read' 'write' 'nbread' 'nbwrite'> <Ports = 0> <Width = 32> <Depth = 9> <FIFO>
ST_1 : Operation 43 [1/1] (0.00ns)   --->   "%A_fifo4_8 = alloca i64 1" [/home/silvenchen/Desktop/DitBlock/WorkDCT/DitBlock/kernel.cpp:12241]   --->   Operation 43 'alloca' 'A_fifo4_8' <Predicate = true> <Delay = 0.00> <CoreInst = "FIFO_SRL">   --->   Core 81 'FIFO_SRL' <Latency = 0> <II = 1> <Delay = 1.43> <Storage> <Opcode : 'read' 'write' 'nbread' 'nbwrite'> <Ports = 0> <Width = 32> <Depth = 9> <FIFO>
ST_1 : Operation 44 [1/1] (0.00ns)   --->   "%A_fifo4_9 = alloca i64 1" [/home/silvenchen/Desktop/DitBlock/WorkDCT/DitBlock/kernel.cpp:12241]   --->   Operation 44 'alloca' 'A_fifo4_9' <Predicate = true> <Delay = 0.00> <CoreInst = "FIFO_SRL">   --->   Core 81 'FIFO_SRL' <Latency = 0> <II = 1> <Delay = 1.43> <Storage> <Opcode : 'read' 'write' 'nbread' 'nbwrite'> <Ports = 0> <Width = 32> <Depth = 9> <FIFO>
ST_1 : Operation 45 [1/1] (0.00ns)   --->   "%A_fifo4_10 = alloca i64 1" [/home/silvenchen/Desktop/DitBlock/WorkDCT/DitBlock/kernel.cpp:12241]   --->   Operation 45 'alloca' 'A_fifo4_10' <Predicate = true> <Delay = 0.00> <CoreInst = "FIFO_SRL">   --->   Core 81 'FIFO_SRL' <Latency = 0> <II = 1> <Delay = 1.43> <Storage> <Opcode : 'read' 'write' 'nbread' 'nbwrite'> <Ports = 0> <Width = 32> <Depth = 9> <FIFO>
ST_1 : Operation 46 [1/1] (0.00ns)   --->   "%A_fifo4_11 = alloca i64 1" [/home/silvenchen/Desktop/DitBlock/WorkDCT/DitBlock/kernel.cpp:12241]   --->   Operation 46 'alloca' 'A_fifo4_11' <Predicate = true> <Delay = 0.00> <CoreInst = "FIFO_SRL">   --->   Core 81 'FIFO_SRL' <Latency = 0> <II = 1> <Delay = 1.43> <Storage> <Opcode : 'read' 'write' 'nbread' 'nbwrite'> <Ports = 0> <Width = 32> <Depth = 9> <FIFO>
ST_1 : Operation 47 [1/1] (0.00ns)   --->   "%A_fifo4_12 = alloca i64 1" [/home/silvenchen/Desktop/DitBlock/WorkDCT/DitBlock/kernel.cpp:12241]   --->   Operation 47 'alloca' 'A_fifo4_12' <Predicate = true> <Delay = 0.00> <CoreInst = "FIFO_SRL">   --->   Core 81 'FIFO_SRL' <Latency = 0> <II = 1> <Delay = 1.43> <Storage> <Opcode : 'read' 'write' 'nbread' 'nbwrite'> <Ports = 0> <Width = 32> <Depth = 9> <FIFO>
ST_1 : Operation 48 [1/1] (0.00ns)   --->   "%A_fifo4_13 = alloca i64 1" [/home/silvenchen/Desktop/DitBlock/WorkDCT/DitBlock/kernel.cpp:12241]   --->   Operation 48 'alloca' 'A_fifo4_13' <Predicate = true> <Delay = 0.00> <CoreInst = "FIFO_SRL">   --->   Core 81 'FIFO_SRL' <Latency = 0> <II = 1> <Delay = 1.43> <Storage> <Opcode : 'read' 'write' 'nbread' 'nbwrite'> <Ports = 0> <Width = 32> <Depth = 9> <FIFO>
ST_1 : Operation 49 [1/1] (0.00ns)   --->   "%A_fifo4_14 = alloca i64 1" [/home/silvenchen/Desktop/DitBlock/WorkDCT/DitBlock/kernel.cpp:12241]   --->   Operation 49 'alloca' 'A_fifo4_14' <Predicate = true> <Delay = 0.00> <CoreInst = "FIFO_SRL">   --->   Core 81 'FIFO_SRL' <Latency = 0> <II = 1> <Delay = 1.43> <Storage> <Opcode : 'read' 'write' 'nbread' 'nbwrite'> <Ports = 0> <Width = 32> <Depth = 9> <FIFO>
ST_1 : Operation 50 [1/1] (0.00ns)   --->   "%A_fifo4_15 = alloca i64 1" [/home/silvenchen/Desktop/DitBlock/WorkDCT/DitBlock/kernel.cpp:12241]   --->   Operation 50 'alloca' 'A_fifo4_15' <Predicate = true> <Delay = 0.00> <CoreInst = "FIFO_SRL">   --->   Core 81 'FIFO_SRL' <Latency = 0> <II = 1> <Delay = 1.43> <Storage> <Opcode : 'read' 'write' 'nbread' 'nbwrite'> <Ports = 0> <Width = 32> <Depth = 9> <FIFO>
ST_1 : Operation 51 [1/1] (0.00ns)   --->   "%A_fifo4_16 = alloca i64 1" [/home/silvenchen/Desktop/DitBlock/WorkDCT/DitBlock/kernel.cpp:12241]   --->   Operation 51 'alloca' 'A_fifo4_16' <Predicate = true> <Delay = 0.00> <CoreInst = "FIFO_SRL">   --->   Core 81 'FIFO_SRL' <Latency = 0> <II = 1> <Delay = 1.43> <Storage> <Opcode : 'read' 'write' 'nbread' 'nbwrite'> <Ports = 0> <Width = 32> <Depth = 9> <FIFO>
ST_1 : Operation 52 [1/1] (0.00ns)   --->   "%A_fifo4_17 = alloca i64 1" [/home/silvenchen/Desktop/DitBlock/WorkDCT/DitBlock/kernel.cpp:12241]   --->   Operation 52 'alloca' 'A_fifo4_17' <Predicate = true> <Delay = 0.00> <CoreInst = "FIFO_SRL">   --->   Core 81 'FIFO_SRL' <Latency = 0> <II = 1> <Delay = 1.43> <Storage> <Opcode : 'read' 'write' 'nbread' 'nbwrite'> <Ports = 0> <Width = 32> <Depth = 9> <FIFO>
ST_1 : Operation 53 [1/1] (0.00ns)   --->   "%A_fifo4_18 = alloca i64 1" [/home/silvenchen/Desktop/DitBlock/WorkDCT/DitBlock/kernel.cpp:12241]   --->   Operation 53 'alloca' 'A_fifo4_18' <Predicate = true> <Delay = 0.00> <CoreInst = "FIFO_SRL">   --->   Core 81 'FIFO_SRL' <Latency = 0> <II = 1> <Delay = 1.43> <Storage> <Opcode : 'read' 'write' 'nbread' 'nbwrite'> <Ports = 0> <Width = 32> <Depth = 9> <FIFO>
ST_1 : Operation 54 [1/1] (0.00ns)   --->   "%A_fifo4_19 = alloca i64 1" [/home/silvenchen/Desktop/DitBlock/WorkDCT/DitBlock/kernel.cpp:12241]   --->   Operation 54 'alloca' 'A_fifo4_19' <Predicate = true> <Delay = 0.00> <CoreInst = "FIFO_SRL">   --->   Core 81 'FIFO_SRL' <Latency = 0> <II = 1> <Delay = 1.43> <Storage> <Opcode : 'read' 'write' 'nbread' 'nbwrite'> <Ports = 0> <Width = 32> <Depth = 9> <FIFO>
ST_1 : Operation 55 [1/1] (0.00ns)   --->   "%A_fifo4_20 = alloca i64 1" [/home/silvenchen/Desktop/DitBlock/WorkDCT/DitBlock/kernel.cpp:12241]   --->   Operation 55 'alloca' 'A_fifo4_20' <Predicate = true> <Delay = 0.00> <CoreInst = "FIFO_SRL">   --->   Core 81 'FIFO_SRL' <Latency = 0> <II = 1> <Delay = 1.43> <Storage> <Opcode : 'read' 'write' 'nbread' 'nbwrite'> <Ports = 0> <Width = 32> <Depth = 9> <FIFO>
ST_1 : Operation 56 [1/1] (0.00ns)   --->   "%A_fifo4_21 = alloca i64 1" [/home/silvenchen/Desktop/DitBlock/WorkDCT/DitBlock/kernel.cpp:12241]   --->   Operation 56 'alloca' 'A_fifo4_21' <Predicate = true> <Delay = 0.00> <CoreInst = "FIFO_SRL">   --->   Core 81 'FIFO_SRL' <Latency = 0> <II = 1> <Delay = 1.43> <Storage> <Opcode : 'read' 'write' 'nbread' 'nbwrite'> <Ports = 0> <Width = 32> <Depth = 9> <FIFO>
ST_1 : Operation 57 [1/1] (0.00ns)   --->   "%A_fifo4_22 = alloca i64 1" [/home/silvenchen/Desktop/DitBlock/WorkDCT/DitBlock/kernel.cpp:12241]   --->   Operation 57 'alloca' 'A_fifo4_22' <Predicate = true> <Delay = 0.00> <CoreInst = "FIFO_SRL">   --->   Core 81 'FIFO_SRL' <Latency = 0> <II = 1> <Delay = 1.43> <Storage> <Opcode : 'read' 'write' 'nbread' 'nbwrite'> <Ports = 0> <Width = 32> <Depth = 9> <FIFO>
ST_1 : Operation 58 [1/1] (0.00ns)   --->   "%A_fifo4_23 = alloca i64 1" [/home/silvenchen/Desktop/DitBlock/WorkDCT/DitBlock/kernel.cpp:12241]   --->   Operation 58 'alloca' 'A_fifo4_23' <Predicate = true> <Delay = 0.00> <CoreInst = "FIFO_SRL">   --->   Core 81 'FIFO_SRL' <Latency = 0> <II = 1> <Delay = 1.43> <Storage> <Opcode : 'read' 'write' 'nbread' 'nbwrite'> <Ports = 0> <Width = 32> <Depth = 9> <FIFO>
ST_1 : Operation 59 [1/1] (0.00ns)   --->   "%A_fifo4_24 = alloca i64 1" [/home/silvenchen/Desktop/DitBlock/WorkDCT/DitBlock/kernel.cpp:12241]   --->   Operation 59 'alloca' 'A_fifo4_24' <Predicate = true> <Delay = 0.00> <CoreInst = "FIFO_SRL">   --->   Core 81 'FIFO_SRL' <Latency = 0> <II = 1> <Delay = 1.43> <Storage> <Opcode : 'read' 'write' 'nbread' 'nbwrite'> <Ports = 0> <Width = 32> <Depth = 9> <FIFO>
ST_1 : Operation 60 [1/1] (0.00ns)   --->   "%A_fifo4_25 = alloca i64 1" [/home/silvenchen/Desktop/DitBlock/WorkDCT/DitBlock/kernel.cpp:12241]   --->   Operation 60 'alloca' 'A_fifo4_25' <Predicate = true> <Delay = 0.00> <CoreInst = "FIFO_SRL">   --->   Core 81 'FIFO_SRL' <Latency = 0> <II = 1> <Delay = 1.43> <Storage> <Opcode : 'read' 'write' 'nbread' 'nbwrite'> <Ports = 0> <Width = 32> <Depth = 9> <FIFO>
ST_1 : Operation 61 [1/1] (0.00ns)   --->   "%A_fifo4_26 = alloca i64 1" [/home/silvenchen/Desktop/DitBlock/WorkDCT/DitBlock/kernel.cpp:12241]   --->   Operation 61 'alloca' 'A_fifo4_26' <Predicate = true> <Delay = 0.00> <CoreInst = "FIFO_SRL">   --->   Core 81 'FIFO_SRL' <Latency = 0> <II = 1> <Delay = 1.43> <Storage> <Opcode : 'read' 'write' 'nbread' 'nbwrite'> <Ports = 0> <Width = 32> <Depth = 9> <FIFO>
ST_1 : Operation 62 [1/1] (0.00ns)   --->   "%A_fifo4_27 = alloca i64 1" [/home/silvenchen/Desktop/DitBlock/WorkDCT/DitBlock/kernel.cpp:12241]   --->   Operation 62 'alloca' 'A_fifo4_27' <Predicate = true> <Delay = 0.00> <CoreInst = "FIFO_SRL">   --->   Core 81 'FIFO_SRL' <Latency = 0> <II = 1> <Delay = 1.43> <Storage> <Opcode : 'read' 'write' 'nbread' 'nbwrite'> <Ports = 0> <Width = 32> <Depth = 9> <FIFO>
ST_1 : Operation 63 [1/1] (0.00ns)   --->   "%A_fifo4_28 = alloca i64 1" [/home/silvenchen/Desktop/DitBlock/WorkDCT/DitBlock/kernel.cpp:12241]   --->   Operation 63 'alloca' 'A_fifo4_28' <Predicate = true> <Delay = 0.00> <CoreInst = "FIFO_SRL">   --->   Core 81 'FIFO_SRL' <Latency = 0> <II = 1> <Delay = 1.43> <Storage> <Opcode : 'read' 'write' 'nbread' 'nbwrite'> <Ports = 0> <Width = 32> <Depth = 9> <FIFO>
ST_1 : Operation 64 [1/1] (0.00ns)   --->   "%A_fifo4_29 = alloca i64 1" [/home/silvenchen/Desktop/DitBlock/WorkDCT/DitBlock/kernel.cpp:12241]   --->   Operation 64 'alloca' 'A_fifo4_29' <Predicate = true> <Delay = 0.00> <CoreInst = "FIFO_SRL">   --->   Core 81 'FIFO_SRL' <Latency = 0> <II = 1> <Delay = 1.43> <Storage> <Opcode : 'read' 'write' 'nbread' 'nbwrite'> <Ports = 0> <Width = 32> <Depth = 9> <FIFO>
ST_1 : Operation 65 [1/1] (0.00ns)   --->   "%A_fifo4_30 = alloca i64 1" [/home/silvenchen/Desktop/DitBlock/WorkDCT/DitBlock/kernel.cpp:12241]   --->   Operation 65 'alloca' 'A_fifo4_30' <Predicate = true> <Delay = 0.00> <CoreInst = "FIFO_SRL">   --->   Core 81 'FIFO_SRL' <Latency = 0> <II = 1> <Delay = 1.43> <Storage> <Opcode : 'read' 'write' 'nbread' 'nbwrite'> <Ports = 0> <Width = 32> <Depth = 9> <FIFO>
ST_1 : Operation 66 [1/1] (0.00ns)   --->   "%A_fifo4_31 = alloca i64 1" [/home/silvenchen/Desktop/DitBlock/WorkDCT/DitBlock/kernel.cpp:12241]   --->   Operation 66 'alloca' 'A_fifo4_31' <Predicate = true> <Delay = 0.00> <CoreInst = "FIFO_SRL">   --->   Core 81 'FIFO_SRL' <Latency = 0> <II = 1> <Delay = 1.43> <Storage> <Opcode : 'read' 'write' 'nbread' 'nbwrite'> <Ports = 0> <Width = 32> <Depth = 9> <FIFO>
ST_1 : Operation 67 [1/1] (0.00ns)   --->   "%A_fifo4_32 = alloca i64 1" [/home/silvenchen/Desktop/DitBlock/WorkDCT/DitBlock/kernel.cpp:12241]   --->   Operation 67 'alloca' 'A_fifo4_32' <Predicate = true> <Delay = 0.00> <CoreInst = "FIFO_SRL">   --->   Core 81 'FIFO_SRL' <Latency = 0> <II = 1> <Delay = 1.43> <Storage> <Opcode : 'read' 'write' 'nbread' 'nbwrite'> <Ports = 0> <Width = 32> <Depth = 9> <FIFO>
ST_1 : Operation 68 [1/1] (0.00ns)   --->   "%A_fifo4_33 = alloca i64 1" [/home/silvenchen/Desktop/DitBlock/WorkDCT/DitBlock/kernel.cpp:12241]   --->   Operation 68 'alloca' 'A_fifo4_33' <Predicate = true> <Delay = 0.00> <CoreInst = "FIFO_SRL">   --->   Core 81 'FIFO_SRL' <Latency = 0> <II = 1> <Delay = 1.43> <Storage> <Opcode : 'read' 'write' 'nbread' 'nbwrite'> <Ports = 0> <Width = 32> <Depth = 9> <FIFO>
ST_1 : Operation 69 [1/1] (0.00ns)   --->   "%A_fifo4_34 = alloca i64 1" [/home/silvenchen/Desktop/DitBlock/WorkDCT/DitBlock/kernel.cpp:12241]   --->   Operation 69 'alloca' 'A_fifo4_34' <Predicate = true> <Delay = 0.00> <CoreInst = "FIFO_SRL">   --->   Core 81 'FIFO_SRL' <Latency = 0> <II = 1> <Delay = 1.43> <Storage> <Opcode : 'read' 'write' 'nbread' 'nbwrite'> <Ports = 0> <Width = 32> <Depth = 9> <FIFO>
ST_1 : Operation 70 [1/1] (0.00ns)   --->   "%A_fifo4_35 = alloca i64 1" [/home/silvenchen/Desktop/DitBlock/WorkDCT/DitBlock/kernel.cpp:12241]   --->   Operation 70 'alloca' 'A_fifo4_35' <Predicate = true> <Delay = 0.00> <CoreInst = "FIFO_SRL">   --->   Core 81 'FIFO_SRL' <Latency = 0> <II = 1> <Delay = 1.43> <Storage> <Opcode : 'read' 'write' 'nbread' 'nbwrite'> <Ports = 0> <Width = 32> <Depth = 9> <FIFO>
ST_1 : Operation 71 [1/1] (0.00ns)   --->   "%A_fifo4_36 = alloca i64 1" [/home/silvenchen/Desktop/DitBlock/WorkDCT/DitBlock/kernel.cpp:12241]   --->   Operation 71 'alloca' 'A_fifo4_36' <Predicate = true> <Delay = 0.00> <CoreInst = "FIFO_SRL">   --->   Core 81 'FIFO_SRL' <Latency = 0> <II = 1> <Delay = 1.43> <Storage> <Opcode : 'read' 'write' 'nbread' 'nbwrite'> <Ports = 0> <Width = 32> <Depth = 9> <FIFO>
ST_1 : Operation 72 [1/1] (0.00ns)   --->   "%A_fifo4_37 = alloca i64 1" [/home/silvenchen/Desktop/DitBlock/WorkDCT/DitBlock/kernel.cpp:12241]   --->   Operation 72 'alloca' 'A_fifo4_37' <Predicate = true> <Delay = 0.00> <CoreInst = "FIFO_SRL">   --->   Core 81 'FIFO_SRL' <Latency = 0> <II = 1> <Delay = 1.43> <Storage> <Opcode : 'read' 'write' 'nbread' 'nbwrite'> <Ports = 0> <Width = 32> <Depth = 9> <FIFO>
ST_1 : Operation 73 [1/1] (0.00ns)   --->   "%A_fifo4_38 = alloca i64 1" [/home/silvenchen/Desktop/DitBlock/WorkDCT/DitBlock/kernel.cpp:12241]   --->   Operation 73 'alloca' 'A_fifo4_38' <Predicate = true> <Delay = 0.00> <CoreInst = "FIFO_SRL">   --->   Core 81 'FIFO_SRL' <Latency = 0> <II = 1> <Delay = 1.43> <Storage> <Opcode : 'read' 'write' 'nbread' 'nbwrite'> <Ports = 0> <Width = 32> <Depth = 9> <FIFO>
ST_1 : Operation 74 [1/1] (0.00ns)   --->   "%A_fifo4_39 = alloca i64 1" [/home/silvenchen/Desktop/DitBlock/WorkDCT/DitBlock/kernel.cpp:12241]   --->   Operation 74 'alloca' 'A_fifo4_39' <Predicate = true> <Delay = 0.00> <CoreInst = "FIFO_SRL">   --->   Core 81 'FIFO_SRL' <Latency = 0> <II = 1> <Delay = 1.43> <Storage> <Opcode : 'read' 'write' 'nbread' 'nbwrite'> <Ports = 0> <Width = 32> <Depth = 9> <FIFO>
ST_1 : Operation 75 [1/1] (0.00ns)   --->   "%A_fifo4_40 = alloca i64 1" [/home/silvenchen/Desktop/DitBlock/WorkDCT/DitBlock/kernel.cpp:12241]   --->   Operation 75 'alloca' 'A_fifo4_40' <Predicate = true> <Delay = 0.00> <CoreInst = "FIFO_SRL">   --->   Core 81 'FIFO_SRL' <Latency = 0> <II = 1> <Delay = 1.43> <Storage> <Opcode : 'read' 'write' 'nbread' 'nbwrite'> <Ports = 0> <Width = 32> <Depth = 9> <FIFO>
ST_1 : Operation 76 [1/1] (0.00ns)   --->   "%A_fifo4_41 = alloca i64 1" [/home/silvenchen/Desktop/DitBlock/WorkDCT/DitBlock/kernel.cpp:12241]   --->   Operation 76 'alloca' 'A_fifo4_41' <Predicate = true> <Delay = 0.00> <CoreInst = "FIFO_SRL">   --->   Core 81 'FIFO_SRL' <Latency = 0> <II = 1> <Delay = 1.43> <Storage> <Opcode : 'read' 'write' 'nbread' 'nbwrite'> <Ports = 0> <Width = 32> <Depth = 9> <FIFO>
ST_1 : Operation 77 [1/1] (0.00ns)   --->   "%A_fifo4_42 = alloca i64 1" [/home/silvenchen/Desktop/DitBlock/WorkDCT/DitBlock/kernel.cpp:12241]   --->   Operation 77 'alloca' 'A_fifo4_42' <Predicate = true> <Delay = 0.00> <CoreInst = "FIFO_SRL">   --->   Core 81 'FIFO_SRL' <Latency = 0> <II = 1> <Delay = 1.43> <Storage> <Opcode : 'read' 'write' 'nbread' 'nbwrite'> <Ports = 0> <Width = 32> <Depth = 9> <FIFO>
ST_1 : Operation 78 [1/1] (0.00ns)   --->   "%A_fifo4_43 = alloca i64 1" [/home/silvenchen/Desktop/DitBlock/WorkDCT/DitBlock/kernel.cpp:12241]   --->   Operation 78 'alloca' 'A_fifo4_43' <Predicate = true> <Delay = 0.00> <CoreInst = "FIFO_SRL">   --->   Core 81 'FIFO_SRL' <Latency = 0> <II = 1> <Delay = 1.43> <Storage> <Opcode : 'read' 'write' 'nbread' 'nbwrite'> <Ports = 0> <Width = 32> <Depth = 9> <FIFO>
ST_1 : Operation 79 [1/1] (0.00ns)   --->   "%A_fifo4_44 = alloca i64 1" [/home/silvenchen/Desktop/DitBlock/WorkDCT/DitBlock/kernel.cpp:12241]   --->   Operation 79 'alloca' 'A_fifo4_44' <Predicate = true> <Delay = 0.00> <CoreInst = "FIFO_SRL">   --->   Core 81 'FIFO_SRL' <Latency = 0> <II = 1> <Delay = 1.43> <Storage> <Opcode : 'read' 'write' 'nbread' 'nbwrite'> <Ports = 0> <Width = 32> <Depth = 9> <FIFO>
ST_1 : Operation 80 [1/1] (0.00ns)   --->   "%A_fifo4_45 = alloca i64 1" [/home/silvenchen/Desktop/DitBlock/WorkDCT/DitBlock/kernel.cpp:12241]   --->   Operation 80 'alloca' 'A_fifo4_45' <Predicate = true> <Delay = 0.00> <CoreInst = "FIFO_SRL">   --->   Core 81 'FIFO_SRL' <Latency = 0> <II = 1> <Delay = 1.43> <Storage> <Opcode : 'read' 'write' 'nbread' 'nbwrite'> <Ports = 0> <Width = 32> <Depth = 9> <FIFO>
ST_1 : Operation 81 [1/1] (0.00ns)   --->   "%A_fifo4_46 = alloca i64 1" [/home/silvenchen/Desktop/DitBlock/WorkDCT/DitBlock/kernel.cpp:12241]   --->   Operation 81 'alloca' 'A_fifo4_46' <Predicate = true> <Delay = 0.00> <CoreInst = "FIFO_SRL">   --->   Core 81 'FIFO_SRL' <Latency = 0> <II = 1> <Delay = 1.43> <Storage> <Opcode : 'read' 'write' 'nbread' 'nbwrite'> <Ports = 0> <Width = 32> <Depth = 9> <FIFO>
ST_1 : Operation 82 [1/1] (0.00ns)   --->   "%A_fifo4_47 = alloca i64 1" [/home/silvenchen/Desktop/DitBlock/WorkDCT/DitBlock/kernel.cpp:12241]   --->   Operation 82 'alloca' 'A_fifo4_47' <Predicate = true> <Delay = 0.00> <CoreInst = "FIFO_SRL">   --->   Core 81 'FIFO_SRL' <Latency = 0> <II = 1> <Delay = 1.43> <Storage> <Opcode : 'read' 'write' 'nbread' 'nbwrite'> <Ports = 0> <Width = 32> <Depth = 9> <FIFO>
ST_1 : Operation 83 [1/1] (0.00ns)   --->   "%A_fifo4_48 = alloca i64 1" [/home/silvenchen/Desktop/DitBlock/WorkDCT/DitBlock/kernel.cpp:12241]   --->   Operation 83 'alloca' 'A_fifo4_48' <Predicate = true> <Delay = 0.00> <CoreInst = "FIFO_SRL">   --->   Core 81 'FIFO_SRL' <Latency = 0> <II = 1> <Delay = 1.43> <Storage> <Opcode : 'read' 'write' 'nbread' 'nbwrite'> <Ports = 0> <Width = 32> <Depth = 9> <FIFO>
ST_1 : Operation 84 [1/1] (0.00ns)   --->   "%A_fifo4_49 = alloca i64 1" [/home/silvenchen/Desktop/DitBlock/WorkDCT/DitBlock/kernel.cpp:12241]   --->   Operation 84 'alloca' 'A_fifo4_49' <Predicate = true> <Delay = 0.00> <CoreInst = "FIFO_SRL">   --->   Core 81 'FIFO_SRL' <Latency = 0> <II = 1> <Delay = 1.43> <Storage> <Opcode : 'read' 'write' 'nbread' 'nbwrite'> <Ports = 0> <Width = 32> <Depth = 9> <FIFO>
ST_1 : Operation 85 [1/1] (0.00ns)   --->   "%A_fifo4_50 = alloca i64 1" [/home/silvenchen/Desktop/DitBlock/WorkDCT/DitBlock/kernel.cpp:12241]   --->   Operation 85 'alloca' 'A_fifo4_50' <Predicate = true> <Delay = 0.00> <CoreInst = "FIFO_SRL">   --->   Core 81 'FIFO_SRL' <Latency = 0> <II = 1> <Delay = 1.43> <Storage> <Opcode : 'read' 'write' 'nbread' 'nbwrite'> <Ports = 0> <Width = 32> <Depth = 9> <FIFO>
ST_1 : Operation 86 [1/1] (0.00ns)   --->   "%A_fifo4_51 = alloca i64 1" [/home/silvenchen/Desktop/DitBlock/WorkDCT/DitBlock/kernel.cpp:12241]   --->   Operation 86 'alloca' 'A_fifo4_51' <Predicate = true> <Delay = 0.00> <CoreInst = "FIFO_SRL">   --->   Core 81 'FIFO_SRL' <Latency = 0> <II = 1> <Delay = 1.43> <Storage> <Opcode : 'read' 'write' 'nbread' 'nbwrite'> <Ports = 0> <Width = 32> <Depth = 9> <FIFO>
ST_1 : Operation 87 [1/1] (0.00ns)   --->   "%A_fifo4_52 = alloca i64 1" [/home/silvenchen/Desktop/DitBlock/WorkDCT/DitBlock/kernel.cpp:12241]   --->   Operation 87 'alloca' 'A_fifo4_52' <Predicate = true> <Delay = 0.00> <CoreInst = "FIFO_SRL">   --->   Core 81 'FIFO_SRL' <Latency = 0> <II = 1> <Delay = 1.43> <Storage> <Opcode : 'read' 'write' 'nbread' 'nbwrite'> <Ports = 0> <Width = 32> <Depth = 9> <FIFO>
ST_1 : Operation 88 [1/1] (0.00ns)   --->   "%A_fifo4_53 = alloca i64 1" [/home/silvenchen/Desktop/DitBlock/WorkDCT/DitBlock/kernel.cpp:12241]   --->   Operation 88 'alloca' 'A_fifo4_53' <Predicate = true> <Delay = 0.00> <CoreInst = "FIFO_SRL">   --->   Core 81 'FIFO_SRL' <Latency = 0> <II = 1> <Delay = 1.43> <Storage> <Opcode : 'read' 'write' 'nbread' 'nbwrite'> <Ports = 0> <Width = 32> <Depth = 9> <FIFO>
ST_1 : Operation 89 [1/1] (0.00ns)   --->   "%A_fifo4_54 = alloca i64 1" [/home/silvenchen/Desktop/DitBlock/WorkDCT/DitBlock/kernel.cpp:12241]   --->   Operation 89 'alloca' 'A_fifo4_54' <Predicate = true> <Delay = 0.00> <CoreInst = "FIFO_SRL">   --->   Core 81 'FIFO_SRL' <Latency = 0> <II = 1> <Delay = 1.43> <Storage> <Opcode : 'read' 'write' 'nbread' 'nbwrite'> <Ports = 0> <Width = 32> <Depth = 9> <FIFO>
ST_1 : Operation 90 [1/1] (0.00ns)   --->   "%A_fifo4_55 = alloca i64 1" [/home/silvenchen/Desktop/DitBlock/WorkDCT/DitBlock/kernel.cpp:12241]   --->   Operation 90 'alloca' 'A_fifo4_55' <Predicate = true> <Delay = 0.00> <CoreInst = "FIFO_SRL">   --->   Core 81 'FIFO_SRL' <Latency = 0> <II = 1> <Delay = 1.43> <Storage> <Opcode : 'read' 'write' 'nbread' 'nbwrite'> <Ports = 0> <Width = 32> <Depth = 9> <FIFO>
ST_1 : Operation 91 [1/1] (0.00ns)   --->   "%A_fifo4_56 = alloca i64 1" [/home/silvenchen/Desktop/DitBlock/WorkDCT/DitBlock/kernel.cpp:12241]   --->   Operation 91 'alloca' 'A_fifo4_56' <Predicate = true> <Delay = 0.00> <CoreInst = "FIFO_SRL">   --->   Core 81 'FIFO_SRL' <Latency = 0> <II = 1> <Delay = 1.43> <Storage> <Opcode : 'read' 'write' 'nbread' 'nbwrite'> <Ports = 0> <Width = 32> <Depth = 9> <FIFO>
ST_1 : Operation 92 [1/1] (0.00ns)   --->   "%A_fifo4_57 = alloca i64 1" [/home/silvenchen/Desktop/DitBlock/WorkDCT/DitBlock/kernel.cpp:12241]   --->   Operation 92 'alloca' 'A_fifo4_57' <Predicate = true> <Delay = 0.00> <CoreInst = "FIFO_SRL">   --->   Core 81 'FIFO_SRL' <Latency = 0> <II = 1> <Delay = 1.43> <Storage> <Opcode : 'read' 'write' 'nbread' 'nbwrite'> <Ports = 0> <Width = 32> <Depth = 9> <FIFO>
ST_1 : Operation 93 [1/1] (0.00ns)   --->   "%A_fifo4_58 = alloca i64 1" [/home/silvenchen/Desktop/DitBlock/WorkDCT/DitBlock/kernel.cpp:12241]   --->   Operation 93 'alloca' 'A_fifo4_58' <Predicate = true> <Delay = 0.00> <CoreInst = "FIFO_SRL">   --->   Core 81 'FIFO_SRL' <Latency = 0> <II = 1> <Delay = 1.43> <Storage> <Opcode : 'read' 'write' 'nbread' 'nbwrite'> <Ports = 0> <Width = 32> <Depth = 9> <FIFO>
ST_1 : Operation 94 [1/1] (0.00ns)   --->   "%A_fifo4_59 = alloca i64 1" [/home/silvenchen/Desktop/DitBlock/WorkDCT/DitBlock/kernel.cpp:12241]   --->   Operation 94 'alloca' 'A_fifo4_59' <Predicate = true> <Delay = 0.00> <CoreInst = "FIFO_SRL">   --->   Core 81 'FIFO_SRL' <Latency = 0> <II = 1> <Delay = 1.43> <Storage> <Opcode : 'read' 'write' 'nbread' 'nbwrite'> <Ports = 0> <Width = 32> <Depth = 9> <FIFO>
ST_1 : Operation 95 [1/1] (0.00ns)   --->   "%A_fifo4_60 = alloca i64 1" [/home/silvenchen/Desktop/DitBlock/WorkDCT/DitBlock/kernel.cpp:12241]   --->   Operation 95 'alloca' 'A_fifo4_60' <Predicate = true> <Delay = 0.00> <CoreInst = "FIFO_SRL">   --->   Core 81 'FIFO_SRL' <Latency = 0> <II = 1> <Delay = 1.43> <Storage> <Opcode : 'read' 'write' 'nbread' 'nbwrite'> <Ports = 0> <Width = 32> <Depth = 9> <FIFO>
ST_1 : Operation 96 [1/1] (0.00ns)   --->   "%A_fifo4_61 = alloca i64 1" [/home/silvenchen/Desktop/DitBlock/WorkDCT/DitBlock/kernel.cpp:12241]   --->   Operation 96 'alloca' 'A_fifo4_61' <Predicate = true> <Delay = 0.00> <CoreInst = "FIFO_SRL">   --->   Core 81 'FIFO_SRL' <Latency = 0> <II = 1> <Delay = 1.43> <Storage> <Opcode : 'read' 'write' 'nbread' 'nbwrite'> <Ports = 0> <Width = 32> <Depth = 9> <FIFO>
ST_1 : Operation 97 [1/1] (0.00ns)   --->   "%A_fifo4_62 = alloca i64 1" [/home/silvenchen/Desktop/DitBlock/WorkDCT/DitBlock/kernel.cpp:12241]   --->   Operation 97 'alloca' 'A_fifo4_62' <Predicate = true> <Delay = 0.00> <CoreInst = "FIFO_SRL">   --->   Core 81 'FIFO_SRL' <Latency = 0> <II = 1> <Delay = 1.43> <Storage> <Opcode : 'read' 'write' 'nbread' 'nbwrite'> <Ports = 0> <Width = 32> <Depth = 9> <FIFO>
ST_1 : Operation 98 [1/1] (0.00ns)   --->   "%A_fifo4_63 = alloca i64 1" [/home/silvenchen/Desktop/DitBlock/WorkDCT/DitBlock/kernel.cpp:12241]   --->   Operation 98 'alloca' 'A_fifo4_63' <Predicate = true> <Delay = 0.00> <CoreInst = "FIFO_SRL">   --->   Core 81 'FIFO_SRL' <Latency = 0> <II = 1> <Delay = 1.43> <Storage> <Opcode : 'read' 'write' 'nbread' 'nbwrite'> <Ports = 0> <Width = 32> <Depth = 9> <FIFO>
ST_1 : Operation 99 [1/1] (0.00ns)   --->   "%A_fifo4_64 = alloca i64 1" [/home/silvenchen/Desktop/DitBlock/WorkDCT/DitBlock/kernel.cpp:12241]   --->   Operation 99 'alloca' 'A_fifo4_64' <Predicate = true> <Delay = 0.00> <CoreInst = "FIFO_SRL">   --->   Core 81 'FIFO_SRL' <Latency = 0> <II = 1> <Delay = 1.43> <Storage> <Opcode : 'read' 'write' 'nbread' 'nbwrite'> <Ports = 0> <Width = 32> <Depth = 9> <FIFO>
ST_1 : Operation 100 [1/1] (0.00ns)   --->   "%A_fifo4_65 = alloca i64 1" [/home/silvenchen/Desktop/DitBlock/WorkDCT/DitBlock/kernel.cpp:12241]   --->   Operation 100 'alloca' 'A_fifo4_65' <Predicate = true> <Delay = 0.00> <CoreInst = "FIFO_SRL">   --->   Core 81 'FIFO_SRL' <Latency = 0> <II = 1> <Delay = 1.43> <Storage> <Opcode : 'read' 'write' 'nbread' 'nbwrite'> <Ports = 0> <Width = 32> <Depth = 9> <FIFO>
ST_1 : Operation 101 [1/1] (0.00ns)   --->   "%A_fifo4_66 = alloca i64 1" [/home/silvenchen/Desktop/DitBlock/WorkDCT/DitBlock/kernel.cpp:12241]   --->   Operation 101 'alloca' 'A_fifo4_66' <Predicate = true> <Delay = 0.00> <CoreInst = "FIFO_SRL">   --->   Core 81 'FIFO_SRL' <Latency = 0> <II = 1> <Delay = 1.43> <Storage> <Opcode : 'read' 'write' 'nbread' 'nbwrite'> <Ports = 0> <Width = 32> <Depth = 9> <FIFO>
ST_1 : Operation 102 [1/1] (0.00ns)   --->   "%A_fifo4_67 = alloca i64 1" [/home/silvenchen/Desktop/DitBlock/WorkDCT/DitBlock/kernel.cpp:12241]   --->   Operation 102 'alloca' 'A_fifo4_67' <Predicate = true> <Delay = 0.00> <CoreInst = "FIFO_SRL">   --->   Core 81 'FIFO_SRL' <Latency = 0> <II = 1> <Delay = 1.43> <Storage> <Opcode : 'read' 'write' 'nbread' 'nbwrite'> <Ports = 0> <Width = 32> <Depth = 9> <FIFO>
ST_1 : Operation 103 [1/1] (0.00ns)   --->   "%A_fifo4_68 = alloca i64 1" [/home/silvenchen/Desktop/DitBlock/WorkDCT/DitBlock/kernel.cpp:12241]   --->   Operation 103 'alloca' 'A_fifo4_68' <Predicate = true> <Delay = 0.00> <CoreInst = "FIFO_SRL">   --->   Core 81 'FIFO_SRL' <Latency = 0> <II = 1> <Delay = 1.43> <Storage> <Opcode : 'read' 'write' 'nbread' 'nbwrite'> <Ports = 0> <Width = 32> <Depth = 9> <FIFO>
ST_1 : Operation 104 [1/1] (0.00ns)   --->   "%A_fifo4_69 = alloca i64 1" [/home/silvenchen/Desktop/DitBlock/WorkDCT/DitBlock/kernel.cpp:12241]   --->   Operation 104 'alloca' 'A_fifo4_69' <Predicate = true> <Delay = 0.00> <CoreInst = "FIFO_SRL">   --->   Core 81 'FIFO_SRL' <Latency = 0> <II = 1> <Delay = 1.43> <Storage> <Opcode : 'read' 'write' 'nbread' 'nbwrite'> <Ports = 0> <Width = 32> <Depth = 9> <FIFO>
ST_1 : Operation 105 [1/1] (0.00ns)   --->   "%A_fifo4_70 = alloca i64 1" [/home/silvenchen/Desktop/DitBlock/WorkDCT/DitBlock/kernel.cpp:12241]   --->   Operation 105 'alloca' 'A_fifo4_70' <Predicate = true> <Delay = 0.00> <CoreInst = "FIFO_SRL">   --->   Core 81 'FIFO_SRL' <Latency = 0> <II = 1> <Delay = 1.43> <Storage> <Opcode : 'read' 'write' 'nbread' 'nbwrite'> <Ports = 0> <Width = 32> <Depth = 9> <FIFO>
ST_1 : Operation 106 [1/1] (0.00ns)   --->   "%A_fifo4_71 = alloca i64 1" [/home/silvenchen/Desktop/DitBlock/WorkDCT/DitBlock/kernel.cpp:12241]   --->   Operation 106 'alloca' 'A_fifo4_71' <Predicate = true> <Delay = 0.00> <CoreInst = "FIFO_SRL">   --->   Core 81 'FIFO_SRL' <Latency = 0> <II = 1> <Delay = 1.43> <Storage> <Opcode : 'read' 'write' 'nbread' 'nbwrite'> <Ports = 0> <Width = 32> <Depth = 9> <FIFO>
ST_1 : Operation 107 [1/1] (0.00ns)   --->   "%B_fifo4 = alloca i64 1" [/home/silvenchen/Desktop/DitBlock/WorkDCT/DitBlock/kernel.cpp:12243]   --->   Operation 107 'alloca' 'B_fifo4' <Predicate = true> <Delay = 0.00> <CoreInst = "FIFO_SRL">   --->   Core 81 'FIFO_SRL' <Latency = 0> <II = 1> <Delay = 1.43> <Storage> <Opcode : 'read' 'write' 'nbread' 'nbwrite'> <Ports = 0> <Width = 32> <Depth = 9> <FIFO>
ST_1 : Operation 108 [1/1] (0.00ns)   --->   "%B_fifo4_1 = alloca i64 1" [/home/silvenchen/Desktop/DitBlock/WorkDCT/DitBlock/kernel.cpp:12243]   --->   Operation 108 'alloca' 'B_fifo4_1' <Predicate = true> <Delay = 0.00> <CoreInst = "FIFO_SRL">   --->   Core 81 'FIFO_SRL' <Latency = 0> <II = 1> <Delay = 1.43> <Storage> <Opcode : 'read' 'write' 'nbread' 'nbwrite'> <Ports = 0> <Width = 32> <Depth = 9> <FIFO>
ST_1 : Operation 109 [1/1] (0.00ns)   --->   "%B_fifo4_2 = alloca i64 1" [/home/silvenchen/Desktop/DitBlock/WorkDCT/DitBlock/kernel.cpp:12243]   --->   Operation 109 'alloca' 'B_fifo4_2' <Predicate = true> <Delay = 0.00> <CoreInst = "FIFO_SRL">   --->   Core 81 'FIFO_SRL' <Latency = 0> <II = 1> <Delay = 1.43> <Storage> <Opcode : 'read' 'write' 'nbread' 'nbwrite'> <Ports = 0> <Width = 32> <Depth = 9> <FIFO>
ST_1 : Operation 110 [1/1] (0.00ns)   --->   "%B_fifo4_3 = alloca i64 1" [/home/silvenchen/Desktop/DitBlock/WorkDCT/DitBlock/kernel.cpp:12243]   --->   Operation 110 'alloca' 'B_fifo4_3' <Predicate = true> <Delay = 0.00> <CoreInst = "FIFO_SRL">   --->   Core 81 'FIFO_SRL' <Latency = 0> <II = 1> <Delay = 1.43> <Storage> <Opcode : 'read' 'write' 'nbread' 'nbwrite'> <Ports = 0> <Width = 32> <Depth = 9> <FIFO>
ST_1 : Operation 111 [1/1] (0.00ns)   --->   "%B_fifo4_4 = alloca i64 1" [/home/silvenchen/Desktop/DitBlock/WorkDCT/DitBlock/kernel.cpp:12243]   --->   Operation 111 'alloca' 'B_fifo4_4' <Predicate = true> <Delay = 0.00> <CoreInst = "FIFO_SRL">   --->   Core 81 'FIFO_SRL' <Latency = 0> <II = 1> <Delay = 1.43> <Storage> <Opcode : 'read' 'write' 'nbread' 'nbwrite'> <Ports = 0> <Width = 32> <Depth = 9> <FIFO>
ST_1 : Operation 112 [1/1] (0.00ns)   --->   "%B_fifo4_5 = alloca i64 1" [/home/silvenchen/Desktop/DitBlock/WorkDCT/DitBlock/kernel.cpp:12243]   --->   Operation 112 'alloca' 'B_fifo4_5' <Predicate = true> <Delay = 0.00> <CoreInst = "FIFO_SRL">   --->   Core 81 'FIFO_SRL' <Latency = 0> <II = 1> <Delay = 1.43> <Storage> <Opcode : 'read' 'write' 'nbread' 'nbwrite'> <Ports = 0> <Width = 32> <Depth = 9> <FIFO>
ST_1 : Operation 113 [1/1] (0.00ns)   --->   "%B_fifo4_6 = alloca i64 1" [/home/silvenchen/Desktop/DitBlock/WorkDCT/DitBlock/kernel.cpp:12243]   --->   Operation 113 'alloca' 'B_fifo4_6' <Predicate = true> <Delay = 0.00> <CoreInst = "FIFO_SRL">   --->   Core 81 'FIFO_SRL' <Latency = 0> <II = 1> <Delay = 1.43> <Storage> <Opcode : 'read' 'write' 'nbread' 'nbwrite'> <Ports = 0> <Width = 32> <Depth = 9> <FIFO>
ST_1 : Operation 114 [1/1] (0.00ns)   --->   "%B_fifo4_7 = alloca i64 1" [/home/silvenchen/Desktop/DitBlock/WorkDCT/DitBlock/kernel.cpp:12243]   --->   Operation 114 'alloca' 'B_fifo4_7' <Predicate = true> <Delay = 0.00> <CoreInst = "FIFO_SRL">   --->   Core 81 'FIFO_SRL' <Latency = 0> <II = 1> <Delay = 1.43> <Storage> <Opcode : 'read' 'write' 'nbread' 'nbwrite'> <Ports = 0> <Width = 32> <Depth = 9> <FIFO>
ST_1 : Operation 115 [1/1] (0.00ns)   --->   "%B_fifo4_8 = alloca i64 1" [/home/silvenchen/Desktop/DitBlock/WorkDCT/DitBlock/kernel.cpp:12243]   --->   Operation 115 'alloca' 'B_fifo4_8' <Predicate = true> <Delay = 0.00> <CoreInst = "FIFO_SRL">   --->   Core 81 'FIFO_SRL' <Latency = 0> <II = 1> <Delay = 1.43> <Storage> <Opcode : 'read' 'write' 'nbread' 'nbwrite'> <Ports = 0> <Width = 32> <Depth = 9> <FIFO>
ST_1 : Operation 116 [1/1] (0.00ns)   --->   "%B_fifo4_9 = alloca i64 1" [/home/silvenchen/Desktop/DitBlock/WorkDCT/DitBlock/kernel.cpp:12243]   --->   Operation 116 'alloca' 'B_fifo4_9' <Predicate = true> <Delay = 0.00> <CoreInst = "FIFO_SRL">   --->   Core 81 'FIFO_SRL' <Latency = 0> <II = 1> <Delay = 1.43> <Storage> <Opcode : 'read' 'write' 'nbread' 'nbwrite'> <Ports = 0> <Width = 32> <Depth = 9> <FIFO>
ST_1 : Operation 117 [1/1] (0.00ns)   --->   "%B_fifo4_10 = alloca i64 1" [/home/silvenchen/Desktop/DitBlock/WorkDCT/DitBlock/kernel.cpp:12243]   --->   Operation 117 'alloca' 'B_fifo4_10' <Predicate = true> <Delay = 0.00> <CoreInst = "FIFO_SRL">   --->   Core 81 'FIFO_SRL' <Latency = 0> <II = 1> <Delay = 1.43> <Storage> <Opcode : 'read' 'write' 'nbread' 'nbwrite'> <Ports = 0> <Width = 32> <Depth = 9> <FIFO>
ST_1 : Operation 118 [1/1] (0.00ns)   --->   "%B_fifo4_11 = alloca i64 1" [/home/silvenchen/Desktop/DitBlock/WorkDCT/DitBlock/kernel.cpp:12243]   --->   Operation 118 'alloca' 'B_fifo4_11' <Predicate = true> <Delay = 0.00> <CoreInst = "FIFO_SRL">   --->   Core 81 'FIFO_SRL' <Latency = 0> <II = 1> <Delay = 1.43> <Storage> <Opcode : 'read' 'write' 'nbread' 'nbwrite'> <Ports = 0> <Width = 32> <Depth = 9> <FIFO>
ST_1 : Operation 119 [1/1] (0.00ns)   --->   "%B_fifo4_12 = alloca i64 1" [/home/silvenchen/Desktop/DitBlock/WorkDCT/DitBlock/kernel.cpp:12243]   --->   Operation 119 'alloca' 'B_fifo4_12' <Predicate = true> <Delay = 0.00> <CoreInst = "FIFO_SRL">   --->   Core 81 'FIFO_SRL' <Latency = 0> <II = 1> <Delay = 1.43> <Storage> <Opcode : 'read' 'write' 'nbread' 'nbwrite'> <Ports = 0> <Width = 32> <Depth = 9> <FIFO>
ST_1 : Operation 120 [1/1] (0.00ns)   --->   "%B_fifo4_13 = alloca i64 1" [/home/silvenchen/Desktop/DitBlock/WorkDCT/DitBlock/kernel.cpp:12243]   --->   Operation 120 'alloca' 'B_fifo4_13' <Predicate = true> <Delay = 0.00> <CoreInst = "FIFO_SRL">   --->   Core 81 'FIFO_SRL' <Latency = 0> <II = 1> <Delay = 1.43> <Storage> <Opcode : 'read' 'write' 'nbread' 'nbwrite'> <Ports = 0> <Width = 32> <Depth = 9> <FIFO>
ST_1 : Operation 121 [1/1] (0.00ns)   --->   "%B_fifo4_14 = alloca i64 1" [/home/silvenchen/Desktop/DitBlock/WorkDCT/DitBlock/kernel.cpp:12243]   --->   Operation 121 'alloca' 'B_fifo4_14' <Predicate = true> <Delay = 0.00> <CoreInst = "FIFO_SRL">   --->   Core 81 'FIFO_SRL' <Latency = 0> <II = 1> <Delay = 1.43> <Storage> <Opcode : 'read' 'write' 'nbread' 'nbwrite'> <Ports = 0> <Width = 32> <Depth = 9> <FIFO>
ST_1 : Operation 122 [1/1] (0.00ns)   --->   "%B_fifo4_15 = alloca i64 1" [/home/silvenchen/Desktop/DitBlock/WorkDCT/DitBlock/kernel.cpp:12243]   --->   Operation 122 'alloca' 'B_fifo4_15' <Predicate = true> <Delay = 0.00> <CoreInst = "FIFO_SRL">   --->   Core 81 'FIFO_SRL' <Latency = 0> <II = 1> <Delay = 1.43> <Storage> <Opcode : 'read' 'write' 'nbread' 'nbwrite'> <Ports = 0> <Width = 32> <Depth = 9> <FIFO>
ST_1 : Operation 123 [1/1] (0.00ns)   --->   "%B_fifo4_16 = alloca i64 1" [/home/silvenchen/Desktop/DitBlock/WorkDCT/DitBlock/kernel.cpp:12243]   --->   Operation 123 'alloca' 'B_fifo4_16' <Predicate = true> <Delay = 0.00> <CoreInst = "FIFO_SRL">   --->   Core 81 'FIFO_SRL' <Latency = 0> <II = 1> <Delay = 1.43> <Storage> <Opcode : 'read' 'write' 'nbread' 'nbwrite'> <Ports = 0> <Width = 32> <Depth = 9> <FIFO>
ST_1 : Operation 124 [1/1] (0.00ns)   --->   "%B_fifo4_17 = alloca i64 1" [/home/silvenchen/Desktop/DitBlock/WorkDCT/DitBlock/kernel.cpp:12243]   --->   Operation 124 'alloca' 'B_fifo4_17' <Predicate = true> <Delay = 0.00> <CoreInst = "FIFO_SRL">   --->   Core 81 'FIFO_SRL' <Latency = 0> <II = 1> <Delay = 1.43> <Storage> <Opcode : 'read' 'write' 'nbread' 'nbwrite'> <Ports = 0> <Width = 32> <Depth = 9> <FIFO>
ST_1 : Operation 125 [1/1] (0.00ns)   --->   "%B_fifo4_18 = alloca i64 1" [/home/silvenchen/Desktop/DitBlock/WorkDCT/DitBlock/kernel.cpp:12243]   --->   Operation 125 'alloca' 'B_fifo4_18' <Predicate = true> <Delay = 0.00> <CoreInst = "FIFO_SRL">   --->   Core 81 'FIFO_SRL' <Latency = 0> <II = 1> <Delay = 1.43> <Storage> <Opcode : 'read' 'write' 'nbread' 'nbwrite'> <Ports = 0> <Width = 32> <Depth = 9> <FIFO>
ST_1 : Operation 126 [1/1] (0.00ns)   --->   "%B_fifo4_19 = alloca i64 1" [/home/silvenchen/Desktop/DitBlock/WorkDCT/DitBlock/kernel.cpp:12243]   --->   Operation 126 'alloca' 'B_fifo4_19' <Predicate = true> <Delay = 0.00> <CoreInst = "FIFO_SRL">   --->   Core 81 'FIFO_SRL' <Latency = 0> <II = 1> <Delay = 1.43> <Storage> <Opcode : 'read' 'write' 'nbread' 'nbwrite'> <Ports = 0> <Width = 32> <Depth = 9> <FIFO>
ST_1 : Operation 127 [1/1] (0.00ns)   --->   "%B_fifo4_20 = alloca i64 1" [/home/silvenchen/Desktop/DitBlock/WorkDCT/DitBlock/kernel.cpp:12243]   --->   Operation 127 'alloca' 'B_fifo4_20' <Predicate = true> <Delay = 0.00> <CoreInst = "FIFO_SRL">   --->   Core 81 'FIFO_SRL' <Latency = 0> <II = 1> <Delay = 1.43> <Storage> <Opcode : 'read' 'write' 'nbread' 'nbwrite'> <Ports = 0> <Width = 32> <Depth = 9> <FIFO>
ST_1 : Operation 128 [1/1] (0.00ns)   --->   "%B_fifo4_21 = alloca i64 1" [/home/silvenchen/Desktop/DitBlock/WorkDCT/DitBlock/kernel.cpp:12243]   --->   Operation 128 'alloca' 'B_fifo4_21' <Predicate = true> <Delay = 0.00> <CoreInst = "FIFO_SRL">   --->   Core 81 'FIFO_SRL' <Latency = 0> <II = 1> <Delay = 1.43> <Storage> <Opcode : 'read' 'write' 'nbread' 'nbwrite'> <Ports = 0> <Width = 32> <Depth = 9> <FIFO>
ST_1 : Operation 129 [1/1] (0.00ns)   --->   "%B_fifo4_22 = alloca i64 1" [/home/silvenchen/Desktop/DitBlock/WorkDCT/DitBlock/kernel.cpp:12243]   --->   Operation 129 'alloca' 'B_fifo4_22' <Predicate = true> <Delay = 0.00> <CoreInst = "FIFO_SRL">   --->   Core 81 'FIFO_SRL' <Latency = 0> <II = 1> <Delay = 1.43> <Storage> <Opcode : 'read' 'write' 'nbread' 'nbwrite'> <Ports = 0> <Width = 32> <Depth = 9> <FIFO>
ST_1 : Operation 130 [1/1] (0.00ns)   --->   "%B_fifo4_23 = alloca i64 1" [/home/silvenchen/Desktop/DitBlock/WorkDCT/DitBlock/kernel.cpp:12243]   --->   Operation 130 'alloca' 'B_fifo4_23' <Predicate = true> <Delay = 0.00> <CoreInst = "FIFO_SRL">   --->   Core 81 'FIFO_SRL' <Latency = 0> <II = 1> <Delay = 1.43> <Storage> <Opcode : 'read' 'write' 'nbread' 'nbwrite'> <Ports = 0> <Width = 32> <Depth = 9> <FIFO>
ST_1 : Operation 131 [1/1] (0.00ns)   --->   "%B_fifo4_24 = alloca i64 1" [/home/silvenchen/Desktop/DitBlock/WorkDCT/DitBlock/kernel.cpp:12243]   --->   Operation 131 'alloca' 'B_fifo4_24' <Predicate = true> <Delay = 0.00> <CoreInst = "FIFO_SRL">   --->   Core 81 'FIFO_SRL' <Latency = 0> <II = 1> <Delay = 1.43> <Storage> <Opcode : 'read' 'write' 'nbread' 'nbwrite'> <Ports = 0> <Width = 32> <Depth = 9> <FIFO>
ST_1 : Operation 132 [1/1] (0.00ns)   --->   "%B_fifo4_25 = alloca i64 1" [/home/silvenchen/Desktop/DitBlock/WorkDCT/DitBlock/kernel.cpp:12243]   --->   Operation 132 'alloca' 'B_fifo4_25' <Predicate = true> <Delay = 0.00> <CoreInst = "FIFO_SRL">   --->   Core 81 'FIFO_SRL' <Latency = 0> <II = 1> <Delay = 1.43> <Storage> <Opcode : 'read' 'write' 'nbread' 'nbwrite'> <Ports = 0> <Width = 32> <Depth = 9> <FIFO>
ST_1 : Operation 133 [1/1] (0.00ns)   --->   "%B_fifo4_26 = alloca i64 1" [/home/silvenchen/Desktop/DitBlock/WorkDCT/DitBlock/kernel.cpp:12243]   --->   Operation 133 'alloca' 'B_fifo4_26' <Predicate = true> <Delay = 0.00> <CoreInst = "FIFO_SRL">   --->   Core 81 'FIFO_SRL' <Latency = 0> <II = 1> <Delay = 1.43> <Storage> <Opcode : 'read' 'write' 'nbread' 'nbwrite'> <Ports = 0> <Width = 32> <Depth = 9> <FIFO>
ST_1 : Operation 134 [1/1] (0.00ns)   --->   "%B_fifo4_27 = alloca i64 1" [/home/silvenchen/Desktop/DitBlock/WorkDCT/DitBlock/kernel.cpp:12243]   --->   Operation 134 'alloca' 'B_fifo4_27' <Predicate = true> <Delay = 0.00> <CoreInst = "FIFO_SRL">   --->   Core 81 'FIFO_SRL' <Latency = 0> <II = 1> <Delay = 1.43> <Storage> <Opcode : 'read' 'write' 'nbread' 'nbwrite'> <Ports = 0> <Width = 32> <Depth = 9> <FIFO>
ST_1 : Operation 135 [1/1] (0.00ns)   --->   "%B_fifo4_28 = alloca i64 1" [/home/silvenchen/Desktop/DitBlock/WorkDCT/DitBlock/kernel.cpp:12243]   --->   Operation 135 'alloca' 'B_fifo4_28' <Predicate = true> <Delay = 0.00> <CoreInst = "FIFO_SRL">   --->   Core 81 'FIFO_SRL' <Latency = 0> <II = 1> <Delay = 1.43> <Storage> <Opcode : 'read' 'write' 'nbread' 'nbwrite'> <Ports = 0> <Width = 32> <Depth = 9> <FIFO>
ST_1 : Operation 136 [1/1] (0.00ns)   --->   "%B_fifo4_29 = alloca i64 1" [/home/silvenchen/Desktop/DitBlock/WorkDCT/DitBlock/kernel.cpp:12243]   --->   Operation 136 'alloca' 'B_fifo4_29' <Predicate = true> <Delay = 0.00> <CoreInst = "FIFO_SRL">   --->   Core 81 'FIFO_SRL' <Latency = 0> <II = 1> <Delay = 1.43> <Storage> <Opcode : 'read' 'write' 'nbread' 'nbwrite'> <Ports = 0> <Width = 32> <Depth = 9> <FIFO>
ST_1 : Operation 137 [1/1] (0.00ns)   --->   "%B_fifo4_30 = alloca i64 1" [/home/silvenchen/Desktop/DitBlock/WorkDCT/DitBlock/kernel.cpp:12243]   --->   Operation 137 'alloca' 'B_fifo4_30' <Predicate = true> <Delay = 0.00> <CoreInst = "FIFO_SRL">   --->   Core 81 'FIFO_SRL' <Latency = 0> <II = 1> <Delay = 1.43> <Storage> <Opcode : 'read' 'write' 'nbread' 'nbwrite'> <Ports = 0> <Width = 32> <Depth = 9> <FIFO>
ST_1 : Operation 138 [1/1] (0.00ns)   --->   "%B_fifo4_31 = alloca i64 1" [/home/silvenchen/Desktop/DitBlock/WorkDCT/DitBlock/kernel.cpp:12243]   --->   Operation 138 'alloca' 'B_fifo4_31' <Predicate = true> <Delay = 0.00> <CoreInst = "FIFO_SRL">   --->   Core 81 'FIFO_SRL' <Latency = 0> <II = 1> <Delay = 1.43> <Storage> <Opcode : 'read' 'write' 'nbread' 'nbwrite'> <Ports = 0> <Width = 32> <Depth = 9> <FIFO>
ST_1 : Operation 139 [1/1] (0.00ns)   --->   "%B_fifo4_32 = alloca i64 1" [/home/silvenchen/Desktop/DitBlock/WorkDCT/DitBlock/kernel.cpp:12243]   --->   Operation 139 'alloca' 'B_fifo4_32' <Predicate = true> <Delay = 0.00> <CoreInst = "FIFO_SRL">   --->   Core 81 'FIFO_SRL' <Latency = 0> <II = 1> <Delay = 1.43> <Storage> <Opcode : 'read' 'write' 'nbread' 'nbwrite'> <Ports = 0> <Width = 32> <Depth = 9> <FIFO>
ST_1 : Operation 140 [1/1] (0.00ns)   --->   "%B_fifo4_33 = alloca i64 1" [/home/silvenchen/Desktop/DitBlock/WorkDCT/DitBlock/kernel.cpp:12243]   --->   Operation 140 'alloca' 'B_fifo4_33' <Predicate = true> <Delay = 0.00> <CoreInst = "FIFO_SRL">   --->   Core 81 'FIFO_SRL' <Latency = 0> <II = 1> <Delay = 1.43> <Storage> <Opcode : 'read' 'write' 'nbread' 'nbwrite'> <Ports = 0> <Width = 32> <Depth = 9> <FIFO>
ST_1 : Operation 141 [1/1] (0.00ns)   --->   "%B_fifo4_34 = alloca i64 1" [/home/silvenchen/Desktop/DitBlock/WorkDCT/DitBlock/kernel.cpp:12243]   --->   Operation 141 'alloca' 'B_fifo4_34' <Predicate = true> <Delay = 0.00> <CoreInst = "FIFO_SRL">   --->   Core 81 'FIFO_SRL' <Latency = 0> <II = 1> <Delay = 1.43> <Storage> <Opcode : 'read' 'write' 'nbread' 'nbwrite'> <Ports = 0> <Width = 32> <Depth = 9> <FIFO>
ST_1 : Operation 142 [1/1] (0.00ns)   --->   "%B_fifo4_35 = alloca i64 1" [/home/silvenchen/Desktop/DitBlock/WorkDCT/DitBlock/kernel.cpp:12243]   --->   Operation 142 'alloca' 'B_fifo4_35' <Predicate = true> <Delay = 0.00> <CoreInst = "FIFO_SRL">   --->   Core 81 'FIFO_SRL' <Latency = 0> <II = 1> <Delay = 1.43> <Storage> <Opcode : 'read' 'write' 'nbread' 'nbwrite'> <Ports = 0> <Width = 32> <Depth = 9> <FIFO>
ST_1 : Operation 143 [1/1] (0.00ns)   --->   "%B_fifo4_36 = alloca i64 1" [/home/silvenchen/Desktop/DitBlock/WorkDCT/DitBlock/kernel.cpp:12243]   --->   Operation 143 'alloca' 'B_fifo4_36' <Predicate = true> <Delay = 0.00> <CoreInst = "FIFO_SRL">   --->   Core 81 'FIFO_SRL' <Latency = 0> <II = 1> <Delay = 1.43> <Storage> <Opcode : 'read' 'write' 'nbread' 'nbwrite'> <Ports = 0> <Width = 32> <Depth = 9> <FIFO>
ST_1 : Operation 144 [1/1] (0.00ns)   --->   "%B_fifo4_37 = alloca i64 1" [/home/silvenchen/Desktop/DitBlock/WorkDCT/DitBlock/kernel.cpp:12243]   --->   Operation 144 'alloca' 'B_fifo4_37' <Predicate = true> <Delay = 0.00> <CoreInst = "FIFO_SRL">   --->   Core 81 'FIFO_SRL' <Latency = 0> <II = 1> <Delay = 1.43> <Storage> <Opcode : 'read' 'write' 'nbread' 'nbwrite'> <Ports = 0> <Width = 32> <Depth = 9> <FIFO>
ST_1 : Operation 145 [1/1] (0.00ns)   --->   "%B_fifo4_38 = alloca i64 1" [/home/silvenchen/Desktop/DitBlock/WorkDCT/DitBlock/kernel.cpp:12243]   --->   Operation 145 'alloca' 'B_fifo4_38' <Predicate = true> <Delay = 0.00> <CoreInst = "FIFO_SRL">   --->   Core 81 'FIFO_SRL' <Latency = 0> <II = 1> <Delay = 1.43> <Storage> <Opcode : 'read' 'write' 'nbread' 'nbwrite'> <Ports = 0> <Width = 32> <Depth = 9> <FIFO>
ST_1 : Operation 146 [1/1] (0.00ns)   --->   "%B_fifo4_39 = alloca i64 1" [/home/silvenchen/Desktop/DitBlock/WorkDCT/DitBlock/kernel.cpp:12243]   --->   Operation 146 'alloca' 'B_fifo4_39' <Predicate = true> <Delay = 0.00> <CoreInst = "FIFO_SRL">   --->   Core 81 'FIFO_SRL' <Latency = 0> <II = 1> <Delay = 1.43> <Storage> <Opcode : 'read' 'write' 'nbread' 'nbwrite'> <Ports = 0> <Width = 32> <Depth = 9> <FIFO>
ST_1 : Operation 147 [1/1] (0.00ns)   --->   "%B_fifo4_40 = alloca i64 1" [/home/silvenchen/Desktop/DitBlock/WorkDCT/DitBlock/kernel.cpp:12243]   --->   Operation 147 'alloca' 'B_fifo4_40' <Predicate = true> <Delay = 0.00> <CoreInst = "FIFO_SRL">   --->   Core 81 'FIFO_SRL' <Latency = 0> <II = 1> <Delay = 1.43> <Storage> <Opcode : 'read' 'write' 'nbread' 'nbwrite'> <Ports = 0> <Width = 32> <Depth = 9> <FIFO>
ST_1 : Operation 148 [1/1] (0.00ns)   --->   "%B_fifo4_41 = alloca i64 1" [/home/silvenchen/Desktop/DitBlock/WorkDCT/DitBlock/kernel.cpp:12243]   --->   Operation 148 'alloca' 'B_fifo4_41' <Predicate = true> <Delay = 0.00> <CoreInst = "FIFO_SRL">   --->   Core 81 'FIFO_SRL' <Latency = 0> <II = 1> <Delay = 1.43> <Storage> <Opcode : 'read' 'write' 'nbread' 'nbwrite'> <Ports = 0> <Width = 32> <Depth = 9> <FIFO>
ST_1 : Operation 149 [1/1] (0.00ns)   --->   "%B_fifo4_42 = alloca i64 1" [/home/silvenchen/Desktop/DitBlock/WorkDCT/DitBlock/kernel.cpp:12243]   --->   Operation 149 'alloca' 'B_fifo4_42' <Predicate = true> <Delay = 0.00> <CoreInst = "FIFO_SRL">   --->   Core 81 'FIFO_SRL' <Latency = 0> <II = 1> <Delay = 1.43> <Storage> <Opcode : 'read' 'write' 'nbread' 'nbwrite'> <Ports = 0> <Width = 32> <Depth = 9> <FIFO>
ST_1 : Operation 150 [1/1] (0.00ns)   --->   "%B_fifo4_43 = alloca i64 1" [/home/silvenchen/Desktop/DitBlock/WorkDCT/DitBlock/kernel.cpp:12243]   --->   Operation 150 'alloca' 'B_fifo4_43' <Predicate = true> <Delay = 0.00> <CoreInst = "FIFO_SRL">   --->   Core 81 'FIFO_SRL' <Latency = 0> <II = 1> <Delay = 1.43> <Storage> <Opcode : 'read' 'write' 'nbread' 'nbwrite'> <Ports = 0> <Width = 32> <Depth = 9> <FIFO>
ST_1 : Operation 151 [1/1] (0.00ns)   --->   "%B_fifo4_44 = alloca i64 1" [/home/silvenchen/Desktop/DitBlock/WorkDCT/DitBlock/kernel.cpp:12243]   --->   Operation 151 'alloca' 'B_fifo4_44' <Predicate = true> <Delay = 0.00> <CoreInst = "FIFO_SRL">   --->   Core 81 'FIFO_SRL' <Latency = 0> <II = 1> <Delay = 1.43> <Storage> <Opcode : 'read' 'write' 'nbread' 'nbwrite'> <Ports = 0> <Width = 32> <Depth = 9> <FIFO>
ST_1 : Operation 152 [1/1] (0.00ns)   --->   "%B_fifo4_45 = alloca i64 1" [/home/silvenchen/Desktop/DitBlock/WorkDCT/DitBlock/kernel.cpp:12243]   --->   Operation 152 'alloca' 'B_fifo4_45' <Predicate = true> <Delay = 0.00> <CoreInst = "FIFO_SRL">   --->   Core 81 'FIFO_SRL' <Latency = 0> <II = 1> <Delay = 1.43> <Storage> <Opcode : 'read' 'write' 'nbread' 'nbwrite'> <Ports = 0> <Width = 32> <Depth = 9> <FIFO>
ST_1 : Operation 153 [1/1] (0.00ns)   --->   "%B_fifo4_46 = alloca i64 1" [/home/silvenchen/Desktop/DitBlock/WorkDCT/DitBlock/kernel.cpp:12243]   --->   Operation 153 'alloca' 'B_fifo4_46' <Predicate = true> <Delay = 0.00> <CoreInst = "FIFO_SRL">   --->   Core 81 'FIFO_SRL' <Latency = 0> <II = 1> <Delay = 1.43> <Storage> <Opcode : 'read' 'write' 'nbread' 'nbwrite'> <Ports = 0> <Width = 32> <Depth = 9> <FIFO>
ST_1 : Operation 154 [1/1] (0.00ns)   --->   "%B_fifo4_47 = alloca i64 1" [/home/silvenchen/Desktop/DitBlock/WorkDCT/DitBlock/kernel.cpp:12243]   --->   Operation 154 'alloca' 'B_fifo4_47' <Predicate = true> <Delay = 0.00> <CoreInst = "FIFO_SRL">   --->   Core 81 'FIFO_SRL' <Latency = 0> <II = 1> <Delay = 1.43> <Storage> <Opcode : 'read' 'write' 'nbread' 'nbwrite'> <Ports = 0> <Width = 32> <Depth = 9> <FIFO>
ST_1 : Operation 155 [1/1] (0.00ns)   --->   "%B_fifo4_48 = alloca i64 1" [/home/silvenchen/Desktop/DitBlock/WorkDCT/DitBlock/kernel.cpp:12243]   --->   Operation 155 'alloca' 'B_fifo4_48' <Predicate = true> <Delay = 0.00> <CoreInst = "FIFO_SRL">   --->   Core 81 'FIFO_SRL' <Latency = 0> <II = 1> <Delay = 1.43> <Storage> <Opcode : 'read' 'write' 'nbread' 'nbwrite'> <Ports = 0> <Width = 32> <Depth = 9> <FIFO>
ST_1 : Operation 156 [1/1] (0.00ns)   --->   "%B_fifo4_49 = alloca i64 1" [/home/silvenchen/Desktop/DitBlock/WorkDCT/DitBlock/kernel.cpp:12243]   --->   Operation 156 'alloca' 'B_fifo4_49' <Predicate = true> <Delay = 0.00> <CoreInst = "FIFO_SRL">   --->   Core 81 'FIFO_SRL' <Latency = 0> <II = 1> <Delay = 1.43> <Storage> <Opcode : 'read' 'write' 'nbread' 'nbwrite'> <Ports = 0> <Width = 32> <Depth = 9> <FIFO>
ST_1 : Operation 157 [1/1] (0.00ns)   --->   "%B_fifo4_50 = alloca i64 1" [/home/silvenchen/Desktop/DitBlock/WorkDCT/DitBlock/kernel.cpp:12243]   --->   Operation 157 'alloca' 'B_fifo4_50' <Predicate = true> <Delay = 0.00> <CoreInst = "FIFO_SRL">   --->   Core 81 'FIFO_SRL' <Latency = 0> <II = 1> <Delay = 1.43> <Storage> <Opcode : 'read' 'write' 'nbread' 'nbwrite'> <Ports = 0> <Width = 32> <Depth = 9> <FIFO>
ST_1 : Operation 158 [1/1] (0.00ns)   --->   "%B_fifo4_51 = alloca i64 1" [/home/silvenchen/Desktop/DitBlock/WorkDCT/DitBlock/kernel.cpp:12243]   --->   Operation 158 'alloca' 'B_fifo4_51' <Predicate = true> <Delay = 0.00> <CoreInst = "FIFO_SRL">   --->   Core 81 'FIFO_SRL' <Latency = 0> <II = 1> <Delay = 1.43> <Storage> <Opcode : 'read' 'write' 'nbread' 'nbwrite'> <Ports = 0> <Width = 32> <Depth = 9> <FIFO>
ST_1 : Operation 159 [1/1] (0.00ns)   --->   "%B_fifo4_52 = alloca i64 1" [/home/silvenchen/Desktop/DitBlock/WorkDCT/DitBlock/kernel.cpp:12243]   --->   Operation 159 'alloca' 'B_fifo4_52' <Predicate = true> <Delay = 0.00> <CoreInst = "FIFO_SRL">   --->   Core 81 'FIFO_SRL' <Latency = 0> <II = 1> <Delay = 1.43> <Storage> <Opcode : 'read' 'write' 'nbread' 'nbwrite'> <Ports = 0> <Width = 32> <Depth = 9> <FIFO>
ST_1 : Operation 160 [1/1] (0.00ns)   --->   "%B_fifo4_53 = alloca i64 1" [/home/silvenchen/Desktop/DitBlock/WorkDCT/DitBlock/kernel.cpp:12243]   --->   Operation 160 'alloca' 'B_fifo4_53' <Predicate = true> <Delay = 0.00> <CoreInst = "FIFO_SRL">   --->   Core 81 'FIFO_SRL' <Latency = 0> <II = 1> <Delay = 1.43> <Storage> <Opcode : 'read' 'write' 'nbread' 'nbwrite'> <Ports = 0> <Width = 32> <Depth = 9> <FIFO>
ST_1 : Operation 161 [1/1] (0.00ns)   --->   "%B_fifo4_54 = alloca i64 1" [/home/silvenchen/Desktop/DitBlock/WorkDCT/DitBlock/kernel.cpp:12243]   --->   Operation 161 'alloca' 'B_fifo4_54' <Predicate = true> <Delay = 0.00> <CoreInst = "FIFO_SRL">   --->   Core 81 'FIFO_SRL' <Latency = 0> <II = 1> <Delay = 1.43> <Storage> <Opcode : 'read' 'write' 'nbread' 'nbwrite'> <Ports = 0> <Width = 32> <Depth = 9> <FIFO>
ST_1 : Operation 162 [1/1] (0.00ns)   --->   "%B_fifo4_55 = alloca i64 1" [/home/silvenchen/Desktop/DitBlock/WorkDCT/DitBlock/kernel.cpp:12243]   --->   Operation 162 'alloca' 'B_fifo4_55' <Predicate = true> <Delay = 0.00> <CoreInst = "FIFO_SRL">   --->   Core 81 'FIFO_SRL' <Latency = 0> <II = 1> <Delay = 1.43> <Storage> <Opcode : 'read' 'write' 'nbread' 'nbwrite'> <Ports = 0> <Width = 32> <Depth = 9> <FIFO>
ST_1 : Operation 163 [1/1] (0.00ns)   --->   "%B_fifo4_56 = alloca i64 1" [/home/silvenchen/Desktop/DitBlock/WorkDCT/DitBlock/kernel.cpp:12243]   --->   Operation 163 'alloca' 'B_fifo4_56' <Predicate = true> <Delay = 0.00> <CoreInst = "FIFO_SRL">   --->   Core 81 'FIFO_SRL' <Latency = 0> <II = 1> <Delay = 1.43> <Storage> <Opcode : 'read' 'write' 'nbread' 'nbwrite'> <Ports = 0> <Width = 32> <Depth = 9> <FIFO>
ST_1 : Operation 164 [1/1] (0.00ns)   --->   "%B_fifo4_57 = alloca i64 1" [/home/silvenchen/Desktop/DitBlock/WorkDCT/DitBlock/kernel.cpp:12243]   --->   Operation 164 'alloca' 'B_fifo4_57' <Predicate = true> <Delay = 0.00> <CoreInst = "FIFO_SRL">   --->   Core 81 'FIFO_SRL' <Latency = 0> <II = 1> <Delay = 1.43> <Storage> <Opcode : 'read' 'write' 'nbread' 'nbwrite'> <Ports = 0> <Width = 32> <Depth = 9> <FIFO>
ST_1 : Operation 165 [1/1] (0.00ns)   --->   "%B_fifo4_58 = alloca i64 1" [/home/silvenchen/Desktop/DitBlock/WorkDCT/DitBlock/kernel.cpp:12243]   --->   Operation 165 'alloca' 'B_fifo4_58' <Predicate = true> <Delay = 0.00> <CoreInst = "FIFO_SRL">   --->   Core 81 'FIFO_SRL' <Latency = 0> <II = 1> <Delay = 1.43> <Storage> <Opcode : 'read' 'write' 'nbread' 'nbwrite'> <Ports = 0> <Width = 32> <Depth = 9> <FIFO>
ST_1 : Operation 166 [1/1] (0.00ns)   --->   "%B_fifo4_59 = alloca i64 1" [/home/silvenchen/Desktop/DitBlock/WorkDCT/DitBlock/kernel.cpp:12243]   --->   Operation 166 'alloca' 'B_fifo4_59' <Predicate = true> <Delay = 0.00> <CoreInst = "FIFO_SRL">   --->   Core 81 'FIFO_SRL' <Latency = 0> <II = 1> <Delay = 1.43> <Storage> <Opcode : 'read' 'write' 'nbread' 'nbwrite'> <Ports = 0> <Width = 32> <Depth = 9> <FIFO>
ST_1 : Operation 167 [1/1] (0.00ns)   --->   "%B_fifo4_60 = alloca i64 1" [/home/silvenchen/Desktop/DitBlock/WorkDCT/DitBlock/kernel.cpp:12243]   --->   Operation 167 'alloca' 'B_fifo4_60' <Predicate = true> <Delay = 0.00> <CoreInst = "FIFO_SRL">   --->   Core 81 'FIFO_SRL' <Latency = 0> <II = 1> <Delay = 1.43> <Storage> <Opcode : 'read' 'write' 'nbread' 'nbwrite'> <Ports = 0> <Width = 32> <Depth = 9> <FIFO>
ST_1 : Operation 168 [1/1] (0.00ns)   --->   "%B_fifo4_61 = alloca i64 1" [/home/silvenchen/Desktop/DitBlock/WorkDCT/DitBlock/kernel.cpp:12243]   --->   Operation 168 'alloca' 'B_fifo4_61' <Predicate = true> <Delay = 0.00> <CoreInst = "FIFO_SRL">   --->   Core 81 'FIFO_SRL' <Latency = 0> <II = 1> <Delay = 1.43> <Storage> <Opcode : 'read' 'write' 'nbread' 'nbwrite'> <Ports = 0> <Width = 32> <Depth = 9> <FIFO>
ST_1 : Operation 169 [1/1] (0.00ns)   --->   "%B_fifo4_62 = alloca i64 1" [/home/silvenchen/Desktop/DitBlock/WorkDCT/DitBlock/kernel.cpp:12243]   --->   Operation 169 'alloca' 'B_fifo4_62' <Predicate = true> <Delay = 0.00> <CoreInst = "FIFO_SRL">   --->   Core 81 'FIFO_SRL' <Latency = 0> <II = 1> <Delay = 1.43> <Storage> <Opcode : 'read' 'write' 'nbread' 'nbwrite'> <Ports = 0> <Width = 32> <Depth = 9> <FIFO>
ST_1 : Operation 170 [1/1] (0.00ns)   --->   "%B_fifo4_63 = alloca i64 1" [/home/silvenchen/Desktop/DitBlock/WorkDCT/DitBlock/kernel.cpp:12243]   --->   Operation 170 'alloca' 'B_fifo4_63' <Predicate = true> <Delay = 0.00> <CoreInst = "FIFO_SRL">   --->   Core 81 'FIFO_SRL' <Latency = 0> <II = 1> <Delay = 1.43> <Storage> <Opcode : 'read' 'write' 'nbread' 'nbwrite'> <Ports = 0> <Width = 32> <Depth = 9> <FIFO>
ST_1 : Operation 171 [1/1] (0.00ns)   --->   "%B_fifo4_64 = alloca i64 1" [/home/silvenchen/Desktop/DitBlock/WorkDCT/DitBlock/kernel.cpp:12243]   --->   Operation 171 'alloca' 'B_fifo4_64' <Predicate = true> <Delay = 0.00> <CoreInst = "FIFO_SRL">   --->   Core 81 'FIFO_SRL' <Latency = 0> <II = 1> <Delay = 1.43> <Storage> <Opcode : 'read' 'write' 'nbread' 'nbwrite'> <Ports = 0> <Width = 32> <Depth = 9> <FIFO>
ST_1 : Operation 172 [1/1] (0.00ns)   --->   "%B_fifo4_65 = alloca i64 1" [/home/silvenchen/Desktop/DitBlock/WorkDCT/DitBlock/kernel.cpp:12243]   --->   Operation 172 'alloca' 'B_fifo4_65' <Predicate = true> <Delay = 0.00> <CoreInst = "FIFO_SRL">   --->   Core 81 'FIFO_SRL' <Latency = 0> <II = 1> <Delay = 1.43> <Storage> <Opcode : 'read' 'write' 'nbread' 'nbwrite'> <Ports = 0> <Width = 32> <Depth = 9> <FIFO>
ST_1 : Operation 173 [1/1] (0.00ns)   --->   "%B_fifo4_66 = alloca i64 1" [/home/silvenchen/Desktop/DitBlock/WorkDCT/DitBlock/kernel.cpp:12243]   --->   Operation 173 'alloca' 'B_fifo4_66' <Predicate = true> <Delay = 0.00> <CoreInst = "FIFO_SRL">   --->   Core 81 'FIFO_SRL' <Latency = 0> <II = 1> <Delay = 1.43> <Storage> <Opcode : 'read' 'write' 'nbread' 'nbwrite'> <Ports = 0> <Width = 32> <Depth = 9> <FIFO>
ST_1 : Operation 174 [1/1] (0.00ns)   --->   "%B_fifo4_67 = alloca i64 1" [/home/silvenchen/Desktop/DitBlock/WorkDCT/DitBlock/kernel.cpp:12243]   --->   Operation 174 'alloca' 'B_fifo4_67' <Predicate = true> <Delay = 0.00> <CoreInst = "FIFO_SRL">   --->   Core 81 'FIFO_SRL' <Latency = 0> <II = 1> <Delay = 1.43> <Storage> <Opcode : 'read' 'write' 'nbread' 'nbwrite'> <Ports = 0> <Width = 32> <Depth = 9> <FIFO>
ST_1 : Operation 175 [1/1] (0.00ns)   --->   "%B_fifo4_68 = alloca i64 1" [/home/silvenchen/Desktop/DitBlock/WorkDCT/DitBlock/kernel.cpp:12243]   --->   Operation 175 'alloca' 'B_fifo4_68' <Predicate = true> <Delay = 0.00> <CoreInst = "FIFO_SRL">   --->   Core 81 'FIFO_SRL' <Latency = 0> <II = 1> <Delay = 1.43> <Storage> <Opcode : 'read' 'write' 'nbread' 'nbwrite'> <Ports = 0> <Width = 32> <Depth = 9> <FIFO>
ST_1 : Operation 176 [1/1] (0.00ns)   --->   "%B_fifo4_69 = alloca i64 1" [/home/silvenchen/Desktop/DitBlock/WorkDCT/DitBlock/kernel.cpp:12243]   --->   Operation 176 'alloca' 'B_fifo4_69' <Predicate = true> <Delay = 0.00> <CoreInst = "FIFO_SRL">   --->   Core 81 'FIFO_SRL' <Latency = 0> <II = 1> <Delay = 1.43> <Storage> <Opcode : 'read' 'write' 'nbread' 'nbwrite'> <Ports = 0> <Width = 32> <Depth = 9> <FIFO>
ST_1 : Operation 177 [1/1] (0.00ns)   --->   "%B_fifo4_70 = alloca i64 1" [/home/silvenchen/Desktop/DitBlock/WorkDCT/DitBlock/kernel.cpp:12243]   --->   Operation 177 'alloca' 'B_fifo4_70' <Predicate = true> <Delay = 0.00> <CoreInst = "FIFO_SRL">   --->   Core 81 'FIFO_SRL' <Latency = 0> <II = 1> <Delay = 1.43> <Storage> <Opcode : 'read' 'write' 'nbread' 'nbwrite'> <Ports = 0> <Width = 32> <Depth = 9> <FIFO>
ST_1 : Operation 178 [1/1] (0.00ns)   --->   "%B_fifo4_71 = alloca i64 1" [/home/silvenchen/Desktop/DitBlock/WorkDCT/DitBlock/kernel.cpp:12243]   --->   Operation 178 'alloca' 'B_fifo4_71' <Predicate = true> <Delay = 0.00> <CoreInst = "FIFO_SRL">   --->   Core 81 'FIFO_SRL' <Latency = 0> <II = 1> <Delay = 1.43> <Storage> <Opcode : 'read' 'write' 'nbread' 'nbwrite'> <Ports = 0> <Width = 32> <Depth = 9> <FIFO>
ST_1 : Operation 179 [2/2] (0.00ns)   --->   "%call_ln0 = call void @systolic_tile_QKT_Loop_l_data_load_k272_proc26, i32 %v6609_0, i32 %v6609_1, i32 %v6609_2, i32 %v6609_3, i32 %v6609_4, i32 %v6609_5, i32 %v6609_6, i32 %v6609_7, i32 %A_fifo4, i32 %A_fifo4_9, i32 %A_fifo4_18, i32 %A_fifo4_27, i32 %A_fifo4_36, i32 %A_fifo4_45, i32 %A_fifo4_54, i32 %A_fifo4_63, i32 %v6610_0, i32 %v6610_1, i32 %v6610_2, i32 %v6610_3, i32 %v6610_4, i32 %v6610_5, i32 %v6610_6, i32 %v6610_7, i32 %B_fifo4, i32 %B_fifo4_9, i32 %B_fifo4_18, i32 %B_fifo4_27, i32 %B_fifo4_36, i32 %B_fifo4_45, i32 %B_fifo4_54, i32 %B_fifo4_63"   --->   Operation 179 'call' 'call_ln0' <Predicate = true> <Delay = 0.00> <CoreType = "Generic">   --->   Core 0 '' <Latency = 0> <II = 1> <Delay = 1.00> <Generic> <Opcode : >

State 2 <SV = 1> <Delay = 0.00>
ST_2 : Operation 180 [1/2] (0.00ns)   --->   "%call_ln0 = call void @systolic_tile_QKT_Loop_l_data_load_k272_proc26, i32 %v6609_0, i32 %v6609_1, i32 %v6609_2, i32 %v6609_3, i32 %v6609_4, i32 %v6609_5, i32 %v6609_6, i32 %v6609_7, i32 %A_fifo4, i32 %A_fifo4_9, i32 %A_fifo4_18, i32 %A_fifo4_27, i32 %A_fifo4_36, i32 %A_fifo4_45, i32 %A_fifo4_54, i32 %A_fifo4_63, i32 %v6610_0, i32 %v6610_1, i32 %v6610_2, i32 %v6610_3, i32 %v6610_4, i32 %v6610_5, i32 %v6610_6, i32 %v6610_7, i32 %B_fifo4, i32 %B_fifo4_9, i32 %B_fifo4_18, i32 %B_fifo4_27, i32 %B_fifo4_36, i32 %B_fifo4_45, i32 %B_fifo4_54, i32 %B_fifo4_63"   --->   Operation 180 'call' 'call_ln0' <Predicate = true> <Delay = 0.00> <CoreType = "Generic">   --->   Core 0 '' <Latency = 0> <II = 1> <Delay = 1.00> <Generic> <Opcode : >

State 3 <SV = 2> <Delay = 0.00>
ST_3 : Operation 181 [2/2] (0.00ns)   --->   "%call_ln12261 = call void @PE_kernel_QKT_0_0.1, i32 %A_fifo4, i32 %B_fifo4, i32 %A_fifo4_1, i32 %B_fifo4_1, i32 %v6611_0_0" [/home/silvenchen/Desktop/DitBlock/WorkDCT/DitBlock/kernel.cpp:12261]   --->   Operation 181 'call' 'call_ln12261' <Predicate = true> <Delay = 0.00> <CoreType = "Generic">   --->   Core 0 '' <Latency = 0> <II = 1> <Delay = 1.00> <Generic> <Opcode : >

State 4 <SV = 3> <Delay = 0.38>
ST_4 : Operation 182 [1/2] (0.38ns)   --->   "%call_ln12261 = call void @PE_kernel_QKT_0_0.1, i32 %A_fifo4, i32 %B_fifo4, i32 %A_fifo4_1, i32 %B_fifo4_1, i32 %v6611_0_0" [/home/silvenchen/Desktop/DitBlock/WorkDCT/DitBlock/kernel.cpp:12261]   --->   Operation 182 'call' 'call_ln12261' <Predicate = true> <Delay = 0.38> <CoreType = "Generic">   --->   Core 0 '' <Latency = 0> <II = 1> <Delay = 1.00> <Generic> <Opcode : >

State 5 <SV = 4> <Delay = 0.00>
ST_5 : Operation 183 [2/2] (0.00ns)   --->   "%call_ln12266 = call void @PE_kernel_QKT_1_0.1, i32 %A_fifo4_1, i32 %B_fifo4_9, i32 %A_fifo4_2, i32 %B_fifo4_10, i32 %v6611_0_1" [/home/silvenchen/Desktop/DitBlock/WorkDCT/DitBlock/kernel.cpp:12266]   --->   Operation 183 'call' 'call_ln12266' <Predicate = true> <Delay = 0.00> <CoreType = "Generic">   --->   Core 0 '' <Latency = 0> <II = 1> <Delay = 1.00> <Generic> <Opcode : >
ST_5 : Operation 184 [2/2] (0.00ns)   --->   "%call_ln12301 = call void @PE_kernel_QKT_0_1.1, i32 %A_fifo4_9, i32 %B_fifo4_1, i32 %A_fifo4_10, i32 %B_fifo4_2, i32 %v6611_1_0" [/home/silvenchen/Desktop/DitBlock/WorkDCT/DitBlock/kernel.cpp:12301]   --->   Operation 184 'call' 'call_ln12301' <Predicate = true> <Delay = 0.00> <CoreType = "Generic">   --->   Core 0 '' <Latency = 0> <II = 1> <Delay = 1.00> <Generic> <Opcode : >

State 6 <SV = 5> <Delay = 0.38>
ST_6 : Operation 185 [1/2] (0.38ns)   --->   "%call_ln12266 = call void @PE_kernel_QKT_1_0.1, i32 %A_fifo4_1, i32 %B_fifo4_9, i32 %A_fifo4_2, i32 %B_fifo4_10, i32 %v6611_0_1" [/home/silvenchen/Desktop/DitBlock/WorkDCT/DitBlock/kernel.cpp:12266]   --->   Operation 185 'call' 'call_ln12266' <Predicate = true> <Delay = 0.38> <CoreType = "Generic">   --->   Core 0 '' <Latency = 0> <II = 1> <Delay = 1.00> <Generic> <Opcode : >
ST_6 : Operation 186 [1/2] (0.38ns)   --->   "%call_ln12301 = call void @PE_kernel_QKT_0_1.1, i32 %A_fifo4_9, i32 %B_fifo4_1, i32 %A_fifo4_10, i32 %B_fifo4_2, i32 %v6611_1_0" [/home/silvenchen/Desktop/DitBlock/WorkDCT/DitBlock/kernel.cpp:12301]   --->   Operation 186 'call' 'call_ln12301' <Predicate = true> <Delay = 0.38> <CoreType = "Generic">   --->   Core 0 '' <Latency = 0> <II = 1> <Delay = 1.00> <Generic> <Opcode : >

State 7 <SV = 6> <Delay = 0.00>
ST_7 : Operation 187 [2/2] (0.00ns)   --->   "%call_ln12271 = call void @PE_kernel_QKT_2_0.1, i32 %A_fifo4_2, i32 %B_fifo4_18, i32 %A_fifo4_3, i32 %B_fifo4_19, i32 %v6611_0_2" [/home/silvenchen/Desktop/DitBlock/WorkDCT/DitBlock/kernel.cpp:12271]   --->   Operation 187 'call' 'call_ln12271' <Predicate = true> <Delay = 0.00> <CoreType = "Generic">   --->   Core 0 '' <Latency = 0> <II = 1> <Delay = 1.00> <Generic> <Opcode : >
ST_7 : Operation 188 [2/2] (0.00ns)   --->   "%call_ln12306 = call void @PE_kernel_QKT_1_1.1, i32 %A_fifo4_10, i32 %B_fifo4_10, i32 %A_fifo4_11, i32 %B_fifo4_11, i32 %v6611_1_1" [/home/silvenchen/Desktop/DitBlock/WorkDCT/DitBlock/kernel.cpp:12306]   --->   Operation 188 'call' 'call_ln12306' <Predicate = true> <Delay = 0.00> <CoreType = "Generic">   --->   Core 0 '' <Latency = 0> <II = 1> <Delay = 1.00> <Generic> <Opcode : >
ST_7 : Operation 189 [2/2] (0.00ns)   --->   "%call_ln12341 = call void @PE_kernel_QKT_0_2.1, i32 %A_fifo4_18, i32 %B_fifo4_2, i32 %A_fifo4_19, i32 %B_fifo4_3, i32 %v6611_2_0" [/home/silvenchen/Desktop/DitBlock/WorkDCT/DitBlock/kernel.cpp:12341]   --->   Operation 189 'call' 'call_ln12341' <Predicate = true> <Delay = 0.00> <CoreType = "Generic">   --->   Core 0 '' <Latency = 0> <II = 1> <Delay = 1.00> <Generic> <Opcode : >

State 8 <SV = 7> <Delay = 0.38>
ST_8 : Operation 190 [1/2] (0.38ns)   --->   "%call_ln12271 = call void @PE_kernel_QKT_2_0.1, i32 %A_fifo4_2, i32 %B_fifo4_18, i32 %A_fifo4_3, i32 %B_fifo4_19, i32 %v6611_0_2" [/home/silvenchen/Desktop/DitBlock/WorkDCT/DitBlock/kernel.cpp:12271]   --->   Operation 190 'call' 'call_ln12271' <Predicate = true> <Delay = 0.38> <CoreType = "Generic">   --->   Core 0 '' <Latency = 0> <II = 1> <Delay = 1.00> <Generic> <Opcode : >
ST_8 : Operation 191 [1/2] (0.38ns)   --->   "%call_ln12306 = call void @PE_kernel_QKT_1_1.1, i32 %A_fifo4_10, i32 %B_fifo4_10, i32 %A_fifo4_11, i32 %B_fifo4_11, i32 %v6611_1_1" [/home/silvenchen/Desktop/DitBlock/WorkDCT/DitBlock/kernel.cpp:12306]   --->   Operation 191 'call' 'call_ln12306' <Predicate = true> <Delay = 0.38> <CoreType = "Generic">   --->   Core 0 '' <Latency = 0> <II = 1> <Delay = 1.00> <Generic> <Opcode : >
ST_8 : Operation 192 [1/2] (0.38ns)   --->   "%call_ln12341 = call void @PE_kernel_QKT_0_2.1, i32 %A_fifo4_18, i32 %B_fifo4_2, i32 %A_fifo4_19, i32 %B_fifo4_3, i32 %v6611_2_0" [/home/silvenchen/Desktop/DitBlock/WorkDCT/DitBlock/kernel.cpp:12341]   --->   Operation 192 'call' 'call_ln12341' <Predicate = true> <Delay = 0.38> <CoreType = "Generic">   --->   Core 0 '' <Latency = 0> <II = 1> <Delay = 1.00> <Generic> <Opcode : >

State 9 <SV = 8> <Delay = 0.00>
ST_9 : Operation 193 [2/2] (0.00ns)   --->   "%call_ln12276 = call void @PE_kernel_QKT_3_0.1, i32 %A_fifo4_3, i32 %B_fifo4_27, i32 %A_fifo4_4, i32 %B_fifo4_28, i32 %v6611_0_3" [/home/silvenchen/Desktop/DitBlock/WorkDCT/DitBlock/kernel.cpp:12276]   --->   Operation 193 'call' 'call_ln12276' <Predicate = true> <Delay = 0.00> <CoreType = "Generic">   --->   Core 0 '' <Latency = 0> <II = 1> <Delay = 1.00> <Generic> <Opcode : >
ST_9 : Operation 194 [2/2] (0.00ns)   --->   "%call_ln12311 = call void @PE_kernel_QKT_2_1.1, i32 %A_fifo4_11, i32 %B_fifo4_19, i32 %A_fifo4_12, i32 %B_fifo4_20, i32 %v6611_1_2" [/home/silvenchen/Desktop/DitBlock/WorkDCT/DitBlock/kernel.cpp:12311]   --->   Operation 194 'call' 'call_ln12311' <Predicate = true> <Delay = 0.00> <CoreType = "Generic">   --->   Core 0 '' <Latency = 0> <II = 1> <Delay = 1.00> <Generic> <Opcode : >
ST_9 : Operation 195 [2/2] (0.00ns)   --->   "%call_ln12346 = call void @PE_kernel_QKT_1_2.1, i32 %A_fifo4_19, i32 %B_fifo4_11, i32 %A_fifo4_20, i32 %B_fifo4_12, i32 %v6611_2_1" [/home/silvenchen/Desktop/DitBlock/WorkDCT/DitBlock/kernel.cpp:12346]   --->   Operation 195 'call' 'call_ln12346' <Predicate = true> <Delay = 0.00> <CoreType = "Generic">   --->   Core 0 '' <Latency = 0> <II = 1> <Delay = 1.00> <Generic> <Opcode : >
ST_9 : Operation 196 [2/2] (0.00ns)   --->   "%call_ln12381 = call void @PE_kernel_QKT_0_3.1, i32 %A_fifo4_27, i32 %B_fifo4_3, i32 %A_fifo4_28, i32 %B_fifo4_4, i32 %v6611_3_0" [/home/silvenchen/Desktop/DitBlock/WorkDCT/DitBlock/kernel.cpp:12381]   --->   Operation 196 'call' 'call_ln12381' <Predicate = true> <Delay = 0.00> <CoreType = "Generic">   --->   Core 0 '' <Latency = 0> <II = 1> <Delay = 1.00> <Generic> <Opcode : >

State 10 <SV = 9> <Delay = 0.38>
ST_10 : Operation 197 [1/2] (0.38ns)   --->   "%call_ln12276 = call void @PE_kernel_QKT_3_0.1, i32 %A_fifo4_3, i32 %B_fifo4_27, i32 %A_fifo4_4, i32 %B_fifo4_28, i32 %v6611_0_3" [/home/silvenchen/Desktop/DitBlock/WorkDCT/DitBlock/kernel.cpp:12276]   --->   Operation 197 'call' 'call_ln12276' <Predicate = true> <Delay = 0.38> <CoreType = "Generic">   --->   Core 0 '' <Latency = 0> <II = 1> <Delay = 1.00> <Generic> <Opcode : >
ST_10 : Operation 198 [1/2] (0.38ns)   --->   "%call_ln12311 = call void @PE_kernel_QKT_2_1.1, i32 %A_fifo4_11, i32 %B_fifo4_19, i32 %A_fifo4_12, i32 %B_fifo4_20, i32 %v6611_1_2" [/home/silvenchen/Desktop/DitBlock/WorkDCT/DitBlock/kernel.cpp:12311]   --->   Operation 198 'call' 'call_ln12311' <Predicate = true> <Delay = 0.38> <CoreType = "Generic">   --->   Core 0 '' <Latency = 0> <II = 1> <Delay = 1.00> <Generic> <Opcode : >
ST_10 : Operation 199 [1/2] (0.38ns)   --->   "%call_ln12346 = call void @PE_kernel_QKT_1_2.1, i32 %A_fifo4_19, i32 %B_fifo4_11, i32 %A_fifo4_20, i32 %B_fifo4_12, i32 %v6611_2_1" [/home/silvenchen/Desktop/DitBlock/WorkDCT/DitBlock/kernel.cpp:12346]   --->   Operation 199 'call' 'call_ln12346' <Predicate = true> <Delay = 0.38> <CoreType = "Generic">   --->   Core 0 '' <Latency = 0> <II = 1> <Delay = 1.00> <Generic> <Opcode : >
ST_10 : Operation 200 [1/2] (0.38ns)   --->   "%call_ln12381 = call void @PE_kernel_QKT_0_3.1, i32 %A_fifo4_27, i32 %B_fifo4_3, i32 %A_fifo4_28, i32 %B_fifo4_4, i32 %v6611_3_0" [/home/silvenchen/Desktop/DitBlock/WorkDCT/DitBlock/kernel.cpp:12381]   --->   Operation 200 'call' 'call_ln12381' <Predicate = true> <Delay = 0.38> <CoreType = "Generic">   --->   Core 0 '' <Latency = 0> <II = 1> <Delay = 1.00> <Generic> <Opcode : >

State 11 <SV = 10> <Delay = 0.00>
ST_11 : Operation 201 [2/2] (0.00ns)   --->   "%call_ln12281 = call void @PE_kernel_QKT_4_0.1, i32 %A_fifo4_4, i32 %B_fifo4_36, i32 %A_fifo4_5, i32 %B_fifo4_37, i32 %v6611_0_4" [/home/silvenchen/Desktop/DitBlock/WorkDCT/DitBlock/kernel.cpp:12281]   --->   Operation 201 'call' 'call_ln12281' <Predicate = true> <Delay = 0.00> <CoreType = "Generic">   --->   Core 0 '' <Latency = 0> <II = 1> <Delay = 1.00> <Generic> <Opcode : >
ST_11 : Operation 202 [2/2] (0.00ns)   --->   "%call_ln12316 = call void @PE_kernel_QKT_3_1.1, i32 %A_fifo4_12, i32 %B_fifo4_28, i32 %A_fifo4_13, i32 %B_fifo4_29, i32 %v6611_1_3" [/home/silvenchen/Desktop/DitBlock/WorkDCT/DitBlock/kernel.cpp:12316]   --->   Operation 202 'call' 'call_ln12316' <Predicate = true> <Delay = 0.00> <CoreType = "Generic">   --->   Core 0 '' <Latency = 0> <II = 1> <Delay = 1.00> <Generic> <Opcode : >
ST_11 : Operation 203 [2/2] (0.00ns)   --->   "%call_ln12351 = call void @PE_kernel_QKT_2_2.1, i32 %A_fifo4_20, i32 %B_fifo4_20, i32 %A_fifo4_21, i32 %B_fifo4_21, i32 %v6611_2_2" [/home/silvenchen/Desktop/DitBlock/WorkDCT/DitBlock/kernel.cpp:12351]   --->   Operation 203 'call' 'call_ln12351' <Predicate = true> <Delay = 0.00> <CoreType = "Generic">   --->   Core 0 '' <Latency = 0> <II = 1> <Delay = 1.00> <Generic> <Opcode : >
ST_11 : Operation 204 [2/2] (0.00ns)   --->   "%call_ln12386 = call void @PE_kernel_QKT_1_3.1, i32 %A_fifo4_28, i32 %B_fifo4_12, i32 %A_fifo4_29, i32 %B_fifo4_13, i32 %v6611_3_1" [/home/silvenchen/Desktop/DitBlock/WorkDCT/DitBlock/kernel.cpp:12386]   --->   Operation 204 'call' 'call_ln12386' <Predicate = true> <Delay = 0.00> <CoreType = "Generic">   --->   Core 0 '' <Latency = 0> <II = 1> <Delay = 1.00> <Generic> <Opcode : >
ST_11 : Operation 205 [2/2] (0.00ns)   --->   "%call_ln12421 = call void @PE_kernel_QKT_0_4.1, i32 %A_fifo4_36, i32 %B_fifo4_4, i32 %A_fifo4_37, i32 %B_fifo4_5, i32 %v6611_4_0" [/home/silvenchen/Desktop/DitBlock/WorkDCT/DitBlock/kernel.cpp:12421]   --->   Operation 205 'call' 'call_ln12421' <Predicate = true> <Delay = 0.00> <CoreType = "Generic">   --->   Core 0 '' <Latency = 0> <II = 1> <Delay = 1.00> <Generic> <Opcode : >

State 12 <SV = 11> <Delay = 0.38>
ST_12 : Operation 206 [1/2] (0.38ns)   --->   "%call_ln12281 = call void @PE_kernel_QKT_4_0.1, i32 %A_fifo4_4, i32 %B_fifo4_36, i32 %A_fifo4_5, i32 %B_fifo4_37, i32 %v6611_0_4" [/home/silvenchen/Desktop/DitBlock/WorkDCT/DitBlock/kernel.cpp:12281]   --->   Operation 206 'call' 'call_ln12281' <Predicate = true> <Delay = 0.38> <CoreType = "Generic">   --->   Core 0 '' <Latency = 0> <II = 1> <Delay = 1.00> <Generic> <Opcode : >
ST_12 : Operation 207 [1/2] (0.38ns)   --->   "%call_ln12316 = call void @PE_kernel_QKT_3_1.1, i32 %A_fifo4_12, i32 %B_fifo4_28, i32 %A_fifo4_13, i32 %B_fifo4_29, i32 %v6611_1_3" [/home/silvenchen/Desktop/DitBlock/WorkDCT/DitBlock/kernel.cpp:12316]   --->   Operation 207 'call' 'call_ln12316' <Predicate = true> <Delay = 0.38> <CoreType = "Generic">   --->   Core 0 '' <Latency = 0> <II = 1> <Delay = 1.00> <Generic> <Opcode : >
ST_12 : Operation 208 [1/2] (0.38ns)   --->   "%call_ln12351 = call void @PE_kernel_QKT_2_2.1, i32 %A_fifo4_20, i32 %B_fifo4_20, i32 %A_fifo4_21, i32 %B_fifo4_21, i32 %v6611_2_2" [/home/silvenchen/Desktop/DitBlock/WorkDCT/DitBlock/kernel.cpp:12351]   --->   Operation 208 'call' 'call_ln12351' <Predicate = true> <Delay = 0.38> <CoreType = "Generic">   --->   Core 0 '' <Latency = 0> <II = 1> <Delay = 1.00> <Generic> <Opcode : >
ST_12 : Operation 209 [1/2] (0.38ns)   --->   "%call_ln12386 = call void @PE_kernel_QKT_1_3.1, i32 %A_fifo4_28, i32 %B_fifo4_12, i32 %A_fifo4_29, i32 %B_fifo4_13, i32 %v6611_3_1" [/home/silvenchen/Desktop/DitBlock/WorkDCT/DitBlock/kernel.cpp:12386]   --->   Operation 209 'call' 'call_ln12386' <Predicate = true> <Delay = 0.38> <CoreType = "Generic">   --->   Core 0 '' <Latency = 0> <II = 1> <Delay = 1.00> <Generic> <Opcode : >
ST_12 : Operation 210 [1/2] (0.38ns)   --->   "%call_ln12421 = call void @PE_kernel_QKT_0_4.1, i32 %A_fifo4_36, i32 %B_fifo4_4, i32 %A_fifo4_37, i32 %B_fifo4_5, i32 %v6611_4_0" [/home/silvenchen/Desktop/DitBlock/WorkDCT/DitBlock/kernel.cpp:12421]   --->   Operation 210 'call' 'call_ln12421' <Predicate = true> <Delay = 0.38> <CoreType = "Generic">   --->   Core 0 '' <Latency = 0> <II = 1> <Delay = 1.00> <Generic> <Opcode : >

State 13 <SV = 12> <Delay = 0.00>
ST_13 : Operation 211 [2/2] (0.00ns)   --->   "%call_ln12286 = call void @PE_kernel_QKT_5_0.1, i32 %A_fifo4_5, i32 %B_fifo4_45, i32 %A_fifo4_6, i32 %B_fifo4_46, i32 %v6611_0_5" [/home/silvenchen/Desktop/DitBlock/WorkDCT/DitBlock/kernel.cpp:12286]   --->   Operation 211 'call' 'call_ln12286' <Predicate = true> <Delay = 0.00> <CoreType = "Generic">   --->   Core 0 '' <Latency = 0> <II = 1> <Delay = 1.00> <Generic> <Opcode : >
ST_13 : Operation 212 [2/2] (0.00ns)   --->   "%call_ln12321 = call void @PE_kernel_QKT_4_1.1, i32 %A_fifo4_13, i32 %B_fifo4_37, i32 %A_fifo4_14, i32 %B_fifo4_38, i32 %v6611_1_4" [/home/silvenchen/Desktop/DitBlock/WorkDCT/DitBlock/kernel.cpp:12321]   --->   Operation 212 'call' 'call_ln12321' <Predicate = true> <Delay = 0.00> <CoreType = "Generic">   --->   Core 0 '' <Latency = 0> <II = 1> <Delay = 1.00> <Generic> <Opcode : >
ST_13 : Operation 213 [2/2] (0.00ns)   --->   "%call_ln12356 = call void @PE_kernel_QKT_3_2.1, i32 %A_fifo4_21, i32 %B_fifo4_29, i32 %A_fifo4_22, i32 %B_fifo4_30, i32 %v6611_2_3" [/home/silvenchen/Desktop/DitBlock/WorkDCT/DitBlock/kernel.cpp:12356]   --->   Operation 213 'call' 'call_ln12356' <Predicate = true> <Delay = 0.00> <CoreType = "Generic">   --->   Core 0 '' <Latency = 0> <II = 1> <Delay = 1.00> <Generic> <Opcode : >
ST_13 : Operation 214 [2/2] (0.00ns)   --->   "%call_ln12391 = call void @PE_kernel_QKT_2_3.1, i32 %A_fifo4_29, i32 %B_fifo4_21, i32 %A_fifo4_30, i32 %B_fifo4_22, i32 %v6611_3_2" [/home/silvenchen/Desktop/DitBlock/WorkDCT/DitBlock/kernel.cpp:12391]   --->   Operation 214 'call' 'call_ln12391' <Predicate = true> <Delay = 0.00> <CoreType = "Generic">   --->   Core 0 '' <Latency = 0> <II = 1> <Delay = 1.00> <Generic> <Opcode : >
ST_13 : Operation 215 [2/2] (0.00ns)   --->   "%call_ln12426 = call void @PE_kernel_QKT_1_4.1, i32 %A_fifo4_37, i32 %B_fifo4_13, i32 %A_fifo4_38, i32 %B_fifo4_14, i32 %v6611_4_1" [/home/silvenchen/Desktop/DitBlock/WorkDCT/DitBlock/kernel.cpp:12426]   --->   Operation 215 'call' 'call_ln12426' <Predicate = true> <Delay = 0.00> <CoreType = "Generic">   --->   Core 0 '' <Latency = 0> <II = 1> <Delay = 1.00> <Generic> <Opcode : >
ST_13 : Operation 216 [2/2] (0.00ns)   --->   "%call_ln12461 = call void @PE_kernel_QKT_0_5.1, i32 %A_fifo4_45, i32 %B_fifo4_5, i32 %A_fifo4_46, i32 %B_fifo4_6, i32 %v6611_5_0" [/home/silvenchen/Desktop/DitBlock/WorkDCT/DitBlock/kernel.cpp:12461]   --->   Operation 216 'call' 'call_ln12461' <Predicate = true> <Delay = 0.00> <CoreType = "Generic">   --->   Core 0 '' <Latency = 0> <II = 1> <Delay = 1.00> <Generic> <Opcode : >

State 14 <SV = 13> <Delay = 0.38>
ST_14 : Operation 217 [1/2] (0.38ns)   --->   "%call_ln12286 = call void @PE_kernel_QKT_5_0.1, i32 %A_fifo4_5, i32 %B_fifo4_45, i32 %A_fifo4_6, i32 %B_fifo4_46, i32 %v6611_0_5" [/home/silvenchen/Desktop/DitBlock/WorkDCT/DitBlock/kernel.cpp:12286]   --->   Operation 217 'call' 'call_ln12286' <Predicate = true> <Delay = 0.38> <CoreType = "Generic">   --->   Core 0 '' <Latency = 0> <II = 1> <Delay = 1.00> <Generic> <Opcode : >
ST_14 : Operation 218 [1/2] (0.38ns)   --->   "%call_ln12321 = call void @PE_kernel_QKT_4_1.1, i32 %A_fifo4_13, i32 %B_fifo4_37, i32 %A_fifo4_14, i32 %B_fifo4_38, i32 %v6611_1_4" [/home/silvenchen/Desktop/DitBlock/WorkDCT/DitBlock/kernel.cpp:12321]   --->   Operation 218 'call' 'call_ln12321' <Predicate = true> <Delay = 0.38> <CoreType = "Generic">   --->   Core 0 '' <Latency = 0> <II = 1> <Delay = 1.00> <Generic> <Opcode : >
ST_14 : Operation 219 [1/2] (0.38ns)   --->   "%call_ln12356 = call void @PE_kernel_QKT_3_2.1, i32 %A_fifo4_21, i32 %B_fifo4_29, i32 %A_fifo4_22, i32 %B_fifo4_30, i32 %v6611_2_3" [/home/silvenchen/Desktop/DitBlock/WorkDCT/DitBlock/kernel.cpp:12356]   --->   Operation 219 'call' 'call_ln12356' <Predicate = true> <Delay = 0.38> <CoreType = "Generic">   --->   Core 0 '' <Latency = 0> <II = 1> <Delay = 1.00> <Generic> <Opcode : >
ST_14 : Operation 220 [1/2] (0.38ns)   --->   "%call_ln12391 = call void @PE_kernel_QKT_2_3.1, i32 %A_fifo4_29, i32 %B_fifo4_21, i32 %A_fifo4_30, i32 %B_fifo4_22, i32 %v6611_3_2" [/home/silvenchen/Desktop/DitBlock/WorkDCT/DitBlock/kernel.cpp:12391]   --->   Operation 220 'call' 'call_ln12391' <Predicate = true> <Delay = 0.38> <CoreType = "Generic">   --->   Core 0 '' <Latency = 0> <II = 1> <Delay = 1.00> <Generic> <Opcode : >
ST_14 : Operation 221 [1/2] (0.38ns)   --->   "%call_ln12426 = call void @PE_kernel_QKT_1_4.1, i32 %A_fifo4_37, i32 %B_fifo4_13, i32 %A_fifo4_38, i32 %B_fifo4_14, i32 %v6611_4_1" [/home/silvenchen/Desktop/DitBlock/WorkDCT/DitBlock/kernel.cpp:12426]   --->   Operation 221 'call' 'call_ln12426' <Predicate = true> <Delay = 0.38> <CoreType = "Generic">   --->   Core 0 '' <Latency = 0> <II = 1> <Delay = 1.00> <Generic> <Opcode : >
ST_14 : Operation 222 [1/2] (0.38ns)   --->   "%call_ln12461 = call void @PE_kernel_QKT_0_5.1, i32 %A_fifo4_45, i32 %B_fifo4_5, i32 %A_fifo4_46, i32 %B_fifo4_6, i32 %v6611_5_0" [/home/silvenchen/Desktop/DitBlock/WorkDCT/DitBlock/kernel.cpp:12461]   --->   Operation 222 'call' 'call_ln12461' <Predicate = true> <Delay = 0.38> <CoreType = "Generic">   --->   Core 0 '' <Latency = 0> <II = 1> <Delay = 1.00> <Generic> <Opcode : >

State 15 <SV = 14> <Delay = 0.00>
ST_15 : Operation 223 [2/2] (0.00ns)   --->   "%call_ln12291 = call void @PE_kernel_QKT_6_0.1, i32 %A_fifo4_6, i32 %B_fifo4_54, i32 %A_fifo4_7, i32 %B_fifo4_55, i32 %v6611_0_6" [/home/silvenchen/Desktop/DitBlock/WorkDCT/DitBlock/kernel.cpp:12291]   --->   Operation 223 'call' 'call_ln12291' <Predicate = true> <Delay = 0.00> <CoreType = "Generic">   --->   Core 0 '' <Latency = 0> <II = 1> <Delay = 1.00> <Generic> <Opcode : >
ST_15 : Operation 224 [2/2] (0.00ns)   --->   "%call_ln12326 = call void @PE_kernel_QKT_5_1.1, i32 %A_fifo4_14, i32 %B_fifo4_46, i32 %A_fifo4_15, i32 %B_fifo4_47, i32 %v6611_1_5" [/home/silvenchen/Desktop/DitBlock/WorkDCT/DitBlock/kernel.cpp:12326]   --->   Operation 224 'call' 'call_ln12326' <Predicate = true> <Delay = 0.00> <CoreType = "Generic">   --->   Core 0 '' <Latency = 0> <II = 1> <Delay = 1.00> <Generic> <Opcode : >
ST_15 : Operation 225 [2/2] (0.00ns)   --->   "%call_ln12361 = call void @PE_kernel_QKT_4_2.1, i32 %A_fifo4_22, i32 %B_fifo4_38, i32 %A_fifo4_23, i32 %B_fifo4_39, i32 %v6611_2_4" [/home/silvenchen/Desktop/DitBlock/WorkDCT/DitBlock/kernel.cpp:12361]   --->   Operation 225 'call' 'call_ln12361' <Predicate = true> <Delay = 0.00> <CoreType = "Generic">   --->   Core 0 '' <Latency = 0> <II = 1> <Delay = 1.00> <Generic> <Opcode : >
ST_15 : Operation 226 [2/2] (0.00ns)   --->   "%call_ln12396 = call void @PE_kernel_QKT_3_3.1, i32 %A_fifo4_30, i32 %B_fifo4_30, i32 %A_fifo4_31, i32 %B_fifo4_31, i32 %v6611_3_3" [/home/silvenchen/Desktop/DitBlock/WorkDCT/DitBlock/kernel.cpp:12396]   --->   Operation 226 'call' 'call_ln12396' <Predicate = true> <Delay = 0.00> <CoreType = "Generic">   --->   Core 0 '' <Latency = 0> <II = 1> <Delay = 1.00> <Generic> <Opcode : >
ST_15 : Operation 227 [2/2] (0.00ns)   --->   "%call_ln12431 = call void @PE_kernel_QKT_2_4.1, i32 %A_fifo4_38, i32 %B_fifo4_22, i32 %A_fifo4_39, i32 %B_fifo4_23, i32 %v6611_4_2" [/home/silvenchen/Desktop/DitBlock/WorkDCT/DitBlock/kernel.cpp:12431]   --->   Operation 227 'call' 'call_ln12431' <Predicate = true> <Delay = 0.00> <CoreType = "Generic">   --->   Core 0 '' <Latency = 0> <II = 1> <Delay = 1.00> <Generic> <Opcode : >
ST_15 : Operation 228 [2/2] (0.00ns)   --->   "%call_ln12466 = call void @PE_kernel_QKT_1_5.1, i32 %A_fifo4_46, i32 %B_fifo4_14, i32 %A_fifo4_47, i32 %B_fifo4_15, i32 %v6611_5_1" [/home/silvenchen/Desktop/DitBlock/WorkDCT/DitBlock/kernel.cpp:12466]   --->   Operation 228 'call' 'call_ln12466' <Predicate = true> <Delay = 0.00> <CoreType = "Generic">   --->   Core 0 '' <Latency = 0> <II = 1> <Delay = 1.00> <Generic> <Opcode : >
ST_15 : Operation 229 [2/2] (0.00ns)   --->   "%call_ln12501 = call void @PE_kernel_QKT_0_6.1, i32 %A_fifo4_54, i32 %B_fifo4_6, i32 %A_fifo4_55, i32 %B_fifo4_7, i32 %v6611_6_0" [/home/silvenchen/Desktop/DitBlock/WorkDCT/DitBlock/kernel.cpp:12501]   --->   Operation 229 'call' 'call_ln12501' <Predicate = true> <Delay = 0.00> <CoreType = "Generic">   --->   Core 0 '' <Latency = 0> <II = 1> <Delay = 1.00> <Generic> <Opcode : >

State 16 <SV = 15> <Delay = 0.38>
ST_16 : Operation 230 [1/2] (0.38ns)   --->   "%call_ln12291 = call void @PE_kernel_QKT_6_0.1, i32 %A_fifo4_6, i32 %B_fifo4_54, i32 %A_fifo4_7, i32 %B_fifo4_55, i32 %v6611_0_6" [/home/silvenchen/Desktop/DitBlock/WorkDCT/DitBlock/kernel.cpp:12291]   --->   Operation 230 'call' 'call_ln12291' <Predicate = true> <Delay = 0.38> <CoreType = "Generic">   --->   Core 0 '' <Latency = 0> <II = 1> <Delay = 1.00> <Generic> <Opcode : >
ST_16 : Operation 231 [1/2] (0.38ns)   --->   "%call_ln12326 = call void @PE_kernel_QKT_5_1.1, i32 %A_fifo4_14, i32 %B_fifo4_46, i32 %A_fifo4_15, i32 %B_fifo4_47, i32 %v6611_1_5" [/home/silvenchen/Desktop/DitBlock/WorkDCT/DitBlock/kernel.cpp:12326]   --->   Operation 231 'call' 'call_ln12326' <Predicate = true> <Delay = 0.38> <CoreType = "Generic">   --->   Core 0 '' <Latency = 0> <II = 1> <Delay = 1.00> <Generic> <Opcode : >
ST_16 : Operation 232 [1/2] (0.38ns)   --->   "%call_ln12361 = call void @PE_kernel_QKT_4_2.1, i32 %A_fifo4_22, i32 %B_fifo4_38, i32 %A_fifo4_23, i32 %B_fifo4_39, i32 %v6611_2_4" [/home/silvenchen/Desktop/DitBlock/WorkDCT/DitBlock/kernel.cpp:12361]   --->   Operation 232 'call' 'call_ln12361' <Predicate = true> <Delay = 0.38> <CoreType = "Generic">   --->   Core 0 '' <Latency = 0> <II = 1> <Delay = 1.00> <Generic> <Opcode : >
ST_16 : Operation 233 [1/2] (0.38ns)   --->   "%call_ln12396 = call void @PE_kernel_QKT_3_3.1, i32 %A_fifo4_30, i32 %B_fifo4_30, i32 %A_fifo4_31, i32 %B_fifo4_31, i32 %v6611_3_3" [/home/silvenchen/Desktop/DitBlock/WorkDCT/DitBlock/kernel.cpp:12396]   --->   Operation 233 'call' 'call_ln12396' <Predicate = true> <Delay = 0.38> <CoreType = "Generic">   --->   Core 0 '' <Latency = 0> <II = 1> <Delay = 1.00> <Generic> <Opcode : >
ST_16 : Operation 234 [1/2] (0.38ns)   --->   "%call_ln12431 = call void @PE_kernel_QKT_2_4.1, i32 %A_fifo4_38, i32 %B_fifo4_22, i32 %A_fifo4_39, i32 %B_fifo4_23, i32 %v6611_4_2" [/home/silvenchen/Desktop/DitBlock/WorkDCT/DitBlock/kernel.cpp:12431]   --->   Operation 234 'call' 'call_ln12431' <Predicate = true> <Delay = 0.38> <CoreType = "Generic">   --->   Core 0 '' <Latency = 0> <II = 1> <Delay = 1.00> <Generic> <Opcode : >
ST_16 : Operation 235 [1/2] (0.38ns)   --->   "%call_ln12466 = call void @PE_kernel_QKT_1_5.1, i32 %A_fifo4_46, i32 %B_fifo4_14, i32 %A_fifo4_47, i32 %B_fifo4_15, i32 %v6611_5_1" [/home/silvenchen/Desktop/DitBlock/WorkDCT/DitBlock/kernel.cpp:12466]   --->   Operation 235 'call' 'call_ln12466' <Predicate = true> <Delay = 0.38> <CoreType = "Generic">   --->   Core 0 '' <Latency = 0> <II = 1> <Delay = 1.00> <Generic> <Opcode : >
ST_16 : Operation 236 [1/2] (0.38ns)   --->   "%call_ln12501 = call void @PE_kernel_QKT_0_6.1, i32 %A_fifo4_54, i32 %B_fifo4_6, i32 %A_fifo4_55, i32 %B_fifo4_7, i32 %v6611_6_0" [/home/silvenchen/Desktop/DitBlock/WorkDCT/DitBlock/kernel.cpp:12501]   --->   Operation 236 'call' 'call_ln12501' <Predicate = true> <Delay = 0.38> <CoreType = "Generic">   --->   Core 0 '' <Latency = 0> <II = 1> <Delay = 1.00> <Generic> <Opcode : >

State 17 <SV = 16> <Delay = 0.00>
ST_17 : Operation 237 [2/2] (0.00ns)   --->   "%call_ln12296 = call void @PE_kernel_QKT_7_0.1, i32 %A_fifo4_7, i32 %B_fifo4_63, i32 %A_fifo4_8, i32 %B_fifo4_64, i32 %v6611_0_7" [/home/silvenchen/Desktop/DitBlock/WorkDCT/DitBlock/kernel.cpp:12296]   --->   Operation 237 'call' 'call_ln12296' <Predicate = true> <Delay = 0.00> <CoreType = "Generic">   --->   Core 0 '' <Latency = 0> <II = 1> <Delay = 1.00> <Generic> <Opcode : >
ST_17 : Operation 238 [2/2] (0.00ns)   --->   "%call_ln12331 = call void @PE_kernel_QKT_6_1.1, i32 %A_fifo4_15, i32 %B_fifo4_55, i32 %A_fifo4_16, i32 %B_fifo4_56, i32 %v6611_1_6" [/home/silvenchen/Desktop/DitBlock/WorkDCT/DitBlock/kernel.cpp:12331]   --->   Operation 238 'call' 'call_ln12331' <Predicate = true> <Delay = 0.00> <CoreType = "Generic">   --->   Core 0 '' <Latency = 0> <II = 1> <Delay = 1.00> <Generic> <Opcode : >
ST_17 : Operation 239 [2/2] (0.00ns)   --->   "%call_ln12366 = call void @PE_kernel_QKT_5_2.1, i32 %A_fifo4_23, i32 %B_fifo4_47, i32 %A_fifo4_24, i32 %B_fifo4_48, i32 %v6611_2_5" [/home/silvenchen/Desktop/DitBlock/WorkDCT/DitBlock/kernel.cpp:12366]   --->   Operation 239 'call' 'call_ln12366' <Predicate = true> <Delay = 0.00> <CoreType = "Generic">   --->   Core 0 '' <Latency = 0> <II = 1> <Delay = 1.00> <Generic> <Opcode : >
ST_17 : Operation 240 [2/2] (0.00ns)   --->   "%call_ln12401 = call void @PE_kernel_QKT_4_3.1, i32 %A_fifo4_31, i32 %B_fifo4_39, i32 %A_fifo4_32, i32 %B_fifo4_40, i32 %v6611_3_4" [/home/silvenchen/Desktop/DitBlock/WorkDCT/DitBlock/kernel.cpp:12401]   --->   Operation 240 'call' 'call_ln12401' <Predicate = true> <Delay = 0.00> <CoreType = "Generic">   --->   Core 0 '' <Latency = 0> <II = 1> <Delay = 1.00> <Generic> <Opcode : >
ST_17 : Operation 241 [2/2] (0.00ns)   --->   "%call_ln12436 = call void @PE_kernel_QKT_3_4.1, i32 %A_fifo4_39, i32 %B_fifo4_31, i32 %A_fifo4_40, i32 %B_fifo4_32, i32 %v6611_4_3" [/home/silvenchen/Desktop/DitBlock/WorkDCT/DitBlock/kernel.cpp:12436]   --->   Operation 241 'call' 'call_ln12436' <Predicate = true> <Delay = 0.00> <CoreType = "Generic">   --->   Core 0 '' <Latency = 0> <II = 1> <Delay = 1.00> <Generic> <Opcode : >
ST_17 : Operation 242 [2/2] (0.00ns)   --->   "%call_ln12471 = call void @PE_kernel_QKT_2_5.1, i32 %A_fifo4_47, i32 %B_fifo4_23, i32 %A_fifo4_48, i32 %B_fifo4_24, i32 %v6611_5_2" [/home/silvenchen/Desktop/DitBlock/WorkDCT/DitBlock/kernel.cpp:12471]   --->   Operation 242 'call' 'call_ln12471' <Predicate = true> <Delay = 0.00> <CoreType = "Generic">   --->   Core 0 '' <Latency = 0> <II = 1> <Delay = 1.00> <Generic> <Opcode : >
ST_17 : Operation 243 [2/2] (0.00ns)   --->   "%call_ln12506 = call void @PE_kernel_QKT_1_6.1, i32 %A_fifo4_55, i32 %B_fifo4_15, i32 %A_fifo4_56, i32 %B_fifo4_16, i32 %v6611_6_1" [/home/silvenchen/Desktop/DitBlock/WorkDCT/DitBlock/kernel.cpp:12506]   --->   Operation 243 'call' 'call_ln12506' <Predicate = true> <Delay = 0.00> <CoreType = "Generic">   --->   Core 0 '' <Latency = 0> <II = 1> <Delay = 1.00> <Generic> <Opcode : >
ST_17 : Operation 244 [2/2] (0.00ns)   --->   "%call_ln12541 = call void @PE_kernel_QKT_0_7.1, i32 %A_fifo4_63, i32 %B_fifo4_7, i32 %A_fifo4_64, i32 %B_fifo4_8, i32 %v6611_7_0" [/home/silvenchen/Desktop/DitBlock/WorkDCT/DitBlock/kernel.cpp:12541]   --->   Operation 244 'call' 'call_ln12541' <Predicate = true> <Delay = 0.00> <CoreType = "Generic">   --->   Core 0 '' <Latency = 0> <II = 1> <Delay = 1.00> <Generic> <Opcode : >

State 18 <SV = 17> <Delay = 0.38>
ST_18 : Operation 245 [1/2] (0.38ns)   --->   "%call_ln12296 = call void @PE_kernel_QKT_7_0.1, i32 %A_fifo4_7, i32 %B_fifo4_63, i32 %A_fifo4_8, i32 %B_fifo4_64, i32 %v6611_0_7" [/home/silvenchen/Desktop/DitBlock/WorkDCT/DitBlock/kernel.cpp:12296]   --->   Operation 245 'call' 'call_ln12296' <Predicate = true> <Delay = 0.38> <CoreType = "Generic">   --->   Core 0 '' <Latency = 0> <II = 1> <Delay = 1.00> <Generic> <Opcode : >
ST_18 : Operation 246 [1/2] (0.38ns)   --->   "%call_ln12331 = call void @PE_kernel_QKT_6_1.1, i32 %A_fifo4_15, i32 %B_fifo4_55, i32 %A_fifo4_16, i32 %B_fifo4_56, i32 %v6611_1_6" [/home/silvenchen/Desktop/DitBlock/WorkDCT/DitBlock/kernel.cpp:12331]   --->   Operation 246 'call' 'call_ln12331' <Predicate = true> <Delay = 0.38> <CoreType = "Generic">   --->   Core 0 '' <Latency = 0> <II = 1> <Delay = 1.00> <Generic> <Opcode : >
ST_18 : Operation 247 [1/2] (0.38ns)   --->   "%call_ln12366 = call void @PE_kernel_QKT_5_2.1, i32 %A_fifo4_23, i32 %B_fifo4_47, i32 %A_fifo4_24, i32 %B_fifo4_48, i32 %v6611_2_5" [/home/silvenchen/Desktop/DitBlock/WorkDCT/DitBlock/kernel.cpp:12366]   --->   Operation 247 'call' 'call_ln12366' <Predicate = true> <Delay = 0.38> <CoreType = "Generic">   --->   Core 0 '' <Latency = 0> <II = 1> <Delay = 1.00> <Generic> <Opcode : >
ST_18 : Operation 248 [1/2] (0.38ns)   --->   "%call_ln12401 = call void @PE_kernel_QKT_4_3.1, i32 %A_fifo4_31, i32 %B_fifo4_39, i32 %A_fifo4_32, i32 %B_fifo4_40, i32 %v6611_3_4" [/home/silvenchen/Desktop/DitBlock/WorkDCT/DitBlock/kernel.cpp:12401]   --->   Operation 248 'call' 'call_ln12401' <Predicate = true> <Delay = 0.38> <CoreType = "Generic">   --->   Core 0 '' <Latency = 0> <II = 1> <Delay = 1.00> <Generic> <Opcode : >
ST_18 : Operation 249 [1/2] (0.38ns)   --->   "%call_ln12436 = call void @PE_kernel_QKT_3_4.1, i32 %A_fifo4_39, i32 %B_fifo4_31, i32 %A_fifo4_40, i32 %B_fifo4_32, i32 %v6611_4_3" [/home/silvenchen/Desktop/DitBlock/WorkDCT/DitBlock/kernel.cpp:12436]   --->   Operation 249 'call' 'call_ln12436' <Predicate = true> <Delay = 0.38> <CoreType = "Generic">   --->   Core 0 '' <Latency = 0> <II = 1> <Delay = 1.00> <Generic> <Opcode : >
ST_18 : Operation 250 [1/2] (0.38ns)   --->   "%call_ln12471 = call void @PE_kernel_QKT_2_5.1, i32 %A_fifo4_47, i32 %B_fifo4_23, i32 %A_fifo4_48, i32 %B_fifo4_24, i32 %v6611_5_2" [/home/silvenchen/Desktop/DitBlock/WorkDCT/DitBlock/kernel.cpp:12471]   --->   Operation 250 'call' 'call_ln12471' <Predicate = true> <Delay = 0.38> <CoreType = "Generic">   --->   Core 0 '' <Latency = 0> <II = 1> <Delay = 1.00> <Generic> <Opcode : >
ST_18 : Operation 251 [1/2] (0.38ns)   --->   "%call_ln12506 = call void @PE_kernel_QKT_1_6.1, i32 %A_fifo4_55, i32 %B_fifo4_15, i32 %A_fifo4_56, i32 %B_fifo4_16, i32 %v6611_6_1" [/home/silvenchen/Desktop/DitBlock/WorkDCT/DitBlock/kernel.cpp:12506]   --->   Operation 251 'call' 'call_ln12506' <Predicate = true> <Delay = 0.38> <CoreType = "Generic">   --->   Core 0 '' <Latency = 0> <II = 1> <Delay = 1.00> <Generic> <Opcode : >
ST_18 : Operation 252 [1/2] (0.38ns)   --->   "%call_ln12541 = call void @PE_kernel_QKT_0_7.1, i32 %A_fifo4_63, i32 %B_fifo4_7, i32 %A_fifo4_64, i32 %B_fifo4_8, i32 %v6611_7_0" [/home/silvenchen/Desktop/DitBlock/WorkDCT/DitBlock/kernel.cpp:12541]   --->   Operation 252 'call' 'call_ln12541' <Predicate = true> <Delay = 0.38> <CoreType = "Generic">   --->   Core 0 '' <Latency = 0> <II = 1> <Delay = 1.00> <Generic> <Opcode : >

State 19 <SV = 18> <Delay = 0.00>
ST_19 : Operation 253 [2/2] (0.00ns)   --->   "%call_ln12336 = call void @PE_kernel_QKT_7_1.1, i32 %A_fifo4_16, i32 %B_fifo4_64, i32 %A_fifo4_17, i32 %B_fifo4_65, i32 %v6611_1_7" [/home/silvenchen/Desktop/DitBlock/WorkDCT/DitBlock/kernel.cpp:12336]   --->   Operation 253 'call' 'call_ln12336' <Predicate = true> <Delay = 0.00> <CoreType = "Generic">   --->   Core 0 '' <Latency = 0> <II = 1> <Delay = 1.00> <Generic> <Opcode : >
ST_19 : Operation 254 [2/2] (0.00ns)   --->   "%call_ln12371 = call void @PE_kernel_QKT_6_2.1, i32 %A_fifo4_24, i32 %B_fifo4_56, i32 %A_fifo4_25, i32 %B_fifo4_57, i32 %v6611_2_6" [/home/silvenchen/Desktop/DitBlock/WorkDCT/DitBlock/kernel.cpp:12371]   --->   Operation 254 'call' 'call_ln12371' <Predicate = true> <Delay = 0.00> <CoreType = "Generic">   --->   Core 0 '' <Latency = 0> <II = 1> <Delay = 1.00> <Generic> <Opcode : >
ST_19 : Operation 255 [2/2] (0.00ns)   --->   "%call_ln12406 = call void @PE_kernel_QKT_5_3.1, i32 %A_fifo4_32, i32 %B_fifo4_48, i32 %A_fifo4_33, i32 %B_fifo4_49, i32 %v6611_3_5" [/home/silvenchen/Desktop/DitBlock/WorkDCT/DitBlock/kernel.cpp:12406]   --->   Operation 255 'call' 'call_ln12406' <Predicate = true> <Delay = 0.00> <CoreType = "Generic">   --->   Core 0 '' <Latency = 0> <II = 1> <Delay = 1.00> <Generic> <Opcode : >
ST_19 : Operation 256 [2/2] (0.00ns)   --->   "%call_ln12441 = call void @PE_kernel_QKT_4_4.1, i32 %A_fifo4_40, i32 %B_fifo4_40, i32 %A_fifo4_41, i32 %B_fifo4_41, i32 %v6611_4_4" [/home/silvenchen/Desktop/DitBlock/WorkDCT/DitBlock/kernel.cpp:12441]   --->   Operation 256 'call' 'call_ln12441' <Predicate = true> <Delay = 0.00> <CoreType = "Generic">   --->   Core 0 '' <Latency = 0> <II = 1> <Delay = 1.00> <Generic> <Opcode : >
ST_19 : Operation 257 [2/2] (0.00ns)   --->   "%call_ln12476 = call void @PE_kernel_QKT_3_5.1, i32 %A_fifo4_48, i32 %B_fifo4_32, i32 %A_fifo4_49, i32 %B_fifo4_33, i32 %v6611_5_3" [/home/silvenchen/Desktop/DitBlock/WorkDCT/DitBlock/kernel.cpp:12476]   --->   Operation 257 'call' 'call_ln12476' <Predicate = true> <Delay = 0.00> <CoreType = "Generic">   --->   Core 0 '' <Latency = 0> <II = 1> <Delay = 1.00> <Generic> <Opcode : >
ST_19 : Operation 258 [2/2] (0.00ns)   --->   "%call_ln12511 = call void @PE_kernel_QKT_2_6.1, i32 %A_fifo4_56, i32 %B_fifo4_24, i32 %A_fifo4_57, i32 %B_fifo4_25, i32 %v6611_6_2" [/home/silvenchen/Desktop/DitBlock/WorkDCT/DitBlock/kernel.cpp:12511]   --->   Operation 258 'call' 'call_ln12511' <Predicate = true> <Delay = 0.00> <CoreType = "Generic">   --->   Core 0 '' <Latency = 0> <II = 1> <Delay = 1.00> <Generic> <Opcode : >
ST_19 : Operation 259 [2/2] (0.00ns)   --->   "%call_ln12546 = call void @PE_kernel_QKT_1_7.1, i32 %A_fifo4_64, i32 %B_fifo4_16, i32 %A_fifo4_65, i32 %B_fifo4_17, i32 %v6611_7_1" [/home/silvenchen/Desktop/DitBlock/WorkDCT/DitBlock/kernel.cpp:12546]   --->   Operation 259 'call' 'call_ln12546' <Predicate = true> <Delay = 0.00> <CoreType = "Generic">   --->   Core 0 '' <Latency = 0> <II = 1> <Delay = 1.00> <Generic> <Opcode : >

State 20 <SV = 19> <Delay = 0.38>
ST_20 : Operation 260 [1/2] (0.38ns)   --->   "%call_ln12336 = call void @PE_kernel_QKT_7_1.1, i32 %A_fifo4_16, i32 %B_fifo4_64, i32 %A_fifo4_17, i32 %B_fifo4_65, i32 %v6611_1_7" [/home/silvenchen/Desktop/DitBlock/WorkDCT/DitBlock/kernel.cpp:12336]   --->   Operation 260 'call' 'call_ln12336' <Predicate = true> <Delay = 0.38> <CoreType = "Generic">   --->   Core 0 '' <Latency = 0> <II = 1> <Delay = 1.00> <Generic> <Opcode : >
ST_20 : Operation 261 [1/2] (0.38ns)   --->   "%call_ln12371 = call void @PE_kernel_QKT_6_2.1, i32 %A_fifo4_24, i32 %B_fifo4_56, i32 %A_fifo4_25, i32 %B_fifo4_57, i32 %v6611_2_6" [/home/silvenchen/Desktop/DitBlock/WorkDCT/DitBlock/kernel.cpp:12371]   --->   Operation 261 'call' 'call_ln12371' <Predicate = true> <Delay = 0.38> <CoreType = "Generic">   --->   Core 0 '' <Latency = 0> <II = 1> <Delay = 1.00> <Generic> <Opcode : >
ST_20 : Operation 262 [1/2] (0.38ns)   --->   "%call_ln12406 = call void @PE_kernel_QKT_5_3.1, i32 %A_fifo4_32, i32 %B_fifo4_48, i32 %A_fifo4_33, i32 %B_fifo4_49, i32 %v6611_3_5" [/home/silvenchen/Desktop/DitBlock/WorkDCT/DitBlock/kernel.cpp:12406]   --->   Operation 262 'call' 'call_ln12406' <Predicate = true> <Delay = 0.38> <CoreType = "Generic">   --->   Core 0 '' <Latency = 0> <II = 1> <Delay = 1.00> <Generic> <Opcode : >
ST_20 : Operation 263 [1/2] (0.38ns)   --->   "%call_ln12441 = call void @PE_kernel_QKT_4_4.1, i32 %A_fifo4_40, i32 %B_fifo4_40, i32 %A_fifo4_41, i32 %B_fifo4_41, i32 %v6611_4_4" [/home/silvenchen/Desktop/DitBlock/WorkDCT/DitBlock/kernel.cpp:12441]   --->   Operation 263 'call' 'call_ln12441' <Predicate = true> <Delay = 0.38> <CoreType = "Generic">   --->   Core 0 '' <Latency = 0> <II = 1> <Delay = 1.00> <Generic> <Opcode : >
ST_20 : Operation 264 [1/2] (0.38ns)   --->   "%call_ln12476 = call void @PE_kernel_QKT_3_5.1, i32 %A_fifo4_48, i32 %B_fifo4_32, i32 %A_fifo4_49, i32 %B_fifo4_33, i32 %v6611_5_3" [/home/silvenchen/Desktop/DitBlock/WorkDCT/DitBlock/kernel.cpp:12476]   --->   Operation 264 'call' 'call_ln12476' <Predicate = true> <Delay = 0.38> <CoreType = "Generic">   --->   Core 0 '' <Latency = 0> <II = 1> <Delay = 1.00> <Generic> <Opcode : >
ST_20 : Operation 265 [1/2] (0.38ns)   --->   "%call_ln12511 = call void @PE_kernel_QKT_2_6.1, i32 %A_fifo4_56, i32 %B_fifo4_24, i32 %A_fifo4_57, i32 %B_fifo4_25, i32 %v6611_6_2" [/home/silvenchen/Desktop/DitBlock/WorkDCT/DitBlock/kernel.cpp:12511]   --->   Operation 265 'call' 'call_ln12511' <Predicate = true> <Delay = 0.38> <CoreType = "Generic">   --->   Core 0 '' <Latency = 0> <II = 1> <Delay = 1.00> <Generic> <Opcode : >
ST_20 : Operation 266 [1/2] (0.38ns)   --->   "%call_ln12546 = call void @PE_kernel_QKT_1_7.1, i32 %A_fifo4_64, i32 %B_fifo4_16, i32 %A_fifo4_65, i32 %B_fifo4_17, i32 %v6611_7_1" [/home/silvenchen/Desktop/DitBlock/WorkDCT/DitBlock/kernel.cpp:12546]   --->   Operation 266 'call' 'call_ln12546' <Predicate = true> <Delay = 0.38> <CoreType = "Generic">   --->   Core 0 '' <Latency = 0> <II = 1> <Delay = 1.00> <Generic> <Opcode : >

State 21 <SV = 20> <Delay = 0.00>
ST_21 : Operation 267 [2/2] (0.00ns)   --->   "%call_ln12376 = call void @PE_kernel_QKT_7_2.1, i32 %A_fifo4_25, i32 %B_fifo4_65, i32 %A_fifo4_26, i32 %B_fifo4_66, i32 %v6611_2_7" [/home/silvenchen/Desktop/DitBlock/WorkDCT/DitBlock/kernel.cpp:12376]   --->   Operation 267 'call' 'call_ln12376' <Predicate = true> <Delay = 0.00> <CoreType = "Generic">   --->   Core 0 '' <Latency = 0> <II = 1> <Delay = 1.00> <Generic> <Opcode : >
ST_21 : Operation 268 [2/2] (0.00ns)   --->   "%call_ln12411 = call void @PE_kernel_QKT_6_3.1, i32 %A_fifo4_33, i32 %B_fifo4_57, i32 %A_fifo4_34, i32 %B_fifo4_58, i32 %v6611_3_6" [/home/silvenchen/Desktop/DitBlock/WorkDCT/DitBlock/kernel.cpp:12411]   --->   Operation 268 'call' 'call_ln12411' <Predicate = true> <Delay = 0.00> <CoreType = "Generic">   --->   Core 0 '' <Latency = 0> <II = 1> <Delay = 1.00> <Generic> <Opcode : >
ST_21 : Operation 269 [2/2] (0.00ns)   --->   "%call_ln12446 = call void @PE_kernel_QKT_5_4.1, i32 %A_fifo4_41, i32 %B_fifo4_49, i32 %A_fifo4_42, i32 %B_fifo4_50, i32 %v6611_4_5" [/home/silvenchen/Desktop/DitBlock/WorkDCT/DitBlock/kernel.cpp:12446]   --->   Operation 269 'call' 'call_ln12446' <Predicate = true> <Delay = 0.00> <CoreType = "Generic">   --->   Core 0 '' <Latency = 0> <II = 1> <Delay = 1.00> <Generic> <Opcode : >
ST_21 : Operation 270 [2/2] (0.00ns)   --->   "%call_ln12481 = call void @PE_kernel_QKT_4_5.1, i32 %A_fifo4_49, i32 %B_fifo4_41, i32 %A_fifo4_50, i32 %B_fifo4_42, i32 %v6611_5_4" [/home/silvenchen/Desktop/DitBlock/WorkDCT/DitBlock/kernel.cpp:12481]   --->   Operation 270 'call' 'call_ln12481' <Predicate = true> <Delay = 0.00> <CoreType = "Generic">   --->   Core 0 '' <Latency = 0> <II = 1> <Delay = 1.00> <Generic> <Opcode : >
ST_21 : Operation 271 [2/2] (0.00ns)   --->   "%call_ln12516 = call void @PE_kernel_QKT_3_6.1, i32 %A_fifo4_57, i32 %B_fifo4_33, i32 %A_fifo4_58, i32 %B_fifo4_34, i32 %v6611_6_3" [/home/silvenchen/Desktop/DitBlock/WorkDCT/DitBlock/kernel.cpp:12516]   --->   Operation 271 'call' 'call_ln12516' <Predicate = true> <Delay = 0.00> <CoreType = "Generic">   --->   Core 0 '' <Latency = 0> <II = 1> <Delay = 1.00> <Generic> <Opcode : >
ST_21 : Operation 272 [2/2] (0.00ns)   --->   "%call_ln12551 = call void @PE_kernel_QKT_2_7.1, i32 %A_fifo4_65, i32 %B_fifo4_25, i32 %A_fifo4_66, i32 %B_fifo4_26, i32 %v6611_7_2" [/home/silvenchen/Desktop/DitBlock/WorkDCT/DitBlock/kernel.cpp:12551]   --->   Operation 272 'call' 'call_ln12551' <Predicate = true> <Delay = 0.00> <CoreType = "Generic">   --->   Core 0 '' <Latency = 0> <II = 1> <Delay = 1.00> <Generic> <Opcode : >

State 22 <SV = 21> <Delay = 0.38>
ST_22 : Operation 273 [1/2] (0.38ns)   --->   "%call_ln12376 = call void @PE_kernel_QKT_7_2.1, i32 %A_fifo4_25, i32 %B_fifo4_65, i32 %A_fifo4_26, i32 %B_fifo4_66, i32 %v6611_2_7" [/home/silvenchen/Desktop/DitBlock/WorkDCT/DitBlock/kernel.cpp:12376]   --->   Operation 273 'call' 'call_ln12376' <Predicate = true> <Delay = 0.38> <CoreType = "Generic">   --->   Core 0 '' <Latency = 0> <II = 1> <Delay = 1.00> <Generic> <Opcode : >
ST_22 : Operation 274 [1/2] (0.38ns)   --->   "%call_ln12411 = call void @PE_kernel_QKT_6_3.1, i32 %A_fifo4_33, i32 %B_fifo4_57, i32 %A_fifo4_34, i32 %B_fifo4_58, i32 %v6611_3_6" [/home/silvenchen/Desktop/DitBlock/WorkDCT/DitBlock/kernel.cpp:12411]   --->   Operation 274 'call' 'call_ln12411' <Predicate = true> <Delay = 0.38> <CoreType = "Generic">   --->   Core 0 '' <Latency = 0> <II = 1> <Delay = 1.00> <Generic> <Opcode : >
ST_22 : Operation 275 [1/2] (0.38ns)   --->   "%call_ln12446 = call void @PE_kernel_QKT_5_4.1, i32 %A_fifo4_41, i32 %B_fifo4_49, i32 %A_fifo4_42, i32 %B_fifo4_50, i32 %v6611_4_5" [/home/silvenchen/Desktop/DitBlock/WorkDCT/DitBlock/kernel.cpp:12446]   --->   Operation 275 'call' 'call_ln12446' <Predicate = true> <Delay = 0.38> <CoreType = "Generic">   --->   Core 0 '' <Latency = 0> <II = 1> <Delay = 1.00> <Generic> <Opcode : >
ST_22 : Operation 276 [1/2] (0.38ns)   --->   "%call_ln12481 = call void @PE_kernel_QKT_4_5.1, i32 %A_fifo4_49, i32 %B_fifo4_41, i32 %A_fifo4_50, i32 %B_fifo4_42, i32 %v6611_5_4" [/home/silvenchen/Desktop/DitBlock/WorkDCT/DitBlock/kernel.cpp:12481]   --->   Operation 276 'call' 'call_ln12481' <Predicate = true> <Delay = 0.38> <CoreType = "Generic">   --->   Core 0 '' <Latency = 0> <II = 1> <Delay = 1.00> <Generic> <Opcode : >
ST_22 : Operation 277 [1/2] (0.38ns)   --->   "%call_ln12516 = call void @PE_kernel_QKT_3_6.1, i32 %A_fifo4_57, i32 %B_fifo4_33, i32 %A_fifo4_58, i32 %B_fifo4_34, i32 %v6611_6_3" [/home/silvenchen/Desktop/DitBlock/WorkDCT/DitBlock/kernel.cpp:12516]   --->   Operation 277 'call' 'call_ln12516' <Predicate = true> <Delay = 0.38> <CoreType = "Generic">   --->   Core 0 '' <Latency = 0> <II = 1> <Delay = 1.00> <Generic> <Opcode : >
ST_22 : Operation 278 [1/2] (0.38ns)   --->   "%call_ln12551 = call void @PE_kernel_QKT_2_7.1, i32 %A_fifo4_65, i32 %B_fifo4_25, i32 %A_fifo4_66, i32 %B_fifo4_26, i32 %v6611_7_2" [/home/silvenchen/Desktop/DitBlock/WorkDCT/DitBlock/kernel.cpp:12551]   --->   Operation 278 'call' 'call_ln12551' <Predicate = true> <Delay = 0.38> <CoreType = "Generic">   --->   Core 0 '' <Latency = 0> <II = 1> <Delay = 1.00> <Generic> <Opcode : >

State 23 <SV = 22> <Delay = 0.00>
ST_23 : Operation 279 [2/2] (0.00ns)   --->   "%call_ln12416 = call void @PE_kernel_QKT_7_3.1, i32 %A_fifo4_34, i32 %B_fifo4_66, i32 %A_fifo4_35, i32 %B_fifo4_67, i32 %v6611_3_7" [/home/silvenchen/Desktop/DitBlock/WorkDCT/DitBlock/kernel.cpp:12416]   --->   Operation 279 'call' 'call_ln12416' <Predicate = true> <Delay = 0.00> <CoreType = "Generic">   --->   Core 0 '' <Latency = 0> <II = 1> <Delay = 1.00> <Generic> <Opcode : >
ST_23 : Operation 280 [2/2] (0.00ns)   --->   "%call_ln12451 = call void @PE_kernel_QKT_6_4.1, i32 %A_fifo4_42, i32 %B_fifo4_58, i32 %A_fifo4_43, i32 %B_fifo4_59, i32 %v6611_4_6" [/home/silvenchen/Desktop/DitBlock/WorkDCT/DitBlock/kernel.cpp:12451]   --->   Operation 280 'call' 'call_ln12451' <Predicate = true> <Delay = 0.00> <CoreType = "Generic">   --->   Core 0 '' <Latency = 0> <II = 1> <Delay = 1.00> <Generic> <Opcode : >
ST_23 : Operation 281 [2/2] (0.00ns)   --->   "%call_ln12486 = call void @PE_kernel_QKT_5_5.1, i32 %A_fifo4_50, i32 %B_fifo4_50, i32 %A_fifo4_51, i32 %B_fifo4_51, i32 %v6611_5_5" [/home/silvenchen/Desktop/DitBlock/WorkDCT/DitBlock/kernel.cpp:12486]   --->   Operation 281 'call' 'call_ln12486' <Predicate = true> <Delay = 0.00> <CoreType = "Generic">   --->   Core 0 '' <Latency = 0> <II = 1> <Delay = 1.00> <Generic> <Opcode : >
ST_23 : Operation 282 [2/2] (0.00ns)   --->   "%call_ln12521 = call void @PE_kernel_QKT_4_6.1, i32 %A_fifo4_58, i32 %B_fifo4_42, i32 %A_fifo4_59, i32 %B_fifo4_43, i32 %v6611_6_4" [/home/silvenchen/Desktop/DitBlock/WorkDCT/DitBlock/kernel.cpp:12521]   --->   Operation 282 'call' 'call_ln12521' <Predicate = true> <Delay = 0.00> <CoreType = "Generic">   --->   Core 0 '' <Latency = 0> <II = 1> <Delay = 1.00> <Generic> <Opcode : >
ST_23 : Operation 283 [2/2] (0.00ns)   --->   "%call_ln12556 = call void @PE_kernel_QKT_3_7.1, i32 %A_fifo4_66, i32 %B_fifo4_34, i32 %A_fifo4_67, i32 %B_fifo4_35, i32 %v6611_7_3" [/home/silvenchen/Desktop/DitBlock/WorkDCT/DitBlock/kernel.cpp:12556]   --->   Operation 283 'call' 'call_ln12556' <Predicate = true> <Delay = 0.00> <CoreType = "Generic">   --->   Core 0 '' <Latency = 0> <II = 1> <Delay = 1.00> <Generic> <Opcode : >

State 24 <SV = 23> <Delay = 0.38>
ST_24 : Operation 284 [1/2] (0.38ns)   --->   "%call_ln12416 = call void @PE_kernel_QKT_7_3.1, i32 %A_fifo4_34, i32 %B_fifo4_66, i32 %A_fifo4_35, i32 %B_fifo4_67, i32 %v6611_3_7" [/home/silvenchen/Desktop/DitBlock/WorkDCT/DitBlock/kernel.cpp:12416]   --->   Operation 284 'call' 'call_ln12416' <Predicate = true> <Delay = 0.38> <CoreType = "Generic">   --->   Core 0 '' <Latency = 0> <II = 1> <Delay = 1.00> <Generic> <Opcode : >
ST_24 : Operation 285 [1/2] (0.38ns)   --->   "%call_ln12451 = call void @PE_kernel_QKT_6_4.1, i32 %A_fifo4_42, i32 %B_fifo4_58, i32 %A_fifo4_43, i32 %B_fifo4_59, i32 %v6611_4_6" [/home/silvenchen/Desktop/DitBlock/WorkDCT/DitBlock/kernel.cpp:12451]   --->   Operation 285 'call' 'call_ln12451' <Predicate = true> <Delay = 0.38> <CoreType = "Generic">   --->   Core 0 '' <Latency = 0> <II = 1> <Delay = 1.00> <Generic> <Opcode : >
ST_24 : Operation 286 [1/2] (0.38ns)   --->   "%call_ln12486 = call void @PE_kernel_QKT_5_5.1, i32 %A_fifo4_50, i32 %B_fifo4_50, i32 %A_fifo4_51, i32 %B_fifo4_51, i32 %v6611_5_5" [/home/silvenchen/Desktop/DitBlock/WorkDCT/DitBlock/kernel.cpp:12486]   --->   Operation 286 'call' 'call_ln12486' <Predicate = true> <Delay = 0.38> <CoreType = "Generic">   --->   Core 0 '' <Latency = 0> <II = 1> <Delay = 1.00> <Generic> <Opcode : >
ST_24 : Operation 287 [1/2] (0.38ns)   --->   "%call_ln12521 = call void @PE_kernel_QKT_4_6.1, i32 %A_fifo4_58, i32 %B_fifo4_42, i32 %A_fifo4_59, i32 %B_fifo4_43, i32 %v6611_6_4" [/home/silvenchen/Desktop/DitBlock/WorkDCT/DitBlock/kernel.cpp:12521]   --->   Operation 287 'call' 'call_ln12521' <Predicate = true> <Delay = 0.38> <CoreType = "Generic">   --->   Core 0 '' <Latency = 0> <II = 1> <Delay = 1.00> <Generic> <Opcode : >
ST_24 : Operation 288 [1/2] (0.38ns)   --->   "%call_ln12556 = call void @PE_kernel_QKT_3_7.1, i32 %A_fifo4_66, i32 %B_fifo4_34, i32 %A_fifo4_67, i32 %B_fifo4_35, i32 %v6611_7_3" [/home/silvenchen/Desktop/DitBlock/WorkDCT/DitBlock/kernel.cpp:12556]   --->   Operation 288 'call' 'call_ln12556' <Predicate = true> <Delay = 0.38> <CoreType = "Generic">   --->   Core 0 '' <Latency = 0> <II = 1> <Delay = 1.00> <Generic> <Opcode : >

State 25 <SV = 24> <Delay = 0.00>
ST_25 : Operation 289 [2/2] (0.00ns)   --->   "%call_ln12456 = call void @PE_kernel_QKT_7_4.1, i32 %A_fifo4_43, i32 %B_fifo4_67, i32 %A_fifo4_44, i32 %B_fifo4_68, i32 %v6611_4_7" [/home/silvenchen/Desktop/DitBlock/WorkDCT/DitBlock/kernel.cpp:12456]   --->   Operation 289 'call' 'call_ln12456' <Predicate = true> <Delay = 0.00> <CoreType = "Generic">   --->   Core 0 '' <Latency = 0> <II = 1> <Delay = 1.00> <Generic> <Opcode : >
ST_25 : Operation 290 [2/2] (0.00ns)   --->   "%call_ln12491 = call void @PE_kernel_QKT_6_5.1, i32 %A_fifo4_51, i32 %B_fifo4_59, i32 %A_fifo4_52, i32 %B_fifo4_60, i32 %v6611_5_6" [/home/silvenchen/Desktop/DitBlock/WorkDCT/DitBlock/kernel.cpp:12491]   --->   Operation 290 'call' 'call_ln12491' <Predicate = true> <Delay = 0.00> <CoreType = "Generic">   --->   Core 0 '' <Latency = 0> <II = 1> <Delay = 1.00> <Generic> <Opcode : >
ST_25 : Operation 291 [2/2] (0.00ns)   --->   "%call_ln12526 = call void @PE_kernel_QKT_5_6.1, i32 %A_fifo4_59, i32 %B_fifo4_51, i32 %A_fifo4_60, i32 %B_fifo4_52, i32 %v6611_6_5" [/home/silvenchen/Desktop/DitBlock/WorkDCT/DitBlock/kernel.cpp:12526]   --->   Operation 291 'call' 'call_ln12526' <Predicate = true> <Delay = 0.00> <CoreType = "Generic">   --->   Core 0 '' <Latency = 0> <II = 1> <Delay = 1.00> <Generic> <Opcode : >
ST_25 : Operation 292 [2/2] (0.00ns)   --->   "%call_ln12561 = call void @PE_kernel_QKT_4_7.1, i32 %A_fifo4_67, i32 %B_fifo4_43, i32 %A_fifo4_68, i32 %B_fifo4_44, i32 %v6611_7_4" [/home/silvenchen/Desktop/DitBlock/WorkDCT/DitBlock/kernel.cpp:12561]   --->   Operation 292 'call' 'call_ln12561' <Predicate = true> <Delay = 0.00> <CoreType = "Generic">   --->   Core 0 '' <Latency = 0> <II = 1> <Delay = 1.00> <Generic> <Opcode : >

State 26 <SV = 25> <Delay = 0.38>
ST_26 : Operation 293 [1/2] (0.38ns)   --->   "%call_ln12456 = call void @PE_kernel_QKT_7_4.1, i32 %A_fifo4_43, i32 %B_fifo4_67, i32 %A_fifo4_44, i32 %B_fifo4_68, i32 %v6611_4_7" [/home/silvenchen/Desktop/DitBlock/WorkDCT/DitBlock/kernel.cpp:12456]   --->   Operation 293 'call' 'call_ln12456' <Predicate = true> <Delay = 0.38> <CoreType = "Generic">   --->   Core 0 '' <Latency = 0> <II = 1> <Delay = 1.00> <Generic> <Opcode : >
ST_26 : Operation 294 [1/2] (0.38ns)   --->   "%call_ln12491 = call void @PE_kernel_QKT_6_5.1, i32 %A_fifo4_51, i32 %B_fifo4_59, i32 %A_fifo4_52, i32 %B_fifo4_60, i32 %v6611_5_6" [/home/silvenchen/Desktop/DitBlock/WorkDCT/DitBlock/kernel.cpp:12491]   --->   Operation 294 'call' 'call_ln12491' <Predicate = true> <Delay = 0.38> <CoreType = "Generic">   --->   Core 0 '' <Latency = 0> <II = 1> <Delay = 1.00> <Generic> <Opcode : >
ST_26 : Operation 295 [1/2] (0.38ns)   --->   "%call_ln12526 = call void @PE_kernel_QKT_5_6.1, i32 %A_fifo4_59, i32 %B_fifo4_51, i32 %A_fifo4_60, i32 %B_fifo4_52, i32 %v6611_6_5" [/home/silvenchen/Desktop/DitBlock/WorkDCT/DitBlock/kernel.cpp:12526]   --->   Operation 295 'call' 'call_ln12526' <Predicate = true> <Delay = 0.38> <CoreType = "Generic">   --->   Core 0 '' <Latency = 0> <II = 1> <Delay = 1.00> <Generic> <Opcode : >
ST_26 : Operation 296 [1/2] (0.38ns)   --->   "%call_ln12561 = call void @PE_kernel_QKT_4_7.1, i32 %A_fifo4_67, i32 %B_fifo4_43, i32 %A_fifo4_68, i32 %B_fifo4_44, i32 %v6611_7_4" [/home/silvenchen/Desktop/DitBlock/WorkDCT/DitBlock/kernel.cpp:12561]   --->   Operation 296 'call' 'call_ln12561' <Predicate = true> <Delay = 0.38> <CoreType = "Generic">   --->   Core 0 '' <Latency = 0> <II = 1> <Delay = 1.00> <Generic> <Opcode : >

State 27 <SV = 26> <Delay = 0.00>
ST_27 : Operation 297 [2/2] (0.00ns)   --->   "%call_ln12496 = call void @PE_kernel_QKT_7_5.1, i32 %A_fifo4_52, i32 %B_fifo4_68, i32 %A_fifo4_53, i32 %B_fifo4_69, i32 %v6611_5_7" [/home/silvenchen/Desktop/DitBlock/WorkDCT/DitBlock/kernel.cpp:12496]   --->   Operation 297 'call' 'call_ln12496' <Predicate = true> <Delay = 0.00> <CoreType = "Generic">   --->   Core 0 '' <Latency = 0> <II = 1> <Delay = 1.00> <Generic> <Opcode : >
ST_27 : Operation 298 [2/2] (0.00ns)   --->   "%call_ln12531 = call void @PE_kernel_QKT_6_6.1, i32 %A_fifo4_60, i32 %B_fifo4_60, i32 %A_fifo4_61, i32 %B_fifo4_61, i32 %v6611_6_6" [/home/silvenchen/Desktop/DitBlock/WorkDCT/DitBlock/kernel.cpp:12531]   --->   Operation 298 'call' 'call_ln12531' <Predicate = true> <Delay = 0.00> <CoreType = "Generic">   --->   Core 0 '' <Latency = 0> <II = 1> <Delay = 1.00> <Generic> <Opcode : >
ST_27 : Operation 299 [2/2] (0.00ns)   --->   "%call_ln12566 = call void @PE_kernel_QKT_5_7.1, i32 %A_fifo4_68, i32 %B_fifo4_52, i32 %A_fifo4_69, i32 %B_fifo4_53, i32 %v6611_7_5" [/home/silvenchen/Desktop/DitBlock/WorkDCT/DitBlock/kernel.cpp:12566]   --->   Operation 299 'call' 'call_ln12566' <Predicate = true> <Delay = 0.00> <CoreType = "Generic">   --->   Core 0 '' <Latency = 0> <II = 1> <Delay = 1.00> <Generic> <Opcode : >

State 28 <SV = 27> <Delay = 0.38>
ST_28 : Operation 300 [1/2] (0.38ns)   --->   "%call_ln12496 = call void @PE_kernel_QKT_7_5.1, i32 %A_fifo4_52, i32 %B_fifo4_68, i32 %A_fifo4_53, i32 %B_fifo4_69, i32 %v6611_5_7" [/home/silvenchen/Desktop/DitBlock/WorkDCT/DitBlock/kernel.cpp:12496]   --->   Operation 300 'call' 'call_ln12496' <Predicate = true> <Delay = 0.38> <CoreType = "Generic">   --->   Core 0 '' <Latency = 0> <II = 1> <Delay = 1.00> <Generic> <Opcode : >
ST_28 : Operation 301 [1/2] (0.38ns)   --->   "%call_ln12531 = call void @PE_kernel_QKT_6_6.1, i32 %A_fifo4_60, i32 %B_fifo4_60, i32 %A_fifo4_61, i32 %B_fifo4_61, i32 %v6611_6_6" [/home/silvenchen/Desktop/DitBlock/WorkDCT/DitBlock/kernel.cpp:12531]   --->   Operation 301 'call' 'call_ln12531' <Predicate = true> <Delay = 0.38> <CoreType = "Generic">   --->   Core 0 '' <Latency = 0> <II = 1> <Delay = 1.00> <Generic> <Opcode : >
ST_28 : Operation 302 [1/2] (0.38ns)   --->   "%call_ln12566 = call void @PE_kernel_QKT_5_7.1, i32 %A_fifo4_68, i32 %B_fifo4_52, i32 %A_fifo4_69, i32 %B_fifo4_53, i32 %v6611_7_5" [/home/silvenchen/Desktop/DitBlock/WorkDCT/DitBlock/kernel.cpp:12566]   --->   Operation 302 'call' 'call_ln12566' <Predicate = true> <Delay = 0.38> <CoreType = "Generic">   --->   Core 0 '' <Latency = 0> <II = 1> <Delay = 1.00> <Generic> <Opcode : >

State 29 <SV = 28> <Delay = 0.00>
ST_29 : Operation 303 [2/2] (0.00ns)   --->   "%call_ln12536 = call void @PE_kernel_QKT_7_6.1, i32 %A_fifo4_61, i32 %B_fifo4_69, i32 %A_fifo4_62, i32 %B_fifo4_70, i32 %v6611_6_7" [/home/silvenchen/Desktop/DitBlock/WorkDCT/DitBlock/kernel.cpp:12536]   --->   Operation 303 'call' 'call_ln12536' <Predicate = true> <Delay = 0.00> <CoreType = "Generic">   --->   Core 0 '' <Latency = 0> <II = 1> <Delay = 1.00> <Generic> <Opcode : >
ST_29 : Operation 304 [2/2] (0.00ns)   --->   "%call_ln12571 = call void @PE_kernel_QKT_6_7.1, i32 %A_fifo4_69, i32 %B_fifo4_61, i32 %A_fifo4_70, i32 %B_fifo4_62, i32 %v6611_7_6" [/home/silvenchen/Desktop/DitBlock/WorkDCT/DitBlock/kernel.cpp:12571]   --->   Operation 304 'call' 'call_ln12571' <Predicate = true> <Delay = 0.00> <CoreType = "Generic">   --->   Core 0 '' <Latency = 0> <II = 1> <Delay = 1.00> <Generic> <Opcode : >

State 30 <SV = 29> <Delay = 0.38>
ST_30 : Operation 305 [1/2] (0.38ns)   --->   "%call_ln12536 = call void @PE_kernel_QKT_7_6.1, i32 %A_fifo4_61, i32 %B_fifo4_69, i32 %A_fifo4_62, i32 %B_fifo4_70, i32 %v6611_6_7" [/home/silvenchen/Desktop/DitBlock/WorkDCT/DitBlock/kernel.cpp:12536]   --->   Operation 305 'call' 'call_ln12536' <Predicate = true> <Delay = 0.38> <CoreType = "Generic">   --->   Core 0 '' <Latency = 0> <II = 1> <Delay = 1.00> <Generic> <Opcode : >
ST_30 : Operation 306 [1/2] (0.38ns)   --->   "%call_ln12571 = call void @PE_kernel_QKT_6_7.1, i32 %A_fifo4_69, i32 %B_fifo4_61, i32 %A_fifo4_70, i32 %B_fifo4_62, i32 %v6611_7_6" [/home/silvenchen/Desktop/DitBlock/WorkDCT/DitBlock/kernel.cpp:12571]   --->   Operation 306 'call' 'call_ln12571' <Predicate = true> <Delay = 0.38> <CoreType = "Generic">   --->   Core 0 '' <Latency = 0> <II = 1> <Delay = 1.00> <Generic> <Opcode : >

State 31 <SV = 30> <Delay = 0.00>
ST_31 : Operation 307 [2/2] (0.00ns)   --->   "%call_ln12576 = call void @PE_kernel_QKT_7_7.1, i32 %A_fifo4_70, i32 %B_fifo4_70, i32 %A_fifo4_71, i32 %B_fifo4_71, i32 %v6611_7_7" [/home/silvenchen/Desktop/DitBlock/WorkDCT/DitBlock/kernel.cpp:12576]   --->   Operation 307 'call' 'call_ln12576' <Predicate = true> <Delay = 0.00> <CoreType = "Generic">   --->   Core 0 '' <Latency = 0> <II = 1> <Delay = 1.00> <Generic> <Opcode : >

State 32 <SV = 31> <Delay = 0.38>
ST_32 : Operation 308 [1/2] (0.38ns)   --->   "%call_ln12576 = call void @PE_kernel_QKT_7_7.1, i32 %A_fifo4_70, i32 %B_fifo4_70, i32 %A_fifo4_71, i32 %B_fifo4_71, i32 %v6611_7_7" [/home/silvenchen/Desktop/DitBlock/WorkDCT/DitBlock/kernel.cpp:12576]   --->   Operation 308 'call' 'call_ln12576' <Predicate = true> <Delay = 0.38> <CoreType = "Generic">   --->   Core 0 '' <Latency = 0> <II = 1> <Delay = 1.00> <Generic> <Opcode : >

State 33 <SV = 32> <Delay = 0.00>
ST_33 : Operation 309 [2/2] (0.00ns)   --->   "%call_ln0 = call void @systolic_tile_QKT_Loop_l_data_drain_k273_proc27, i32 %A_fifo4_8, i32 %A_fifo4_17, i32 %A_fifo4_26, i32 %A_fifo4_35, i32 %A_fifo4_44, i32 %A_fifo4_53, i32 %A_fifo4_62, i32 %A_fifo4_71, i32 %B_fifo4_8, i32 %B_fifo4_17, i32 %B_fifo4_26, i32 %B_fifo4_35, i32 %B_fifo4_44, i32 %B_fifo4_53, i32 %B_fifo4_62, i32 %B_fifo4_71"   --->   Operation 309 'call' 'call_ln0' <Predicate = true> <Delay = 0.00> <CoreType = "Generic">   --->   Core 0 '' <Latency = 0> <II = 1> <Delay = 1.00> <Generic> <Opcode : >

State 34 <SV = 33> <Delay = 0.00>
ST_34 : Operation 310 [1/1] (0.00ns)   --->   "%specdataflowpipeline_ln12233 = specdataflowpipeline void @_ssdm_op_SpecDataflowPipeline, i32 4294967295, i32 0, void @empty_219" [/home/silvenchen/Desktop/DitBlock/WorkDCT/DitBlock/kernel.cpp:12233]   --->   Operation 310 'specdataflowpipeline' 'specdataflowpipeline_ln12233' <Predicate = true> <Delay = 0.00>
ST_34 : Operation 311 [1/1] (0.00ns)   --->   "%empty = specchannel i32 @_ssdm_op_SpecChannel, void @A_fifo4_str, i32 1, void @p_str, void @p_str, i32 9, i32 9, i32 %A_fifo4, i32 %A_fifo4"   --->   Operation 311 'specchannel' 'empty' <Predicate = true> <Delay = 0.00>
ST_34 : Operation 312 [1/1] (0.00ns)   --->   "%specinterface_ln0 = specinterface void @_ssdm_op_SpecInterface, i32 %A_fifo4, void @empty_215, i32 0, i32 0, void @empty_219, i32 0, i32 0, void @empty_219, void @empty_219, void @empty_219, i32 0, i32 0, i32 0, i32 0, void @empty_219, void @empty_219, i32 4294967295, i32 0"   --->   Operation 312 'specinterface' 'specinterface_ln0' <Predicate = true> <Delay = 0.00>
ST_34 : Operation 313 [1/1] (0.00ns)   --->   "%empty_453 = specchannel i32 @_ssdm_op_SpecChannel, void @A_fifo4_OC_1_str, i32 1, void @p_str, void @p_str, i32 9, i32 9, i32 %A_fifo4_1, i32 %A_fifo4_1"   --->   Operation 313 'specchannel' 'empty_453' <Predicate = true> <Delay = 0.00>
ST_34 : Operation 314 [1/1] (0.00ns)   --->   "%specinterface_ln0 = specinterface void @_ssdm_op_SpecInterface, i32 %A_fifo4_1, void @empty_215, i32 0, i32 0, void @empty_219, i32 0, i32 0, void @empty_219, void @empty_219, void @empty_219, i32 0, i32 0, i32 0, i32 0, void @empty_219, void @empty_219, i32 4294967295, i32 0"   --->   Operation 314 'specinterface' 'specinterface_ln0' <Predicate = true> <Delay = 0.00>
ST_34 : Operation 315 [1/1] (0.00ns)   --->   "%empty_454 = specchannel i32 @_ssdm_op_SpecChannel, void @A_fifo4_OC_2_str, i32 1, void @p_str, void @p_str, i32 9, i32 9, i32 %A_fifo4_2, i32 %A_fifo4_2"   --->   Operation 315 'specchannel' 'empty_454' <Predicate = true> <Delay = 0.00>
ST_34 : Operation 316 [1/1] (0.00ns)   --->   "%specinterface_ln0 = specinterface void @_ssdm_op_SpecInterface, i32 %A_fifo4_2, void @empty_215, i32 0, i32 0, void @empty_219, i32 0, i32 0, void @empty_219, void @empty_219, void @empty_219, i32 0, i32 0, i32 0, i32 0, void @empty_219, void @empty_219, i32 4294967295, i32 0"   --->   Operation 316 'specinterface' 'specinterface_ln0' <Predicate = true> <Delay = 0.00>
ST_34 : Operation 317 [1/1] (0.00ns)   --->   "%empty_455 = specchannel i32 @_ssdm_op_SpecChannel, void @A_fifo4_OC_3_str, i32 1, void @p_str, void @p_str, i32 9, i32 9, i32 %A_fifo4_3, i32 %A_fifo4_3"   --->   Operation 317 'specchannel' 'empty_455' <Predicate = true> <Delay = 0.00>
ST_34 : Operation 318 [1/1] (0.00ns)   --->   "%specinterface_ln0 = specinterface void @_ssdm_op_SpecInterface, i32 %A_fifo4_3, void @empty_215, i32 0, i32 0, void @empty_219, i32 0, i32 0, void @empty_219, void @empty_219, void @empty_219, i32 0, i32 0, i32 0, i32 0, void @empty_219, void @empty_219, i32 4294967295, i32 0"   --->   Operation 318 'specinterface' 'specinterface_ln0' <Predicate = true> <Delay = 0.00>
ST_34 : Operation 319 [1/1] (0.00ns)   --->   "%empty_456 = specchannel i32 @_ssdm_op_SpecChannel, void @A_fifo4_OC_4_str, i32 1, void @p_str, void @p_str, i32 9, i32 9, i32 %A_fifo4_4, i32 %A_fifo4_4"   --->   Operation 319 'specchannel' 'empty_456' <Predicate = true> <Delay = 0.00>
ST_34 : Operation 320 [1/1] (0.00ns)   --->   "%specinterface_ln0 = specinterface void @_ssdm_op_SpecInterface, i32 %A_fifo4_4, void @empty_215, i32 0, i32 0, void @empty_219, i32 0, i32 0, void @empty_219, void @empty_219, void @empty_219, i32 0, i32 0, i32 0, i32 0, void @empty_219, void @empty_219, i32 4294967295, i32 0"   --->   Operation 320 'specinterface' 'specinterface_ln0' <Predicate = true> <Delay = 0.00>
ST_34 : Operation 321 [1/1] (0.00ns)   --->   "%empty_457 = specchannel i32 @_ssdm_op_SpecChannel, void @A_fifo4_OC_5_str, i32 1, void @p_str, void @p_str, i32 9, i32 9, i32 %A_fifo4_5, i32 %A_fifo4_5"   --->   Operation 321 'specchannel' 'empty_457' <Predicate = true> <Delay = 0.00>
ST_34 : Operation 322 [1/1] (0.00ns)   --->   "%specinterface_ln0 = specinterface void @_ssdm_op_SpecInterface, i32 %A_fifo4_5, void @empty_215, i32 0, i32 0, void @empty_219, i32 0, i32 0, void @empty_219, void @empty_219, void @empty_219, i32 0, i32 0, i32 0, i32 0, void @empty_219, void @empty_219, i32 4294967295, i32 0"   --->   Operation 322 'specinterface' 'specinterface_ln0' <Predicate = true> <Delay = 0.00>
ST_34 : Operation 323 [1/1] (0.00ns)   --->   "%empty_458 = specchannel i32 @_ssdm_op_SpecChannel, void @A_fifo4_OC_6_str, i32 1, void @p_str, void @p_str, i32 9, i32 9, i32 %A_fifo4_6, i32 %A_fifo4_6"   --->   Operation 323 'specchannel' 'empty_458' <Predicate = true> <Delay = 0.00>
ST_34 : Operation 324 [1/1] (0.00ns)   --->   "%specinterface_ln0 = specinterface void @_ssdm_op_SpecInterface, i32 %A_fifo4_6, void @empty_215, i32 0, i32 0, void @empty_219, i32 0, i32 0, void @empty_219, void @empty_219, void @empty_219, i32 0, i32 0, i32 0, i32 0, void @empty_219, void @empty_219, i32 4294967295, i32 0"   --->   Operation 324 'specinterface' 'specinterface_ln0' <Predicate = true> <Delay = 0.00>
ST_34 : Operation 325 [1/1] (0.00ns)   --->   "%empty_459 = specchannel i32 @_ssdm_op_SpecChannel, void @A_fifo4_OC_7_str, i32 1, void @p_str, void @p_str, i32 9, i32 9, i32 %A_fifo4_7, i32 %A_fifo4_7"   --->   Operation 325 'specchannel' 'empty_459' <Predicate = true> <Delay = 0.00>
ST_34 : Operation 326 [1/1] (0.00ns)   --->   "%specinterface_ln0 = specinterface void @_ssdm_op_SpecInterface, i32 %A_fifo4_7, void @empty_215, i32 0, i32 0, void @empty_219, i32 0, i32 0, void @empty_219, void @empty_219, void @empty_219, i32 0, i32 0, i32 0, i32 0, void @empty_219, void @empty_219, i32 4294967295, i32 0"   --->   Operation 326 'specinterface' 'specinterface_ln0' <Predicate = true> <Delay = 0.00>
ST_34 : Operation 327 [1/1] (0.00ns)   --->   "%empty_460 = specchannel i32 @_ssdm_op_SpecChannel, void @A_fifo4_OC_8_str, i32 1, void @p_str, void @p_str, i32 9, i32 9, i32 %A_fifo4_8, i32 %A_fifo4_8"   --->   Operation 327 'specchannel' 'empty_460' <Predicate = true> <Delay = 0.00>
ST_34 : Operation 328 [1/1] (0.00ns)   --->   "%specinterface_ln0 = specinterface void @_ssdm_op_SpecInterface, i32 %A_fifo4_8, void @empty_215, i32 0, i32 0, void @empty_219, i32 0, i32 0, void @empty_219, void @empty_219, void @empty_219, i32 0, i32 0, i32 0, i32 0, void @empty_219, void @empty_219, i32 4294967295, i32 0"   --->   Operation 328 'specinterface' 'specinterface_ln0' <Predicate = true> <Delay = 0.00>
ST_34 : Operation 329 [1/1] (0.00ns)   --->   "%empty_461 = specchannel i32 @_ssdm_op_SpecChannel, void @A_fifo4_OC_9_str, i32 1, void @p_str, void @p_str, i32 9, i32 9, i32 %A_fifo4_9, i32 %A_fifo4_9"   --->   Operation 329 'specchannel' 'empty_461' <Predicate = true> <Delay = 0.00>
ST_34 : Operation 330 [1/1] (0.00ns)   --->   "%specinterface_ln0 = specinterface void @_ssdm_op_SpecInterface, i32 %A_fifo4_9, void @empty_215, i32 0, i32 0, void @empty_219, i32 0, i32 0, void @empty_219, void @empty_219, void @empty_219, i32 0, i32 0, i32 0, i32 0, void @empty_219, void @empty_219, i32 4294967295, i32 0"   --->   Operation 330 'specinterface' 'specinterface_ln0' <Predicate = true> <Delay = 0.00>
ST_34 : Operation 331 [1/1] (0.00ns)   --->   "%empty_462 = specchannel i32 @_ssdm_op_SpecChannel, void @A_fifo4_OC_10_str, i32 1, void @p_str, void @p_str, i32 9, i32 9, i32 %A_fifo4_10, i32 %A_fifo4_10"   --->   Operation 331 'specchannel' 'empty_462' <Predicate = true> <Delay = 0.00>
ST_34 : Operation 332 [1/1] (0.00ns)   --->   "%specinterface_ln0 = specinterface void @_ssdm_op_SpecInterface, i32 %A_fifo4_10, void @empty_215, i32 0, i32 0, void @empty_219, i32 0, i32 0, void @empty_219, void @empty_219, void @empty_219, i32 0, i32 0, i32 0, i32 0, void @empty_219, void @empty_219, i32 4294967295, i32 0"   --->   Operation 332 'specinterface' 'specinterface_ln0' <Predicate = true> <Delay = 0.00>
ST_34 : Operation 333 [1/1] (0.00ns)   --->   "%empty_463 = specchannel i32 @_ssdm_op_SpecChannel, void @A_fifo4_OC_11_str, i32 1, void @p_str, void @p_str, i32 9, i32 9, i32 %A_fifo4_11, i32 %A_fifo4_11"   --->   Operation 333 'specchannel' 'empty_463' <Predicate = true> <Delay = 0.00>
ST_34 : Operation 334 [1/1] (0.00ns)   --->   "%specinterface_ln0 = specinterface void @_ssdm_op_SpecInterface, i32 %A_fifo4_11, void @empty_215, i32 0, i32 0, void @empty_219, i32 0, i32 0, void @empty_219, void @empty_219, void @empty_219, i32 0, i32 0, i32 0, i32 0, void @empty_219, void @empty_219, i32 4294967295, i32 0"   --->   Operation 334 'specinterface' 'specinterface_ln0' <Predicate = true> <Delay = 0.00>
ST_34 : Operation 335 [1/1] (0.00ns)   --->   "%empty_464 = specchannel i32 @_ssdm_op_SpecChannel, void @A_fifo4_OC_12_str, i32 1, void @p_str, void @p_str, i32 9, i32 9, i32 %A_fifo4_12, i32 %A_fifo4_12"   --->   Operation 335 'specchannel' 'empty_464' <Predicate = true> <Delay = 0.00>
ST_34 : Operation 336 [1/1] (0.00ns)   --->   "%specinterface_ln0 = specinterface void @_ssdm_op_SpecInterface, i32 %A_fifo4_12, void @empty_215, i32 0, i32 0, void @empty_219, i32 0, i32 0, void @empty_219, void @empty_219, void @empty_219, i32 0, i32 0, i32 0, i32 0, void @empty_219, void @empty_219, i32 4294967295, i32 0"   --->   Operation 336 'specinterface' 'specinterface_ln0' <Predicate = true> <Delay = 0.00>
ST_34 : Operation 337 [1/1] (0.00ns)   --->   "%empty_465 = specchannel i32 @_ssdm_op_SpecChannel, void @A_fifo4_OC_13_str, i32 1, void @p_str, void @p_str, i32 9, i32 9, i32 %A_fifo4_13, i32 %A_fifo4_13"   --->   Operation 337 'specchannel' 'empty_465' <Predicate = true> <Delay = 0.00>
ST_34 : Operation 338 [1/1] (0.00ns)   --->   "%specinterface_ln0 = specinterface void @_ssdm_op_SpecInterface, i32 %A_fifo4_13, void @empty_215, i32 0, i32 0, void @empty_219, i32 0, i32 0, void @empty_219, void @empty_219, void @empty_219, i32 0, i32 0, i32 0, i32 0, void @empty_219, void @empty_219, i32 4294967295, i32 0"   --->   Operation 338 'specinterface' 'specinterface_ln0' <Predicate = true> <Delay = 0.00>
ST_34 : Operation 339 [1/1] (0.00ns)   --->   "%empty_466 = specchannel i32 @_ssdm_op_SpecChannel, void @A_fifo4_OC_14_str, i32 1, void @p_str, void @p_str, i32 9, i32 9, i32 %A_fifo4_14, i32 %A_fifo4_14"   --->   Operation 339 'specchannel' 'empty_466' <Predicate = true> <Delay = 0.00>
ST_34 : Operation 340 [1/1] (0.00ns)   --->   "%specinterface_ln0 = specinterface void @_ssdm_op_SpecInterface, i32 %A_fifo4_14, void @empty_215, i32 0, i32 0, void @empty_219, i32 0, i32 0, void @empty_219, void @empty_219, void @empty_219, i32 0, i32 0, i32 0, i32 0, void @empty_219, void @empty_219, i32 4294967295, i32 0"   --->   Operation 340 'specinterface' 'specinterface_ln0' <Predicate = true> <Delay = 0.00>
ST_34 : Operation 341 [1/1] (0.00ns)   --->   "%empty_467 = specchannel i32 @_ssdm_op_SpecChannel, void @A_fifo4_OC_15_str, i32 1, void @p_str, void @p_str, i32 9, i32 9, i32 %A_fifo4_15, i32 %A_fifo4_15"   --->   Operation 341 'specchannel' 'empty_467' <Predicate = true> <Delay = 0.00>
ST_34 : Operation 342 [1/1] (0.00ns)   --->   "%specinterface_ln0 = specinterface void @_ssdm_op_SpecInterface, i32 %A_fifo4_15, void @empty_215, i32 0, i32 0, void @empty_219, i32 0, i32 0, void @empty_219, void @empty_219, void @empty_219, i32 0, i32 0, i32 0, i32 0, void @empty_219, void @empty_219, i32 4294967295, i32 0"   --->   Operation 342 'specinterface' 'specinterface_ln0' <Predicate = true> <Delay = 0.00>
ST_34 : Operation 343 [1/1] (0.00ns)   --->   "%empty_468 = specchannel i32 @_ssdm_op_SpecChannel, void @A_fifo4_OC_16_str, i32 1, void @p_str, void @p_str, i32 9, i32 9, i32 %A_fifo4_16, i32 %A_fifo4_16"   --->   Operation 343 'specchannel' 'empty_468' <Predicate = true> <Delay = 0.00>
ST_34 : Operation 344 [1/1] (0.00ns)   --->   "%specinterface_ln0 = specinterface void @_ssdm_op_SpecInterface, i32 %A_fifo4_16, void @empty_215, i32 0, i32 0, void @empty_219, i32 0, i32 0, void @empty_219, void @empty_219, void @empty_219, i32 0, i32 0, i32 0, i32 0, void @empty_219, void @empty_219, i32 4294967295, i32 0"   --->   Operation 344 'specinterface' 'specinterface_ln0' <Predicate = true> <Delay = 0.00>
ST_34 : Operation 345 [1/1] (0.00ns)   --->   "%empty_469 = specchannel i32 @_ssdm_op_SpecChannel, void @A_fifo4_OC_17_str, i32 1, void @p_str, void @p_str, i32 9, i32 9, i32 %A_fifo4_17, i32 %A_fifo4_17"   --->   Operation 345 'specchannel' 'empty_469' <Predicate = true> <Delay = 0.00>
ST_34 : Operation 346 [1/1] (0.00ns)   --->   "%specinterface_ln0 = specinterface void @_ssdm_op_SpecInterface, i32 %A_fifo4_17, void @empty_215, i32 0, i32 0, void @empty_219, i32 0, i32 0, void @empty_219, void @empty_219, void @empty_219, i32 0, i32 0, i32 0, i32 0, void @empty_219, void @empty_219, i32 4294967295, i32 0"   --->   Operation 346 'specinterface' 'specinterface_ln0' <Predicate = true> <Delay = 0.00>
ST_34 : Operation 347 [1/1] (0.00ns)   --->   "%empty_470 = specchannel i32 @_ssdm_op_SpecChannel, void @A_fifo4_OC_18_str, i32 1, void @p_str, void @p_str, i32 9, i32 9, i32 %A_fifo4_18, i32 %A_fifo4_18"   --->   Operation 347 'specchannel' 'empty_470' <Predicate = true> <Delay = 0.00>
ST_34 : Operation 348 [1/1] (0.00ns)   --->   "%specinterface_ln0 = specinterface void @_ssdm_op_SpecInterface, i32 %A_fifo4_18, void @empty_215, i32 0, i32 0, void @empty_219, i32 0, i32 0, void @empty_219, void @empty_219, void @empty_219, i32 0, i32 0, i32 0, i32 0, void @empty_219, void @empty_219, i32 4294967295, i32 0"   --->   Operation 348 'specinterface' 'specinterface_ln0' <Predicate = true> <Delay = 0.00>
ST_34 : Operation 349 [1/1] (0.00ns)   --->   "%empty_471 = specchannel i32 @_ssdm_op_SpecChannel, void @A_fifo4_OC_19_str, i32 1, void @p_str, void @p_str, i32 9, i32 9, i32 %A_fifo4_19, i32 %A_fifo4_19"   --->   Operation 349 'specchannel' 'empty_471' <Predicate = true> <Delay = 0.00>
ST_34 : Operation 350 [1/1] (0.00ns)   --->   "%specinterface_ln0 = specinterface void @_ssdm_op_SpecInterface, i32 %A_fifo4_19, void @empty_215, i32 0, i32 0, void @empty_219, i32 0, i32 0, void @empty_219, void @empty_219, void @empty_219, i32 0, i32 0, i32 0, i32 0, void @empty_219, void @empty_219, i32 4294967295, i32 0"   --->   Operation 350 'specinterface' 'specinterface_ln0' <Predicate = true> <Delay = 0.00>
ST_34 : Operation 351 [1/1] (0.00ns)   --->   "%empty_472 = specchannel i32 @_ssdm_op_SpecChannel, void @A_fifo4_OC_20_str, i32 1, void @p_str, void @p_str, i32 9, i32 9, i32 %A_fifo4_20, i32 %A_fifo4_20"   --->   Operation 351 'specchannel' 'empty_472' <Predicate = true> <Delay = 0.00>
ST_34 : Operation 352 [1/1] (0.00ns)   --->   "%specinterface_ln0 = specinterface void @_ssdm_op_SpecInterface, i32 %A_fifo4_20, void @empty_215, i32 0, i32 0, void @empty_219, i32 0, i32 0, void @empty_219, void @empty_219, void @empty_219, i32 0, i32 0, i32 0, i32 0, void @empty_219, void @empty_219, i32 4294967295, i32 0"   --->   Operation 352 'specinterface' 'specinterface_ln0' <Predicate = true> <Delay = 0.00>
ST_34 : Operation 353 [1/1] (0.00ns)   --->   "%empty_473 = specchannel i32 @_ssdm_op_SpecChannel, void @A_fifo4_OC_21_str, i32 1, void @p_str, void @p_str, i32 9, i32 9, i32 %A_fifo4_21, i32 %A_fifo4_21"   --->   Operation 353 'specchannel' 'empty_473' <Predicate = true> <Delay = 0.00>
ST_34 : Operation 354 [1/1] (0.00ns)   --->   "%specinterface_ln0 = specinterface void @_ssdm_op_SpecInterface, i32 %A_fifo4_21, void @empty_215, i32 0, i32 0, void @empty_219, i32 0, i32 0, void @empty_219, void @empty_219, void @empty_219, i32 0, i32 0, i32 0, i32 0, void @empty_219, void @empty_219, i32 4294967295, i32 0"   --->   Operation 354 'specinterface' 'specinterface_ln0' <Predicate = true> <Delay = 0.00>
ST_34 : Operation 355 [1/1] (0.00ns)   --->   "%empty_474 = specchannel i32 @_ssdm_op_SpecChannel, void @A_fifo4_OC_22_str, i32 1, void @p_str, void @p_str, i32 9, i32 9, i32 %A_fifo4_22, i32 %A_fifo4_22"   --->   Operation 355 'specchannel' 'empty_474' <Predicate = true> <Delay = 0.00>
ST_34 : Operation 356 [1/1] (0.00ns)   --->   "%specinterface_ln0 = specinterface void @_ssdm_op_SpecInterface, i32 %A_fifo4_22, void @empty_215, i32 0, i32 0, void @empty_219, i32 0, i32 0, void @empty_219, void @empty_219, void @empty_219, i32 0, i32 0, i32 0, i32 0, void @empty_219, void @empty_219, i32 4294967295, i32 0"   --->   Operation 356 'specinterface' 'specinterface_ln0' <Predicate = true> <Delay = 0.00>
ST_34 : Operation 357 [1/1] (0.00ns)   --->   "%empty_475 = specchannel i32 @_ssdm_op_SpecChannel, void @A_fifo4_OC_23_str, i32 1, void @p_str, void @p_str, i32 9, i32 9, i32 %A_fifo4_23, i32 %A_fifo4_23"   --->   Operation 357 'specchannel' 'empty_475' <Predicate = true> <Delay = 0.00>
ST_34 : Operation 358 [1/1] (0.00ns)   --->   "%specinterface_ln0 = specinterface void @_ssdm_op_SpecInterface, i32 %A_fifo4_23, void @empty_215, i32 0, i32 0, void @empty_219, i32 0, i32 0, void @empty_219, void @empty_219, void @empty_219, i32 0, i32 0, i32 0, i32 0, void @empty_219, void @empty_219, i32 4294967295, i32 0"   --->   Operation 358 'specinterface' 'specinterface_ln0' <Predicate = true> <Delay = 0.00>
ST_34 : Operation 359 [1/1] (0.00ns)   --->   "%empty_476 = specchannel i32 @_ssdm_op_SpecChannel, void @A_fifo4_OC_24_str, i32 1, void @p_str, void @p_str, i32 9, i32 9, i32 %A_fifo4_24, i32 %A_fifo4_24"   --->   Operation 359 'specchannel' 'empty_476' <Predicate = true> <Delay = 0.00>
ST_34 : Operation 360 [1/1] (0.00ns)   --->   "%specinterface_ln0 = specinterface void @_ssdm_op_SpecInterface, i32 %A_fifo4_24, void @empty_215, i32 0, i32 0, void @empty_219, i32 0, i32 0, void @empty_219, void @empty_219, void @empty_219, i32 0, i32 0, i32 0, i32 0, void @empty_219, void @empty_219, i32 4294967295, i32 0"   --->   Operation 360 'specinterface' 'specinterface_ln0' <Predicate = true> <Delay = 0.00>
ST_34 : Operation 361 [1/1] (0.00ns)   --->   "%empty_477 = specchannel i32 @_ssdm_op_SpecChannel, void @A_fifo4_OC_25_str, i32 1, void @p_str, void @p_str, i32 9, i32 9, i32 %A_fifo4_25, i32 %A_fifo4_25"   --->   Operation 361 'specchannel' 'empty_477' <Predicate = true> <Delay = 0.00>
ST_34 : Operation 362 [1/1] (0.00ns)   --->   "%specinterface_ln0 = specinterface void @_ssdm_op_SpecInterface, i32 %A_fifo4_25, void @empty_215, i32 0, i32 0, void @empty_219, i32 0, i32 0, void @empty_219, void @empty_219, void @empty_219, i32 0, i32 0, i32 0, i32 0, void @empty_219, void @empty_219, i32 4294967295, i32 0"   --->   Operation 362 'specinterface' 'specinterface_ln0' <Predicate = true> <Delay = 0.00>
ST_34 : Operation 363 [1/1] (0.00ns)   --->   "%empty_478 = specchannel i32 @_ssdm_op_SpecChannel, void @A_fifo4_OC_26_str, i32 1, void @p_str, void @p_str, i32 9, i32 9, i32 %A_fifo4_26, i32 %A_fifo4_26"   --->   Operation 363 'specchannel' 'empty_478' <Predicate = true> <Delay = 0.00>
ST_34 : Operation 364 [1/1] (0.00ns)   --->   "%specinterface_ln0 = specinterface void @_ssdm_op_SpecInterface, i32 %A_fifo4_26, void @empty_215, i32 0, i32 0, void @empty_219, i32 0, i32 0, void @empty_219, void @empty_219, void @empty_219, i32 0, i32 0, i32 0, i32 0, void @empty_219, void @empty_219, i32 4294967295, i32 0"   --->   Operation 364 'specinterface' 'specinterface_ln0' <Predicate = true> <Delay = 0.00>
ST_34 : Operation 365 [1/1] (0.00ns)   --->   "%empty_479 = specchannel i32 @_ssdm_op_SpecChannel, void @A_fifo4_OC_27_str, i32 1, void @p_str, void @p_str, i32 9, i32 9, i32 %A_fifo4_27, i32 %A_fifo4_27"   --->   Operation 365 'specchannel' 'empty_479' <Predicate = true> <Delay = 0.00>
ST_34 : Operation 366 [1/1] (0.00ns)   --->   "%specinterface_ln0 = specinterface void @_ssdm_op_SpecInterface, i32 %A_fifo4_27, void @empty_215, i32 0, i32 0, void @empty_219, i32 0, i32 0, void @empty_219, void @empty_219, void @empty_219, i32 0, i32 0, i32 0, i32 0, void @empty_219, void @empty_219, i32 4294967295, i32 0"   --->   Operation 366 'specinterface' 'specinterface_ln0' <Predicate = true> <Delay = 0.00>
ST_34 : Operation 367 [1/1] (0.00ns)   --->   "%empty_480 = specchannel i32 @_ssdm_op_SpecChannel, void @A_fifo4_OC_28_str, i32 1, void @p_str, void @p_str, i32 9, i32 9, i32 %A_fifo4_28, i32 %A_fifo4_28"   --->   Operation 367 'specchannel' 'empty_480' <Predicate = true> <Delay = 0.00>
ST_34 : Operation 368 [1/1] (0.00ns)   --->   "%specinterface_ln0 = specinterface void @_ssdm_op_SpecInterface, i32 %A_fifo4_28, void @empty_215, i32 0, i32 0, void @empty_219, i32 0, i32 0, void @empty_219, void @empty_219, void @empty_219, i32 0, i32 0, i32 0, i32 0, void @empty_219, void @empty_219, i32 4294967295, i32 0"   --->   Operation 368 'specinterface' 'specinterface_ln0' <Predicate = true> <Delay = 0.00>
ST_34 : Operation 369 [1/1] (0.00ns)   --->   "%empty_481 = specchannel i32 @_ssdm_op_SpecChannel, void @A_fifo4_OC_29_str, i32 1, void @p_str, void @p_str, i32 9, i32 9, i32 %A_fifo4_29, i32 %A_fifo4_29"   --->   Operation 369 'specchannel' 'empty_481' <Predicate = true> <Delay = 0.00>
ST_34 : Operation 370 [1/1] (0.00ns)   --->   "%specinterface_ln0 = specinterface void @_ssdm_op_SpecInterface, i32 %A_fifo4_29, void @empty_215, i32 0, i32 0, void @empty_219, i32 0, i32 0, void @empty_219, void @empty_219, void @empty_219, i32 0, i32 0, i32 0, i32 0, void @empty_219, void @empty_219, i32 4294967295, i32 0"   --->   Operation 370 'specinterface' 'specinterface_ln0' <Predicate = true> <Delay = 0.00>
ST_34 : Operation 371 [1/1] (0.00ns)   --->   "%empty_482 = specchannel i32 @_ssdm_op_SpecChannel, void @A_fifo4_OC_30_str, i32 1, void @p_str, void @p_str, i32 9, i32 9, i32 %A_fifo4_30, i32 %A_fifo4_30"   --->   Operation 371 'specchannel' 'empty_482' <Predicate = true> <Delay = 0.00>
ST_34 : Operation 372 [1/1] (0.00ns)   --->   "%specinterface_ln0 = specinterface void @_ssdm_op_SpecInterface, i32 %A_fifo4_30, void @empty_215, i32 0, i32 0, void @empty_219, i32 0, i32 0, void @empty_219, void @empty_219, void @empty_219, i32 0, i32 0, i32 0, i32 0, void @empty_219, void @empty_219, i32 4294967295, i32 0"   --->   Operation 372 'specinterface' 'specinterface_ln0' <Predicate = true> <Delay = 0.00>
ST_34 : Operation 373 [1/1] (0.00ns)   --->   "%empty_483 = specchannel i32 @_ssdm_op_SpecChannel, void @A_fifo4_OC_31_str, i32 1, void @p_str, void @p_str, i32 9, i32 9, i32 %A_fifo4_31, i32 %A_fifo4_31"   --->   Operation 373 'specchannel' 'empty_483' <Predicate = true> <Delay = 0.00>
ST_34 : Operation 374 [1/1] (0.00ns)   --->   "%specinterface_ln0 = specinterface void @_ssdm_op_SpecInterface, i32 %A_fifo4_31, void @empty_215, i32 0, i32 0, void @empty_219, i32 0, i32 0, void @empty_219, void @empty_219, void @empty_219, i32 0, i32 0, i32 0, i32 0, void @empty_219, void @empty_219, i32 4294967295, i32 0"   --->   Operation 374 'specinterface' 'specinterface_ln0' <Predicate = true> <Delay = 0.00>
ST_34 : Operation 375 [1/1] (0.00ns)   --->   "%empty_484 = specchannel i32 @_ssdm_op_SpecChannel, void @A_fifo4_OC_32_str, i32 1, void @p_str, void @p_str, i32 9, i32 9, i32 %A_fifo4_32, i32 %A_fifo4_32"   --->   Operation 375 'specchannel' 'empty_484' <Predicate = true> <Delay = 0.00>
ST_34 : Operation 376 [1/1] (0.00ns)   --->   "%specinterface_ln0 = specinterface void @_ssdm_op_SpecInterface, i32 %A_fifo4_32, void @empty_215, i32 0, i32 0, void @empty_219, i32 0, i32 0, void @empty_219, void @empty_219, void @empty_219, i32 0, i32 0, i32 0, i32 0, void @empty_219, void @empty_219, i32 4294967295, i32 0"   --->   Operation 376 'specinterface' 'specinterface_ln0' <Predicate = true> <Delay = 0.00>
ST_34 : Operation 377 [1/1] (0.00ns)   --->   "%empty_485 = specchannel i32 @_ssdm_op_SpecChannel, void @A_fifo4_OC_33_str, i32 1, void @p_str, void @p_str, i32 9, i32 9, i32 %A_fifo4_33, i32 %A_fifo4_33"   --->   Operation 377 'specchannel' 'empty_485' <Predicate = true> <Delay = 0.00>
ST_34 : Operation 378 [1/1] (0.00ns)   --->   "%specinterface_ln0 = specinterface void @_ssdm_op_SpecInterface, i32 %A_fifo4_33, void @empty_215, i32 0, i32 0, void @empty_219, i32 0, i32 0, void @empty_219, void @empty_219, void @empty_219, i32 0, i32 0, i32 0, i32 0, void @empty_219, void @empty_219, i32 4294967295, i32 0"   --->   Operation 378 'specinterface' 'specinterface_ln0' <Predicate = true> <Delay = 0.00>
ST_34 : Operation 379 [1/1] (0.00ns)   --->   "%empty_486 = specchannel i32 @_ssdm_op_SpecChannel, void @A_fifo4_OC_34_str, i32 1, void @p_str, void @p_str, i32 9, i32 9, i32 %A_fifo4_34, i32 %A_fifo4_34"   --->   Operation 379 'specchannel' 'empty_486' <Predicate = true> <Delay = 0.00>
ST_34 : Operation 380 [1/1] (0.00ns)   --->   "%specinterface_ln0 = specinterface void @_ssdm_op_SpecInterface, i32 %A_fifo4_34, void @empty_215, i32 0, i32 0, void @empty_219, i32 0, i32 0, void @empty_219, void @empty_219, void @empty_219, i32 0, i32 0, i32 0, i32 0, void @empty_219, void @empty_219, i32 4294967295, i32 0"   --->   Operation 380 'specinterface' 'specinterface_ln0' <Predicate = true> <Delay = 0.00>
ST_34 : Operation 381 [1/1] (0.00ns)   --->   "%empty_487 = specchannel i32 @_ssdm_op_SpecChannel, void @A_fifo4_OC_35_str, i32 1, void @p_str, void @p_str, i32 9, i32 9, i32 %A_fifo4_35, i32 %A_fifo4_35"   --->   Operation 381 'specchannel' 'empty_487' <Predicate = true> <Delay = 0.00>
ST_34 : Operation 382 [1/1] (0.00ns)   --->   "%specinterface_ln0 = specinterface void @_ssdm_op_SpecInterface, i32 %A_fifo4_35, void @empty_215, i32 0, i32 0, void @empty_219, i32 0, i32 0, void @empty_219, void @empty_219, void @empty_219, i32 0, i32 0, i32 0, i32 0, void @empty_219, void @empty_219, i32 4294967295, i32 0"   --->   Operation 382 'specinterface' 'specinterface_ln0' <Predicate = true> <Delay = 0.00>
ST_34 : Operation 383 [1/1] (0.00ns)   --->   "%empty_488 = specchannel i32 @_ssdm_op_SpecChannel, void @A_fifo4_OC_36_str, i32 1, void @p_str, void @p_str, i32 9, i32 9, i32 %A_fifo4_36, i32 %A_fifo4_36"   --->   Operation 383 'specchannel' 'empty_488' <Predicate = true> <Delay = 0.00>
ST_34 : Operation 384 [1/1] (0.00ns)   --->   "%specinterface_ln0 = specinterface void @_ssdm_op_SpecInterface, i32 %A_fifo4_36, void @empty_215, i32 0, i32 0, void @empty_219, i32 0, i32 0, void @empty_219, void @empty_219, void @empty_219, i32 0, i32 0, i32 0, i32 0, void @empty_219, void @empty_219, i32 4294967295, i32 0"   --->   Operation 384 'specinterface' 'specinterface_ln0' <Predicate = true> <Delay = 0.00>
ST_34 : Operation 385 [1/1] (0.00ns)   --->   "%empty_489 = specchannel i32 @_ssdm_op_SpecChannel, void @A_fifo4_OC_37_str, i32 1, void @p_str, void @p_str, i32 9, i32 9, i32 %A_fifo4_37, i32 %A_fifo4_37"   --->   Operation 385 'specchannel' 'empty_489' <Predicate = true> <Delay = 0.00>
ST_34 : Operation 386 [1/1] (0.00ns)   --->   "%specinterface_ln0 = specinterface void @_ssdm_op_SpecInterface, i32 %A_fifo4_37, void @empty_215, i32 0, i32 0, void @empty_219, i32 0, i32 0, void @empty_219, void @empty_219, void @empty_219, i32 0, i32 0, i32 0, i32 0, void @empty_219, void @empty_219, i32 4294967295, i32 0"   --->   Operation 386 'specinterface' 'specinterface_ln0' <Predicate = true> <Delay = 0.00>
ST_34 : Operation 387 [1/1] (0.00ns)   --->   "%empty_490 = specchannel i32 @_ssdm_op_SpecChannel, void @A_fifo4_OC_38_str, i32 1, void @p_str, void @p_str, i32 9, i32 9, i32 %A_fifo4_38, i32 %A_fifo4_38"   --->   Operation 387 'specchannel' 'empty_490' <Predicate = true> <Delay = 0.00>
ST_34 : Operation 388 [1/1] (0.00ns)   --->   "%specinterface_ln0 = specinterface void @_ssdm_op_SpecInterface, i32 %A_fifo4_38, void @empty_215, i32 0, i32 0, void @empty_219, i32 0, i32 0, void @empty_219, void @empty_219, void @empty_219, i32 0, i32 0, i32 0, i32 0, void @empty_219, void @empty_219, i32 4294967295, i32 0"   --->   Operation 388 'specinterface' 'specinterface_ln0' <Predicate = true> <Delay = 0.00>
ST_34 : Operation 389 [1/1] (0.00ns)   --->   "%empty_491 = specchannel i32 @_ssdm_op_SpecChannel, void @A_fifo4_OC_39_str, i32 1, void @p_str, void @p_str, i32 9, i32 9, i32 %A_fifo4_39, i32 %A_fifo4_39"   --->   Operation 389 'specchannel' 'empty_491' <Predicate = true> <Delay = 0.00>
ST_34 : Operation 390 [1/1] (0.00ns)   --->   "%specinterface_ln0 = specinterface void @_ssdm_op_SpecInterface, i32 %A_fifo4_39, void @empty_215, i32 0, i32 0, void @empty_219, i32 0, i32 0, void @empty_219, void @empty_219, void @empty_219, i32 0, i32 0, i32 0, i32 0, void @empty_219, void @empty_219, i32 4294967295, i32 0"   --->   Operation 390 'specinterface' 'specinterface_ln0' <Predicate = true> <Delay = 0.00>
ST_34 : Operation 391 [1/1] (0.00ns)   --->   "%empty_492 = specchannel i32 @_ssdm_op_SpecChannel, void @A_fifo4_OC_40_str, i32 1, void @p_str, void @p_str, i32 9, i32 9, i32 %A_fifo4_40, i32 %A_fifo4_40"   --->   Operation 391 'specchannel' 'empty_492' <Predicate = true> <Delay = 0.00>
ST_34 : Operation 392 [1/1] (0.00ns)   --->   "%specinterface_ln0 = specinterface void @_ssdm_op_SpecInterface, i32 %A_fifo4_40, void @empty_215, i32 0, i32 0, void @empty_219, i32 0, i32 0, void @empty_219, void @empty_219, void @empty_219, i32 0, i32 0, i32 0, i32 0, void @empty_219, void @empty_219, i32 4294967295, i32 0"   --->   Operation 392 'specinterface' 'specinterface_ln0' <Predicate = true> <Delay = 0.00>
ST_34 : Operation 393 [1/1] (0.00ns)   --->   "%empty_493 = specchannel i32 @_ssdm_op_SpecChannel, void @A_fifo4_OC_41_str, i32 1, void @p_str, void @p_str, i32 9, i32 9, i32 %A_fifo4_41, i32 %A_fifo4_41"   --->   Operation 393 'specchannel' 'empty_493' <Predicate = true> <Delay = 0.00>
ST_34 : Operation 394 [1/1] (0.00ns)   --->   "%specinterface_ln0 = specinterface void @_ssdm_op_SpecInterface, i32 %A_fifo4_41, void @empty_215, i32 0, i32 0, void @empty_219, i32 0, i32 0, void @empty_219, void @empty_219, void @empty_219, i32 0, i32 0, i32 0, i32 0, void @empty_219, void @empty_219, i32 4294967295, i32 0"   --->   Operation 394 'specinterface' 'specinterface_ln0' <Predicate = true> <Delay = 0.00>
ST_34 : Operation 395 [1/1] (0.00ns)   --->   "%empty_494 = specchannel i32 @_ssdm_op_SpecChannel, void @A_fifo4_OC_42_str, i32 1, void @p_str, void @p_str, i32 9, i32 9, i32 %A_fifo4_42, i32 %A_fifo4_42"   --->   Operation 395 'specchannel' 'empty_494' <Predicate = true> <Delay = 0.00>
ST_34 : Operation 396 [1/1] (0.00ns)   --->   "%specinterface_ln0 = specinterface void @_ssdm_op_SpecInterface, i32 %A_fifo4_42, void @empty_215, i32 0, i32 0, void @empty_219, i32 0, i32 0, void @empty_219, void @empty_219, void @empty_219, i32 0, i32 0, i32 0, i32 0, void @empty_219, void @empty_219, i32 4294967295, i32 0"   --->   Operation 396 'specinterface' 'specinterface_ln0' <Predicate = true> <Delay = 0.00>
ST_34 : Operation 397 [1/1] (0.00ns)   --->   "%empty_495 = specchannel i32 @_ssdm_op_SpecChannel, void @A_fifo4_OC_43_str, i32 1, void @p_str, void @p_str, i32 9, i32 9, i32 %A_fifo4_43, i32 %A_fifo4_43"   --->   Operation 397 'specchannel' 'empty_495' <Predicate = true> <Delay = 0.00>
ST_34 : Operation 398 [1/1] (0.00ns)   --->   "%specinterface_ln0 = specinterface void @_ssdm_op_SpecInterface, i32 %A_fifo4_43, void @empty_215, i32 0, i32 0, void @empty_219, i32 0, i32 0, void @empty_219, void @empty_219, void @empty_219, i32 0, i32 0, i32 0, i32 0, void @empty_219, void @empty_219, i32 4294967295, i32 0"   --->   Operation 398 'specinterface' 'specinterface_ln0' <Predicate = true> <Delay = 0.00>
ST_34 : Operation 399 [1/1] (0.00ns)   --->   "%empty_496 = specchannel i32 @_ssdm_op_SpecChannel, void @A_fifo4_OC_44_str, i32 1, void @p_str, void @p_str, i32 9, i32 9, i32 %A_fifo4_44, i32 %A_fifo4_44"   --->   Operation 399 'specchannel' 'empty_496' <Predicate = true> <Delay = 0.00>
ST_34 : Operation 400 [1/1] (0.00ns)   --->   "%specinterface_ln0 = specinterface void @_ssdm_op_SpecInterface, i32 %A_fifo4_44, void @empty_215, i32 0, i32 0, void @empty_219, i32 0, i32 0, void @empty_219, void @empty_219, void @empty_219, i32 0, i32 0, i32 0, i32 0, void @empty_219, void @empty_219, i32 4294967295, i32 0"   --->   Operation 400 'specinterface' 'specinterface_ln0' <Predicate = true> <Delay = 0.00>
ST_34 : Operation 401 [1/1] (0.00ns)   --->   "%empty_497 = specchannel i32 @_ssdm_op_SpecChannel, void @A_fifo4_OC_45_str, i32 1, void @p_str, void @p_str, i32 9, i32 9, i32 %A_fifo4_45, i32 %A_fifo4_45"   --->   Operation 401 'specchannel' 'empty_497' <Predicate = true> <Delay = 0.00>
ST_34 : Operation 402 [1/1] (0.00ns)   --->   "%specinterface_ln0 = specinterface void @_ssdm_op_SpecInterface, i32 %A_fifo4_45, void @empty_215, i32 0, i32 0, void @empty_219, i32 0, i32 0, void @empty_219, void @empty_219, void @empty_219, i32 0, i32 0, i32 0, i32 0, void @empty_219, void @empty_219, i32 4294967295, i32 0"   --->   Operation 402 'specinterface' 'specinterface_ln0' <Predicate = true> <Delay = 0.00>
ST_34 : Operation 403 [1/1] (0.00ns)   --->   "%empty_498 = specchannel i32 @_ssdm_op_SpecChannel, void @A_fifo4_OC_46_str, i32 1, void @p_str, void @p_str, i32 9, i32 9, i32 %A_fifo4_46, i32 %A_fifo4_46"   --->   Operation 403 'specchannel' 'empty_498' <Predicate = true> <Delay = 0.00>
ST_34 : Operation 404 [1/1] (0.00ns)   --->   "%specinterface_ln0 = specinterface void @_ssdm_op_SpecInterface, i32 %A_fifo4_46, void @empty_215, i32 0, i32 0, void @empty_219, i32 0, i32 0, void @empty_219, void @empty_219, void @empty_219, i32 0, i32 0, i32 0, i32 0, void @empty_219, void @empty_219, i32 4294967295, i32 0"   --->   Operation 404 'specinterface' 'specinterface_ln0' <Predicate = true> <Delay = 0.00>
ST_34 : Operation 405 [1/1] (0.00ns)   --->   "%empty_499 = specchannel i32 @_ssdm_op_SpecChannel, void @A_fifo4_OC_47_str, i32 1, void @p_str, void @p_str, i32 9, i32 9, i32 %A_fifo4_47, i32 %A_fifo4_47"   --->   Operation 405 'specchannel' 'empty_499' <Predicate = true> <Delay = 0.00>
ST_34 : Operation 406 [1/1] (0.00ns)   --->   "%specinterface_ln0 = specinterface void @_ssdm_op_SpecInterface, i32 %A_fifo4_47, void @empty_215, i32 0, i32 0, void @empty_219, i32 0, i32 0, void @empty_219, void @empty_219, void @empty_219, i32 0, i32 0, i32 0, i32 0, void @empty_219, void @empty_219, i32 4294967295, i32 0"   --->   Operation 406 'specinterface' 'specinterface_ln0' <Predicate = true> <Delay = 0.00>
ST_34 : Operation 407 [1/1] (0.00ns)   --->   "%empty_500 = specchannel i32 @_ssdm_op_SpecChannel, void @A_fifo4_OC_48_str, i32 1, void @p_str, void @p_str, i32 9, i32 9, i32 %A_fifo4_48, i32 %A_fifo4_48"   --->   Operation 407 'specchannel' 'empty_500' <Predicate = true> <Delay = 0.00>
ST_34 : Operation 408 [1/1] (0.00ns)   --->   "%specinterface_ln0 = specinterface void @_ssdm_op_SpecInterface, i32 %A_fifo4_48, void @empty_215, i32 0, i32 0, void @empty_219, i32 0, i32 0, void @empty_219, void @empty_219, void @empty_219, i32 0, i32 0, i32 0, i32 0, void @empty_219, void @empty_219, i32 4294967295, i32 0"   --->   Operation 408 'specinterface' 'specinterface_ln0' <Predicate = true> <Delay = 0.00>
ST_34 : Operation 409 [1/1] (0.00ns)   --->   "%empty_501 = specchannel i32 @_ssdm_op_SpecChannel, void @A_fifo4_OC_49_str, i32 1, void @p_str, void @p_str, i32 9, i32 9, i32 %A_fifo4_49, i32 %A_fifo4_49"   --->   Operation 409 'specchannel' 'empty_501' <Predicate = true> <Delay = 0.00>
ST_34 : Operation 410 [1/1] (0.00ns)   --->   "%specinterface_ln0 = specinterface void @_ssdm_op_SpecInterface, i32 %A_fifo4_49, void @empty_215, i32 0, i32 0, void @empty_219, i32 0, i32 0, void @empty_219, void @empty_219, void @empty_219, i32 0, i32 0, i32 0, i32 0, void @empty_219, void @empty_219, i32 4294967295, i32 0"   --->   Operation 410 'specinterface' 'specinterface_ln0' <Predicate = true> <Delay = 0.00>
ST_34 : Operation 411 [1/1] (0.00ns)   --->   "%empty_502 = specchannel i32 @_ssdm_op_SpecChannel, void @A_fifo4_OC_50_str, i32 1, void @p_str, void @p_str, i32 9, i32 9, i32 %A_fifo4_50, i32 %A_fifo4_50"   --->   Operation 411 'specchannel' 'empty_502' <Predicate = true> <Delay = 0.00>
ST_34 : Operation 412 [1/1] (0.00ns)   --->   "%specinterface_ln0 = specinterface void @_ssdm_op_SpecInterface, i32 %A_fifo4_50, void @empty_215, i32 0, i32 0, void @empty_219, i32 0, i32 0, void @empty_219, void @empty_219, void @empty_219, i32 0, i32 0, i32 0, i32 0, void @empty_219, void @empty_219, i32 4294967295, i32 0"   --->   Operation 412 'specinterface' 'specinterface_ln0' <Predicate = true> <Delay = 0.00>
ST_34 : Operation 413 [1/1] (0.00ns)   --->   "%empty_503 = specchannel i32 @_ssdm_op_SpecChannel, void @A_fifo4_OC_51_str, i32 1, void @p_str, void @p_str, i32 9, i32 9, i32 %A_fifo4_51, i32 %A_fifo4_51"   --->   Operation 413 'specchannel' 'empty_503' <Predicate = true> <Delay = 0.00>
ST_34 : Operation 414 [1/1] (0.00ns)   --->   "%specinterface_ln0 = specinterface void @_ssdm_op_SpecInterface, i32 %A_fifo4_51, void @empty_215, i32 0, i32 0, void @empty_219, i32 0, i32 0, void @empty_219, void @empty_219, void @empty_219, i32 0, i32 0, i32 0, i32 0, void @empty_219, void @empty_219, i32 4294967295, i32 0"   --->   Operation 414 'specinterface' 'specinterface_ln0' <Predicate = true> <Delay = 0.00>
ST_34 : Operation 415 [1/1] (0.00ns)   --->   "%empty_504 = specchannel i32 @_ssdm_op_SpecChannel, void @A_fifo4_OC_52_str, i32 1, void @p_str, void @p_str, i32 9, i32 9, i32 %A_fifo4_52, i32 %A_fifo4_52"   --->   Operation 415 'specchannel' 'empty_504' <Predicate = true> <Delay = 0.00>
ST_34 : Operation 416 [1/1] (0.00ns)   --->   "%specinterface_ln0 = specinterface void @_ssdm_op_SpecInterface, i32 %A_fifo4_52, void @empty_215, i32 0, i32 0, void @empty_219, i32 0, i32 0, void @empty_219, void @empty_219, void @empty_219, i32 0, i32 0, i32 0, i32 0, void @empty_219, void @empty_219, i32 4294967295, i32 0"   --->   Operation 416 'specinterface' 'specinterface_ln0' <Predicate = true> <Delay = 0.00>
ST_34 : Operation 417 [1/1] (0.00ns)   --->   "%empty_505 = specchannel i32 @_ssdm_op_SpecChannel, void @A_fifo4_OC_53_str, i32 1, void @p_str, void @p_str, i32 9, i32 9, i32 %A_fifo4_53, i32 %A_fifo4_53"   --->   Operation 417 'specchannel' 'empty_505' <Predicate = true> <Delay = 0.00>
ST_34 : Operation 418 [1/1] (0.00ns)   --->   "%specinterface_ln0 = specinterface void @_ssdm_op_SpecInterface, i32 %A_fifo4_53, void @empty_215, i32 0, i32 0, void @empty_219, i32 0, i32 0, void @empty_219, void @empty_219, void @empty_219, i32 0, i32 0, i32 0, i32 0, void @empty_219, void @empty_219, i32 4294967295, i32 0"   --->   Operation 418 'specinterface' 'specinterface_ln0' <Predicate = true> <Delay = 0.00>
ST_34 : Operation 419 [1/1] (0.00ns)   --->   "%empty_506 = specchannel i32 @_ssdm_op_SpecChannel, void @A_fifo4_OC_54_str, i32 1, void @p_str, void @p_str, i32 9, i32 9, i32 %A_fifo4_54, i32 %A_fifo4_54"   --->   Operation 419 'specchannel' 'empty_506' <Predicate = true> <Delay = 0.00>
ST_34 : Operation 420 [1/1] (0.00ns)   --->   "%specinterface_ln0 = specinterface void @_ssdm_op_SpecInterface, i32 %A_fifo4_54, void @empty_215, i32 0, i32 0, void @empty_219, i32 0, i32 0, void @empty_219, void @empty_219, void @empty_219, i32 0, i32 0, i32 0, i32 0, void @empty_219, void @empty_219, i32 4294967295, i32 0"   --->   Operation 420 'specinterface' 'specinterface_ln0' <Predicate = true> <Delay = 0.00>
ST_34 : Operation 421 [1/1] (0.00ns)   --->   "%empty_507 = specchannel i32 @_ssdm_op_SpecChannel, void @A_fifo4_OC_55_str, i32 1, void @p_str, void @p_str, i32 9, i32 9, i32 %A_fifo4_55, i32 %A_fifo4_55"   --->   Operation 421 'specchannel' 'empty_507' <Predicate = true> <Delay = 0.00>
ST_34 : Operation 422 [1/1] (0.00ns)   --->   "%specinterface_ln0 = specinterface void @_ssdm_op_SpecInterface, i32 %A_fifo4_55, void @empty_215, i32 0, i32 0, void @empty_219, i32 0, i32 0, void @empty_219, void @empty_219, void @empty_219, i32 0, i32 0, i32 0, i32 0, void @empty_219, void @empty_219, i32 4294967295, i32 0"   --->   Operation 422 'specinterface' 'specinterface_ln0' <Predicate = true> <Delay = 0.00>
ST_34 : Operation 423 [1/1] (0.00ns)   --->   "%empty_508 = specchannel i32 @_ssdm_op_SpecChannel, void @A_fifo4_OC_56_str, i32 1, void @p_str, void @p_str, i32 9, i32 9, i32 %A_fifo4_56, i32 %A_fifo4_56"   --->   Operation 423 'specchannel' 'empty_508' <Predicate = true> <Delay = 0.00>
ST_34 : Operation 424 [1/1] (0.00ns)   --->   "%specinterface_ln0 = specinterface void @_ssdm_op_SpecInterface, i32 %A_fifo4_56, void @empty_215, i32 0, i32 0, void @empty_219, i32 0, i32 0, void @empty_219, void @empty_219, void @empty_219, i32 0, i32 0, i32 0, i32 0, void @empty_219, void @empty_219, i32 4294967295, i32 0"   --->   Operation 424 'specinterface' 'specinterface_ln0' <Predicate = true> <Delay = 0.00>
ST_34 : Operation 425 [1/1] (0.00ns)   --->   "%empty_509 = specchannel i32 @_ssdm_op_SpecChannel, void @A_fifo4_OC_57_str, i32 1, void @p_str, void @p_str, i32 9, i32 9, i32 %A_fifo4_57, i32 %A_fifo4_57"   --->   Operation 425 'specchannel' 'empty_509' <Predicate = true> <Delay = 0.00>
ST_34 : Operation 426 [1/1] (0.00ns)   --->   "%specinterface_ln0 = specinterface void @_ssdm_op_SpecInterface, i32 %A_fifo4_57, void @empty_215, i32 0, i32 0, void @empty_219, i32 0, i32 0, void @empty_219, void @empty_219, void @empty_219, i32 0, i32 0, i32 0, i32 0, void @empty_219, void @empty_219, i32 4294967295, i32 0"   --->   Operation 426 'specinterface' 'specinterface_ln0' <Predicate = true> <Delay = 0.00>
ST_34 : Operation 427 [1/1] (0.00ns)   --->   "%empty_510 = specchannel i32 @_ssdm_op_SpecChannel, void @A_fifo4_OC_58_str, i32 1, void @p_str, void @p_str, i32 9, i32 9, i32 %A_fifo4_58, i32 %A_fifo4_58"   --->   Operation 427 'specchannel' 'empty_510' <Predicate = true> <Delay = 0.00>
ST_34 : Operation 428 [1/1] (0.00ns)   --->   "%specinterface_ln0 = specinterface void @_ssdm_op_SpecInterface, i32 %A_fifo4_58, void @empty_215, i32 0, i32 0, void @empty_219, i32 0, i32 0, void @empty_219, void @empty_219, void @empty_219, i32 0, i32 0, i32 0, i32 0, void @empty_219, void @empty_219, i32 4294967295, i32 0"   --->   Operation 428 'specinterface' 'specinterface_ln0' <Predicate = true> <Delay = 0.00>
ST_34 : Operation 429 [1/1] (0.00ns)   --->   "%empty_511 = specchannel i32 @_ssdm_op_SpecChannel, void @A_fifo4_OC_59_str, i32 1, void @p_str, void @p_str, i32 9, i32 9, i32 %A_fifo4_59, i32 %A_fifo4_59"   --->   Operation 429 'specchannel' 'empty_511' <Predicate = true> <Delay = 0.00>
ST_34 : Operation 430 [1/1] (0.00ns)   --->   "%specinterface_ln0 = specinterface void @_ssdm_op_SpecInterface, i32 %A_fifo4_59, void @empty_215, i32 0, i32 0, void @empty_219, i32 0, i32 0, void @empty_219, void @empty_219, void @empty_219, i32 0, i32 0, i32 0, i32 0, void @empty_219, void @empty_219, i32 4294967295, i32 0"   --->   Operation 430 'specinterface' 'specinterface_ln0' <Predicate = true> <Delay = 0.00>
ST_34 : Operation 431 [1/1] (0.00ns)   --->   "%empty_512 = specchannel i32 @_ssdm_op_SpecChannel, void @A_fifo4_OC_60_str, i32 1, void @p_str, void @p_str, i32 9, i32 9, i32 %A_fifo4_60, i32 %A_fifo4_60"   --->   Operation 431 'specchannel' 'empty_512' <Predicate = true> <Delay = 0.00>
ST_34 : Operation 432 [1/1] (0.00ns)   --->   "%specinterface_ln0 = specinterface void @_ssdm_op_SpecInterface, i32 %A_fifo4_60, void @empty_215, i32 0, i32 0, void @empty_219, i32 0, i32 0, void @empty_219, void @empty_219, void @empty_219, i32 0, i32 0, i32 0, i32 0, void @empty_219, void @empty_219, i32 4294967295, i32 0"   --->   Operation 432 'specinterface' 'specinterface_ln0' <Predicate = true> <Delay = 0.00>
ST_34 : Operation 433 [1/1] (0.00ns)   --->   "%empty_513 = specchannel i32 @_ssdm_op_SpecChannel, void @A_fifo4_OC_61_str, i32 1, void @p_str, void @p_str, i32 9, i32 9, i32 %A_fifo4_61, i32 %A_fifo4_61"   --->   Operation 433 'specchannel' 'empty_513' <Predicate = true> <Delay = 0.00>
ST_34 : Operation 434 [1/1] (0.00ns)   --->   "%specinterface_ln0 = specinterface void @_ssdm_op_SpecInterface, i32 %A_fifo4_61, void @empty_215, i32 0, i32 0, void @empty_219, i32 0, i32 0, void @empty_219, void @empty_219, void @empty_219, i32 0, i32 0, i32 0, i32 0, void @empty_219, void @empty_219, i32 4294967295, i32 0"   --->   Operation 434 'specinterface' 'specinterface_ln0' <Predicate = true> <Delay = 0.00>
ST_34 : Operation 435 [1/1] (0.00ns)   --->   "%empty_514 = specchannel i32 @_ssdm_op_SpecChannel, void @A_fifo4_OC_62_str, i32 1, void @p_str, void @p_str, i32 9, i32 9, i32 %A_fifo4_62, i32 %A_fifo4_62"   --->   Operation 435 'specchannel' 'empty_514' <Predicate = true> <Delay = 0.00>
ST_34 : Operation 436 [1/1] (0.00ns)   --->   "%specinterface_ln0 = specinterface void @_ssdm_op_SpecInterface, i32 %A_fifo4_62, void @empty_215, i32 0, i32 0, void @empty_219, i32 0, i32 0, void @empty_219, void @empty_219, void @empty_219, i32 0, i32 0, i32 0, i32 0, void @empty_219, void @empty_219, i32 4294967295, i32 0"   --->   Operation 436 'specinterface' 'specinterface_ln0' <Predicate = true> <Delay = 0.00>
ST_34 : Operation 437 [1/1] (0.00ns)   --->   "%empty_515 = specchannel i32 @_ssdm_op_SpecChannel, void @A_fifo4_OC_63_str, i32 1, void @p_str, void @p_str, i32 9, i32 9, i32 %A_fifo4_63, i32 %A_fifo4_63"   --->   Operation 437 'specchannel' 'empty_515' <Predicate = true> <Delay = 0.00>
ST_34 : Operation 438 [1/1] (0.00ns)   --->   "%specinterface_ln0 = specinterface void @_ssdm_op_SpecInterface, i32 %A_fifo4_63, void @empty_215, i32 0, i32 0, void @empty_219, i32 0, i32 0, void @empty_219, void @empty_219, void @empty_219, i32 0, i32 0, i32 0, i32 0, void @empty_219, void @empty_219, i32 4294967295, i32 0"   --->   Operation 438 'specinterface' 'specinterface_ln0' <Predicate = true> <Delay = 0.00>
ST_34 : Operation 439 [1/1] (0.00ns)   --->   "%empty_516 = specchannel i32 @_ssdm_op_SpecChannel, void @A_fifo4_OC_64_str, i32 1, void @p_str, void @p_str, i32 9, i32 9, i32 %A_fifo4_64, i32 %A_fifo4_64"   --->   Operation 439 'specchannel' 'empty_516' <Predicate = true> <Delay = 0.00>
ST_34 : Operation 440 [1/1] (0.00ns)   --->   "%specinterface_ln0 = specinterface void @_ssdm_op_SpecInterface, i32 %A_fifo4_64, void @empty_215, i32 0, i32 0, void @empty_219, i32 0, i32 0, void @empty_219, void @empty_219, void @empty_219, i32 0, i32 0, i32 0, i32 0, void @empty_219, void @empty_219, i32 4294967295, i32 0"   --->   Operation 440 'specinterface' 'specinterface_ln0' <Predicate = true> <Delay = 0.00>
ST_34 : Operation 441 [1/1] (0.00ns)   --->   "%empty_517 = specchannel i32 @_ssdm_op_SpecChannel, void @A_fifo4_OC_65_str, i32 1, void @p_str, void @p_str, i32 9, i32 9, i32 %A_fifo4_65, i32 %A_fifo4_65"   --->   Operation 441 'specchannel' 'empty_517' <Predicate = true> <Delay = 0.00>
ST_34 : Operation 442 [1/1] (0.00ns)   --->   "%specinterface_ln0 = specinterface void @_ssdm_op_SpecInterface, i32 %A_fifo4_65, void @empty_215, i32 0, i32 0, void @empty_219, i32 0, i32 0, void @empty_219, void @empty_219, void @empty_219, i32 0, i32 0, i32 0, i32 0, void @empty_219, void @empty_219, i32 4294967295, i32 0"   --->   Operation 442 'specinterface' 'specinterface_ln0' <Predicate = true> <Delay = 0.00>
ST_34 : Operation 443 [1/1] (0.00ns)   --->   "%empty_518 = specchannel i32 @_ssdm_op_SpecChannel, void @A_fifo4_OC_66_str, i32 1, void @p_str, void @p_str, i32 9, i32 9, i32 %A_fifo4_66, i32 %A_fifo4_66"   --->   Operation 443 'specchannel' 'empty_518' <Predicate = true> <Delay = 0.00>
ST_34 : Operation 444 [1/1] (0.00ns)   --->   "%specinterface_ln0 = specinterface void @_ssdm_op_SpecInterface, i32 %A_fifo4_66, void @empty_215, i32 0, i32 0, void @empty_219, i32 0, i32 0, void @empty_219, void @empty_219, void @empty_219, i32 0, i32 0, i32 0, i32 0, void @empty_219, void @empty_219, i32 4294967295, i32 0"   --->   Operation 444 'specinterface' 'specinterface_ln0' <Predicate = true> <Delay = 0.00>
ST_34 : Operation 445 [1/1] (0.00ns)   --->   "%empty_519 = specchannel i32 @_ssdm_op_SpecChannel, void @A_fifo4_OC_67_str, i32 1, void @p_str, void @p_str, i32 9, i32 9, i32 %A_fifo4_67, i32 %A_fifo4_67"   --->   Operation 445 'specchannel' 'empty_519' <Predicate = true> <Delay = 0.00>
ST_34 : Operation 446 [1/1] (0.00ns)   --->   "%specinterface_ln0 = specinterface void @_ssdm_op_SpecInterface, i32 %A_fifo4_67, void @empty_215, i32 0, i32 0, void @empty_219, i32 0, i32 0, void @empty_219, void @empty_219, void @empty_219, i32 0, i32 0, i32 0, i32 0, void @empty_219, void @empty_219, i32 4294967295, i32 0"   --->   Operation 446 'specinterface' 'specinterface_ln0' <Predicate = true> <Delay = 0.00>
ST_34 : Operation 447 [1/1] (0.00ns)   --->   "%empty_520 = specchannel i32 @_ssdm_op_SpecChannel, void @A_fifo4_OC_68_str, i32 1, void @p_str, void @p_str, i32 9, i32 9, i32 %A_fifo4_68, i32 %A_fifo4_68"   --->   Operation 447 'specchannel' 'empty_520' <Predicate = true> <Delay = 0.00>
ST_34 : Operation 448 [1/1] (0.00ns)   --->   "%specinterface_ln0 = specinterface void @_ssdm_op_SpecInterface, i32 %A_fifo4_68, void @empty_215, i32 0, i32 0, void @empty_219, i32 0, i32 0, void @empty_219, void @empty_219, void @empty_219, i32 0, i32 0, i32 0, i32 0, void @empty_219, void @empty_219, i32 4294967295, i32 0"   --->   Operation 448 'specinterface' 'specinterface_ln0' <Predicate = true> <Delay = 0.00>
ST_34 : Operation 449 [1/1] (0.00ns)   --->   "%empty_521 = specchannel i32 @_ssdm_op_SpecChannel, void @A_fifo4_OC_69_str, i32 1, void @p_str, void @p_str, i32 9, i32 9, i32 %A_fifo4_69, i32 %A_fifo4_69"   --->   Operation 449 'specchannel' 'empty_521' <Predicate = true> <Delay = 0.00>
ST_34 : Operation 450 [1/1] (0.00ns)   --->   "%specinterface_ln0 = specinterface void @_ssdm_op_SpecInterface, i32 %A_fifo4_69, void @empty_215, i32 0, i32 0, void @empty_219, i32 0, i32 0, void @empty_219, void @empty_219, void @empty_219, i32 0, i32 0, i32 0, i32 0, void @empty_219, void @empty_219, i32 4294967295, i32 0"   --->   Operation 450 'specinterface' 'specinterface_ln0' <Predicate = true> <Delay = 0.00>
ST_34 : Operation 451 [1/1] (0.00ns)   --->   "%empty_522 = specchannel i32 @_ssdm_op_SpecChannel, void @A_fifo4_OC_70_str, i32 1, void @p_str, void @p_str, i32 9, i32 9, i32 %A_fifo4_70, i32 %A_fifo4_70"   --->   Operation 451 'specchannel' 'empty_522' <Predicate = true> <Delay = 0.00>
ST_34 : Operation 452 [1/1] (0.00ns)   --->   "%specinterface_ln0 = specinterface void @_ssdm_op_SpecInterface, i32 %A_fifo4_70, void @empty_215, i32 0, i32 0, void @empty_219, i32 0, i32 0, void @empty_219, void @empty_219, void @empty_219, i32 0, i32 0, i32 0, i32 0, void @empty_219, void @empty_219, i32 4294967295, i32 0"   --->   Operation 452 'specinterface' 'specinterface_ln0' <Predicate = true> <Delay = 0.00>
ST_34 : Operation 453 [1/1] (0.00ns)   --->   "%empty_523 = specchannel i32 @_ssdm_op_SpecChannel, void @A_fifo4_OC_71_str, i32 1, void @p_str, void @p_str, i32 9, i32 9, i32 %A_fifo4_71, i32 %A_fifo4_71"   --->   Operation 453 'specchannel' 'empty_523' <Predicate = true> <Delay = 0.00>
ST_34 : Operation 454 [1/1] (0.00ns)   --->   "%specinterface_ln0 = specinterface void @_ssdm_op_SpecInterface, i32 %A_fifo4_71, void @empty_215, i32 0, i32 0, void @empty_219, i32 0, i32 0, void @empty_219, void @empty_219, void @empty_219, i32 0, i32 0, i32 0, i32 0, void @empty_219, void @empty_219, i32 4294967295, i32 0"   --->   Operation 454 'specinterface' 'specinterface_ln0' <Predicate = true> <Delay = 0.00>
ST_34 : Operation 455 [1/1] (0.00ns)   --->   "%empty_524 = specchannel i32 @_ssdm_op_SpecChannel, void @B_fifo4_str, i32 1, void @p_str, void @p_str, i32 9, i32 9, i32 %B_fifo4, i32 %B_fifo4"   --->   Operation 455 'specchannel' 'empty_524' <Predicate = true> <Delay = 0.00>
ST_34 : Operation 456 [1/1] (0.00ns)   --->   "%specinterface_ln0 = specinterface void @_ssdm_op_SpecInterface, i32 %B_fifo4, void @empty_215, i32 0, i32 0, void @empty_219, i32 0, i32 0, void @empty_219, void @empty_219, void @empty_219, i32 0, i32 0, i32 0, i32 0, void @empty_219, void @empty_219, i32 4294967295, i32 0"   --->   Operation 456 'specinterface' 'specinterface_ln0' <Predicate = true> <Delay = 0.00>
ST_34 : Operation 457 [1/1] (0.00ns)   --->   "%empty_525 = specchannel i32 @_ssdm_op_SpecChannel, void @B_fifo4_OC_1_str, i32 1, void @p_str, void @p_str, i32 9, i32 9, i32 %B_fifo4_1, i32 %B_fifo4_1"   --->   Operation 457 'specchannel' 'empty_525' <Predicate = true> <Delay = 0.00>
ST_34 : Operation 458 [1/1] (0.00ns)   --->   "%specinterface_ln0 = specinterface void @_ssdm_op_SpecInterface, i32 %B_fifo4_1, void @empty_215, i32 0, i32 0, void @empty_219, i32 0, i32 0, void @empty_219, void @empty_219, void @empty_219, i32 0, i32 0, i32 0, i32 0, void @empty_219, void @empty_219, i32 4294967295, i32 0"   --->   Operation 458 'specinterface' 'specinterface_ln0' <Predicate = true> <Delay = 0.00>
ST_34 : Operation 459 [1/1] (0.00ns)   --->   "%empty_526 = specchannel i32 @_ssdm_op_SpecChannel, void @B_fifo4_OC_2_str, i32 1, void @p_str, void @p_str, i32 9, i32 9, i32 %B_fifo4_2, i32 %B_fifo4_2"   --->   Operation 459 'specchannel' 'empty_526' <Predicate = true> <Delay = 0.00>
ST_34 : Operation 460 [1/1] (0.00ns)   --->   "%specinterface_ln0 = specinterface void @_ssdm_op_SpecInterface, i32 %B_fifo4_2, void @empty_215, i32 0, i32 0, void @empty_219, i32 0, i32 0, void @empty_219, void @empty_219, void @empty_219, i32 0, i32 0, i32 0, i32 0, void @empty_219, void @empty_219, i32 4294967295, i32 0"   --->   Operation 460 'specinterface' 'specinterface_ln0' <Predicate = true> <Delay = 0.00>
ST_34 : Operation 461 [1/1] (0.00ns)   --->   "%empty_527 = specchannel i32 @_ssdm_op_SpecChannel, void @B_fifo4_OC_3_str, i32 1, void @p_str, void @p_str, i32 9, i32 9, i32 %B_fifo4_3, i32 %B_fifo4_3"   --->   Operation 461 'specchannel' 'empty_527' <Predicate = true> <Delay = 0.00>
ST_34 : Operation 462 [1/1] (0.00ns)   --->   "%specinterface_ln0 = specinterface void @_ssdm_op_SpecInterface, i32 %B_fifo4_3, void @empty_215, i32 0, i32 0, void @empty_219, i32 0, i32 0, void @empty_219, void @empty_219, void @empty_219, i32 0, i32 0, i32 0, i32 0, void @empty_219, void @empty_219, i32 4294967295, i32 0"   --->   Operation 462 'specinterface' 'specinterface_ln0' <Predicate = true> <Delay = 0.00>
ST_34 : Operation 463 [1/1] (0.00ns)   --->   "%empty_528 = specchannel i32 @_ssdm_op_SpecChannel, void @B_fifo4_OC_4_str, i32 1, void @p_str, void @p_str, i32 9, i32 9, i32 %B_fifo4_4, i32 %B_fifo4_4"   --->   Operation 463 'specchannel' 'empty_528' <Predicate = true> <Delay = 0.00>
ST_34 : Operation 464 [1/1] (0.00ns)   --->   "%specinterface_ln0 = specinterface void @_ssdm_op_SpecInterface, i32 %B_fifo4_4, void @empty_215, i32 0, i32 0, void @empty_219, i32 0, i32 0, void @empty_219, void @empty_219, void @empty_219, i32 0, i32 0, i32 0, i32 0, void @empty_219, void @empty_219, i32 4294967295, i32 0"   --->   Operation 464 'specinterface' 'specinterface_ln0' <Predicate = true> <Delay = 0.00>
ST_34 : Operation 465 [1/1] (0.00ns)   --->   "%empty_529 = specchannel i32 @_ssdm_op_SpecChannel, void @B_fifo4_OC_5_str, i32 1, void @p_str, void @p_str, i32 9, i32 9, i32 %B_fifo4_5, i32 %B_fifo4_5"   --->   Operation 465 'specchannel' 'empty_529' <Predicate = true> <Delay = 0.00>
ST_34 : Operation 466 [1/1] (0.00ns)   --->   "%specinterface_ln0 = specinterface void @_ssdm_op_SpecInterface, i32 %B_fifo4_5, void @empty_215, i32 0, i32 0, void @empty_219, i32 0, i32 0, void @empty_219, void @empty_219, void @empty_219, i32 0, i32 0, i32 0, i32 0, void @empty_219, void @empty_219, i32 4294967295, i32 0"   --->   Operation 466 'specinterface' 'specinterface_ln0' <Predicate = true> <Delay = 0.00>
ST_34 : Operation 467 [1/1] (0.00ns)   --->   "%empty_530 = specchannel i32 @_ssdm_op_SpecChannel, void @B_fifo4_OC_6_str, i32 1, void @p_str, void @p_str, i32 9, i32 9, i32 %B_fifo4_6, i32 %B_fifo4_6"   --->   Operation 467 'specchannel' 'empty_530' <Predicate = true> <Delay = 0.00>
ST_34 : Operation 468 [1/1] (0.00ns)   --->   "%specinterface_ln0 = specinterface void @_ssdm_op_SpecInterface, i32 %B_fifo4_6, void @empty_215, i32 0, i32 0, void @empty_219, i32 0, i32 0, void @empty_219, void @empty_219, void @empty_219, i32 0, i32 0, i32 0, i32 0, void @empty_219, void @empty_219, i32 4294967295, i32 0"   --->   Operation 468 'specinterface' 'specinterface_ln0' <Predicate = true> <Delay = 0.00>
ST_34 : Operation 469 [1/1] (0.00ns)   --->   "%empty_531 = specchannel i32 @_ssdm_op_SpecChannel, void @B_fifo4_OC_7_str, i32 1, void @p_str, void @p_str, i32 9, i32 9, i32 %B_fifo4_7, i32 %B_fifo4_7"   --->   Operation 469 'specchannel' 'empty_531' <Predicate = true> <Delay = 0.00>
ST_34 : Operation 470 [1/1] (0.00ns)   --->   "%specinterface_ln0 = specinterface void @_ssdm_op_SpecInterface, i32 %B_fifo4_7, void @empty_215, i32 0, i32 0, void @empty_219, i32 0, i32 0, void @empty_219, void @empty_219, void @empty_219, i32 0, i32 0, i32 0, i32 0, void @empty_219, void @empty_219, i32 4294967295, i32 0"   --->   Operation 470 'specinterface' 'specinterface_ln0' <Predicate = true> <Delay = 0.00>
ST_34 : Operation 471 [1/1] (0.00ns)   --->   "%empty_532 = specchannel i32 @_ssdm_op_SpecChannel, void @B_fifo4_OC_8_str, i32 1, void @p_str, void @p_str, i32 9, i32 9, i32 %B_fifo4_8, i32 %B_fifo4_8"   --->   Operation 471 'specchannel' 'empty_532' <Predicate = true> <Delay = 0.00>
ST_34 : Operation 472 [1/1] (0.00ns)   --->   "%specinterface_ln0 = specinterface void @_ssdm_op_SpecInterface, i32 %B_fifo4_8, void @empty_215, i32 0, i32 0, void @empty_219, i32 0, i32 0, void @empty_219, void @empty_219, void @empty_219, i32 0, i32 0, i32 0, i32 0, void @empty_219, void @empty_219, i32 4294967295, i32 0"   --->   Operation 472 'specinterface' 'specinterface_ln0' <Predicate = true> <Delay = 0.00>
ST_34 : Operation 473 [1/1] (0.00ns)   --->   "%empty_533 = specchannel i32 @_ssdm_op_SpecChannel, void @B_fifo4_OC_9_str, i32 1, void @p_str, void @p_str, i32 9, i32 9, i32 %B_fifo4_9, i32 %B_fifo4_9"   --->   Operation 473 'specchannel' 'empty_533' <Predicate = true> <Delay = 0.00>
ST_34 : Operation 474 [1/1] (0.00ns)   --->   "%specinterface_ln0 = specinterface void @_ssdm_op_SpecInterface, i32 %B_fifo4_9, void @empty_215, i32 0, i32 0, void @empty_219, i32 0, i32 0, void @empty_219, void @empty_219, void @empty_219, i32 0, i32 0, i32 0, i32 0, void @empty_219, void @empty_219, i32 4294967295, i32 0"   --->   Operation 474 'specinterface' 'specinterface_ln0' <Predicate = true> <Delay = 0.00>
ST_34 : Operation 475 [1/1] (0.00ns)   --->   "%empty_534 = specchannel i32 @_ssdm_op_SpecChannel, void @B_fifo4_OC_10_str, i32 1, void @p_str, void @p_str, i32 9, i32 9, i32 %B_fifo4_10, i32 %B_fifo4_10"   --->   Operation 475 'specchannel' 'empty_534' <Predicate = true> <Delay = 0.00>
ST_34 : Operation 476 [1/1] (0.00ns)   --->   "%specinterface_ln0 = specinterface void @_ssdm_op_SpecInterface, i32 %B_fifo4_10, void @empty_215, i32 0, i32 0, void @empty_219, i32 0, i32 0, void @empty_219, void @empty_219, void @empty_219, i32 0, i32 0, i32 0, i32 0, void @empty_219, void @empty_219, i32 4294967295, i32 0"   --->   Operation 476 'specinterface' 'specinterface_ln0' <Predicate = true> <Delay = 0.00>
ST_34 : Operation 477 [1/1] (0.00ns)   --->   "%empty_535 = specchannel i32 @_ssdm_op_SpecChannel, void @B_fifo4_OC_11_str, i32 1, void @p_str, void @p_str, i32 9, i32 9, i32 %B_fifo4_11, i32 %B_fifo4_11"   --->   Operation 477 'specchannel' 'empty_535' <Predicate = true> <Delay = 0.00>
ST_34 : Operation 478 [1/1] (0.00ns)   --->   "%specinterface_ln0 = specinterface void @_ssdm_op_SpecInterface, i32 %B_fifo4_11, void @empty_215, i32 0, i32 0, void @empty_219, i32 0, i32 0, void @empty_219, void @empty_219, void @empty_219, i32 0, i32 0, i32 0, i32 0, void @empty_219, void @empty_219, i32 4294967295, i32 0"   --->   Operation 478 'specinterface' 'specinterface_ln0' <Predicate = true> <Delay = 0.00>
ST_34 : Operation 479 [1/1] (0.00ns)   --->   "%empty_536 = specchannel i32 @_ssdm_op_SpecChannel, void @B_fifo4_OC_12_str, i32 1, void @p_str, void @p_str, i32 9, i32 9, i32 %B_fifo4_12, i32 %B_fifo4_12"   --->   Operation 479 'specchannel' 'empty_536' <Predicate = true> <Delay = 0.00>
ST_34 : Operation 480 [1/1] (0.00ns)   --->   "%specinterface_ln0 = specinterface void @_ssdm_op_SpecInterface, i32 %B_fifo4_12, void @empty_215, i32 0, i32 0, void @empty_219, i32 0, i32 0, void @empty_219, void @empty_219, void @empty_219, i32 0, i32 0, i32 0, i32 0, void @empty_219, void @empty_219, i32 4294967295, i32 0"   --->   Operation 480 'specinterface' 'specinterface_ln0' <Predicate = true> <Delay = 0.00>
ST_34 : Operation 481 [1/1] (0.00ns)   --->   "%empty_537 = specchannel i32 @_ssdm_op_SpecChannel, void @B_fifo4_OC_13_str, i32 1, void @p_str, void @p_str, i32 9, i32 9, i32 %B_fifo4_13, i32 %B_fifo4_13"   --->   Operation 481 'specchannel' 'empty_537' <Predicate = true> <Delay = 0.00>
ST_34 : Operation 482 [1/1] (0.00ns)   --->   "%specinterface_ln0 = specinterface void @_ssdm_op_SpecInterface, i32 %B_fifo4_13, void @empty_215, i32 0, i32 0, void @empty_219, i32 0, i32 0, void @empty_219, void @empty_219, void @empty_219, i32 0, i32 0, i32 0, i32 0, void @empty_219, void @empty_219, i32 4294967295, i32 0"   --->   Operation 482 'specinterface' 'specinterface_ln0' <Predicate = true> <Delay = 0.00>
ST_34 : Operation 483 [1/1] (0.00ns)   --->   "%empty_538 = specchannel i32 @_ssdm_op_SpecChannel, void @B_fifo4_OC_14_str, i32 1, void @p_str, void @p_str, i32 9, i32 9, i32 %B_fifo4_14, i32 %B_fifo4_14"   --->   Operation 483 'specchannel' 'empty_538' <Predicate = true> <Delay = 0.00>
ST_34 : Operation 484 [1/1] (0.00ns)   --->   "%specinterface_ln0 = specinterface void @_ssdm_op_SpecInterface, i32 %B_fifo4_14, void @empty_215, i32 0, i32 0, void @empty_219, i32 0, i32 0, void @empty_219, void @empty_219, void @empty_219, i32 0, i32 0, i32 0, i32 0, void @empty_219, void @empty_219, i32 4294967295, i32 0"   --->   Operation 484 'specinterface' 'specinterface_ln0' <Predicate = true> <Delay = 0.00>
ST_34 : Operation 485 [1/1] (0.00ns)   --->   "%empty_539 = specchannel i32 @_ssdm_op_SpecChannel, void @B_fifo4_OC_15_str, i32 1, void @p_str, void @p_str, i32 9, i32 9, i32 %B_fifo4_15, i32 %B_fifo4_15"   --->   Operation 485 'specchannel' 'empty_539' <Predicate = true> <Delay = 0.00>
ST_34 : Operation 486 [1/1] (0.00ns)   --->   "%specinterface_ln0 = specinterface void @_ssdm_op_SpecInterface, i32 %B_fifo4_15, void @empty_215, i32 0, i32 0, void @empty_219, i32 0, i32 0, void @empty_219, void @empty_219, void @empty_219, i32 0, i32 0, i32 0, i32 0, void @empty_219, void @empty_219, i32 4294967295, i32 0"   --->   Operation 486 'specinterface' 'specinterface_ln0' <Predicate = true> <Delay = 0.00>
ST_34 : Operation 487 [1/1] (0.00ns)   --->   "%empty_540 = specchannel i32 @_ssdm_op_SpecChannel, void @B_fifo4_OC_16_str, i32 1, void @p_str, void @p_str, i32 9, i32 9, i32 %B_fifo4_16, i32 %B_fifo4_16"   --->   Operation 487 'specchannel' 'empty_540' <Predicate = true> <Delay = 0.00>
ST_34 : Operation 488 [1/1] (0.00ns)   --->   "%specinterface_ln0 = specinterface void @_ssdm_op_SpecInterface, i32 %B_fifo4_16, void @empty_215, i32 0, i32 0, void @empty_219, i32 0, i32 0, void @empty_219, void @empty_219, void @empty_219, i32 0, i32 0, i32 0, i32 0, void @empty_219, void @empty_219, i32 4294967295, i32 0"   --->   Operation 488 'specinterface' 'specinterface_ln0' <Predicate = true> <Delay = 0.00>
ST_34 : Operation 489 [1/1] (0.00ns)   --->   "%empty_541 = specchannel i32 @_ssdm_op_SpecChannel, void @B_fifo4_OC_17_str, i32 1, void @p_str, void @p_str, i32 9, i32 9, i32 %B_fifo4_17, i32 %B_fifo4_17"   --->   Operation 489 'specchannel' 'empty_541' <Predicate = true> <Delay = 0.00>
ST_34 : Operation 490 [1/1] (0.00ns)   --->   "%specinterface_ln0 = specinterface void @_ssdm_op_SpecInterface, i32 %B_fifo4_17, void @empty_215, i32 0, i32 0, void @empty_219, i32 0, i32 0, void @empty_219, void @empty_219, void @empty_219, i32 0, i32 0, i32 0, i32 0, void @empty_219, void @empty_219, i32 4294967295, i32 0"   --->   Operation 490 'specinterface' 'specinterface_ln0' <Predicate = true> <Delay = 0.00>
ST_34 : Operation 491 [1/1] (0.00ns)   --->   "%empty_542 = specchannel i32 @_ssdm_op_SpecChannel, void @B_fifo4_OC_18_str, i32 1, void @p_str, void @p_str, i32 9, i32 9, i32 %B_fifo4_18, i32 %B_fifo4_18"   --->   Operation 491 'specchannel' 'empty_542' <Predicate = true> <Delay = 0.00>
ST_34 : Operation 492 [1/1] (0.00ns)   --->   "%specinterface_ln0 = specinterface void @_ssdm_op_SpecInterface, i32 %B_fifo4_18, void @empty_215, i32 0, i32 0, void @empty_219, i32 0, i32 0, void @empty_219, void @empty_219, void @empty_219, i32 0, i32 0, i32 0, i32 0, void @empty_219, void @empty_219, i32 4294967295, i32 0"   --->   Operation 492 'specinterface' 'specinterface_ln0' <Predicate = true> <Delay = 0.00>
ST_34 : Operation 493 [1/1] (0.00ns)   --->   "%empty_543 = specchannel i32 @_ssdm_op_SpecChannel, void @B_fifo4_OC_19_str, i32 1, void @p_str, void @p_str, i32 9, i32 9, i32 %B_fifo4_19, i32 %B_fifo4_19"   --->   Operation 493 'specchannel' 'empty_543' <Predicate = true> <Delay = 0.00>
ST_34 : Operation 494 [1/1] (0.00ns)   --->   "%specinterface_ln0 = specinterface void @_ssdm_op_SpecInterface, i32 %B_fifo4_19, void @empty_215, i32 0, i32 0, void @empty_219, i32 0, i32 0, void @empty_219, void @empty_219, void @empty_219, i32 0, i32 0, i32 0, i32 0, void @empty_219, void @empty_219, i32 4294967295, i32 0"   --->   Operation 494 'specinterface' 'specinterface_ln0' <Predicate = true> <Delay = 0.00>
ST_34 : Operation 495 [1/1] (0.00ns)   --->   "%empty_544 = specchannel i32 @_ssdm_op_SpecChannel, void @B_fifo4_OC_20_str, i32 1, void @p_str, void @p_str, i32 9, i32 9, i32 %B_fifo4_20, i32 %B_fifo4_20"   --->   Operation 495 'specchannel' 'empty_544' <Predicate = true> <Delay = 0.00>
ST_34 : Operation 496 [1/1] (0.00ns)   --->   "%specinterface_ln0 = specinterface void @_ssdm_op_SpecInterface, i32 %B_fifo4_20, void @empty_215, i32 0, i32 0, void @empty_219, i32 0, i32 0, void @empty_219, void @empty_219, void @empty_219, i32 0, i32 0, i32 0, i32 0, void @empty_219, void @empty_219, i32 4294967295, i32 0"   --->   Operation 496 'specinterface' 'specinterface_ln0' <Predicate = true> <Delay = 0.00>
ST_34 : Operation 497 [1/1] (0.00ns)   --->   "%empty_545 = specchannel i32 @_ssdm_op_SpecChannel, void @B_fifo4_OC_21_str, i32 1, void @p_str, void @p_str, i32 9, i32 9, i32 %B_fifo4_21, i32 %B_fifo4_21"   --->   Operation 497 'specchannel' 'empty_545' <Predicate = true> <Delay = 0.00>
ST_34 : Operation 498 [1/1] (0.00ns)   --->   "%specinterface_ln0 = specinterface void @_ssdm_op_SpecInterface, i32 %B_fifo4_21, void @empty_215, i32 0, i32 0, void @empty_219, i32 0, i32 0, void @empty_219, void @empty_219, void @empty_219, i32 0, i32 0, i32 0, i32 0, void @empty_219, void @empty_219, i32 4294967295, i32 0"   --->   Operation 498 'specinterface' 'specinterface_ln0' <Predicate = true> <Delay = 0.00>
ST_34 : Operation 499 [1/1] (0.00ns)   --->   "%empty_546 = specchannel i32 @_ssdm_op_SpecChannel, void @B_fifo4_OC_22_str, i32 1, void @p_str, void @p_str, i32 9, i32 9, i32 %B_fifo4_22, i32 %B_fifo4_22"   --->   Operation 499 'specchannel' 'empty_546' <Predicate = true> <Delay = 0.00>
ST_34 : Operation 500 [1/1] (0.00ns)   --->   "%specinterface_ln0 = specinterface void @_ssdm_op_SpecInterface, i32 %B_fifo4_22, void @empty_215, i32 0, i32 0, void @empty_219, i32 0, i32 0, void @empty_219, void @empty_219, void @empty_219, i32 0, i32 0, i32 0, i32 0, void @empty_219, void @empty_219, i32 4294967295, i32 0"   --->   Operation 500 'specinterface' 'specinterface_ln0' <Predicate = true> <Delay = 0.00>
ST_34 : Operation 501 [1/1] (0.00ns)   --->   "%empty_547 = specchannel i32 @_ssdm_op_SpecChannel, void @B_fifo4_OC_23_str, i32 1, void @p_str, void @p_str, i32 9, i32 9, i32 %B_fifo4_23, i32 %B_fifo4_23"   --->   Operation 501 'specchannel' 'empty_547' <Predicate = true> <Delay = 0.00>
ST_34 : Operation 502 [1/1] (0.00ns)   --->   "%specinterface_ln0 = specinterface void @_ssdm_op_SpecInterface, i32 %B_fifo4_23, void @empty_215, i32 0, i32 0, void @empty_219, i32 0, i32 0, void @empty_219, void @empty_219, void @empty_219, i32 0, i32 0, i32 0, i32 0, void @empty_219, void @empty_219, i32 4294967295, i32 0"   --->   Operation 502 'specinterface' 'specinterface_ln0' <Predicate = true> <Delay = 0.00>
ST_34 : Operation 503 [1/1] (0.00ns)   --->   "%empty_548 = specchannel i32 @_ssdm_op_SpecChannel, void @B_fifo4_OC_24_str, i32 1, void @p_str, void @p_str, i32 9, i32 9, i32 %B_fifo4_24, i32 %B_fifo4_24"   --->   Operation 503 'specchannel' 'empty_548' <Predicate = true> <Delay = 0.00>
ST_34 : Operation 504 [1/1] (0.00ns)   --->   "%specinterface_ln0 = specinterface void @_ssdm_op_SpecInterface, i32 %B_fifo4_24, void @empty_215, i32 0, i32 0, void @empty_219, i32 0, i32 0, void @empty_219, void @empty_219, void @empty_219, i32 0, i32 0, i32 0, i32 0, void @empty_219, void @empty_219, i32 4294967295, i32 0"   --->   Operation 504 'specinterface' 'specinterface_ln0' <Predicate = true> <Delay = 0.00>
ST_34 : Operation 505 [1/1] (0.00ns)   --->   "%empty_549 = specchannel i32 @_ssdm_op_SpecChannel, void @B_fifo4_OC_25_str, i32 1, void @p_str, void @p_str, i32 9, i32 9, i32 %B_fifo4_25, i32 %B_fifo4_25"   --->   Operation 505 'specchannel' 'empty_549' <Predicate = true> <Delay = 0.00>
ST_34 : Operation 506 [1/1] (0.00ns)   --->   "%specinterface_ln0 = specinterface void @_ssdm_op_SpecInterface, i32 %B_fifo4_25, void @empty_215, i32 0, i32 0, void @empty_219, i32 0, i32 0, void @empty_219, void @empty_219, void @empty_219, i32 0, i32 0, i32 0, i32 0, void @empty_219, void @empty_219, i32 4294967295, i32 0"   --->   Operation 506 'specinterface' 'specinterface_ln0' <Predicate = true> <Delay = 0.00>
ST_34 : Operation 507 [1/1] (0.00ns)   --->   "%empty_550 = specchannel i32 @_ssdm_op_SpecChannel, void @B_fifo4_OC_26_str, i32 1, void @p_str, void @p_str, i32 9, i32 9, i32 %B_fifo4_26, i32 %B_fifo4_26"   --->   Operation 507 'specchannel' 'empty_550' <Predicate = true> <Delay = 0.00>
ST_34 : Operation 508 [1/1] (0.00ns)   --->   "%specinterface_ln0 = specinterface void @_ssdm_op_SpecInterface, i32 %B_fifo4_26, void @empty_215, i32 0, i32 0, void @empty_219, i32 0, i32 0, void @empty_219, void @empty_219, void @empty_219, i32 0, i32 0, i32 0, i32 0, void @empty_219, void @empty_219, i32 4294967295, i32 0"   --->   Operation 508 'specinterface' 'specinterface_ln0' <Predicate = true> <Delay = 0.00>
ST_34 : Operation 509 [1/1] (0.00ns)   --->   "%empty_551 = specchannel i32 @_ssdm_op_SpecChannel, void @B_fifo4_OC_27_str, i32 1, void @p_str, void @p_str, i32 9, i32 9, i32 %B_fifo4_27, i32 %B_fifo4_27"   --->   Operation 509 'specchannel' 'empty_551' <Predicate = true> <Delay = 0.00>
ST_34 : Operation 510 [1/1] (0.00ns)   --->   "%specinterface_ln0 = specinterface void @_ssdm_op_SpecInterface, i32 %B_fifo4_27, void @empty_215, i32 0, i32 0, void @empty_219, i32 0, i32 0, void @empty_219, void @empty_219, void @empty_219, i32 0, i32 0, i32 0, i32 0, void @empty_219, void @empty_219, i32 4294967295, i32 0"   --->   Operation 510 'specinterface' 'specinterface_ln0' <Predicate = true> <Delay = 0.00>
ST_34 : Operation 511 [1/1] (0.00ns)   --->   "%empty_552 = specchannel i32 @_ssdm_op_SpecChannel, void @B_fifo4_OC_28_str, i32 1, void @p_str, void @p_str, i32 9, i32 9, i32 %B_fifo4_28, i32 %B_fifo4_28"   --->   Operation 511 'specchannel' 'empty_552' <Predicate = true> <Delay = 0.00>
ST_34 : Operation 512 [1/1] (0.00ns)   --->   "%specinterface_ln0 = specinterface void @_ssdm_op_SpecInterface, i32 %B_fifo4_28, void @empty_215, i32 0, i32 0, void @empty_219, i32 0, i32 0, void @empty_219, void @empty_219, void @empty_219, i32 0, i32 0, i32 0, i32 0, void @empty_219, void @empty_219, i32 4294967295, i32 0"   --->   Operation 512 'specinterface' 'specinterface_ln0' <Predicate = true> <Delay = 0.00>
ST_34 : Operation 513 [1/1] (0.00ns)   --->   "%empty_553 = specchannel i32 @_ssdm_op_SpecChannel, void @B_fifo4_OC_29_str, i32 1, void @p_str, void @p_str, i32 9, i32 9, i32 %B_fifo4_29, i32 %B_fifo4_29"   --->   Operation 513 'specchannel' 'empty_553' <Predicate = true> <Delay = 0.00>
ST_34 : Operation 514 [1/1] (0.00ns)   --->   "%specinterface_ln0 = specinterface void @_ssdm_op_SpecInterface, i32 %B_fifo4_29, void @empty_215, i32 0, i32 0, void @empty_219, i32 0, i32 0, void @empty_219, void @empty_219, void @empty_219, i32 0, i32 0, i32 0, i32 0, void @empty_219, void @empty_219, i32 4294967295, i32 0"   --->   Operation 514 'specinterface' 'specinterface_ln0' <Predicate = true> <Delay = 0.00>
ST_34 : Operation 515 [1/1] (0.00ns)   --->   "%empty_554 = specchannel i32 @_ssdm_op_SpecChannel, void @B_fifo4_OC_30_str, i32 1, void @p_str, void @p_str, i32 9, i32 9, i32 %B_fifo4_30, i32 %B_fifo4_30"   --->   Operation 515 'specchannel' 'empty_554' <Predicate = true> <Delay = 0.00>
ST_34 : Operation 516 [1/1] (0.00ns)   --->   "%specinterface_ln0 = specinterface void @_ssdm_op_SpecInterface, i32 %B_fifo4_30, void @empty_215, i32 0, i32 0, void @empty_219, i32 0, i32 0, void @empty_219, void @empty_219, void @empty_219, i32 0, i32 0, i32 0, i32 0, void @empty_219, void @empty_219, i32 4294967295, i32 0"   --->   Operation 516 'specinterface' 'specinterface_ln0' <Predicate = true> <Delay = 0.00>
ST_34 : Operation 517 [1/1] (0.00ns)   --->   "%empty_555 = specchannel i32 @_ssdm_op_SpecChannel, void @B_fifo4_OC_31_str, i32 1, void @p_str, void @p_str, i32 9, i32 9, i32 %B_fifo4_31, i32 %B_fifo4_31"   --->   Operation 517 'specchannel' 'empty_555' <Predicate = true> <Delay = 0.00>
ST_34 : Operation 518 [1/1] (0.00ns)   --->   "%specinterface_ln0 = specinterface void @_ssdm_op_SpecInterface, i32 %B_fifo4_31, void @empty_215, i32 0, i32 0, void @empty_219, i32 0, i32 0, void @empty_219, void @empty_219, void @empty_219, i32 0, i32 0, i32 0, i32 0, void @empty_219, void @empty_219, i32 4294967295, i32 0"   --->   Operation 518 'specinterface' 'specinterface_ln0' <Predicate = true> <Delay = 0.00>
ST_34 : Operation 519 [1/1] (0.00ns)   --->   "%empty_556 = specchannel i32 @_ssdm_op_SpecChannel, void @B_fifo4_OC_32_str, i32 1, void @p_str, void @p_str, i32 9, i32 9, i32 %B_fifo4_32, i32 %B_fifo4_32"   --->   Operation 519 'specchannel' 'empty_556' <Predicate = true> <Delay = 0.00>
ST_34 : Operation 520 [1/1] (0.00ns)   --->   "%specinterface_ln0 = specinterface void @_ssdm_op_SpecInterface, i32 %B_fifo4_32, void @empty_215, i32 0, i32 0, void @empty_219, i32 0, i32 0, void @empty_219, void @empty_219, void @empty_219, i32 0, i32 0, i32 0, i32 0, void @empty_219, void @empty_219, i32 4294967295, i32 0"   --->   Operation 520 'specinterface' 'specinterface_ln0' <Predicate = true> <Delay = 0.00>
ST_34 : Operation 521 [1/1] (0.00ns)   --->   "%empty_557 = specchannel i32 @_ssdm_op_SpecChannel, void @B_fifo4_OC_33_str, i32 1, void @p_str, void @p_str, i32 9, i32 9, i32 %B_fifo4_33, i32 %B_fifo4_33"   --->   Operation 521 'specchannel' 'empty_557' <Predicate = true> <Delay = 0.00>
ST_34 : Operation 522 [1/1] (0.00ns)   --->   "%specinterface_ln0 = specinterface void @_ssdm_op_SpecInterface, i32 %B_fifo4_33, void @empty_215, i32 0, i32 0, void @empty_219, i32 0, i32 0, void @empty_219, void @empty_219, void @empty_219, i32 0, i32 0, i32 0, i32 0, void @empty_219, void @empty_219, i32 4294967295, i32 0"   --->   Operation 522 'specinterface' 'specinterface_ln0' <Predicate = true> <Delay = 0.00>
ST_34 : Operation 523 [1/1] (0.00ns)   --->   "%empty_558 = specchannel i32 @_ssdm_op_SpecChannel, void @B_fifo4_OC_34_str, i32 1, void @p_str, void @p_str, i32 9, i32 9, i32 %B_fifo4_34, i32 %B_fifo4_34"   --->   Operation 523 'specchannel' 'empty_558' <Predicate = true> <Delay = 0.00>
ST_34 : Operation 524 [1/1] (0.00ns)   --->   "%specinterface_ln0 = specinterface void @_ssdm_op_SpecInterface, i32 %B_fifo4_34, void @empty_215, i32 0, i32 0, void @empty_219, i32 0, i32 0, void @empty_219, void @empty_219, void @empty_219, i32 0, i32 0, i32 0, i32 0, void @empty_219, void @empty_219, i32 4294967295, i32 0"   --->   Operation 524 'specinterface' 'specinterface_ln0' <Predicate = true> <Delay = 0.00>
ST_34 : Operation 525 [1/1] (0.00ns)   --->   "%empty_559 = specchannel i32 @_ssdm_op_SpecChannel, void @B_fifo4_OC_35_str, i32 1, void @p_str, void @p_str, i32 9, i32 9, i32 %B_fifo4_35, i32 %B_fifo4_35"   --->   Operation 525 'specchannel' 'empty_559' <Predicate = true> <Delay = 0.00>
ST_34 : Operation 526 [1/1] (0.00ns)   --->   "%specinterface_ln0 = specinterface void @_ssdm_op_SpecInterface, i32 %B_fifo4_35, void @empty_215, i32 0, i32 0, void @empty_219, i32 0, i32 0, void @empty_219, void @empty_219, void @empty_219, i32 0, i32 0, i32 0, i32 0, void @empty_219, void @empty_219, i32 4294967295, i32 0"   --->   Operation 526 'specinterface' 'specinterface_ln0' <Predicate = true> <Delay = 0.00>
ST_34 : Operation 527 [1/1] (0.00ns)   --->   "%empty_560 = specchannel i32 @_ssdm_op_SpecChannel, void @B_fifo4_OC_36_str, i32 1, void @p_str, void @p_str, i32 9, i32 9, i32 %B_fifo4_36, i32 %B_fifo4_36"   --->   Operation 527 'specchannel' 'empty_560' <Predicate = true> <Delay = 0.00>
ST_34 : Operation 528 [1/1] (0.00ns)   --->   "%specinterface_ln0 = specinterface void @_ssdm_op_SpecInterface, i32 %B_fifo4_36, void @empty_215, i32 0, i32 0, void @empty_219, i32 0, i32 0, void @empty_219, void @empty_219, void @empty_219, i32 0, i32 0, i32 0, i32 0, void @empty_219, void @empty_219, i32 4294967295, i32 0"   --->   Operation 528 'specinterface' 'specinterface_ln0' <Predicate = true> <Delay = 0.00>
ST_34 : Operation 529 [1/1] (0.00ns)   --->   "%empty_561 = specchannel i32 @_ssdm_op_SpecChannel, void @B_fifo4_OC_37_str, i32 1, void @p_str, void @p_str, i32 9, i32 9, i32 %B_fifo4_37, i32 %B_fifo4_37"   --->   Operation 529 'specchannel' 'empty_561' <Predicate = true> <Delay = 0.00>
ST_34 : Operation 530 [1/1] (0.00ns)   --->   "%specinterface_ln0 = specinterface void @_ssdm_op_SpecInterface, i32 %B_fifo4_37, void @empty_215, i32 0, i32 0, void @empty_219, i32 0, i32 0, void @empty_219, void @empty_219, void @empty_219, i32 0, i32 0, i32 0, i32 0, void @empty_219, void @empty_219, i32 4294967295, i32 0"   --->   Operation 530 'specinterface' 'specinterface_ln0' <Predicate = true> <Delay = 0.00>
ST_34 : Operation 531 [1/1] (0.00ns)   --->   "%empty_562 = specchannel i32 @_ssdm_op_SpecChannel, void @B_fifo4_OC_38_str, i32 1, void @p_str, void @p_str, i32 9, i32 9, i32 %B_fifo4_38, i32 %B_fifo4_38"   --->   Operation 531 'specchannel' 'empty_562' <Predicate = true> <Delay = 0.00>
ST_34 : Operation 532 [1/1] (0.00ns)   --->   "%specinterface_ln0 = specinterface void @_ssdm_op_SpecInterface, i32 %B_fifo4_38, void @empty_215, i32 0, i32 0, void @empty_219, i32 0, i32 0, void @empty_219, void @empty_219, void @empty_219, i32 0, i32 0, i32 0, i32 0, void @empty_219, void @empty_219, i32 4294967295, i32 0"   --->   Operation 532 'specinterface' 'specinterface_ln0' <Predicate = true> <Delay = 0.00>
ST_34 : Operation 533 [1/1] (0.00ns)   --->   "%empty_563 = specchannel i32 @_ssdm_op_SpecChannel, void @B_fifo4_OC_39_str, i32 1, void @p_str, void @p_str, i32 9, i32 9, i32 %B_fifo4_39, i32 %B_fifo4_39"   --->   Operation 533 'specchannel' 'empty_563' <Predicate = true> <Delay = 0.00>
ST_34 : Operation 534 [1/1] (0.00ns)   --->   "%specinterface_ln0 = specinterface void @_ssdm_op_SpecInterface, i32 %B_fifo4_39, void @empty_215, i32 0, i32 0, void @empty_219, i32 0, i32 0, void @empty_219, void @empty_219, void @empty_219, i32 0, i32 0, i32 0, i32 0, void @empty_219, void @empty_219, i32 4294967295, i32 0"   --->   Operation 534 'specinterface' 'specinterface_ln0' <Predicate = true> <Delay = 0.00>
ST_34 : Operation 535 [1/1] (0.00ns)   --->   "%empty_564 = specchannel i32 @_ssdm_op_SpecChannel, void @B_fifo4_OC_40_str, i32 1, void @p_str, void @p_str, i32 9, i32 9, i32 %B_fifo4_40, i32 %B_fifo4_40"   --->   Operation 535 'specchannel' 'empty_564' <Predicate = true> <Delay = 0.00>
ST_34 : Operation 536 [1/1] (0.00ns)   --->   "%specinterface_ln0 = specinterface void @_ssdm_op_SpecInterface, i32 %B_fifo4_40, void @empty_215, i32 0, i32 0, void @empty_219, i32 0, i32 0, void @empty_219, void @empty_219, void @empty_219, i32 0, i32 0, i32 0, i32 0, void @empty_219, void @empty_219, i32 4294967295, i32 0"   --->   Operation 536 'specinterface' 'specinterface_ln0' <Predicate = true> <Delay = 0.00>
ST_34 : Operation 537 [1/1] (0.00ns)   --->   "%empty_565 = specchannel i32 @_ssdm_op_SpecChannel, void @B_fifo4_OC_41_str, i32 1, void @p_str, void @p_str, i32 9, i32 9, i32 %B_fifo4_41, i32 %B_fifo4_41"   --->   Operation 537 'specchannel' 'empty_565' <Predicate = true> <Delay = 0.00>
ST_34 : Operation 538 [1/1] (0.00ns)   --->   "%specinterface_ln0 = specinterface void @_ssdm_op_SpecInterface, i32 %B_fifo4_41, void @empty_215, i32 0, i32 0, void @empty_219, i32 0, i32 0, void @empty_219, void @empty_219, void @empty_219, i32 0, i32 0, i32 0, i32 0, void @empty_219, void @empty_219, i32 4294967295, i32 0"   --->   Operation 538 'specinterface' 'specinterface_ln0' <Predicate = true> <Delay = 0.00>
ST_34 : Operation 539 [1/1] (0.00ns)   --->   "%empty_566 = specchannel i32 @_ssdm_op_SpecChannel, void @B_fifo4_OC_42_str, i32 1, void @p_str, void @p_str, i32 9, i32 9, i32 %B_fifo4_42, i32 %B_fifo4_42"   --->   Operation 539 'specchannel' 'empty_566' <Predicate = true> <Delay = 0.00>
ST_34 : Operation 540 [1/1] (0.00ns)   --->   "%specinterface_ln0 = specinterface void @_ssdm_op_SpecInterface, i32 %B_fifo4_42, void @empty_215, i32 0, i32 0, void @empty_219, i32 0, i32 0, void @empty_219, void @empty_219, void @empty_219, i32 0, i32 0, i32 0, i32 0, void @empty_219, void @empty_219, i32 4294967295, i32 0"   --->   Operation 540 'specinterface' 'specinterface_ln0' <Predicate = true> <Delay = 0.00>
ST_34 : Operation 541 [1/1] (0.00ns)   --->   "%empty_567 = specchannel i32 @_ssdm_op_SpecChannel, void @B_fifo4_OC_43_str, i32 1, void @p_str, void @p_str, i32 9, i32 9, i32 %B_fifo4_43, i32 %B_fifo4_43"   --->   Operation 541 'specchannel' 'empty_567' <Predicate = true> <Delay = 0.00>
ST_34 : Operation 542 [1/1] (0.00ns)   --->   "%specinterface_ln0 = specinterface void @_ssdm_op_SpecInterface, i32 %B_fifo4_43, void @empty_215, i32 0, i32 0, void @empty_219, i32 0, i32 0, void @empty_219, void @empty_219, void @empty_219, i32 0, i32 0, i32 0, i32 0, void @empty_219, void @empty_219, i32 4294967295, i32 0"   --->   Operation 542 'specinterface' 'specinterface_ln0' <Predicate = true> <Delay = 0.00>
ST_34 : Operation 543 [1/1] (0.00ns)   --->   "%empty_568 = specchannel i32 @_ssdm_op_SpecChannel, void @B_fifo4_OC_44_str, i32 1, void @p_str, void @p_str, i32 9, i32 9, i32 %B_fifo4_44, i32 %B_fifo4_44"   --->   Operation 543 'specchannel' 'empty_568' <Predicate = true> <Delay = 0.00>
ST_34 : Operation 544 [1/1] (0.00ns)   --->   "%specinterface_ln0 = specinterface void @_ssdm_op_SpecInterface, i32 %B_fifo4_44, void @empty_215, i32 0, i32 0, void @empty_219, i32 0, i32 0, void @empty_219, void @empty_219, void @empty_219, i32 0, i32 0, i32 0, i32 0, void @empty_219, void @empty_219, i32 4294967295, i32 0"   --->   Operation 544 'specinterface' 'specinterface_ln0' <Predicate = true> <Delay = 0.00>
ST_34 : Operation 545 [1/1] (0.00ns)   --->   "%empty_569 = specchannel i32 @_ssdm_op_SpecChannel, void @B_fifo4_OC_45_str, i32 1, void @p_str, void @p_str, i32 9, i32 9, i32 %B_fifo4_45, i32 %B_fifo4_45"   --->   Operation 545 'specchannel' 'empty_569' <Predicate = true> <Delay = 0.00>
ST_34 : Operation 546 [1/1] (0.00ns)   --->   "%specinterface_ln0 = specinterface void @_ssdm_op_SpecInterface, i32 %B_fifo4_45, void @empty_215, i32 0, i32 0, void @empty_219, i32 0, i32 0, void @empty_219, void @empty_219, void @empty_219, i32 0, i32 0, i32 0, i32 0, void @empty_219, void @empty_219, i32 4294967295, i32 0"   --->   Operation 546 'specinterface' 'specinterface_ln0' <Predicate = true> <Delay = 0.00>
ST_34 : Operation 547 [1/1] (0.00ns)   --->   "%empty_570 = specchannel i32 @_ssdm_op_SpecChannel, void @B_fifo4_OC_46_str, i32 1, void @p_str, void @p_str, i32 9, i32 9, i32 %B_fifo4_46, i32 %B_fifo4_46"   --->   Operation 547 'specchannel' 'empty_570' <Predicate = true> <Delay = 0.00>
ST_34 : Operation 548 [1/1] (0.00ns)   --->   "%specinterface_ln0 = specinterface void @_ssdm_op_SpecInterface, i32 %B_fifo4_46, void @empty_215, i32 0, i32 0, void @empty_219, i32 0, i32 0, void @empty_219, void @empty_219, void @empty_219, i32 0, i32 0, i32 0, i32 0, void @empty_219, void @empty_219, i32 4294967295, i32 0"   --->   Operation 548 'specinterface' 'specinterface_ln0' <Predicate = true> <Delay = 0.00>
ST_34 : Operation 549 [1/1] (0.00ns)   --->   "%empty_571 = specchannel i32 @_ssdm_op_SpecChannel, void @B_fifo4_OC_47_str, i32 1, void @p_str, void @p_str, i32 9, i32 9, i32 %B_fifo4_47, i32 %B_fifo4_47"   --->   Operation 549 'specchannel' 'empty_571' <Predicate = true> <Delay = 0.00>
ST_34 : Operation 550 [1/1] (0.00ns)   --->   "%specinterface_ln0 = specinterface void @_ssdm_op_SpecInterface, i32 %B_fifo4_47, void @empty_215, i32 0, i32 0, void @empty_219, i32 0, i32 0, void @empty_219, void @empty_219, void @empty_219, i32 0, i32 0, i32 0, i32 0, void @empty_219, void @empty_219, i32 4294967295, i32 0"   --->   Operation 550 'specinterface' 'specinterface_ln0' <Predicate = true> <Delay = 0.00>
ST_34 : Operation 551 [1/1] (0.00ns)   --->   "%empty_572 = specchannel i32 @_ssdm_op_SpecChannel, void @B_fifo4_OC_48_str, i32 1, void @p_str, void @p_str, i32 9, i32 9, i32 %B_fifo4_48, i32 %B_fifo4_48"   --->   Operation 551 'specchannel' 'empty_572' <Predicate = true> <Delay = 0.00>
ST_34 : Operation 552 [1/1] (0.00ns)   --->   "%specinterface_ln0 = specinterface void @_ssdm_op_SpecInterface, i32 %B_fifo4_48, void @empty_215, i32 0, i32 0, void @empty_219, i32 0, i32 0, void @empty_219, void @empty_219, void @empty_219, i32 0, i32 0, i32 0, i32 0, void @empty_219, void @empty_219, i32 4294967295, i32 0"   --->   Operation 552 'specinterface' 'specinterface_ln0' <Predicate = true> <Delay = 0.00>
ST_34 : Operation 553 [1/1] (0.00ns)   --->   "%empty_573 = specchannel i32 @_ssdm_op_SpecChannel, void @B_fifo4_OC_49_str, i32 1, void @p_str, void @p_str, i32 9, i32 9, i32 %B_fifo4_49, i32 %B_fifo4_49"   --->   Operation 553 'specchannel' 'empty_573' <Predicate = true> <Delay = 0.00>
ST_34 : Operation 554 [1/1] (0.00ns)   --->   "%specinterface_ln0 = specinterface void @_ssdm_op_SpecInterface, i32 %B_fifo4_49, void @empty_215, i32 0, i32 0, void @empty_219, i32 0, i32 0, void @empty_219, void @empty_219, void @empty_219, i32 0, i32 0, i32 0, i32 0, void @empty_219, void @empty_219, i32 4294967295, i32 0"   --->   Operation 554 'specinterface' 'specinterface_ln0' <Predicate = true> <Delay = 0.00>
ST_34 : Operation 555 [1/1] (0.00ns)   --->   "%empty_574 = specchannel i32 @_ssdm_op_SpecChannel, void @B_fifo4_OC_50_str, i32 1, void @p_str, void @p_str, i32 9, i32 9, i32 %B_fifo4_50, i32 %B_fifo4_50"   --->   Operation 555 'specchannel' 'empty_574' <Predicate = true> <Delay = 0.00>
ST_34 : Operation 556 [1/1] (0.00ns)   --->   "%specinterface_ln0 = specinterface void @_ssdm_op_SpecInterface, i32 %B_fifo4_50, void @empty_215, i32 0, i32 0, void @empty_219, i32 0, i32 0, void @empty_219, void @empty_219, void @empty_219, i32 0, i32 0, i32 0, i32 0, void @empty_219, void @empty_219, i32 4294967295, i32 0"   --->   Operation 556 'specinterface' 'specinterface_ln0' <Predicate = true> <Delay = 0.00>
ST_34 : Operation 557 [1/1] (0.00ns)   --->   "%empty_575 = specchannel i32 @_ssdm_op_SpecChannel, void @B_fifo4_OC_51_str, i32 1, void @p_str, void @p_str, i32 9, i32 9, i32 %B_fifo4_51, i32 %B_fifo4_51"   --->   Operation 557 'specchannel' 'empty_575' <Predicate = true> <Delay = 0.00>
ST_34 : Operation 558 [1/1] (0.00ns)   --->   "%specinterface_ln0 = specinterface void @_ssdm_op_SpecInterface, i32 %B_fifo4_51, void @empty_215, i32 0, i32 0, void @empty_219, i32 0, i32 0, void @empty_219, void @empty_219, void @empty_219, i32 0, i32 0, i32 0, i32 0, void @empty_219, void @empty_219, i32 4294967295, i32 0"   --->   Operation 558 'specinterface' 'specinterface_ln0' <Predicate = true> <Delay = 0.00>
ST_34 : Operation 559 [1/1] (0.00ns)   --->   "%empty_576 = specchannel i32 @_ssdm_op_SpecChannel, void @B_fifo4_OC_52_str, i32 1, void @p_str, void @p_str, i32 9, i32 9, i32 %B_fifo4_52, i32 %B_fifo4_52"   --->   Operation 559 'specchannel' 'empty_576' <Predicate = true> <Delay = 0.00>
ST_34 : Operation 560 [1/1] (0.00ns)   --->   "%specinterface_ln0 = specinterface void @_ssdm_op_SpecInterface, i32 %B_fifo4_52, void @empty_215, i32 0, i32 0, void @empty_219, i32 0, i32 0, void @empty_219, void @empty_219, void @empty_219, i32 0, i32 0, i32 0, i32 0, void @empty_219, void @empty_219, i32 4294967295, i32 0"   --->   Operation 560 'specinterface' 'specinterface_ln0' <Predicate = true> <Delay = 0.00>
ST_34 : Operation 561 [1/1] (0.00ns)   --->   "%empty_577 = specchannel i32 @_ssdm_op_SpecChannel, void @B_fifo4_OC_53_str, i32 1, void @p_str, void @p_str, i32 9, i32 9, i32 %B_fifo4_53, i32 %B_fifo4_53"   --->   Operation 561 'specchannel' 'empty_577' <Predicate = true> <Delay = 0.00>
ST_34 : Operation 562 [1/1] (0.00ns)   --->   "%specinterface_ln0 = specinterface void @_ssdm_op_SpecInterface, i32 %B_fifo4_53, void @empty_215, i32 0, i32 0, void @empty_219, i32 0, i32 0, void @empty_219, void @empty_219, void @empty_219, i32 0, i32 0, i32 0, i32 0, void @empty_219, void @empty_219, i32 4294967295, i32 0"   --->   Operation 562 'specinterface' 'specinterface_ln0' <Predicate = true> <Delay = 0.00>
ST_34 : Operation 563 [1/1] (0.00ns)   --->   "%empty_578 = specchannel i32 @_ssdm_op_SpecChannel, void @B_fifo4_OC_54_str, i32 1, void @p_str, void @p_str, i32 9, i32 9, i32 %B_fifo4_54, i32 %B_fifo4_54"   --->   Operation 563 'specchannel' 'empty_578' <Predicate = true> <Delay = 0.00>
ST_34 : Operation 564 [1/1] (0.00ns)   --->   "%specinterface_ln0 = specinterface void @_ssdm_op_SpecInterface, i32 %B_fifo4_54, void @empty_215, i32 0, i32 0, void @empty_219, i32 0, i32 0, void @empty_219, void @empty_219, void @empty_219, i32 0, i32 0, i32 0, i32 0, void @empty_219, void @empty_219, i32 4294967295, i32 0"   --->   Operation 564 'specinterface' 'specinterface_ln0' <Predicate = true> <Delay = 0.00>
ST_34 : Operation 565 [1/1] (0.00ns)   --->   "%empty_579 = specchannel i32 @_ssdm_op_SpecChannel, void @B_fifo4_OC_55_str, i32 1, void @p_str, void @p_str, i32 9, i32 9, i32 %B_fifo4_55, i32 %B_fifo4_55"   --->   Operation 565 'specchannel' 'empty_579' <Predicate = true> <Delay = 0.00>
ST_34 : Operation 566 [1/1] (0.00ns)   --->   "%specinterface_ln0 = specinterface void @_ssdm_op_SpecInterface, i32 %B_fifo4_55, void @empty_215, i32 0, i32 0, void @empty_219, i32 0, i32 0, void @empty_219, void @empty_219, void @empty_219, i32 0, i32 0, i32 0, i32 0, void @empty_219, void @empty_219, i32 4294967295, i32 0"   --->   Operation 566 'specinterface' 'specinterface_ln0' <Predicate = true> <Delay = 0.00>
ST_34 : Operation 567 [1/1] (0.00ns)   --->   "%empty_580 = specchannel i32 @_ssdm_op_SpecChannel, void @B_fifo4_OC_56_str, i32 1, void @p_str, void @p_str, i32 9, i32 9, i32 %B_fifo4_56, i32 %B_fifo4_56"   --->   Operation 567 'specchannel' 'empty_580' <Predicate = true> <Delay = 0.00>
ST_34 : Operation 568 [1/1] (0.00ns)   --->   "%specinterface_ln0 = specinterface void @_ssdm_op_SpecInterface, i32 %B_fifo4_56, void @empty_215, i32 0, i32 0, void @empty_219, i32 0, i32 0, void @empty_219, void @empty_219, void @empty_219, i32 0, i32 0, i32 0, i32 0, void @empty_219, void @empty_219, i32 4294967295, i32 0"   --->   Operation 568 'specinterface' 'specinterface_ln0' <Predicate = true> <Delay = 0.00>
ST_34 : Operation 569 [1/1] (0.00ns)   --->   "%empty_581 = specchannel i32 @_ssdm_op_SpecChannel, void @B_fifo4_OC_57_str, i32 1, void @p_str, void @p_str, i32 9, i32 9, i32 %B_fifo4_57, i32 %B_fifo4_57"   --->   Operation 569 'specchannel' 'empty_581' <Predicate = true> <Delay = 0.00>
ST_34 : Operation 570 [1/1] (0.00ns)   --->   "%specinterface_ln0 = specinterface void @_ssdm_op_SpecInterface, i32 %B_fifo4_57, void @empty_215, i32 0, i32 0, void @empty_219, i32 0, i32 0, void @empty_219, void @empty_219, void @empty_219, i32 0, i32 0, i32 0, i32 0, void @empty_219, void @empty_219, i32 4294967295, i32 0"   --->   Operation 570 'specinterface' 'specinterface_ln0' <Predicate = true> <Delay = 0.00>
ST_34 : Operation 571 [1/1] (0.00ns)   --->   "%empty_582 = specchannel i32 @_ssdm_op_SpecChannel, void @B_fifo4_OC_58_str, i32 1, void @p_str, void @p_str, i32 9, i32 9, i32 %B_fifo4_58, i32 %B_fifo4_58"   --->   Operation 571 'specchannel' 'empty_582' <Predicate = true> <Delay = 0.00>
ST_34 : Operation 572 [1/1] (0.00ns)   --->   "%specinterface_ln0 = specinterface void @_ssdm_op_SpecInterface, i32 %B_fifo4_58, void @empty_215, i32 0, i32 0, void @empty_219, i32 0, i32 0, void @empty_219, void @empty_219, void @empty_219, i32 0, i32 0, i32 0, i32 0, void @empty_219, void @empty_219, i32 4294967295, i32 0"   --->   Operation 572 'specinterface' 'specinterface_ln0' <Predicate = true> <Delay = 0.00>
ST_34 : Operation 573 [1/1] (0.00ns)   --->   "%empty_583 = specchannel i32 @_ssdm_op_SpecChannel, void @B_fifo4_OC_59_str, i32 1, void @p_str, void @p_str, i32 9, i32 9, i32 %B_fifo4_59, i32 %B_fifo4_59"   --->   Operation 573 'specchannel' 'empty_583' <Predicate = true> <Delay = 0.00>
ST_34 : Operation 574 [1/1] (0.00ns)   --->   "%specinterface_ln0 = specinterface void @_ssdm_op_SpecInterface, i32 %B_fifo4_59, void @empty_215, i32 0, i32 0, void @empty_219, i32 0, i32 0, void @empty_219, void @empty_219, void @empty_219, i32 0, i32 0, i32 0, i32 0, void @empty_219, void @empty_219, i32 4294967295, i32 0"   --->   Operation 574 'specinterface' 'specinterface_ln0' <Predicate = true> <Delay = 0.00>
ST_34 : Operation 575 [1/1] (0.00ns)   --->   "%empty_584 = specchannel i32 @_ssdm_op_SpecChannel, void @B_fifo4_OC_60_str, i32 1, void @p_str, void @p_str, i32 9, i32 9, i32 %B_fifo4_60, i32 %B_fifo4_60"   --->   Operation 575 'specchannel' 'empty_584' <Predicate = true> <Delay = 0.00>
ST_34 : Operation 576 [1/1] (0.00ns)   --->   "%specinterface_ln0 = specinterface void @_ssdm_op_SpecInterface, i32 %B_fifo4_60, void @empty_215, i32 0, i32 0, void @empty_219, i32 0, i32 0, void @empty_219, void @empty_219, void @empty_219, i32 0, i32 0, i32 0, i32 0, void @empty_219, void @empty_219, i32 4294967295, i32 0"   --->   Operation 576 'specinterface' 'specinterface_ln0' <Predicate = true> <Delay = 0.00>
ST_34 : Operation 577 [1/1] (0.00ns)   --->   "%empty_585 = specchannel i32 @_ssdm_op_SpecChannel, void @B_fifo4_OC_61_str, i32 1, void @p_str, void @p_str, i32 9, i32 9, i32 %B_fifo4_61, i32 %B_fifo4_61"   --->   Operation 577 'specchannel' 'empty_585' <Predicate = true> <Delay = 0.00>
ST_34 : Operation 578 [1/1] (0.00ns)   --->   "%specinterface_ln0 = specinterface void @_ssdm_op_SpecInterface, i32 %B_fifo4_61, void @empty_215, i32 0, i32 0, void @empty_219, i32 0, i32 0, void @empty_219, void @empty_219, void @empty_219, i32 0, i32 0, i32 0, i32 0, void @empty_219, void @empty_219, i32 4294967295, i32 0"   --->   Operation 578 'specinterface' 'specinterface_ln0' <Predicate = true> <Delay = 0.00>
ST_34 : Operation 579 [1/1] (0.00ns)   --->   "%empty_586 = specchannel i32 @_ssdm_op_SpecChannel, void @B_fifo4_OC_62_str, i32 1, void @p_str, void @p_str, i32 9, i32 9, i32 %B_fifo4_62, i32 %B_fifo4_62"   --->   Operation 579 'specchannel' 'empty_586' <Predicate = true> <Delay = 0.00>
ST_34 : Operation 580 [1/1] (0.00ns)   --->   "%specinterface_ln0 = specinterface void @_ssdm_op_SpecInterface, i32 %B_fifo4_62, void @empty_215, i32 0, i32 0, void @empty_219, i32 0, i32 0, void @empty_219, void @empty_219, void @empty_219, i32 0, i32 0, i32 0, i32 0, void @empty_219, void @empty_219, i32 4294967295, i32 0"   --->   Operation 580 'specinterface' 'specinterface_ln0' <Predicate = true> <Delay = 0.00>
ST_34 : Operation 581 [1/1] (0.00ns)   --->   "%empty_587 = specchannel i32 @_ssdm_op_SpecChannel, void @B_fifo4_OC_63_str, i32 1, void @p_str, void @p_str, i32 9, i32 9, i32 %B_fifo4_63, i32 %B_fifo4_63"   --->   Operation 581 'specchannel' 'empty_587' <Predicate = true> <Delay = 0.00>
ST_34 : Operation 582 [1/1] (0.00ns)   --->   "%specinterface_ln0 = specinterface void @_ssdm_op_SpecInterface, i32 %B_fifo4_63, void @empty_215, i32 0, i32 0, void @empty_219, i32 0, i32 0, void @empty_219, void @empty_219, void @empty_219, i32 0, i32 0, i32 0, i32 0, void @empty_219, void @empty_219, i32 4294967295, i32 0"   --->   Operation 582 'specinterface' 'specinterface_ln0' <Predicate = true> <Delay = 0.00>
ST_34 : Operation 583 [1/1] (0.00ns)   --->   "%empty_588 = specchannel i32 @_ssdm_op_SpecChannel, void @B_fifo4_OC_64_str, i32 1, void @p_str, void @p_str, i32 9, i32 9, i32 %B_fifo4_64, i32 %B_fifo4_64"   --->   Operation 583 'specchannel' 'empty_588' <Predicate = true> <Delay = 0.00>
ST_34 : Operation 584 [1/1] (0.00ns)   --->   "%specinterface_ln0 = specinterface void @_ssdm_op_SpecInterface, i32 %B_fifo4_64, void @empty_215, i32 0, i32 0, void @empty_219, i32 0, i32 0, void @empty_219, void @empty_219, void @empty_219, i32 0, i32 0, i32 0, i32 0, void @empty_219, void @empty_219, i32 4294967295, i32 0"   --->   Operation 584 'specinterface' 'specinterface_ln0' <Predicate = true> <Delay = 0.00>
ST_34 : Operation 585 [1/1] (0.00ns)   --->   "%empty_589 = specchannel i32 @_ssdm_op_SpecChannel, void @B_fifo4_OC_65_str, i32 1, void @p_str, void @p_str, i32 9, i32 9, i32 %B_fifo4_65, i32 %B_fifo4_65"   --->   Operation 585 'specchannel' 'empty_589' <Predicate = true> <Delay = 0.00>
ST_34 : Operation 586 [1/1] (0.00ns)   --->   "%specinterface_ln0 = specinterface void @_ssdm_op_SpecInterface, i32 %B_fifo4_65, void @empty_215, i32 0, i32 0, void @empty_219, i32 0, i32 0, void @empty_219, void @empty_219, void @empty_219, i32 0, i32 0, i32 0, i32 0, void @empty_219, void @empty_219, i32 4294967295, i32 0"   --->   Operation 586 'specinterface' 'specinterface_ln0' <Predicate = true> <Delay = 0.00>
ST_34 : Operation 587 [1/1] (0.00ns)   --->   "%empty_590 = specchannel i32 @_ssdm_op_SpecChannel, void @B_fifo4_OC_66_str, i32 1, void @p_str, void @p_str, i32 9, i32 9, i32 %B_fifo4_66, i32 %B_fifo4_66"   --->   Operation 587 'specchannel' 'empty_590' <Predicate = true> <Delay = 0.00>
ST_34 : Operation 588 [1/1] (0.00ns)   --->   "%specinterface_ln0 = specinterface void @_ssdm_op_SpecInterface, i32 %B_fifo4_66, void @empty_215, i32 0, i32 0, void @empty_219, i32 0, i32 0, void @empty_219, void @empty_219, void @empty_219, i32 0, i32 0, i32 0, i32 0, void @empty_219, void @empty_219, i32 4294967295, i32 0"   --->   Operation 588 'specinterface' 'specinterface_ln0' <Predicate = true> <Delay = 0.00>
ST_34 : Operation 589 [1/1] (0.00ns)   --->   "%empty_591 = specchannel i32 @_ssdm_op_SpecChannel, void @B_fifo4_OC_67_str, i32 1, void @p_str, void @p_str, i32 9, i32 9, i32 %B_fifo4_67, i32 %B_fifo4_67"   --->   Operation 589 'specchannel' 'empty_591' <Predicate = true> <Delay = 0.00>
ST_34 : Operation 590 [1/1] (0.00ns)   --->   "%specinterface_ln0 = specinterface void @_ssdm_op_SpecInterface, i32 %B_fifo4_67, void @empty_215, i32 0, i32 0, void @empty_219, i32 0, i32 0, void @empty_219, void @empty_219, void @empty_219, i32 0, i32 0, i32 0, i32 0, void @empty_219, void @empty_219, i32 4294967295, i32 0"   --->   Operation 590 'specinterface' 'specinterface_ln0' <Predicate = true> <Delay = 0.00>
ST_34 : Operation 591 [1/1] (0.00ns)   --->   "%empty_592 = specchannel i32 @_ssdm_op_SpecChannel, void @B_fifo4_OC_68_str, i32 1, void @p_str, void @p_str, i32 9, i32 9, i32 %B_fifo4_68, i32 %B_fifo4_68"   --->   Operation 591 'specchannel' 'empty_592' <Predicate = true> <Delay = 0.00>
ST_34 : Operation 592 [1/1] (0.00ns)   --->   "%specinterface_ln0 = specinterface void @_ssdm_op_SpecInterface, i32 %B_fifo4_68, void @empty_215, i32 0, i32 0, void @empty_219, i32 0, i32 0, void @empty_219, void @empty_219, void @empty_219, i32 0, i32 0, i32 0, i32 0, void @empty_219, void @empty_219, i32 4294967295, i32 0"   --->   Operation 592 'specinterface' 'specinterface_ln0' <Predicate = true> <Delay = 0.00>
ST_34 : Operation 593 [1/1] (0.00ns)   --->   "%empty_593 = specchannel i32 @_ssdm_op_SpecChannel, void @B_fifo4_OC_69_str, i32 1, void @p_str, void @p_str, i32 9, i32 9, i32 %B_fifo4_69, i32 %B_fifo4_69"   --->   Operation 593 'specchannel' 'empty_593' <Predicate = true> <Delay = 0.00>
ST_34 : Operation 594 [1/1] (0.00ns)   --->   "%specinterface_ln0 = specinterface void @_ssdm_op_SpecInterface, i32 %B_fifo4_69, void @empty_215, i32 0, i32 0, void @empty_219, i32 0, i32 0, void @empty_219, void @empty_219, void @empty_219, i32 0, i32 0, i32 0, i32 0, void @empty_219, void @empty_219, i32 4294967295, i32 0"   --->   Operation 594 'specinterface' 'specinterface_ln0' <Predicate = true> <Delay = 0.00>
ST_34 : Operation 595 [1/1] (0.00ns)   --->   "%empty_594 = specchannel i32 @_ssdm_op_SpecChannel, void @B_fifo4_OC_70_str, i32 1, void @p_str, void @p_str, i32 9, i32 9, i32 %B_fifo4_70, i32 %B_fifo4_70"   --->   Operation 595 'specchannel' 'empty_594' <Predicate = true> <Delay = 0.00>
ST_34 : Operation 596 [1/1] (0.00ns)   --->   "%specinterface_ln0 = specinterface void @_ssdm_op_SpecInterface, i32 %B_fifo4_70, void @empty_215, i32 0, i32 0, void @empty_219, i32 0, i32 0, void @empty_219, void @empty_219, void @empty_219, i32 0, i32 0, i32 0, i32 0, void @empty_219, void @empty_219, i32 4294967295, i32 0"   --->   Operation 596 'specinterface' 'specinterface_ln0' <Predicate = true> <Delay = 0.00>
ST_34 : Operation 597 [1/1] (0.00ns)   --->   "%empty_595 = specchannel i32 @_ssdm_op_SpecChannel, void @B_fifo4_OC_71_str, i32 1, void @p_str, void @p_str, i32 9, i32 9, i32 %B_fifo4_71, i32 %B_fifo4_71"   --->   Operation 597 'specchannel' 'empty_595' <Predicate = true> <Delay = 0.00>
ST_34 : Operation 598 [1/1] (0.00ns)   --->   "%specinterface_ln0 = specinterface void @_ssdm_op_SpecInterface, i32 %B_fifo4_71, void @empty_215, i32 0, i32 0, void @empty_219, i32 0, i32 0, void @empty_219, void @empty_219, void @empty_219, i32 0, i32 0, i32 0, i32 0, void @empty_219, void @empty_219, i32 4294967295, i32 0"   --->   Operation 598 'specinterface' 'specinterface_ln0' <Predicate = true> <Delay = 0.00>
ST_34 : Operation 599 [1/2] (0.00ns)   --->   "%call_ln0 = call void @systolic_tile_QKT_Loop_l_data_drain_k273_proc27, i32 %A_fifo4_8, i32 %A_fifo4_17, i32 %A_fifo4_26, i32 %A_fifo4_35, i32 %A_fifo4_44, i32 %A_fifo4_53, i32 %A_fifo4_62, i32 %A_fifo4_71, i32 %B_fifo4_8, i32 %B_fifo4_17, i32 %B_fifo4_26, i32 %B_fifo4_35, i32 %B_fifo4_44, i32 %B_fifo4_53, i32 %B_fifo4_62, i32 %B_fifo4_71"   --->   Operation 599 'call' 'call_ln0' <Predicate = true> <Delay = 0.00> <CoreType = "Generic">   --->   Core 0 '' <Latency = 0> <II = 1> <Delay = 1.00> <Generic> <Opcode : >
ST_34 : Operation 600 [1/1] (0.00ns)   --->   "%ret_ln12587 = ret" [/home/silvenchen/Desktop/DitBlock/WorkDCT/DitBlock/kernel.cpp:12587]   --->   Operation 600 'ret' 'ret_ln12587' <Predicate = true> <Delay = 0.00>


============================================================
+ Verbose Summary: Binding
============================================================
STG Binding: 
---------------- STG Properties BEGIN ----------------
- Is combinational: 0
- Is one-state seq: 0
- Is datapath-only: 0
- Is pipelined: 0
- Is top level: 0
Port [ Return ] is wired: 1; IO mode=ap_ctrl_hs:ce=0
Port [ v6609_0]:  wired=1; compound=1; hidden=0; nouse=0; global=0; static=0; extern=0; dir=0; type=1; pingpong=0; private_global=0; MemPort=[13]; IO mode=ap_memory:ce=0
Port [ v6609_1]:  wired=1; compound=1; hidden=0; nouse=0; global=0; static=0; extern=0; dir=0; type=1; pingpong=0; private_global=0; MemPort=[13]; IO mode=ap_memory:ce=0
Port [ v6609_2]:  wired=1; compound=1; hidden=0; nouse=0; global=0; static=0; extern=0; dir=0; type=1; pingpong=0; private_global=0; MemPort=[13]; IO mode=ap_memory:ce=0
Port [ v6609_3]:  wired=1; compound=1; hidden=0; nouse=0; global=0; static=0; extern=0; dir=0; type=1; pingpong=0; private_global=0; MemPort=[13]; IO mode=ap_memory:ce=0
Port [ v6609_4]:  wired=1; compound=1; hidden=0; nouse=0; global=0; static=0; extern=0; dir=0; type=1; pingpong=0; private_global=0; MemPort=[13]; IO mode=ap_memory:ce=0
Port [ v6609_5]:  wired=1; compound=1; hidden=0; nouse=0; global=0; static=0; extern=0; dir=0; type=1; pingpong=0; private_global=0; MemPort=[13]; IO mode=ap_memory:ce=0
Port [ v6609_6]:  wired=1; compound=1; hidden=0; nouse=0; global=0; static=0; extern=0; dir=0; type=1; pingpong=0; private_global=0; MemPort=[13]; IO mode=ap_memory:ce=0
Port [ v6609_7]:  wired=1; compound=1; hidden=0; nouse=0; global=0; static=0; extern=0; dir=0; type=1; pingpong=0; private_global=0; MemPort=[13]; IO mode=ap_memory:ce=0
Port [ v6610_0]:  wired=1; compound=1; hidden=0; nouse=0; global=0; static=0; extern=0; dir=0; type=1; pingpong=0; private_global=0; MemPort=[13]; IO mode=ap_memory:ce=0
Port [ v6610_1]:  wired=1; compound=1; hidden=0; nouse=0; global=0; static=0; extern=0; dir=0; type=1; pingpong=0; private_global=0; MemPort=[13]; IO mode=ap_memory:ce=0
Port [ v6610_2]:  wired=1; compound=1; hidden=0; nouse=0; global=0; static=0; extern=0; dir=0; type=1; pingpong=0; private_global=0; MemPort=[13]; IO mode=ap_memory:ce=0
Port [ v6610_3]:  wired=1; compound=1; hidden=0; nouse=0; global=0; static=0; extern=0; dir=0; type=1; pingpong=0; private_global=0; MemPort=[13]; IO mode=ap_memory:ce=0
Port [ v6610_4]:  wired=1; compound=1; hidden=0; nouse=0; global=0; static=0; extern=0; dir=0; type=1; pingpong=0; private_global=0; MemPort=[13]; IO mode=ap_memory:ce=0
Port [ v6610_5]:  wired=1; compound=1; hidden=0; nouse=0; global=0; static=0; extern=0; dir=0; type=1; pingpong=0; private_global=0; MemPort=[13]; IO mode=ap_memory:ce=0
Port [ v6610_6]:  wired=1; compound=1; hidden=0; nouse=0; global=0; static=0; extern=0; dir=0; type=1; pingpong=0; private_global=0; MemPort=[13]; IO mode=ap_memory:ce=0
Port [ v6610_7]:  wired=1; compound=1; hidden=0; nouse=0; global=0; static=0; extern=0; dir=0; type=1; pingpong=0; private_global=0; MemPort=[13]; IO mode=ap_memory:ce=0
Port [ v6611_0_0]:  wired=1; compound=0; hidden=0; nouse=0; global=0; static=0; extern=0; dir=1; type=0; pingpong=0; private_global=0; IO mode=ap_vld:ce=0
Port [ v6611_0_1]:  wired=1; compound=0; hidden=0; nouse=0; global=0; static=0; extern=0; dir=1; type=0; pingpong=0; private_global=0; IO mode=ap_vld:ce=0
Port [ v6611_0_2]:  wired=1; compound=0; hidden=0; nouse=0; global=0; static=0; extern=0; dir=1; type=0; pingpong=0; private_global=0; IO mode=ap_vld:ce=0
Port [ v6611_0_3]:  wired=1; compound=0; hidden=0; nouse=0; global=0; static=0; extern=0; dir=1; type=0; pingpong=0; private_global=0; IO mode=ap_vld:ce=0
Port [ v6611_0_4]:  wired=1; compound=0; hidden=0; nouse=0; global=0; static=0; extern=0; dir=1; type=0; pingpong=0; private_global=0; IO mode=ap_vld:ce=0
Port [ v6611_0_5]:  wired=1; compound=0; hidden=0; nouse=0; global=0; static=0; extern=0; dir=1; type=0; pingpong=0; private_global=0; IO mode=ap_vld:ce=0
Port [ v6611_0_6]:  wired=1; compound=0; hidden=0; nouse=0; global=0; static=0; extern=0; dir=1; type=0; pingpong=0; private_global=0; IO mode=ap_vld:ce=0
Port [ v6611_0_7]:  wired=1; compound=0; hidden=0; nouse=0; global=0; static=0; extern=0; dir=1; type=0; pingpong=0; private_global=0; IO mode=ap_vld:ce=0
Port [ v6611_1_0]:  wired=1; compound=0; hidden=0; nouse=0; global=0; static=0; extern=0; dir=1; type=0; pingpong=0; private_global=0; IO mode=ap_vld:ce=0
Port [ v6611_1_1]:  wired=1; compound=0; hidden=0; nouse=0; global=0; static=0; extern=0; dir=1; type=0; pingpong=0; private_global=0; IO mode=ap_vld:ce=0
Port [ v6611_1_2]:  wired=1; compound=0; hidden=0; nouse=0; global=0; static=0; extern=0; dir=1; type=0; pingpong=0; private_global=0; IO mode=ap_vld:ce=0
Port [ v6611_1_3]:  wired=1; compound=0; hidden=0; nouse=0; global=0; static=0; extern=0; dir=1; type=0; pingpong=0; private_global=0; IO mode=ap_vld:ce=0
Port [ v6611_1_4]:  wired=1; compound=0; hidden=0; nouse=0; global=0; static=0; extern=0; dir=1; type=0; pingpong=0; private_global=0; IO mode=ap_vld:ce=0
Port [ v6611_1_5]:  wired=1; compound=0; hidden=0; nouse=0; global=0; static=0; extern=0; dir=1; type=0; pingpong=0; private_global=0; IO mode=ap_vld:ce=0
Port [ v6611_1_6]:  wired=1; compound=0; hidden=0; nouse=0; global=0; static=0; extern=0; dir=1; type=0; pingpong=0; private_global=0; IO mode=ap_vld:ce=0
Port [ v6611_1_7]:  wired=1; compound=0; hidden=0; nouse=0; global=0; static=0; extern=0; dir=1; type=0; pingpong=0; private_global=0; IO mode=ap_vld:ce=0
Port [ v6611_2_0]:  wired=1; compound=0; hidden=0; nouse=0; global=0; static=0; extern=0; dir=1; type=0; pingpong=0; private_global=0; IO mode=ap_vld:ce=0
Port [ v6611_2_1]:  wired=1; compound=0; hidden=0; nouse=0; global=0; static=0; extern=0; dir=1; type=0; pingpong=0; private_global=0; IO mode=ap_vld:ce=0
Port [ v6611_2_2]:  wired=1; compound=0; hidden=0; nouse=0; global=0; static=0; extern=0; dir=1; type=0; pingpong=0; private_global=0; IO mode=ap_vld:ce=0
Port [ v6611_2_3]:  wired=1; compound=0; hidden=0; nouse=0; global=0; static=0; extern=0; dir=1; type=0; pingpong=0; private_global=0; IO mode=ap_vld:ce=0
Port [ v6611_2_4]:  wired=1; compound=0; hidden=0; nouse=0; global=0; static=0; extern=0; dir=1; type=0; pingpong=0; private_global=0; IO mode=ap_vld:ce=0
Port [ v6611_2_5]:  wired=1; compound=0; hidden=0; nouse=0; global=0; static=0; extern=0; dir=1; type=0; pingpong=0; private_global=0; IO mode=ap_vld:ce=0
Port [ v6611_2_6]:  wired=1; compound=0; hidden=0; nouse=0; global=0; static=0; extern=0; dir=1; type=0; pingpong=0; private_global=0; IO mode=ap_vld:ce=0
Port [ v6611_2_7]:  wired=1; compound=0; hidden=0; nouse=0; global=0; static=0; extern=0; dir=1; type=0; pingpong=0; private_global=0; IO mode=ap_vld:ce=0
Port [ v6611_3_0]:  wired=1; compound=0; hidden=0; nouse=0; global=0; static=0; extern=0; dir=1; type=0; pingpong=0; private_global=0; IO mode=ap_vld:ce=0
Port [ v6611_3_1]:  wired=1; compound=0; hidden=0; nouse=0; global=0; static=0; extern=0; dir=1; type=0; pingpong=0; private_global=0; IO mode=ap_vld:ce=0
Port [ v6611_3_2]:  wired=1; compound=0; hidden=0; nouse=0; global=0; static=0; extern=0; dir=1; type=0; pingpong=0; private_global=0; IO mode=ap_vld:ce=0
Port [ v6611_3_3]:  wired=1; compound=0; hidden=0; nouse=0; global=0; static=0; extern=0; dir=1; type=0; pingpong=0; private_global=0; IO mode=ap_vld:ce=0
Port [ v6611_3_4]:  wired=1; compound=0; hidden=0; nouse=0; global=0; static=0; extern=0; dir=1; type=0; pingpong=0; private_global=0; IO mode=ap_vld:ce=0
Port [ v6611_3_5]:  wired=1; compound=0; hidden=0; nouse=0; global=0; static=0; extern=0; dir=1; type=0; pingpong=0; private_global=0; IO mode=ap_vld:ce=0
Port [ v6611_3_6]:  wired=1; compound=0; hidden=0; nouse=0; global=0; static=0; extern=0; dir=1; type=0; pingpong=0; private_global=0; IO mode=ap_vld:ce=0
Port [ v6611_3_7]:  wired=1; compound=0; hidden=0; nouse=0; global=0; static=0; extern=0; dir=1; type=0; pingpong=0; private_global=0; IO mode=ap_vld:ce=0
Port [ v6611_4_0]:  wired=1; compound=0; hidden=0; nouse=0; global=0; static=0; extern=0; dir=1; type=0; pingpong=0; private_global=0; IO mode=ap_vld:ce=0
Port [ v6611_4_1]:  wired=1; compound=0; hidden=0; nouse=0; global=0; static=0; extern=0; dir=1; type=0; pingpong=0; private_global=0; IO mode=ap_vld:ce=0
Port [ v6611_4_2]:  wired=1; compound=0; hidden=0; nouse=0; global=0; static=0; extern=0; dir=1; type=0; pingpong=0; private_global=0; IO mode=ap_vld:ce=0
Port [ v6611_4_3]:  wired=1; compound=0; hidden=0; nouse=0; global=0; static=0; extern=0; dir=1; type=0; pingpong=0; private_global=0; IO mode=ap_vld:ce=0
Port [ v6611_4_4]:  wired=1; compound=0; hidden=0; nouse=0; global=0; static=0; extern=0; dir=1; type=0; pingpong=0; private_global=0; IO mode=ap_vld:ce=0
Port [ v6611_4_5]:  wired=1; compound=0; hidden=0; nouse=0; global=0; static=0; extern=0; dir=1; type=0; pingpong=0; private_global=0; IO mode=ap_vld:ce=0
Port [ v6611_4_6]:  wired=1; compound=0; hidden=0; nouse=0; global=0; static=0; extern=0; dir=1; type=0; pingpong=0; private_global=0; IO mode=ap_vld:ce=0
Port [ v6611_4_7]:  wired=1; compound=0; hidden=0; nouse=0; global=0; static=0; extern=0; dir=1; type=0; pingpong=0; private_global=0; IO mode=ap_vld:ce=0
Port [ v6611_5_0]:  wired=1; compound=0; hidden=0; nouse=0; global=0; static=0; extern=0; dir=1; type=0; pingpong=0; private_global=0; IO mode=ap_vld:ce=0
Port [ v6611_5_1]:  wired=1; compound=0; hidden=0; nouse=0; global=0; static=0; extern=0; dir=1; type=0; pingpong=0; private_global=0; IO mode=ap_vld:ce=0
Port [ v6611_5_2]:  wired=1; compound=0; hidden=0; nouse=0; global=0; static=0; extern=0; dir=1; type=0; pingpong=0; private_global=0; IO mode=ap_vld:ce=0
Port [ v6611_5_3]:  wired=1; compound=0; hidden=0; nouse=0; global=0; static=0; extern=0; dir=1; type=0; pingpong=0; private_global=0; IO mode=ap_vld:ce=0
Port [ v6611_5_4]:  wired=1; compound=0; hidden=0; nouse=0; global=0; static=0; extern=0; dir=1; type=0; pingpong=0; private_global=0; IO mode=ap_vld:ce=0
Port [ v6611_5_5]:  wired=1; compound=0; hidden=0; nouse=0; global=0; static=0; extern=0; dir=1; type=0; pingpong=0; private_global=0; IO mode=ap_vld:ce=0
Port [ v6611_5_6]:  wired=1; compound=0; hidden=0; nouse=0; global=0; static=0; extern=0; dir=1; type=0; pingpong=0; private_global=0; IO mode=ap_vld:ce=0
Port [ v6611_5_7]:  wired=1; compound=0; hidden=0; nouse=0; global=0; static=0; extern=0; dir=1; type=0; pingpong=0; private_global=0; IO mode=ap_vld:ce=0
Port [ v6611_6_0]:  wired=1; compound=0; hidden=0; nouse=0; global=0; static=0; extern=0; dir=1; type=0; pingpong=0; private_global=0; IO mode=ap_vld:ce=0
Port [ v6611_6_1]:  wired=1; compound=0; hidden=0; nouse=0; global=0; static=0; extern=0; dir=1; type=0; pingpong=0; private_global=0; IO mode=ap_vld:ce=0
Port [ v6611_6_2]:  wired=1; compound=0; hidden=0; nouse=0; global=0; static=0; extern=0; dir=1; type=0; pingpong=0; private_global=0; IO mode=ap_vld:ce=0
Port [ v6611_6_3]:  wired=1; compound=0; hidden=0; nouse=0; global=0; static=0; extern=0; dir=1; type=0; pingpong=0; private_global=0; IO mode=ap_vld:ce=0
Port [ v6611_6_4]:  wired=1; compound=0; hidden=0; nouse=0; global=0; static=0; extern=0; dir=1; type=0; pingpong=0; private_global=0; IO mode=ap_vld:ce=0
Port [ v6611_6_5]:  wired=1; compound=0; hidden=0; nouse=0; global=0; static=0; extern=0; dir=1; type=0; pingpong=0; private_global=0; IO mode=ap_vld:ce=0
Port [ v6611_6_6]:  wired=1; compound=0; hidden=0; nouse=0; global=0; static=0; extern=0; dir=1; type=0; pingpong=0; private_global=0; IO mode=ap_vld:ce=0
Port [ v6611_6_7]:  wired=1; compound=0; hidden=0; nouse=0; global=0; static=0; extern=0; dir=1; type=0; pingpong=0; private_global=0; IO mode=ap_vld:ce=0
Port [ v6611_7_0]:  wired=1; compound=0; hidden=0; nouse=0; global=0; static=0; extern=0; dir=1; type=0; pingpong=0; private_global=0; IO mode=ap_vld:ce=0
Port [ v6611_7_1]:  wired=1; compound=0; hidden=0; nouse=0; global=0; static=0; extern=0; dir=1; type=0; pingpong=0; private_global=0; IO mode=ap_vld:ce=0
Port [ v6611_7_2]:  wired=1; compound=0; hidden=0; nouse=0; global=0; static=0; extern=0; dir=1; type=0; pingpong=0; private_global=0; IO mode=ap_vld:ce=0
Port [ v6611_7_3]:  wired=1; compound=0; hidden=0; nouse=0; global=0; static=0; extern=0; dir=1; type=0; pingpong=0; private_global=0; IO mode=ap_vld:ce=0
Port [ v6611_7_4]:  wired=1; compound=0; hidden=0; nouse=0; global=0; static=0; extern=0; dir=1; type=0; pingpong=0; private_global=0; IO mode=ap_vld:ce=0
Port [ v6611_7_5]:  wired=1; compound=0; hidden=0; nouse=0; global=0; static=0; extern=0; dir=1; type=0; pingpong=0; private_global=0; IO mode=ap_vld:ce=0
Port [ v6611_7_6]:  wired=1; compound=0; hidden=0; nouse=0; global=0; static=0; extern=0; dir=1; type=0; pingpong=0; private_global=0; IO mode=ap_vld:ce=0
Port [ v6611_7_7]:  wired=1; compound=0; hidden=0; nouse=0; global=0; static=0; extern=0; dir=1; type=0; pingpong=0; private_global=0; IO mode=ap_vld:ce=0
---------------- STG Properties END ------------------

---------------- Datapath Model BEGIN ----------------

<LifeTime>
<method=bitvector/>
A_fifo4                      (alloca              ) [ 01111111111111111111111111111111111]
A_fifo4_1                    (alloca              ) [ 00111111111111111111111111111111111]
A_fifo4_2                    (alloca              ) [ 00111111111111111111111111111111111]
A_fifo4_3                    (alloca              ) [ 00111111111111111111111111111111111]
A_fifo4_4                    (alloca              ) [ 00111111111111111111111111111111111]
A_fifo4_5                    (alloca              ) [ 00111111111111111111111111111111111]
A_fifo4_6                    (alloca              ) [ 00111111111111111111111111111111111]
A_fifo4_7                    (alloca              ) [ 00111111111111111111111111111111111]
A_fifo4_8                    (alloca              ) [ 00111111111111111111111111111111111]
A_fifo4_9                    (alloca              ) [ 01111111111111111111111111111111111]
A_fifo4_10                   (alloca              ) [ 00111111111111111111111111111111111]
A_fifo4_11                   (alloca              ) [ 00111111111111111111111111111111111]
A_fifo4_12                   (alloca              ) [ 00111111111111111111111111111111111]
A_fifo4_13                   (alloca              ) [ 00111111111111111111111111111111111]
A_fifo4_14                   (alloca              ) [ 00111111111111111111111111111111111]
A_fifo4_15                   (alloca              ) [ 00111111111111111111111111111111111]
A_fifo4_16                   (alloca              ) [ 00111111111111111111111111111111111]
A_fifo4_17                   (alloca              ) [ 00111111111111111111111111111111111]
A_fifo4_18                   (alloca              ) [ 01111111111111111111111111111111111]
A_fifo4_19                   (alloca              ) [ 00111111111111111111111111111111111]
A_fifo4_20                   (alloca              ) [ 00111111111111111111111111111111111]
A_fifo4_21                   (alloca              ) [ 00111111111111111111111111111111111]
A_fifo4_22                   (alloca              ) [ 00111111111111111111111111111111111]
A_fifo4_23                   (alloca              ) [ 00111111111111111111111111111111111]
A_fifo4_24                   (alloca              ) [ 00111111111111111111111111111111111]
A_fifo4_25                   (alloca              ) [ 00111111111111111111111111111111111]
A_fifo4_26                   (alloca              ) [ 00111111111111111111111111111111111]
A_fifo4_27                   (alloca              ) [ 01111111111111111111111111111111111]
A_fifo4_28                   (alloca              ) [ 00111111111111111111111111111111111]
A_fifo4_29                   (alloca              ) [ 00111111111111111111111111111111111]
A_fifo4_30                   (alloca              ) [ 00111111111111111111111111111111111]
A_fifo4_31                   (alloca              ) [ 00111111111111111111111111111111111]
A_fifo4_32                   (alloca              ) [ 00111111111111111111111111111111111]
A_fifo4_33                   (alloca              ) [ 00111111111111111111111111111111111]
A_fifo4_34                   (alloca              ) [ 00111111111111111111111111111111111]
A_fifo4_35                   (alloca              ) [ 00111111111111111111111111111111111]
A_fifo4_36                   (alloca              ) [ 01111111111111111111111111111111111]
A_fifo4_37                   (alloca              ) [ 00111111111111111111111111111111111]
A_fifo4_38                   (alloca              ) [ 00111111111111111111111111111111111]
A_fifo4_39                   (alloca              ) [ 00111111111111111111111111111111111]
A_fifo4_40                   (alloca              ) [ 00111111111111111111111111111111111]
A_fifo4_41                   (alloca              ) [ 00111111111111111111111111111111111]
A_fifo4_42                   (alloca              ) [ 00111111111111111111111111111111111]
A_fifo4_43                   (alloca              ) [ 00111111111111111111111111111111111]
A_fifo4_44                   (alloca              ) [ 00111111111111111111111111111111111]
A_fifo4_45                   (alloca              ) [ 01111111111111111111111111111111111]
A_fifo4_46                   (alloca              ) [ 00111111111111111111111111111111111]
A_fifo4_47                   (alloca              ) [ 00111111111111111111111111111111111]
A_fifo4_48                   (alloca              ) [ 00111111111111111111111111111111111]
A_fifo4_49                   (alloca              ) [ 00111111111111111111111111111111111]
A_fifo4_50                   (alloca              ) [ 00111111111111111111111111111111111]
A_fifo4_51                   (alloca              ) [ 00111111111111111111111111111111111]
A_fifo4_52                   (alloca              ) [ 00111111111111111111111111111111111]
A_fifo4_53                   (alloca              ) [ 00111111111111111111111111111111111]
A_fifo4_54                   (alloca              ) [ 01111111111111111111111111111111111]
A_fifo4_55                   (alloca              ) [ 00111111111111111111111111111111111]
A_fifo4_56                   (alloca              ) [ 00111111111111111111111111111111111]
A_fifo4_57                   (alloca              ) [ 00111111111111111111111111111111111]
A_fifo4_58                   (alloca              ) [ 00111111111111111111111111111111111]
A_fifo4_59                   (alloca              ) [ 00111111111111111111111111111111111]
A_fifo4_60                   (alloca              ) [ 00111111111111111111111111111111111]
A_fifo4_61                   (alloca              ) [ 00111111111111111111111111111111111]
A_fifo4_62                   (alloca              ) [ 00111111111111111111111111111111111]
A_fifo4_63                   (alloca              ) [ 01111111111111111111111111111111111]
A_fifo4_64                   (alloca              ) [ 00111111111111111111111111111111111]
A_fifo4_65                   (alloca              ) [ 00111111111111111111111111111111111]
A_fifo4_66                   (alloca              ) [ 00111111111111111111111111111111111]
A_fifo4_67                   (alloca              ) [ 00111111111111111111111111111111111]
A_fifo4_68                   (alloca              ) [ 00111111111111111111111111111111111]
A_fifo4_69                   (alloca              ) [ 00111111111111111111111111111111111]
A_fifo4_70                   (alloca              ) [ 00111111111111111111111111111111111]
A_fifo4_71                   (alloca              ) [ 00111111111111111111111111111111111]
B_fifo4                      (alloca              ) [ 01111111111111111111111111111111111]
B_fifo4_1                    (alloca              ) [ 00111111111111111111111111111111111]
B_fifo4_2                    (alloca              ) [ 00111111111111111111111111111111111]
B_fifo4_3                    (alloca              ) [ 00111111111111111111111111111111111]
B_fifo4_4                    (alloca              ) [ 00111111111111111111111111111111111]
B_fifo4_5                    (alloca              ) [ 00111111111111111111111111111111111]
B_fifo4_6                    (alloca              ) [ 00111111111111111111111111111111111]
B_fifo4_7                    (alloca              ) [ 00111111111111111111111111111111111]
B_fifo4_8                    (alloca              ) [ 00111111111111111111111111111111111]
B_fifo4_9                    (alloca              ) [ 01111111111111111111111111111111111]
B_fifo4_10                   (alloca              ) [ 00111111111111111111111111111111111]
B_fifo4_11                   (alloca              ) [ 00111111111111111111111111111111111]
B_fifo4_12                   (alloca              ) [ 00111111111111111111111111111111111]
B_fifo4_13                   (alloca              ) [ 00111111111111111111111111111111111]
B_fifo4_14                   (alloca              ) [ 00111111111111111111111111111111111]
B_fifo4_15                   (alloca              ) [ 00111111111111111111111111111111111]
B_fifo4_16                   (alloca              ) [ 00111111111111111111111111111111111]
B_fifo4_17                   (alloca              ) [ 00111111111111111111111111111111111]
B_fifo4_18                   (alloca              ) [ 01111111111111111111111111111111111]
B_fifo4_19                   (alloca              ) [ 00111111111111111111111111111111111]
B_fifo4_20                   (alloca              ) [ 00111111111111111111111111111111111]
B_fifo4_21                   (alloca              ) [ 00111111111111111111111111111111111]
B_fifo4_22                   (alloca              ) [ 00111111111111111111111111111111111]
B_fifo4_23                   (alloca              ) [ 00111111111111111111111111111111111]
B_fifo4_24                   (alloca              ) [ 00111111111111111111111111111111111]
B_fifo4_25                   (alloca              ) [ 00111111111111111111111111111111111]
B_fifo4_26                   (alloca              ) [ 00111111111111111111111111111111111]
B_fifo4_27                   (alloca              ) [ 01111111111111111111111111111111111]
B_fifo4_28                   (alloca              ) [ 00111111111111111111111111111111111]
B_fifo4_29                   (alloca              ) [ 00111111111111111111111111111111111]
B_fifo4_30                   (alloca              ) [ 00111111111111111111111111111111111]
B_fifo4_31                   (alloca              ) [ 00111111111111111111111111111111111]
B_fifo4_32                   (alloca              ) [ 00111111111111111111111111111111111]
B_fifo4_33                   (alloca              ) [ 00111111111111111111111111111111111]
B_fifo4_34                   (alloca              ) [ 00111111111111111111111111111111111]
B_fifo4_35                   (alloca              ) [ 00111111111111111111111111111111111]
B_fifo4_36                   (alloca              ) [ 01111111111111111111111111111111111]
B_fifo4_37                   (alloca              ) [ 00111111111111111111111111111111111]
B_fifo4_38                   (alloca              ) [ 00111111111111111111111111111111111]
B_fifo4_39                   (alloca              ) [ 00111111111111111111111111111111111]
B_fifo4_40                   (alloca              ) [ 00111111111111111111111111111111111]
B_fifo4_41                   (alloca              ) [ 00111111111111111111111111111111111]
B_fifo4_42                   (alloca              ) [ 00111111111111111111111111111111111]
B_fifo4_43                   (alloca              ) [ 00111111111111111111111111111111111]
B_fifo4_44                   (alloca              ) [ 00111111111111111111111111111111111]
B_fifo4_45                   (alloca              ) [ 01111111111111111111111111111111111]
B_fifo4_46                   (alloca              ) [ 00111111111111111111111111111111111]
B_fifo4_47                   (alloca              ) [ 00111111111111111111111111111111111]
B_fifo4_48                   (alloca              ) [ 00111111111111111111111111111111111]
B_fifo4_49                   (alloca              ) [ 00111111111111111111111111111111111]
B_fifo4_50                   (alloca              ) [ 00111111111111111111111111111111111]
B_fifo4_51                   (alloca              ) [ 00111111111111111111111111111111111]
B_fifo4_52                   (alloca              ) [ 00111111111111111111111111111111111]
B_fifo4_53                   (alloca              ) [ 00111111111111111111111111111111111]
B_fifo4_54                   (alloca              ) [ 01111111111111111111111111111111111]
B_fifo4_55                   (alloca              ) [ 00111111111111111111111111111111111]
B_fifo4_56                   (alloca              ) [ 00111111111111111111111111111111111]
B_fifo4_57                   (alloca              ) [ 00111111111111111111111111111111111]
B_fifo4_58                   (alloca              ) [ 00111111111111111111111111111111111]
B_fifo4_59                   (alloca              ) [ 00111111111111111111111111111111111]
B_fifo4_60                   (alloca              ) [ 00111111111111111111111111111111111]
B_fifo4_61                   (alloca              ) [ 00111111111111111111111111111111111]
B_fifo4_62                   (alloca              ) [ 00111111111111111111111111111111111]
B_fifo4_63                   (alloca              ) [ 01111111111111111111111111111111111]
B_fifo4_64                   (alloca              ) [ 00111111111111111111111111111111111]
B_fifo4_65                   (alloca              ) [ 00111111111111111111111111111111111]
B_fifo4_66                   (alloca              ) [ 00111111111111111111111111111111111]
B_fifo4_67                   (alloca              ) [ 00111111111111111111111111111111111]
B_fifo4_68                   (alloca              ) [ 00111111111111111111111111111111111]
B_fifo4_69                   (alloca              ) [ 00111111111111111111111111111111111]
B_fifo4_70                   (alloca              ) [ 00111111111111111111111111111111111]
B_fifo4_71                   (alloca              ) [ 00111111111111111111111111111111111]
call_ln0                     (call                ) [ 00000000000000000000000000000000000]
call_ln12261                 (call                ) [ 00000000000000000000000000000000000]
call_ln12266                 (call                ) [ 00000000000000000000000000000000000]
call_ln12301                 (call                ) [ 00000000000000000000000000000000000]
call_ln12271                 (call                ) [ 00000000000000000000000000000000000]
call_ln12306                 (call                ) [ 00000000000000000000000000000000000]
call_ln12341                 (call                ) [ 00000000000000000000000000000000000]
call_ln12276                 (call                ) [ 00000000000000000000000000000000000]
call_ln12311                 (call                ) [ 00000000000000000000000000000000000]
call_ln12346                 (call                ) [ 00000000000000000000000000000000000]
call_ln12381                 (call                ) [ 00000000000000000000000000000000000]
call_ln12281                 (call                ) [ 00000000000000000000000000000000000]
call_ln12316                 (call                ) [ 00000000000000000000000000000000000]
call_ln12351                 (call                ) [ 00000000000000000000000000000000000]
call_ln12386                 (call                ) [ 00000000000000000000000000000000000]
call_ln12421                 (call                ) [ 00000000000000000000000000000000000]
call_ln12286                 (call                ) [ 00000000000000000000000000000000000]
call_ln12321                 (call                ) [ 00000000000000000000000000000000000]
call_ln12356                 (call                ) [ 00000000000000000000000000000000000]
call_ln12391                 (call                ) [ 00000000000000000000000000000000000]
call_ln12426                 (call                ) [ 00000000000000000000000000000000000]
call_ln12461                 (call                ) [ 00000000000000000000000000000000000]
call_ln12291                 (call                ) [ 00000000000000000000000000000000000]
call_ln12326                 (call                ) [ 00000000000000000000000000000000000]
call_ln12361                 (call                ) [ 00000000000000000000000000000000000]
call_ln12396                 (call                ) [ 00000000000000000000000000000000000]
call_ln12431                 (call                ) [ 00000000000000000000000000000000000]
call_ln12466                 (call                ) [ 00000000000000000000000000000000000]
call_ln12501                 (call                ) [ 00000000000000000000000000000000000]
call_ln12296                 (call                ) [ 00000000000000000000000000000000000]
call_ln12331                 (call                ) [ 00000000000000000000000000000000000]
call_ln12366                 (call                ) [ 00000000000000000000000000000000000]
call_ln12401                 (call                ) [ 00000000000000000000000000000000000]
call_ln12436                 (call                ) [ 00000000000000000000000000000000000]
call_ln12471                 (call                ) [ 00000000000000000000000000000000000]
call_ln12506                 (call                ) [ 00000000000000000000000000000000000]
call_ln12541                 (call                ) [ 00000000000000000000000000000000000]
call_ln12336                 (call                ) [ 00000000000000000000000000000000000]
call_ln12371                 (call                ) [ 00000000000000000000000000000000000]
call_ln12406                 (call                ) [ 00000000000000000000000000000000000]
call_ln12441                 (call                ) [ 00000000000000000000000000000000000]
call_ln12476                 (call                ) [ 00000000000000000000000000000000000]
call_ln12511                 (call                ) [ 00000000000000000000000000000000000]
call_ln12546                 (call                ) [ 00000000000000000000000000000000000]
call_ln12376                 (call                ) [ 00000000000000000000000000000000000]
call_ln12411                 (call                ) [ 00000000000000000000000000000000000]
call_ln12446                 (call                ) [ 00000000000000000000000000000000000]
call_ln12481                 (call                ) [ 00000000000000000000000000000000000]
call_ln12516                 (call                ) [ 00000000000000000000000000000000000]
call_ln12551                 (call                ) [ 00000000000000000000000000000000000]
call_ln12416                 (call                ) [ 00000000000000000000000000000000000]
call_ln12451                 (call                ) [ 00000000000000000000000000000000000]
call_ln12486                 (call                ) [ 00000000000000000000000000000000000]
call_ln12521                 (call                ) [ 00000000000000000000000000000000000]
call_ln12556                 (call                ) [ 00000000000000000000000000000000000]
call_ln12456                 (call                ) [ 00000000000000000000000000000000000]
call_ln12491                 (call                ) [ 00000000000000000000000000000000000]
call_ln12526                 (call                ) [ 00000000000000000000000000000000000]
call_ln12561                 (call                ) [ 00000000000000000000000000000000000]
call_ln12496                 (call                ) [ 00000000000000000000000000000000000]
call_ln12531                 (call                ) [ 00000000000000000000000000000000000]
call_ln12566                 (call                ) [ 00000000000000000000000000000000000]
call_ln12536                 (call                ) [ 00000000000000000000000000000000000]
call_ln12571                 (call                ) [ 00000000000000000000000000000000000]
call_ln12576                 (call                ) [ 00000000000000000000000000000000000]
specdataflowpipeline_ln12233 (specdataflowpipeline) [ 00000000000000000000000000000000000]
empty                        (specchannel         ) [ 00000000000000000000000000000000000]
specinterface_ln0            (specinterface       ) [ 00000000000000000000000000000000000]
empty_453                    (specchannel         ) [ 00000000000000000000000000000000000]
specinterface_ln0            (specinterface       ) [ 00000000000000000000000000000000000]
empty_454                    (specchannel         ) [ 00000000000000000000000000000000000]
specinterface_ln0            (specinterface       ) [ 00000000000000000000000000000000000]
empty_455                    (specchannel         ) [ 00000000000000000000000000000000000]
specinterface_ln0            (specinterface       ) [ 00000000000000000000000000000000000]
empty_456                    (specchannel         ) [ 00000000000000000000000000000000000]
specinterface_ln0            (specinterface       ) [ 00000000000000000000000000000000000]
empty_457                    (specchannel         ) [ 00000000000000000000000000000000000]
specinterface_ln0            (specinterface       ) [ 00000000000000000000000000000000000]
empty_458                    (specchannel         ) [ 00000000000000000000000000000000000]
specinterface_ln0            (specinterface       ) [ 00000000000000000000000000000000000]
empty_459                    (specchannel         ) [ 00000000000000000000000000000000000]
specinterface_ln0            (specinterface       ) [ 00000000000000000000000000000000000]
empty_460                    (specchannel         ) [ 00000000000000000000000000000000000]
specinterface_ln0            (specinterface       ) [ 00000000000000000000000000000000000]
empty_461                    (specchannel         ) [ 00000000000000000000000000000000000]
specinterface_ln0            (specinterface       ) [ 00000000000000000000000000000000000]
empty_462                    (specchannel         ) [ 00000000000000000000000000000000000]
specinterface_ln0            (specinterface       ) [ 00000000000000000000000000000000000]
empty_463                    (specchannel         ) [ 00000000000000000000000000000000000]
specinterface_ln0            (specinterface       ) [ 00000000000000000000000000000000000]
empty_464                    (specchannel         ) [ 00000000000000000000000000000000000]
specinterface_ln0            (specinterface       ) [ 00000000000000000000000000000000000]
empty_465                    (specchannel         ) [ 00000000000000000000000000000000000]
specinterface_ln0            (specinterface       ) [ 00000000000000000000000000000000000]
empty_466                    (specchannel         ) [ 00000000000000000000000000000000000]
specinterface_ln0            (specinterface       ) [ 00000000000000000000000000000000000]
empty_467                    (specchannel         ) [ 00000000000000000000000000000000000]
specinterface_ln0            (specinterface       ) [ 00000000000000000000000000000000000]
empty_468                    (specchannel         ) [ 00000000000000000000000000000000000]
specinterface_ln0            (specinterface       ) [ 00000000000000000000000000000000000]
empty_469                    (specchannel         ) [ 00000000000000000000000000000000000]
specinterface_ln0            (specinterface       ) [ 00000000000000000000000000000000000]
empty_470                    (specchannel         ) [ 00000000000000000000000000000000000]
specinterface_ln0            (specinterface       ) [ 00000000000000000000000000000000000]
empty_471                    (specchannel         ) [ 00000000000000000000000000000000000]
specinterface_ln0            (specinterface       ) [ 00000000000000000000000000000000000]
empty_472                    (specchannel         ) [ 00000000000000000000000000000000000]
specinterface_ln0            (specinterface       ) [ 00000000000000000000000000000000000]
empty_473                    (specchannel         ) [ 00000000000000000000000000000000000]
specinterface_ln0            (specinterface       ) [ 00000000000000000000000000000000000]
empty_474                    (specchannel         ) [ 00000000000000000000000000000000000]
specinterface_ln0            (specinterface       ) [ 00000000000000000000000000000000000]
empty_475                    (specchannel         ) [ 00000000000000000000000000000000000]
specinterface_ln0            (specinterface       ) [ 00000000000000000000000000000000000]
empty_476                    (specchannel         ) [ 00000000000000000000000000000000000]
specinterface_ln0            (specinterface       ) [ 00000000000000000000000000000000000]
empty_477                    (specchannel         ) [ 00000000000000000000000000000000000]
specinterface_ln0            (specinterface       ) [ 00000000000000000000000000000000000]
empty_478                    (specchannel         ) [ 00000000000000000000000000000000000]
specinterface_ln0            (specinterface       ) [ 00000000000000000000000000000000000]
empty_479                    (specchannel         ) [ 00000000000000000000000000000000000]
specinterface_ln0            (specinterface       ) [ 00000000000000000000000000000000000]
empty_480                    (specchannel         ) [ 00000000000000000000000000000000000]
specinterface_ln0            (specinterface       ) [ 00000000000000000000000000000000000]
empty_481                    (specchannel         ) [ 00000000000000000000000000000000000]
specinterface_ln0            (specinterface       ) [ 00000000000000000000000000000000000]
empty_482                    (specchannel         ) [ 00000000000000000000000000000000000]
specinterface_ln0            (specinterface       ) [ 00000000000000000000000000000000000]
empty_483                    (specchannel         ) [ 00000000000000000000000000000000000]
specinterface_ln0            (specinterface       ) [ 00000000000000000000000000000000000]
empty_484                    (specchannel         ) [ 00000000000000000000000000000000000]
specinterface_ln0            (specinterface       ) [ 00000000000000000000000000000000000]
empty_485                    (specchannel         ) [ 00000000000000000000000000000000000]
specinterface_ln0            (specinterface       ) [ 00000000000000000000000000000000000]
empty_486                    (specchannel         ) [ 00000000000000000000000000000000000]
specinterface_ln0            (specinterface       ) [ 00000000000000000000000000000000000]
empty_487                    (specchannel         ) [ 00000000000000000000000000000000000]
specinterface_ln0            (specinterface       ) [ 00000000000000000000000000000000000]
empty_488                    (specchannel         ) [ 00000000000000000000000000000000000]
specinterface_ln0            (specinterface       ) [ 00000000000000000000000000000000000]
empty_489                    (specchannel         ) [ 00000000000000000000000000000000000]
specinterface_ln0            (specinterface       ) [ 00000000000000000000000000000000000]
empty_490                    (specchannel         ) [ 00000000000000000000000000000000000]
specinterface_ln0            (specinterface       ) [ 00000000000000000000000000000000000]
empty_491                    (specchannel         ) [ 00000000000000000000000000000000000]
specinterface_ln0            (specinterface       ) [ 00000000000000000000000000000000000]
empty_492                    (specchannel         ) [ 00000000000000000000000000000000000]
specinterface_ln0            (specinterface       ) [ 00000000000000000000000000000000000]
empty_493                    (specchannel         ) [ 00000000000000000000000000000000000]
specinterface_ln0            (specinterface       ) [ 00000000000000000000000000000000000]
empty_494                    (specchannel         ) [ 00000000000000000000000000000000000]
specinterface_ln0            (specinterface       ) [ 00000000000000000000000000000000000]
empty_495                    (specchannel         ) [ 00000000000000000000000000000000000]
specinterface_ln0            (specinterface       ) [ 00000000000000000000000000000000000]
empty_496                    (specchannel         ) [ 00000000000000000000000000000000000]
specinterface_ln0            (specinterface       ) [ 00000000000000000000000000000000000]
empty_497                    (specchannel         ) [ 00000000000000000000000000000000000]
specinterface_ln0            (specinterface       ) [ 00000000000000000000000000000000000]
empty_498                    (specchannel         ) [ 00000000000000000000000000000000000]
specinterface_ln0            (specinterface       ) [ 00000000000000000000000000000000000]
empty_499                    (specchannel         ) [ 00000000000000000000000000000000000]
specinterface_ln0            (specinterface       ) [ 00000000000000000000000000000000000]
empty_500                    (specchannel         ) [ 00000000000000000000000000000000000]
specinterface_ln0            (specinterface       ) [ 00000000000000000000000000000000000]
empty_501                    (specchannel         ) [ 00000000000000000000000000000000000]
specinterface_ln0            (specinterface       ) [ 00000000000000000000000000000000000]
empty_502                    (specchannel         ) [ 00000000000000000000000000000000000]
specinterface_ln0            (specinterface       ) [ 00000000000000000000000000000000000]
empty_503                    (specchannel         ) [ 00000000000000000000000000000000000]
specinterface_ln0            (specinterface       ) [ 00000000000000000000000000000000000]
empty_504                    (specchannel         ) [ 00000000000000000000000000000000000]
specinterface_ln0            (specinterface       ) [ 00000000000000000000000000000000000]
empty_505                    (specchannel         ) [ 00000000000000000000000000000000000]
specinterface_ln0            (specinterface       ) [ 00000000000000000000000000000000000]
empty_506                    (specchannel         ) [ 00000000000000000000000000000000000]
specinterface_ln0            (specinterface       ) [ 00000000000000000000000000000000000]
empty_507                    (specchannel         ) [ 00000000000000000000000000000000000]
specinterface_ln0            (specinterface       ) [ 00000000000000000000000000000000000]
empty_508                    (specchannel         ) [ 00000000000000000000000000000000000]
specinterface_ln0            (specinterface       ) [ 00000000000000000000000000000000000]
empty_509                    (specchannel         ) [ 00000000000000000000000000000000000]
specinterface_ln0            (specinterface       ) [ 00000000000000000000000000000000000]
empty_510                    (specchannel         ) [ 00000000000000000000000000000000000]
specinterface_ln0            (specinterface       ) [ 00000000000000000000000000000000000]
empty_511                    (specchannel         ) [ 00000000000000000000000000000000000]
specinterface_ln0            (specinterface       ) [ 00000000000000000000000000000000000]
empty_512                    (specchannel         ) [ 00000000000000000000000000000000000]
specinterface_ln0            (specinterface       ) [ 00000000000000000000000000000000000]
empty_513                    (specchannel         ) [ 00000000000000000000000000000000000]
specinterface_ln0            (specinterface       ) [ 00000000000000000000000000000000000]
empty_514                    (specchannel         ) [ 00000000000000000000000000000000000]
specinterface_ln0            (specinterface       ) [ 00000000000000000000000000000000000]
empty_515                    (specchannel         ) [ 00000000000000000000000000000000000]
specinterface_ln0            (specinterface       ) [ 00000000000000000000000000000000000]
empty_516                    (specchannel         ) [ 00000000000000000000000000000000000]
specinterface_ln0            (specinterface       ) [ 00000000000000000000000000000000000]
empty_517                    (specchannel         ) [ 00000000000000000000000000000000000]
specinterface_ln0            (specinterface       ) [ 00000000000000000000000000000000000]
empty_518                    (specchannel         ) [ 00000000000000000000000000000000000]
specinterface_ln0            (specinterface       ) [ 00000000000000000000000000000000000]
empty_519                    (specchannel         ) [ 00000000000000000000000000000000000]
specinterface_ln0            (specinterface       ) [ 00000000000000000000000000000000000]
empty_520                    (specchannel         ) [ 00000000000000000000000000000000000]
specinterface_ln0            (specinterface       ) [ 00000000000000000000000000000000000]
empty_521                    (specchannel         ) [ 00000000000000000000000000000000000]
specinterface_ln0            (specinterface       ) [ 00000000000000000000000000000000000]
empty_522                    (specchannel         ) [ 00000000000000000000000000000000000]
specinterface_ln0            (specinterface       ) [ 00000000000000000000000000000000000]
empty_523                    (specchannel         ) [ 00000000000000000000000000000000000]
specinterface_ln0            (specinterface       ) [ 00000000000000000000000000000000000]
empty_524                    (specchannel         ) [ 00000000000000000000000000000000000]
specinterface_ln0            (specinterface       ) [ 00000000000000000000000000000000000]
empty_525                    (specchannel         ) [ 00000000000000000000000000000000000]
specinterface_ln0            (specinterface       ) [ 00000000000000000000000000000000000]
empty_526                    (specchannel         ) [ 00000000000000000000000000000000000]
specinterface_ln0            (specinterface       ) [ 00000000000000000000000000000000000]
empty_527                    (specchannel         ) [ 00000000000000000000000000000000000]
specinterface_ln0            (specinterface       ) [ 00000000000000000000000000000000000]
empty_528                    (specchannel         ) [ 00000000000000000000000000000000000]
specinterface_ln0            (specinterface       ) [ 00000000000000000000000000000000000]
empty_529                    (specchannel         ) [ 00000000000000000000000000000000000]
specinterface_ln0            (specinterface       ) [ 00000000000000000000000000000000000]
empty_530                    (specchannel         ) [ 00000000000000000000000000000000000]
specinterface_ln0            (specinterface       ) [ 00000000000000000000000000000000000]
empty_531                    (specchannel         ) [ 00000000000000000000000000000000000]
specinterface_ln0            (specinterface       ) [ 00000000000000000000000000000000000]
empty_532                    (specchannel         ) [ 00000000000000000000000000000000000]
specinterface_ln0            (specinterface       ) [ 00000000000000000000000000000000000]
empty_533                    (specchannel         ) [ 00000000000000000000000000000000000]
specinterface_ln0            (specinterface       ) [ 00000000000000000000000000000000000]
empty_534                    (specchannel         ) [ 00000000000000000000000000000000000]
specinterface_ln0            (specinterface       ) [ 00000000000000000000000000000000000]
empty_535                    (specchannel         ) [ 00000000000000000000000000000000000]
specinterface_ln0            (specinterface       ) [ 00000000000000000000000000000000000]
empty_536                    (specchannel         ) [ 00000000000000000000000000000000000]
specinterface_ln0            (specinterface       ) [ 00000000000000000000000000000000000]
empty_537                    (specchannel         ) [ 00000000000000000000000000000000000]
specinterface_ln0            (specinterface       ) [ 00000000000000000000000000000000000]
empty_538                    (specchannel         ) [ 00000000000000000000000000000000000]
specinterface_ln0            (specinterface       ) [ 00000000000000000000000000000000000]
empty_539                    (specchannel         ) [ 00000000000000000000000000000000000]
specinterface_ln0            (specinterface       ) [ 00000000000000000000000000000000000]
empty_540                    (specchannel         ) [ 00000000000000000000000000000000000]
specinterface_ln0            (specinterface       ) [ 00000000000000000000000000000000000]
empty_541                    (specchannel         ) [ 00000000000000000000000000000000000]
specinterface_ln0            (specinterface       ) [ 00000000000000000000000000000000000]
empty_542                    (specchannel         ) [ 00000000000000000000000000000000000]
specinterface_ln0            (specinterface       ) [ 00000000000000000000000000000000000]
empty_543                    (specchannel         ) [ 00000000000000000000000000000000000]
specinterface_ln0            (specinterface       ) [ 00000000000000000000000000000000000]
empty_544                    (specchannel         ) [ 00000000000000000000000000000000000]
specinterface_ln0            (specinterface       ) [ 00000000000000000000000000000000000]
empty_545                    (specchannel         ) [ 00000000000000000000000000000000000]
specinterface_ln0            (specinterface       ) [ 00000000000000000000000000000000000]
empty_546                    (specchannel         ) [ 00000000000000000000000000000000000]
specinterface_ln0            (specinterface       ) [ 00000000000000000000000000000000000]
empty_547                    (specchannel         ) [ 00000000000000000000000000000000000]
specinterface_ln0            (specinterface       ) [ 00000000000000000000000000000000000]
empty_548                    (specchannel         ) [ 00000000000000000000000000000000000]
specinterface_ln0            (specinterface       ) [ 00000000000000000000000000000000000]
empty_549                    (specchannel         ) [ 00000000000000000000000000000000000]
specinterface_ln0            (specinterface       ) [ 00000000000000000000000000000000000]
empty_550                    (specchannel         ) [ 00000000000000000000000000000000000]
specinterface_ln0            (specinterface       ) [ 00000000000000000000000000000000000]
empty_551                    (specchannel         ) [ 00000000000000000000000000000000000]
specinterface_ln0            (specinterface       ) [ 00000000000000000000000000000000000]
empty_552                    (specchannel         ) [ 00000000000000000000000000000000000]
specinterface_ln0            (specinterface       ) [ 00000000000000000000000000000000000]
empty_553                    (specchannel         ) [ 00000000000000000000000000000000000]
specinterface_ln0            (specinterface       ) [ 00000000000000000000000000000000000]
empty_554                    (specchannel         ) [ 00000000000000000000000000000000000]
specinterface_ln0            (specinterface       ) [ 00000000000000000000000000000000000]
empty_555                    (specchannel         ) [ 00000000000000000000000000000000000]
specinterface_ln0            (specinterface       ) [ 00000000000000000000000000000000000]
empty_556                    (specchannel         ) [ 00000000000000000000000000000000000]
specinterface_ln0            (specinterface       ) [ 00000000000000000000000000000000000]
empty_557                    (specchannel         ) [ 00000000000000000000000000000000000]
specinterface_ln0            (specinterface       ) [ 00000000000000000000000000000000000]
empty_558                    (specchannel         ) [ 00000000000000000000000000000000000]
specinterface_ln0            (specinterface       ) [ 00000000000000000000000000000000000]
empty_559                    (specchannel         ) [ 00000000000000000000000000000000000]
specinterface_ln0            (specinterface       ) [ 00000000000000000000000000000000000]
empty_560                    (specchannel         ) [ 00000000000000000000000000000000000]
specinterface_ln0            (specinterface       ) [ 00000000000000000000000000000000000]
empty_561                    (specchannel         ) [ 00000000000000000000000000000000000]
specinterface_ln0            (specinterface       ) [ 00000000000000000000000000000000000]
empty_562                    (specchannel         ) [ 00000000000000000000000000000000000]
specinterface_ln0            (specinterface       ) [ 00000000000000000000000000000000000]
empty_563                    (specchannel         ) [ 00000000000000000000000000000000000]
specinterface_ln0            (specinterface       ) [ 00000000000000000000000000000000000]
empty_564                    (specchannel         ) [ 00000000000000000000000000000000000]
specinterface_ln0            (specinterface       ) [ 00000000000000000000000000000000000]
empty_565                    (specchannel         ) [ 00000000000000000000000000000000000]
specinterface_ln0            (specinterface       ) [ 00000000000000000000000000000000000]
empty_566                    (specchannel         ) [ 00000000000000000000000000000000000]
specinterface_ln0            (specinterface       ) [ 00000000000000000000000000000000000]
empty_567                    (specchannel         ) [ 00000000000000000000000000000000000]
specinterface_ln0            (specinterface       ) [ 00000000000000000000000000000000000]
empty_568                    (specchannel         ) [ 00000000000000000000000000000000000]
specinterface_ln0            (specinterface       ) [ 00000000000000000000000000000000000]
empty_569                    (specchannel         ) [ 00000000000000000000000000000000000]
specinterface_ln0            (specinterface       ) [ 00000000000000000000000000000000000]
empty_570                    (specchannel         ) [ 00000000000000000000000000000000000]
specinterface_ln0            (specinterface       ) [ 00000000000000000000000000000000000]
empty_571                    (specchannel         ) [ 00000000000000000000000000000000000]
specinterface_ln0            (specinterface       ) [ 00000000000000000000000000000000000]
empty_572                    (specchannel         ) [ 00000000000000000000000000000000000]
specinterface_ln0            (specinterface       ) [ 00000000000000000000000000000000000]
empty_573                    (specchannel         ) [ 00000000000000000000000000000000000]
specinterface_ln0            (specinterface       ) [ 00000000000000000000000000000000000]
empty_574                    (specchannel         ) [ 00000000000000000000000000000000000]
specinterface_ln0            (specinterface       ) [ 00000000000000000000000000000000000]
empty_575                    (specchannel         ) [ 00000000000000000000000000000000000]
specinterface_ln0            (specinterface       ) [ 00000000000000000000000000000000000]
empty_576                    (specchannel         ) [ 00000000000000000000000000000000000]
specinterface_ln0            (specinterface       ) [ 00000000000000000000000000000000000]
empty_577                    (specchannel         ) [ 00000000000000000000000000000000000]
specinterface_ln0            (specinterface       ) [ 00000000000000000000000000000000000]
empty_578                    (specchannel         ) [ 00000000000000000000000000000000000]
specinterface_ln0            (specinterface       ) [ 00000000000000000000000000000000000]
empty_579                    (specchannel         ) [ 00000000000000000000000000000000000]
specinterface_ln0            (specinterface       ) [ 00000000000000000000000000000000000]
empty_580                    (specchannel         ) [ 00000000000000000000000000000000000]
specinterface_ln0            (specinterface       ) [ 00000000000000000000000000000000000]
empty_581                    (specchannel         ) [ 00000000000000000000000000000000000]
specinterface_ln0            (specinterface       ) [ 00000000000000000000000000000000000]
empty_582                    (specchannel         ) [ 00000000000000000000000000000000000]
specinterface_ln0            (specinterface       ) [ 00000000000000000000000000000000000]
empty_583                    (specchannel         ) [ 00000000000000000000000000000000000]
specinterface_ln0            (specinterface       ) [ 00000000000000000000000000000000000]
empty_584                    (specchannel         ) [ 00000000000000000000000000000000000]
specinterface_ln0            (specinterface       ) [ 00000000000000000000000000000000000]
empty_585                    (specchannel         ) [ 00000000000000000000000000000000000]
specinterface_ln0            (specinterface       ) [ 00000000000000000000000000000000000]
empty_586                    (specchannel         ) [ 00000000000000000000000000000000000]
specinterface_ln0            (specinterface       ) [ 00000000000000000000000000000000000]
empty_587                    (specchannel         ) [ 00000000000000000000000000000000000]
specinterface_ln0            (specinterface       ) [ 00000000000000000000000000000000000]
empty_588                    (specchannel         ) [ 00000000000000000000000000000000000]
specinterface_ln0            (specinterface       ) [ 00000000000000000000000000000000000]
empty_589                    (specchannel         ) [ 00000000000000000000000000000000000]
specinterface_ln0            (specinterface       ) [ 00000000000000000000000000000000000]
empty_590                    (specchannel         ) [ 00000000000000000000000000000000000]
specinterface_ln0            (specinterface       ) [ 00000000000000000000000000000000000]
empty_591                    (specchannel         ) [ 00000000000000000000000000000000000]
specinterface_ln0            (specinterface       ) [ 00000000000000000000000000000000000]
empty_592                    (specchannel         ) [ 00000000000000000000000000000000000]
specinterface_ln0            (specinterface       ) [ 00000000000000000000000000000000000]
empty_593                    (specchannel         ) [ 00000000000000000000000000000000000]
specinterface_ln0            (specinterface       ) [ 00000000000000000000000000000000000]
empty_594                    (specchannel         ) [ 00000000000000000000000000000000000]
specinterface_ln0            (specinterface       ) [ 00000000000000000000000000000000000]
empty_595                    (specchannel         ) [ 00000000000000000000000000000000000]
specinterface_ln0            (specinterface       ) [ 00000000000000000000000000000000000]
call_ln0                     (call                ) [ 00000000000000000000000000000000000]
ret_ln12587                  (ret                 ) [ 00000000000000000000000000000000000]
</LifeTime>

<model>

<comp_list>
<comp id="0" class="1000" name="v6609_0">
<pin_list>
<pin id="1" dir="1" index="0" bw="1" slack="0"/>
</pin_list>
<bind>
<StgValue><ssdm name="v6609_0"/><MemPortTyVec>1 3 </MemPortTyVec>
</StgValue>
</bind>
</comp>

<comp id="2" class="1000" name="v6609_1">
<pin_list>
<pin id="3" dir="1" index="0" bw="1" slack="0"/>
</pin_list>
<bind>
<StgValue><ssdm name="v6609_1"/><MemPortTyVec>1 3 </MemPortTyVec>
</StgValue>
</bind>
</comp>

<comp id="4" class="1000" name="v6609_2">
<pin_list>
<pin id="5" dir="1" index="0" bw="1" slack="0"/>
</pin_list>
<bind>
<StgValue><ssdm name="v6609_2"/><MemPortTyVec>1 3 </MemPortTyVec>
</StgValue>
</bind>
</comp>

<comp id="6" class="1000" name="v6609_3">
<pin_list>
<pin id="7" dir="1" index="0" bw="1" slack="0"/>
</pin_list>
<bind>
<StgValue><ssdm name="v6609_3"/><MemPortTyVec>1 3 </MemPortTyVec>
</StgValue>
</bind>
</comp>

<comp id="8" class="1000" name="v6609_4">
<pin_list>
<pin id="9" dir="1" index="0" bw="1" slack="0"/>
</pin_list>
<bind>
<StgValue><ssdm name="v6609_4"/><MemPortTyVec>1 3 </MemPortTyVec>
</StgValue>
</bind>
</comp>

<comp id="10" class="1000" name="v6609_5">
<pin_list>
<pin id="11" dir="1" index="0" bw="1" slack="0"/>
</pin_list>
<bind>
<StgValue><ssdm name="v6609_5"/><MemPortTyVec>1 3 </MemPortTyVec>
</StgValue>
</bind>
</comp>

<comp id="12" class="1000" name="v6609_6">
<pin_list>
<pin id="13" dir="1" index="0" bw="1" slack="0"/>
</pin_list>
<bind>
<StgValue><ssdm name="v6609_6"/><MemPortTyVec>1 3 </MemPortTyVec>
</StgValue>
</bind>
</comp>

<comp id="14" class="1000" name="v6609_7">
<pin_list>
<pin id="15" dir="1" index="0" bw="1" slack="0"/>
</pin_list>
<bind>
<StgValue><ssdm name="v6609_7"/><MemPortTyVec>1 3 </MemPortTyVec>
</StgValue>
</bind>
</comp>

<comp id="16" class="1000" name="v6610_0">
<pin_list>
<pin id="17" dir="1" index="0" bw="1" slack="0"/>
</pin_list>
<bind>
<StgValue><ssdm name="v6610_0"/><MemPortTyVec>1 3 </MemPortTyVec>
</StgValue>
</bind>
</comp>

<comp id="18" class="1000" name="v6610_1">
<pin_list>
<pin id="19" dir="1" index="0" bw="1" slack="0"/>
</pin_list>
<bind>
<StgValue><ssdm name="v6610_1"/><MemPortTyVec>1 3 </MemPortTyVec>
</StgValue>
</bind>
</comp>

<comp id="20" class="1000" name="v6610_2">
<pin_list>
<pin id="21" dir="1" index="0" bw="1" slack="0"/>
</pin_list>
<bind>
<StgValue><ssdm name="v6610_2"/><MemPortTyVec>1 3 </MemPortTyVec>
</StgValue>
</bind>
</comp>

<comp id="22" class="1000" name="v6610_3">
<pin_list>
<pin id="23" dir="1" index="0" bw="1" slack="0"/>
</pin_list>
<bind>
<StgValue><ssdm name="v6610_3"/><MemPortTyVec>1 3 </MemPortTyVec>
</StgValue>
</bind>
</comp>

<comp id="24" class="1000" name="v6610_4">
<pin_list>
<pin id="25" dir="1" index="0" bw="1" slack="0"/>
</pin_list>
<bind>
<StgValue><ssdm name="v6610_4"/><MemPortTyVec>1 3 </MemPortTyVec>
</StgValue>
</bind>
</comp>

<comp id="26" class="1000" name="v6610_5">
<pin_list>
<pin id="27" dir="1" index="0" bw="1" slack="0"/>
</pin_list>
<bind>
<StgValue><ssdm name="v6610_5"/><MemPortTyVec>1 3 </MemPortTyVec>
</StgValue>
</bind>
</comp>

<comp id="28" class="1000" name="v6610_6">
<pin_list>
<pin id="29" dir="1" index="0" bw="1" slack="0"/>
</pin_list>
<bind>
<StgValue><ssdm name="v6610_6"/><MemPortTyVec>1 3 </MemPortTyVec>
</StgValue>
</bind>
</comp>

<comp id="30" class="1000" name="v6610_7">
<pin_list>
<pin id="31" dir="1" index="0" bw="1" slack="0"/>
</pin_list>
<bind>
<StgValue><ssdm name="v6610_7"/><MemPortTyVec>1 3 </MemPortTyVec>
</StgValue>
</bind>
</comp>

<comp id="32" class="1000" name="v6611_0_0">
<pin_list>
<pin id="33" dir="1" index="0" bw="1" slack="0"/>
</pin_list>
<bind>
<StgValue><ssdm name="v6611_0_0"/></StgValue>
</bind>
</comp>

<comp id="34" class="1000" name="v6611_0_1">
<pin_list>
<pin id="35" dir="1" index="0" bw="1" slack="0"/>
</pin_list>
<bind>
<StgValue><ssdm name="v6611_0_1"/></StgValue>
</bind>
</comp>

<comp id="36" class="1000" name="v6611_0_2">
<pin_list>
<pin id="37" dir="1" index="0" bw="1" slack="0"/>
</pin_list>
<bind>
<StgValue><ssdm name="v6611_0_2"/></StgValue>
</bind>
</comp>

<comp id="38" class="1000" name="v6611_0_3">
<pin_list>
<pin id="39" dir="1" index="0" bw="1" slack="0"/>
</pin_list>
<bind>
<StgValue><ssdm name="v6611_0_3"/></StgValue>
</bind>
</comp>

<comp id="40" class="1000" name="v6611_0_4">
<pin_list>
<pin id="41" dir="1" index="0" bw="1" slack="0"/>
</pin_list>
<bind>
<StgValue><ssdm name="v6611_0_4"/></StgValue>
</bind>
</comp>

<comp id="42" class="1000" name="v6611_0_5">
<pin_list>
<pin id="43" dir="1" index="0" bw="1" slack="0"/>
</pin_list>
<bind>
<StgValue><ssdm name="v6611_0_5"/></StgValue>
</bind>
</comp>

<comp id="44" class="1000" name="v6611_0_6">
<pin_list>
<pin id="45" dir="1" index="0" bw="1" slack="0"/>
</pin_list>
<bind>
<StgValue><ssdm name="v6611_0_6"/></StgValue>
</bind>
</comp>

<comp id="46" class="1000" name="v6611_0_7">
<pin_list>
<pin id="47" dir="1" index="0" bw="1" slack="0"/>
</pin_list>
<bind>
<StgValue><ssdm name="v6611_0_7"/></StgValue>
</bind>
</comp>

<comp id="48" class="1000" name="v6611_1_0">
<pin_list>
<pin id="49" dir="1" index="0" bw="1" slack="0"/>
</pin_list>
<bind>
<StgValue><ssdm name="v6611_1_0"/></StgValue>
</bind>
</comp>

<comp id="50" class="1000" name="v6611_1_1">
<pin_list>
<pin id="51" dir="1" index="0" bw="1" slack="0"/>
</pin_list>
<bind>
<StgValue><ssdm name="v6611_1_1"/></StgValue>
</bind>
</comp>

<comp id="52" class="1000" name="v6611_1_2">
<pin_list>
<pin id="53" dir="1" index="0" bw="1" slack="0"/>
</pin_list>
<bind>
<StgValue><ssdm name="v6611_1_2"/></StgValue>
</bind>
</comp>

<comp id="54" class="1000" name="v6611_1_3">
<pin_list>
<pin id="55" dir="1" index="0" bw="1" slack="0"/>
</pin_list>
<bind>
<StgValue><ssdm name="v6611_1_3"/></StgValue>
</bind>
</comp>

<comp id="56" class="1000" name="v6611_1_4">
<pin_list>
<pin id="57" dir="1" index="0" bw="1" slack="0"/>
</pin_list>
<bind>
<StgValue><ssdm name="v6611_1_4"/></StgValue>
</bind>
</comp>

<comp id="58" class="1000" name="v6611_1_5">
<pin_list>
<pin id="59" dir="1" index="0" bw="1" slack="0"/>
</pin_list>
<bind>
<StgValue><ssdm name="v6611_1_5"/></StgValue>
</bind>
</comp>

<comp id="60" class="1000" name="v6611_1_6">
<pin_list>
<pin id="61" dir="1" index="0" bw="1" slack="0"/>
</pin_list>
<bind>
<StgValue><ssdm name="v6611_1_6"/></StgValue>
</bind>
</comp>

<comp id="62" class="1000" name="v6611_1_7">
<pin_list>
<pin id="63" dir="1" index="0" bw="1" slack="0"/>
</pin_list>
<bind>
<StgValue><ssdm name="v6611_1_7"/></StgValue>
</bind>
</comp>

<comp id="64" class="1000" name="v6611_2_0">
<pin_list>
<pin id="65" dir="1" index="0" bw="1" slack="0"/>
</pin_list>
<bind>
<StgValue><ssdm name="v6611_2_0"/></StgValue>
</bind>
</comp>

<comp id="66" class="1000" name="v6611_2_1">
<pin_list>
<pin id="67" dir="1" index="0" bw="1" slack="0"/>
</pin_list>
<bind>
<StgValue><ssdm name="v6611_2_1"/></StgValue>
</bind>
</comp>

<comp id="68" class="1000" name="v6611_2_2">
<pin_list>
<pin id="69" dir="1" index="0" bw="1" slack="0"/>
</pin_list>
<bind>
<StgValue><ssdm name="v6611_2_2"/></StgValue>
</bind>
</comp>

<comp id="70" class="1000" name="v6611_2_3">
<pin_list>
<pin id="71" dir="1" index="0" bw="1" slack="0"/>
</pin_list>
<bind>
<StgValue><ssdm name="v6611_2_3"/></StgValue>
</bind>
</comp>

<comp id="72" class="1000" name="v6611_2_4">
<pin_list>
<pin id="73" dir="1" index="0" bw="1" slack="0"/>
</pin_list>
<bind>
<StgValue><ssdm name="v6611_2_4"/></StgValue>
</bind>
</comp>

<comp id="74" class="1000" name="v6611_2_5">
<pin_list>
<pin id="75" dir="1" index="0" bw="1" slack="0"/>
</pin_list>
<bind>
<StgValue><ssdm name="v6611_2_5"/></StgValue>
</bind>
</comp>

<comp id="76" class="1000" name="v6611_2_6">
<pin_list>
<pin id="77" dir="1" index="0" bw="1" slack="0"/>
</pin_list>
<bind>
<StgValue><ssdm name="v6611_2_6"/></StgValue>
</bind>
</comp>

<comp id="78" class="1000" name="v6611_2_7">
<pin_list>
<pin id="79" dir="1" index="0" bw="1" slack="0"/>
</pin_list>
<bind>
<StgValue><ssdm name="v6611_2_7"/></StgValue>
</bind>
</comp>

<comp id="80" class="1000" name="v6611_3_0">
<pin_list>
<pin id="81" dir="1" index="0" bw="1" slack="0"/>
</pin_list>
<bind>
<StgValue><ssdm name="v6611_3_0"/></StgValue>
</bind>
</comp>

<comp id="82" class="1000" name="v6611_3_1">
<pin_list>
<pin id="83" dir="1" index="0" bw="1" slack="0"/>
</pin_list>
<bind>
<StgValue><ssdm name="v6611_3_1"/></StgValue>
</bind>
</comp>

<comp id="84" class="1000" name="v6611_3_2">
<pin_list>
<pin id="85" dir="1" index="0" bw="1" slack="0"/>
</pin_list>
<bind>
<StgValue><ssdm name="v6611_3_2"/></StgValue>
</bind>
</comp>

<comp id="86" class="1000" name="v6611_3_3">
<pin_list>
<pin id="87" dir="1" index="0" bw="1" slack="0"/>
</pin_list>
<bind>
<StgValue><ssdm name="v6611_3_3"/></StgValue>
</bind>
</comp>

<comp id="88" class="1000" name="v6611_3_4">
<pin_list>
<pin id="89" dir="1" index="0" bw="1" slack="0"/>
</pin_list>
<bind>
<StgValue><ssdm name="v6611_3_4"/></StgValue>
</bind>
</comp>

<comp id="90" class="1000" name="v6611_3_5">
<pin_list>
<pin id="91" dir="1" index="0" bw="1" slack="0"/>
</pin_list>
<bind>
<StgValue><ssdm name="v6611_3_5"/></StgValue>
</bind>
</comp>

<comp id="92" class="1000" name="v6611_3_6">
<pin_list>
<pin id="93" dir="1" index="0" bw="1" slack="0"/>
</pin_list>
<bind>
<StgValue><ssdm name="v6611_3_6"/></StgValue>
</bind>
</comp>

<comp id="94" class="1000" name="v6611_3_7">
<pin_list>
<pin id="95" dir="1" index="0" bw="1" slack="0"/>
</pin_list>
<bind>
<StgValue><ssdm name="v6611_3_7"/></StgValue>
</bind>
</comp>

<comp id="96" class="1000" name="v6611_4_0">
<pin_list>
<pin id="97" dir="1" index="0" bw="1" slack="0"/>
</pin_list>
<bind>
<StgValue><ssdm name="v6611_4_0"/></StgValue>
</bind>
</comp>

<comp id="98" class="1000" name="v6611_4_1">
<pin_list>
<pin id="99" dir="1" index="0" bw="1" slack="0"/>
</pin_list>
<bind>
<StgValue><ssdm name="v6611_4_1"/></StgValue>
</bind>
</comp>

<comp id="100" class="1000" name="v6611_4_2">
<pin_list>
<pin id="101" dir="1" index="0" bw="1" slack="0"/>
</pin_list>
<bind>
<StgValue><ssdm name="v6611_4_2"/></StgValue>
</bind>
</comp>

<comp id="102" class="1000" name="v6611_4_3">
<pin_list>
<pin id="103" dir="1" index="0" bw="1" slack="0"/>
</pin_list>
<bind>
<StgValue><ssdm name="v6611_4_3"/></StgValue>
</bind>
</comp>

<comp id="104" class="1000" name="v6611_4_4">
<pin_list>
<pin id="105" dir="1" index="0" bw="1" slack="0"/>
</pin_list>
<bind>
<StgValue><ssdm name="v6611_4_4"/></StgValue>
</bind>
</comp>

<comp id="106" class="1000" name="v6611_4_5">
<pin_list>
<pin id="107" dir="1" index="0" bw="1" slack="0"/>
</pin_list>
<bind>
<StgValue><ssdm name="v6611_4_5"/></StgValue>
</bind>
</comp>

<comp id="108" class="1000" name="v6611_4_6">
<pin_list>
<pin id="109" dir="1" index="0" bw="1" slack="0"/>
</pin_list>
<bind>
<StgValue><ssdm name="v6611_4_6"/></StgValue>
</bind>
</comp>

<comp id="110" class="1000" name="v6611_4_7">
<pin_list>
<pin id="111" dir="1" index="0" bw="1" slack="0"/>
</pin_list>
<bind>
<StgValue><ssdm name="v6611_4_7"/></StgValue>
</bind>
</comp>

<comp id="112" class="1000" name="v6611_5_0">
<pin_list>
<pin id="113" dir="1" index="0" bw="1" slack="0"/>
</pin_list>
<bind>
<StgValue><ssdm name="v6611_5_0"/></StgValue>
</bind>
</comp>

<comp id="114" class="1000" name="v6611_5_1">
<pin_list>
<pin id="115" dir="1" index="0" bw="1" slack="0"/>
</pin_list>
<bind>
<StgValue><ssdm name="v6611_5_1"/></StgValue>
</bind>
</comp>

<comp id="116" class="1000" name="v6611_5_2">
<pin_list>
<pin id="117" dir="1" index="0" bw="1" slack="0"/>
</pin_list>
<bind>
<StgValue><ssdm name="v6611_5_2"/></StgValue>
</bind>
</comp>

<comp id="118" class="1000" name="v6611_5_3">
<pin_list>
<pin id="119" dir="1" index="0" bw="1" slack="0"/>
</pin_list>
<bind>
<StgValue><ssdm name="v6611_5_3"/></StgValue>
</bind>
</comp>

<comp id="120" class="1000" name="v6611_5_4">
<pin_list>
<pin id="121" dir="1" index="0" bw="1" slack="0"/>
</pin_list>
<bind>
<StgValue><ssdm name="v6611_5_4"/></StgValue>
</bind>
</comp>

<comp id="122" class="1000" name="v6611_5_5">
<pin_list>
<pin id="123" dir="1" index="0" bw="1" slack="0"/>
</pin_list>
<bind>
<StgValue><ssdm name="v6611_5_5"/></StgValue>
</bind>
</comp>

<comp id="124" class="1000" name="v6611_5_6">
<pin_list>
<pin id="125" dir="1" index="0" bw="1" slack="0"/>
</pin_list>
<bind>
<StgValue><ssdm name="v6611_5_6"/></StgValue>
</bind>
</comp>

<comp id="126" class="1000" name="v6611_5_7">
<pin_list>
<pin id="127" dir="1" index="0" bw="1" slack="0"/>
</pin_list>
<bind>
<StgValue><ssdm name="v6611_5_7"/></StgValue>
</bind>
</comp>

<comp id="128" class="1000" name="v6611_6_0">
<pin_list>
<pin id="129" dir="1" index="0" bw="1" slack="0"/>
</pin_list>
<bind>
<StgValue><ssdm name="v6611_6_0"/></StgValue>
</bind>
</comp>

<comp id="130" class="1000" name="v6611_6_1">
<pin_list>
<pin id="131" dir="1" index="0" bw="1" slack="0"/>
</pin_list>
<bind>
<StgValue><ssdm name="v6611_6_1"/></StgValue>
</bind>
</comp>

<comp id="132" class="1000" name="v6611_6_2">
<pin_list>
<pin id="133" dir="1" index="0" bw="1" slack="0"/>
</pin_list>
<bind>
<StgValue><ssdm name="v6611_6_2"/></StgValue>
</bind>
</comp>

<comp id="134" class="1000" name="v6611_6_3">
<pin_list>
<pin id="135" dir="1" index="0" bw="1" slack="0"/>
</pin_list>
<bind>
<StgValue><ssdm name="v6611_6_3"/></StgValue>
</bind>
</comp>

<comp id="136" class="1000" name="v6611_6_4">
<pin_list>
<pin id="137" dir="1" index="0" bw="1" slack="0"/>
</pin_list>
<bind>
<StgValue><ssdm name="v6611_6_4"/></StgValue>
</bind>
</comp>

<comp id="138" class="1000" name="v6611_6_5">
<pin_list>
<pin id="139" dir="1" index="0" bw="1" slack="0"/>
</pin_list>
<bind>
<StgValue><ssdm name="v6611_6_5"/></StgValue>
</bind>
</comp>

<comp id="140" class="1000" name="v6611_6_6">
<pin_list>
<pin id="141" dir="1" index="0" bw="1" slack="0"/>
</pin_list>
<bind>
<StgValue><ssdm name="v6611_6_6"/></StgValue>
</bind>
</comp>

<comp id="142" class="1000" name="v6611_6_7">
<pin_list>
<pin id="143" dir="1" index="0" bw="1" slack="0"/>
</pin_list>
<bind>
<StgValue><ssdm name="v6611_6_7"/></StgValue>
</bind>
</comp>

<comp id="144" class="1000" name="v6611_7_0">
<pin_list>
<pin id="145" dir="1" index="0" bw="1" slack="0"/>
</pin_list>
<bind>
<StgValue><ssdm name="v6611_7_0"/></StgValue>
</bind>
</comp>

<comp id="146" class="1000" name="v6611_7_1">
<pin_list>
<pin id="147" dir="1" index="0" bw="1" slack="0"/>
</pin_list>
<bind>
<StgValue><ssdm name="v6611_7_1"/></StgValue>
</bind>
</comp>

<comp id="148" class="1000" name="v6611_7_2">
<pin_list>
<pin id="149" dir="1" index="0" bw="1" slack="0"/>
</pin_list>
<bind>
<StgValue><ssdm name="v6611_7_2"/></StgValue>
</bind>
</comp>

<comp id="150" class="1000" name="v6611_7_3">
<pin_list>
<pin id="151" dir="1" index="0" bw="1" slack="0"/>
</pin_list>
<bind>
<StgValue><ssdm name="v6611_7_3"/></StgValue>
</bind>
</comp>

<comp id="152" class="1000" name="v6611_7_4">
<pin_list>
<pin id="153" dir="1" index="0" bw="1" slack="0"/>
</pin_list>
<bind>
<StgValue><ssdm name="v6611_7_4"/></StgValue>
</bind>
</comp>

<comp id="154" class="1000" name="v6611_7_5">
<pin_list>
<pin id="155" dir="1" index="0" bw="1" slack="0"/>
</pin_list>
<bind>
<StgValue><ssdm name="v6611_7_5"/></StgValue>
</bind>
</comp>

<comp id="156" class="1000" name="v6611_7_6">
<pin_list>
<pin id="157" dir="1" index="0" bw="1" slack="0"/>
</pin_list>
<bind>
<StgValue><ssdm name="v6611_7_6"/></StgValue>
</bind>
</comp>

<comp id="158" class="1000" name="v6611_7_7">
<pin_list>
<pin id="159" dir="1" index="0" bw="1" slack="0"/>
</pin_list>
<bind>
<StgValue><ssdm name="v6611_7_7"/></StgValue>
</bind>
</comp>

<comp id="160" class="1001" name="const_160">
<pin_list>
<pin id="161" dir="1" index="0" bw="1" slack="0"/>
</pin_list>
<bind>
<StgValue><ssdm name=""/></StgValue>
</bind>
</comp>

<comp id="162" class="1001" name="const_162">
<pin_list>
<pin id="163" dir="1" index="0" bw="1" slack="0"/>
</pin_list>
<bind>
<StgValue><ssdm name="systolic_tile_QKT_Loop_l_data_load_k272_proc26"/></StgValue>
</bind>
</comp>

<comp id="164" class="1001" name="const_164">
<pin_list>
<pin id="165" dir="1" index="0" bw="1" slack="0"/>
</pin_list>
<bind>
<StgValue><ssdm name="PE_kernel_QKT_0_0.1"/></StgValue>
</bind>
</comp>

<comp id="166" class="1001" name="const_166">
<pin_list>
<pin id="167" dir="1" index="0" bw="1" slack="0"/>
</pin_list>
<bind>
<StgValue><ssdm name="PE_kernel_QKT_1_0.1"/></StgValue>
</bind>
</comp>

<comp id="168" class="1001" name="const_168">
<pin_list>
<pin id="169" dir="1" index="0" bw="1" slack="0"/>
</pin_list>
<bind>
<StgValue><ssdm name="PE_kernel_QKT_0_1.1"/></StgValue>
</bind>
</comp>

<comp id="170" class="1001" name="const_170">
<pin_list>
<pin id="171" dir="1" index="0" bw="1" slack="0"/>
</pin_list>
<bind>
<StgValue><ssdm name="PE_kernel_QKT_2_0.1"/></StgValue>
</bind>
</comp>

<comp id="172" class="1001" name="const_172">
<pin_list>
<pin id="173" dir="1" index="0" bw="1" slack="0"/>
</pin_list>
<bind>
<StgValue><ssdm name="PE_kernel_QKT_1_1.1"/></StgValue>
</bind>
</comp>

<comp id="174" class="1001" name="const_174">
<pin_list>
<pin id="175" dir="1" index="0" bw="1" slack="0"/>
</pin_list>
<bind>
<StgValue><ssdm name="PE_kernel_QKT_0_2.1"/></StgValue>
</bind>
</comp>

<comp id="176" class="1001" name="const_176">
<pin_list>
<pin id="177" dir="1" index="0" bw="1" slack="0"/>
</pin_list>
<bind>
<StgValue><ssdm name="PE_kernel_QKT_3_0.1"/></StgValue>
</bind>
</comp>

<comp id="178" class="1001" name="const_178">
<pin_list>
<pin id="179" dir="1" index="0" bw="1" slack="0"/>
</pin_list>
<bind>
<StgValue><ssdm name="PE_kernel_QKT_2_1.1"/></StgValue>
</bind>
</comp>

<comp id="180" class="1001" name="const_180">
<pin_list>
<pin id="181" dir="1" index="0" bw="1" slack="0"/>
</pin_list>
<bind>
<StgValue><ssdm name="PE_kernel_QKT_1_2.1"/></StgValue>
</bind>
</comp>

<comp id="182" class="1001" name="const_182">
<pin_list>
<pin id="183" dir="1" index="0" bw="1" slack="0"/>
</pin_list>
<bind>
<StgValue><ssdm name="PE_kernel_QKT_0_3.1"/></StgValue>
</bind>
</comp>

<comp id="184" class="1001" name="const_184">
<pin_list>
<pin id="185" dir="1" index="0" bw="1" slack="0"/>
</pin_list>
<bind>
<StgValue><ssdm name="PE_kernel_QKT_4_0.1"/></StgValue>
</bind>
</comp>

<comp id="186" class="1001" name="const_186">
<pin_list>
<pin id="187" dir="1" index="0" bw="1" slack="0"/>
</pin_list>
<bind>
<StgValue><ssdm name="PE_kernel_QKT_3_1.1"/></StgValue>
</bind>
</comp>

<comp id="188" class="1001" name="const_188">
<pin_list>
<pin id="189" dir="1" index="0" bw="1" slack="0"/>
</pin_list>
<bind>
<StgValue><ssdm name="PE_kernel_QKT_2_2.1"/></StgValue>
</bind>
</comp>

<comp id="190" class="1001" name="const_190">
<pin_list>
<pin id="191" dir="1" index="0" bw="1" slack="0"/>
</pin_list>
<bind>
<StgValue><ssdm name="PE_kernel_QKT_1_3.1"/></StgValue>
</bind>
</comp>

<comp id="192" class="1001" name="const_192">
<pin_list>
<pin id="193" dir="1" index="0" bw="1" slack="0"/>
</pin_list>
<bind>
<StgValue><ssdm name="PE_kernel_QKT_0_4.1"/></StgValue>
</bind>
</comp>

<comp id="194" class="1001" name="const_194">
<pin_list>
<pin id="195" dir="1" index="0" bw="1" slack="0"/>
</pin_list>
<bind>
<StgValue><ssdm name="PE_kernel_QKT_5_0.1"/></StgValue>
</bind>
</comp>

<comp id="196" class="1001" name="const_196">
<pin_list>
<pin id="197" dir="1" index="0" bw="1" slack="0"/>
</pin_list>
<bind>
<StgValue><ssdm name="PE_kernel_QKT_4_1.1"/></StgValue>
</bind>
</comp>

<comp id="198" class="1001" name="const_198">
<pin_list>
<pin id="199" dir="1" index="0" bw="1" slack="0"/>
</pin_list>
<bind>
<StgValue><ssdm name="PE_kernel_QKT_3_2.1"/></StgValue>
</bind>
</comp>

<comp id="200" class="1001" name="const_200">
<pin_list>
<pin id="201" dir="1" index="0" bw="1" slack="0"/>
</pin_list>
<bind>
<StgValue><ssdm name="PE_kernel_QKT_2_3.1"/></StgValue>
</bind>
</comp>

<comp id="202" class="1001" name="const_202">
<pin_list>
<pin id="203" dir="1" index="0" bw="1" slack="0"/>
</pin_list>
<bind>
<StgValue><ssdm name="PE_kernel_QKT_1_4.1"/></StgValue>
</bind>
</comp>

<comp id="204" class="1001" name="const_204">
<pin_list>
<pin id="205" dir="1" index="0" bw="1" slack="0"/>
</pin_list>
<bind>
<StgValue><ssdm name="PE_kernel_QKT_0_5.1"/></StgValue>
</bind>
</comp>

<comp id="206" class="1001" name="const_206">
<pin_list>
<pin id="207" dir="1" index="0" bw="1" slack="0"/>
</pin_list>
<bind>
<StgValue><ssdm name="PE_kernel_QKT_6_0.1"/></StgValue>
</bind>
</comp>

<comp id="208" class="1001" name="const_208">
<pin_list>
<pin id="209" dir="1" index="0" bw="1" slack="0"/>
</pin_list>
<bind>
<StgValue><ssdm name="PE_kernel_QKT_5_1.1"/></StgValue>
</bind>
</comp>

<comp id="210" class="1001" name="const_210">
<pin_list>
<pin id="211" dir="1" index="0" bw="1" slack="0"/>
</pin_list>
<bind>
<StgValue><ssdm name="PE_kernel_QKT_4_2.1"/></StgValue>
</bind>
</comp>

<comp id="212" class="1001" name="const_212">
<pin_list>
<pin id="213" dir="1" index="0" bw="1" slack="0"/>
</pin_list>
<bind>
<StgValue><ssdm name="PE_kernel_QKT_3_3.1"/></StgValue>
</bind>
</comp>

<comp id="214" class="1001" name="const_214">
<pin_list>
<pin id="215" dir="1" index="0" bw="1" slack="0"/>
</pin_list>
<bind>
<StgValue><ssdm name="PE_kernel_QKT_2_4.1"/></StgValue>
</bind>
</comp>

<comp id="216" class="1001" name="const_216">
<pin_list>
<pin id="217" dir="1" index="0" bw="1" slack="0"/>
</pin_list>
<bind>
<StgValue><ssdm name="PE_kernel_QKT_1_5.1"/></StgValue>
</bind>
</comp>

<comp id="218" class="1001" name="const_218">
<pin_list>
<pin id="219" dir="1" index="0" bw="1" slack="0"/>
</pin_list>
<bind>
<StgValue><ssdm name="PE_kernel_QKT_0_6.1"/></StgValue>
</bind>
</comp>

<comp id="220" class="1001" name="const_220">
<pin_list>
<pin id="221" dir="1" index="0" bw="1" slack="0"/>
</pin_list>
<bind>
<StgValue><ssdm name="PE_kernel_QKT_7_0.1"/></StgValue>
</bind>
</comp>

<comp id="222" class="1001" name="const_222">
<pin_list>
<pin id="223" dir="1" index="0" bw="1" slack="0"/>
</pin_list>
<bind>
<StgValue><ssdm name="PE_kernel_QKT_6_1.1"/></StgValue>
</bind>
</comp>

<comp id="224" class="1001" name="const_224">
<pin_list>
<pin id="225" dir="1" index="0" bw="1" slack="0"/>
</pin_list>
<bind>
<StgValue><ssdm name="PE_kernel_QKT_5_2.1"/></StgValue>
</bind>
</comp>

<comp id="226" class="1001" name="const_226">
<pin_list>
<pin id="227" dir="1" index="0" bw="1" slack="0"/>
</pin_list>
<bind>
<StgValue><ssdm name="PE_kernel_QKT_4_3.1"/></StgValue>
</bind>
</comp>

<comp id="228" class="1001" name="const_228">
<pin_list>
<pin id="229" dir="1" index="0" bw="1" slack="0"/>
</pin_list>
<bind>
<StgValue><ssdm name="PE_kernel_QKT_3_4.1"/></StgValue>
</bind>
</comp>

<comp id="230" class="1001" name="const_230">
<pin_list>
<pin id="231" dir="1" index="0" bw="1" slack="0"/>
</pin_list>
<bind>
<StgValue><ssdm name="PE_kernel_QKT_2_5.1"/></StgValue>
</bind>
</comp>

<comp id="232" class="1001" name="const_232">
<pin_list>
<pin id="233" dir="1" index="0" bw="1" slack="0"/>
</pin_list>
<bind>
<StgValue><ssdm name="PE_kernel_QKT_1_6.1"/></StgValue>
</bind>
</comp>

<comp id="234" class="1001" name="const_234">
<pin_list>
<pin id="235" dir="1" index="0" bw="1" slack="0"/>
</pin_list>
<bind>
<StgValue><ssdm name="PE_kernel_QKT_0_7.1"/></StgValue>
</bind>
</comp>

<comp id="236" class="1001" name="const_236">
<pin_list>
<pin id="237" dir="1" index="0" bw="1" slack="0"/>
</pin_list>
<bind>
<StgValue><ssdm name="PE_kernel_QKT_7_1.1"/></StgValue>
</bind>
</comp>

<comp id="238" class="1001" name="const_238">
<pin_list>
<pin id="239" dir="1" index="0" bw="1" slack="0"/>
</pin_list>
<bind>
<StgValue><ssdm name="PE_kernel_QKT_6_2.1"/></StgValue>
</bind>
</comp>

<comp id="240" class="1001" name="const_240">
<pin_list>
<pin id="241" dir="1" index="0" bw="1" slack="0"/>
</pin_list>
<bind>
<StgValue><ssdm name="PE_kernel_QKT_5_3.1"/></StgValue>
</bind>
</comp>

<comp id="242" class="1001" name="const_242">
<pin_list>
<pin id="243" dir="1" index="0" bw="1" slack="0"/>
</pin_list>
<bind>
<StgValue><ssdm name="PE_kernel_QKT_4_4.1"/></StgValue>
</bind>
</comp>

<comp id="244" class="1001" name="const_244">
<pin_list>
<pin id="245" dir="1" index="0" bw="1" slack="0"/>
</pin_list>
<bind>
<StgValue><ssdm name="PE_kernel_QKT_3_5.1"/></StgValue>
</bind>
</comp>

<comp id="246" class="1001" name="const_246">
<pin_list>
<pin id="247" dir="1" index="0" bw="1" slack="0"/>
</pin_list>
<bind>
<StgValue><ssdm name="PE_kernel_QKT_2_6.1"/></StgValue>
</bind>
</comp>

<comp id="248" class="1001" name="const_248">
<pin_list>
<pin id="249" dir="1" index="0" bw="1" slack="0"/>
</pin_list>
<bind>
<StgValue><ssdm name="PE_kernel_QKT_1_7.1"/></StgValue>
</bind>
</comp>

<comp id="250" class="1001" name="const_250">
<pin_list>
<pin id="251" dir="1" index="0" bw="1" slack="0"/>
</pin_list>
<bind>
<StgValue><ssdm name="PE_kernel_QKT_7_2.1"/></StgValue>
</bind>
</comp>

<comp id="252" class="1001" name="const_252">
<pin_list>
<pin id="253" dir="1" index="0" bw="1" slack="0"/>
</pin_list>
<bind>
<StgValue><ssdm name="PE_kernel_QKT_6_3.1"/></StgValue>
</bind>
</comp>

<comp id="254" class="1001" name="const_254">
<pin_list>
<pin id="255" dir="1" index="0" bw="1" slack="0"/>
</pin_list>
<bind>
<StgValue><ssdm name="PE_kernel_QKT_5_4.1"/></StgValue>
</bind>
</comp>

<comp id="256" class="1001" name="const_256">
<pin_list>
<pin id="257" dir="1" index="0" bw="1" slack="0"/>
</pin_list>
<bind>
<StgValue><ssdm name="PE_kernel_QKT_4_5.1"/></StgValue>
</bind>
</comp>

<comp id="258" class="1001" name="const_258">
<pin_list>
<pin id="259" dir="1" index="0" bw="1" slack="0"/>
</pin_list>
<bind>
<StgValue><ssdm name="PE_kernel_QKT_3_6.1"/></StgValue>
</bind>
</comp>

<comp id="260" class="1001" name="const_260">
<pin_list>
<pin id="261" dir="1" index="0" bw="1" slack="0"/>
</pin_list>
<bind>
<StgValue><ssdm name="PE_kernel_QKT_2_7.1"/></StgValue>
</bind>
</comp>

<comp id="262" class="1001" name="const_262">
<pin_list>
<pin id="263" dir="1" index="0" bw="1" slack="0"/>
</pin_list>
<bind>
<StgValue><ssdm name="PE_kernel_QKT_7_3.1"/></StgValue>
</bind>
</comp>

<comp id="264" class="1001" name="const_264">
<pin_list>
<pin id="265" dir="1" index="0" bw="1" slack="0"/>
</pin_list>
<bind>
<StgValue><ssdm name="PE_kernel_QKT_6_4.1"/></StgValue>
</bind>
</comp>

<comp id="266" class="1001" name="const_266">
<pin_list>
<pin id="267" dir="1" index="0" bw="1" slack="0"/>
</pin_list>
<bind>
<StgValue><ssdm name="PE_kernel_QKT_5_5.1"/></StgValue>
</bind>
</comp>

<comp id="268" class="1001" name="const_268">
<pin_list>
<pin id="269" dir="1" index="0" bw="1" slack="0"/>
</pin_list>
<bind>
<StgValue><ssdm name="PE_kernel_QKT_4_6.1"/></StgValue>
</bind>
</comp>

<comp id="270" class="1001" name="const_270">
<pin_list>
<pin id="271" dir="1" index="0" bw="1" slack="0"/>
</pin_list>
<bind>
<StgValue><ssdm name="PE_kernel_QKT_3_7.1"/></StgValue>
</bind>
</comp>

<comp id="272" class="1001" name="const_272">
<pin_list>
<pin id="273" dir="1" index="0" bw="1" slack="0"/>
</pin_list>
<bind>
<StgValue><ssdm name="PE_kernel_QKT_7_4.1"/></StgValue>
</bind>
</comp>

<comp id="274" class="1001" name="const_274">
<pin_list>
<pin id="275" dir="1" index="0" bw="1" slack="0"/>
</pin_list>
<bind>
<StgValue><ssdm name="PE_kernel_QKT_6_5.1"/></StgValue>
</bind>
</comp>

<comp id="276" class="1001" name="const_276">
<pin_list>
<pin id="277" dir="1" index="0" bw="1" slack="0"/>
</pin_list>
<bind>
<StgValue><ssdm name="PE_kernel_QKT_5_6.1"/></StgValue>
</bind>
</comp>

<comp id="278" class="1001" name="const_278">
<pin_list>
<pin id="279" dir="1" index="0" bw="1" slack="0"/>
</pin_list>
<bind>
<StgValue><ssdm name="PE_kernel_QKT_4_7.1"/></StgValue>
</bind>
</comp>

<comp id="280" class="1001" name="const_280">
<pin_list>
<pin id="281" dir="1" index="0" bw="1" slack="0"/>
</pin_list>
<bind>
<StgValue><ssdm name="PE_kernel_QKT_7_5.1"/></StgValue>
</bind>
</comp>

<comp id="282" class="1001" name="const_282">
<pin_list>
<pin id="283" dir="1" index="0" bw="1" slack="0"/>
</pin_list>
<bind>
<StgValue><ssdm name="PE_kernel_QKT_6_6.1"/></StgValue>
</bind>
</comp>

<comp id="284" class="1001" name="const_284">
<pin_list>
<pin id="285" dir="1" index="0" bw="1" slack="0"/>
</pin_list>
<bind>
<StgValue><ssdm name="PE_kernel_QKT_5_7.1"/></StgValue>
</bind>
</comp>

<comp id="286" class="1001" name="const_286">
<pin_list>
<pin id="287" dir="1" index="0" bw="1" slack="0"/>
</pin_list>
<bind>
<StgValue><ssdm name="PE_kernel_QKT_7_6.1"/></StgValue>
</bind>
</comp>

<comp id="288" class="1001" name="const_288">
<pin_list>
<pin id="289" dir="1" index="0" bw="1" slack="0"/>
</pin_list>
<bind>
<StgValue><ssdm name="PE_kernel_QKT_6_7.1"/></StgValue>
</bind>
</comp>

<comp id="290" class="1001" name="const_290">
<pin_list>
<pin id="291" dir="1" index="0" bw="1" slack="0"/>
</pin_list>
<bind>
<StgValue><ssdm name="PE_kernel_QKT_7_7.1"/></StgValue>
</bind>
</comp>

<comp id="292" class="1001" name="const_292">
<pin_list>
<pin id="293" dir="1" index="0" bw="1" slack="0"/>
</pin_list>
<bind>
<StgValue><ssdm name="systolic_tile_QKT_Loop_l_data_drain_k273_proc27"/></StgValue>
</bind>
</comp>

<comp id="294" class="1001" name="const_294">
<pin_list>
<pin id="295" dir="1" index="0" bw="1" slack="2147483647"/>
</pin_list>
<bind>
<StgValue><ssdm name="_ssdm_op_SpecDataflowPipeline"/></StgValue>
</bind>
</comp>

<comp id="296" class="1001" name="const_296">
<pin_list>
<pin id="297" dir="1" index="0" bw="1" slack="2147483647"/>
</pin_list>
<bind>
<StgValue><ssdm name=""/></StgValue>
</bind>
</comp>

<comp id="298" class="1001" name="const_298">
<pin_list>
<pin id="299" dir="1" index="0" bw="1" slack="2147483647"/>
</pin_list>
<bind>
<StgValue><ssdm name=""/></StgValue>
</bind>
</comp>

<comp id="300" class="1001" name="const_300">
<pin_list>
<pin id="301" dir="1" index="0" bw="1" slack="2147483647"/>
</pin_list>
<bind>
<StgValue><ssdm name="empty_219"/></StgValue>
</bind>
</comp>

<comp id="302" class="1001" name="const_302">
<pin_list>
<pin id="303" dir="1" index="0" bw="1" slack="2147483647"/>
</pin_list>
<bind>
<StgValue><ssdm name="_ssdm_op_SpecChannel"/></StgValue>
</bind>
</comp>

<comp id="304" class="1001" name="const_304">
<pin_list>
<pin id="305" dir="1" index="0" bw="1" slack="2147483647"/>
</pin_list>
<bind>
<StgValue><ssdm name="A_fifo4_str"/></StgValue>
</bind>
</comp>

<comp id="306" class="1001" name="const_306">
<pin_list>
<pin id="307" dir="1" index="0" bw="1" slack="2147483647"/>
</pin_list>
<bind>
<StgValue><ssdm name=""/></StgValue>
</bind>
</comp>

<comp id="308" class="1001" name="const_308">
<pin_list>
<pin id="309" dir="1" index="0" bw="1" slack="2147483647"/>
</pin_list>
<bind>
<StgValue><ssdm name="p_str"/></StgValue>
</bind>
</comp>

<comp id="310" class="1001" name="const_310">
<pin_list>
<pin id="311" dir="1" index="0" bw="1" slack="2147483647"/>
</pin_list>
<bind>
<StgValue><ssdm name=""/></StgValue>
</bind>
</comp>

<comp id="312" class="1001" name="const_312">
<pin_list>
<pin id="313" dir="1" index="0" bw="1" slack="2147483647"/>
</pin_list>
<bind>
<StgValue><ssdm name="_ssdm_op_SpecInterface"/></StgValue>
</bind>
</comp>

<comp id="314" class="1001" name="const_314">
<pin_list>
<pin id="315" dir="1" index="0" bw="1" slack="2147483647"/>
</pin_list>
<bind>
<StgValue><ssdm name="empty_215"/></StgValue>
</bind>
</comp>

<comp id="316" class="1001" name="const_316">
<pin_list>
<pin id="317" dir="1" index="0" bw="1" slack="2147483647"/>
</pin_list>
<bind>
<StgValue><ssdm name="A_fifo4_OC_1_str"/></StgValue>
</bind>
</comp>

<comp id="318" class="1001" name="const_318">
<pin_list>
<pin id="319" dir="1" index="0" bw="1" slack="2147483647"/>
</pin_list>
<bind>
<StgValue><ssdm name="A_fifo4_OC_2_str"/></StgValue>
</bind>
</comp>

<comp id="320" class="1001" name="const_320">
<pin_list>
<pin id="321" dir="1" index="0" bw="1" slack="2147483647"/>
</pin_list>
<bind>
<StgValue><ssdm name="A_fifo4_OC_3_str"/></StgValue>
</bind>
</comp>

<comp id="322" class="1001" name="const_322">
<pin_list>
<pin id="323" dir="1" index="0" bw="1" slack="2147483647"/>
</pin_list>
<bind>
<StgValue><ssdm name="A_fifo4_OC_4_str"/></StgValue>
</bind>
</comp>

<comp id="324" class="1001" name="const_324">
<pin_list>
<pin id="325" dir="1" index="0" bw="1" slack="2147483647"/>
</pin_list>
<bind>
<StgValue><ssdm name="A_fifo4_OC_5_str"/></StgValue>
</bind>
</comp>

<comp id="326" class="1001" name="const_326">
<pin_list>
<pin id="327" dir="1" index="0" bw="1" slack="2147483647"/>
</pin_list>
<bind>
<StgValue><ssdm name="A_fifo4_OC_6_str"/></StgValue>
</bind>
</comp>

<comp id="328" class="1001" name="const_328">
<pin_list>
<pin id="329" dir="1" index="0" bw="1" slack="2147483647"/>
</pin_list>
<bind>
<StgValue><ssdm name="A_fifo4_OC_7_str"/></StgValue>
</bind>
</comp>

<comp id="330" class="1001" name="const_330">
<pin_list>
<pin id="331" dir="1" index="0" bw="1" slack="2147483647"/>
</pin_list>
<bind>
<StgValue><ssdm name="A_fifo4_OC_8_str"/></StgValue>
</bind>
</comp>

<comp id="332" class="1001" name="const_332">
<pin_list>
<pin id="333" dir="1" index="0" bw="1" slack="2147483647"/>
</pin_list>
<bind>
<StgValue><ssdm name="A_fifo4_OC_9_str"/></StgValue>
</bind>
</comp>

<comp id="334" class="1001" name="const_334">
<pin_list>
<pin id="335" dir="1" index="0" bw="1" slack="2147483647"/>
</pin_list>
<bind>
<StgValue><ssdm name="A_fifo4_OC_10_str"/></StgValue>
</bind>
</comp>

<comp id="336" class="1001" name="const_336">
<pin_list>
<pin id="337" dir="1" index="0" bw="1" slack="2147483647"/>
</pin_list>
<bind>
<StgValue><ssdm name="A_fifo4_OC_11_str"/></StgValue>
</bind>
</comp>

<comp id="338" class="1001" name="const_338">
<pin_list>
<pin id="339" dir="1" index="0" bw="1" slack="2147483647"/>
</pin_list>
<bind>
<StgValue><ssdm name="A_fifo4_OC_12_str"/></StgValue>
</bind>
</comp>

<comp id="340" class="1001" name="const_340">
<pin_list>
<pin id="341" dir="1" index="0" bw="1" slack="2147483647"/>
</pin_list>
<bind>
<StgValue><ssdm name="A_fifo4_OC_13_str"/></StgValue>
</bind>
</comp>

<comp id="342" class="1001" name="const_342">
<pin_list>
<pin id="343" dir="1" index="0" bw="1" slack="2147483647"/>
</pin_list>
<bind>
<StgValue><ssdm name="A_fifo4_OC_14_str"/></StgValue>
</bind>
</comp>

<comp id="344" class="1001" name="const_344">
<pin_list>
<pin id="345" dir="1" index="0" bw="1" slack="2147483647"/>
</pin_list>
<bind>
<StgValue><ssdm name="A_fifo4_OC_15_str"/></StgValue>
</bind>
</comp>

<comp id="346" class="1001" name="const_346">
<pin_list>
<pin id="347" dir="1" index="0" bw="1" slack="2147483647"/>
</pin_list>
<bind>
<StgValue><ssdm name="A_fifo4_OC_16_str"/></StgValue>
</bind>
</comp>

<comp id="348" class="1001" name="const_348">
<pin_list>
<pin id="349" dir="1" index="0" bw="1" slack="2147483647"/>
</pin_list>
<bind>
<StgValue><ssdm name="A_fifo4_OC_17_str"/></StgValue>
</bind>
</comp>

<comp id="350" class="1001" name="const_350">
<pin_list>
<pin id="351" dir="1" index="0" bw="1" slack="2147483647"/>
</pin_list>
<bind>
<StgValue><ssdm name="A_fifo4_OC_18_str"/></StgValue>
</bind>
</comp>

<comp id="352" class="1001" name="const_352">
<pin_list>
<pin id="353" dir="1" index="0" bw="1" slack="2147483647"/>
</pin_list>
<bind>
<StgValue><ssdm name="A_fifo4_OC_19_str"/></StgValue>
</bind>
</comp>

<comp id="354" class="1001" name="const_354">
<pin_list>
<pin id="355" dir="1" index="0" bw="1" slack="2147483647"/>
</pin_list>
<bind>
<StgValue><ssdm name="A_fifo4_OC_20_str"/></StgValue>
</bind>
</comp>

<comp id="356" class="1001" name="const_356">
<pin_list>
<pin id="357" dir="1" index="0" bw="1" slack="2147483647"/>
</pin_list>
<bind>
<StgValue><ssdm name="A_fifo4_OC_21_str"/></StgValue>
</bind>
</comp>

<comp id="358" class="1001" name="const_358">
<pin_list>
<pin id="359" dir="1" index="0" bw="1" slack="2147483647"/>
</pin_list>
<bind>
<StgValue><ssdm name="A_fifo4_OC_22_str"/></StgValue>
</bind>
</comp>

<comp id="360" class="1001" name="const_360">
<pin_list>
<pin id="361" dir="1" index="0" bw="1" slack="2147483647"/>
</pin_list>
<bind>
<StgValue><ssdm name="A_fifo4_OC_23_str"/></StgValue>
</bind>
</comp>

<comp id="362" class="1001" name="const_362">
<pin_list>
<pin id="363" dir="1" index="0" bw="1" slack="2147483647"/>
</pin_list>
<bind>
<StgValue><ssdm name="A_fifo4_OC_24_str"/></StgValue>
</bind>
</comp>

<comp id="364" class="1001" name="const_364">
<pin_list>
<pin id="365" dir="1" index="0" bw="1" slack="2147483647"/>
</pin_list>
<bind>
<StgValue><ssdm name="A_fifo4_OC_25_str"/></StgValue>
</bind>
</comp>

<comp id="366" class="1001" name="const_366">
<pin_list>
<pin id="367" dir="1" index="0" bw="1" slack="2147483647"/>
</pin_list>
<bind>
<StgValue><ssdm name="A_fifo4_OC_26_str"/></StgValue>
</bind>
</comp>

<comp id="368" class="1001" name="const_368">
<pin_list>
<pin id="369" dir="1" index="0" bw="1" slack="2147483647"/>
</pin_list>
<bind>
<StgValue><ssdm name="A_fifo4_OC_27_str"/></StgValue>
</bind>
</comp>

<comp id="370" class="1001" name="const_370">
<pin_list>
<pin id="371" dir="1" index="0" bw="1" slack="2147483647"/>
</pin_list>
<bind>
<StgValue><ssdm name="A_fifo4_OC_28_str"/></StgValue>
</bind>
</comp>

<comp id="372" class="1001" name="const_372">
<pin_list>
<pin id="373" dir="1" index="0" bw="1" slack="2147483647"/>
</pin_list>
<bind>
<StgValue><ssdm name="A_fifo4_OC_29_str"/></StgValue>
</bind>
</comp>

<comp id="374" class="1001" name="const_374">
<pin_list>
<pin id="375" dir="1" index="0" bw="1" slack="2147483647"/>
</pin_list>
<bind>
<StgValue><ssdm name="A_fifo4_OC_30_str"/></StgValue>
</bind>
</comp>

<comp id="376" class="1001" name="const_376">
<pin_list>
<pin id="377" dir="1" index="0" bw="1" slack="2147483647"/>
</pin_list>
<bind>
<StgValue><ssdm name="A_fifo4_OC_31_str"/></StgValue>
</bind>
</comp>

<comp id="378" class="1001" name="const_378">
<pin_list>
<pin id="379" dir="1" index="0" bw="1" slack="2147483647"/>
</pin_list>
<bind>
<StgValue><ssdm name="A_fifo4_OC_32_str"/></StgValue>
</bind>
</comp>

<comp id="380" class="1001" name="const_380">
<pin_list>
<pin id="381" dir="1" index="0" bw="1" slack="2147483647"/>
</pin_list>
<bind>
<StgValue><ssdm name="A_fifo4_OC_33_str"/></StgValue>
</bind>
</comp>

<comp id="382" class="1001" name="const_382">
<pin_list>
<pin id="383" dir="1" index="0" bw="1" slack="2147483647"/>
</pin_list>
<bind>
<StgValue><ssdm name="A_fifo4_OC_34_str"/></StgValue>
</bind>
</comp>

<comp id="384" class="1001" name="const_384">
<pin_list>
<pin id="385" dir="1" index="0" bw="1" slack="2147483647"/>
</pin_list>
<bind>
<StgValue><ssdm name="A_fifo4_OC_35_str"/></StgValue>
</bind>
</comp>

<comp id="386" class="1001" name="const_386">
<pin_list>
<pin id="387" dir="1" index="0" bw="1" slack="2147483647"/>
</pin_list>
<bind>
<StgValue><ssdm name="A_fifo4_OC_36_str"/></StgValue>
</bind>
</comp>

<comp id="388" class="1001" name="const_388">
<pin_list>
<pin id="389" dir="1" index="0" bw="1" slack="2147483647"/>
</pin_list>
<bind>
<StgValue><ssdm name="A_fifo4_OC_37_str"/></StgValue>
</bind>
</comp>

<comp id="390" class="1001" name="const_390">
<pin_list>
<pin id="391" dir="1" index="0" bw="1" slack="2147483647"/>
</pin_list>
<bind>
<StgValue><ssdm name="A_fifo4_OC_38_str"/></StgValue>
</bind>
</comp>

<comp id="392" class="1001" name="const_392">
<pin_list>
<pin id="393" dir="1" index="0" bw="1" slack="2147483647"/>
</pin_list>
<bind>
<StgValue><ssdm name="A_fifo4_OC_39_str"/></StgValue>
</bind>
</comp>

<comp id="394" class="1001" name="const_394">
<pin_list>
<pin id="395" dir="1" index="0" bw="1" slack="2147483647"/>
</pin_list>
<bind>
<StgValue><ssdm name="A_fifo4_OC_40_str"/></StgValue>
</bind>
</comp>

<comp id="396" class="1001" name="const_396">
<pin_list>
<pin id="397" dir="1" index="0" bw="1" slack="2147483647"/>
</pin_list>
<bind>
<StgValue><ssdm name="A_fifo4_OC_41_str"/></StgValue>
</bind>
</comp>

<comp id="398" class="1001" name="const_398">
<pin_list>
<pin id="399" dir="1" index="0" bw="1" slack="2147483647"/>
</pin_list>
<bind>
<StgValue><ssdm name="A_fifo4_OC_42_str"/></StgValue>
</bind>
</comp>

<comp id="400" class="1001" name="const_400">
<pin_list>
<pin id="401" dir="1" index="0" bw="1" slack="2147483647"/>
</pin_list>
<bind>
<StgValue><ssdm name="A_fifo4_OC_43_str"/></StgValue>
</bind>
</comp>

<comp id="402" class="1001" name="const_402">
<pin_list>
<pin id="403" dir="1" index="0" bw="1" slack="2147483647"/>
</pin_list>
<bind>
<StgValue><ssdm name="A_fifo4_OC_44_str"/></StgValue>
</bind>
</comp>

<comp id="404" class="1001" name="const_404">
<pin_list>
<pin id="405" dir="1" index="0" bw="1" slack="2147483647"/>
</pin_list>
<bind>
<StgValue><ssdm name="A_fifo4_OC_45_str"/></StgValue>
</bind>
</comp>

<comp id="406" class="1001" name="const_406">
<pin_list>
<pin id="407" dir="1" index="0" bw="1" slack="2147483647"/>
</pin_list>
<bind>
<StgValue><ssdm name="A_fifo4_OC_46_str"/></StgValue>
</bind>
</comp>

<comp id="408" class="1001" name="const_408">
<pin_list>
<pin id="409" dir="1" index="0" bw="1" slack="2147483647"/>
</pin_list>
<bind>
<StgValue><ssdm name="A_fifo4_OC_47_str"/></StgValue>
</bind>
</comp>

<comp id="410" class="1001" name="const_410">
<pin_list>
<pin id="411" dir="1" index="0" bw="1" slack="2147483647"/>
</pin_list>
<bind>
<StgValue><ssdm name="A_fifo4_OC_48_str"/></StgValue>
</bind>
</comp>

<comp id="412" class="1001" name="const_412">
<pin_list>
<pin id="413" dir="1" index="0" bw="1" slack="2147483647"/>
</pin_list>
<bind>
<StgValue><ssdm name="A_fifo4_OC_49_str"/></StgValue>
</bind>
</comp>

<comp id="414" class="1001" name="const_414">
<pin_list>
<pin id="415" dir="1" index="0" bw="1" slack="2147483647"/>
</pin_list>
<bind>
<StgValue><ssdm name="A_fifo4_OC_50_str"/></StgValue>
</bind>
</comp>

<comp id="416" class="1001" name="const_416">
<pin_list>
<pin id="417" dir="1" index="0" bw="1" slack="2147483647"/>
</pin_list>
<bind>
<StgValue><ssdm name="A_fifo4_OC_51_str"/></StgValue>
</bind>
</comp>

<comp id="418" class="1001" name="const_418">
<pin_list>
<pin id="419" dir="1" index="0" bw="1" slack="2147483647"/>
</pin_list>
<bind>
<StgValue><ssdm name="A_fifo4_OC_52_str"/></StgValue>
</bind>
</comp>

<comp id="420" class="1001" name="const_420">
<pin_list>
<pin id="421" dir="1" index="0" bw="1" slack="2147483647"/>
</pin_list>
<bind>
<StgValue><ssdm name="A_fifo4_OC_53_str"/></StgValue>
</bind>
</comp>

<comp id="422" class="1001" name="const_422">
<pin_list>
<pin id="423" dir="1" index="0" bw="1" slack="2147483647"/>
</pin_list>
<bind>
<StgValue><ssdm name="A_fifo4_OC_54_str"/></StgValue>
</bind>
</comp>

<comp id="424" class="1001" name="const_424">
<pin_list>
<pin id="425" dir="1" index="0" bw="1" slack="2147483647"/>
</pin_list>
<bind>
<StgValue><ssdm name="A_fifo4_OC_55_str"/></StgValue>
</bind>
</comp>

<comp id="426" class="1001" name="const_426">
<pin_list>
<pin id="427" dir="1" index="0" bw="1" slack="2147483647"/>
</pin_list>
<bind>
<StgValue><ssdm name="A_fifo4_OC_56_str"/></StgValue>
</bind>
</comp>

<comp id="428" class="1001" name="const_428">
<pin_list>
<pin id="429" dir="1" index="0" bw="1" slack="2147483647"/>
</pin_list>
<bind>
<StgValue><ssdm name="A_fifo4_OC_57_str"/></StgValue>
</bind>
</comp>

<comp id="430" class="1001" name="const_430">
<pin_list>
<pin id="431" dir="1" index="0" bw="1" slack="2147483647"/>
</pin_list>
<bind>
<StgValue><ssdm name="A_fifo4_OC_58_str"/></StgValue>
</bind>
</comp>

<comp id="432" class="1001" name="const_432">
<pin_list>
<pin id="433" dir="1" index="0" bw="1" slack="2147483647"/>
</pin_list>
<bind>
<StgValue><ssdm name="A_fifo4_OC_59_str"/></StgValue>
</bind>
</comp>

<comp id="434" class="1001" name="const_434">
<pin_list>
<pin id="435" dir="1" index="0" bw="1" slack="2147483647"/>
</pin_list>
<bind>
<StgValue><ssdm name="A_fifo4_OC_60_str"/></StgValue>
</bind>
</comp>

<comp id="436" class="1001" name="const_436">
<pin_list>
<pin id="437" dir="1" index="0" bw="1" slack="2147483647"/>
</pin_list>
<bind>
<StgValue><ssdm name="A_fifo4_OC_61_str"/></StgValue>
</bind>
</comp>

<comp id="438" class="1001" name="const_438">
<pin_list>
<pin id="439" dir="1" index="0" bw="1" slack="2147483647"/>
</pin_list>
<bind>
<StgValue><ssdm name="A_fifo4_OC_62_str"/></StgValue>
</bind>
</comp>

<comp id="440" class="1001" name="const_440">
<pin_list>
<pin id="441" dir="1" index="0" bw="1" slack="2147483647"/>
</pin_list>
<bind>
<StgValue><ssdm name="A_fifo4_OC_63_str"/></StgValue>
</bind>
</comp>

<comp id="442" class="1001" name="const_442">
<pin_list>
<pin id="443" dir="1" index="0" bw="1" slack="2147483647"/>
</pin_list>
<bind>
<StgValue><ssdm name="A_fifo4_OC_64_str"/></StgValue>
</bind>
</comp>

<comp id="444" class="1001" name="const_444">
<pin_list>
<pin id="445" dir="1" index="0" bw="1" slack="2147483647"/>
</pin_list>
<bind>
<StgValue><ssdm name="A_fifo4_OC_65_str"/></StgValue>
</bind>
</comp>

<comp id="446" class="1001" name="const_446">
<pin_list>
<pin id="447" dir="1" index="0" bw="1" slack="2147483647"/>
</pin_list>
<bind>
<StgValue><ssdm name="A_fifo4_OC_66_str"/></StgValue>
</bind>
</comp>

<comp id="448" class="1001" name="const_448">
<pin_list>
<pin id="449" dir="1" index="0" bw="1" slack="2147483647"/>
</pin_list>
<bind>
<StgValue><ssdm name="A_fifo4_OC_67_str"/></StgValue>
</bind>
</comp>

<comp id="450" class="1001" name="const_450">
<pin_list>
<pin id="451" dir="1" index="0" bw="1" slack="2147483647"/>
</pin_list>
<bind>
<StgValue><ssdm name="A_fifo4_OC_68_str"/></StgValue>
</bind>
</comp>

<comp id="452" class="1001" name="const_452">
<pin_list>
<pin id="453" dir="1" index="0" bw="1" slack="2147483647"/>
</pin_list>
<bind>
<StgValue><ssdm name="A_fifo4_OC_69_str"/></StgValue>
</bind>
</comp>

<comp id="454" class="1001" name="const_454">
<pin_list>
<pin id="455" dir="1" index="0" bw="1" slack="2147483647"/>
</pin_list>
<bind>
<StgValue><ssdm name="A_fifo4_OC_70_str"/></StgValue>
</bind>
</comp>

<comp id="456" class="1001" name="const_456">
<pin_list>
<pin id="457" dir="1" index="0" bw="1" slack="2147483647"/>
</pin_list>
<bind>
<StgValue><ssdm name="A_fifo4_OC_71_str"/></StgValue>
</bind>
</comp>

<comp id="458" class="1001" name="const_458">
<pin_list>
<pin id="459" dir="1" index="0" bw="1" slack="2147483647"/>
</pin_list>
<bind>
<StgValue><ssdm name="B_fifo4_str"/></StgValue>
</bind>
</comp>

<comp id="460" class="1001" name="const_460">
<pin_list>
<pin id="461" dir="1" index="0" bw="1" slack="2147483647"/>
</pin_list>
<bind>
<StgValue><ssdm name="B_fifo4_OC_1_str"/></StgValue>
</bind>
</comp>

<comp id="462" class="1001" name="const_462">
<pin_list>
<pin id="463" dir="1" index="0" bw="1" slack="2147483647"/>
</pin_list>
<bind>
<StgValue><ssdm name="B_fifo4_OC_2_str"/></StgValue>
</bind>
</comp>

<comp id="464" class="1001" name="const_464">
<pin_list>
<pin id="465" dir="1" index="0" bw="1" slack="2147483647"/>
</pin_list>
<bind>
<StgValue><ssdm name="B_fifo4_OC_3_str"/></StgValue>
</bind>
</comp>

<comp id="466" class="1001" name="const_466">
<pin_list>
<pin id="467" dir="1" index="0" bw="1" slack="2147483647"/>
</pin_list>
<bind>
<StgValue><ssdm name="B_fifo4_OC_4_str"/></StgValue>
</bind>
</comp>

<comp id="468" class="1001" name="const_468">
<pin_list>
<pin id="469" dir="1" index="0" bw="1" slack="2147483647"/>
</pin_list>
<bind>
<StgValue><ssdm name="B_fifo4_OC_5_str"/></StgValue>
</bind>
</comp>

<comp id="470" class="1001" name="const_470">
<pin_list>
<pin id="471" dir="1" index="0" bw="1" slack="2147483647"/>
</pin_list>
<bind>
<StgValue><ssdm name="B_fifo4_OC_6_str"/></StgValue>
</bind>
</comp>

<comp id="472" class="1001" name="const_472">
<pin_list>
<pin id="473" dir="1" index="0" bw="1" slack="2147483647"/>
</pin_list>
<bind>
<StgValue><ssdm name="B_fifo4_OC_7_str"/></StgValue>
</bind>
</comp>

<comp id="474" class="1001" name="const_474">
<pin_list>
<pin id="475" dir="1" index="0" bw="1" slack="2147483647"/>
</pin_list>
<bind>
<StgValue><ssdm name="B_fifo4_OC_8_str"/></StgValue>
</bind>
</comp>

<comp id="476" class="1001" name="const_476">
<pin_list>
<pin id="477" dir="1" index="0" bw="1" slack="2147483647"/>
</pin_list>
<bind>
<StgValue><ssdm name="B_fifo4_OC_9_str"/></StgValue>
</bind>
</comp>

<comp id="478" class="1001" name="const_478">
<pin_list>
<pin id="479" dir="1" index="0" bw="1" slack="2147483647"/>
</pin_list>
<bind>
<StgValue><ssdm name="B_fifo4_OC_10_str"/></StgValue>
</bind>
</comp>

<comp id="480" class="1001" name="const_480">
<pin_list>
<pin id="481" dir="1" index="0" bw="1" slack="2147483647"/>
</pin_list>
<bind>
<StgValue><ssdm name="B_fifo4_OC_11_str"/></StgValue>
</bind>
</comp>

<comp id="482" class="1001" name="const_482">
<pin_list>
<pin id="483" dir="1" index="0" bw="1" slack="2147483647"/>
</pin_list>
<bind>
<StgValue><ssdm name="B_fifo4_OC_12_str"/></StgValue>
</bind>
</comp>

<comp id="484" class="1001" name="const_484">
<pin_list>
<pin id="485" dir="1" index="0" bw="1" slack="2147483647"/>
</pin_list>
<bind>
<StgValue><ssdm name="B_fifo4_OC_13_str"/></StgValue>
</bind>
</comp>

<comp id="486" class="1001" name="const_486">
<pin_list>
<pin id="487" dir="1" index="0" bw="1" slack="2147483647"/>
</pin_list>
<bind>
<StgValue><ssdm name="B_fifo4_OC_14_str"/></StgValue>
</bind>
</comp>

<comp id="488" class="1001" name="const_488">
<pin_list>
<pin id="489" dir="1" index="0" bw="1" slack="2147483647"/>
</pin_list>
<bind>
<StgValue><ssdm name="B_fifo4_OC_15_str"/></StgValue>
</bind>
</comp>

<comp id="490" class="1001" name="const_490">
<pin_list>
<pin id="491" dir="1" index="0" bw="1" slack="2147483647"/>
</pin_list>
<bind>
<StgValue><ssdm name="B_fifo4_OC_16_str"/></StgValue>
</bind>
</comp>

<comp id="492" class="1001" name="const_492">
<pin_list>
<pin id="493" dir="1" index="0" bw="1" slack="2147483647"/>
</pin_list>
<bind>
<StgValue><ssdm name="B_fifo4_OC_17_str"/></StgValue>
</bind>
</comp>

<comp id="494" class="1001" name="const_494">
<pin_list>
<pin id="495" dir="1" index="0" bw="1" slack="2147483647"/>
</pin_list>
<bind>
<StgValue><ssdm name="B_fifo4_OC_18_str"/></StgValue>
</bind>
</comp>

<comp id="496" class="1001" name="const_496">
<pin_list>
<pin id="497" dir="1" index="0" bw="1" slack="2147483647"/>
</pin_list>
<bind>
<StgValue><ssdm name="B_fifo4_OC_19_str"/></StgValue>
</bind>
</comp>

<comp id="498" class="1001" name="const_498">
<pin_list>
<pin id="499" dir="1" index="0" bw="1" slack="2147483647"/>
</pin_list>
<bind>
<StgValue><ssdm name="B_fifo4_OC_20_str"/></StgValue>
</bind>
</comp>

<comp id="500" class="1001" name="const_500">
<pin_list>
<pin id="501" dir="1" index="0" bw="1" slack="2147483647"/>
</pin_list>
<bind>
<StgValue><ssdm name="B_fifo4_OC_21_str"/></StgValue>
</bind>
</comp>

<comp id="502" class="1001" name="const_502">
<pin_list>
<pin id="503" dir="1" index="0" bw="1" slack="2147483647"/>
</pin_list>
<bind>
<StgValue><ssdm name="B_fifo4_OC_22_str"/></StgValue>
</bind>
</comp>

<comp id="504" class="1001" name="const_504">
<pin_list>
<pin id="505" dir="1" index="0" bw="1" slack="2147483647"/>
</pin_list>
<bind>
<StgValue><ssdm name="B_fifo4_OC_23_str"/></StgValue>
</bind>
</comp>

<comp id="506" class="1001" name="const_506">
<pin_list>
<pin id="507" dir="1" index="0" bw="1" slack="2147483647"/>
</pin_list>
<bind>
<StgValue><ssdm name="B_fifo4_OC_24_str"/></StgValue>
</bind>
</comp>

<comp id="508" class="1001" name="const_508">
<pin_list>
<pin id="509" dir="1" index="0" bw="1" slack="2147483647"/>
</pin_list>
<bind>
<StgValue><ssdm name="B_fifo4_OC_25_str"/></StgValue>
</bind>
</comp>

<comp id="510" class="1001" name="const_510">
<pin_list>
<pin id="511" dir="1" index="0" bw="1" slack="2147483647"/>
</pin_list>
<bind>
<StgValue><ssdm name="B_fifo4_OC_26_str"/></StgValue>
</bind>
</comp>

<comp id="512" class="1001" name="const_512">
<pin_list>
<pin id="513" dir="1" index="0" bw="1" slack="2147483647"/>
</pin_list>
<bind>
<StgValue><ssdm name="B_fifo4_OC_27_str"/></StgValue>
</bind>
</comp>

<comp id="514" class="1001" name="const_514">
<pin_list>
<pin id="515" dir="1" index="0" bw="1" slack="2147483647"/>
</pin_list>
<bind>
<StgValue><ssdm name="B_fifo4_OC_28_str"/></StgValue>
</bind>
</comp>

<comp id="516" class="1001" name="const_516">
<pin_list>
<pin id="517" dir="1" index="0" bw="1" slack="2147483647"/>
</pin_list>
<bind>
<StgValue><ssdm name="B_fifo4_OC_29_str"/></StgValue>
</bind>
</comp>

<comp id="518" class="1001" name="const_518">
<pin_list>
<pin id="519" dir="1" index="0" bw="1" slack="2147483647"/>
</pin_list>
<bind>
<StgValue><ssdm name="B_fifo4_OC_30_str"/></StgValue>
</bind>
</comp>

<comp id="520" class="1001" name="const_520">
<pin_list>
<pin id="521" dir="1" index="0" bw="1" slack="2147483647"/>
</pin_list>
<bind>
<StgValue><ssdm name="B_fifo4_OC_31_str"/></StgValue>
</bind>
</comp>

<comp id="522" class="1001" name="const_522">
<pin_list>
<pin id="523" dir="1" index="0" bw="1" slack="2147483647"/>
</pin_list>
<bind>
<StgValue><ssdm name="B_fifo4_OC_32_str"/></StgValue>
</bind>
</comp>

<comp id="524" class="1001" name="const_524">
<pin_list>
<pin id="525" dir="1" index="0" bw="1" slack="2147483647"/>
</pin_list>
<bind>
<StgValue><ssdm name="B_fifo4_OC_33_str"/></StgValue>
</bind>
</comp>

<comp id="526" class="1001" name="const_526">
<pin_list>
<pin id="527" dir="1" index="0" bw="1" slack="2147483647"/>
</pin_list>
<bind>
<StgValue><ssdm name="B_fifo4_OC_34_str"/></StgValue>
</bind>
</comp>

<comp id="528" class="1001" name="const_528">
<pin_list>
<pin id="529" dir="1" index="0" bw="1" slack="2147483647"/>
</pin_list>
<bind>
<StgValue><ssdm name="B_fifo4_OC_35_str"/></StgValue>
</bind>
</comp>

<comp id="530" class="1001" name="const_530">
<pin_list>
<pin id="531" dir="1" index="0" bw="1" slack="2147483647"/>
</pin_list>
<bind>
<StgValue><ssdm name="B_fifo4_OC_36_str"/></StgValue>
</bind>
</comp>

<comp id="532" class="1001" name="const_532">
<pin_list>
<pin id="533" dir="1" index="0" bw="1" slack="2147483647"/>
</pin_list>
<bind>
<StgValue><ssdm name="B_fifo4_OC_37_str"/></StgValue>
</bind>
</comp>

<comp id="534" class="1001" name="const_534">
<pin_list>
<pin id="535" dir="1" index="0" bw="1" slack="2147483647"/>
</pin_list>
<bind>
<StgValue><ssdm name="B_fifo4_OC_38_str"/></StgValue>
</bind>
</comp>

<comp id="536" class="1001" name="const_536">
<pin_list>
<pin id="537" dir="1" index="0" bw="1" slack="2147483647"/>
</pin_list>
<bind>
<StgValue><ssdm name="B_fifo4_OC_39_str"/></StgValue>
</bind>
</comp>

<comp id="538" class="1001" name="const_538">
<pin_list>
<pin id="539" dir="1" index="0" bw="1" slack="2147483647"/>
</pin_list>
<bind>
<StgValue><ssdm name="B_fifo4_OC_40_str"/></StgValue>
</bind>
</comp>

<comp id="540" class="1001" name="const_540">
<pin_list>
<pin id="541" dir="1" index="0" bw="1" slack="2147483647"/>
</pin_list>
<bind>
<StgValue><ssdm name="B_fifo4_OC_41_str"/></StgValue>
</bind>
</comp>

<comp id="542" class="1001" name="const_542">
<pin_list>
<pin id="543" dir="1" index="0" bw="1" slack="2147483647"/>
</pin_list>
<bind>
<StgValue><ssdm name="B_fifo4_OC_42_str"/></StgValue>
</bind>
</comp>

<comp id="544" class="1001" name="const_544">
<pin_list>
<pin id="545" dir="1" index="0" bw="1" slack="2147483647"/>
</pin_list>
<bind>
<StgValue><ssdm name="B_fifo4_OC_43_str"/></StgValue>
</bind>
</comp>

<comp id="546" class="1001" name="const_546">
<pin_list>
<pin id="547" dir="1" index="0" bw="1" slack="2147483647"/>
</pin_list>
<bind>
<StgValue><ssdm name="B_fifo4_OC_44_str"/></StgValue>
</bind>
</comp>

<comp id="548" class="1001" name="const_548">
<pin_list>
<pin id="549" dir="1" index="0" bw="1" slack="2147483647"/>
</pin_list>
<bind>
<StgValue><ssdm name="B_fifo4_OC_45_str"/></StgValue>
</bind>
</comp>

<comp id="550" class="1001" name="const_550">
<pin_list>
<pin id="551" dir="1" index="0" bw="1" slack="2147483647"/>
</pin_list>
<bind>
<StgValue><ssdm name="B_fifo4_OC_46_str"/></StgValue>
</bind>
</comp>

<comp id="552" class="1001" name="const_552">
<pin_list>
<pin id="553" dir="1" index="0" bw="1" slack="2147483647"/>
</pin_list>
<bind>
<StgValue><ssdm name="B_fifo4_OC_47_str"/></StgValue>
</bind>
</comp>

<comp id="554" class="1001" name="const_554">
<pin_list>
<pin id="555" dir="1" index="0" bw="1" slack="2147483647"/>
</pin_list>
<bind>
<StgValue><ssdm name="B_fifo4_OC_48_str"/></StgValue>
</bind>
</comp>

<comp id="556" class="1001" name="const_556">
<pin_list>
<pin id="557" dir="1" index="0" bw="1" slack="2147483647"/>
</pin_list>
<bind>
<StgValue><ssdm name="B_fifo4_OC_49_str"/></StgValue>
</bind>
</comp>

<comp id="558" class="1001" name="const_558">
<pin_list>
<pin id="559" dir="1" index="0" bw="1" slack="2147483647"/>
</pin_list>
<bind>
<StgValue><ssdm name="B_fifo4_OC_50_str"/></StgValue>
</bind>
</comp>

<comp id="560" class="1001" name="const_560">
<pin_list>
<pin id="561" dir="1" index="0" bw="1" slack="2147483647"/>
</pin_list>
<bind>
<StgValue><ssdm name="B_fifo4_OC_51_str"/></StgValue>
</bind>
</comp>

<comp id="562" class="1001" name="const_562">
<pin_list>
<pin id="563" dir="1" index="0" bw="1" slack="2147483647"/>
</pin_list>
<bind>
<StgValue><ssdm name="B_fifo4_OC_52_str"/></StgValue>
</bind>
</comp>

<comp id="564" class="1001" name="const_564">
<pin_list>
<pin id="565" dir="1" index="0" bw="1" slack="2147483647"/>
</pin_list>
<bind>
<StgValue><ssdm name="B_fifo4_OC_53_str"/></StgValue>
</bind>
</comp>

<comp id="566" class="1001" name="const_566">
<pin_list>
<pin id="567" dir="1" index="0" bw="1" slack="2147483647"/>
</pin_list>
<bind>
<StgValue><ssdm name="B_fifo4_OC_54_str"/></StgValue>
</bind>
</comp>

<comp id="568" class="1001" name="const_568">
<pin_list>
<pin id="569" dir="1" index="0" bw="1" slack="2147483647"/>
</pin_list>
<bind>
<StgValue><ssdm name="B_fifo4_OC_55_str"/></StgValue>
</bind>
</comp>

<comp id="570" class="1001" name="const_570">
<pin_list>
<pin id="571" dir="1" index="0" bw="1" slack="2147483647"/>
</pin_list>
<bind>
<StgValue><ssdm name="B_fifo4_OC_56_str"/></StgValue>
</bind>
</comp>

<comp id="572" class="1001" name="const_572">
<pin_list>
<pin id="573" dir="1" index="0" bw="1" slack="2147483647"/>
</pin_list>
<bind>
<StgValue><ssdm name="B_fifo4_OC_57_str"/></StgValue>
</bind>
</comp>

<comp id="574" class="1001" name="const_574">
<pin_list>
<pin id="575" dir="1" index="0" bw="1" slack="2147483647"/>
</pin_list>
<bind>
<StgValue><ssdm name="B_fifo4_OC_58_str"/></StgValue>
</bind>
</comp>

<comp id="576" class="1001" name="const_576">
<pin_list>
<pin id="577" dir="1" index="0" bw="1" slack="2147483647"/>
</pin_list>
<bind>
<StgValue><ssdm name="B_fifo4_OC_59_str"/></StgValue>
</bind>
</comp>

<comp id="578" class="1001" name="const_578">
<pin_list>
<pin id="579" dir="1" index="0" bw="1" slack="2147483647"/>
</pin_list>
<bind>
<StgValue><ssdm name="B_fifo4_OC_60_str"/></StgValue>
</bind>
</comp>

<comp id="580" class="1001" name="const_580">
<pin_list>
<pin id="581" dir="1" index="0" bw="1" slack="2147483647"/>
</pin_list>
<bind>
<StgValue><ssdm name="B_fifo4_OC_61_str"/></StgValue>
</bind>
</comp>

<comp id="582" class="1001" name="const_582">
<pin_list>
<pin id="583" dir="1" index="0" bw="1" slack="2147483647"/>
</pin_list>
<bind>
<StgValue><ssdm name="B_fifo4_OC_62_str"/></StgValue>
</bind>
</comp>

<comp id="584" class="1001" name="const_584">
<pin_list>
<pin id="585" dir="1" index="0" bw="1" slack="2147483647"/>
</pin_list>
<bind>
<StgValue><ssdm name="B_fifo4_OC_63_str"/></StgValue>
</bind>
</comp>

<comp id="586" class="1001" name="const_586">
<pin_list>
<pin id="587" dir="1" index="0" bw="1" slack="2147483647"/>
</pin_list>
<bind>
<StgValue><ssdm name="B_fifo4_OC_64_str"/></StgValue>
</bind>
</comp>

<comp id="588" class="1001" name="const_588">
<pin_list>
<pin id="589" dir="1" index="0" bw="1" slack="2147483647"/>
</pin_list>
<bind>
<StgValue><ssdm name="B_fifo4_OC_65_str"/></StgValue>
</bind>
</comp>

<comp id="590" class="1001" name="const_590">
<pin_list>
<pin id="591" dir="1" index="0" bw="1" slack="2147483647"/>
</pin_list>
<bind>
<StgValue><ssdm name="B_fifo4_OC_66_str"/></StgValue>
</bind>
</comp>

<comp id="592" class="1001" name="const_592">
<pin_list>
<pin id="593" dir="1" index="0" bw="1" slack="2147483647"/>
</pin_list>
<bind>
<StgValue><ssdm name="B_fifo4_OC_67_str"/></StgValue>
</bind>
</comp>

<comp id="594" class="1001" name="const_594">
<pin_list>
<pin id="595" dir="1" index="0" bw="1" slack="2147483647"/>
</pin_list>
<bind>
<StgValue><ssdm name="B_fifo4_OC_68_str"/></StgValue>
</bind>
</comp>

<comp id="596" class="1001" name="const_596">
<pin_list>
<pin id="597" dir="1" index="0" bw="1" slack="2147483647"/>
</pin_list>
<bind>
<StgValue><ssdm name="B_fifo4_OC_69_str"/></StgValue>
</bind>
</comp>

<comp id="598" class="1001" name="const_598">
<pin_list>
<pin id="599" dir="1" index="0" bw="1" slack="2147483647"/>
</pin_list>
<bind>
<StgValue><ssdm name="B_fifo4_OC_70_str"/></StgValue>
</bind>
</comp>

<comp id="600" class="1001" name="const_600">
<pin_list>
<pin id="601" dir="1" index="0" bw="1" slack="2147483647"/>
</pin_list>
<bind>
<StgValue><ssdm name="B_fifo4_OC_71_str"/></StgValue>
</bind>
</comp>

<comp id="602" class="1004" name="A_fifo4_fu_602">
<pin_list>
<pin id="603" dir="0" index="0" bw="1" slack="0"/>
<pin id="604" dir="1" index="1" bw="32" slack="0"/>
</pin_list>
<bind>
<opcode="alloca(26) " fcode="alloca"/>
<opset="A_fifo4/1 "/>
</bind>
</comp>

<comp id="606" class="1004" name="A_fifo4_1_fu_606">
<pin_list>
<pin id="607" dir="0" index="0" bw="1" slack="0"/>
<pin id="608" dir="1" index="1" bw="32" slack="2"/>
</pin_list>
<bind>
<opcode="alloca(26) " fcode="alloca"/>
<opset="A_fifo4_1/1 "/>
</bind>
</comp>

<comp id="610" class="1004" name="A_fifo4_2_fu_610">
<pin_list>
<pin id="611" dir="0" index="0" bw="1" slack="0"/>
<pin id="612" dir="1" index="1" bw="32" slack="4"/>
</pin_list>
<bind>
<opcode="alloca(26) " fcode="alloca"/>
<opset="A_fifo4_2/1 "/>
</bind>
</comp>

<comp id="614" class="1004" name="A_fifo4_3_fu_614">
<pin_list>
<pin id="615" dir="0" index="0" bw="1" slack="0"/>
<pin id="616" dir="1" index="1" bw="32" slack="6"/>
</pin_list>
<bind>
<opcode="alloca(26) " fcode="alloca"/>
<opset="A_fifo4_3/1 "/>
</bind>
</comp>

<comp id="618" class="1004" name="A_fifo4_4_fu_618">
<pin_list>
<pin id="619" dir="0" index="0" bw="1" slack="0"/>
<pin id="620" dir="1" index="1" bw="32" slack="8"/>
</pin_list>
<bind>
<opcode="alloca(26) " fcode="alloca"/>
<opset="A_fifo4_4/1 "/>
</bind>
</comp>

<comp id="622" class="1004" name="A_fifo4_5_fu_622">
<pin_list>
<pin id="623" dir="0" index="0" bw="1" slack="0"/>
<pin id="624" dir="1" index="1" bw="32" slack="10"/>
</pin_list>
<bind>
<opcode="alloca(26) " fcode="alloca"/>
<opset="A_fifo4_5/1 "/>
</bind>
</comp>

<comp id="626" class="1004" name="A_fifo4_6_fu_626">
<pin_list>
<pin id="627" dir="0" index="0" bw="1" slack="0"/>
<pin id="628" dir="1" index="1" bw="32" slack="12"/>
</pin_list>
<bind>
<opcode="alloca(26) " fcode="alloca"/>
<opset="A_fifo4_6/1 "/>
</bind>
</comp>

<comp id="630" class="1004" name="A_fifo4_7_fu_630">
<pin_list>
<pin id="631" dir="0" index="0" bw="1" slack="0"/>
<pin id="632" dir="1" index="1" bw="32" slack="14"/>
</pin_list>
<bind>
<opcode="alloca(26) " fcode="alloca"/>
<opset="A_fifo4_7/1 "/>
</bind>
</comp>

<comp id="634" class="1004" name="A_fifo4_8_fu_634">
<pin_list>
<pin id="635" dir="0" index="0" bw="1" slack="0"/>
<pin id="636" dir="1" index="1" bw="32" slack="16"/>
</pin_list>
<bind>
<opcode="alloca(26) " fcode="alloca"/>
<opset="A_fifo4_8/1 "/>
</bind>
</comp>

<comp id="638" class="1004" name="A_fifo4_9_fu_638">
<pin_list>
<pin id="639" dir="0" index="0" bw="1" slack="0"/>
<pin id="640" dir="1" index="1" bw="32" slack="0"/>
</pin_list>
<bind>
<opcode="alloca(26) " fcode="alloca"/>
<opset="A_fifo4_9/1 "/>
</bind>
</comp>

<comp id="642" class="1004" name="A_fifo4_10_fu_642">
<pin_list>
<pin id="643" dir="0" index="0" bw="1" slack="0"/>
<pin id="644" dir="1" index="1" bw="32" slack="4"/>
</pin_list>
<bind>
<opcode="alloca(26) " fcode="alloca"/>
<opset="A_fifo4_10/1 "/>
</bind>
</comp>

<comp id="646" class="1004" name="A_fifo4_11_fu_646">
<pin_list>
<pin id="647" dir="0" index="0" bw="1" slack="0"/>
<pin id="648" dir="1" index="1" bw="32" slack="6"/>
</pin_list>
<bind>
<opcode="alloca(26) " fcode="alloca"/>
<opset="A_fifo4_11/1 "/>
</bind>
</comp>

<comp id="650" class="1004" name="A_fifo4_12_fu_650">
<pin_list>
<pin id="651" dir="0" index="0" bw="1" slack="0"/>
<pin id="652" dir="1" index="1" bw="32" slack="8"/>
</pin_list>
<bind>
<opcode="alloca(26) " fcode="alloca"/>
<opset="A_fifo4_12/1 "/>
</bind>
</comp>

<comp id="654" class="1004" name="A_fifo4_13_fu_654">
<pin_list>
<pin id="655" dir="0" index="0" bw="1" slack="0"/>
<pin id="656" dir="1" index="1" bw="32" slack="10"/>
</pin_list>
<bind>
<opcode="alloca(26) " fcode="alloca"/>
<opset="A_fifo4_13/1 "/>
</bind>
</comp>

<comp id="658" class="1004" name="A_fifo4_14_fu_658">
<pin_list>
<pin id="659" dir="0" index="0" bw="1" slack="0"/>
<pin id="660" dir="1" index="1" bw="32" slack="12"/>
</pin_list>
<bind>
<opcode="alloca(26) " fcode="alloca"/>
<opset="A_fifo4_14/1 "/>
</bind>
</comp>

<comp id="662" class="1004" name="A_fifo4_15_fu_662">
<pin_list>
<pin id="663" dir="0" index="0" bw="1" slack="0"/>
<pin id="664" dir="1" index="1" bw="32" slack="14"/>
</pin_list>
<bind>
<opcode="alloca(26) " fcode="alloca"/>
<opset="A_fifo4_15/1 "/>
</bind>
</comp>

<comp id="666" class="1004" name="A_fifo4_16_fu_666">
<pin_list>
<pin id="667" dir="0" index="0" bw="1" slack="0"/>
<pin id="668" dir="1" index="1" bw="32" slack="16"/>
</pin_list>
<bind>
<opcode="alloca(26) " fcode="alloca"/>
<opset="A_fifo4_16/1 "/>
</bind>
</comp>

<comp id="670" class="1004" name="A_fifo4_17_fu_670">
<pin_list>
<pin id="671" dir="0" index="0" bw="1" slack="0"/>
<pin id="672" dir="1" index="1" bw="32" slack="18"/>
</pin_list>
<bind>
<opcode="alloca(26) " fcode="alloca"/>
<opset="A_fifo4_17/1 "/>
</bind>
</comp>

<comp id="674" class="1004" name="A_fifo4_18_fu_674">
<pin_list>
<pin id="675" dir="0" index="0" bw="1" slack="0"/>
<pin id="676" dir="1" index="1" bw="32" slack="0"/>
</pin_list>
<bind>
<opcode="alloca(26) " fcode="alloca"/>
<opset="A_fifo4_18/1 "/>
</bind>
</comp>

<comp id="678" class="1004" name="A_fifo4_19_fu_678">
<pin_list>
<pin id="679" dir="0" index="0" bw="1" slack="0"/>
<pin id="680" dir="1" index="1" bw="32" slack="6"/>
</pin_list>
<bind>
<opcode="alloca(26) " fcode="alloca"/>
<opset="A_fifo4_19/1 "/>
</bind>
</comp>

<comp id="682" class="1004" name="A_fifo4_20_fu_682">
<pin_list>
<pin id="683" dir="0" index="0" bw="1" slack="0"/>
<pin id="684" dir="1" index="1" bw="32" slack="8"/>
</pin_list>
<bind>
<opcode="alloca(26) " fcode="alloca"/>
<opset="A_fifo4_20/1 "/>
</bind>
</comp>

<comp id="686" class="1004" name="A_fifo4_21_fu_686">
<pin_list>
<pin id="687" dir="0" index="0" bw="1" slack="0"/>
<pin id="688" dir="1" index="1" bw="32" slack="10"/>
</pin_list>
<bind>
<opcode="alloca(26) " fcode="alloca"/>
<opset="A_fifo4_21/1 "/>
</bind>
</comp>

<comp id="690" class="1004" name="A_fifo4_22_fu_690">
<pin_list>
<pin id="691" dir="0" index="0" bw="1" slack="0"/>
<pin id="692" dir="1" index="1" bw="32" slack="12"/>
</pin_list>
<bind>
<opcode="alloca(26) " fcode="alloca"/>
<opset="A_fifo4_22/1 "/>
</bind>
</comp>

<comp id="694" class="1004" name="A_fifo4_23_fu_694">
<pin_list>
<pin id="695" dir="0" index="0" bw="1" slack="0"/>
<pin id="696" dir="1" index="1" bw="32" slack="14"/>
</pin_list>
<bind>
<opcode="alloca(26) " fcode="alloca"/>
<opset="A_fifo4_23/1 "/>
</bind>
</comp>

<comp id="698" class="1004" name="A_fifo4_24_fu_698">
<pin_list>
<pin id="699" dir="0" index="0" bw="1" slack="0"/>
<pin id="700" dir="1" index="1" bw="32" slack="16"/>
</pin_list>
<bind>
<opcode="alloca(26) " fcode="alloca"/>
<opset="A_fifo4_24/1 "/>
</bind>
</comp>

<comp id="702" class="1004" name="A_fifo4_25_fu_702">
<pin_list>
<pin id="703" dir="0" index="0" bw="1" slack="0"/>
<pin id="704" dir="1" index="1" bw="32" slack="18"/>
</pin_list>
<bind>
<opcode="alloca(26) " fcode="alloca"/>
<opset="A_fifo4_25/1 "/>
</bind>
</comp>

<comp id="706" class="1004" name="A_fifo4_26_fu_706">
<pin_list>
<pin id="707" dir="0" index="0" bw="1" slack="0"/>
<pin id="708" dir="1" index="1" bw="32" slack="20"/>
</pin_list>
<bind>
<opcode="alloca(26) " fcode="alloca"/>
<opset="A_fifo4_26/1 "/>
</bind>
</comp>

<comp id="710" class="1004" name="A_fifo4_27_fu_710">
<pin_list>
<pin id="711" dir="0" index="0" bw="1" slack="0"/>
<pin id="712" dir="1" index="1" bw="32" slack="0"/>
</pin_list>
<bind>
<opcode="alloca(26) " fcode="alloca"/>
<opset="A_fifo4_27/1 "/>
</bind>
</comp>

<comp id="714" class="1004" name="A_fifo4_28_fu_714">
<pin_list>
<pin id="715" dir="0" index="0" bw="1" slack="0"/>
<pin id="716" dir="1" index="1" bw="32" slack="8"/>
</pin_list>
<bind>
<opcode="alloca(26) " fcode="alloca"/>
<opset="A_fifo4_28/1 "/>
</bind>
</comp>

<comp id="718" class="1004" name="A_fifo4_29_fu_718">
<pin_list>
<pin id="719" dir="0" index="0" bw="1" slack="0"/>
<pin id="720" dir="1" index="1" bw="32" slack="10"/>
</pin_list>
<bind>
<opcode="alloca(26) " fcode="alloca"/>
<opset="A_fifo4_29/1 "/>
</bind>
</comp>

<comp id="722" class="1004" name="A_fifo4_30_fu_722">
<pin_list>
<pin id="723" dir="0" index="0" bw="1" slack="0"/>
<pin id="724" dir="1" index="1" bw="32" slack="12"/>
</pin_list>
<bind>
<opcode="alloca(26) " fcode="alloca"/>
<opset="A_fifo4_30/1 "/>
</bind>
</comp>

<comp id="726" class="1004" name="A_fifo4_31_fu_726">
<pin_list>
<pin id="727" dir="0" index="0" bw="1" slack="0"/>
<pin id="728" dir="1" index="1" bw="32" slack="14"/>
</pin_list>
<bind>
<opcode="alloca(26) " fcode="alloca"/>
<opset="A_fifo4_31/1 "/>
</bind>
</comp>

<comp id="730" class="1004" name="A_fifo4_32_fu_730">
<pin_list>
<pin id="731" dir="0" index="0" bw="1" slack="0"/>
<pin id="732" dir="1" index="1" bw="32" slack="16"/>
</pin_list>
<bind>
<opcode="alloca(26) " fcode="alloca"/>
<opset="A_fifo4_32/1 "/>
</bind>
</comp>

<comp id="734" class="1004" name="A_fifo4_33_fu_734">
<pin_list>
<pin id="735" dir="0" index="0" bw="1" slack="0"/>
<pin id="736" dir="1" index="1" bw="32" slack="18"/>
</pin_list>
<bind>
<opcode="alloca(26) " fcode="alloca"/>
<opset="A_fifo4_33/1 "/>
</bind>
</comp>

<comp id="738" class="1004" name="A_fifo4_34_fu_738">
<pin_list>
<pin id="739" dir="0" index="0" bw="1" slack="0"/>
<pin id="740" dir="1" index="1" bw="32" slack="20"/>
</pin_list>
<bind>
<opcode="alloca(26) " fcode="alloca"/>
<opset="A_fifo4_34/1 "/>
</bind>
</comp>

<comp id="742" class="1004" name="A_fifo4_35_fu_742">
<pin_list>
<pin id="743" dir="0" index="0" bw="1" slack="0"/>
<pin id="744" dir="1" index="1" bw="32" slack="22"/>
</pin_list>
<bind>
<opcode="alloca(26) " fcode="alloca"/>
<opset="A_fifo4_35/1 "/>
</bind>
</comp>

<comp id="746" class="1004" name="A_fifo4_36_fu_746">
<pin_list>
<pin id="747" dir="0" index="0" bw="1" slack="0"/>
<pin id="748" dir="1" index="1" bw="32" slack="0"/>
</pin_list>
<bind>
<opcode="alloca(26) " fcode="alloca"/>
<opset="A_fifo4_36/1 "/>
</bind>
</comp>

<comp id="750" class="1004" name="A_fifo4_37_fu_750">
<pin_list>
<pin id="751" dir="0" index="0" bw="1" slack="0"/>
<pin id="752" dir="1" index="1" bw="32" slack="10"/>
</pin_list>
<bind>
<opcode="alloca(26) " fcode="alloca"/>
<opset="A_fifo4_37/1 "/>
</bind>
</comp>

<comp id="754" class="1004" name="A_fifo4_38_fu_754">
<pin_list>
<pin id="755" dir="0" index="0" bw="1" slack="0"/>
<pin id="756" dir="1" index="1" bw="32" slack="12"/>
</pin_list>
<bind>
<opcode="alloca(26) " fcode="alloca"/>
<opset="A_fifo4_38/1 "/>
</bind>
</comp>

<comp id="758" class="1004" name="A_fifo4_39_fu_758">
<pin_list>
<pin id="759" dir="0" index="0" bw="1" slack="0"/>
<pin id="760" dir="1" index="1" bw="32" slack="14"/>
</pin_list>
<bind>
<opcode="alloca(26) " fcode="alloca"/>
<opset="A_fifo4_39/1 "/>
</bind>
</comp>

<comp id="762" class="1004" name="A_fifo4_40_fu_762">
<pin_list>
<pin id="763" dir="0" index="0" bw="1" slack="0"/>
<pin id="764" dir="1" index="1" bw="32" slack="16"/>
</pin_list>
<bind>
<opcode="alloca(26) " fcode="alloca"/>
<opset="A_fifo4_40/1 "/>
</bind>
</comp>

<comp id="766" class="1004" name="A_fifo4_41_fu_766">
<pin_list>
<pin id="767" dir="0" index="0" bw="1" slack="0"/>
<pin id="768" dir="1" index="1" bw="32" slack="18"/>
</pin_list>
<bind>
<opcode="alloca(26) " fcode="alloca"/>
<opset="A_fifo4_41/1 "/>
</bind>
</comp>

<comp id="770" class="1004" name="A_fifo4_42_fu_770">
<pin_list>
<pin id="771" dir="0" index="0" bw="1" slack="0"/>
<pin id="772" dir="1" index="1" bw="32" slack="20"/>
</pin_list>
<bind>
<opcode="alloca(26) " fcode="alloca"/>
<opset="A_fifo4_42/1 "/>
</bind>
</comp>

<comp id="774" class="1004" name="A_fifo4_43_fu_774">
<pin_list>
<pin id="775" dir="0" index="0" bw="1" slack="0"/>
<pin id="776" dir="1" index="1" bw="32" slack="22"/>
</pin_list>
<bind>
<opcode="alloca(26) " fcode="alloca"/>
<opset="A_fifo4_43/1 "/>
</bind>
</comp>

<comp id="778" class="1004" name="A_fifo4_44_fu_778">
<pin_list>
<pin id="779" dir="0" index="0" bw="1" slack="0"/>
<pin id="780" dir="1" index="1" bw="32" slack="24"/>
</pin_list>
<bind>
<opcode="alloca(26) " fcode="alloca"/>
<opset="A_fifo4_44/1 "/>
</bind>
</comp>

<comp id="782" class="1004" name="A_fifo4_45_fu_782">
<pin_list>
<pin id="783" dir="0" index="0" bw="1" slack="0"/>
<pin id="784" dir="1" index="1" bw="32" slack="0"/>
</pin_list>
<bind>
<opcode="alloca(26) " fcode="alloca"/>
<opset="A_fifo4_45/1 "/>
</bind>
</comp>

<comp id="786" class="1004" name="A_fifo4_46_fu_786">
<pin_list>
<pin id="787" dir="0" index="0" bw="1" slack="0"/>
<pin id="788" dir="1" index="1" bw="32" slack="12"/>
</pin_list>
<bind>
<opcode="alloca(26) " fcode="alloca"/>
<opset="A_fifo4_46/1 "/>
</bind>
</comp>

<comp id="790" class="1004" name="A_fifo4_47_fu_790">
<pin_list>
<pin id="791" dir="0" index="0" bw="1" slack="0"/>
<pin id="792" dir="1" index="1" bw="32" slack="14"/>
</pin_list>
<bind>
<opcode="alloca(26) " fcode="alloca"/>
<opset="A_fifo4_47/1 "/>
</bind>
</comp>

<comp id="794" class="1004" name="A_fifo4_48_fu_794">
<pin_list>
<pin id="795" dir="0" index="0" bw="1" slack="0"/>
<pin id="796" dir="1" index="1" bw="32" slack="16"/>
</pin_list>
<bind>
<opcode="alloca(26) " fcode="alloca"/>
<opset="A_fifo4_48/1 "/>
</bind>
</comp>

<comp id="798" class="1004" name="A_fifo4_49_fu_798">
<pin_list>
<pin id="799" dir="0" index="0" bw="1" slack="0"/>
<pin id="800" dir="1" index="1" bw="32" slack="18"/>
</pin_list>
<bind>
<opcode="alloca(26) " fcode="alloca"/>
<opset="A_fifo4_49/1 "/>
</bind>
</comp>

<comp id="802" class="1004" name="A_fifo4_50_fu_802">
<pin_list>
<pin id="803" dir="0" index="0" bw="1" slack="0"/>
<pin id="804" dir="1" index="1" bw="32" slack="20"/>
</pin_list>
<bind>
<opcode="alloca(26) " fcode="alloca"/>
<opset="A_fifo4_50/1 "/>
</bind>
</comp>

<comp id="806" class="1004" name="A_fifo4_51_fu_806">
<pin_list>
<pin id="807" dir="0" index="0" bw="1" slack="0"/>
<pin id="808" dir="1" index="1" bw="32" slack="22"/>
</pin_list>
<bind>
<opcode="alloca(26) " fcode="alloca"/>
<opset="A_fifo4_51/1 "/>
</bind>
</comp>

<comp id="810" class="1004" name="A_fifo4_52_fu_810">
<pin_list>
<pin id="811" dir="0" index="0" bw="1" slack="0"/>
<pin id="812" dir="1" index="1" bw="32" slack="24"/>
</pin_list>
<bind>
<opcode="alloca(26) " fcode="alloca"/>
<opset="A_fifo4_52/1 "/>
</bind>
</comp>

<comp id="814" class="1004" name="A_fifo4_53_fu_814">
<pin_list>
<pin id="815" dir="0" index="0" bw="1" slack="0"/>
<pin id="816" dir="1" index="1" bw="32" slack="26"/>
</pin_list>
<bind>
<opcode="alloca(26) " fcode="alloca"/>
<opset="A_fifo4_53/1 "/>
</bind>
</comp>

<comp id="818" class="1004" name="A_fifo4_54_fu_818">
<pin_list>
<pin id="819" dir="0" index="0" bw="1" slack="0"/>
<pin id="820" dir="1" index="1" bw="32" slack="0"/>
</pin_list>
<bind>
<opcode="alloca(26) " fcode="alloca"/>
<opset="A_fifo4_54/1 "/>
</bind>
</comp>

<comp id="822" class="1004" name="A_fifo4_55_fu_822">
<pin_list>
<pin id="823" dir="0" index="0" bw="1" slack="0"/>
<pin id="824" dir="1" index="1" bw="32" slack="14"/>
</pin_list>
<bind>
<opcode="alloca(26) " fcode="alloca"/>
<opset="A_fifo4_55/1 "/>
</bind>
</comp>

<comp id="826" class="1004" name="A_fifo4_56_fu_826">
<pin_list>
<pin id="827" dir="0" index="0" bw="1" slack="0"/>
<pin id="828" dir="1" index="1" bw="32" slack="16"/>
</pin_list>
<bind>
<opcode="alloca(26) " fcode="alloca"/>
<opset="A_fifo4_56/1 "/>
</bind>
</comp>

<comp id="830" class="1004" name="A_fifo4_57_fu_830">
<pin_list>
<pin id="831" dir="0" index="0" bw="1" slack="0"/>
<pin id="832" dir="1" index="1" bw="32" slack="18"/>
</pin_list>
<bind>
<opcode="alloca(26) " fcode="alloca"/>
<opset="A_fifo4_57/1 "/>
</bind>
</comp>

<comp id="834" class="1004" name="A_fifo4_58_fu_834">
<pin_list>
<pin id="835" dir="0" index="0" bw="1" slack="0"/>
<pin id="836" dir="1" index="1" bw="32" slack="20"/>
</pin_list>
<bind>
<opcode="alloca(26) " fcode="alloca"/>
<opset="A_fifo4_58/1 "/>
</bind>
</comp>

<comp id="838" class="1004" name="A_fifo4_59_fu_838">
<pin_list>
<pin id="839" dir="0" index="0" bw="1" slack="0"/>
<pin id="840" dir="1" index="1" bw="32" slack="22"/>
</pin_list>
<bind>
<opcode="alloca(26) " fcode="alloca"/>
<opset="A_fifo4_59/1 "/>
</bind>
</comp>

<comp id="842" class="1004" name="A_fifo4_60_fu_842">
<pin_list>
<pin id="843" dir="0" index="0" bw="1" slack="0"/>
<pin id="844" dir="1" index="1" bw="32" slack="24"/>
</pin_list>
<bind>
<opcode="alloca(26) " fcode="alloca"/>
<opset="A_fifo4_60/1 "/>
</bind>
</comp>

<comp id="846" class="1004" name="A_fifo4_61_fu_846">
<pin_list>
<pin id="847" dir="0" index="0" bw="1" slack="0"/>
<pin id="848" dir="1" index="1" bw="32" slack="26"/>
</pin_list>
<bind>
<opcode="alloca(26) " fcode="alloca"/>
<opset="A_fifo4_61/1 "/>
</bind>
</comp>

<comp id="850" class="1004" name="A_fifo4_62_fu_850">
<pin_list>
<pin id="851" dir="0" index="0" bw="1" slack="0"/>
<pin id="852" dir="1" index="1" bw="32" slack="28"/>
</pin_list>
<bind>
<opcode="alloca(26) " fcode="alloca"/>
<opset="A_fifo4_62/1 "/>
</bind>
</comp>

<comp id="854" class="1004" name="A_fifo4_63_fu_854">
<pin_list>
<pin id="855" dir="0" index="0" bw="1" slack="0"/>
<pin id="856" dir="1" index="1" bw="32" slack="0"/>
</pin_list>
<bind>
<opcode="alloca(26) " fcode="alloca"/>
<opset="A_fifo4_63/1 "/>
</bind>
</comp>

<comp id="858" class="1004" name="A_fifo4_64_fu_858">
<pin_list>
<pin id="859" dir="0" index="0" bw="1" slack="0"/>
<pin id="860" dir="1" index="1" bw="32" slack="16"/>
</pin_list>
<bind>
<opcode="alloca(26) " fcode="alloca"/>
<opset="A_fifo4_64/1 "/>
</bind>
</comp>

<comp id="862" class="1004" name="A_fifo4_65_fu_862">
<pin_list>
<pin id="863" dir="0" index="0" bw="1" slack="0"/>
<pin id="864" dir="1" index="1" bw="32" slack="18"/>
</pin_list>
<bind>
<opcode="alloca(26) " fcode="alloca"/>
<opset="A_fifo4_65/1 "/>
</bind>
</comp>

<comp id="866" class="1004" name="A_fifo4_66_fu_866">
<pin_list>
<pin id="867" dir="0" index="0" bw="1" slack="0"/>
<pin id="868" dir="1" index="1" bw="32" slack="20"/>
</pin_list>
<bind>
<opcode="alloca(26) " fcode="alloca"/>
<opset="A_fifo4_66/1 "/>
</bind>
</comp>

<comp id="870" class="1004" name="A_fifo4_67_fu_870">
<pin_list>
<pin id="871" dir="0" index="0" bw="1" slack="0"/>
<pin id="872" dir="1" index="1" bw="32" slack="22"/>
</pin_list>
<bind>
<opcode="alloca(26) " fcode="alloca"/>
<opset="A_fifo4_67/1 "/>
</bind>
</comp>

<comp id="874" class="1004" name="A_fifo4_68_fu_874">
<pin_list>
<pin id="875" dir="0" index="0" bw="1" slack="0"/>
<pin id="876" dir="1" index="1" bw="32" slack="24"/>
</pin_list>
<bind>
<opcode="alloca(26) " fcode="alloca"/>
<opset="A_fifo4_68/1 "/>
</bind>
</comp>

<comp id="878" class="1004" name="A_fifo4_69_fu_878">
<pin_list>
<pin id="879" dir="0" index="0" bw="1" slack="0"/>
<pin id="880" dir="1" index="1" bw="32" slack="26"/>
</pin_list>
<bind>
<opcode="alloca(26) " fcode="alloca"/>
<opset="A_fifo4_69/1 "/>
</bind>
</comp>

<comp id="882" class="1004" name="A_fifo4_70_fu_882">
<pin_list>
<pin id="883" dir="0" index="0" bw="1" slack="0"/>
<pin id="884" dir="1" index="1" bw="32" slack="28"/>
</pin_list>
<bind>
<opcode="alloca(26) " fcode="alloca"/>
<opset="A_fifo4_70/1 "/>
</bind>
</comp>

<comp id="886" class="1004" name="A_fifo4_71_fu_886">
<pin_list>
<pin id="887" dir="0" index="0" bw="1" slack="0"/>
<pin id="888" dir="1" index="1" bw="32" slack="30"/>
</pin_list>
<bind>
<opcode="alloca(26) " fcode="alloca"/>
<opset="A_fifo4_71/1 "/>
</bind>
</comp>

<comp id="890" class="1004" name="B_fifo4_fu_890">
<pin_list>
<pin id="891" dir="0" index="0" bw="1" slack="0"/>
<pin id="892" dir="1" index="1" bw="32" slack="0"/>
</pin_list>
<bind>
<opcode="alloca(26) " fcode="alloca"/>
<opset="B_fifo4/1 "/>
</bind>
</comp>

<comp id="894" class="1004" name="B_fifo4_1_fu_894">
<pin_list>
<pin id="895" dir="0" index="0" bw="1" slack="0"/>
<pin id="896" dir="1" index="1" bw="32" slack="2"/>
</pin_list>
<bind>
<opcode="alloca(26) " fcode="alloca"/>
<opset="B_fifo4_1/1 "/>
</bind>
</comp>

<comp id="898" class="1004" name="B_fifo4_2_fu_898">
<pin_list>
<pin id="899" dir="0" index="0" bw="1" slack="0"/>
<pin id="900" dir="1" index="1" bw="32" slack="4"/>
</pin_list>
<bind>
<opcode="alloca(26) " fcode="alloca"/>
<opset="B_fifo4_2/1 "/>
</bind>
</comp>

<comp id="902" class="1004" name="B_fifo4_3_fu_902">
<pin_list>
<pin id="903" dir="0" index="0" bw="1" slack="0"/>
<pin id="904" dir="1" index="1" bw="32" slack="6"/>
</pin_list>
<bind>
<opcode="alloca(26) " fcode="alloca"/>
<opset="B_fifo4_3/1 "/>
</bind>
</comp>

<comp id="906" class="1004" name="B_fifo4_4_fu_906">
<pin_list>
<pin id="907" dir="0" index="0" bw="1" slack="0"/>
<pin id="908" dir="1" index="1" bw="32" slack="8"/>
</pin_list>
<bind>
<opcode="alloca(26) " fcode="alloca"/>
<opset="B_fifo4_4/1 "/>
</bind>
</comp>

<comp id="910" class="1004" name="B_fifo4_5_fu_910">
<pin_list>
<pin id="911" dir="0" index="0" bw="1" slack="0"/>
<pin id="912" dir="1" index="1" bw="32" slack="10"/>
</pin_list>
<bind>
<opcode="alloca(26) " fcode="alloca"/>
<opset="B_fifo4_5/1 "/>
</bind>
</comp>

<comp id="914" class="1004" name="B_fifo4_6_fu_914">
<pin_list>
<pin id="915" dir="0" index="0" bw="1" slack="0"/>
<pin id="916" dir="1" index="1" bw="32" slack="12"/>
</pin_list>
<bind>
<opcode="alloca(26) " fcode="alloca"/>
<opset="B_fifo4_6/1 "/>
</bind>
</comp>

<comp id="918" class="1004" name="B_fifo4_7_fu_918">
<pin_list>
<pin id="919" dir="0" index="0" bw="1" slack="0"/>
<pin id="920" dir="1" index="1" bw="32" slack="14"/>
</pin_list>
<bind>
<opcode="alloca(26) " fcode="alloca"/>
<opset="B_fifo4_7/1 "/>
</bind>
</comp>

<comp id="922" class="1004" name="B_fifo4_8_fu_922">
<pin_list>
<pin id="923" dir="0" index="0" bw="1" slack="0"/>
<pin id="924" dir="1" index="1" bw="32" slack="16"/>
</pin_list>
<bind>
<opcode="alloca(26) " fcode="alloca"/>
<opset="B_fifo4_8/1 "/>
</bind>
</comp>

<comp id="926" class="1004" name="B_fifo4_9_fu_926">
<pin_list>
<pin id="927" dir="0" index="0" bw="1" slack="0"/>
<pin id="928" dir="1" index="1" bw="32" slack="0"/>
</pin_list>
<bind>
<opcode="alloca(26) " fcode="alloca"/>
<opset="B_fifo4_9/1 "/>
</bind>
</comp>

<comp id="930" class="1004" name="B_fifo4_10_fu_930">
<pin_list>
<pin id="931" dir="0" index="0" bw="1" slack="0"/>
<pin id="932" dir="1" index="1" bw="32" slack="4"/>
</pin_list>
<bind>
<opcode="alloca(26) " fcode="alloca"/>
<opset="B_fifo4_10/1 "/>
</bind>
</comp>

<comp id="934" class="1004" name="B_fifo4_11_fu_934">
<pin_list>
<pin id="935" dir="0" index="0" bw="1" slack="0"/>
<pin id="936" dir="1" index="1" bw="32" slack="6"/>
</pin_list>
<bind>
<opcode="alloca(26) " fcode="alloca"/>
<opset="B_fifo4_11/1 "/>
</bind>
</comp>

<comp id="938" class="1004" name="B_fifo4_12_fu_938">
<pin_list>
<pin id="939" dir="0" index="0" bw="1" slack="0"/>
<pin id="940" dir="1" index="1" bw="32" slack="8"/>
</pin_list>
<bind>
<opcode="alloca(26) " fcode="alloca"/>
<opset="B_fifo4_12/1 "/>
</bind>
</comp>

<comp id="942" class="1004" name="B_fifo4_13_fu_942">
<pin_list>
<pin id="943" dir="0" index="0" bw="1" slack="0"/>
<pin id="944" dir="1" index="1" bw="32" slack="10"/>
</pin_list>
<bind>
<opcode="alloca(26) " fcode="alloca"/>
<opset="B_fifo4_13/1 "/>
</bind>
</comp>

<comp id="946" class="1004" name="B_fifo4_14_fu_946">
<pin_list>
<pin id="947" dir="0" index="0" bw="1" slack="0"/>
<pin id="948" dir="1" index="1" bw="32" slack="12"/>
</pin_list>
<bind>
<opcode="alloca(26) " fcode="alloca"/>
<opset="B_fifo4_14/1 "/>
</bind>
</comp>

<comp id="950" class="1004" name="B_fifo4_15_fu_950">
<pin_list>
<pin id="951" dir="0" index="0" bw="1" slack="0"/>
<pin id="952" dir="1" index="1" bw="32" slack="14"/>
</pin_list>
<bind>
<opcode="alloca(26) " fcode="alloca"/>
<opset="B_fifo4_15/1 "/>
</bind>
</comp>

<comp id="954" class="1004" name="B_fifo4_16_fu_954">
<pin_list>
<pin id="955" dir="0" index="0" bw="1" slack="0"/>
<pin id="956" dir="1" index="1" bw="32" slack="16"/>
</pin_list>
<bind>
<opcode="alloca(26) " fcode="alloca"/>
<opset="B_fifo4_16/1 "/>
</bind>
</comp>

<comp id="958" class="1004" name="B_fifo4_17_fu_958">
<pin_list>
<pin id="959" dir="0" index="0" bw="1" slack="0"/>
<pin id="960" dir="1" index="1" bw="32" slack="18"/>
</pin_list>
<bind>
<opcode="alloca(26) " fcode="alloca"/>
<opset="B_fifo4_17/1 "/>
</bind>
</comp>

<comp id="962" class="1004" name="B_fifo4_18_fu_962">
<pin_list>
<pin id="963" dir="0" index="0" bw="1" slack="0"/>
<pin id="964" dir="1" index="1" bw="32" slack="0"/>
</pin_list>
<bind>
<opcode="alloca(26) " fcode="alloca"/>
<opset="B_fifo4_18/1 "/>
</bind>
</comp>

<comp id="966" class="1004" name="B_fifo4_19_fu_966">
<pin_list>
<pin id="967" dir="0" index="0" bw="1" slack="0"/>
<pin id="968" dir="1" index="1" bw="32" slack="6"/>
</pin_list>
<bind>
<opcode="alloca(26) " fcode="alloca"/>
<opset="B_fifo4_19/1 "/>
</bind>
</comp>

<comp id="970" class="1004" name="B_fifo4_20_fu_970">
<pin_list>
<pin id="971" dir="0" index="0" bw="1" slack="0"/>
<pin id="972" dir="1" index="1" bw="32" slack="8"/>
</pin_list>
<bind>
<opcode="alloca(26) " fcode="alloca"/>
<opset="B_fifo4_20/1 "/>
</bind>
</comp>

<comp id="974" class="1004" name="B_fifo4_21_fu_974">
<pin_list>
<pin id="975" dir="0" index="0" bw="1" slack="0"/>
<pin id="976" dir="1" index="1" bw="32" slack="10"/>
</pin_list>
<bind>
<opcode="alloca(26) " fcode="alloca"/>
<opset="B_fifo4_21/1 "/>
</bind>
</comp>

<comp id="978" class="1004" name="B_fifo4_22_fu_978">
<pin_list>
<pin id="979" dir="0" index="0" bw="1" slack="0"/>
<pin id="980" dir="1" index="1" bw="32" slack="12"/>
</pin_list>
<bind>
<opcode="alloca(26) " fcode="alloca"/>
<opset="B_fifo4_22/1 "/>
</bind>
</comp>

<comp id="982" class="1004" name="B_fifo4_23_fu_982">
<pin_list>
<pin id="983" dir="0" index="0" bw="1" slack="0"/>
<pin id="984" dir="1" index="1" bw="32" slack="14"/>
</pin_list>
<bind>
<opcode="alloca(26) " fcode="alloca"/>
<opset="B_fifo4_23/1 "/>
</bind>
</comp>

<comp id="986" class="1004" name="B_fifo4_24_fu_986">
<pin_list>
<pin id="987" dir="0" index="0" bw="1" slack="0"/>
<pin id="988" dir="1" index="1" bw="32" slack="16"/>
</pin_list>
<bind>
<opcode="alloca(26) " fcode="alloca"/>
<opset="B_fifo4_24/1 "/>
</bind>
</comp>

<comp id="990" class="1004" name="B_fifo4_25_fu_990">
<pin_list>
<pin id="991" dir="0" index="0" bw="1" slack="0"/>
<pin id="992" dir="1" index="1" bw="32" slack="18"/>
</pin_list>
<bind>
<opcode="alloca(26) " fcode="alloca"/>
<opset="B_fifo4_25/1 "/>
</bind>
</comp>

<comp id="994" class="1004" name="B_fifo4_26_fu_994">
<pin_list>
<pin id="995" dir="0" index="0" bw="1" slack="0"/>
<pin id="996" dir="1" index="1" bw="32" slack="20"/>
</pin_list>
<bind>
<opcode="alloca(26) " fcode="alloca"/>
<opset="B_fifo4_26/1 "/>
</bind>
</comp>

<comp id="998" class="1004" name="B_fifo4_27_fu_998">
<pin_list>
<pin id="999" dir="0" index="0" bw="1" slack="0"/>
<pin id="1000" dir="1" index="1" bw="32" slack="0"/>
</pin_list>
<bind>
<opcode="alloca(26) " fcode="alloca"/>
<opset="B_fifo4_27/1 "/>
</bind>
</comp>

<comp id="1002" class="1004" name="B_fifo4_28_fu_1002">
<pin_list>
<pin id="1003" dir="0" index="0" bw="1" slack="0"/>
<pin id="1004" dir="1" index="1" bw="32" slack="8"/>
</pin_list>
<bind>
<opcode="alloca(26) " fcode="alloca"/>
<opset="B_fifo4_28/1 "/>
</bind>
</comp>

<comp id="1006" class="1004" name="B_fifo4_29_fu_1006">
<pin_list>
<pin id="1007" dir="0" index="0" bw="1" slack="0"/>
<pin id="1008" dir="1" index="1" bw="32" slack="10"/>
</pin_list>
<bind>
<opcode="alloca(26) " fcode="alloca"/>
<opset="B_fifo4_29/1 "/>
</bind>
</comp>

<comp id="1010" class="1004" name="B_fifo4_30_fu_1010">
<pin_list>
<pin id="1011" dir="0" index="0" bw="1" slack="0"/>
<pin id="1012" dir="1" index="1" bw="32" slack="12"/>
</pin_list>
<bind>
<opcode="alloca(26) " fcode="alloca"/>
<opset="B_fifo4_30/1 "/>
</bind>
</comp>

<comp id="1014" class="1004" name="B_fifo4_31_fu_1014">
<pin_list>
<pin id="1015" dir="0" index="0" bw="1" slack="0"/>
<pin id="1016" dir="1" index="1" bw="32" slack="14"/>
</pin_list>
<bind>
<opcode="alloca(26) " fcode="alloca"/>
<opset="B_fifo4_31/1 "/>
</bind>
</comp>

<comp id="1018" class="1004" name="B_fifo4_32_fu_1018">
<pin_list>
<pin id="1019" dir="0" index="0" bw="1" slack="0"/>
<pin id="1020" dir="1" index="1" bw="32" slack="16"/>
</pin_list>
<bind>
<opcode="alloca(26) " fcode="alloca"/>
<opset="B_fifo4_32/1 "/>
</bind>
</comp>

<comp id="1022" class="1004" name="B_fifo4_33_fu_1022">
<pin_list>
<pin id="1023" dir="0" index="0" bw="1" slack="0"/>
<pin id="1024" dir="1" index="1" bw="32" slack="18"/>
</pin_list>
<bind>
<opcode="alloca(26) " fcode="alloca"/>
<opset="B_fifo4_33/1 "/>
</bind>
</comp>

<comp id="1026" class="1004" name="B_fifo4_34_fu_1026">
<pin_list>
<pin id="1027" dir="0" index="0" bw="1" slack="0"/>
<pin id="1028" dir="1" index="1" bw="32" slack="20"/>
</pin_list>
<bind>
<opcode="alloca(26) " fcode="alloca"/>
<opset="B_fifo4_34/1 "/>
</bind>
</comp>

<comp id="1030" class="1004" name="B_fifo4_35_fu_1030">
<pin_list>
<pin id="1031" dir="0" index="0" bw="1" slack="0"/>
<pin id="1032" dir="1" index="1" bw="32" slack="22"/>
</pin_list>
<bind>
<opcode="alloca(26) " fcode="alloca"/>
<opset="B_fifo4_35/1 "/>
</bind>
</comp>

<comp id="1034" class="1004" name="B_fifo4_36_fu_1034">
<pin_list>
<pin id="1035" dir="0" index="0" bw="1" slack="0"/>
<pin id="1036" dir="1" index="1" bw="32" slack="0"/>
</pin_list>
<bind>
<opcode="alloca(26) " fcode="alloca"/>
<opset="B_fifo4_36/1 "/>
</bind>
</comp>

<comp id="1038" class="1004" name="B_fifo4_37_fu_1038">
<pin_list>
<pin id="1039" dir="0" index="0" bw="1" slack="0"/>
<pin id="1040" dir="1" index="1" bw="32" slack="10"/>
</pin_list>
<bind>
<opcode="alloca(26) " fcode="alloca"/>
<opset="B_fifo4_37/1 "/>
</bind>
</comp>

<comp id="1042" class="1004" name="B_fifo4_38_fu_1042">
<pin_list>
<pin id="1043" dir="0" index="0" bw="1" slack="0"/>
<pin id="1044" dir="1" index="1" bw="32" slack="12"/>
</pin_list>
<bind>
<opcode="alloca(26) " fcode="alloca"/>
<opset="B_fifo4_38/1 "/>
</bind>
</comp>

<comp id="1046" class="1004" name="B_fifo4_39_fu_1046">
<pin_list>
<pin id="1047" dir="0" index="0" bw="1" slack="0"/>
<pin id="1048" dir="1" index="1" bw="32" slack="14"/>
</pin_list>
<bind>
<opcode="alloca(26) " fcode="alloca"/>
<opset="B_fifo4_39/1 "/>
</bind>
</comp>

<comp id="1050" class="1004" name="B_fifo4_40_fu_1050">
<pin_list>
<pin id="1051" dir="0" index="0" bw="1" slack="0"/>
<pin id="1052" dir="1" index="1" bw="32" slack="16"/>
</pin_list>
<bind>
<opcode="alloca(26) " fcode="alloca"/>
<opset="B_fifo4_40/1 "/>
</bind>
</comp>

<comp id="1054" class="1004" name="B_fifo4_41_fu_1054">
<pin_list>
<pin id="1055" dir="0" index="0" bw="1" slack="0"/>
<pin id="1056" dir="1" index="1" bw="32" slack="18"/>
</pin_list>
<bind>
<opcode="alloca(26) " fcode="alloca"/>
<opset="B_fifo4_41/1 "/>
</bind>
</comp>

<comp id="1058" class="1004" name="B_fifo4_42_fu_1058">
<pin_list>
<pin id="1059" dir="0" index="0" bw="1" slack="0"/>
<pin id="1060" dir="1" index="1" bw="32" slack="20"/>
</pin_list>
<bind>
<opcode="alloca(26) " fcode="alloca"/>
<opset="B_fifo4_42/1 "/>
</bind>
</comp>

<comp id="1062" class="1004" name="B_fifo4_43_fu_1062">
<pin_list>
<pin id="1063" dir="0" index="0" bw="1" slack="0"/>
<pin id="1064" dir="1" index="1" bw="32" slack="22"/>
</pin_list>
<bind>
<opcode="alloca(26) " fcode="alloca"/>
<opset="B_fifo4_43/1 "/>
</bind>
</comp>

<comp id="1066" class="1004" name="B_fifo4_44_fu_1066">
<pin_list>
<pin id="1067" dir="0" index="0" bw="1" slack="0"/>
<pin id="1068" dir="1" index="1" bw="32" slack="24"/>
</pin_list>
<bind>
<opcode="alloca(26) " fcode="alloca"/>
<opset="B_fifo4_44/1 "/>
</bind>
</comp>

<comp id="1070" class="1004" name="B_fifo4_45_fu_1070">
<pin_list>
<pin id="1071" dir="0" index="0" bw="1" slack="0"/>
<pin id="1072" dir="1" index="1" bw="32" slack="0"/>
</pin_list>
<bind>
<opcode="alloca(26) " fcode="alloca"/>
<opset="B_fifo4_45/1 "/>
</bind>
</comp>

<comp id="1074" class="1004" name="B_fifo4_46_fu_1074">
<pin_list>
<pin id="1075" dir="0" index="0" bw="1" slack="0"/>
<pin id="1076" dir="1" index="1" bw="32" slack="12"/>
</pin_list>
<bind>
<opcode="alloca(26) " fcode="alloca"/>
<opset="B_fifo4_46/1 "/>
</bind>
</comp>

<comp id="1078" class="1004" name="B_fifo4_47_fu_1078">
<pin_list>
<pin id="1079" dir="0" index="0" bw="1" slack="0"/>
<pin id="1080" dir="1" index="1" bw="32" slack="14"/>
</pin_list>
<bind>
<opcode="alloca(26) " fcode="alloca"/>
<opset="B_fifo4_47/1 "/>
</bind>
</comp>

<comp id="1082" class="1004" name="B_fifo4_48_fu_1082">
<pin_list>
<pin id="1083" dir="0" index="0" bw="1" slack="0"/>
<pin id="1084" dir="1" index="1" bw="32" slack="16"/>
</pin_list>
<bind>
<opcode="alloca(26) " fcode="alloca"/>
<opset="B_fifo4_48/1 "/>
</bind>
</comp>

<comp id="1086" class="1004" name="B_fifo4_49_fu_1086">
<pin_list>
<pin id="1087" dir="0" index="0" bw="1" slack="0"/>
<pin id="1088" dir="1" index="1" bw="32" slack="18"/>
</pin_list>
<bind>
<opcode="alloca(26) " fcode="alloca"/>
<opset="B_fifo4_49/1 "/>
</bind>
</comp>

<comp id="1090" class="1004" name="B_fifo4_50_fu_1090">
<pin_list>
<pin id="1091" dir="0" index="0" bw="1" slack="0"/>
<pin id="1092" dir="1" index="1" bw="32" slack="20"/>
</pin_list>
<bind>
<opcode="alloca(26) " fcode="alloca"/>
<opset="B_fifo4_50/1 "/>
</bind>
</comp>

<comp id="1094" class="1004" name="B_fifo4_51_fu_1094">
<pin_list>
<pin id="1095" dir="0" index="0" bw="1" slack="0"/>
<pin id="1096" dir="1" index="1" bw="32" slack="22"/>
</pin_list>
<bind>
<opcode="alloca(26) " fcode="alloca"/>
<opset="B_fifo4_51/1 "/>
</bind>
</comp>

<comp id="1098" class="1004" name="B_fifo4_52_fu_1098">
<pin_list>
<pin id="1099" dir="0" index="0" bw="1" slack="0"/>
<pin id="1100" dir="1" index="1" bw="32" slack="24"/>
</pin_list>
<bind>
<opcode="alloca(26) " fcode="alloca"/>
<opset="B_fifo4_52/1 "/>
</bind>
</comp>

<comp id="1102" class="1004" name="B_fifo4_53_fu_1102">
<pin_list>
<pin id="1103" dir="0" index="0" bw="1" slack="0"/>
<pin id="1104" dir="1" index="1" bw="32" slack="26"/>
</pin_list>
<bind>
<opcode="alloca(26) " fcode="alloca"/>
<opset="B_fifo4_53/1 "/>
</bind>
</comp>

<comp id="1106" class="1004" name="B_fifo4_54_fu_1106">
<pin_list>
<pin id="1107" dir="0" index="0" bw="1" slack="0"/>
<pin id="1108" dir="1" index="1" bw="32" slack="0"/>
</pin_list>
<bind>
<opcode="alloca(26) " fcode="alloca"/>
<opset="B_fifo4_54/1 "/>
</bind>
</comp>

<comp id="1110" class="1004" name="B_fifo4_55_fu_1110">
<pin_list>
<pin id="1111" dir="0" index="0" bw="1" slack="0"/>
<pin id="1112" dir="1" index="1" bw="32" slack="14"/>
</pin_list>
<bind>
<opcode="alloca(26) " fcode="alloca"/>
<opset="B_fifo4_55/1 "/>
</bind>
</comp>

<comp id="1114" class="1004" name="B_fifo4_56_fu_1114">
<pin_list>
<pin id="1115" dir="0" index="0" bw="1" slack="0"/>
<pin id="1116" dir="1" index="1" bw="32" slack="16"/>
</pin_list>
<bind>
<opcode="alloca(26) " fcode="alloca"/>
<opset="B_fifo4_56/1 "/>
</bind>
</comp>

<comp id="1118" class="1004" name="B_fifo4_57_fu_1118">
<pin_list>
<pin id="1119" dir="0" index="0" bw="1" slack="0"/>
<pin id="1120" dir="1" index="1" bw="32" slack="18"/>
</pin_list>
<bind>
<opcode="alloca(26) " fcode="alloca"/>
<opset="B_fifo4_57/1 "/>
</bind>
</comp>

<comp id="1122" class="1004" name="B_fifo4_58_fu_1122">
<pin_list>
<pin id="1123" dir="0" index="0" bw="1" slack="0"/>
<pin id="1124" dir="1" index="1" bw="32" slack="20"/>
</pin_list>
<bind>
<opcode="alloca(26) " fcode="alloca"/>
<opset="B_fifo4_58/1 "/>
</bind>
</comp>

<comp id="1126" class="1004" name="B_fifo4_59_fu_1126">
<pin_list>
<pin id="1127" dir="0" index="0" bw="1" slack="0"/>
<pin id="1128" dir="1" index="1" bw="32" slack="22"/>
</pin_list>
<bind>
<opcode="alloca(26) " fcode="alloca"/>
<opset="B_fifo4_59/1 "/>
</bind>
</comp>

<comp id="1130" class="1004" name="B_fifo4_60_fu_1130">
<pin_list>
<pin id="1131" dir="0" index="0" bw="1" slack="0"/>
<pin id="1132" dir="1" index="1" bw="32" slack="24"/>
</pin_list>
<bind>
<opcode="alloca(26) " fcode="alloca"/>
<opset="B_fifo4_60/1 "/>
</bind>
</comp>

<comp id="1134" class="1004" name="B_fifo4_61_fu_1134">
<pin_list>
<pin id="1135" dir="0" index="0" bw="1" slack="0"/>
<pin id="1136" dir="1" index="1" bw="32" slack="26"/>
</pin_list>
<bind>
<opcode="alloca(26) " fcode="alloca"/>
<opset="B_fifo4_61/1 "/>
</bind>
</comp>

<comp id="1138" class="1004" name="B_fifo4_62_fu_1138">
<pin_list>
<pin id="1139" dir="0" index="0" bw="1" slack="0"/>
<pin id="1140" dir="1" index="1" bw="32" slack="28"/>
</pin_list>
<bind>
<opcode="alloca(26) " fcode="alloca"/>
<opset="B_fifo4_62/1 "/>
</bind>
</comp>

<comp id="1142" class="1004" name="B_fifo4_63_fu_1142">
<pin_list>
<pin id="1143" dir="0" index="0" bw="1" slack="0"/>
<pin id="1144" dir="1" index="1" bw="32" slack="0"/>
</pin_list>
<bind>
<opcode="alloca(26) " fcode="alloca"/>
<opset="B_fifo4_63/1 "/>
</bind>
</comp>

<comp id="1146" class="1004" name="B_fifo4_64_fu_1146">
<pin_list>
<pin id="1147" dir="0" index="0" bw="1" slack="0"/>
<pin id="1148" dir="1" index="1" bw="32" slack="16"/>
</pin_list>
<bind>
<opcode="alloca(26) " fcode="alloca"/>
<opset="B_fifo4_64/1 "/>
</bind>
</comp>

<comp id="1150" class="1004" name="B_fifo4_65_fu_1150">
<pin_list>
<pin id="1151" dir="0" index="0" bw="1" slack="0"/>
<pin id="1152" dir="1" index="1" bw="32" slack="18"/>
</pin_list>
<bind>
<opcode="alloca(26) " fcode="alloca"/>
<opset="B_fifo4_65/1 "/>
</bind>
</comp>

<comp id="1154" class="1004" name="B_fifo4_66_fu_1154">
<pin_list>
<pin id="1155" dir="0" index="0" bw="1" slack="0"/>
<pin id="1156" dir="1" index="1" bw="32" slack="20"/>
</pin_list>
<bind>
<opcode="alloca(26) " fcode="alloca"/>
<opset="B_fifo4_66/1 "/>
</bind>
</comp>

<comp id="1158" class="1004" name="B_fifo4_67_fu_1158">
<pin_list>
<pin id="1159" dir="0" index="0" bw="1" slack="0"/>
<pin id="1160" dir="1" index="1" bw="32" slack="22"/>
</pin_list>
<bind>
<opcode="alloca(26) " fcode="alloca"/>
<opset="B_fifo4_67/1 "/>
</bind>
</comp>

<comp id="1162" class="1004" name="B_fifo4_68_fu_1162">
<pin_list>
<pin id="1163" dir="0" index="0" bw="1" slack="0"/>
<pin id="1164" dir="1" index="1" bw="32" slack="24"/>
</pin_list>
<bind>
<opcode="alloca(26) " fcode="alloca"/>
<opset="B_fifo4_68/1 "/>
</bind>
</comp>

<comp id="1166" class="1004" name="B_fifo4_69_fu_1166">
<pin_list>
<pin id="1167" dir="0" index="0" bw="1" slack="0"/>
<pin id="1168" dir="1" index="1" bw="32" slack="26"/>
</pin_list>
<bind>
<opcode="alloca(26) " fcode="alloca"/>
<opset="B_fifo4_69/1 "/>
</bind>
</comp>

<comp id="1170" class="1004" name="B_fifo4_70_fu_1170">
<pin_list>
<pin id="1171" dir="0" index="0" bw="1" slack="0"/>
<pin id="1172" dir="1" index="1" bw="32" slack="28"/>
</pin_list>
<bind>
<opcode="alloca(26) " fcode="alloca"/>
<opset="B_fifo4_70/1 "/>
</bind>
</comp>

<comp id="1174" class="1004" name="B_fifo4_71_fu_1174">
<pin_list>
<pin id="1175" dir="0" index="0" bw="1" slack="0"/>
<pin id="1176" dir="1" index="1" bw="32" slack="30"/>
</pin_list>
<bind>
<opcode="alloca(26) " fcode="alloca"/>
<opset="B_fifo4_71/1 "/>
</bind>
</comp>

<comp id="1178" class="1004" name="grp_systolic_tile_QKT_Loop_l_data_load_k272_proc26_fu_1178">
<pin_list>
<pin id="1179" dir="0" index="0" bw="0" slack="0"/>
<pin id="1180" dir="0" index="1" bw="32" slack="0"/>
<pin id="1181" dir="0" index="2" bw="32" slack="0"/>
<pin id="1182" dir="0" index="3" bw="32" slack="0"/>
<pin id="1183" dir="0" index="4" bw="32" slack="0"/>
<pin id="1184" dir="0" index="5" bw="32" slack="0"/>
<pin id="1185" dir="0" index="6" bw="32" slack="0"/>
<pin id="1186" dir="0" index="7" bw="32" slack="0"/>
<pin id="1187" dir="0" index="8" bw="32" slack="0"/>
<pin id="1188" dir="0" index="9" bw="32" slack="0"/>
<pin id="1189" dir="0" index="10" bw="32" slack="0"/>
<pin id="1190" dir="0" index="11" bw="32" slack="0"/>
<pin id="1191" dir="0" index="12" bw="32" slack="0"/>
<pin id="1192" dir="0" index="13" bw="32" slack="0"/>
<pin id="1193" dir="0" index="14" bw="32" slack="0"/>
<pin id="1194" dir="0" index="15" bw="32" slack="0"/>
<pin id="1195" dir="0" index="16" bw="32" slack="0"/>
<pin id="1196" dir="0" index="17" bw="32" slack="0"/>
<pin id="1197" dir="0" index="18" bw="32" slack="0"/>
<pin id="1198" dir="0" index="19" bw="32" slack="0"/>
<pin id="1199" dir="0" index="20" bw="32" slack="0"/>
<pin id="1200" dir="0" index="21" bw="32" slack="0"/>
<pin id="1201" dir="0" index="22" bw="32" slack="0"/>
<pin id="1202" dir="0" index="23" bw="32" slack="0"/>
<pin id="1203" dir="0" index="24" bw="32" slack="0"/>
<pin id="1204" dir="0" index="25" bw="32" slack="0"/>
<pin id="1205" dir="0" index="26" bw="32" slack="0"/>
<pin id="1206" dir="0" index="27" bw="32" slack="0"/>
<pin id="1207" dir="0" index="28" bw="32" slack="0"/>
<pin id="1208" dir="0" index="29" bw="32" slack="0"/>
<pin id="1209" dir="0" index="30" bw="32" slack="0"/>
<pin id="1210" dir="0" index="31" bw="32" slack="0"/>
<pin id="1211" dir="0" index="32" bw="32" slack="0"/>
<pin id="1212" dir="1" index="33" bw="0" slack="2147483647"/>
</pin_list>
<bind>
<opcode="call(48) " fcode="call"/>
<opset="call_ln0/1 "/>
</bind>
</comp>

<comp id="1230" class="1004" name="grp_PE_kernel_QKT_0_0_1_fu_1230">
<pin_list>
<pin id="1231" dir="0" index="0" bw="0" slack="0"/>
<pin id="1232" dir="0" index="1" bw="32" slack="2"/>
<pin id="1233" dir="0" index="2" bw="32" slack="2"/>
<pin id="1234" dir="0" index="3" bw="32" slack="2"/>
<pin id="1235" dir="0" index="4" bw="32" slack="2"/>
<pin id="1236" dir="0" index="5" bw="32" slack="0"/>
<pin id="1237" dir="1" index="6" bw="0" slack="2147483647"/>
</pin_list>
<bind>
<opcode="call(48) " fcode="call"/>
<opset="call_ln12261/3 "/>
</bind>
</comp>

<comp id="1240" class="1004" name="grp_PE_kernel_QKT_1_0_1_fu_1240">
<pin_list>
<pin id="1241" dir="0" index="0" bw="0" slack="0"/>
<pin id="1242" dir="0" index="1" bw="32" slack="4"/>
<pin id="1243" dir="0" index="2" bw="32" slack="4"/>
<pin id="1244" dir="0" index="3" bw="32" slack="4"/>
<pin id="1245" dir="0" index="4" bw="32" slack="4"/>
<pin id="1246" dir="0" index="5" bw="32" slack="0"/>
<pin id="1247" dir="1" index="6" bw="0" slack="2147483647"/>
</pin_list>
<bind>
<opcode="call(48) " fcode="call"/>
<opset="call_ln12266/5 "/>
</bind>
</comp>

<comp id="1250" class="1004" name="grp_PE_kernel_QKT_0_1_1_fu_1250">
<pin_list>
<pin id="1251" dir="0" index="0" bw="0" slack="0"/>
<pin id="1252" dir="0" index="1" bw="32" slack="4"/>
<pin id="1253" dir="0" index="2" bw="32" slack="4"/>
<pin id="1254" dir="0" index="3" bw="32" slack="4"/>
<pin id="1255" dir="0" index="4" bw="32" slack="4"/>
<pin id="1256" dir="0" index="5" bw="32" slack="0"/>
<pin id="1257" dir="1" index="6" bw="0" slack="2147483647"/>
</pin_list>
<bind>
<opcode="call(48) " fcode="call"/>
<opset="call_ln12301/5 "/>
</bind>
</comp>

<comp id="1260" class="1004" name="grp_PE_kernel_QKT_2_0_1_fu_1260">
<pin_list>
<pin id="1261" dir="0" index="0" bw="0" slack="0"/>
<pin id="1262" dir="0" index="1" bw="32" slack="6"/>
<pin id="1263" dir="0" index="2" bw="32" slack="6"/>
<pin id="1264" dir="0" index="3" bw="32" slack="6"/>
<pin id="1265" dir="0" index="4" bw="32" slack="6"/>
<pin id="1266" dir="0" index="5" bw="32" slack="0"/>
<pin id="1267" dir="1" index="6" bw="0" slack="2147483647"/>
</pin_list>
<bind>
<opcode="call(48) " fcode="call"/>
<opset="call_ln12271/7 "/>
</bind>
</comp>

<comp id="1270" class="1004" name="grp_PE_kernel_QKT_1_1_1_fu_1270">
<pin_list>
<pin id="1271" dir="0" index="0" bw="0" slack="0"/>
<pin id="1272" dir="0" index="1" bw="32" slack="6"/>
<pin id="1273" dir="0" index="2" bw="32" slack="6"/>
<pin id="1274" dir="0" index="3" bw="32" slack="6"/>
<pin id="1275" dir="0" index="4" bw="32" slack="6"/>
<pin id="1276" dir="0" index="5" bw="32" slack="0"/>
<pin id="1277" dir="1" index="6" bw="0" slack="2147483647"/>
</pin_list>
<bind>
<opcode="call(48) " fcode="call"/>
<opset="call_ln12306/7 "/>
</bind>
</comp>

<comp id="1280" class="1004" name="grp_PE_kernel_QKT_0_2_1_fu_1280">
<pin_list>
<pin id="1281" dir="0" index="0" bw="0" slack="0"/>
<pin id="1282" dir="0" index="1" bw="32" slack="6"/>
<pin id="1283" dir="0" index="2" bw="32" slack="6"/>
<pin id="1284" dir="0" index="3" bw="32" slack="6"/>
<pin id="1285" dir="0" index="4" bw="32" slack="6"/>
<pin id="1286" dir="0" index="5" bw="32" slack="0"/>
<pin id="1287" dir="1" index="6" bw="0" slack="2147483647"/>
</pin_list>
<bind>
<opcode="call(48) " fcode="call"/>
<opset="call_ln12341/7 "/>
</bind>
</comp>

<comp id="1290" class="1004" name="grp_PE_kernel_QKT_3_0_1_fu_1290">
<pin_list>
<pin id="1291" dir="0" index="0" bw="0" slack="0"/>
<pin id="1292" dir="0" index="1" bw="32" slack="8"/>
<pin id="1293" dir="0" index="2" bw="32" slack="8"/>
<pin id="1294" dir="0" index="3" bw="32" slack="8"/>
<pin id="1295" dir="0" index="4" bw="32" slack="8"/>
<pin id="1296" dir="0" index="5" bw="32" slack="0"/>
<pin id="1297" dir="1" index="6" bw="0" slack="2147483647"/>
</pin_list>
<bind>
<opcode="call(48) " fcode="call"/>
<opset="call_ln12276/9 "/>
</bind>
</comp>

<comp id="1300" class="1004" name="grp_PE_kernel_QKT_2_1_1_fu_1300">
<pin_list>
<pin id="1301" dir="0" index="0" bw="0" slack="0"/>
<pin id="1302" dir="0" index="1" bw="32" slack="8"/>
<pin id="1303" dir="0" index="2" bw="32" slack="8"/>
<pin id="1304" dir="0" index="3" bw="32" slack="8"/>
<pin id="1305" dir="0" index="4" bw="32" slack="8"/>
<pin id="1306" dir="0" index="5" bw="32" slack="0"/>
<pin id="1307" dir="1" index="6" bw="0" slack="2147483647"/>
</pin_list>
<bind>
<opcode="call(48) " fcode="call"/>
<opset="call_ln12311/9 "/>
</bind>
</comp>

<comp id="1310" class="1004" name="grp_PE_kernel_QKT_1_2_1_fu_1310">
<pin_list>
<pin id="1311" dir="0" index="0" bw="0" slack="0"/>
<pin id="1312" dir="0" index="1" bw="32" slack="8"/>
<pin id="1313" dir="0" index="2" bw="32" slack="8"/>
<pin id="1314" dir="0" index="3" bw="32" slack="8"/>
<pin id="1315" dir="0" index="4" bw="32" slack="8"/>
<pin id="1316" dir="0" index="5" bw="32" slack="0"/>
<pin id="1317" dir="1" index="6" bw="0" slack="2147483647"/>
</pin_list>
<bind>
<opcode="call(48) " fcode="call"/>
<opset="call_ln12346/9 "/>
</bind>
</comp>

<comp id="1320" class="1004" name="grp_PE_kernel_QKT_0_3_1_fu_1320">
<pin_list>
<pin id="1321" dir="0" index="0" bw="0" slack="0"/>
<pin id="1322" dir="0" index="1" bw="32" slack="8"/>
<pin id="1323" dir="0" index="2" bw="32" slack="8"/>
<pin id="1324" dir="0" index="3" bw="32" slack="8"/>
<pin id="1325" dir="0" index="4" bw="32" slack="8"/>
<pin id="1326" dir="0" index="5" bw="32" slack="0"/>
<pin id="1327" dir="1" index="6" bw="0" slack="2147483647"/>
</pin_list>
<bind>
<opcode="call(48) " fcode="call"/>
<opset="call_ln12381/9 "/>
</bind>
</comp>

<comp id="1330" class="1004" name="grp_PE_kernel_QKT_4_0_1_fu_1330">
<pin_list>
<pin id="1331" dir="0" index="0" bw="0" slack="0"/>
<pin id="1332" dir="0" index="1" bw="32" slack="10"/>
<pin id="1333" dir="0" index="2" bw="32" slack="10"/>
<pin id="1334" dir="0" index="3" bw="32" slack="10"/>
<pin id="1335" dir="0" index="4" bw="32" slack="10"/>
<pin id="1336" dir="0" index="5" bw="32" slack="0"/>
<pin id="1337" dir="1" index="6" bw="0" slack="2147483647"/>
</pin_list>
<bind>
<opcode="call(48) " fcode="call"/>
<opset="call_ln12281/11 "/>
</bind>
</comp>

<comp id="1340" class="1004" name="grp_PE_kernel_QKT_3_1_1_fu_1340">
<pin_list>
<pin id="1341" dir="0" index="0" bw="0" slack="0"/>
<pin id="1342" dir="0" index="1" bw="32" slack="10"/>
<pin id="1343" dir="0" index="2" bw="32" slack="10"/>
<pin id="1344" dir="0" index="3" bw="32" slack="10"/>
<pin id="1345" dir="0" index="4" bw="32" slack="10"/>
<pin id="1346" dir="0" index="5" bw="32" slack="0"/>
<pin id="1347" dir="1" index="6" bw="0" slack="2147483647"/>
</pin_list>
<bind>
<opcode="call(48) " fcode="call"/>
<opset="call_ln12316/11 "/>
</bind>
</comp>

<comp id="1350" class="1004" name="grp_PE_kernel_QKT_2_2_1_fu_1350">
<pin_list>
<pin id="1351" dir="0" index="0" bw="0" slack="0"/>
<pin id="1352" dir="0" index="1" bw="32" slack="10"/>
<pin id="1353" dir="0" index="2" bw="32" slack="10"/>
<pin id="1354" dir="0" index="3" bw="32" slack="10"/>
<pin id="1355" dir="0" index="4" bw="32" slack="10"/>
<pin id="1356" dir="0" index="5" bw="32" slack="0"/>
<pin id="1357" dir="1" index="6" bw="0" slack="2147483647"/>
</pin_list>
<bind>
<opcode="call(48) " fcode="call"/>
<opset="call_ln12351/11 "/>
</bind>
</comp>

<comp id="1360" class="1004" name="grp_PE_kernel_QKT_1_3_1_fu_1360">
<pin_list>
<pin id="1361" dir="0" index="0" bw="0" slack="0"/>
<pin id="1362" dir="0" index="1" bw="32" slack="10"/>
<pin id="1363" dir="0" index="2" bw="32" slack="10"/>
<pin id="1364" dir="0" index="3" bw="32" slack="10"/>
<pin id="1365" dir="0" index="4" bw="32" slack="10"/>
<pin id="1366" dir="0" index="5" bw="32" slack="0"/>
<pin id="1367" dir="1" index="6" bw="0" slack="2147483647"/>
</pin_list>
<bind>
<opcode="call(48) " fcode="call"/>
<opset="call_ln12386/11 "/>
</bind>
</comp>

<comp id="1370" class="1004" name="grp_PE_kernel_QKT_0_4_1_fu_1370">
<pin_list>
<pin id="1371" dir="0" index="0" bw="0" slack="0"/>
<pin id="1372" dir="0" index="1" bw="32" slack="10"/>
<pin id="1373" dir="0" index="2" bw="32" slack="10"/>
<pin id="1374" dir="0" index="3" bw="32" slack="10"/>
<pin id="1375" dir="0" index="4" bw="32" slack="10"/>
<pin id="1376" dir="0" index="5" bw="32" slack="0"/>
<pin id="1377" dir="1" index="6" bw="0" slack="2147483647"/>
</pin_list>
<bind>
<opcode="call(48) " fcode="call"/>
<opset="call_ln12421/11 "/>
</bind>
</comp>

<comp id="1380" class="1004" name="grp_PE_kernel_QKT_5_0_1_fu_1380">
<pin_list>
<pin id="1381" dir="0" index="0" bw="0" slack="0"/>
<pin id="1382" dir="0" index="1" bw="32" slack="12"/>
<pin id="1383" dir="0" index="2" bw="32" slack="12"/>
<pin id="1384" dir="0" index="3" bw="32" slack="12"/>
<pin id="1385" dir="0" index="4" bw="32" slack="12"/>
<pin id="1386" dir="0" index="5" bw="32" slack="0"/>
<pin id="1387" dir="1" index="6" bw="0" slack="2147483647"/>
</pin_list>
<bind>
<opcode="call(48) " fcode="call"/>
<opset="call_ln12286/13 "/>
</bind>
</comp>

<comp id="1390" class="1004" name="grp_PE_kernel_QKT_4_1_1_fu_1390">
<pin_list>
<pin id="1391" dir="0" index="0" bw="0" slack="0"/>
<pin id="1392" dir="0" index="1" bw="32" slack="12"/>
<pin id="1393" dir="0" index="2" bw="32" slack="12"/>
<pin id="1394" dir="0" index="3" bw="32" slack="12"/>
<pin id="1395" dir="0" index="4" bw="32" slack="12"/>
<pin id="1396" dir="0" index="5" bw="32" slack="0"/>
<pin id="1397" dir="1" index="6" bw="0" slack="2147483647"/>
</pin_list>
<bind>
<opcode="call(48) " fcode="call"/>
<opset="call_ln12321/13 "/>
</bind>
</comp>

<comp id="1400" class="1004" name="grp_PE_kernel_QKT_3_2_1_fu_1400">
<pin_list>
<pin id="1401" dir="0" index="0" bw="0" slack="0"/>
<pin id="1402" dir="0" index="1" bw="32" slack="12"/>
<pin id="1403" dir="0" index="2" bw="32" slack="12"/>
<pin id="1404" dir="0" index="3" bw="32" slack="12"/>
<pin id="1405" dir="0" index="4" bw="32" slack="12"/>
<pin id="1406" dir="0" index="5" bw="32" slack="0"/>
<pin id="1407" dir="1" index="6" bw="0" slack="2147483647"/>
</pin_list>
<bind>
<opcode="call(48) " fcode="call"/>
<opset="call_ln12356/13 "/>
</bind>
</comp>

<comp id="1410" class="1004" name="grp_PE_kernel_QKT_2_3_1_fu_1410">
<pin_list>
<pin id="1411" dir="0" index="0" bw="0" slack="0"/>
<pin id="1412" dir="0" index="1" bw="32" slack="12"/>
<pin id="1413" dir="0" index="2" bw="32" slack="12"/>
<pin id="1414" dir="0" index="3" bw="32" slack="12"/>
<pin id="1415" dir="0" index="4" bw="32" slack="12"/>
<pin id="1416" dir="0" index="5" bw="32" slack="0"/>
<pin id="1417" dir="1" index="6" bw="0" slack="2147483647"/>
</pin_list>
<bind>
<opcode="call(48) " fcode="call"/>
<opset="call_ln12391/13 "/>
</bind>
</comp>

<comp id="1420" class="1004" name="grp_PE_kernel_QKT_1_4_1_fu_1420">
<pin_list>
<pin id="1421" dir="0" index="0" bw="0" slack="0"/>
<pin id="1422" dir="0" index="1" bw="32" slack="12"/>
<pin id="1423" dir="0" index="2" bw="32" slack="12"/>
<pin id="1424" dir="0" index="3" bw="32" slack="12"/>
<pin id="1425" dir="0" index="4" bw="32" slack="12"/>
<pin id="1426" dir="0" index="5" bw="32" slack="0"/>
<pin id="1427" dir="1" index="6" bw="0" slack="2147483647"/>
</pin_list>
<bind>
<opcode="call(48) " fcode="call"/>
<opset="call_ln12426/13 "/>
</bind>
</comp>

<comp id="1430" class="1004" name="grp_PE_kernel_QKT_0_5_1_fu_1430">
<pin_list>
<pin id="1431" dir="0" index="0" bw="0" slack="0"/>
<pin id="1432" dir="0" index="1" bw="32" slack="12"/>
<pin id="1433" dir="0" index="2" bw="32" slack="12"/>
<pin id="1434" dir="0" index="3" bw="32" slack="12"/>
<pin id="1435" dir="0" index="4" bw="32" slack="12"/>
<pin id="1436" dir="0" index="5" bw="32" slack="0"/>
<pin id="1437" dir="1" index="6" bw="0" slack="2147483647"/>
</pin_list>
<bind>
<opcode="call(48) " fcode="call"/>
<opset="call_ln12461/13 "/>
</bind>
</comp>

<comp id="1440" class="1004" name="grp_PE_kernel_QKT_6_0_1_fu_1440">
<pin_list>
<pin id="1441" dir="0" index="0" bw="0" slack="0"/>
<pin id="1442" dir="0" index="1" bw="32" slack="14"/>
<pin id="1443" dir="0" index="2" bw="32" slack="14"/>
<pin id="1444" dir="0" index="3" bw="32" slack="14"/>
<pin id="1445" dir="0" index="4" bw="32" slack="14"/>
<pin id="1446" dir="0" index="5" bw="32" slack="0"/>
<pin id="1447" dir="1" index="6" bw="0" slack="2147483647"/>
</pin_list>
<bind>
<opcode="call(48) " fcode="call"/>
<opset="call_ln12291/15 "/>
</bind>
</comp>

<comp id="1450" class="1004" name="grp_PE_kernel_QKT_5_1_1_fu_1450">
<pin_list>
<pin id="1451" dir="0" index="0" bw="0" slack="0"/>
<pin id="1452" dir="0" index="1" bw="32" slack="14"/>
<pin id="1453" dir="0" index="2" bw="32" slack="14"/>
<pin id="1454" dir="0" index="3" bw="32" slack="14"/>
<pin id="1455" dir="0" index="4" bw="32" slack="14"/>
<pin id="1456" dir="0" index="5" bw="32" slack="0"/>
<pin id="1457" dir="1" index="6" bw="0" slack="2147483647"/>
</pin_list>
<bind>
<opcode="call(48) " fcode="call"/>
<opset="call_ln12326/15 "/>
</bind>
</comp>

<comp id="1460" class="1004" name="grp_PE_kernel_QKT_4_2_1_fu_1460">
<pin_list>
<pin id="1461" dir="0" index="0" bw="0" slack="0"/>
<pin id="1462" dir="0" index="1" bw="32" slack="14"/>
<pin id="1463" dir="0" index="2" bw="32" slack="14"/>
<pin id="1464" dir="0" index="3" bw="32" slack="14"/>
<pin id="1465" dir="0" index="4" bw="32" slack="14"/>
<pin id="1466" dir="0" index="5" bw="32" slack="0"/>
<pin id="1467" dir="1" index="6" bw="0" slack="2147483647"/>
</pin_list>
<bind>
<opcode="call(48) " fcode="call"/>
<opset="call_ln12361/15 "/>
</bind>
</comp>

<comp id="1470" class="1004" name="grp_PE_kernel_QKT_3_3_1_fu_1470">
<pin_list>
<pin id="1471" dir="0" index="0" bw="0" slack="0"/>
<pin id="1472" dir="0" index="1" bw="32" slack="14"/>
<pin id="1473" dir="0" index="2" bw="32" slack="14"/>
<pin id="1474" dir="0" index="3" bw="32" slack="14"/>
<pin id="1475" dir="0" index="4" bw="32" slack="14"/>
<pin id="1476" dir="0" index="5" bw="32" slack="0"/>
<pin id="1477" dir="1" index="6" bw="0" slack="2147483647"/>
</pin_list>
<bind>
<opcode="call(48) " fcode="call"/>
<opset="call_ln12396/15 "/>
</bind>
</comp>

<comp id="1480" class="1004" name="grp_PE_kernel_QKT_2_4_1_fu_1480">
<pin_list>
<pin id="1481" dir="0" index="0" bw="0" slack="0"/>
<pin id="1482" dir="0" index="1" bw="32" slack="14"/>
<pin id="1483" dir="0" index="2" bw="32" slack="14"/>
<pin id="1484" dir="0" index="3" bw="32" slack="14"/>
<pin id="1485" dir="0" index="4" bw="32" slack="14"/>
<pin id="1486" dir="0" index="5" bw="32" slack="0"/>
<pin id="1487" dir="1" index="6" bw="0" slack="2147483647"/>
</pin_list>
<bind>
<opcode="call(48) " fcode="call"/>
<opset="call_ln12431/15 "/>
</bind>
</comp>

<comp id="1490" class="1004" name="grp_PE_kernel_QKT_1_5_1_fu_1490">
<pin_list>
<pin id="1491" dir="0" index="0" bw="0" slack="0"/>
<pin id="1492" dir="0" index="1" bw="32" slack="14"/>
<pin id="1493" dir="0" index="2" bw="32" slack="14"/>
<pin id="1494" dir="0" index="3" bw="32" slack="14"/>
<pin id="1495" dir="0" index="4" bw="32" slack="14"/>
<pin id="1496" dir="0" index="5" bw="32" slack="0"/>
<pin id="1497" dir="1" index="6" bw="0" slack="2147483647"/>
</pin_list>
<bind>
<opcode="call(48) " fcode="call"/>
<opset="call_ln12466/15 "/>
</bind>
</comp>

<comp id="1500" class="1004" name="grp_PE_kernel_QKT_0_6_1_fu_1500">
<pin_list>
<pin id="1501" dir="0" index="0" bw="0" slack="0"/>
<pin id="1502" dir="0" index="1" bw="32" slack="14"/>
<pin id="1503" dir="0" index="2" bw="32" slack="14"/>
<pin id="1504" dir="0" index="3" bw="32" slack="14"/>
<pin id="1505" dir="0" index="4" bw="32" slack="14"/>
<pin id="1506" dir="0" index="5" bw="32" slack="0"/>
<pin id="1507" dir="1" index="6" bw="0" slack="2147483647"/>
</pin_list>
<bind>
<opcode="call(48) " fcode="call"/>
<opset="call_ln12501/15 "/>
</bind>
</comp>

<comp id="1510" class="1004" name="grp_PE_kernel_QKT_7_0_1_fu_1510">
<pin_list>
<pin id="1511" dir="0" index="0" bw="0" slack="0"/>
<pin id="1512" dir="0" index="1" bw="32" slack="16"/>
<pin id="1513" dir="0" index="2" bw="32" slack="16"/>
<pin id="1514" dir="0" index="3" bw="32" slack="16"/>
<pin id="1515" dir="0" index="4" bw="32" slack="16"/>
<pin id="1516" dir="0" index="5" bw="32" slack="0"/>
<pin id="1517" dir="1" index="6" bw="0" slack="2147483647"/>
</pin_list>
<bind>
<opcode="call(48) " fcode="call"/>
<opset="call_ln12296/17 "/>
</bind>
</comp>

<comp id="1520" class="1004" name="grp_PE_kernel_QKT_6_1_1_fu_1520">
<pin_list>
<pin id="1521" dir="0" index="0" bw="0" slack="0"/>
<pin id="1522" dir="0" index="1" bw="32" slack="16"/>
<pin id="1523" dir="0" index="2" bw="32" slack="16"/>
<pin id="1524" dir="0" index="3" bw="32" slack="16"/>
<pin id="1525" dir="0" index="4" bw="32" slack="16"/>
<pin id="1526" dir="0" index="5" bw="32" slack="0"/>
<pin id="1527" dir="1" index="6" bw="0" slack="2147483647"/>
</pin_list>
<bind>
<opcode="call(48) " fcode="call"/>
<opset="call_ln12331/17 "/>
</bind>
</comp>

<comp id="1530" class="1004" name="grp_PE_kernel_QKT_5_2_1_fu_1530">
<pin_list>
<pin id="1531" dir="0" index="0" bw="0" slack="0"/>
<pin id="1532" dir="0" index="1" bw="32" slack="16"/>
<pin id="1533" dir="0" index="2" bw="32" slack="16"/>
<pin id="1534" dir="0" index="3" bw="32" slack="16"/>
<pin id="1535" dir="0" index="4" bw="32" slack="16"/>
<pin id="1536" dir="0" index="5" bw="32" slack="0"/>
<pin id="1537" dir="1" index="6" bw="0" slack="2147483647"/>
</pin_list>
<bind>
<opcode="call(48) " fcode="call"/>
<opset="call_ln12366/17 "/>
</bind>
</comp>

<comp id="1540" class="1004" name="grp_PE_kernel_QKT_4_3_1_fu_1540">
<pin_list>
<pin id="1541" dir="0" index="0" bw="0" slack="0"/>
<pin id="1542" dir="0" index="1" bw="32" slack="16"/>
<pin id="1543" dir="0" index="2" bw="32" slack="16"/>
<pin id="1544" dir="0" index="3" bw="32" slack="16"/>
<pin id="1545" dir="0" index="4" bw="32" slack="16"/>
<pin id="1546" dir="0" index="5" bw="32" slack="0"/>
<pin id="1547" dir="1" index="6" bw="0" slack="2147483647"/>
</pin_list>
<bind>
<opcode="call(48) " fcode="call"/>
<opset="call_ln12401/17 "/>
</bind>
</comp>

<comp id="1550" class="1004" name="grp_PE_kernel_QKT_3_4_1_fu_1550">
<pin_list>
<pin id="1551" dir="0" index="0" bw="0" slack="0"/>
<pin id="1552" dir="0" index="1" bw="32" slack="16"/>
<pin id="1553" dir="0" index="2" bw="32" slack="16"/>
<pin id="1554" dir="0" index="3" bw="32" slack="16"/>
<pin id="1555" dir="0" index="4" bw="32" slack="16"/>
<pin id="1556" dir="0" index="5" bw="32" slack="0"/>
<pin id="1557" dir="1" index="6" bw="0" slack="2147483647"/>
</pin_list>
<bind>
<opcode="call(48) " fcode="call"/>
<opset="call_ln12436/17 "/>
</bind>
</comp>

<comp id="1560" class="1004" name="grp_PE_kernel_QKT_2_5_1_fu_1560">
<pin_list>
<pin id="1561" dir="0" index="0" bw="0" slack="0"/>
<pin id="1562" dir="0" index="1" bw="32" slack="16"/>
<pin id="1563" dir="0" index="2" bw="32" slack="16"/>
<pin id="1564" dir="0" index="3" bw="32" slack="16"/>
<pin id="1565" dir="0" index="4" bw="32" slack="16"/>
<pin id="1566" dir="0" index="5" bw="32" slack="0"/>
<pin id="1567" dir="1" index="6" bw="0" slack="2147483647"/>
</pin_list>
<bind>
<opcode="call(48) " fcode="call"/>
<opset="call_ln12471/17 "/>
</bind>
</comp>

<comp id="1570" class="1004" name="grp_PE_kernel_QKT_1_6_1_fu_1570">
<pin_list>
<pin id="1571" dir="0" index="0" bw="0" slack="0"/>
<pin id="1572" dir="0" index="1" bw="32" slack="16"/>
<pin id="1573" dir="0" index="2" bw="32" slack="16"/>
<pin id="1574" dir="0" index="3" bw="32" slack="16"/>
<pin id="1575" dir="0" index="4" bw="32" slack="16"/>
<pin id="1576" dir="0" index="5" bw="32" slack="0"/>
<pin id="1577" dir="1" index="6" bw="0" slack="2147483647"/>
</pin_list>
<bind>
<opcode="call(48) " fcode="call"/>
<opset="call_ln12506/17 "/>
</bind>
</comp>

<comp id="1580" class="1004" name="grp_PE_kernel_QKT_0_7_1_fu_1580">
<pin_list>
<pin id="1581" dir="0" index="0" bw="0" slack="0"/>
<pin id="1582" dir="0" index="1" bw="32" slack="16"/>
<pin id="1583" dir="0" index="2" bw="32" slack="16"/>
<pin id="1584" dir="0" index="3" bw="32" slack="16"/>
<pin id="1585" dir="0" index="4" bw="32" slack="16"/>
<pin id="1586" dir="0" index="5" bw="32" slack="0"/>
<pin id="1587" dir="1" index="6" bw="0" slack="2147483647"/>
</pin_list>
<bind>
<opcode="call(48) " fcode="call"/>
<opset="call_ln12541/17 "/>
</bind>
</comp>

<comp id="1590" class="1004" name="grp_PE_kernel_QKT_7_1_1_fu_1590">
<pin_list>
<pin id="1591" dir="0" index="0" bw="0" slack="0"/>
<pin id="1592" dir="0" index="1" bw="32" slack="18"/>
<pin id="1593" dir="0" index="2" bw="32" slack="18"/>
<pin id="1594" dir="0" index="3" bw="32" slack="18"/>
<pin id="1595" dir="0" index="4" bw="32" slack="18"/>
<pin id="1596" dir="0" index="5" bw="32" slack="0"/>
<pin id="1597" dir="1" index="6" bw="0" slack="2147483647"/>
</pin_list>
<bind>
<opcode="call(48) " fcode="call"/>
<opset="call_ln12336/19 "/>
</bind>
</comp>

<comp id="1600" class="1004" name="grp_PE_kernel_QKT_6_2_1_fu_1600">
<pin_list>
<pin id="1601" dir="0" index="0" bw="0" slack="0"/>
<pin id="1602" dir="0" index="1" bw="32" slack="18"/>
<pin id="1603" dir="0" index="2" bw="32" slack="18"/>
<pin id="1604" dir="0" index="3" bw="32" slack="18"/>
<pin id="1605" dir="0" index="4" bw="32" slack="18"/>
<pin id="1606" dir="0" index="5" bw="32" slack="0"/>
<pin id="1607" dir="1" index="6" bw="0" slack="2147483647"/>
</pin_list>
<bind>
<opcode="call(48) " fcode="call"/>
<opset="call_ln12371/19 "/>
</bind>
</comp>

<comp id="1610" class="1004" name="grp_PE_kernel_QKT_5_3_1_fu_1610">
<pin_list>
<pin id="1611" dir="0" index="0" bw="0" slack="0"/>
<pin id="1612" dir="0" index="1" bw="32" slack="18"/>
<pin id="1613" dir="0" index="2" bw="32" slack="18"/>
<pin id="1614" dir="0" index="3" bw="32" slack="18"/>
<pin id="1615" dir="0" index="4" bw="32" slack="18"/>
<pin id="1616" dir="0" index="5" bw="32" slack="0"/>
<pin id="1617" dir="1" index="6" bw="0" slack="2147483647"/>
</pin_list>
<bind>
<opcode="call(48) " fcode="call"/>
<opset="call_ln12406/19 "/>
</bind>
</comp>

<comp id="1620" class="1004" name="grp_PE_kernel_QKT_4_4_1_fu_1620">
<pin_list>
<pin id="1621" dir="0" index="0" bw="0" slack="0"/>
<pin id="1622" dir="0" index="1" bw="32" slack="18"/>
<pin id="1623" dir="0" index="2" bw="32" slack="18"/>
<pin id="1624" dir="0" index="3" bw="32" slack="18"/>
<pin id="1625" dir="0" index="4" bw="32" slack="18"/>
<pin id="1626" dir="0" index="5" bw="32" slack="0"/>
<pin id="1627" dir="1" index="6" bw="0" slack="2147483647"/>
</pin_list>
<bind>
<opcode="call(48) " fcode="call"/>
<opset="call_ln12441/19 "/>
</bind>
</comp>

<comp id="1630" class="1004" name="grp_PE_kernel_QKT_3_5_1_fu_1630">
<pin_list>
<pin id="1631" dir="0" index="0" bw="0" slack="0"/>
<pin id="1632" dir="0" index="1" bw="32" slack="18"/>
<pin id="1633" dir="0" index="2" bw="32" slack="18"/>
<pin id="1634" dir="0" index="3" bw="32" slack="18"/>
<pin id="1635" dir="0" index="4" bw="32" slack="18"/>
<pin id="1636" dir="0" index="5" bw="32" slack="0"/>
<pin id="1637" dir="1" index="6" bw="0" slack="2147483647"/>
</pin_list>
<bind>
<opcode="call(48) " fcode="call"/>
<opset="call_ln12476/19 "/>
</bind>
</comp>

<comp id="1640" class="1004" name="grp_PE_kernel_QKT_2_6_1_fu_1640">
<pin_list>
<pin id="1641" dir="0" index="0" bw="0" slack="0"/>
<pin id="1642" dir="0" index="1" bw="32" slack="18"/>
<pin id="1643" dir="0" index="2" bw="32" slack="18"/>
<pin id="1644" dir="0" index="3" bw="32" slack="18"/>
<pin id="1645" dir="0" index="4" bw="32" slack="18"/>
<pin id="1646" dir="0" index="5" bw="32" slack="0"/>
<pin id="1647" dir="1" index="6" bw="0" slack="2147483647"/>
</pin_list>
<bind>
<opcode="call(48) " fcode="call"/>
<opset="call_ln12511/19 "/>
</bind>
</comp>

<comp id="1650" class="1004" name="grp_PE_kernel_QKT_1_7_1_fu_1650">
<pin_list>
<pin id="1651" dir="0" index="0" bw="0" slack="0"/>
<pin id="1652" dir="0" index="1" bw="32" slack="18"/>
<pin id="1653" dir="0" index="2" bw="32" slack="18"/>
<pin id="1654" dir="0" index="3" bw="32" slack="18"/>
<pin id="1655" dir="0" index="4" bw="32" slack="18"/>
<pin id="1656" dir="0" index="5" bw="32" slack="0"/>
<pin id="1657" dir="1" index="6" bw="0" slack="2147483647"/>
</pin_list>
<bind>
<opcode="call(48) " fcode="call"/>
<opset="call_ln12546/19 "/>
</bind>
</comp>

<comp id="1660" class="1004" name="grp_PE_kernel_QKT_7_2_1_fu_1660">
<pin_list>
<pin id="1661" dir="0" index="0" bw="0" slack="0"/>
<pin id="1662" dir="0" index="1" bw="32" slack="20"/>
<pin id="1663" dir="0" index="2" bw="32" slack="20"/>
<pin id="1664" dir="0" index="3" bw="32" slack="20"/>
<pin id="1665" dir="0" index="4" bw="32" slack="20"/>
<pin id="1666" dir="0" index="5" bw="32" slack="0"/>
<pin id="1667" dir="1" index="6" bw="0" slack="2147483647"/>
</pin_list>
<bind>
<opcode="call(48) " fcode="call"/>
<opset="call_ln12376/21 "/>
</bind>
</comp>

<comp id="1670" class="1004" name="grp_PE_kernel_QKT_6_3_1_fu_1670">
<pin_list>
<pin id="1671" dir="0" index="0" bw="0" slack="0"/>
<pin id="1672" dir="0" index="1" bw="32" slack="20"/>
<pin id="1673" dir="0" index="2" bw="32" slack="20"/>
<pin id="1674" dir="0" index="3" bw="32" slack="20"/>
<pin id="1675" dir="0" index="4" bw="32" slack="20"/>
<pin id="1676" dir="0" index="5" bw="32" slack="0"/>
<pin id="1677" dir="1" index="6" bw="0" slack="2147483647"/>
</pin_list>
<bind>
<opcode="call(48) " fcode="call"/>
<opset="call_ln12411/21 "/>
</bind>
</comp>

<comp id="1680" class="1004" name="grp_PE_kernel_QKT_5_4_1_fu_1680">
<pin_list>
<pin id="1681" dir="0" index="0" bw="0" slack="0"/>
<pin id="1682" dir="0" index="1" bw="32" slack="20"/>
<pin id="1683" dir="0" index="2" bw="32" slack="20"/>
<pin id="1684" dir="0" index="3" bw="32" slack="20"/>
<pin id="1685" dir="0" index="4" bw="32" slack="20"/>
<pin id="1686" dir="0" index="5" bw="32" slack="0"/>
<pin id="1687" dir="1" index="6" bw="0" slack="2147483647"/>
</pin_list>
<bind>
<opcode="call(48) " fcode="call"/>
<opset="call_ln12446/21 "/>
</bind>
</comp>

<comp id="1690" class="1004" name="grp_PE_kernel_QKT_4_5_1_fu_1690">
<pin_list>
<pin id="1691" dir="0" index="0" bw="0" slack="0"/>
<pin id="1692" dir="0" index="1" bw="32" slack="20"/>
<pin id="1693" dir="0" index="2" bw="32" slack="20"/>
<pin id="1694" dir="0" index="3" bw="32" slack="20"/>
<pin id="1695" dir="0" index="4" bw="32" slack="20"/>
<pin id="1696" dir="0" index="5" bw="32" slack="0"/>
<pin id="1697" dir="1" index="6" bw="0" slack="2147483647"/>
</pin_list>
<bind>
<opcode="call(48) " fcode="call"/>
<opset="call_ln12481/21 "/>
</bind>
</comp>

<comp id="1700" class="1004" name="grp_PE_kernel_QKT_3_6_1_fu_1700">
<pin_list>
<pin id="1701" dir="0" index="0" bw="0" slack="0"/>
<pin id="1702" dir="0" index="1" bw="32" slack="20"/>
<pin id="1703" dir="0" index="2" bw="32" slack="20"/>
<pin id="1704" dir="0" index="3" bw="32" slack="20"/>
<pin id="1705" dir="0" index="4" bw="32" slack="20"/>
<pin id="1706" dir="0" index="5" bw="32" slack="0"/>
<pin id="1707" dir="1" index="6" bw="0" slack="2147483647"/>
</pin_list>
<bind>
<opcode="call(48) " fcode="call"/>
<opset="call_ln12516/21 "/>
</bind>
</comp>

<comp id="1710" class="1004" name="grp_PE_kernel_QKT_2_7_1_fu_1710">
<pin_list>
<pin id="1711" dir="0" index="0" bw="0" slack="0"/>
<pin id="1712" dir="0" index="1" bw="32" slack="20"/>
<pin id="1713" dir="0" index="2" bw="32" slack="20"/>
<pin id="1714" dir="0" index="3" bw="32" slack="20"/>
<pin id="1715" dir="0" index="4" bw="32" slack="20"/>
<pin id="1716" dir="0" index="5" bw="32" slack="0"/>
<pin id="1717" dir="1" index="6" bw="0" slack="2147483647"/>
</pin_list>
<bind>
<opcode="call(48) " fcode="call"/>
<opset="call_ln12551/21 "/>
</bind>
</comp>

<comp id="1720" class="1004" name="grp_PE_kernel_QKT_7_3_1_fu_1720">
<pin_list>
<pin id="1721" dir="0" index="0" bw="0" slack="0"/>
<pin id="1722" dir="0" index="1" bw="32" slack="22"/>
<pin id="1723" dir="0" index="2" bw="32" slack="22"/>
<pin id="1724" dir="0" index="3" bw="32" slack="22"/>
<pin id="1725" dir="0" index="4" bw="32" slack="22"/>
<pin id="1726" dir="0" index="5" bw="32" slack="0"/>
<pin id="1727" dir="1" index="6" bw="0" slack="2147483647"/>
</pin_list>
<bind>
<opcode="call(48) " fcode="call"/>
<opset="call_ln12416/23 "/>
</bind>
</comp>

<comp id="1730" class="1004" name="grp_PE_kernel_QKT_6_4_1_fu_1730">
<pin_list>
<pin id="1731" dir="0" index="0" bw="0" slack="0"/>
<pin id="1732" dir="0" index="1" bw="32" slack="22"/>
<pin id="1733" dir="0" index="2" bw="32" slack="22"/>
<pin id="1734" dir="0" index="3" bw="32" slack="22"/>
<pin id="1735" dir="0" index="4" bw="32" slack="22"/>
<pin id="1736" dir="0" index="5" bw="32" slack="0"/>
<pin id="1737" dir="1" index="6" bw="0" slack="2147483647"/>
</pin_list>
<bind>
<opcode="call(48) " fcode="call"/>
<opset="call_ln12451/23 "/>
</bind>
</comp>

<comp id="1740" class="1004" name="grp_PE_kernel_QKT_5_5_1_fu_1740">
<pin_list>
<pin id="1741" dir="0" index="0" bw="0" slack="0"/>
<pin id="1742" dir="0" index="1" bw="32" slack="22"/>
<pin id="1743" dir="0" index="2" bw="32" slack="22"/>
<pin id="1744" dir="0" index="3" bw="32" slack="22"/>
<pin id="1745" dir="0" index="4" bw="32" slack="22"/>
<pin id="1746" dir="0" index="5" bw="32" slack="0"/>
<pin id="1747" dir="1" index="6" bw="0" slack="2147483647"/>
</pin_list>
<bind>
<opcode="call(48) " fcode="call"/>
<opset="call_ln12486/23 "/>
</bind>
</comp>

<comp id="1750" class="1004" name="grp_PE_kernel_QKT_4_6_1_fu_1750">
<pin_list>
<pin id="1751" dir="0" index="0" bw="0" slack="0"/>
<pin id="1752" dir="0" index="1" bw="32" slack="22"/>
<pin id="1753" dir="0" index="2" bw="32" slack="22"/>
<pin id="1754" dir="0" index="3" bw="32" slack="22"/>
<pin id="1755" dir="0" index="4" bw="32" slack="22"/>
<pin id="1756" dir="0" index="5" bw="32" slack="0"/>
<pin id="1757" dir="1" index="6" bw="0" slack="2147483647"/>
</pin_list>
<bind>
<opcode="call(48) " fcode="call"/>
<opset="call_ln12521/23 "/>
</bind>
</comp>

<comp id="1760" class="1004" name="grp_PE_kernel_QKT_3_7_1_fu_1760">
<pin_list>
<pin id="1761" dir="0" index="0" bw="0" slack="0"/>
<pin id="1762" dir="0" index="1" bw="32" slack="22"/>
<pin id="1763" dir="0" index="2" bw="32" slack="22"/>
<pin id="1764" dir="0" index="3" bw="32" slack="22"/>
<pin id="1765" dir="0" index="4" bw="32" slack="22"/>
<pin id="1766" dir="0" index="5" bw="32" slack="0"/>
<pin id="1767" dir="1" index="6" bw="0" slack="2147483647"/>
</pin_list>
<bind>
<opcode="call(48) " fcode="call"/>
<opset="call_ln12556/23 "/>
</bind>
</comp>

<comp id="1770" class="1004" name="grp_PE_kernel_QKT_7_4_1_fu_1770">
<pin_list>
<pin id="1771" dir="0" index="0" bw="0" slack="0"/>
<pin id="1772" dir="0" index="1" bw="32" slack="24"/>
<pin id="1773" dir="0" index="2" bw="32" slack="24"/>
<pin id="1774" dir="0" index="3" bw="32" slack="24"/>
<pin id="1775" dir="0" index="4" bw="32" slack="24"/>
<pin id="1776" dir="0" index="5" bw="32" slack="0"/>
<pin id="1777" dir="1" index="6" bw="0" slack="2147483647"/>
</pin_list>
<bind>
<opcode="call(48) " fcode="call"/>
<opset="call_ln12456/25 "/>
</bind>
</comp>

<comp id="1780" class="1004" name="grp_PE_kernel_QKT_6_5_1_fu_1780">
<pin_list>
<pin id="1781" dir="0" index="0" bw="0" slack="0"/>
<pin id="1782" dir="0" index="1" bw="32" slack="24"/>
<pin id="1783" dir="0" index="2" bw="32" slack="24"/>
<pin id="1784" dir="0" index="3" bw="32" slack="24"/>
<pin id="1785" dir="0" index="4" bw="32" slack="24"/>
<pin id="1786" dir="0" index="5" bw="32" slack="0"/>
<pin id="1787" dir="1" index="6" bw="0" slack="2147483647"/>
</pin_list>
<bind>
<opcode="call(48) " fcode="call"/>
<opset="call_ln12491/25 "/>
</bind>
</comp>

<comp id="1790" class="1004" name="grp_PE_kernel_QKT_5_6_1_fu_1790">
<pin_list>
<pin id="1791" dir="0" index="0" bw="0" slack="0"/>
<pin id="1792" dir="0" index="1" bw="32" slack="24"/>
<pin id="1793" dir="0" index="2" bw="32" slack="24"/>
<pin id="1794" dir="0" index="3" bw="32" slack="24"/>
<pin id="1795" dir="0" index="4" bw="32" slack="24"/>
<pin id="1796" dir="0" index="5" bw="32" slack="0"/>
<pin id="1797" dir="1" index="6" bw="0" slack="2147483647"/>
</pin_list>
<bind>
<opcode="call(48) " fcode="call"/>
<opset="call_ln12526/25 "/>
</bind>
</comp>

<comp id="1800" class="1004" name="grp_PE_kernel_QKT_4_7_1_fu_1800">
<pin_list>
<pin id="1801" dir="0" index="0" bw="0" slack="0"/>
<pin id="1802" dir="0" index="1" bw="32" slack="24"/>
<pin id="1803" dir="0" index="2" bw="32" slack="24"/>
<pin id="1804" dir="0" index="3" bw="32" slack="24"/>
<pin id="1805" dir="0" index="4" bw="32" slack="24"/>
<pin id="1806" dir="0" index="5" bw="32" slack="0"/>
<pin id="1807" dir="1" index="6" bw="0" slack="2147483647"/>
</pin_list>
<bind>
<opcode="call(48) " fcode="call"/>
<opset="call_ln12561/25 "/>
</bind>
</comp>

<comp id="1810" class="1004" name="grp_PE_kernel_QKT_7_5_1_fu_1810">
<pin_list>
<pin id="1811" dir="0" index="0" bw="0" slack="0"/>
<pin id="1812" dir="0" index="1" bw="32" slack="26"/>
<pin id="1813" dir="0" index="2" bw="32" slack="26"/>
<pin id="1814" dir="0" index="3" bw="32" slack="26"/>
<pin id="1815" dir="0" index="4" bw="32" slack="26"/>
<pin id="1816" dir="0" index="5" bw="32" slack="0"/>
<pin id="1817" dir="1" index="6" bw="0" slack="2147483647"/>
</pin_list>
<bind>
<opcode="call(48) " fcode="call"/>
<opset="call_ln12496/27 "/>
</bind>
</comp>

<comp id="1820" class="1004" name="grp_PE_kernel_QKT_6_6_1_fu_1820">
<pin_list>
<pin id="1821" dir="0" index="0" bw="0" slack="0"/>
<pin id="1822" dir="0" index="1" bw="32" slack="26"/>
<pin id="1823" dir="0" index="2" bw="32" slack="26"/>
<pin id="1824" dir="0" index="3" bw="32" slack="26"/>
<pin id="1825" dir="0" index="4" bw="32" slack="26"/>
<pin id="1826" dir="0" index="5" bw="32" slack="0"/>
<pin id="1827" dir="1" index="6" bw="0" slack="2147483647"/>
</pin_list>
<bind>
<opcode="call(48) " fcode="call"/>
<opset="call_ln12531/27 "/>
</bind>
</comp>

<comp id="1830" class="1004" name="grp_PE_kernel_QKT_5_7_1_fu_1830">
<pin_list>
<pin id="1831" dir="0" index="0" bw="0" slack="0"/>
<pin id="1832" dir="0" index="1" bw="32" slack="26"/>
<pin id="1833" dir="0" index="2" bw="32" slack="26"/>
<pin id="1834" dir="0" index="3" bw="32" slack="26"/>
<pin id="1835" dir="0" index="4" bw="32" slack="26"/>
<pin id="1836" dir="0" index="5" bw="32" slack="0"/>
<pin id="1837" dir="1" index="6" bw="0" slack="2147483647"/>
</pin_list>
<bind>
<opcode="call(48) " fcode="call"/>
<opset="call_ln12566/27 "/>
</bind>
</comp>

<comp id="1840" class="1004" name="grp_PE_kernel_QKT_7_6_1_fu_1840">
<pin_list>
<pin id="1841" dir="0" index="0" bw="0" slack="0"/>
<pin id="1842" dir="0" index="1" bw="32" slack="28"/>
<pin id="1843" dir="0" index="2" bw="32" slack="28"/>
<pin id="1844" dir="0" index="3" bw="32" slack="28"/>
<pin id="1845" dir="0" index="4" bw="32" slack="28"/>
<pin id="1846" dir="0" index="5" bw="32" slack="0"/>
<pin id="1847" dir="1" index="6" bw="0" slack="2147483647"/>
</pin_list>
<bind>
<opcode="call(48) " fcode="call"/>
<opset="call_ln12536/29 "/>
</bind>
</comp>

<comp id="1850" class="1004" name="grp_PE_kernel_QKT_6_7_1_fu_1850">
<pin_list>
<pin id="1851" dir="0" index="0" bw="0" slack="0"/>
<pin id="1852" dir="0" index="1" bw="32" slack="28"/>
<pin id="1853" dir="0" index="2" bw="32" slack="28"/>
<pin id="1854" dir="0" index="3" bw="32" slack="28"/>
<pin id="1855" dir="0" index="4" bw="32" slack="28"/>
<pin id="1856" dir="0" index="5" bw="32" slack="0"/>
<pin id="1857" dir="1" index="6" bw="0" slack="2147483647"/>
</pin_list>
<bind>
<opcode="call(48) " fcode="call"/>
<opset="call_ln12571/29 "/>
</bind>
</comp>

<comp id="1860" class="1004" name="grp_PE_kernel_QKT_7_7_1_fu_1860">
<pin_list>
<pin id="1861" dir="0" index="0" bw="0" slack="0"/>
<pin id="1862" dir="0" index="1" bw="32" slack="30"/>
<pin id="1863" dir="0" index="2" bw="32" slack="30"/>
<pin id="1864" dir="0" index="3" bw="32" slack="30"/>
<pin id="1865" dir="0" index="4" bw="32" slack="30"/>
<pin id="1866" dir="0" index="5" bw="32" slack="0"/>
<pin id="1867" dir="1" index="6" bw="0" slack="2147483647"/>
</pin_list>
<bind>
<opcode="call(48) " fcode="call"/>
<opset="call_ln12576/31 "/>
</bind>
</comp>

<comp id="1870" class="1004" name="grp_systolic_tile_QKT_Loop_l_data_drain_k273_proc27_fu_1870">
<pin_list>
<pin id="1871" dir="0" index="0" bw="0" slack="0"/>
<pin id="1872" dir="0" index="1" bw="32" slack="32"/>
<pin id="1873" dir="0" index="2" bw="32" slack="32"/>
<pin id="1874" dir="0" index="3" bw="32" slack="32"/>
<pin id="1875" dir="0" index="4" bw="32" slack="32"/>
<pin id="1876" dir="0" index="5" bw="32" slack="32"/>
<pin id="1877" dir="0" index="6" bw="32" slack="32"/>
<pin id="1878" dir="0" index="7" bw="32" slack="32"/>
<pin id="1879" dir="0" index="8" bw="32" slack="32"/>
<pin id="1880" dir="0" index="9" bw="32" slack="32"/>
<pin id="1881" dir="0" index="10" bw="32" slack="32"/>
<pin id="1882" dir="0" index="11" bw="32" slack="32"/>
<pin id="1883" dir="0" index="12" bw="32" slack="32"/>
<pin id="1884" dir="0" index="13" bw="32" slack="32"/>
<pin id="1885" dir="0" index="14" bw="32" slack="32"/>
<pin id="1886" dir="0" index="15" bw="32" slack="32"/>
<pin id="1887" dir="0" index="16" bw="32" slack="32"/>
<pin id="1888" dir="1" index="17" bw="0" slack="2147483647"/>
</pin_list>
<bind>
<opcode="call(48) " fcode="call"/>
<opset="call_ln0/33 "/>
</bind>
</comp>

<comp id="1890" class="1005" name="A_fifo4_reg_1890">
<pin_list>
<pin id="1891" dir="0" index="0" bw="32" slack="0"/>
<pin id="1892" dir="1" index="1" bw="32" slack="0"/>
</pin_list>
<bind>
<opset="A_fifo4 "/>
</bind>
</comp>

<comp id="1896" class="1005" name="A_fifo4_1_reg_1896">
<pin_list>
<pin id="1897" dir="0" index="0" bw="32" slack="2"/>
<pin id="1898" dir="1" index="1" bw="32" slack="2"/>
</pin_list>
<bind>
<opset="A_fifo4_1 "/>
</bind>
</comp>

<comp id="1902" class="1005" name="A_fifo4_2_reg_1902">
<pin_list>
<pin id="1903" dir="0" index="0" bw="32" slack="4"/>
<pin id="1904" dir="1" index="1" bw="32" slack="4"/>
</pin_list>
<bind>
<opset="A_fifo4_2 "/>
</bind>
</comp>

<comp id="1908" class="1005" name="A_fifo4_3_reg_1908">
<pin_list>
<pin id="1909" dir="0" index="0" bw="32" slack="6"/>
<pin id="1910" dir="1" index="1" bw="32" slack="6"/>
</pin_list>
<bind>
<opset="A_fifo4_3 "/>
</bind>
</comp>

<comp id="1914" class="1005" name="A_fifo4_4_reg_1914">
<pin_list>
<pin id="1915" dir="0" index="0" bw="32" slack="8"/>
<pin id="1916" dir="1" index="1" bw="32" slack="8"/>
</pin_list>
<bind>
<opset="A_fifo4_4 "/>
</bind>
</comp>

<comp id="1920" class="1005" name="A_fifo4_5_reg_1920">
<pin_list>
<pin id="1921" dir="0" index="0" bw="32" slack="10"/>
<pin id="1922" dir="1" index="1" bw="32" slack="10"/>
</pin_list>
<bind>
<opset="A_fifo4_5 "/>
</bind>
</comp>

<comp id="1926" class="1005" name="A_fifo4_6_reg_1926">
<pin_list>
<pin id="1927" dir="0" index="0" bw="32" slack="12"/>
<pin id="1928" dir="1" index="1" bw="32" slack="12"/>
</pin_list>
<bind>
<opset="A_fifo4_6 "/>
</bind>
</comp>

<comp id="1932" class="1005" name="A_fifo4_7_reg_1932">
<pin_list>
<pin id="1933" dir="0" index="0" bw="32" slack="14"/>
<pin id="1934" dir="1" index="1" bw="32" slack="14"/>
</pin_list>
<bind>
<opset="A_fifo4_7 "/>
</bind>
</comp>

<comp id="1938" class="1005" name="A_fifo4_8_reg_1938">
<pin_list>
<pin id="1939" dir="0" index="0" bw="32" slack="16"/>
<pin id="1940" dir="1" index="1" bw="32" slack="16"/>
</pin_list>
<bind>
<opset="A_fifo4_8 "/>
</bind>
</comp>

<comp id="1944" class="1005" name="A_fifo4_9_reg_1944">
<pin_list>
<pin id="1945" dir="0" index="0" bw="32" slack="0"/>
<pin id="1946" dir="1" index="1" bw="32" slack="0"/>
</pin_list>
<bind>
<opset="A_fifo4_9 "/>
</bind>
</comp>

<comp id="1950" class="1005" name="A_fifo4_10_reg_1950">
<pin_list>
<pin id="1951" dir="0" index="0" bw="32" slack="4"/>
<pin id="1952" dir="1" index="1" bw="32" slack="4"/>
</pin_list>
<bind>
<opset="A_fifo4_10 "/>
</bind>
</comp>

<comp id="1956" class="1005" name="A_fifo4_11_reg_1956">
<pin_list>
<pin id="1957" dir="0" index="0" bw="32" slack="6"/>
<pin id="1958" dir="1" index="1" bw="32" slack="6"/>
</pin_list>
<bind>
<opset="A_fifo4_11 "/>
</bind>
</comp>

<comp id="1962" class="1005" name="A_fifo4_12_reg_1962">
<pin_list>
<pin id="1963" dir="0" index="0" bw="32" slack="8"/>
<pin id="1964" dir="1" index="1" bw="32" slack="8"/>
</pin_list>
<bind>
<opset="A_fifo4_12 "/>
</bind>
</comp>

<comp id="1968" class="1005" name="A_fifo4_13_reg_1968">
<pin_list>
<pin id="1969" dir="0" index="0" bw="32" slack="10"/>
<pin id="1970" dir="1" index="1" bw="32" slack="10"/>
</pin_list>
<bind>
<opset="A_fifo4_13 "/>
</bind>
</comp>

<comp id="1974" class="1005" name="A_fifo4_14_reg_1974">
<pin_list>
<pin id="1975" dir="0" index="0" bw="32" slack="12"/>
<pin id="1976" dir="1" index="1" bw="32" slack="12"/>
</pin_list>
<bind>
<opset="A_fifo4_14 "/>
</bind>
</comp>

<comp id="1980" class="1005" name="A_fifo4_15_reg_1980">
<pin_list>
<pin id="1981" dir="0" index="0" bw="32" slack="14"/>
<pin id="1982" dir="1" index="1" bw="32" slack="14"/>
</pin_list>
<bind>
<opset="A_fifo4_15 "/>
</bind>
</comp>

<comp id="1986" class="1005" name="A_fifo4_16_reg_1986">
<pin_list>
<pin id="1987" dir="0" index="0" bw="32" slack="16"/>
<pin id="1988" dir="1" index="1" bw="32" slack="16"/>
</pin_list>
<bind>
<opset="A_fifo4_16 "/>
</bind>
</comp>

<comp id="1992" class="1005" name="A_fifo4_17_reg_1992">
<pin_list>
<pin id="1993" dir="0" index="0" bw="32" slack="18"/>
<pin id="1994" dir="1" index="1" bw="32" slack="18"/>
</pin_list>
<bind>
<opset="A_fifo4_17 "/>
</bind>
</comp>

<comp id="1998" class="1005" name="A_fifo4_18_reg_1998">
<pin_list>
<pin id="1999" dir="0" index="0" bw="32" slack="0"/>
<pin id="2000" dir="1" index="1" bw="32" slack="0"/>
</pin_list>
<bind>
<opset="A_fifo4_18 "/>
</bind>
</comp>

<comp id="2004" class="1005" name="A_fifo4_19_reg_2004">
<pin_list>
<pin id="2005" dir="0" index="0" bw="32" slack="6"/>
<pin id="2006" dir="1" index="1" bw="32" slack="6"/>
</pin_list>
<bind>
<opset="A_fifo4_19 "/>
</bind>
</comp>

<comp id="2010" class="1005" name="A_fifo4_20_reg_2010">
<pin_list>
<pin id="2011" dir="0" index="0" bw="32" slack="8"/>
<pin id="2012" dir="1" index="1" bw="32" slack="8"/>
</pin_list>
<bind>
<opset="A_fifo4_20 "/>
</bind>
</comp>

<comp id="2016" class="1005" name="A_fifo4_21_reg_2016">
<pin_list>
<pin id="2017" dir="0" index="0" bw="32" slack="10"/>
<pin id="2018" dir="1" index="1" bw="32" slack="10"/>
</pin_list>
<bind>
<opset="A_fifo4_21 "/>
</bind>
</comp>

<comp id="2022" class="1005" name="A_fifo4_22_reg_2022">
<pin_list>
<pin id="2023" dir="0" index="0" bw="32" slack="12"/>
<pin id="2024" dir="1" index="1" bw="32" slack="12"/>
</pin_list>
<bind>
<opset="A_fifo4_22 "/>
</bind>
</comp>

<comp id="2028" class="1005" name="A_fifo4_23_reg_2028">
<pin_list>
<pin id="2029" dir="0" index="0" bw="32" slack="14"/>
<pin id="2030" dir="1" index="1" bw="32" slack="14"/>
</pin_list>
<bind>
<opset="A_fifo4_23 "/>
</bind>
</comp>

<comp id="2034" class="1005" name="A_fifo4_24_reg_2034">
<pin_list>
<pin id="2035" dir="0" index="0" bw="32" slack="16"/>
<pin id="2036" dir="1" index="1" bw="32" slack="16"/>
</pin_list>
<bind>
<opset="A_fifo4_24 "/>
</bind>
</comp>

<comp id="2040" class="1005" name="A_fifo4_25_reg_2040">
<pin_list>
<pin id="2041" dir="0" index="0" bw="32" slack="18"/>
<pin id="2042" dir="1" index="1" bw="32" slack="18"/>
</pin_list>
<bind>
<opset="A_fifo4_25 "/>
</bind>
</comp>

<comp id="2046" class="1005" name="A_fifo4_26_reg_2046">
<pin_list>
<pin id="2047" dir="0" index="0" bw="32" slack="20"/>
<pin id="2048" dir="1" index="1" bw="32" slack="20"/>
</pin_list>
<bind>
<opset="A_fifo4_26 "/>
</bind>
</comp>

<comp id="2052" class="1005" name="A_fifo4_27_reg_2052">
<pin_list>
<pin id="2053" dir="0" index="0" bw="32" slack="0"/>
<pin id="2054" dir="1" index="1" bw="32" slack="0"/>
</pin_list>
<bind>
<opset="A_fifo4_27 "/>
</bind>
</comp>

<comp id="2058" class="1005" name="A_fifo4_28_reg_2058">
<pin_list>
<pin id="2059" dir="0" index="0" bw="32" slack="8"/>
<pin id="2060" dir="1" index="1" bw="32" slack="8"/>
</pin_list>
<bind>
<opset="A_fifo4_28 "/>
</bind>
</comp>

<comp id="2064" class="1005" name="A_fifo4_29_reg_2064">
<pin_list>
<pin id="2065" dir="0" index="0" bw="32" slack="10"/>
<pin id="2066" dir="1" index="1" bw="32" slack="10"/>
</pin_list>
<bind>
<opset="A_fifo4_29 "/>
</bind>
</comp>

<comp id="2070" class="1005" name="A_fifo4_30_reg_2070">
<pin_list>
<pin id="2071" dir="0" index="0" bw="32" slack="12"/>
<pin id="2072" dir="1" index="1" bw="32" slack="12"/>
</pin_list>
<bind>
<opset="A_fifo4_30 "/>
</bind>
</comp>

<comp id="2076" class="1005" name="A_fifo4_31_reg_2076">
<pin_list>
<pin id="2077" dir="0" index="0" bw="32" slack="14"/>
<pin id="2078" dir="1" index="1" bw="32" slack="14"/>
</pin_list>
<bind>
<opset="A_fifo4_31 "/>
</bind>
</comp>

<comp id="2082" class="1005" name="A_fifo4_32_reg_2082">
<pin_list>
<pin id="2083" dir="0" index="0" bw="32" slack="16"/>
<pin id="2084" dir="1" index="1" bw="32" slack="16"/>
</pin_list>
<bind>
<opset="A_fifo4_32 "/>
</bind>
</comp>

<comp id="2088" class="1005" name="A_fifo4_33_reg_2088">
<pin_list>
<pin id="2089" dir="0" index="0" bw="32" slack="18"/>
<pin id="2090" dir="1" index="1" bw="32" slack="18"/>
</pin_list>
<bind>
<opset="A_fifo4_33 "/>
</bind>
</comp>

<comp id="2094" class="1005" name="A_fifo4_34_reg_2094">
<pin_list>
<pin id="2095" dir="0" index="0" bw="32" slack="20"/>
<pin id="2096" dir="1" index="1" bw="32" slack="20"/>
</pin_list>
<bind>
<opset="A_fifo4_34 "/>
</bind>
</comp>

<comp id="2100" class="1005" name="A_fifo4_35_reg_2100">
<pin_list>
<pin id="2101" dir="0" index="0" bw="32" slack="22"/>
<pin id="2102" dir="1" index="1" bw="32" slack="22"/>
</pin_list>
<bind>
<opset="A_fifo4_35 "/>
</bind>
</comp>

<comp id="2106" class="1005" name="A_fifo4_36_reg_2106">
<pin_list>
<pin id="2107" dir="0" index="0" bw="32" slack="0"/>
<pin id="2108" dir="1" index="1" bw="32" slack="0"/>
</pin_list>
<bind>
<opset="A_fifo4_36 "/>
</bind>
</comp>

<comp id="2112" class="1005" name="A_fifo4_37_reg_2112">
<pin_list>
<pin id="2113" dir="0" index="0" bw="32" slack="10"/>
<pin id="2114" dir="1" index="1" bw="32" slack="10"/>
</pin_list>
<bind>
<opset="A_fifo4_37 "/>
</bind>
</comp>

<comp id="2118" class="1005" name="A_fifo4_38_reg_2118">
<pin_list>
<pin id="2119" dir="0" index="0" bw="32" slack="12"/>
<pin id="2120" dir="1" index="1" bw="32" slack="12"/>
</pin_list>
<bind>
<opset="A_fifo4_38 "/>
</bind>
</comp>

<comp id="2124" class="1005" name="A_fifo4_39_reg_2124">
<pin_list>
<pin id="2125" dir="0" index="0" bw="32" slack="14"/>
<pin id="2126" dir="1" index="1" bw="32" slack="14"/>
</pin_list>
<bind>
<opset="A_fifo4_39 "/>
</bind>
</comp>

<comp id="2130" class="1005" name="A_fifo4_40_reg_2130">
<pin_list>
<pin id="2131" dir="0" index="0" bw="32" slack="16"/>
<pin id="2132" dir="1" index="1" bw="32" slack="16"/>
</pin_list>
<bind>
<opset="A_fifo4_40 "/>
</bind>
</comp>

<comp id="2136" class="1005" name="A_fifo4_41_reg_2136">
<pin_list>
<pin id="2137" dir="0" index="0" bw="32" slack="18"/>
<pin id="2138" dir="1" index="1" bw="32" slack="18"/>
</pin_list>
<bind>
<opset="A_fifo4_41 "/>
</bind>
</comp>

<comp id="2142" class="1005" name="A_fifo4_42_reg_2142">
<pin_list>
<pin id="2143" dir="0" index="0" bw="32" slack="20"/>
<pin id="2144" dir="1" index="1" bw="32" slack="20"/>
</pin_list>
<bind>
<opset="A_fifo4_42 "/>
</bind>
</comp>

<comp id="2148" class="1005" name="A_fifo4_43_reg_2148">
<pin_list>
<pin id="2149" dir="0" index="0" bw="32" slack="22"/>
<pin id="2150" dir="1" index="1" bw="32" slack="22"/>
</pin_list>
<bind>
<opset="A_fifo4_43 "/>
</bind>
</comp>

<comp id="2154" class="1005" name="A_fifo4_44_reg_2154">
<pin_list>
<pin id="2155" dir="0" index="0" bw="32" slack="24"/>
<pin id="2156" dir="1" index="1" bw="32" slack="24"/>
</pin_list>
<bind>
<opset="A_fifo4_44 "/>
</bind>
</comp>

<comp id="2160" class="1005" name="A_fifo4_45_reg_2160">
<pin_list>
<pin id="2161" dir="0" index="0" bw="32" slack="0"/>
<pin id="2162" dir="1" index="1" bw="32" slack="0"/>
</pin_list>
<bind>
<opset="A_fifo4_45 "/>
</bind>
</comp>

<comp id="2166" class="1005" name="A_fifo4_46_reg_2166">
<pin_list>
<pin id="2167" dir="0" index="0" bw="32" slack="12"/>
<pin id="2168" dir="1" index="1" bw="32" slack="12"/>
</pin_list>
<bind>
<opset="A_fifo4_46 "/>
</bind>
</comp>

<comp id="2172" class="1005" name="A_fifo4_47_reg_2172">
<pin_list>
<pin id="2173" dir="0" index="0" bw="32" slack="14"/>
<pin id="2174" dir="1" index="1" bw="32" slack="14"/>
</pin_list>
<bind>
<opset="A_fifo4_47 "/>
</bind>
</comp>

<comp id="2178" class="1005" name="A_fifo4_48_reg_2178">
<pin_list>
<pin id="2179" dir="0" index="0" bw="32" slack="16"/>
<pin id="2180" dir="1" index="1" bw="32" slack="16"/>
</pin_list>
<bind>
<opset="A_fifo4_48 "/>
</bind>
</comp>

<comp id="2184" class="1005" name="A_fifo4_49_reg_2184">
<pin_list>
<pin id="2185" dir="0" index="0" bw="32" slack="18"/>
<pin id="2186" dir="1" index="1" bw="32" slack="18"/>
</pin_list>
<bind>
<opset="A_fifo4_49 "/>
</bind>
</comp>

<comp id="2190" class="1005" name="A_fifo4_50_reg_2190">
<pin_list>
<pin id="2191" dir="0" index="0" bw="32" slack="20"/>
<pin id="2192" dir="1" index="1" bw="32" slack="20"/>
</pin_list>
<bind>
<opset="A_fifo4_50 "/>
</bind>
</comp>

<comp id="2196" class="1005" name="A_fifo4_51_reg_2196">
<pin_list>
<pin id="2197" dir="0" index="0" bw="32" slack="22"/>
<pin id="2198" dir="1" index="1" bw="32" slack="22"/>
</pin_list>
<bind>
<opset="A_fifo4_51 "/>
</bind>
</comp>

<comp id="2202" class="1005" name="A_fifo4_52_reg_2202">
<pin_list>
<pin id="2203" dir="0" index="0" bw="32" slack="24"/>
<pin id="2204" dir="1" index="1" bw="32" slack="24"/>
</pin_list>
<bind>
<opset="A_fifo4_52 "/>
</bind>
</comp>

<comp id="2208" class="1005" name="A_fifo4_53_reg_2208">
<pin_list>
<pin id="2209" dir="0" index="0" bw="32" slack="26"/>
<pin id="2210" dir="1" index="1" bw="32" slack="26"/>
</pin_list>
<bind>
<opset="A_fifo4_53 "/>
</bind>
</comp>

<comp id="2214" class="1005" name="A_fifo4_54_reg_2214">
<pin_list>
<pin id="2215" dir="0" index="0" bw="32" slack="0"/>
<pin id="2216" dir="1" index="1" bw="32" slack="0"/>
</pin_list>
<bind>
<opset="A_fifo4_54 "/>
</bind>
</comp>

<comp id="2220" class="1005" name="A_fifo4_55_reg_2220">
<pin_list>
<pin id="2221" dir="0" index="0" bw="32" slack="14"/>
<pin id="2222" dir="1" index="1" bw="32" slack="14"/>
</pin_list>
<bind>
<opset="A_fifo4_55 "/>
</bind>
</comp>

<comp id="2226" class="1005" name="A_fifo4_56_reg_2226">
<pin_list>
<pin id="2227" dir="0" index="0" bw="32" slack="16"/>
<pin id="2228" dir="1" index="1" bw="32" slack="16"/>
</pin_list>
<bind>
<opset="A_fifo4_56 "/>
</bind>
</comp>

<comp id="2232" class="1005" name="A_fifo4_57_reg_2232">
<pin_list>
<pin id="2233" dir="0" index="0" bw="32" slack="18"/>
<pin id="2234" dir="1" index="1" bw="32" slack="18"/>
</pin_list>
<bind>
<opset="A_fifo4_57 "/>
</bind>
</comp>

<comp id="2238" class="1005" name="A_fifo4_58_reg_2238">
<pin_list>
<pin id="2239" dir="0" index="0" bw="32" slack="20"/>
<pin id="2240" dir="1" index="1" bw="32" slack="20"/>
</pin_list>
<bind>
<opset="A_fifo4_58 "/>
</bind>
</comp>

<comp id="2244" class="1005" name="A_fifo4_59_reg_2244">
<pin_list>
<pin id="2245" dir="0" index="0" bw="32" slack="22"/>
<pin id="2246" dir="1" index="1" bw="32" slack="22"/>
</pin_list>
<bind>
<opset="A_fifo4_59 "/>
</bind>
</comp>

<comp id="2250" class="1005" name="A_fifo4_60_reg_2250">
<pin_list>
<pin id="2251" dir="0" index="0" bw="32" slack="24"/>
<pin id="2252" dir="1" index="1" bw="32" slack="24"/>
</pin_list>
<bind>
<opset="A_fifo4_60 "/>
</bind>
</comp>

<comp id="2256" class="1005" name="A_fifo4_61_reg_2256">
<pin_list>
<pin id="2257" dir="0" index="0" bw="32" slack="26"/>
<pin id="2258" dir="1" index="1" bw="32" slack="26"/>
</pin_list>
<bind>
<opset="A_fifo4_61 "/>
</bind>
</comp>

<comp id="2262" class="1005" name="A_fifo4_62_reg_2262">
<pin_list>
<pin id="2263" dir="0" index="0" bw="32" slack="28"/>
<pin id="2264" dir="1" index="1" bw="32" slack="28"/>
</pin_list>
<bind>
<opset="A_fifo4_62 "/>
</bind>
</comp>

<comp id="2268" class="1005" name="A_fifo4_63_reg_2268">
<pin_list>
<pin id="2269" dir="0" index="0" bw="32" slack="0"/>
<pin id="2270" dir="1" index="1" bw="32" slack="0"/>
</pin_list>
<bind>
<opset="A_fifo4_63 "/>
</bind>
</comp>

<comp id="2274" class="1005" name="A_fifo4_64_reg_2274">
<pin_list>
<pin id="2275" dir="0" index="0" bw="32" slack="16"/>
<pin id="2276" dir="1" index="1" bw="32" slack="16"/>
</pin_list>
<bind>
<opset="A_fifo4_64 "/>
</bind>
</comp>

<comp id="2280" class="1005" name="A_fifo4_65_reg_2280">
<pin_list>
<pin id="2281" dir="0" index="0" bw="32" slack="18"/>
<pin id="2282" dir="1" index="1" bw="32" slack="18"/>
</pin_list>
<bind>
<opset="A_fifo4_65 "/>
</bind>
</comp>

<comp id="2286" class="1005" name="A_fifo4_66_reg_2286">
<pin_list>
<pin id="2287" dir="0" index="0" bw="32" slack="20"/>
<pin id="2288" dir="1" index="1" bw="32" slack="20"/>
</pin_list>
<bind>
<opset="A_fifo4_66 "/>
</bind>
</comp>

<comp id="2292" class="1005" name="A_fifo4_67_reg_2292">
<pin_list>
<pin id="2293" dir="0" index="0" bw="32" slack="22"/>
<pin id="2294" dir="1" index="1" bw="32" slack="22"/>
</pin_list>
<bind>
<opset="A_fifo4_67 "/>
</bind>
</comp>

<comp id="2298" class="1005" name="A_fifo4_68_reg_2298">
<pin_list>
<pin id="2299" dir="0" index="0" bw="32" slack="24"/>
<pin id="2300" dir="1" index="1" bw="32" slack="24"/>
</pin_list>
<bind>
<opset="A_fifo4_68 "/>
</bind>
</comp>

<comp id="2304" class="1005" name="A_fifo4_69_reg_2304">
<pin_list>
<pin id="2305" dir="0" index="0" bw="32" slack="26"/>
<pin id="2306" dir="1" index="1" bw="32" slack="26"/>
</pin_list>
<bind>
<opset="A_fifo4_69 "/>
</bind>
</comp>

<comp id="2310" class="1005" name="A_fifo4_70_reg_2310">
<pin_list>
<pin id="2311" dir="0" index="0" bw="32" slack="28"/>
<pin id="2312" dir="1" index="1" bw="32" slack="28"/>
</pin_list>
<bind>
<opset="A_fifo4_70 "/>
</bind>
</comp>

<comp id="2316" class="1005" name="A_fifo4_71_reg_2316">
<pin_list>
<pin id="2317" dir="0" index="0" bw="32" slack="30"/>
<pin id="2318" dir="1" index="1" bw="32" slack="30"/>
</pin_list>
<bind>
<opset="A_fifo4_71 "/>
</bind>
</comp>

<comp id="2322" class="1005" name="B_fifo4_reg_2322">
<pin_list>
<pin id="2323" dir="0" index="0" bw="32" slack="0"/>
<pin id="2324" dir="1" index="1" bw="32" slack="0"/>
</pin_list>
<bind>
<opset="B_fifo4 "/>
</bind>
</comp>

<comp id="2328" class="1005" name="B_fifo4_1_reg_2328">
<pin_list>
<pin id="2329" dir="0" index="0" bw="32" slack="2"/>
<pin id="2330" dir="1" index="1" bw="32" slack="2"/>
</pin_list>
<bind>
<opset="B_fifo4_1 "/>
</bind>
</comp>

<comp id="2334" class="1005" name="B_fifo4_2_reg_2334">
<pin_list>
<pin id="2335" dir="0" index="0" bw="32" slack="4"/>
<pin id="2336" dir="1" index="1" bw="32" slack="4"/>
</pin_list>
<bind>
<opset="B_fifo4_2 "/>
</bind>
</comp>

<comp id="2340" class="1005" name="B_fifo4_3_reg_2340">
<pin_list>
<pin id="2341" dir="0" index="0" bw="32" slack="6"/>
<pin id="2342" dir="1" index="1" bw="32" slack="6"/>
</pin_list>
<bind>
<opset="B_fifo4_3 "/>
</bind>
</comp>

<comp id="2346" class="1005" name="B_fifo4_4_reg_2346">
<pin_list>
<pin id="2347" dir="0" index="0" bw="32" slack="8"/>
<pin id="2348" dir="1" index="1" bw="32" slack="8"/>
</pin_list>
<bind>
<opset="B_fifo4_4 "/>
</bind>
</comp>

<comp id="2352" class="1005" name="B_fifo4_5_reg_2352">
<pin_list>
<pin id="2353" dir="0" index="0" bw="32" slack="10"/>
<pin id="2354" dir="1" index="1" bw="32" slack="10"/>
</pin_list>
<bind>
<opset="B_fifo4_5 "/>
</bind>
</comp>

<comp id="2358" class="1005" name="B_fifo4_6_reg_2358">
<pin_list>
<pin id="2359" dir="0" index="0" bw="32" slack="12"/>
<pin id="2360" dir="1" index="1" bw="32" slack="12"/>
</pin_list>
<bind>
<opset="B_fifo4_6 "/>
</bind>
</comp>

<comp id="2364" class="1005" name="B_fifo4_7_reg_2364">
<pin_list>
<pin id="2365" dir="0" index="0" bw="32" slack="14"/>
<pin id="2366" dir="1" index="1" bw="32" slack="14"/>
</pin_list>
<bind>
<opset="B_fifo4_7 "/>
</bind>
</comp>

<comp id="2370" class="1005" name="B_fifo4_8_reg_2370">
<pin_list>
<pin id="2371" dir="0" index="0" bw="32" slack="16"/>
<pin id="2372" dir="1" index="1" bw="32" slack="16"/>
</pin_list>
<bind>
<opset="B_fifo4_8 "/>
</bind>
</comp>

<comp id="2376" class="1005" name="B_fifo4_9_reg_2376">
<pin_list>
<pin id="2377" dir="0" index="0" bw="32" slack="0"/>
<pin id="2378" dir="1" index="1" bw="32" slack="0"/>
</pin_list>
<bind>
<opset="B_fifo4_9 "/>
</bind>
</comp>

<comp id="2382" class="1005" name="B_fifo4_10_reg_2382">
<pin_list>
<pin id="2383" dir="0" index="0" bw="32" slack="4"/>
<pin id="2384" dir="1" index="1" bw="32" slack="4"/>
</pin_list>
<bind>
<opset="B_fifo4_10 "/>
</bind>
</comp>

<comp id="2388" class="1005" name="B_fifo4_11_reg_2388">
<pin_list>
<pin id="2389" dir="0" index="0" bw="32" slack="6"/>
<pin id="2390" dir="1" index="1" bw="32" slack="6"/>
</pin_list>
<bind>
<opset="B_fifo4_11 "/>
</bind>
</comp>

<comp id="2394" class="1005" name="B_fifo4_12_reg_2394">
<pin_list>
<pin id="2395" dir="0" index="0" bw="32" slack="8"/>
<pin id="2396" dir="1" index="1" bw="32" slack="8"/>
</pin_list>
<bind>
<opset="B_fifo4_12 "/>
</bind>
</comp>

<comp id="2400" class="1005" name="B_fifo4_13_reg_2400">
<pin_list>
<pin id="2401" dir="0" index="0" bw="32" slack="10"/>
<pin id="2402" dir="1" index="1" bw="32" slack="10"/>
</pin_list>
<bind>
<opset="B_fifo4_13 "/>
</bind>
</comp>

<comp id="2406" class="1005" name="B_fifo4_14_reg_2406">
<pin_list>
<pin id="2407" dir="0" index="0" bw="32" slack="12"/>
<pin id="2408" dir="1" index="1" bw="32" slack="12"/>
</pin_list>
<bind>
<opset="B_fifo4_14 "/>
</bind>
</comp>

<comp id="2412" class="1005" name="B_fifo4_15_reg_2412">
<pin_list>
<pin id="2413" dir="0" index="0" bw="32" slack="14"/>
<pin id="2414" dir="1" index="1" bw="32" slack="14"/>
</pin_list>
<bind>
<opset="B_fifo4_15 "/>
</bind>
</comp>

<comp id="2418" class="1005" name="B_fifo4_16_reg_2418">
<pin_list>
<pin id="2419" dir="0" index="0" bw="32" slack="16"/>
<pin id="2420" dir="1" index="1" bw="32" slack="16"/>
</pin_list>
<bind>
<opset="B_fifo4_16 "/>
</bind>
</comp>

<comp id="2424" class="1005" name="B_fifo4_17_reg_2424">
<pin_list>
<pin id="2425" dir="0" index="0" bw="32" slack="18"/>
<pin id="2426" dir="1" index="1" bw="32" slack="18"/>
</pin_list>
<bind>
<opset="B_fifo4_17 "/>
</bind>
</comp>

<comp id="2430" class="1005" name="B_fifo4_18_reg_2430">
<pin_list>
<pin id="2431" dir="0" index="0" bw="32" slack="0"/>
<pin id="2432" dir="1" index="1" bw="32" slack="0"/>
</pin_list>
<bind>
<opset="B_fifo4_18 "/>
</bind>
</comp>

<comp id="2436" class="1005" name="B_fifo4_19_reg_2436">
<pin_list>
<pin id="2437" dir="0" index="0" bw="32" slack="6"/>
<pin id="2438" dir="1" index="1" bw="32" slack="6"/>
</pin_list>
<bind>
<opset="B_fifo4_19 "/>
</bind>
</comp>

<comp id="2442" class="1005" name="B_fifo4_20_reg_2442">
<pin_list>
<pin id="2443" dir="0" index="0" bw="32" slack="8"/>
<pin id="2444" dir="1" index="1" bw="32" slack="8"/>
</pin_list>
<bind>
<opset="B_fifo4_20 "/>
</bind>
</comp>

<comp id="2448" class="1005" name="B_fifo4_21_reg_2448">
<pin_list>
<pin id="2449" dir="0" index="0" bw="32" slack="10"/>
<pin id="2450" dir="1" index="1" bw="32" slack="10"/>
</pin_list>
<bind>
<opset="B_fifo4_21 "/>
</bind>
</comp>

<comp id="2454" class="1005" name="B_fifo4_22_reg_2454">
<pin_list>
<pin id="2455" dir="0" index="0" bw="32" slack="12"/>
<pin id="2456" dir="1" index="1" bw="32" slack="12"/>
</pin_list>
<bind>
<opset="B_fifo4_22 "/>
</bind>
</comp>

<comp id="2460" class="1005" name="B_fifo4_23_reg_2460">
<pin_list>
<pin id="2461" dir="0" index="0" bw="32" slack="14"/>
<pin id="2462" dir="1" index="1" bw="32" slack="14"/>
</pin_list>
<bind>
<opset="B_fifo4_23 "/>
</bind>
</comp>

<comp id="2466" class="1005" name="B_fifo4_24_reg_2466">
<pin_list>
<pin id="2467" dir="0" index="0" bw="32" slack="16"/>
<pin id="2468" dir="1" index="1" bw="32" slack="16"/>
</pin_list>
<bind>
<opset="B_fifo4_24 "/>
</bind>
</comp>

<comp id="2472" class="1005" name="B_fifo4_25_reg_2472">
<pin_list>
<pin id="2473" dir="0" index="0" bw="32" slack="18"/>
<pin id="2474" dir="1" index="1" bw="32" slack="18"/>
</pin_list>
<bind>
<opset="B_fifo4_25 "/>
</bind>
</comp>

<comp id="2478" class="1005" name="B_fifo4_26_reg_2478">
<pin_list>
<pin id="2479" dir="0" index="0" bw="32" slack="20"/>
<pin id="2480" dir="1" index="1" bw="32" slack="20"/>
</pin_list>
<bind>
<opset="B_fifo4_26 "/>
</bind>
</comp>

<comp id="2484" class="1005" name="B_fifo4_27_reg_2484">
<pin_list>
<pin id="2485" dir="0" index="0" bw="32" slack="0"/>
<pin id="2486" dir="1" index="1" bw="32" slack="0"/>
</pin_list>
<bind>
<opset="B_fifo4_27 "/>
</bind>
</comp>

<comp id="2490" class="1005" name="B_fifo4_28_reg_2490">
<pin_list>
<pin id="2491" dir="0" index="0" bw="32" slack="8"/>
<pin id="2492" dir="1" index="1" bw="32" slack="8"/>
</pin_list>
<bind>
<opset="B_fifo4_28 "/>
</bind>
</comp>

<comp id="2496" class="1005" name="B_fifo4_29_reg_2496">
<pin_list>
<pin id="2497" dir="0" index="0" bw="32" slack="10"/>
<pin id="2498" dir="1" index="1" bw="32" slack="10"/>
</pin_list>
<bind>
<opset="B_fifo4_29 "/>
</bind>
</comp>

<comp id="2502" class="1005" name="B_fifo4_30_reg_2502">
<pin_list>
<pin id="2503" dir="0" index="0" bw="32" slack="12"/>
<pin id="2504" dir="1" index="1" bw="32" slack="12"/>
</pin_list>
<bind>
<opset="B_fifo4_30 "/>
</bind>
</comp>

<comp id="2508" class="1005" name="B_fifo4_31_reg_2508">
<pin_list>
<pin id="2509" dir="0" index="0" bw="32" slack="14"/>
<pin id="2510" dir="1" index="1" bw="32" slack="14"/>
</pin_list>
<bind>
<opset="B_fifo4_31 "/>
</bind>
</comp>

<comp id="2514" class="1005" name="B_fifo4_32_reg_2514">
<pin_list>
<pin id="2515" dir="0" index="0" bw="32" slack="16"/>
<pin id="2516" dir="1" index="1" bw="32" slack="16"/>
</pin_list>
<bind>
<opset="B_fifo4_32 "/>
</bind>
</comp>

<comp id="2520" class="1005" name="B_fifo4_33_reg_2520">
<pin_list>
<pin id="2521" dir="0" index="0" bw="32" slack="18"/>
<pin id="2522" dir="1" index="1" bw="32" slack="18"/>
</pin_list>
<bind>
<opset="B_fifo4_33 "/>
</bind>
</comp>

<comp id="2526" class="1005" name="B_fifo4_34_reg_2526">
<pin_list>
<pin id="2527" dir="0" index="0" bw="32" slack="20"/>
<pin id="2528" dir="1" index="1" bw="32" slack="20"/>
</pin_list>
<bind>
<opset="B_fifo4_34 "/>
</bind>
</comp>

<comp id="2532" class="1005" name="B_fifo4_35_reg_2532">
<pin_list>
<pin id="2533" dir="0" index="0" bw="32" slack="22"/>
<pin id="2534" dir="1" index="1" bw="32" slack="22"/>
</pin_list>
<bind>
<opset="B_fifo4_35 "/>
</bind>
</comp>

<comp id="2538" class="1005" name="B_fifo4_36_reg_2538">
<pin_list>
<pin id="2539" dir="0" index="0" bw="32" slack="0"/>
<pin id="2540" dir="1" index="1" bw="32" slack="0"/>
</pin_list>
<bind>
<opset="B_fifo4_36 "/>
</bind>
</comp>

<comp id="2544" class="1005" name="B_fifo4_37_reg_2544">
<pin_list>
<pin id="2545" dir="0" index="0" bw="32" slack="10"/>
<pin id="2546" dir="1" index="1" bw="32" slack="10"/>
</pin_list>
<bind>
<opset="B_fifo4_37 "/>
</bind>
</comp>

<comp id="2550" class="1005" name="B_fifo4_38_reg_2550">
<pin_list>
<pin id="2551" dir="0" index="0" bw="32" slack="12"/>
<pin id="2552" dir="1" index="1" bw="32" slack="12"/>
</pin_list>
<bind>
<opset="B_fifo4_38 "/>
</bind>
</comp>

<comp id="2556" class="1005" name="B_fifo4_39_reg_2556">
<pin_list>
<pin id="2557" dir="0" index="0" bw="32" slack="14"/>
<pin id="2558" dir="1" index="1" bw="32" slack="14"/>
</pin_list>
<bind>
<opset="B_fifo4_39 "/>
</bind>
</comp>

<comp id="2562" class="1005" name="B_fifo4_40_reg_2562">
<pin_list>
<pin id="2563" dir="0" index="0" bw="32" slack="16"/>
<pin id="2564" dir="1" index="1" bw="32" slack="16"/>
</pin_list>
<bind>
<opset="B_fifo4_40 "/>
</bind>
</comp>

<comp id="2568" class="1005" name="B_fifo4_41_reg_2568">
<pin_list>
<pin id="2569" dir="0" index="0" bw="32" slack="18"/>
<pin id="2570" dir="1" index="1" bw="32" slack="18"/>
</pin_list>
<bind>
<opset="B_fifo4_41 "/>
</bind>
</comp>

<comp id="2574" class="1005" name="B_fifo4_42_reg_2574">
<pin_list>
<pin id="2575" dir="0" index="0" bw="32" slack="20"/>
<pin id="2576" dir="1" index="1" bw="32" slack="20"/>
</pin_list>
<bind>
<opset="B_fifo4_42 "/>
</bind>
</comp>

<comp id="2580" class="1005" name="B_fifo4_43_reg_2580">
<pin_list>
<pin id="2581" dir="0" index="0" bw="32" slack="22"/>
<pin id="2582" dir="1" index="1" bw="32" slack="22"/>
</pin_list>
<bind>
<opset="B_fifo4_43 "/>
</bind>
</comp>

<comp id="2586" class="1005" name="B_fifo4_44_reg_2586">
<pin_list>
<pin id="2587" dir="0" index="0" bw="32" slack="24"/>
<pin id="2588" dir="1" index="1" bw="32" slack="24"/>
</pin_list>
<bind>
<opset="B_fifo4_44 "/>
</bind>
</comp>

<comp id="2592" class="1005" name="B_fifo4_45_reg_2592">
<pin_list>
<pin id="2593" dir="0" index="0" bw="32" slack="0"/>
<pin id="2594" dir="1" index="1" bw="32" slack="0"/>
</pin_list>
<bind>
<opset="B_fifo4_45 "/>
</bind>
</comp>

<comp id="2598" class="1005" name="B_fifo4_46_reg_2598">
<pin_list>
<pin id="2599" dir="0" index="0" bw="32" slack="12"/>
<pin id="2600" dir="1" index="1" bw="32" slack="12"/>
</pin_list>
<bind>
<opset="B_fifo4_46 "/>
</bind>
</comp>

<comp id="2604" class="1005" name="B_fifo4_47_reg_2604">
<pin_list>
<pin id="2605" dir="0" index="0" bw="32" slack="14"/>
<pin id="2606" dir="1" index="1" bw="32" slack="14"/>
</pin_list>
<bind>
<opset="B_fifo4_47 "/>
</bind>
</comp>

<comp id="2610" class="1005" name="B_fifo4_48_reg_2610">
<pin_list>
<pin id="2611" dir="0" index="0" bw="32" slack="16"/>
<pin id="2612" dir="1" index="1" bw="32" slack="16"/>
</pin_list>
<bind>
<opset="B_fifo4_48 "/>
</bind>
</comp>

<comp id="2616" class="1005" name="B_fifo4_49_reg_2616">
<pin_list>
<pin id="2617" dir="0" index="0" bw="32" slack="18"/>
<pin id="2618" dir="1" index="1" bw="32" slack="18"/>
</pin_list>
<bind>
<opset="B_fifo4_49 "/>
</bind>
</comp>

<comp id="2622" class="1005" name="B_fifo4_50_reg_2622">
<pin_list>
<pin id="2623" dir="0" index="0" bw="32" slack="20"/>
<pin id="2624" dir="1" index="1" bw="32" slack="20"/>
</pin_list>
<bind>
<opset="B_fifo4_50 "/>
</bind>
</comp>

<comp id="2628" class="1005" name="B_fifo4_51_reg_2628">
<pin_list>
<pin id="2629" dir="0" index="0" bw="32" slack="22"/>
<pin id="2630" dir="1" index="1" bw="32" slack="22"/>
</pin_list>
<bind>
<opset="B_fifo4_51 "/>
</bind>
</comp>

<comp id="2634" class="1005" name="B_fifo4_52_reg_2634">
<pin_list>
<pin id="2635" dir="0" index="0" bw="32" slack="24"/>
<pin id="2636" dir="1" index="1" bw="32" slack="24"/>
</pin_list>
<bind>
<opset="B_fifo4_52 "/>
</bind>
</comp>

<comp id="2640" class="1005" name="B_fifo4_53_reg_2640">
<pin_list>
<pin id="2641" dir="0" index="0" bw="32" slack="26"/>
<pin id="2642" dir="1" index="1" bw="32" slack="26"/>
</pin_list>
<bind>
<opset="B_fifo4_53 "/>
</bind>
</comp>

<comp id="2646" class="1005" name="B_fifo4_54_reg_2646">
<pin_list>
<pin id="2647" dir="0" index="0" bw="32" slack="0"/>
<pin id="2648" dir="1" index="1" bw="32" slack="0"/>
</pin_list>
<bind>
<opset="B_fifo4_54 "/>
</bind>
</comp>

<comp id="2652" class="1005" name="B_fifo4_55_reg_2652">
<pin_list>
<pin id="2653" dir="0" index="0" bw="32" slack="14"/>
<pin id="2654" dir="1" index="1" bw="32" slack="14"/>
</pin_list>
<bind>
<opset="B_fifo4_55 "/>
</bind>
</comp>

<comp id="2658" class="1005" name="B_fifo4_56_reg_2658">
<pin_list>
<pin id="2659" dir="0" index="0" bw="32" slack="16"/>
<pin id="2660" dir="1" index="1" bw="32" slack="16"/>
</pin_list>
<bind>
<opset="B_fifo4_56 "/>
</bind>
</comp>

<comp id="2664" class="1005" name="B_fifo4_57_reg_2664">
<pin_list>
<pin id="2665" dir="0" index="0" bw="32" slack="18"/>
<pin id="2666" dir="1" index="1" bw="32" slack="18"/>
</pin_list>
<bind>
<opset="B_fifo4_57 "/>
</bind>
</comp>

<comp id="2670" class="1005" name="B_fifo4_58_reg_2670">
<pin_list>
<pin id="2671" dir="0" index="0" bw="32" slack="20"/>
<pin id="2672" dir="1" index="1" bw="32" slack="20"/>
</pin_list>
<bind>
<opset="B_fifo4_58 "/>
</bind>
</comp>

<comp id="2676" class="1005" name="B_fifo4_59_reg_2676">
<pin_list>
<pin id="2677" dir="0" index="0" bw="32" slack="22"/>
<pin id="2678" dir="1" index="1" bw="32" slack="22"/>
</pin_list>
<bind>
<opset="B_fifo4_59 "/>
</bind>
</comp>

<comp id="2682" class="1005" name="B_fifo4_60_reg_2682">
<pin_list>
<pin id="2683" dir="0" index="0" bw="32" slack="24"/>
<pin id="2684" dir="1" index="1" bw="32" slack="24"/>
</pin_list>
<bind>
<opset="B_fifo4_60 "/>
</bind>
</comp>

<comp id="2688" class="1005" name="B_fifo4_61_reg_2688">
<pin_list>
<pin id="2689" dir="0" index="0" bw="32" slack="26"/>
<pin id="2690" dir="1" index="1" bw="32" slack="26"/>
</pin_list>
<bind>
<opset="B_fifo4_61 "/>
</bind>
</comp>

<comp id="2694" class="1005" name="B_fifo4_62_reg_2694">
<pin_list>
<pin id="2695" dir="0" index="0" bw="32" slack="28"/>
<pin id="2696" dir="1" index="1" bw="32" slack="28"/>
</pin_list>
<bind>
<opset="B_fifo4_62 "/>
</bind>
</comp>

<comp id="2700" class="1005" name="B_fifo4_63_reg_2700">
<pin_list>
<pin id="2701" dir="0" index="0" bw="32" slack="0"/>
<pin id="2702" dir="1" index="1" bw="32" slack="0"/>
</pin_list>
<bind>
<opset="B_fifo4_63 "/>
</bind>
</comp>

<comp id="2706" class="1005" name="B_fifo4_64_reg_2706">
<pin_list>
<pin id="2707" dir="0" index="0" bw="32" slack="16"/>
<pin id="2708" dir="1" index="1" bw="32" slack="16"/>
</pin_list>
<bind>
<opset="B_fifo4_64 "/>
</bind>
</comp>

<comp id="2712" class="1005" name="B_fifo4_65_reg_2712">
<pin_list>
<pin id="2713" dir="0" index="0" bw="32" slack="18"/>
<pin id="2714" dir="1" index="1" bw="32" slack="18"/>
</pin_list>
<bind>
<opset="B_fifo4_65 "/>
</bind>
</comp>

<comp id="2718" class="1005" name="B_fifo4_66_reg_2718">
<pin_list>
<pin id="2719" dir="0" index="0" bw="32" slack="20"/>
<pin id="2720" dir="1" index="1" bw="32" slack="20"/>
</pin_list>
<bind>
<opset="B_fifo4_66 "/>
</bind>
</comp>

<comp id="2724" class="1005" name="B_fifo4_67_reg_2724">
<pin_list>
<pin id="2725" dir="0" index="0" bw="32" slack="22"/>
<pin id="2726" dir="1" index="1" bw="32" slack="22"/>
</pin_list>
<bind>
<opset="B_fifo4_67 "/>
</bind>
</comp>

<comp id="2730" class="1005" name="B_fifo4_68_reg_2730">
<pin_list>
<pin id="2731" dir="0" index="0" bw="32" slack="24"/>
<pin id="2732" dir="1" index="1" bw="32" slack="24"/>
</pin_list>
<bind>
<opset="B_fifo4_68 "/>
</bind>
</comp>

<comp id="2736" class="1005" name="B_fifo4_69_reg_2736">
<pin_list>
<pin id="2737" dir="0" index="0" bw="32" slack="26"/>
<pin id="2738" dir="1" index="1" bw="32" slack="26"/>
</pin_list>
<bind>
<opset="B_fifo4_69 "/>
</bind>
</comp>

<comp id="2742" class="1005" name="B_fifo4_70_reg_2742">
<pin_list>
<pin id="2743" dir="0" index="0" bw="32" slack="28"/>
<pin id="2744" dir="1" index="1" bw="32" slack="28"/>
</pin_list>
<bind>
<opset="B_fifo4_70 "/>
</bind>
</comp>

<comp id="2748" class="1005" name="B_fifo4_71_reg_2748">
<pin_list>
<pin id="2749" dir="0" index="0" bw="32" slack="30"/>
<pin id="2750" dir="1" index="1" bw="32" slack="30"/>
</pin_list>
<bind>
<opset="B_fifo4_71 "/>
</bind>
</comp>

</comp_list>

<net_list>
<net id="605"><net_src comp="160" pin="0"/><net_sink comp="602" pin=0"/></net>

<net id="609"><net_src comp="160" pin="0"/><net_sink comp="606" pin=0"/></net>

<net id="613"><net_src comp="160" pin="0"/><net_sink comp="610" pin=0"/></net>

<net id="617"><net_src comp="160" pin="0"/><net_sink comp="614" pin=0"/></net>

<net id="621"><net_src comp="160" pin="0"/><net_sink comp="618" pin=0"/></net>

<net id="625"><net_src comp="160" pin="0"/><net_sink comp="622" pin=0"/></net>

<net id="629"><net_src comp="160" pin="0"/><net_sink comp="626" pin=0"/></net>

<net id="633"><net_src comp="160" pin="0"/><net_sink comp="630" pin=0"/></net>

<net id="637"><net_src comp="160" pin="0"/><net_sink comp="634" pin=0"/></net>

<net id="641"><net_src comp="160" pin="0"/><net_sink comp="638" pin=0"/></net>

<net id="645"><net_src comp="160" pin="0"/><net_sink comp="642" pin=0"/></net>

<net id="649"><net_src comp="160" pin="0"/><net_sink comp="646" pin=0"/></net>

<net id="653"><net_src comp="160" pin="0"/><net_sink comp="650" pin=0"/></net>

<net id="657"><net_src comp="160" pin="0"/><net_sink comp="654" pin=0"/></net>

<net id="661"><net_src comp="160" pin="0"/><net_sink comp="658" pin=0"/></net>

<net id="665"><net_src comp="160" pin="0"/><net_sink comp="662" pin=0"/></net>

<net id="669"><net_src comp="160" pin="0"/><net_sink comp="666" pin=0"/></net>

<net id="673"><net_src comp="160" pin="0"/><net_sink comp="670" pin=0"/></net>

<net id="677"><net_src comp="160" pin="0"/><net_sink comp="674" pin=0"/></net>

<net id="681"><net_src comp="160" pin="0"/><net_sink comp="678" pin=0"/></net>

<net id="685"><net_src comp="160" pin="0"/><net_sink comp="682" pin=0"/></net>

<net id="689"><net_src comp="160" pin="0"/><net_sink comp="686" pin=0"/></net>

<net id="693"><net_src comp="160" pin="0"/><net_sink comp="690" pin=0"/></net>

<net id="697"><net_src comp="160" pin="0"/><net_sink comp="694" pin=0"/></net>

<net id="701"><net_src comp="160" pin="0"/><net_sink comp="698" pin=0"/></net>

<net id="705"><net_src comp="160" pin="0"/><net_sink comp="702" pin=0"/></net>

<net id="709"><net_src comp="160" pin="0"/><net_sink comp="706" pin=0"/></net>

<net id="713"><net_src comp="160" pin="0"/><net_sink comp="710" pin=0"/></net>

<net id="717"><net_src comp="160" pin="0"/><net_sink comp="714" pin=0"/></net>

<net id="721"><net_src comp="160" pin="0"/><net_sink comp="718" pin=0"/></net>

<net id="725"><net_src comp="160" pin="0"/><net_sink comp="722" pin=0"/></net>

<net id="729"><net_src comp="160" pin="0"/><net_sink comp="726" pin=0"/></net>

<net id="733"><net_src comp="160" pin="0"/><net_sink comp="730" pin=0"/></net>

<net id="737"><net_src comp="160" pin="0"/><net_sink comp="734" pin=0"/></net>

<net id="741"><net_src comp="160" pin="0"/><net_sink comp="738" pin=0"/></net>

<net id="745"><net_src comp="160" pin="0"/><net_sink comp="742" pin=0"/></net>

<net id="749"><net_src comp="160" pin="0"/><net_sink comp="746" pin=0"/></net>

<net id="753"><net_src comp="160" pin="0"/><net_sink comp="750" pin=0"/></net>

<net id="757"><net_src comp="160" pin="0"/><net_sink comp="754" pin=0"/></net>

<net id="761"><net_src comp="160" pin="0"/><net_sink comp="758" pin=0"/></net>

<net id="765"><net_src comp="160" pin="0"/><net_sink comp="762" pin=0"/></net>

<net id="769"><net_src comp="160" pin="0"/><net_sink comp="766" pin=0"/></net>

<net id="773"><net_src comp="160" pin="0"/><net_sink comp="770" pin=0"/></net>

<net id="777"><net_src comp="160" pin="0"/><net_sink comp="774" pin=0"/></net>

<net id="781"><net_src comp="160" pin="0"/><net_sink comp="778" pin=0"/></net>

<net id="785"><net_src comp="160" pin="0"/><net_sink comp="782" pin=0"/></net>

<net id="789"><net_src comp="160" pin="0"/><net_sink comp="786" pin=0"/></net>

<net id="793"><net_src comp="160" pin="0"/><net_sink comp="790" pin=0"/></net>

<net id="797"><net_src comp="160" pin="0"/><net_sink comp="794" pin=0"/></net>

<net id="801"><net_src comp="160" pin="0"/><net_sink comp="798" pin=0"/></net>

<net id="805"><net_src comp="160" pin="0"/><net_sink comp="802" pin=0"/></net>

<net id="809"><net_src comp="160" pin="0"/><net_sink comp="806" pin=0"/></net>

<net id="813"><net_src comp="160" pin="0"/><net_sink comp="810" pin=0"/></net>

<net id="817"><net_src comp="160" pin="0"/><net_sink comp="814" pin=0"/></net>

<net id="821"><net_src comp="160" pin="0"/><net_sink comp="818" pin=0"/></net>

<net id="825"><net_src comp="160" pin="0"/><net_sink comp="822" pin=0"/></net>

<net id="829"><net_src comp="160" pin="0"/><net_sink comp="826" pin=0"/></net>

<net id="833"><net_src comp="160" pin="0"/><net_sink comp="830" pin=0"/></net>

<net id="837"><net_src comp="160" pin="0"/><net_sink comp="834" pin=0"/></net>

<net id="841"><net_src comp="160" pin="0"/><net_sink comp="838" pin=0"/></net>

<net id="845"><net_src comp="160" pin="0"/><net_sink comp="842" pin=0"/></net>

<net id="849"><net_src comp="160" pin="0"/><net_sink comp="846" pin=0"/></net>

<net id="853"><net_src comp="160" pin="0"/><net_sink comp="850" pin=0"/></net>

<net id="857"><net_src comp="160" pin="0"/><net_sink comp="854" pin=0"/></net>

<net id="861"><net_src comp="160" pin="0"/><net_sink comp="858" pin=0"/></net>

<net id="865"><net_src comp="160" pin="0"/><net_sink comp="862" pin=0"/></net>

<net id="869"><net_src comp="160" pin="0"/><net_sink comp="866" pin=0"/></net>

<net id="873"><net_src comp="160" pin="0"/><net_sink comp="870" pin=0"/></net>

<net id="877"><net_src comp="160" pin="0"/><net_sink comp="874" pin=0"/></net>

<net id="881"><net_src comp="160" pin="0"/><net_sink comp="878" pin=0"/></net>

<net id="885"><net_src comp="160" pin="0"/><net_sink comp="882" pin=0"/></net>

<net id="889"><net_src comp="160" pin="0"/><net_sink comp="886" pin=0"/></net>

<net id="893"><net_src comp="160" pin="0"/><net_sink comp="890" pin=0"/></net>

<net id="897"><net_src comp="160" pin="0"/><net_sink comp="894" pin=0"/></net>

<net id="901"><net_src comp="160" pin="0"/><net_sink comp="898" pin=0"/></net>

<net id="905"><net_src comp="160" pin="0"/><net_sink comp="902" pin=0"/></net>

<net id="909"><net_src comp="160" pin="0"/><net_sink comp="906" pin=0"/></net>

<net id="913"><net_src comp="160" pin="0"/><net_sink comp="910" pin=0"/></net>

<net id="917"><net_src comp="160" pin="0"/><net_sink comp="914" pin=0"/></net>

<net id="921"><net_src comp="160" pin="0"/><net_sink comp="918" pin=0"/></net>

<net id="925"><net_src comp="160" pin="0"/><net_sink comp="922" pin=0"/></net>

<net id="929"><net_src comp="160" pin="0"/><net_sink comp="926" pin=0"/></net>

<net id="933"><net_src comp="160" pin="0"/><net_sink comp="930" pin=0"/></net>

<net id="937"><net_src comp="160" pin="0"/><net_sink comp="934" pin=0"/></net>

<net id="941"><net_src comp="160" pin="0"/><net_sink comp="938" pin=0"/></net>

<net id="945"><net_src comp="160" pin="0"/><net_sink comp="942" pin=0"/></net>

<net id="949"><net_src comp="160" pin="0"/><net_sink comp="946" pin=0"/></net>

<net id="953"><net_src comp="160" pin="0"/><net_sink comp="950" pin=0"/></net>

<net id="957"><net_src comp="160" pin="0"/><net_sink comp="954" pin=0"/></net>

<net id="961"><net_src comp="160" pin="0"/><net_sink comp="958" pin=0"/></net>

<net id="965"><net_src comp="160" pin="0"/><net_sink comp="962" pin=0"/></net>

<net id="969"><net_src comp="160" pin="0"/><net_sink comp="966" pin=0"/></net>

<net id="973"><net_src comp="160" pin="0"/><net_sink comp="970" pin=0"/></net>

<net id="977"><net_src comp="160" pin="0"/><net_sink comp="974" pin=0"/></net>

<net id="981"><net_src comp="160" pin="0"/><net_sink comp="978" pin=0"/></net>

<net id="985"><net_src comp="160" pin="0"/><net_sink comp="982" pin=0"/></net>

<net id="989"><net_src comp="160" pin="0"/><net_sink comp="986" pin=0"/></net>

<net id="993"><net_src comp="160" pin="0"/><net_sink comp="990" pin=0"/></net>

<net id="997"><net_src comp="160" pin="0"/><net_sink comp="994" pin=0"/></net>

<net id="1001"><net_src comp="160" pin="0"/><net_sink comp="998" pin=0"/></net>

<net id="1005"><net_src comp="160" pin="0"/><net_sink comp="1002" pin=0"/></net>

<net id="1009"><net_src comp="160" pin="0"/><net_sink comp="1006" pin=0"/></net>

<net id="1013"><net_src comp="160" pin="0"/><net_sink comp="1010" pin=0"/></net>

<net id="1017"><net_src comp="160" pin="0"/><net_sink comp="1014" pin=0"/></net>

<net id="1021"><net_src comp="160" pin="0"/><net_sink comp="1018" pin=0"/></net>

<net id="1025"><net_src comp="160" pin="0"/><net_sink comp="1022" pin=0"/></net>

<net id="1029"><net_src comp="160" pin="0"/><net_sink comp="1026" pin=0"/></net>

<net id="1033"><net_src comp="160" pin="0"/><net_sink comp="1030" pin=0"/></net>

<net id="1037"><net_src comp="160" pin="0"/><net_sink comp="1034" pin=0"/></net>

<net id="1041"><net_src comp="160" pin="0"/><net_sink comp="1038" pin=0"/></net>

<net id="1045"><net_src comp="160" pin="0"/><net_sink comp="1042" pin=0"/></net>

<net id="1049"><net_src comp="160" pin="0"/><net_sink comp="1046" pin=0"/></net>

<net id="1053"><net_src comp="160" pin="0"/><net_sink comp="1050" pin=0"/></net>

<net id="1057"><net_src comp="160" pin="0"/><net_sink comp="1054" pin=0"/></net>

<net id="1061"><net_src comp="160" pin="0"/><net_sink comp="1058" pin=0"/></net>

<net id="1065"><net_src comp="160" pin="0"/><net_sink comp="1062" pin=0"/></net>

<net id="1069"><net_src comp="160" pin="0"/><net_sink comp="1066" pin=0"/></net>

<net id="1073"><net_src comp="160" pin="0"/><net_sink comp="1070" pin=0"/></net>

<net id="1077"><net_src comp="160" pin="0"/><net_sink comp="1074" pin=0"/></net>

<net id="1081"><net_src comp="160" pin="0"/><net_sink comp="1078" pin=0"/></net>

<net id="1085"><net_src comp="160" pin="0"/><net_sink comp="1082" pin=0"/></net>

<net id="1089"><net_src comp="160" pin="0"/><net_sink comp="1086" pin=0"/></net>

<net id="1093"><net_src comp="160" pin="0"/><net_sink comp="1090" pin=0"/></net>

<net id="1097"><net_src comp="160" pin="0"/><net_sink comp="1094" pin=0"/></net>

<net id="1101"><net_src comp="160" pin="0"/><net_sink comp="1098" pin=0"/></net>

<net id="1105"><net_src comp="160" pin="0"/><net_sink comp="1102" pin=0"/></net>

<net id="1109"><net_src comp="160" pin="0"/><net_sink comp="1106" pin=0"/></net>

<net id="1113"><net_src comp="160" pin="0"/><net_sink comp="1110" pin=0"/></net>

<net id="1117"><net_src comp="160" pin="0"/><net_sink comp="1114" pin=0"/></net>

<net id="1121"><net_src comp="160" pin="0"/><net_sink comp="1118" pin=0"/></net>

<net id="1125"><net_src comp="160" pin="0"/><net_sink comp="1122" pin=0"/></net>

<net id="1129"><net_src comp="160" pin="0"/><net_sink comp="1126" pin=0"/></net>

<net id="1133"><net_src comp="160" pin="0"/><net_sink comp="1130" pin=0"/></net>

<net id="1137"><net_src comp="160" pin="0"/><net_sink comp="1134" pin=0"/></net>

<net id="1141"><net_src comp="160" pin="0"/><net_sink comp="1138" pin=0"/></net>

<net id="1145"><net_src comp="160" pin="0"/><net_sink comp="1142" pin=0"/></net>

<net id="1149"><net_src comp="160" pin="0"/><net_sink comp="1146" pin=0"/></net>

<net id="1153"><net_src comp="160" pin="0"/><net_sink comp="1150" pin=0"/></net>

<net id="1157"><net_src comp="160" pin="0"/><net_sink comp="1154" pin=0"/></net>

<net id="1161"><net_src comp="160" pin="0"/><net_sink comp="1158" pin=0"/></net>

<net id="1165"><net_src comp="160" pin="0"/><net_sink comp="1162" pin=0"/></net>

<net id="1169"><net_src comp="160" pin="0"/><net_sink comp="1166" pin=0"/></net>

<net id="1173"><net_src comp="160" pin="0"/><net_sink comp="1170" pin=0"/></net>

<net id="1177"><net_src comp="160" pin="0"/><net_sink comp="1174" pin=0"/></net>

<net id="1213"><net_src comp="162" pin="0"/><net_sink comp="1178" pin=0"/></net>

<net id="1214"><net_src comp="0" pin="0"/><net_sink comp="1178" pin=1"/></net>

<net id="1215"><net_src comp="2" pin="0"/><net_sink comp="1178" pin=2"/></net>

<net id="1216"><net_src comp="4" pin="0"/><net_sink comp="1178" pin=3"/></net>

<net id="1217"><net_src comp="6" pin="0"/><net_sink comp="1178" pin=4"/></net>

<net id="1218"><net_src comp="8" pin="0"/><net_sink comp="1178" pin=5"/></net>

<net id="1219"><net_src comp="10" pin="0"/><net_sink comp="1178" pin=6"/></net>

<net id="1220"><net_src comp="12" pin="0"/><net_sink comp="1178" pin=7"/></net>

<net id="1221"><net_src comp="14" pin="0"/><net_sink comp="1178" pin=8"/></net>

<net id="1222"><net_src comp="16" pin="0"/><net_sink comp="1178" pin=17"/></net>

<net id="1223"><net_src comp="18" pin="0"/><net_sink comp="1178" pin=18"/></net>

<net id="1224"><net_src comp="20" pin="0"/><net_sink comp="1178" pin=19"/></net>

<net id="1225"><net_src comp="22" pin="0"/><net_sink comp="1178" pin=20"/></net>

<net id="1226"><net_src comp="24" pin="0"/><net_sink comp="1178" pin=21"/></net>

<net id="1227"><net_src comp="26" pin="0"/><net_sink comp="1178" pin=22"/></net>

<net id="1228"><net_src comp="28" pin="0"/><net_sink comp="1178" pin=23"/></net>

<net id="1229"><net_src comp="30" pin="0"/><net_sink comp="1178" pin=24"/></net>

<net id="1238"><net_src comp="164" pin="0"/><net_sink comp="1230" pin=0"/></net>

<net id="1239"><net_src comp="32" pin="0"/><net_sink comp="1230" pin=5"/></net>

<net id="1248"><net_src comp="166" pin="0"/><net_sink comp="1240" pin=0"/></net>

<net id="1249"><net_src comp="34" pin="0"/><net_sink comp="1240" pin=5"/></net>

<net id="1258"><net_src comp="168" pin="0"/><net_sink comp="1250" pin=0"/></net>

<net id="1259"><net_src comp="48" pin="0"/><net_sink comp="1250" pin=5"/></net>

<net id="1268"><net_src comp="170" pin="0"/><net_sink comp="1260" pin=0"/></net>

<net id="1269"><net_src comp="36" pin="0"/><net_sink comp="1260" pin=5"/></net>

<net id="1278"><net_src comp="172" pin="0"/><net_sink comp="1270" pin=0"/></net>

<net id="1279"><net_src comp="50" pin="0"/><net_sink comp="1270" pin=5"/></net>

<net id="1288"><net_src comp="174" pin="0"/><net_sink comp="1280" pin=0"/></net>

<net id="1289"><net_src comp="64" pin="0"/><net_sink comp="1280" pin=5"/></net>

<net id="1298"><net_src comp="176" pin="0"/><net_sink comp="1290" pin=0"/></net>

<net id="1299"><net_src comp="38" pin="0"/><net_sink comp="1290" pin=5"/></net>

<net id="1308"><net_src comp="178" pin="0"/><net_sink comp="1300" pin=0"/></net>

<net id="1309"><net_src comp="52" pin="0"/><net_sink comp="1300" pin=5"/></net>

<net id="1318"><net_src comp="180" pin="0"/><net_sink comp="1310" pin=0"/></net>

<net id="1319"><net_src comp="66" pin="0"/><net_sink comp="1310" pin=5"/></net>

<net id="1328"><net_src comp="182" pin="0"/><net_sink comp="1320" pin=0"/></net>

<net id="1329"><net_src comp="80" pin="0"/><net_sink comp="1320" pin=5"/></net>

<net id="1338"><net_src comp="184" pin="0"/><net_sink comp="1330" pin=0"/></net>

<net id="1339"><net_src comp="40" pin="0"/><net_sink comp="1330" pin=5"/></net>

<net id="1348"><net_src comp="186" pin="0"/><net_sink comp="1340" pin=0"/></net>

<net id="1349"><net_src comp="54" pin="0"/><net_sink comp="1340" pin=5"/></net>

<net id="1358"><net_src comp="188" pin="0"/><net_sink comp="1350" pin=0"/></net>

<net id="1359"><net_src comp="68" pin="0"/><net_sink comp="1350" pin=5"/></net>

<net id="1368"><net_src comp="190" pin="0"/><net_sink comp="1360" pin=0"/></net>

<net id="1369"><net_src comp="82" pin="0"/><net_sink comp="1360" pin=5"/></net>

<net id="1378"><net_src comp="192" pin="0"/><net_sink comp="1370" pin=0"/></net>

<net id="1379"><net_src comp="96" pin="0"/><net_sink comp="1370" pin=5"/></net>

<net id="1388"><net_src comp="194" pin="0"/><net_sink comp="1380" pin=0"/></net>

<net id="1389"><net_src comp="42" pin="0"/><net_sink comp="1380" pin=5"/></net>

<net id="1398"><net_src comp="196" pin="0"/><net_sink comp="1390" pin=0"/></net>

<net id="1399"><net_src comp="56" pin="0"/><net_sink comp="1390" pin=5"/></net>

<net id="1408"><net_src comp="198" pin="0"/><net_sink comp="1400" pin=0"/></net>

<net id="1409"><net_src comp="70" pin="0"/><net_sink comp="1400" pin=5"/></net>

<net id="1418"><net_src comp="200" pin="0"/><net_sink comp="1410" pin=0"/></net>

<net id="1419"><net_src comp="84" pin="0"/><net_sink comp="1410" pin=5"/></net>

<net id="1428"><net_src comp="202" pin="0"/><net_sink comp="1420" pin=0"/></net>

<net id="1429"><net_src comp="98" pin="0"/><net_sink comp="1420" pin=5"/></net>

<net id="1438"><net_src comp="204" pin="0"/><net_sink comp="1430" pin=0"/></net>

<net id="1439"><net_src comp="112" pin="0"/><net_sink comp="1430" pin=5"/></net>

<net id="1448"><net_src comp="206" pin="0"/><net_sink comp="1440" pin=0"/></net>

<net id="1449"><net_src comp="44" pin="0"/><net_sink comp="1440" pin=5"/></net>

<net id="1458"><net_src comp="208" pin="0"/><net_sink comp="1450" pin=0"/></net>

<net id="1459"><net_src comp="58" pin="0"/><net_sink comp="1450" pin=5"/></net>

<net id="1468"><net_src comp="210" pin="0"/><net_sink comp="1460" pin=0"/></net>

<net id="1469"><net_src comp="72" pin="0"/><net_sink comp="1460" pin=5"/></net>

<net id="1478"><net_src comp="212" pin="0"/><net_sink comp="1470" pin=0"/></net>

<net id="1479"><net_src comp="86" pin="0"/><net_sink comp="1470" pin=5"/></net>

<net id="1488"><net_src comp="214" pin="0"/><net_sink comp="1480" pin=0"/></net>

<net id="1489"><net_src comp="100" pin="0"/><net_sink comp="1480" pin=5"/></net>

<net id="1498"><net_src comp="216" pin="0"/><net_sink comp="1490" pin=0"/></net>

<net id="1499"><net_src comp="114" pin="0"/><net_sink comp="1490" pin=5"/></net>

<net id="1508"><net_src comp="218" pin="0"/><net_sink comp="1500" pin=0"/></net>

<net id="1509"><net_src comp="128" pin="0"/><net_sink comp="1500" pin=5"/></net>

<net id="1518"><net_src comp="220" pin="0"/><net_sink comp="1510" pin=0"/></net>

<net id="1519"><net_src comp="46" pin="0"/><net_sink comp="1510" pin=5"/></net>

<net id="1528"><net_src comp="222" pin="0"/><net_sink comp="1520" pin=0"/></net>

<net id="1529"><net_src comp="60" pin="0"/><net_sink comp="1520" pin=5"/></net>

<net id="1538"><net_src comp="224" pin="0"/><net_sink comp="1530" pin=0"/></net>

<net id="1539"><net_src comp="74" pin="0"/><net_sink comp="1530" pin=5"/></net>

<net id="1548"><net_src comp="226" pin="0"/><net_sink comp="1540" pin=0"/></net>

<net id="1549"><net_src comp="88" pin="0"/><net_sink comp="1540" pin=5"/></net>

<net id="1558"><net_src comp="228" pin="0"/><net_sink comp="1550" pin=0"/></net>

<net id="1559"><net_src comp="102" pin="0"/><net_sink comp="1550" pin=5"/></net>

<net id="1568"><net_src comp="230" pin="0"/><net_sink comp="1560" pin=0"/></net>

<net id="1569"><net_src comp="116" pin="0"/><net_sink comp="1560" pin=5"/></net>

<net id="1578"><net_src comp="232" pin="0"/><net_sink comp="1570" pin=0"/></net>

<net id="1579"><net_src comp="130" pin="0"/><net_sink comp="1570" pin=5"/></net>

<net id="1588"><net_src comp="234" pin="0"/><net_sink comp="1580" pin=0"/></net>

<net id="1589"><net_src comp="144" pin="0"/><net_sink comp="1580" pin=5"/></net>

<net id="1598"><net_src comp="236" pin="0"/><net_sink comp="1590" pin=0"/></net>

<net id="1599"><net_src comp="62" pin="0"/><net_sink comp="1590" pin=5"/></net>

<net id="1608"><net_src comp="238" pin="0"/><net_sink comp="1600" pin=0"/></net>

<net id="1609"><net_src comp="76" pin="0"/><net_sink comp="1600" pin=5"/></net>

<net id="1618"><net_src comp="240" pin="0"/><net_sink comp="1610" pin=0"/></net>

<net id="1619"><net_src comp="90" pin="0"/><net_sink comp="1610" pin=5"/></net>

<net id="1628"><net_src comp="242" pin="0"/><net_sink comp="1620" pin=0"/></net>

<net id="1629"><net_src comp="104" pin="0"/><net_sink comp="1620" pin=5"/></net>

<net id="1638"><net_src comp="244" pin="0"/><net_sink comp="1630" pin=0"/></net>

<net id="1639"><net_src comp="118" pin="0"/><net_sink comp="1630" pin=5"/></net>

<net id="1648"><net_src comp="246" pin="0"/><net_sink comp="1640" pin=0"/></net>

<net id="1649"><net_src comp="132" pin="0"/><net_sink comp="1640" pin=5"/></net>

<net id="1658"><net_src comp="248" pin="0"/><net_sink comp="1650" pin=0"/></net>

<net id="1659"><net_src comp="146" pin="0"/><net_sink comp="1650" pin=5"/></net>

<net id="1668"><net_src comp="250" pin="0"/><net_sink comp="1660" pin=0"/></net>

<net id="1669"><net_src comp="78" pin="0"/><net_sink comp="1660" pin=5"/></net>

<net id="1678"><net_src comp="252" pin="0"/><net_sink comp="1670" pin=0"/></net>

<net id="1679"><net_src comp="92" pin="0"/><net_sink comp="1670" pin=5"/></net>

<net id="1688"><net_src comp="254" pin="0"/><net_sink comp="1680" pin=0"/></net>

<net id="1689"><net_src comp="106" pin="0"/><net_sink comp="1680" pin=5"/></net>

<net id="1698"><net_src comp="256" pin="0"/><net_sink comp="1690" pin=0"/></net>

<net id="1699"><net_src comp="120" pin="0"/><net_sink comp="1690" pin=5"/></net>

<net id="1708"><net_src comp="258" pin="0"/><net_sink comp="1700" pin=0"/></net>

<net id="1709"><net_src comp="134" pin="0"/><net_sink comp="1700" pin=5"/></net>

<net id="1718"><net_src comp="260" pin="0"/><net_sink comp="1710" pin=0"/></net>

<net id="1719"><net_src comp="148" pin="0"/><net_sink comp="1710" pin=5"/></net>

<net id="1728"><net_src comp="262" pin="0"/><net_sink comp="1720" pin=0"/></net>

<net id="1729"><net_src comp="94" pin="0"/><net_sink comp="1720" pin=5"/></net>

<net id="1738"><net_src comp="264" pin="0"/><net_sink comp="1730" pin=0"/></net>

<net id="1739"><net_src comp="108" pin="0"/><net_sink comp="1730" pin=5"/></net>

<net id="1748"><net_src comp="266" pin="0"/><net_sink comp="1740" pin=0"/></net>

<net id="1749"><net_src comp="122" pin="0"/><net_sink comp="1740" pin=5"/></net>

<net id="1758"><net_src comp="268" pin="0"/><net_sink comp="1750" pin=0"/></net>

<net id="1759"><net_src comp="136" pin="0"/><net_sink comp="1750" pin=5"/></net>

<net id="1768"><net_src comp="270" pin="0"/><net_sink comp="1760" pin=0"/></net>

<net id="1769"><net_src comp="150" pin="0"/><net_sink comp="1760" pin=5"/></net>

<net id="1778"><net_src comp="272" pin="0"/><net_sink comp="1770" pin=0"/></net>

<net id="1779"><net_src comp="110" pin="0"/><net_sink comp="1770" pin=5"/></net>

<net id="1788"><net_src comp="274" pin="0"/><net_sink comp="1780" pin=0"/></net>

<net id="1789"><net_src comp="124" pin="0"/><net_sink comp="1780" pin=5"/></net>

<net id="1798"><net_src comp="276" pin="0"/><net_sink comp="1790" pin=0"/></net>

<net id="1799"><net_src comp="138" pin="0"/><net_sink comp="1790" pin=5"/></net>

<net id="1808"><net_src comp="278" pin="0"/><net_sink comp="1800" pin=0"/></net>

<net id="1809"><net_src comp="152" pin="0"/><net_sink comp="1800" pin=5"/></net>

<net id="1818"><net_src comp="280" pin="0"/><net_sink comp="1810" pin=0"/></net>

<net id="1819"><net_src comp="126" pin="0"/><net_sink comp="1810" pin=5"/></net>

<net id="1828"><net_src comp="282" pin="0"/><net_sink comp="1820" pin=0"/></net>

<net id="1829"><net_src comp="140" pin="0"/><net_sink comp="1820" pin=5"/></net>

<net id="1838"><net_src comp="284" pin="0"/><net_sink comp="1830" pin=0"/></net>

<net id="1839"><net_src comp="154" pin="0"/><net_sink comp="1830" pin=5"/></net>

<net id="1848"><net_src comp="286" pin="0"/><net_sink comp="1840" pin=0"/></net>

<net id="1849"><net_src comp="142" pin="0"/><net_sink comp="1840" pin=5"/></net>

<net id="1858"><net_src comp="288" pin="0"/><net_sink comp="1850" pin=0"/></net>

<net id="1859"><net_src comp="156" pin="0"/><net_sink comp="1850" pin=5"/></net>

<net id="1868"><net_src comp="290" pin="0"/><net_sink comp="1860" pin=0"/></net>

<net id="1869"><net_src comp="158" pin="0"/><net_sink comp="1860" pin=5"/></net>

<net id="1889"><net_src comp="292" pin="0"/><net_sink comp="1870" pin=0"/></net>

<net id="1893"><net_src comp="602" pin="1"/><net_sink comp="1890" pin=0"/></net>

<net id="1894"><net_src comp="1890" pin="1"/><net_sink comp="1178" pin=9"/></net>

<net id="1895"><net_src comp="1890" pin="1"/><net_sink comp="1230" pin=1"/></net>

<net id="1899"><net_src comp="606" pin="1"/><net_sink comp="1896" pin=0"/></net>

<net id="1900"><net_src comp="1896" pin="1"/><net_sink comp="1230" pin=3"/></net>

<net id="1901"><net_src comp="1896" pin="1"/><net_sink comp="1240" pin=1"/></net>

<net id="1905"><net_src comp="610" pin="1"/><net_sink comp="1902" pin=0"/></net>

<net id="1906"><net_src comp="1902" pin="1"/><net_sink comp="1240" pin=3"/></net>

<net id="1907"><net_src comp="1902" pin="1"/><net_sink comp="1260" pin=1"/></net>

<net id="1911"><net_src comp="614" pin="1"/><net_sink comp="1908" pin=0"/></net>

<net id="1912"><net_src comp="1908" pin="1"/><net_sink comp="1260" pin=3"/></net>

<net id="1913"><net_src comp="1908" pin="1"/><net_sink comp="1290" pin=1"/></net>

<net id="1917"><net_src comp="618" pin="1"/><net_sink comp="1914" pin=0"/></net>

<net id="1918"><net_src comp="1914" pin="1"/><net_sink comp="1290" pin=3"/></net>

<net id="1919"><net_src comp="1914" pin="1"/><net_sink comp="1330" pin=1"/></net>

<net id="1923"><net_src comp="622" pin="1"/><net_sink comp="1920" pin=0"/></net>

<net id="1924"><net_src comp="1920" pin="1"/><net_sink comp="1330" pin=3"/></net>

<net id="1925"><net_src comp="1920" pin="1"/><net_sink comp="1380" pin=1"/></net>

<net id="1929"><net_src comp="626" pin="1"/><net_sink comp="1926" pin=0"/></net>

<net id="1930"><net_src comp="1926" pin="1"/><net_sink comp="1380" pin=3"/></net>

<net id="1931"><net_src comp="1926" pin="1"/><net_sink comp="1440" pin=1"/></net>

<net id="1935"><net_src comp="630" pin="1"/><net_sink comp="1932" pin=0"/></net>

<net id="1936"><net_src comp="1932" pin="1"/><net_sink comp="1440" pin=3"/></net>

<net id="1937"><net_src comp="1932" pin="1"/><net_sink comp="1510" pin=1"/></net>

<net id="1941"><net_src comp="634" pin="1"/><net_sink comp="1938" pin=0"/></net>

<net id="1942"><net_src comp="1938" pin="1"/><net_sink comp="1510" pin=3"/></net>

<net id="1943"><net_src comp="1938" pin="1"/><net_sink comp="1870" pin=1"/></net>

<net id="1947"><net_src comp="638" pin="1"/><net_sink comp="1944" pin=0"/></net>

<net id="1948"><net_src comp="1944" pin="1"/><net_sink comp="1178" pin=10"/></net>

<net id="1949"><net_src comp="1944" pin="1"/><net_sink comp="1250" pin=1"/></net>

<net id="1953"><net_src comp="642" pin="1"/><net_sink comp="1950" pin=0"/></net>

<net id="1954"><net_src comp="1950" pin="1"/><net_sink comp="1250" pin=3"/></net>

<net id="1955"><net_src comp="1950" pin="1"/><net_sink comp="1270" pin=1"/></net>

<net id="1959"><net_src comp="646" pin="1"/><net_sink comp="1956" pin=0"/></net>

<net id="1960"><net_src comp="1956" pin="1"/><net_sink comp="1270" pin=3"/></net>

<net id="1961"><net_src comp="1956" pin="1"/><net_sink comp="1300" pin=1"/></net>

<net id="1965"><net_src comp="650" pin="1"/><net_sink comp="1962" pin=0"/></net>

<net id="1966"><net_src comp="1962" pin="1"/><net_sink comp="1300" pin=3"/></net>

<net id="1967"><net_src comp="1962" pin="1"/><net_sink comp="1340" pin=1"/></net>

<net id="1971"><net_src comp="654" pin="1"/><net_sink comp="1968" pin=0"/></net>

<net id="1972"><net_src comp="1968" pin="1"/><net_sink comp="1340" pin=3"/></net>

<net id="1973"><net_src comp="1968" pin="1"/><net_sink comp="1390" pin=1"/></net>

<net id="1977"><net_src comp="658" pin="1"/><net_sink comp="1974" pin=0"/></net>

<net id="1978"><net_src comp="1974" pin="1"/><net_sink comp="1390" pin=3"/></net>

<net id="1979"><net_src comp="1974" pin="1"/><net_sink comp="1450" pin=1"/></net>

<net id="1983"><net_src comp="662" pin="1"/><net_sink comp="1980" pin=0"/></net>

<net id="1984"><net_src comp="1980" pin="1"/><net_sink comp="1450" pin=3"/></net>

<net id="1985"><net_src comp="1980" pin="1"/><net_sink comp="1520" pin=1"/></net>

<net id="1989"><net_src comp="666" pin="1"/><net_sink comp="1986" pin=0"/></net>

<net id="1990"><net_src comp="1986" pin="1"/><net_sink comp="1520" pin=3"/></net>

<net id="1991"><net_src comp="1986" pin="1"/><net_sink comp="1590" pin=1"/></net>

<net id="1995"><net_src comp="670" pin="1"/><net_sink comp="1992" pin=0"/></net>

<net id="1996"><net_src comp="1992" pin="1"/><net_sink comp="1590" pin=3"/></net>

<net id="1997"><net_src comp="1992" pin="1"/><net_sink comp="1870" pin=2"/></net>

<net id="2001"><net_src comp="674" pin="1"/><net_sink comp="1998" pin=0"/></net>

<net id="2002"><net_src comp="1998" pin="1"/><net_sink comp="1178" pin=11"/></net>

<net id="2003"><net_src comp="1998" pin="1"/><net_sink comp="1280" pin=1"/></net>

<net id="2007"><net_src comp="678" pin="1"/><net_sink comp="2004" pin=0"/></net>

<net id="2008"><net_src comp="2004" pin="1"/><net_sink comp="1280" pin=3"/></net>

<net id="2009"><net_src comp="2004" pin="1"/><net_sink comp="1310" pin=1"/></net>

<net id="2013"><net_src comp="682" pin="1"/><net_sink comp="2010" pin=0"/></net>

<net id="2014"><net_src comp="2010" pin="1"/><net_sink comp="1310" pin=3"/></net>

<net id="2015"><net_src comp="2010" pin="1"/><net_sink comp="1350" pin=1"/></net>

<net id="2019"><net_src comp="686" pin="1"/><net_sink comp="2016" pin=0"/></net>

<net id="2020"><net_src comp="2016" pin="1"/><net_sink comp="1350" pin=3"/></net>

<net id="2021"><net_src comp="2016" pin="1"/><net_sink comp="1400" pin=1"/></net>

<net id="2025"><net_src comp="690" pin="1"/><net_sink comp="2022" pin=0"/></net>

<net id="2026"><net_src comp="2022" pin="1"/><net_sink comp="1400" pin=3"/></net>

<net id="2027"><net_src comp="2022" pin="1"/><net_sink comp="1460" pin=1"/></net>

<net id="2031"><net_src comp="694" pin="1"/><net_sink comp="2028" pin=0"/></net>

<net id="2032"><net_src comp="2028" pin="1"/><net_sink comp="1460" pin=3"/></net>

<net id="2033"><net_src comp="2028" pin="1"/><net_sink comp="1530" pin=1"/></net>

<net id="2037"><net_src comp="698" pin="1"/><net_sink comp="2034" pin=0"/></net>

<net id="2038"><net_src comp="2034" pin="1"/><net_sink comp="1530" pin=3"/></net>

<net id="2039"><net_src comp="2034" pin="1"/><net_sink comp="1600" pin=1"/></net>

<net id="2043"><net_src comp="702" pin="1"/><net_sink comp="2040" pin=0"/></net>

<net id="2044"><net_src comp="2040" pin="1"/><net_sink comp="1600" pin=3"/></net>

<net id="2045"><net_src comp="2040" pin="1"/><net_sink comp="1660" pin=1"/></net>

<net id="2049"><net_src comp="706" pin="1"/><net_sink comp="2046" pin=0"/></net>

<net id="2050"><net_src comp="2046" pin="1"/><net_sink comp="1660" pin=3"/></net>

<net id="2051"><net_src comp="2046" pin="1"/><net_sink comp="1870" pin=3"/></net>

<net id="2055"><net_src comp="710" pin="1"/><net_sink comp="2052" pin=0"/></net>

<net id="2056"><net_src comp="2052" pin="1"/><net_sink comp="1178" pin=12"/></net>

<net id="2057"><net_src comp="2052" pin="1"/><net_sink comp="1320" pin=1"/></net>

<net id="2061"><net_src comp="714" pin="1"/><net_sink comp="2058" pin=0"/></net>

<net id="2062"><net_src comp="2058" pin="1"/><net_sink comp="1320" pin=3"/></net>

<net id="2063"><net_src comp="2058" pin="1"/><net_sink comp="1360" pin=1"/></net>

<net id="2067"><net_src comp="718" pin="1"/><net_sink comp="2064" pin=0"/></net>

<net id="2068"><net_src comp="2064" pin="1"/><net_sink comp="1360" pin=3"/></net>

<net id="2069"><net_src comp="2064" pin="1"/><net_sink comp="1410" pin=1"/></net>

<net id="2073"><net_src comp="722" pin="1"/><net_sink comp="2070" pin=0"/></net>

<net id="2074"><net_src comp="2070" pin="1"/><net_sink comp="1410" pin=3"/></net>

<net id="2075"><net_src comp="2070" pin="1"/><net_sink comp="1470" pin=1"/></net>

<net id="2079"><net_src comp="726" pin="1"/><net_sink comp="2076" pin=0"/></net>

<net id="2080"><net_src comp="2076" pin="1"/><net_sink comp="1470" pin=3"/></net>

<net id="2081"><net_src comp="2076" pin="1"/><net_sink comp="1540" pin=1"/></net>

<net id="2085"><net_src comp="730" pin="1"/><net_sink comp="2082" pin=0"/></net>

<net id="2086"><net_src comp="2082" pin="1"/><net_sink comp="1540" pin=3"/></net>

<net id="2087"><net_src comp="2082" pin="1"/><net_sink comp="1610" pin=1"/></net>

<net id="2091"><net_src comp="734" pin="1"/><net_sink comp="2088" pin=0"/></net>

<net id="2092"><net_src comp="2088" pin="1"/><net_sink comp="1610" pin=3"/></net>

<net id="2093"><net_src comp="2088" pin="1"/><net_sink comp="1670" pin=1"/></net>

<net id="2097"><net_src comp="738" pin="1"/><net_sink comp="2094" pin=0"/></net>

<net id="2098"><net_src comp="2094" pin="1"/><net_sink comp="1670" pin=3"/></net>

<net id="2099"><net_src comp="2094" pin="1"/><net_sink comp="1720" pin=1"/></net>

<net id="2103"><net_src comp="742" pin="1"/><net_sink comp="2100" pin=0"/></net>

<net id="2104"><net_src comp="2100" pin="1"/><net_sink comp="1720" pin=3"/></net>

<net id="2105"><net_src comp="2100" pin="1"/><net_sink comp="1870" pin=4"/></net>

<net id="2109"><net_src comp="746" pin="1"/><net_sink comp="2106" pin=0"/></net>

<net id="2110"><net_src comp="2106" pin="1"/><net_sink comp="1178" pin=13"/></net>

<net id="2111"><net_src comp="2106" pin="1"/><net_sink comp="1370" pin=1"/></net>

<net id="2115"><net_src comp="750" pin="1"/><net_sink comp="2112" pin=0"/></net>

<net id="2116"><net_src comp="2112" pin="1"/><net_sink comp="1370" pin=3"/></net>

<net id="2117"><net_src comp="2112" pin="1"/><net_sink comp="1420" pin=1"/></net>

<net id="2121"><net_src comp="754" pin="1"/><net_sink comp="2118" pin=0"/></net>

<net id="2122"><net_src comp="2118" pin="1"/><net_sink comp="1420" pin=3"/></net>

<net id="2123"><net_src comp="2118" pin="1"/><net_sink comp="1480" pin=1"/></net>

<net id="2127"><net_src comp="758" pin="1"/><net_sink comp="2124" pin=0"/></net>

<net id="2128"><net_src comp="2124" pin="1"/><net_sink comp="1480" pin=3"/></net>

<net id="2129"><net_src comp="2124" pin="1"/><net_sink comp="1550" pin=1"/></net>

<net id="2133"><net_src comp="762" pin="1"/><net_sink comp="2130" pin=0"/></net>

<net id="2134"><net_src comp="2130" pin="1"/><net_sink comp="1550" pin=3"/></net>

<net id="2135"><net_src comp="2130" pin="1"/><net_sink comp="1620" pin=1"/></net>

<net id="2139"><net_src comp="766" pin="1"/><net_sink comp="2136" pin=0"/></net>

<net id="2140"><net_src comp="2136" pin="1"/><net_sink comp="1620" pin=3"/></net>

<net id="2141"><net_src comp="2136" pin="1"/><net_sink comp="1680" pin=1"/></net>

<net id="2145"><net_src comp="770" pin="1"/><net_sink comp="2142" pin=0"/></net>

<net id="2146"><net_src comp="2142" pin="1"/><net_sink comp="1680" pin=3"/></net>

<net id="2147"><net_src comp="2142" pin="1"/><net_sink comp="1730" pin=1"/></net>

<net id="2151"><net_src comp="774" pin="1"/><net_sink comp="2148" pin=0"/></net>

<net id="2152"><net_src comp="2148" pin="1"/><net_sink comp="1730" pin=3"/></net>

<net id="2153"><net_src comp="2148" pin="1"/><net_sink comp="1770" pin=1"/></net>

<net id="2157"><net_src comp="778" pin="1"/><net_sink comp="2154" pin=0"/></net>

<net id="2158"><net_src comp="2154" pin="1"/><net_sink comp="1770" pin=3"/></net>

<net id="2159"><net_src comp="2154" pin="1"/><net_sink comp="1870" pin=5"/></net>

<net id="2163"><net_src comp="782" pin="1"/><net_sink comp="2160" pin=0"/></net>

<net id="2164"><net_src comp="2160" pin="1"/><net_sink comp="1178" pin=14"/></net>

<net id="2165"><net_src comp="2160" pin="1"/><net_sink comp="1430" pin=1"/></net>

<net id="2169"><net_src comp="786" pin="1"/><net_sink comp="2166" pin=0"/></net>

<net id="2170"><net_src comp="2166" pin="1"/><net_sink comp="1430" pin=3"/></net>

<net id="2171"><net_src comp="2166" pin="1"/><net_sink comp="1490" pin=1"/></net>

<net id="2175"><net_src comp="790" pin="1"/><net_sink comp="2172" pin=0"/></net>

<net id="2176"><net_src comp="2172" pin="1"/><net_sink comp="1490" pin=3"/></net>

<net id="2177"><net_src comp="2172" pin="1"/><net_sink comp="1560" pin=1"/></net>

<net id="2181"><net_src comp="794" pin="1"/><net_sink comp="2178" pin=0"/></net>

<net id="2182"><net_src comp="2178" pin="1"/><net_sink comp="1560" pin=3"/></net>

<net id="2183"><net_src comp="2178" pin="1"/><net_sink comp="1630" pin=1"/></net>

<net id="2187"><net_src comp="798" pin="1"/><net_sink comp="2184" pin=0"/></net>

<net id="2188"><net_src comp="2184" pin="1"/><net_sink comp="1630" pin=3"/></net>

<net id="2189"><net_src comp="2184" pin="1"/><net_sink comp="1690" pin=1"/></net>

<net id="2193"><net_src comp="802" pin="1"/><net_sink comp="2190" pin=0"/></net>

<net id="2194"><net_src comp="2190" pin="1"/><net_sink comp="1690" pin=3"/></net>

<net id="2195"><net_src comp="2190" pin="1"/><net_sink comp="1740" pin=1"/></net>

<net id="2199"><net_src comp="806" pin="1"/><net_sink comp="2196" pin=0"/></net>

<net id="2200"><net_src comp="2196" pin="1"/><net_sink comp="1740" pin=3"/></net>

<net id="2201"><net_src comp="2196" pin="1"/><net_sink comp="1780" pin=1"/></net>

<net id="2205"><net_src comp="810" pin="1"/><net_sink comp="2202" pin=0"/></net>

<net id="2206"><net_src comp="2202" pin="1"/><net_sink comp="1780" pin=3"/></net>

<net id="2207"><net_src comp="2202" pin="1"/><net_sink comp="1810" pin=1"/></net>

<net id="2211"><net_src comp="814" pin="1"/><net_sink comp="2208" pin=0"/></net>

<net id="2212"><net_src comp="2208" pin="1"/><net_sink comp="1810" pin=3"/></net>

<net id="2213"><net_src comp="2208" pin="1"/><net_sink comp="1870" pin=6"/></net>

<net id="2217"><net_src comp="818" pin="1"/><net_sink comp="2214" pin=0"/></net>

<net id="2218"><net_src comp="2214" pin="1"/><net_sink comp="1178" pin=15"/></net>

<net id="2219"><net_src comp="2214" pin="1"/><net_sink comp="1500" pin=1"/></net>

<net id="2223"><net_src comp="822" pin="1"/><net_sink comp="2220" pin=0"/></net>

<net id="2224"><net_src comp="2220" pin="1"/><net_sink comp="1500" pin=3"/></net>

<net id="2225"><net_src comp="2220" pin="1"/><net_sink comp="1570" pin=1"/></net>

<net id="2229"><net_src comp="826" pin="1"/><net_sink comp="2226" pin=0"/></net>

<net id="2230"><net_src comp="2226" pin="1"/><net_sink comp="1570" pin=3"/></net>

<net id="2231"><net_src comp="2226" pin="1"/><net_sink comp="1640" pin=1"/></net>

<net id="2235"><net_src comp="830" pin="1"/><net_sink comp="2232" pin=0"/></net>

<net id="2236"><net_src comp="2232" pin="1"/><net_sink comp="1640" pin=3"/></net>

<net id="2237"><net_src comp="2232" pin="1"/><net_sink comp="1700" pin=1"/></net>

<net id="2241"><net_src comp="834" pin="1"/><net_sink comp="2238" pin=0"/></net>

<net id="2242"><net_src comp="2238" pin="1"/><net_sink comp="1700" pin=3"/></net>

<net id="2243"><net_src comp="2238" pin="1"/><net_sink comp="1750" pin=1"/></net>

<net id="2247"><net_src comp="838" pin="1"/><net_sink comp="2244" pin=0"/></net>

<net id="2248"><net_src comp="2244" pin="1"/><net_sink comp="1750" pin=3"/></net>

<net id="2249"><net_src comp="2244" pin="1"/><net_sink comp="1790" pin=1"/></net>

<net id="2253"><net_src comp="842" pin="1"/><net_sink comp="2250" pin=0"/></net>

<net id="2254"><net_src comp="2250" pin="1"/><net_sink comp="1790" pin=3"/></net>

<net id="2255"><net_src comp="2250" pin="1"/><net_sink comp="1820" pin=1"/></net>

<net id="2259"><net_src comp="846" pin="1"/><net_sink comp="2256" pin=0"/></net>

<net id="2260"><net_src comp="2256" pin="1"/><net_sink comp="1820" pin=3"/></net>

<net id="2261"><net_src comp="2256" pin="1"/><net_sink comp="1840" pin=1"/></net>

<net id="2265"><net_src comp="850" pin="1"/><net_sink comp="2262" pin=0"/></net>

<net id="2266"><net_src comp="2262" pin="1"/><net_sink comp="1840" pin=3"/></net>

<net id="2267"><net_src comp="2262" pin="1"/><net_sink comp="1870" pin=7"/></net>

<net id="2271"><net_src comp="854" pin="1"/><net_sink comp="2268" pin=0"/></net>

<net id="2272"><net_src comp="2268" pin="1"/><net_sink comp="1178" pin=16"/></net>

<net id="2273"><net_src comp="2268" pin="1"/><net_sink comp="1580" pin=1"/></net>

<net id="2277"><net_src comp="858" pin="1"/><net_sink comp="2274" pin=0"/></net>

<net id="2278"><net_src comp="2274" pin="1"/><net_sink comp="1580" pin=3"/></net>

<net id="2279"><net_src comp="2274" pin="1"/><net_sink comp="1650" pin=1"/></net>

<net id="2283"><net_src comp="862" pin="1"/><net_sink comp="2280" pin=0"/></net>

<net id="2284"><net_src comp="2280" pin="1"/><net_sink comp="1650" pin=3"/></net>

<net id="2285"><net_src comp="2280" pin="1"/><net_sink comp="1710" pin=1"/></net>

<net id="2289"><net_src comp="866" pin="1"/><net_sink comp="2286" pin=0"/></net>

<net id="2290"><net_src comp="2286" pin="1"/><net_sink comp="1710" pin=3"/></net>

<net id="2291"><net_src comp="2286" pin="1"/><net_sink comp="1760" pin=1"/></net>

<net id="2295"><net_src comp="870" pin="1"/><net_sink comp="2292" pin=0"/></net>

<net id="2296"><net_src comp="2292" pin="1"/><net_sink comp="1760" pin=3"/></net>

<net id="2297"><net_src comp="2292" pin="1"/><net_sink comp="1800" pin=1"/></net>

<net id="2301"><net_src comp="874" pin="1"/><net_sink comp="2298" pin=0"/></net>

<net id="2302"><net_src comp="2298" pin="1"/><net_sink comp="1800" pin=3"/></net>

<net id="2303"><net_src comp="2298" pin="1"/><net_sink comp="1830" pin=1"/></net>

<net id="2307"><net_src comp="878" pin="1"/><net_sink comp="2304" pin=0"/></net>

<net id="2308"><net_src comp="2304" pin="1"/><net_sink comp="1830" pin=3"/></net>

<net id="2309"><net_src comp="2304" pin="1"/><net_sink comp="1850" pin=1"/></net>

<net id="2313"><net_src comp="882" pin="1"/><net_sink comp="2310" pin=0"/></net>

<net id="2314"><net_src comp="2310" pin="1"/><net_sink comp="1850" pin=3"/></net>

<net id="2315"><net_src comp="2310" pin="1"/><net_sink comp="1860" pin=1"/></net>

<net id="2319"><net_src comp="886" pin="1"/><net_sink comp="2316" pin=0"/></net>

<net id="2320"><net_src comp="2316" pin="1"/><net_sink comp="1860" pin=3"/></net>

<net id="2321"><net_src comp="2316" pin="1"/><net_sink comp="1870" pin=8"/></net>

<net id="2325"><net_src comp="890" pin="1"/><net_sink comp="2322" pin=0"/></net>

<net id="2326"><net_src comp="2322" pin="1"/><net_sink comp="1178" pin=25"/></net>

<net id="2327"><net_src comp="2322" pin="1"/><net_sink comp="1230" pin=2"/></net>

<net id="2331"><net_src comp="894" pin="1"/><net_sink comp="2328" pin=0"/></net>

<net id="2332"><net_src comp="2328" pin="1"/><net_sink comp="1230" pin=4"/></net>

<net id="2333"><net_src comp="2328" pin="1"/><net_sink comp="1250" pin=2"/></net>

<net id="2337"><net_src comp="898" pin="1"/><net_sink comp="2334" pin=0"/></net>

<net id="2338"><net_src comp="2334" pin="1"/><net_sink comp="1250" pin=4"/></net>

<net id="2339"><net_src comp="2334" pin="1"/><net_sink comp="1280" pin=2"/></net>

<net id="2343"><net_src comp="902" pin="1"/><net_sink comp="2340" pin=0"/></net>

<net id="2344"><net_src comp="2340" pin="1"/><net_sink comp="1280" pin=4"/></net>

<net id="2345"><net_src comp="2340" pin="1"/><net_sink comp="1320" pin=2"/></net>

<net id="2349"><net_src comp="906" pin="1"/><net_sink comp="2346" pin=0"/></net>

<net id="2350"><net_src comp="2346" pin="1"/><net_sink comp="1320" pin=4"/></net>

<net id="2351"><net_src comp="2346" pin="1"/><net_sink comp="1370" pin=2"/></net>

<net id="2355"><net_src comp="910" pin="1"/><net_sink comp="2352" pin=0"/></net>

<net id="2356"><net_src comp="2352" pin="1"/><net_sink comp="1370" pin=4"/></net>

<net id="2357"><net_src comp="2352" pin="1"/><net_sink comp="1430" pin=2"/></net>

<net id="2361"><net_src comp="914" pin="1"/><net_sink comp="2358" pin=0"/></net>

<net id="2362"><net_src comp="2358" pin="1"/><net_sink comp="1430" pin=4"/></net>

<net id="2363"><net_src comp="2358" pin="1"/><net_sink comp="1500" pin=2"/></net>

<net id="2367"><net_src comp="918" pin="1"/><net_sink comp="2364" pin=0"/></net>

<net id="2368"><net_src comp="2364" pin="1"/><net_sink comp="1500" pin=4"/></net>

<net id="2369"><net_src comp="2364" pin="1"/><net_sink comp="1580" pin=2"/></net>

<net id="2373"><net_src comp="922" pin="1"/><net_sink comp="2370" pin=0"/></net>

<net id="2374"><net_src comp="2370" pin="1"/><net_sink comp="1580" pin=4"/></net>

<net id="2375"><net_src comp="2370" pin="1"/><net_sink comp="1870" pin=9"/></net>

<net id="2379"><net_src comp="926" pin="1"/><net_sink comp="2376" pin=0"/></net>

<net id="2380"><net_src comp="2376" pin="1"/><net_sink comp="1178" pin=26"/></net>

<net id="2381"><net_src comp="2376" pin="1"/><net_sink comp="1240" pin=2"/></net>

<net id="2385"><net_src comp="930" pin="1"/><net_sink comp="2382" pin=0"/></net>

<net id="2386"><net_src comp="2382" pin="1"/><net_sink comp="1240" pin=4"/></net>

<net id="2387"><net_src comp="2382" pin="1"/><net_sink comp="1270" pin=2"/></net>

<net id="2391"><net_src comp="934" pin="1"/><net_sink comp="2388" pin=0"/></net>

<net id="2392"><net_src comp="2388" pin="1"/><net_sink comp="1270" pin=4"/></net>

<net id="2393"><net_src comp="2388" pin="1"/><net_sink comp="1310" pin=2"/></net>

<net id="2397"><net_src comp="938" pin="1"/><net_sink comp="2394" pin=0"/></net>

<net id="2398"><net_src comp="2394" pin="1"/><net_sink comp="1310" pin=4"/></net>

<net id="2399"><net_src comp="2394" pin="1"/><net_sink comp="1360" pin=2"/></net>

<net id="2403"><net_src comp="942" pin="1"/><net_sink comp="2400" pin=0"/></net>

<net id="2404"><net_src comp="2400" pin="1"/><net_sink comp="1360" pin=4"/></net>

<net id="2405"><net_src comp="2400" pin="1"/><net_sink comp="1420" pin=2"/></net>

<net id="2409"><net_src comp="946" pin="1"/><net_sink comp="2406" pin=0"/></net>

<net id="2410"><net_src comp="2406" pin="1"/><net_sink comp="1420" pin=4"/></net>

<net id="2411"><net_src comp="2406" pin="1"/><net_sink comp="1490" pin=2"/></net>

<net id="2415"><net_src comp="950" pin="1"/><net_sink comp="2412" pin=0"/></net>

<net id="2416"><net_src comp="2412" pin="1"/><net_sink comp="1490" pin=4"/></net>

<net id="2417"><net_src comp="2412" pin="1"/><net_sink comp="1570" pin=2"/></net>

<net id="2421"><net_src comp="954" pin="1"/><net_sink comp="2418" pin=0"/></net>

<net id="2422"><net_src comp="2418" pin="1"/><net_sink comp="1570" pin=4"/></net>

<net id="2423"><net_src comp="2418" pin="1"/><net_sink comp="1650" pin=2"/></net>

<net id="2427"><net_src comp="958" pin="1"/><net_sink comp="2424" pin=0"/></net>

<net id="2428"><net_src comp="2424" pin="1"/><net_sink comp="1650" pin=4"/></net>

<net id="2429"><net_src comp="2424" pin="1"/><net_sink comp="1870" pin=10"/></net>

<net id="2433"><net_src comp="962" pin="1"/><net_sink comp="2430" pin=0"/></net>

<net id="2434"><net_src comp="2430" pin="1"/><net_sink comp="1178" pin=27"/></net>

<net id="2435"><net_src comp="2430" pin="1"/><net_sink comp="1260" pin=2"/></net>

<net id="2439"><net_src comp="966" pin="1"/><net_sink comp="2436" pin=0"/></net>

<net id="2440"><net_src comp="2436" pin="1"/><net_sink comp="1260" pin=4"/></net>

<net id="2441"><net_src comp="2436" pin="1"/><net_sink comp="1300" pin=2"/></net>

<net id="2445"><net_src comp="970" pin="1"/><net_sink comp="2442" pin=0"/></net>

<net id="2446"><net_src comp="2442" pin="1"/><net_sink comp="1300" pin=4"/></net>

<net id="2447"><net_src comp="2442" pin="1"/><net_sink comp="1350" pin=2"/></net>

<net id="2451"><net_src comp="974" pin="1"/><net_sink comp="2448" pin=0"/></net>

<net id="2452"><net_src comp="2448" pin="1"/><net_sink comp="1350" pin=4"/></net>

<net id="2453"><net_src comp="2448" pin="1"/><net_sink comp="1410" pin=2"/></net>

<net id="2457"><net_src comp="978" pin="1"/><net_sink comp="2454" pin=0"/></net>

<net id="2458"><net_src comp="2454" pin="1"/><net_sink comp="1410" pin=4"/></net>

<net id="2459"><net_src comp="2454" pin="1"/><net_sink comp="1480" pin=2"/></net>

<net id="2463"><net_src comp="982" pin="1"/><net_sink comp="2460" pin=0"/></net>

<net id="2464"><net_src comp="2460" pin="1"/><net_sink comp="1480" pin=4"/></net>

<net id="2465"><net_src comp="2460" pin="1"/><net_sink comp="1560" pin=2"/></net>

<net id="2469"><net_src comp="986" pin="1"/><net_sink comp="2466" pin=0"/></net>

<net id="2470"><net_src comp="2466" pin="1"/><net_sink comp="1560" pin=4"/></net>

<net id="2471"><net_src comp="2466" pin="1"/><net_sink comp="1640" pin=2"/></net>

<net id="2475"><net_src comp="990" pin="1"/><net_sink comp="2472" pin=0"/></net>

<net id="2476"><net_src comp="2472" pin="1"/><net_sink comp="1640" pin=4"/></net>

<net id="2477"><net_src comp="2472" pin="1"/><net_sink comp="1710" pin=2"/></net>

<net id="2481"><net_src comp="994" pin="1"/><net_sink comp="2478" pin=0"/></net>

<net id="2482"><net_src comp="2478" pin="1"/><net_sink comp="1710" pin=4"/></net>

<net id="2483"><net_src comp="2478" pin="1"/><net_sink comp="1870" pin=11"/></net>

<net id="2487"><net_src comp="998" pin="1"/><net_sink comp="2484" pin=0"/></net>

<net id="2488"><net_src comp="2484" pin="1"/><net_sink comp="1178" pin=28"/></net>

<net id="2489"><net_src comp="2484" pin="1"/><net_sink comp="1290" pin=2"/></net>

<net id="2493"><net_src comp="1002" pin="1"/><net_sink comp="2490" pin=0"/></net>

<net id="2494"><net_src comp="2490" pin="1"/><net_sink comp="1290" pin=4"/></net>

<net id="2495"><net_src comp="2490" pin="1"/><net_sink comp="1340" pin=2"/></net>

<net id="2499"><net_src comp="1006" pin="1"/><net_sink comp="2496" pin=0"/></net>

<net id="2500"><net_src comp="2496" pin="1"/><net_sink comp="1340" pin=4"/></net>

<net id="2501"><net_src comp="2496" pin="1"/><net_sink comp="1400" pin=2"/></net>

<net id="2505"><net_src comp="1010" pin="1"/><net_sink comp="2502" pin=0"/></net>

<net id="2506"><net_src comp="2502" pin="1"/><net_sink comp="1400" pin=4"/></net>

<net id="2507"><net_src comp="2502" pin="1"/><net_sink comp="1470" pin=2"/></net>

<net id="2511"><net_src comp="1014" pin="1"/><net_sink comp="2508" pin=0"/></net>

<net id="2512"><net_src comp="2508" pin="1"/><net_sink comp="1470" pin=4"/></net>

<net id="2513"><net_src comp="2508" pin="1"/><net_sink comp="1550" pin=2"/></net>

<net id="2517"><net_src comp="1018" pin="1"/><net_sink comp="2514" pin=0"/></net>

<net id="2518"><net_src comp="2514" pin="1"/><net_sink comp="1550" pin=4"/></net>

<net id="2519"><net_src comp="2514" pin="1"/><net_sink comp="1630" pin=2"/></net>

<net id="2523"><net_src comp="1022" pin="1"/><net_sink comp="2520" pin=0"/></net>

<net id="2524"><net_src comp="2520" pin="1"/><net_sink comp="1630" pin=4"/></net>

<net id="2525"><net_src comp="2520" pin="1"/><net_sink comp="1700" pin=2"/></net>

<net id="2529"><net_src comp="1026" pin="1"/><net_sink comp="2526" pin=0"/></net>

<net id="2530"><net_src comp="2526" pin="1"/><net_sink comp="1700" pin=4"/></net>

<net id="2531"><net_src comp="2526" pin="1"/><net_sink comp="1760" pin=2"/></net>

<net id="2535"><net_src comp="1030" pin="1"/><net_sink comp="2532" pin=0"/></net>

<net id="2536"><net_src comp="2532" pin="1"/><net_sink comp="1760" pin=4"/></net>

<net id="2537"><net_src comp="2532" pin="1"/><net_sink comp="1870" pin=12"/></net>

<net id="2541"><net_src comp="1034" pin="1"/><net_sink comp="2538" pin=0"/></net>

<net id="2542"><net_src comp="2538" pin="1"/><net_sink comp="1178" pin=29"/></net>

<net id="2543"><net_src comp="2538" pin="1"/><net_sink comp="1330" pin=2"/></net>

<net id="2547"><net_src comp="1038" pin="1"/><net_sink comp="2544" pin=0"/></net>

<net id="2548"><net_src comp="2544" pin="1"/><net_sink comp="1330" pin=4"/></net>

<net id="2549"><net_src comp="2544" pin="1"/><net_sink comp="1390" pin=2"/></net>

<net id="2553"><net_src comp="1042" pin="1"/><net_sink comp="2550" pin=0"/></net>

<net id="2554"><net_src comp="2550" pin="1"/><net_sink comp="1390" pin=4"/></net>

<net id="2555"><net_src comp="2550" pin="1"/><net_sink comp="1460" pin=2"/></net>

<net id="2559"><net_src comp="1046" pin="1"/><net_sink comp="2556" pin=0"/></net>

<net id="2560"><net_src comp="2556" pin="1"/><net_sink comp="1460" pin=4"/></net>

<net id="2561"><net_src comp="2556" pin="1"/><net_sink comp="1540" pin=2"/></net>

<net id="2565"><net_src comp="1050" pin="1"/><net_sink comp="2562" pin=0"/></net>

<net id="2566"><net_src comp="2562" pin="1"/><net_sink comp="1540" pin=4"/></net>

<net id="2567"><net_src comp="2562" pin="1"/><net_sink comp="1620" pin=2"/></net>

<net id="2571"><net_src comp="1054" pin="1"/><net_sink comp="2568" pin=0"/></net>

<net id="2572"><net_src comp="2568" pin="1"/><net_sink comp="1620" pin=4"/></net>

<net id="2573"><net_src comp="2568" pin="1"/><net_sink comp="1690" pin=2"/></net>

<net id="2577"><net_src comp="1058" pin="1"/><net_sink comp="2574" pin=0"/></net>

<net id="2578"><net_src comp="2574" pin="1"/><net_sink comp="1690" pin=4"/></net>

<net id="2579"><net_src comp="2574" pin="1"/><net_sink comp="1750" pin=2"/></net>

<net id="2583"><net_src comp="1062" pin="1"/><net_sink comp="2580" pin=0"/></net>

<net id="2584"><net_src comp="2580" pin="1"/><net_sink comp="1750" pin=4"/></net>

<net id="2585"><net_src comp="2580" pin="1"/><net_sink comp="1800" pin=2"/></net>

<net id="2589"><net_src comp="1066" pin="1"/><net_sink comp="2586" pin=0"/></net>

<net id="2590"><net_src comp="2586" pin="1"/><net_sink comp="1800" pin=4"/></net>

<net id="2591"><net_src comp="2586" pin="1"/><net_sink comp="1870" pin=13"/></net>

<net id="2595"><net_src comp="1070" pin="1"/><net_sink comp="2592" pin=0"/></net>

<net id="2596"><net_src comp="2592" pin="1"/><net_sink comp="1178" pin=30"/></net>

<net id="2597"><net_src comp="2592" pin="1"/><net_sink comp="1380" pin=2"/></net>

<net id="2601"><net_src comp="1074" pin="1"/><net_sink comp="2598" pin=0"/></net>

<net id="2602"><net_src comp="2598" pin="1"/><net_sink comp="1380" pin=4"/></net>

<net id="2603"><net_src comp="2598" pin="1"/><net_sink comp="1450" pin=2"/></net>

<net id="2607"><net_src comp="1078" pin="1"/><net_sink comp="2604" pin=0"/></net>

<net id="2608"><net_src comp="2604" pin="1"/><net_sink comp="1450" pin=4"/></net>

<net id="2609"><net_src comp="2604" pin="1"/><net_sink comp="1530" pin=2"/></net>

<net id="2613"><net_src comp="1082" pin="1"/><net_sink comp="2610" pin=0"/></net>

<net id="2614"><net_src comp="2610" pin="1"/><net_sink comp="1530" pin=4"/></net>

<net id="2615"><net_src comp="2610" pin="1"/><net_sink comp="1610" pin=2"/></net>

<net id="2619"><net_src comp="1086" pin="1"/><net_sink comp="2616" pin=0"/></net>

<net id="2620"><net_src comp="2616" pin="1"/><net_sink comp="1610" pin=4"/></net>

<net id="2621"><net_src comp="2616" pin="1"/><net_sink comp="1680" pin=2"/></net>

<net id="2625"><net_src comp="1090" pin="1"/><net_sink comp="2622" pin=0"/></net>

<net id="2626"><net_src comp="2622" pin="1"/><net_sink comp="1680" pin=4"/></net>

<net id="2627"><net_src comp="2622" pin="1"/><net_sink comp="1740" pin=2"/></net>

<net id="2631"><net_src comp="1094" pin="1"/><net_sink comp="2628" pin=0"/></net>

<net id="2632"><net_src comp="2628" pin="1"/><net_sink comp="1740" pin=4"/></net>

<net id="2633"><net_src comp="2628" pin="1"/><net_sink comp="1790" pin=2"/></net>

<net id="2637"><net_src comp="1098" pin="1"/><net_sink comp="2634" pin=0"/></net>

<net id="2638"><net_src comp="2634" pin="1"/><net_sink comp="1790" pin=4"/></net>

<net id="2639"><net_src comp="2634" pin="1"/><net_sink comp="1830" pin=2"/></net>

<net id="2643"><net_src comp="1102" pin="1"/><net_sink comp="2640" pin=0"/></net>

<net id="2644"><net_src comp="2640" pin="1"/><net_sink comp="1830" pin=4"/></net>

<net id="2645"><net_src comp="2640" pin="1"/><net_sink comp="1870" pin=14"/></net>

<net id="2649"><net_src comp="1106" pin="1"/><net_sink comp="2646" pin=0"/></net>

<net id="2650"><net_src comp="2646" pin="1"/><net_sink comp="1178" pin=31"/></net>

<net id="2651"><net_src comp="2646" pin="1"/><net_sink comp="1440" pin=2"/></net>

<net id="2655"><net_src comp="1110" pin="1"/><net_sink comp="2652" pin=0"/></net>

<net id="2656"><net_src comp="2652" pin="1"/><net_sink comp="1440" pin=4"/></net>

<net id="2657"><net_src comp="2652" pin="1"/><net_sink comp="1520" pin=2"/></net>

<net id="2661"><net_src comp="1114" pin="1"/><net_sink comp="2658" pin=0"/></net>

<net id="2662"><net_src comp="2658" pin="1"/><net_sink comp="1520" pin=4"/></net>

<net id="2663"><net_src comp="2658" pin="1"/><net_sink comp="1600" pin=2"/></net>

<net id="2667"><net_src comp="1118" pin="1"/><net_sink comp="2664" pin=0"/></net>

<net id="2668"><net_src comp="2664" pin="1"/><net_sink comp="1600" pin=4"/></net>

<net id="2669"><net_src comp="2664" pin="1"/><net_sink comp="1670" pin=2"/></net>

<net id="2673"><net_src comp="1122" pin="1"/><net_sink comp="2670" pin=0"/></net>

<net id="2674"><net_src comp="2670" pin="1"/><net_sink comp="1670" pin=4"/></net>

<net id="2675"><net_src comp="2670" pin="1"/><net_sink comp="1730" pin=2"/></net>

<net id="2679"><net_src comp="1126" pin="1"/><net_sink comp="2676" pin=0"/></net>

<net id="2680"><net_src comp="2676" pin="1"/><net_sink comp="1730" pin=4"/></net>

<net id="2681"><net_src comp="2676" pin="1"/><net_sink comp="1780" pin=2"/></net>

<net id="2685"><net_src comp="1130" pin="1"/><net_sink comp="2682" pin=0"/></net>

<net id="2686"><net_src comp="2682" pin="1"/><net_sink comp="1780" pin=4"/></net>

<net id="2687"><net_src comp="2682" pin="1"/><net_sink comp="1820" pin=2"/></net>

<net id="2691"><net_src comp="1134" pin="1"/><net_sink comp="2688" pin=0"/></net>

<net id="2692"><net_src comp="2688" pin="1"/><net_sink comp="1820" pin=4"/></net>

<net id="2693"><net_src comp="2688" pin="1"/><net_sink comp="1850" pin=2"/></net>

<net id="2697"><net_src comp="1138" pin="1"/><net_sink comp="2694" pin=0"/></net>

<net id="2698"><net_src comp="2694" pin="1"/><net_sink comp="1850" pin=4"/></net>

<net id="2699"><net_src comp="2694" pin="1"/><net_sink comp="1870" pin=15"/></net>

<net id="2703"><net_src comp="1142" pin="1"/><net_sink comp="2700" pin=0"/></net>

<net id="2704"><net_src comp="2700" pin="1"/><net_sink comp="1178" pin=32"/></net>

<net id="2705"><net_src comp="2700" pin="1"/><net_sink comp="1510" pin=2"/></net>

<net id="2709"><net_src comp="1146" pin="1"/><net_sink comp="2706" pin=0"/></net>

<net id="2710"><net_src comp="2706" pin="1"/><net_sink comp="1510" pin=4"/></net>

<net id="2711"><net_src comp="2706" pin="1"/><net_sink comp="1590" pin=2"/></net>

<net id="2715"><net_src comp="1150" pin="1"/><net_sink comp="2712" pin=0"/></net>

<net id="2716"><net_src comp="2712" pin="1"/><net_sink comp="1590" pin=4"/></net>

<net id="2717"><net_src comp="2712" pin="1"/><net_sink comp="1660" pin=2"/></net>

<net id="2721"><net_src comp="1154" pin="1"/><net_sink comp="2718" pin=0"/></net>

<net id="2722"><net_src comp="2718" pin="1"/><net_sink comp="1660" pin=4"/></net>

<net id="2723"><net_src comp="2718" pin="1"/><net_sink comp="1720" pin=2"/></net>

<net id="2727"><net_src comp="1158" pin="1"/><net_sink comp="2724" pin=0"/></net>

<net id="2728"><net_src comp="2724" pin="1"/><net_sink comp="1720" pin=4"/></net>

<net id="2729"><net_src comp="2724" pin="1"/><net_sink comp="1770" pin=2"/></net>

<net id="2733"><net_src comp="1162" pin="1"/><net_sink comp="2730" pin=0"/></net>

<net id="2734"><net_src comp="2730" pin="1"/><net_sink comp="1770" pin=4"/></net>

<net id="2735"><net_src comp="2730" pin="1"/><net_sink comp="1810" pin=2"/></net>

<net id="2739"><net_src comp="1166" pin="1"/><net_sink comp="2736" pin=0"/></net>

<net id="2740"><net_src comp="2736" pin="1"/><net_sink comp="1810" pin=4"/></net>

<net id="2741"><net_src comp="2736" pin="1"/><net_sink comp="1840" pin=2"/></net>

<net id="2745"><net_src comp="1170" pin="1"/><net_sink comp="2742" pin=0"/></net>

<net id="2746"><net_src comp="2742" pin="1"/><net_sink comp="1840" pin=4"/></net>

<net id="2747"><net_src comp="2742" pin="1"/><net_sink comp="1860" pin=2"/></net>

<net id="2751"><net_src comp="1174" pin="1"/><net_sink comp="2748" pin=0"/></net>

<net id="2752"><net_src comp="2748" pin="1"/><net_sink comp="1860" pin=4"/></net>

<net id="2753"><net_src comp="2748" pin="1"/><net_sink comp="1870" pin=16"/></net>

</net_list>

</model> 
---------------- Datapath Model END ------------------

* FSMD analyzer results:
  - Output states:
	Port: v6611_0_0 | {3 4 }
	Port: v6611_0_1 | {5 6 }
	Port: v6611_0_2 | {7 8 }
	Port: v6611_0_3 | {9 10 }
	Port: v6611_0_4 | {11 12 }
	Port: v6611_0_5 | {13 14 }
	Port: v6611_0_6 | {15 16 }
	Port: v6611_0_7 | {17 18 }
	Port: v6611_1_0 | {5 6 }
	Port: v6611_1_1 | {7 8 }
	Port: v6611_1_2 | {9 10 }
	Port: v6611_1_3 | {11 12 }
	Port: v6611_1_4 | {13 14 }
	Port: v6611_1_5 | {15 16 }
	Port: v6611_1_6 | {17 18 }
	Port: v6611_1_7 | {19 20 }
	Port: v6611_2_0 | {7 8 }
	Port: v6611_2_1 | {9 10 }
	Port: v6611_2_2 | {11 12 }
	Port: v6611_2_3 | {13 14 }
	Port: v6611_2_4 | {15 16 }
	Port: v6611_2_5 | {17 18 }
	Port: v6611_2_6 | {19 20 }
	Port: v6611_2_7 | {21 22 }
	Port: v6611_3_0 | {9 10 }
	Port: v6611_3_1 | {11 12 }
	Port: v6611_3_2 | {13 14 }
	Port: v6611_3_3 | {15 16 }
	Port: v6611_3_4 | {17 18 }
	Port: v6611_3_5 | {19 20 }
	Port: v6611_3_6 | {21 22 }
	Port: v6611_3_7 | {23 24 }
	Port: v6611_4_0 | {11 12 }
	Port: v6611_4_1 | {13 14 }
	Port: v6611_4_2 | {15 16 }
	Port: v6611_4_3 | {17 18 }
	Port: v6611_4_4 | {19 20 }
	Port: v6611_4_5 | {21 22 }
	Port: v6611_4_6 | {23 24 }
	Port: v6611_4_7 | {25 26 }
	Port: v6611_5_0 | {13 14 }
	Port: v6611_5_1 | {15 16 }
	Port: v6611_5_2 | {17 18 }
	Port: v6611_5_3 | {19 20 }
	Port: v6611_5_4 | {21 22 }
	Port: v6611_5_5 | {23 24 }
	Port: v6611_5_6 | {25 26 }
	Port: v6611_5_7 | {27 28 }
	Port: v6611_6_0 | {15 16 }
	Port: v6611_6_1 | {17 18 }
	Port: v6611_6_2 | {19 20 }
	Port: v6611_6_3 | {21 22 }
	Port: v6611_6_4 | {23 24 }
	Port: v6611_6_5 | {25 26 }
	Port: v6611_6_6 | {27 28 }
	Port: v6611_6_7 | {29 30 }
	Port: v6611_7_0 | {17 18 }
	Port: v6611_7_1 | {19 20 }
	Port: v6611_7_2 | {21 22 }
	Port: v6611_7_3 | {23 24 }
	Port: v6611_7_4 | {25 26 }
	Port: v6611_7_5 | {27 28 }
	Port: v6611_7_6 | {29 30 }
	Port: v6611_7_7 | {31 32 }
 - Input state : 
	Port: systolic_tile_QKT : v6609_0 | {1 2 }
	Port: systolic_tile_QKT : v6609_1 | {1 2 }
	Port: systolic_tile_QKT : v6609_2 | {1 2 }
	Port: systolic_tile_QKT : v6609_3 | {1 2 }
	Port: systolic_tile_QKT : v6609_4 | {1 2 }
	Port: systolic_tile_QKT : v6609_5 | {1 2 }
	Port: systolic_tile_QKT : v6609_6 | {1 2 }
	Port: systolic_tile_QKT : v6609_7 | {1 2 }
	Port: systolic_tile_QKT : v6610_0 | {1 2 }
	Port: systolic_tile_QKT : v6610_1 | {1 2 }
	Port: systolic_tile_QKT : v6610_2 | {1 2 }
	Port: systolic_tile_QKT : v6610_3 | {1 2 }
	Port: systolic_tile_QKT : v6610_4 | {1 2 }
	Port: systolic_tile_QKT : v6610_5 | {1 2 }
	Port: systolic_tile_QKT : v6610_6 | {1 2 }
	Port: systolic_tile_QKT : v6610_7 | {1 2 }
  - Chain level:
	State 1
		call_ln0 : 1
	State 2
	State 3
	State 4
	State 5
	State 6
	State 7
	State 8
	State 9
	State 10
	State 11
	State 12
	State 13
	State 14
	State 15
	State 16
	State 17
	State 18
	State 19
	State 20
	State 21
	State 22
	State 23
	State 24
	State 25
	State 26
	State 27
	State 28
	State 29
	State 30
	State 31
	State 32
	State 33
	State 34


============================================================
+ Verbose Summary: Datapath Resource usage 
============================================================

* Functional unit list:
|----------|-------------------------------------------------------------|---------|---------|---------|---------|
| Operation|                       Functional Unit                       |   DSP   |  Delay  |    FF   |   LUT   |
|----------|-------------------------------------------------------------|---------|---------|---------|---------|
|          |  grp_systolic_tile_QKT_Loop_l_data_load_k272_proc26_fu_1178 |    0    |  6.192  |   103   |   172   |
|          |               grp_PE_kernel_QKT_0_0_1_fu_1230               |    5    |  1.161  |   480   |   358   |
|          |               grp_PE_kernel_QKT_1_0_1_fu_1240               |    5    |  1.161  |   480   |   358   |
|          |               grp_PE_kernel_QKT_0_1_1_fu_1250               |    5    |  1.161  |   480   |   358   |
|          |               grp_PE_kernel_QKT_2_0_1_fu_1260               |    5    |  1.161  |   480   |   358   |
|          |               grp_PE_kernel_QKT_1_1_1_fu_1270               |    5    |  1.161  |   480   |   358   |
|          |               grp_PE_kernel_QKT_0_2_1_fu_1280               |    5    |  1.161  |   480   |   358   |
|          |               grp_PE_kernel_QKT_3_0_1_fu_1290               |    5    |  1.161  |   480   |   358   |
|          |               grp_PE_kernel_QKT_2_1_1_fu_1300               |    5    |  1.161  |   480   |   358   |
|          |               grp_PE_kernel_QKT_1_2_1_fu_1310               |    5    |  1.161  |   480   |   358   |
|          |               grp_PE_kernel_QKT_0_3_1_fu_1320               |    5    |  1.161  |   480   |   358   |
|          |               grp_PE_kernel_QKT_4_0_1_fu_1330               |    5    |  1.161  |   480   |   358   |
|          |               grp_PE_kernel_QKT_3_1_1_fu_1340               |    5    |  1.161  |   480   |   358   |
|          |               grp_PE_kernel_QKT_2_2_1_fu_1350               |    5    |  1.161  |   480   |   358   |
|          |               grp_PE_kernel_QKT_1_3_1_fu_1360               |    5    |  1.161  |   480   |   358   |
|          |               grp_PE_kernel_QKT_0_4_1_fu_1370               |    5    |  1.161  |   480   |   358   |
|          |               grp_PE_kernel_QKT_5_0_1_fu_1380               |    5    |  1.161  |   480   |   358   |
|          |               grp_PE_kernel_QKT_4_1_1_fu_1390               |    5    |  1.161  |   480   |   358   |
|          |               grp_PE_kernel_QKT_3_2_1_fu_1400               |    5    |  1.161  |   480   |   358   |
|          |               grp_PE_kernel_QKT_2_3_1_fu_1410               |    5    |  1.161  |   480   |   358   |
|          |               grp_PE_kernel_QKT_1_4_1_fu_1420               |    5    |  1.161  |   480   |   358   |
|          |               grp_PE_kernel_QKT_0_5_1_fu_1430               |    5    |  1.161  |   480   |   358   |
|          |               grp_PE_kernel_QKT_6_0_1_fu_1440               |    5    |  1.161  |   480   |   358   |
|          |               grp_PE_kernel_QKT_5_1_1_fu_1450               |    5    |  1.161  |   480   |   358   |
|          |               grp_PE_kernel_QKT_4_2_1_fu_1460               |    5    |  1.161  |   480   |   358   |
|          |               grp_PE_kernel_QKT_3_3_1_fu_1470               |    5    |  1.161  |   480   |   358   |
|          |               grp_PE_kernel_QKT_2_4_1_fu_1480               |    5    |  1.161  |   480   |   358   |
|          |               grp_PE_kernel_QKT_1_5_1_fu_1490               |    5    |  1.161  |   480   |   358   |
|          |               grp_PE_kernel_QKT_0_6_1_fu_1500               |    5    |  1.161  |   480   |   358   |
|          |               grp_PE_kernel_QKT_7_0_1_fu_1510               |    5    |  1.161  |   480   |   358   |
|          |               grp_PE_kernel_QKT_6_1_1_fu_1520               |    5    |  1.161  |   480   |   358   |
|          |               grp_PE_kernel_QKT_5_2_1_fu_1530               |    5    |  1.161  |   480   |   358   |
|   call   |               grp_PE_kernel_QKT_4_3_1_fu_1540               |    5    |  1.161  |   480   |   358   |
|          |               grp_PE_kernel_QKT_3_4_1_fu_1550               |    5    |  1.161  |   480   |   358   |
|          |               grp_PE_kernel_QKT_2_5_1_fu_1560               |    5    |  1.161  |   480   |   358   |
|          |               grp_PE_kernel_QKT_1_6_1_fu_1570               |    5    |  1.161  |   480   |   358   |
|          |               grp_PE_kernel_QKT_0_7_1_fu_1580               |    5    |  1.161  |   480   |   358   |
|          |               grp_PE_kernel_QKT_7_1_1_fu_1590               |    5    |  1.161  |   480   |   358   |
|          |               grp_PE_kernel_QKT_6_2_1_fu_1600               |    5    |  1.161  |   480   |   358   |
|          |               grp_PE_kernel_QKT_5_3_1_fu_1610               |    5    |  1.161  |   480   |   358   |
|          |               grp_PE_kernel_QKT_4_4_1_fu_1620               |    5    |  1.161  |   480   |   358   |
|          |               grp_PE_kernel_QKT_3_5_1_fu_1630               |    5    |  1.161  |   480   |   358   |
|          |               grp_PE_kernel_QKT_2_6_1_fu_1640               |    5    |  1.161  |   480   |   358   |
|          |               grp_PE_kernel_QKT_1_7_1_fu_1650               |    5    |  1.161  |   480   |   358   |
|          |               grp_PE_kernel_QKT_7_2_1_fu_1660               |    5    |  1.161  |   480   |   358   |
|          |               grp_PE_kernel_QKT_6_3_1_fu_1670               |    5    |  1.161  |   480   |   358   |
|          |               grp_PE_kernel_QKT_5_4_1_fu_1680               |    5    |  1.161  |   480   |   358   |
|          |               grp_PE_kernel_QKT_4_5_1_fu_1690               |    5    |  1.161  |   480   |   358   |
|          |               grp_PE_kernel_QKT_3_6_1_fu_1700               |    5    |  1.161  |   480   |   358   |
|          |               grp_PE_kernel_QKT_2_7_1_fu_1710               |    5    |  1.161  |   480   |   358   |
|          |               grp_PE_kernel_QKT_7_3_1_fu_1720               |    5    |  1.161  |   480   |   358   |
|          |               grp_PE_kernel_QKT_6_4_1_fu_1730               |    5    |  1.161  |   480   |   358   |
|          |               grp_PE_kernel_QKT_5_5_1_fu_1740               |    5    |  1.161  |   480   |   358   |
|          |               grp_PE_kernel_QKT_4_6_1_fu_1750               |    5    |  1.161  |   480   |   358   |
|          |               grp_PE_kernel_QKT_3_7_1_fu_1760               |    5    |  1.161  |   480   |   358   |
|          |               grp_PE_kernel_QKT_7_4_1_fu_1770               |    5    |  1.161  |   480   |   358   |
|          |               grp_PE_kernel_QKT_6_5_1_fu_1780               |    5    |  1.161  |   480   |   358   |
|          |               grp_PE_kernel_QKT_5_6_1_fu_1790               |    5    |  1.161  |   480   |   358   |
|          |               grp_PE_kernel_QKT_4_7_1_fu_1800               |    5    |  1.161  |   480   |   358   |
|          |               grp_PE_kernel_QKT_7_5_1_fu_1810               |    5    |  1.161  |   480   |   358   |
|          |               grp_PE_kernel_QKT_6_6_1_fu_1820               |    5    |  1.161  |   480   |   358   |
|          |               grp_PE_kernel_QKT_5_7_1_fu_1830               |    5    |  1.161  |   480   |   358   |
|          |               grp_PE_kernel_QKT_7_6_1_fu_1840               |    5    |  1.161  |   480   |   358   |
|          |               grp_PE_kernel_QKT_6_7_1_fu_1850               |    5    |  1.161  |   480   |   358   |
|          |               grp_PE_kernel_QKT_7_7_1_fu_1860               |    5    |  1.161  |   480   |   358   |
|          | grp_systolic_tile_QKT_Loop_l_data_drain_k273_proc27_fu_1870 |    0    |    0    |    7    |    28   |
|----------|-------------------------------------------------------------|---------|---------|---------|---------|
|   Total  |                                                             |   320   |  80.496 |  30830  |  23112  |
|----------|-------------------------------------------------------------|---------|---------|---------|---------|

Memories:
N/A

* Register list:
+-------------------+--------+
|                   |   FF   |
+-------------------+--------+
|A_fifo4_10_reg_1950|   32   |
|A_fifo4_11_reg_1956|   32   |
|A_fifo4_12_reg_1962|   32   |
|A_fifo4_13_reg_1968|   32   |
|A_fifo4_14_reg_1974|   32   |
|A_fifo4_15_reg_1980|   32   |
|A_fifo4_16_reg_1986|   32   |
|A_fifo4_17_reg_1992|   32   |
|A_fifo4_18_reg_1998|   32   |
|A_fifo4_19_reg_2004|   32   |
| A_fifo4_1_reg_1896|   32   |
|A_fifo4_20_reg_2010|   32   |
|A_fifo4_21_reg_2016|   32   |
|A_fifo4_22_reg_2022|   32   |
|A_fifo4_23_reg_2028|   32   |
|A_fifo4_24_reg_2034|   32   |
|A_fifo4_25_reg_2040|   32   |
|A_fifo4_26_reg_2046|   32   |
|A_fifo4_27_reg_2052|   32   |
|A_fifo4_28_reg_2058|   32   |
|A_fifo4_29_reg_2064|   32   |
| A_fifo4_2_reg_1902|   32   |
|A_fifo4_30_reg_2070|   32   |
|A_fifo4_31_reg_2076|   32   |
|A_fifo4_32_reg_2082|   32   |
|A_fifo4_33_reg_2088|   32   |
|A_fifo4_34_reg_2094|   32   |
|A_fifo4_35_reg_2100|   32   |
|A_fifo4_36_reg_2106|   32   |
|A_fifo4_37_reg_2112|   32   |
|A_fifo4_38_reg_2118|   32   |
|A_fifo4_39_reg_2124|   32   |
| A_fifo4_3_reg_1908|   32   |
|A_fifo4_40_reg_2130|   32   |
|A_fifo4_41_reg_2136|   32   |
|A_fifo4_42_reg_2142|   32   |
|A_fifo4_43_reg_2148|   32   |
|A_fifo4_44_reg_2154|   32   |
|A_fifo4_45_reg_2160|   32   |
|A_fifo4_46_reg_2166|   32   |
|A_fifo4_47_reg_2172|   32   |
|A_fifo4_48_reg_2178|   32   |
|A_fifo4_49_reg_2184|   32   |
| A_fifo4_4_reg_1914|   32   |
|A_fifo4_50_reg_2190|   32   |
|A_fifo4_51_reg_2196|   32   |
|A_fifo4_52_reg_2202|   32   |
|A_fifo4_53_reg_2208|   32   |
|A_fifo4_54_reg_2214|   32   |
|A_fifo4_55_reg_2220|   32   |
|A_fifo4_56_reg_2226|   32   |
|A_fifo4_57_reg_2232|   32   |
|A_fifo4_58_reg_2238|   32   |
|A_fifo4_59_reg_2244|   32   |
| A_fifo4_5_reg_1920|   32   |
|A_fifo4_60_reg_2250|   32   |
|A_fifo4_61_reg_2256|   32   |
|A_fifo4_62_reg_2262|   32   |
|A_fifo4_63_reg_2268|   32   |
|A_fifo4_64_reg_2274|   32   |
|A_fifo4_65_reg_2280|   32   |
|A_fifo4_66_reg_2286|   32   |
|A_fifo4_67_reg_2292|   32   |
|A_fifo4_68_reg_2298|   32   |
|A_fifo4_69_reg_2304|   32   |
| A_fifo4_6_reg_1926|   32   |
|A_fifo4_70_reg_2310|   32   |
|A_fifo4_71_reg_2316|   32   |
| A_fifo4_7_reg_1932|   32   |
| A_fifo4_8_reg_1938|   32   |
| A_fifo4_9_reg_1944|   32   |
|  A_fifo4_reg_1890 |   32   |
|B_fifo4_10_reg_2382|   32   |
|B_fifo4_11_reg_2388|   32   |
|B_fifo4_12_reg_2394|   32   |
|B_fifo4_13_reg_2400|   32   |
|B_fifo4_14_reg_2406|   32   |
|B_fifo4_15_reg_2412|   32   |
|B_fifo4_16_reg_2418|   32   |
|B_fifo4_17_reg_2424|   32   |
|B_fifo4_18_reg_2430|   32   |
|B_fifo4_19_reg_2436|   32   |
| B_fifo4_1_reg_2328|   32   |
|B_fifo4_20_reg_2442|   32   |
|B_fifo4_21_reg_2448|   32   |
|B_fifo4_22_reg_2454|   32   |
|B_fifo4_23_reg_2460|   32   |
|B_fifo4_24_reg_2466|   32   |
|B_fifo4_25_reg_2472|   32   |
|B_fifo4_26_reg_2478|   32   |
|B_fifo4_27_reg_2484|   32   |
|B_fifo4_28_reg_2490|   32   |
|B_fifo4_29_reg_2496|   32   |
| B_fifo4_2_reg_2334|   32   |
|B_fifo4_30_reg_2502|   32   |
|B_fifo4_31_reg_2508|   32   |
|B_fifo4_32_reg_2514|   32   |
|B_fifo4_33_reg_2520|   32   |
|B_fifo4_34_reg_2526|   32   |
|B_fifo4_35_reg_2532|   32   |
|B_fifo4_36_reg_2538|   32   |
|B_fifo4_37_reg_2544|   32   |
|B_fifo4_38_reg_2550|   32   |
|B_fifo4_39_reg_2556|   32   |
| B_fifo4_3_reg_2340|   32   |
|B_fifo4_40_reg_2562|   32   |
|B_fifo4_41_reg_2568|   32   |
|B_fifo4_42_reg_2574|   32   |
|B_fifo4_43_reg_2580|   32   |
|B_fifo4_44_reg_2586|   32   |
|B_fifo4_45_reg_2592|   32   |
|B_fifo4_46_reg_2598|   32   |
|B_fifo4_47_reg_2604|   32   |
|B_fifo4_48_reg_2610|   32   |
|B_fifo4_49_reg_2616|   32   |
| B_fifo4_4_reg_2346|   32   |
|B_fifo4_50_reg_2622|   32   |
|B_fifo4_51_reg_2628|   32   |
|B_fifo4_52_reg_2634|   32   |
|B_fifo4_53_reg_2640|   32   |
|B_fifo4_54_reg_2646|   32   |
|B_fifo4_55_reg_2652|   32   |
|B_fifo4_56_reg_2658|   32   |
|B_fifo4_57_reg_2664|   32   |
|B_fifo4_58_reg_2670|   32   |
|B_fifo4_59_reg_2676|   32   |
| B_fifo4_5_reg_2352|   32   |
|B_fifo4_60_reg_2682|   32   |
|B_fifo4_61_reg_2688|   32   |
|B_fifo4_62_reg_2694|   32   |
|B_fifo4_63_reg_2700|   32   |
|B_fifo4_64_reg_2706|   32   |
|B_fifo4_65_reg_2712|   32   |
|B_fifo4_66_reg_2718|   32   |
|B_fifo4_67_reg_2724|   32   |
|B_fifo4_68_reg_2730|   32   |
|B_fifo4_69_reg_2736|   32   |
| B_fifo4_6_reg_2358|   32   |
|B_fifo4_70_reg_2742|   32   |
|B_fifo4_71_reg_2748|   32   |
| B_fifo4_7_reg_2364|   32   |
| B_fifo4_8_reg_2370|   32   |
| B_fifo4_9_reg_2376|   32   |
|  B_fifo4_reg_2322 |   32   |
+-------------------+--------+
|       Total       |  4608  |
+-------------------+--------+

* Multiplexer (MUX) list: 
|--------|------|------|------|--------|
|  Comp  |  Pin | Size |  BW  | S x BW |
|--------|------|------|------|--------|
|  Total |      |      |      |    0   |
|--------|------|------|------|--------|



* Summary:
+-----------+--------+--------+--------+--------+
|           |   DSP  |  Delay |   FF   |   LUT  |
+-----------+--------+--------+--------+--------+
|  Function |   320  |   80   |  30830 |  23112 |
|   Memory  |    -   |    -   |    -   |    -   |
|Multiplexer|    -   |    -   |    -   |    -   |
|  Register |    -   |    -   |  4608  |    -   |
+-----------+--------+--------+--------+--------+
|   Total   |   320  |   80   |  35438 |  23112 |
+-----------+--------+--------+--------+--------+
