

================================================================
== Synthesis Summary Report of 'allo_DDitBlock'
================================================================
+ General Information: 
    * Date:           Mon Feb 17 20:39:22 2025
    * Version:        2023.2 (Build 4023990 on Oct 11 2023)
    * Project:        DitBlock
    * Solution:       hls (Vivado IP Flow Target)
    * Product family: virtexuplusHBM
    * Target device:  xcu280-fsvh2892-2L-e
    

+ Performance & Resource Estimates: 
    
    PS: '+' for module; 'o' for loop; '*' for dataflow
    +---------------------------------------------------------------------------------------------+--------+-------+-----------+-----------+----------+-----------+---------+----------+------------+------------+-------------+--------------+-----------+
    |                                           Modules                                           |  Issue |       |  Latency  |  Latency  | Iteration|           |   Trip  |          |            |            |             |              |           |
    |                                           & Loops                                           |  Type  | Slack |  (cycles) |    (ns)   |  Latency |  Interval |  Count  | Pipelined|    BRAM    |     DSP    |      FF     |      LUT     |    URAM   |
    +---------------------------------------------------------------------------------------------+--------+-------+-----------+-----------+----------+-----------+---------+----------+------------+------------+-------------+--------------+-----------+
    |+ allo_DDitBlock                                                                             |  Timing|  -0.22|  412738002|  4.127e+09|         -|  412738003|        -|        no|  1532 (37%)|  1186 (13%)|  126044 (4%)|  170984 (13%)|  768 (80%)|
    | + allo_DDitBlock_Pipeline_VITIS_LOOP_25158_2                                                |       -|   5.82|        130|  1.300e+03|         -|        130|        -|        no|           -|           -|     19 (~0%)|      69 (~0%)|          -|
    |  o VITIS_LOOP_25158_2                                                                       |       -|   7.30|        128|  1.280e+03|         2|          1|      128|       yes|           -|           -|            -|             -|          -|
    | + allo_DDitBlock_Pipeline_VITIS_LOOP_25162_3                                                |       -|   4.91|        514|  5.140e+03|         -|        514|        -|        no|           -|           -|     23 (~0%)|      73 (~0%)|          -|
    |  o VITIS_LOOP_25162_3                                                                       |       -|   7.30|        512|  5.120e+03|         2|          1|      512|       yes|           -|           -|            -|             -|          -|
    | + allo_DDitBlock_Pipeline_VITIS_LOOP_25165_4_VITIS_LOOP_25166_5                             |       -|   4.24|      65538|  6.554e+05|         -|      65538|        -|        no|           -|           -|     55 (~0%)|     196 (~0%)|          -|
    |  o VITIS_LOOP_25165_4_VITIS_LOOP_25166_5                                                    |       -|   7.30|      65536|  6.554e+05|         2|          1|    65536|       yes|           -|           -|            -|             -|          -|
    | + allo_DDitBlock_Pipeline_VITIS_LOOP_25226_21_VITIS_LOOP_25227_22                           |       -|   3.39|     524290|  5.243e+06|         -|     524290|        -|        no|           -|           -|     64 (~0%)|     211 (~0%)|          -|
    |  o VITIS_LOOP_25226_21_VITIS_LOOP_25227_22                                                  |       -|   7.30|     524288|  5.243e+06|         2|          1|   524288|       yes|           -|           -|            -|             -|          -|
    | + allo_DDitBlock_Pipeline_VITIS_LOOP_25245_23_VITIS_LOOP_25246_24                           |       -|   4.23|     262146|  2.621e+06|         -|     262146|        -|        no|           -|           -|     61 (~0%)|     206 (~0%)|          -|
    |  o VITIS_LOOP_25245_23_VITIS_LOOP_25246_24                                                  |       -|   7.30|     262144|  2.621e+06|         2|          1|   262144|       yes|           -|           -|            -|             -|          -|
    | + allo_DDitBlock_Pipeline_VITIS_LOOP_25267_29_VITIS_LOOP_25268_30                           |       -|   4.24|      32770|  3.277e+05|         -|      32770|        -|        no|           -|           -|     52 (~0%)|     187 (~0%)|          -|
    |  o VITIS_LOOP_25267_29_VITIS_LOOP_25268_30                                                  |       -|   7.30|      32768|  3.277e+05|         2|          1|    32768|       yes|           -|           -|            -|             -|          -|
    | + allo_DDitBlock_Pipeline_VITIS_LOOP_25272_31_VITIS_LOOP_25273_32                           |       -|   4.24|      32770|  3.277e+05|         -|      32770|        -|        no|           -|           -|     52 (~0%)|     187 (~0%)|          -|
    |  o VITIS_LOOP_25272_31_VITIS_LOOP_25273_32                                                  |       -|   7.30|      32768|  3.277e+05|         2|          1|    32768|       yes|           -|           -|            -|             -|          -|
    | + adaLN_modulate                                                                            |       -|   0.76|     134219|  1.342e+06|         -|     134219|        -|        no|     1 (~0%)|    42 (~0%)|   5555 (~0%)|    7171 (~0%)|          -|
    |  + adaLN_modulate_Pipeline_VITIS_LOOP_466_2                                                 |       -|   4.99|        514|  5.140e+03|         -|        514|        -|        no|           -|           -|     12 (~0%)|      62 (~0%)|          -|
    |   o VITIS_LOOP_466_2                                                                        |       -|   7.30|        512|  5.120e+03|         1|          1|      512|       yes|           -|           -|            -|             -|          -|
    |  + adaLN_modulate_Pipeline_l_bias_add                                                       |       -|   1.15|        518|  5.180e+03|         -|        518|        -|        no|           -|     2 (~0%)|    441 (~0%)|     363 (~0%)|          -|
    |   o l_bias_add                                                                              |       -|   7.30|        516|  5.160e+03|         6|          1|      512|       yes|           -|           -|            -|             -|          -|
    |  o l_ni                                                                                     |       -|   7.30|     133184|  1.332e+06|      2081|          -|       64|        no|           -|           -|            -|             -|          -|
    |   + adaLN_modulate_Pipeline_l_load_A_tile_ak                                                |       -|   5.82|        130|  1.300e+03|         -|        130|        -|        no|           -|           -|     19 (~0%)|      69 (~0%)|          -|
    |    o l_load_A_tile_ak                                                                       |       -|   7.30|        128|  1.280e+03|         2|          1|      128|       yes|           -|           -|            -|             -|          -|
    |   + adaLN_modulate_Pipeline_l_load_B_tile_bk_l_bj                                           |       -|   3.89|       1026|  1.026e+04|         -|       1026|        -|        no|           -|           -|     37 (~0%)|     178 (~0%)|          -|
    |    o l_load_B_tile_bk_l_bj                                                                  |       -|   7.30|       1024|  1.024e+04|         2|          1|     1024|       yes|           -|           -|            -|             -|          -|
    |   + systolic_tile_modulate*                                                                 |       -|   0.76|       1039|  1.039e+04|         -|       1028|        -|  dataflow|           -|    40 (~0%)|   4465 (~0%)|    5270 (~0%)|          -|
    |    + systolic_tile_modulate_Loop_l_data_load_k8_proc31                                      |       -|   4.76|       1027|  1.027e+04|         -|       1027|        -|        no|           -|           -|    301 (~0%)|     305 (~0%)|          -|
    |     o l_data_load_k8_l_S_n_1_n                                                              |       -|   7.30|       1025|  1.025e+04|         3|          1|     1024|       yes|           -|           -|            -|             -|          -|
    |    + PE_kernel_modulate_0_0_1                                                               |       -|   0.76|        261|  2.610e+03|         -|        261|        -|        no|           -|     5 (~0%)|    428 (~0%)|     496 (~0%)|          -|
    |     o l_S_k_0_k                                                                             |      II|   7.30|        259|  2.590e+03|         6|          2|      128|       yes|           -|           -|            -|             -|          -|
    |    + PE_kernel_modulate_1_0_1                                                               |       -|   0.76|        261|  2.610e+03|         -|        261|        -|        no|           -|     5 (~0%)|    427 (~0%)|     487 (~0%)|          -|
    |     o l_S_k_0_k1                                                                            |      II|   7.30|        259|  2.590e+03|         6|          2|      128|       yes|           -|           -|            -|             -|          -|
    |    + PE_kernel_modulate_2_0_1                                                               |       -|   0.76|        261|  2.610e+03|         -|        261|        -|        no|           -|     5 (~0%)|    427 (~0%)|     487 (~0%)|          -|
    |     o l_S_k_0_k2                                                                            |      II|   7.30|        259|  2.590e+03|         6|          2|      128|       yes|           -|           -|            -|             -|          -|
    |    + PE_kernel_modulate_3_0_1                                                               |       -|   0.76|        261|  2.610e+03|         -|        261|        -|        no|           -|     5 (~0%)|    427 (~0%)|     487 (~0%)|          -|
    |     o l_S_k_0_k3                                                                            |      II|   7.30|        259|  2.590e+03|         6|          2|      128|       yes|           -|           -|            -|             -|          -|
    |    + PE_kernel_modulate_4_0_1                                                               |       -|   0.76|        261|  2.610e+03|         -|        261|        -|        no|           -|     5 (~0%)|    427 (~0%)|     487 (~0%)|          -|
    |     o l_S_k_0_k4                                                                            |      II|   7.30|        259|  2.590e+03|         6|          2|      128|       yes|           -|           -|            -|             -|          -|
    |    + PE_kernel_modulate_5_0_1                                                               |       -|   0.76|        261|  2.610e+03|         -|        261|        -|        no|           -|     5 (~0%)|    427 (~0%)|     487 (~0%)|          -|
    |     o l_S_k_0_k5                                                                            |      II|   7.30|        259|  2.590e+03|         6|          2|      128|       yes|           -|           -|            -|             -|          -|
    |    + PE_kernel_modulate_6_0_1                                                               |       -|   0.76|        261|  2.610e+03|         -|        261|        -|        no|           -|     5 (~0%)|    427 (~0%)|     487 (~0%)|          -|
    |     o l_S_k_0_k6                                                                            |      II|   7.30|        259|  2.590e+03|         6|          2|      128|       yes|           -|           -|            -|             -|          -|
    |    + PE_kernel_modulate_7_0_1                                                               |       -|   0.76|        261|  2.610e+03|         -|        261|        -|        no|           -|     5 (~0%)|    427 (~0%)|     487 (~0%)|          -|
    |     o l_S_k_0_k7                                                                            |      II|   7.30|        259|  2.590e+03|         6|          2|      128|       yes|           -|           -|            -|             -|          -|
    |    + systolic_tile_modulate_Loop_l_data_drain_k9_proc32                                     |       -|   4.76|       1026|  1.026e+04|         -|       1026|        -|        no|           -|           -|     23 (~0%)|     212 (~0%)|          -|
    |     o l_data_drain_k9_l_S_n_5_n1                                                            |       -|   7.30|       1024|  1.024e+04|         2|          1|     1024|       yes|           -|           -|            -|             -|          -|
    |   + adaLN_modulate_Pipeline_l_store_C_tile_sj                                               |       -|   5.00|         10|    100.000|         -|         10|        -|        no|           -|           -|      6 (~0%)|     110 (~0%)|          -|
    |    o l_store_C_tile_sj                                                                      |       -|   7.30|          8|     80.000|         1|          1|        8|       yes|           -|           -|            -|             -|          -|
    | + layer_norm                                                                                |       -|   0.21|    1603609|  1.604e+07|         -|    1603609|        -|        no|     6 (~0%)|    14 (~0%)|   2411 (~0%)|    2640 (~0%)|          -|
    |  + layer_norm_Pipeline_VITIS_LOOP_486_1                                                     |       -|   4.98|       1026|  1.026e+04|         -|       1026|        -|        no|           -|           -|     13 (~0%)|      64 (~0%)|          -|
    |   o VITIS_LOOP_486_1                                                                        |       -|   7.30|       1024|  1.024e+04|         1|          1|     1024|       yes|           -|           -|            -|             -|          -|
    |  + layer_norm_Pipeline_VITIS_LOOP_490_2                                                     |       -|   4.98|       1026|  1.026e+04|         -|       1026|        -|        no|           -|           -|     13 (~0%)|      64 (~0%)|          -|
    |   o VITIS_LOOP_490_2                                                                        |       -|   7.30|       1024|  1.024e+04|         1|          1|     1024|       yes|           -|           -|            -|             -|          -|
    |  + layer_norm_Pipeline_l_sum_i2_l_j1                                                        |       -|   0.76|    1048584|  1.049e+07|         -|    1048584|        -|        no|           -|           -|    620 (~0%)|     502 (~0%)|          -|
    |   o l_sum_i2_l_j1                                                                           |      II|   7.30|    1048582|  1.049e+07|         9|          2|   524288|       yes|           -|           -|            -|             -|          -|
    |  + layer_norm_Pipeline_l_mean_var_i3                                                        |       -|   1.15|       1033|  1.033e+04|         -|       1033|        -|        no|           -|     6 (~0%)|    591 (~0%)|     293 (~0%)|          -|
    |   o l_mean_var_i3                                                                           |       -|   7.30|       1031|  1.031e+04|         9|          1|     1024|       yes|           -|           -|            -|             -|          -|
    |  o l_norm_i4                                                                                |       -|   7.30|     552960|  5.530e+06|       540|          -|     1024|        no|           -|           -|            -|             -|          -|
    |   + layer_norm_Pipeline_l_j2                                                                |       -|   0.23|        524|  5.240e+03|         -|        524|        -|        no|           -|           -|    212 (~0%)|     131 (~0%)|          -|
    |    o l_j2                                                                                   |       -|   7.30|        522|  5.220e+03|        12|          1|      512|       yes|           -|           -|            -|             -|          -|
    | + allo_DDitBlock_Pipeline_VITIS_LOOP_25172_6                                                |       -|   4.91|        514|  5.140e+03|         -|        514|        -|        no|           -|           -|     23 (~0%)|      73 (~0%)|          -|
    |  o VITIS_LOOP_25172_6                                                                       |       -|   7.30|        512|  5.120e+03|         2|          1|      512|       yes|           -|           -|            -|             -|          -|
    | + allo_DDitBlock_Pipeline_VITIS_LOOP_25175_7_VITIS_LOOP_25176_8                             |       -|   4.24|      65538|  6.554e+05|         -|      65538|        -|        no|           -|           -|     55 (~0%)|     196 (~0%)|          -|
    |  o VITIS_LOOP_25175_7_VITIS_LOOP_25176_8                                                    |       -|   7.30|      65536|  6.554e+05|         2|          1|    65536|       yes|           -|           -|            -|             -|          -|
    | + allo_DDitBlock_Pipeline_VITIS_LOOP_25182_9                                                |       -|   4.91|        514|  5.140e+03|         -|        514|        -|        no|           -|           -|     23 (~0%)|      73 (~0%)|          -|
    |  o VITIS_LOOP_25182_9                                                                       |       -|   7.30|        512|  5.120e+03|         2|          1|      512|       yes|           -|           -|            -|             -|          -|
    | + allo_DDitBlock_Pipeline_VITIS_LOOP_25185_10_VITIS_LOOP_25186_11                           |       -|   4.24|      65538|  6.554e+05|         -|      65538|        -|        no|           -|           -|     55 (~0%)|     196 (~0%)|          -|
    |  o VITIS_LOOP_25185_10_VITIS_LOOP_25186_11                                                  |       -|   7.30|      65536|  6.554e+05|         2|          1|    65536|       yes|           -|           -|            -|             -|          -|
    | + allo_DDitBlock_Pipeline_l_m_fused_i5_l_j3                                                 |       -|   1.15|     524299|  5.243e+06|         -|     524299|        -|        no|           -|           -|    550 (~0%)|     348 (~0%)|          -|
    |  o l_m_fused_i5_l_j3                                                                        |       -|   7.30|     524297|  5.243e+06|        11|          1|   524288|       yes|           -|           -|            -|             -|          -|
    | + systolic_Q                                                                                |  Timing|  -0.22|   33729921|  3.373e+08|         -|   33729921|        -|        no|    32 (~0%)|    320 (3%)|   33444 (1%)|    39652 (3%)|          -|
    |  o l_outer_tile_mi1                                                                         |       -|   7.30|   33729920|  3.373e+08|    263516|          -|      128|        no|           -|           -|            -|             -|          -|
    |   + dataflow_parent_loop_proc43                                                             |  Timing|  -0.22|     263514|  2.635e+06|         -|     263514|        -|        no|    32 (~0%)|    320 (3%)|   33304 (1%)|    39603 (3%)|          -|
    |    o l_ni1                                                                                  |       -|   7.30|     263513|  2.635e+06|      5214|          -|       64|        no|           -|           -|            -|             -|          -|
    |     + dataflow_in_loop_l_ni1*                                                               |  Timing|  -0.22|       5212|  5.212e+04|         -|       4100|        -|  dataflow|    32 (~0%)|    320 (3%)|   33180 (1%)|    39557 (3%)|          -|
    |      + dataflow_in_loop_l_ni1_Loop_l_load_A_tile_ak1_proc4426                               |       -|   0.97|       4099|  4.099e+04|         -|       4099|        -|        no|           -|           -|     55 (~0%)|     269 (~0%)|          -|
    |       + dataflow_in_loop_l_ni1_Loop_l_load_A_tile_ak1_proc4426_Pipeline_l_load_A_tile_ak    |       -|   1.66|       4098|  4.098e+04|         -|       4098|        -|        no|           -|           -|     43 (~0%)|     213 (~0%)|          -|
    |        o l_load_A_tile_ak1_l_ai1                                                            |       -|   7.30|       4096|  4.096e+04|         2|          1|     4096|       yes|           -|           -|            -|             -|          -|
    |      + dataflow_in_loop_l_ni1_Loop_l_load_B_tile_bk1_proc4527                               |       -|   3.89|       4098|  4.098e+04|         -|       4098|        -|        no|           -|           -|     43 (~0%)|     190 (~0%)|          -|
    |       o l_load_B_tile_bk1_l_bj1                                                             |       -|   7.30|       4096|  4.096e+04|         2|          1|     4096|       yes|           -|           -|            -|             -|          -|
    |      + systolic_tile_Q46*                                                                   |       -|   0.76|       1044|  1.044e+04|         -|       1030|        -|  dataflow|           -|    320 (3%)|   28604 (1%)|    34794 (2%)|          -|
    |       + systolic_tile_Q_Loop_l_data_load_k74_proc3356                                       |       -|   4.67|        514|  5.140e+03|         -|        514|        -|        no|           -|           -|     14 (~0%)|     232 (~0%)|          -|
    |        o l_data_load_k74                                                                    |       -|   7.30|        512|  5.120e+03|         2|          1|      512|       yes|           -|           -|            -|             -|          -|
    |       + PE_kernel_Q_0_0_157                                                                 |       -|   0.76|       1029|  1.029e+04|         -|       1029|        -|        no|           -|     5 (~0%)|    430 (~0%)|     462 (~0%)|          -|
    |        o l_S_k_0_k10                                                                        |      II|   7.30|       1027|  1.027e+04|         6|          2|      512|       yes|           -|           -|            -|             -|          -|
    |       + PE_kernel_Q_1_0_158                                                                 |       -|   0.76|       1029|  1.029e+04|         -|       1029|        -|        no|           -|     5 (~0%)|    431 (~0%)|     471 (~0%)|          -|
    |        o l_S_k_0_k11                                                                        |      II|   7.30|       1027|  1.027e+04|         6|          2|      512|       yes|           -|           -|            -|             -|          -|
    |       + PE_kernel_Q_0_1_165                                                                 |       -|   0.76|       1029|  1.029e+04|         -|       1029|        -|        no|           -|     5 (~0%)|    430 (~0%)|     462 (~0%)|          -|
    |        o l_S_k_0_k18                                                                        |      II|   7.30|       1027|  1.027e+04|         6|          2|      512|       yes|           -|           -|            -|             -|          -|
    |       + PE_kernel_Q_2_0_159                                                                 |       -|   0.76|       1029|  1.029e+04|         -|       1029|        -|        no|           -|     5 (~0%)|    431 (~0%)|     471 (~0%)|          -|
    |        o l_S_k_0_k12                                                                        |      II|   7.30|       1027|  1.027e+04|         6|          2|      512|       yes|           -|           -|            -|             -|          -|
    |       + PE_kernel_Q_1_1_166                                                                 |       -|   0.76|       1029|  1.029e+04|         -|       1029|        -|        no|           -|     5 (~0%)|    430 (~0%)|     462 (~0%)|          -|
    |        o l_S_k_0_k19                                                                        |      II|   7.30|       1027|  1.027e+04|         6|          2|      512|       yes|           -|           -|            -|             -|          -|
    |       + PE_kernel_Q_0_2_173                                                                 |       -|   0.76|       1029|  1.029e+04|         -|       1029|        -|        no|           -|     5 (~0%)|    431 (~0%)|     471 (~0%)|          -|
    |        o l_S_k_0_k26                                                                        |      II|   7.30|       1027|  1.027e+04|         6|          2|      512|       yes|           -|           -|            -|             -|          -|
    |       + PE_kernel_Q_3_0_160                                                                 |       -|   0.76|       1029|  1.029e+04|         -|       1029|        -|        no|           -|     5 (~0%)|    431 (~0%)|     471 (~0%)|          -|
    |        o l_S_k_0_k13                                                                        |      II|   7.30|       1027|  1.027e+04|         6|          2|      512|       yes|           -|           -|            -|             -|          -|
    |       + PE_kernel_Q_2_1_167                                                                 |       -|   0.76|       1029|  1.029e+04|         -|       1029|        -|        no|           -|     5 (~0%)|    431 (~0%)|     471 (~0%)|          -|
    |        o l_S_k_0_k20                                                                        |      II|   7.30|       1027|  1.027e+04|         6|          2|      512|       yes|           -|           -|            -|             -|          -|
    |       + PE_kernel_Q_1_2_174                                                                 |       -|   0.76|       1029|  1.029e+04|         -|       1029|        -|        no|           -|     5 (~0%)|    430 (~0%)|     462 (~0%)|          -|
    |        o l_S_k_0_k27                                                                        |      II|   7.30|       1027|  1.027e+04|         6|          2|      512|       yes|           -|           -|            -|             -|          -|
    |       + PE_kernel_Q_0_3_181                                                                 |       -|   0.76|       1029|  1.029e+04|         -|       1029|        -|        no|           -|     5 (~0%)|    431 (~0%)|     471 (~0%)|          -|
    |        o l_S_k_0_k34                                                                        |      II|   7.30|       1027|  1.027e+04|         6|          2|      512|       yes|           -|           -|            -|             -|          -|
    |       + PE_kernel_Q_4_0_161                                                                 |       -|   0.76|       1029|  1.029e+04|         -|       1029|        -|        no|           -|     5 (~0%)|    431 (~0%)|     471 (~0%)|          -|
    |        o l_S_k_0_k14                                                                        |      II|   7.30|       1027|  1.027e+04|         6|          2|      512|       yes|           -|           -|            -|             -|          -|
    |       + PE_kernel_Q_3_1_168                                                                 |       -|   0.76|       1029|  1.029e+04|         -|       1029|        -|        no|           -|     5 (~0%)|    431 (~0%)|     471 (~0%)|          -|
    |        o l_S_k_0_k21                                                                        |      II|   7.30|       1027|  1.027e+04|         6|          2|      512|       yes|           -|           -|            -|             -|          -|
    |       + PE_kernel_Q_2_2_175                                                                 |       -|   0.76|       1029|  1.029e+04|         -|       1029|        -|        no|           -|     5 (~0%)|    430 (~0%)|     462 (~0%)|          -|
    |        o l_S_k_0_k28                                                                        |      II|   7.30|       1027|  1.027e+04|         6|          2|      512|       yes|           -|           -|            -|             -|          -|
    |       + PE_kernel_Q_1_3_182                                                                 |       -|   0.76|       1029|  1.029e+04|         -|       1029|        -|        no|           -|     5 (~0%)|    431 (~0%)|     471 (~0%)|          -|
    |        o l_S_k_0_k35                                                                        |      II|   7.30|       1027|  1.027e+04|         6|          2|      512|       yes|           -|           -|            -|             -|          -|
    |       + PE_kernel_Q_0_4_189                                                                 |       -|   0.76|       1029|  1.029e+04|         -|       1029|        -|        no|           -|     5 (~0%)|    431 (~0%)|     471 (~0%)|          -|
    |        o l_S_k_0_k42                                                                        |      II|   7.30|       1027|  1.027e+04|         6|          2|      512|       yes|           -|           -|            -|             -|          -|
    |       + PE_kernel_Q_5_0_162                                                                 |       -|   0.76|       1029|  1.029e+04|         -|       1029|        -|        no|           -|     5 (~0%)|    431 (~0%)|     471 (~0%)|          -|
    |        o l_S_k_0_k15                                                                        |      II|   7.30|       1027|  1.027e+04|         6|          2|      512|       yes|           -|           -|            -|             -|          -|
    |       + PE_kernel_Q_4_1_169                                                                 |       -|   0.76|       1029|  1.029e+04|         -|       1029|        -|        no|           -|     5 (~0%)|    431 (~0%)|     471 (~0%)|          -|
    |        o l_S_k_0_k22                                                                        |      II|   7.30|       1027|  1.027e+04|         6|          2|      512|       yes|           -|           -|            -|             -|          -|
    |       + PE_kernel_Q_3_2_176                                                                 |       -|   0.76|       1029|  1.029e+04|         -|       1029|        -|        no|           -|     5 (~0%)|    431 (~0%)|     471 (~0%)|          -|
    |        o l_S_k_0_k29                                                                        |      II|   7.30|       1027|  1.027e+04|         6|          2|      512|       yes|           -|           -|            -|             -|          -|
    |       + PE_kernel_Q_2_3_183                                                                 |       -|   0.76|       1029|  1.029e+04|         -|       1029|        -|        no|           -|     5 (~0%)|    430 (~0%)|     462 (~0%)|          -|
    |        o l_S_k_0_k36                                                                        |      II|   7.30|       1027|  1.027e+04|         6|          2|      512|       yes|           -|           -|            -|             -|          -|
    |       + PE_kernel_Q_1_4_190                                                                 |       -|   0.76|       1029|  1.029e+04|         -|       1029|        -|        no|           -|     5 (~0%)|    431 (~0%)|     471 (~0%)|          -|
    |        o l_S_k_0_k43                                                                        |      II|   7.30|       1027|  1.027e+04|         6|          2|      512|       yes|           -|           -|            -|             -|          -|
    |       + PE_kernel_Q_0_5_197                                                                 |       -|   0.76|       1029|  1.029e+04|         -|       1029|        -|        no|           -|     5 (~0%)|    431 (~0%)|     471 (~0%)|          -|
    |        o l_S_k_0_k50                                                                        |      II|   7.30|       1027|  1.027e+04|         6|          2|      512|       yes|           -|           -|            -|             -|          -|
    |       + PE_kernel_Q_6_0_163                                                                 |       -|   0.76|       1029|  1.029e+04|         -|       1029|        -|        no|           -|     5 (~0%)|    431 (~0%)|     471 (~0%)|          -|
    |        o l_S_k_0_k16                                                                        |      II|   7.30|       1027|  1.027e+04|         6|          2|      512|       yes|           -|           -|            -|             -|          -|
    |       + PE_kernel_Q_5_1_170                                                                 |       -|   0.76|       1029|  1.029e+04|         -|       1029|        -|        no|           -|     5 (~0%)|    431 (~0%)|     471 (~0%)|          -|
    |        o l_S_k_0_k23                                                                        |      II|   7.30|       1027|  1.027e+04|         6|          2|      512|       yes|           -|           -|            -|             -|          -|
    |       + PE_kernel_Q_4_2_177                                                                 |       -|   0.76|       1029|  1.029e+04|         -|       1029|        -|        no|           -|     5 (~0%)|    431 (~0%)|     471 (~0%)|          -|
    |        o l_S_k_0_k30                                                                        |      II|   7.30|       1027|  1.027e+04|         6|          2|      512|       yes|           -|           -|            -|             -|          -|
    |       + PE_kernel_Q_3_3_184                                                                 |       -|   0.76|       1029|  1.029e+04|         -|       1029|        -|        no|           -|     5 (~0%)|    430 (~0%)|     462 (~0%)|          -|
    |        o l_S_k_0_k37                                                                        |      II|   7.30|       1027|  1.027e+04|         6|          2|      512|       yes|           -|           -|            -|             -|          -|
    |       + PE_kernel_Q_2_4_191                                                                 |       -|   0.76|       1029|  1.029e+04|         -|       1029|        -|        no|           -|     5 (~0%)|    431 (~0%)|     471 (~0%)|          -|
    |        o l_S_k_0_k44                                                                        |      II|   7.30|       1027|  1.027e+04|         6|          2|      512|       yes|           -|           -|            -|             -|          -|
    |       + PE_kernel_Q_1_5_198                                                                 |       -|   0.76|       1029|  1.029e+04|         -|       1029|        -|        no|           -|     5 (~0%)|    431 (~0%)|     471 (~0%)|          -|
    |        o l_S_k_0_k51                                                                        |      II|   7.30|       1027|  1.027e+04|         6|          2|      512|       yes|           -|           -|            -|             -|          -|
    |       + PE_kernel_Q_0_6_1105                                                                |       -|   0.76|       1029|  1.029e+04|         -|       1029|        -|        no|           -|     5 (~0%)|    431 (~0%)|     471 (~0%)|          -|
    |        o l_S_k_0_k58                                                                        |      II|   7.30|       1027|  1.027e+04|         6|          2|      512|       yes|           -|           -|            -|             -|          -|
    |       + PE_kernel_Q_7_0_164                                                                 |       -|   0.76|       1029|  1.029e+04|         -|       1029|        -|        no|           -|     5 (~0%)|    431 (~0%)|     471 (~0%)|          -|
    |        o l_S_k_0_k17                                                                        |      II|   7.30|       1027|  1.027e+04|         6|          2|      512|       yes|           -|           -|            -|             -|          -|
    |       + PE_kernel_Q_6_1_171                                                                 |       -|   0.76|       1029|  1.029e+04|         -|       1029|        -|        no|           -|     5 (~0%)|    431 (~0%)|     471 (~0%)|          -|
    |        o l_S_k_0_k24                                                                        |      II|   7.30|       1027|  1.027e+04|         6|          2|      512|       yes|           -|           -|            -|             -|          -|
    |       + PE_kernel_Q_5_2_178                                                                 |       -|   0.76|       1029|  1.029e+04|         -|       1029|        -|        no|           -|     5 (~0%)|    431 (~0%)|     471 (~0%)|          -|
    |        o l_S_k_0_k31                                                                        |      II|   7.30|       1027|  1.027e+04|         6|          2|      512|       yes|           -|           -|            -|             -|          -|
    |       + PE_kernel_Q_4_3_185                                                                 |       -|   0.76|       1029|  1.029e+04|         -|       1029|        -|        no|           -|     5 (~0%)|    431 (~0%)|     471 (~0%)|          -|
    |        o l_S_k_0_k38                                                                        |      II|   7.30|       1027|  1.027e+04|         6|          2|      512|       yes|           -|           -|            -|             -|          -|
    |       + PE_kernel_Q_3_4_192                                                                 |       -|   0.76|       1029|  1.029e+04|         -|       1029|        -|        no|           -|     5 (~0%)|    430 (~0%)|     462 (~0%)|          -|
    |        o l_S_k_0_k45                                                                        |      II|   7.30|       1027|  1.027e+04|         6|          2|      512|       yes|           -|           -|            -|             -|          -|
    |       + PE_kernel_Q_2_5_199                                                                 |       -|   0.76|       1029|  1.029e+04|         -|       1029|        -|        no|           -|     5 (~0%)|    431 (~0%)|     471 (~0%)|          -|
    |        o l_S_k_0_k52                                                                        |      II|   7.30|       1027|  1.027e+04|         6|          2|      512|       yes|           -|           -|            -|             -|          -|
    |       + PE_kernel_Q_1_6_1106                                                                |       -|   0.76|       1029|  1.029e+04|         -|       1029|        -|        no|           -|     5 (~0%)|    431 (~0%)|     471 (~0%)|          -|
    |        o l_S_k_0_k59                                                                        |      II|   7.30|       1027|  1.027e+04|         6|          2|      512|       yes|           -|           -|            -|             -|          -|
    |       + PE_kernel_Q_0_7_1113                                                                |       -|   0.76|       1029|  1.029e+04|         -|       1029|        -|        no|           -|     5 (~0%)|    431 (~0%)|     471 (~0%)|          -|
    |        o l_S_k_0_k66                                                                        |      II|   7.30|       1027|  1.027e+04|         6|          2|      512|       yes|           -|           -|            -|             -|          -|
    |       + PE_kernel_Q_7_1_172                                                                 |       -|   0.76|       1029|  1.029e+04|         -|       1029|        -|        no|           -|     5 (~0%)|    431 (~0%)|     471 (~0%)|          -|
    |        o l_S_k_0_k25                                                                        |      II|   7.30|       1027|  1.027e+04|         6|          2|      512|       yes|           -|           -|            -|             -|          -|
    |       + PE_kernel_Q_6_2_179                                                                 |       -|   0.76|       1029|  1.029e+04|         -|       1029|        -|        no|           -|     5 (~0%)|    431 (~0%)|     471 (~0%)|          -|
    |        o l_S_k_0_k32                                                                        |      II|   7.30|       1027|  1.027e+04|         6|          2|      512|       yes|           -|           -|            -|             -|          -|
    |       + PE_kernel_Q_5_3_186                                                                 |       -|   0.76|       1029|  1.029e+04|         -|       1029|        -|        no|           -|     5 (~0%)|    431 (~0%)|     471 (~0%)|          -|
    |        o l_S_k_0_k39                                                                        |      II|   7.30|       1027|  1.027e+04|         6|          2|      512|       yes|           -|           -|            -|             -|          -|
    |       + PE_kernel_Q_4_4_193                                                                 |       -|   0.76|       1029|  1.029e+04|         -|       1029|        -|        no|           -|     5 (~0%)|    430 (~0%)|     462 (~0%)|          -|
    |        o l_S_k_0_k46                                                                        |      II|   7.30|       1027|  1.027e+04|         6|          2|      512|       yes|           -|           -|            -|             -|          -|
    |       + PE_kernel_Q_3_5_1100                                                                |       -|   0.76|       1029|  1.029e+04|         -|       1029|        -|        no|           -|     5 (~0%)|    431 (~0%)|     471 (~0%)|          -|
    |        o l_S_k_0_k53                                                                        |      II|   7.30|       1027|  1.027e+04|         6|          2|      512|       yes|           -|           -|            -|             -|          -|
    |       + PE_kernel_Q_2_6_1107                                                                |       -|   0.76|       1029|  1.029e+04|         -|       1029|        -|        no|           -|     5 (~0%)|    431 (~0%)|     471 (~0%)|          -|
    |        o l_S_k_0_k60                                                                        |      II|   7.30|       1027|  1.027e+04|         6|          2|      512|       yes|           -|           -|            -|             -|          -|
    |       + PE_kernel_Q_1_7_1114                                                                |       -|   0.76|       1029|  1.029e+04|         -|       1029|        -|        no|           -|     5 (~0%)|    431 (~0%)|     471 (~0%)|          -|
    |        o l_S_k_0_k67                                                                        |      II|   7.30|       1027|  1.027e+04|         6|          2|      512|       yes|           -|           -|            -|             -|          -|
    |       + PE_kernel_Q_7_2_180                                                                 |       -|   0.76|       1029|  1.029e+04|         -|       1029|        -|        no|           -|     5 (~0%)|    431 (~0%)|     471 (~0%)|          -|
    |        o l_S_k_0_k33                                                                        |      II|   7.30|       1027|  1.027e+04|         6|          2|      512|       yes|           -|           -|            -|             -|          -|
    |       + PE_kernel_Q_6_3_187                                                                 |       -|   0.76|       1029|  1.029e+04|         -|       1029|        -|        no|           -|     5 (~0%)|    431 (~0%)|     471 (~0%)|          -|
    |        o l_S_k_0_k40                                                                        |      II|   7.30|       1027|  1.027e+04|         6|          2|      512|       yes|           -|           -|            -|             -|          -|
    |       + PE_kernel_Q_5_4_194                                                                 |       -|   0.76|       1029|  1.029e+04|         -|       1029|        -|        no|           -|     5 (~0%)|    431 (~0%)|     471 (~0%)|          -|
    |        o l_S_k_0_k47                                                                        |      II|   7.30|       1027|  1.027e+04|         6|          2|      512|       yes|           -|           -|            -|             -|          -|
    |       + PE_kernel_Q_4_5_1101                                                                |       -|   0.76|       1029|  1.029e+04|         -|       1029|        -|        no|           -|     5 (~0%)|    430 (~0%)|     462 (~0%)|          -|
    |        o l_S_k_0_k54                                                                        |      II|   7.30|       1027|  1.027e+04|         6|          2|      512|       yes|           -|           -|            -|             -|          -|
    |       + PE_kernel_Q_3_6_1108                                                                |       -|   0.76|       1029|  1.029e+04|         -|       1029|        -|        no|           -|     5 (~0%)|    431 (~0%)|     471 (~0%)|          -|
    |        o l_S_k_0_k61                                                                        |      II|   7.30|       1027|  1.027e+04|         6|          2|      512|       yes|           -|           -|            -|             -|          -|
    |       + PE_kernel_Q_2_7_1115                                                                |       -|   0.76|       1029|  1.029e+04|         -|       1029|        -|        no|           -|     5 (~0%)|    431 (~0%)|     471 (~0%)|          -|
    |        o l_S_k_0_k68                                                                        |      II|   7.30|       1027|  1.027e+04|         6|          2|      512|       yes|           -|           -|            -|             -|          -|
    |       + PE_kernel_Q_7_3_188                                                                 |       -|   0.76|       1029|  1.029e+04|         -|       1029|        -|        no|           -|     5 (~0%)|    431 (~0%)|     471 (~0%)|          -|
    |        o l_S_k_0_k41                                                                        |      II|   7.30|       1027|  1.027e+04|         6|          2|      512|       yes|           -|           -|            -|             -|          -|
    |       + PE_kernel_Q_6_4_195                                                                 |       -|   0.76|       1029|  1.029e+04|         -|       1029|        -|        no|           -|     5 (~0%)|    431 (~0%)|     471 (~0%)|          -|
    |        o l_S_k_0_k48                                                                        |      II|   7.30|       1027|  1.027e+04|         6|          2|      512|       yes|           -|           -|            -|             -|          -|
    |       + PE_kernel_Q_5_5_1102                                                                |       -|   0.76|       1029|  1.029e+04|         -|       1029|        -|        no|           -|     5 (~0%)|    430 (~0%)|     462 (~0%)|          -|
    |        o l_S_k_0_k55                                                                        |      II|   7.30|       1027|  1.027e+04|         6|          2|      512|       yes|           -|           -|            -|             -|          -|
    |       + PE_kernel_Q_4_6_1109                                                                |       -|   0.76|       1029|  1.029e+04|         -|       1029|        -|        no|           -|     5 (~0%)|    431 (~0%)|     471 (~0%)|          -|
    |        o l_S_k_0_k62                                                                        |      II|   7.30|       1027|  1.027e+04|         6|          2|      512|       yes|           -|           -|            -|             -|          -|
    |       + PE_kernel_Q_3_7_1116                                                                |       -|   0.76|       1029|  1.029e+04|         -|       1029|        -|        no|           -|     5 (~0%)|    431 (~0%)|     471 (~0%)|          -|
    |        o l_S_k_0_k69                                                                        |      II|   7.30|       1027|  1.027e+04|         6|          2|      512|       yes|           -|           -|            -|             -|          -|
    |       + PE_kernel_Q_7_4_196                                                                 |       -|   0.76|       1029|  1.029e+04|         -|       1029|        -|        no|           -|     5 (~0%)|    431 (~0%)|     471 (~0%)|          -|
    |        o l_S_k_0_k49                                                                        |      II|   7.30|       1027|  1.027e+04|         6|          2|      512|       yes|           -|           -|            -|             -|          -|
    |       + PE_kernel_Q_6_5_1103                                                                |       -|   0.76|       1029|  1.029e+04|         -|       1029|        -|        no|           -|     5 (~0%)|    431 (~0%)|     471 (~0%)|          -|
    |        o l_S_k_0_k56                                                                        |      II|   7.30|       1027|  1.027e+04|         6|          2|      512|       yes|           -|           -|            -|             -|          -|
    |       + PE_kernel_Q_5_6_1110                                                                |       -|   0.76|       1029|  1.029e+04|         -|       1029|        -|        no|           -|     5 (~0%)|    430 (~0%)|     462 (~0%)|          -|
    |        o l_S_k_0_k63                                                                        |      II|   7.30|       1027|  1.027e+04|         6|          2|      512|       yes|           -|           -|            -|             -|          -|
    |       + PE_kernel_Q_4_7_1117                                                                |       -|   0.76|       1029|  1.029e+04|         -|       1029|        -|        no|           -|     5 (~0%)|    431 (~0%)|     471 (~0%)|          -|
    |        o l_S_k_0_k70                                                                        |      II|   7.30|       1027|  1.027e+04|         6|          2|      512|       yes|           -|           -|            -|             -|          -|
    |       + PE_kernel_Q_7_5_1104                                                                |       -|   0.76|       1029|  1.029e+04|         -|       1029|        -|        no|           -|     5 (~0%)|    431 (~0%)|     471 (~0%)|          -|
    |        o l_S_k_0_k57                                                                        |      II|   7.30|       1027|  1.027e+04|         6|          2|      512|       yes|           -|           -|            -|             -|          -|
    |       + PE_kernel_Q_6_6_1111                                                                |       -|   0.76|       1029|  1.029e+04|         -|       1029|        -|        no|           -|     5 (~0%)|    430 (~0%)|     462 (~0%)|          -|
    |        o l_S_k_0_k64                                                                        |      II|   7.30|       1027|  1.027e+04|         6|          2|      512|       yes|           -|           -|            -|             -|          -|
    |       + PE_kernel_Q_5_7_1118                                                                |       -|   0.76|       1029|  1.029e+04|         -|       1029|        -|        no|           -|     5 (~0%)|    431 (~0%)|     471 (~0%)|          -|
    |        o l_S_k_0_k71                                                                        |      II|   7.30|       1027|  1.027e+04|         6|          2|      512|       yes|           -|           -|            -|             -|          -|
    |       + PE_kernel_Q_7_6_1112                                                                |       -|   0.76|       1029|  1.029e+04|         -|       1029|        -|        no|           -|     5 (~0%)|    431 (~0%)|     471 (~0%)|          -|
    |        o l_S_k_0_k65                                                                        |      II|   7.30|       1027|  1.027e+04|         6|          2|      512|       yes|           -|           -|            -|             -|          -|
    |       + PE_kernel_Q_6_7_1119                                                                |       -|   0.76|       1029|  1.029e+04|         -|       1029|        -|        no|           -|     5 (~0%)|    430 (~0%)|     462 (~0%)|          -|
    |        o l_S_k_0_k72                                                                        |      II|   7.30|       1027|  1.027e+04|         6|          2|      512|       yes|           -|           -|            -|             -|          -|
    |       + PE_kernel_Q_7_7_1120                                                                |       -|   0.76|       1029|  1.029e+04|         -|       1029|        -|        no|           -|     5 (~0%)|    430 (~0%)|     462 (~0%)|          -|
    |        o l_S_k_0_k73                                                                        |      II|   7.30|       1027|  1.027e+04|         6|          2|      512|       yes|           -|           -|            -|             -|          -|
    |       + systolic_tile_Q_Loop_l_data_drain_k75_proc34121                                     |       -|   5.80|        514|  5.140e+03|         -|        514|        -|        no|           -|           -|     13 (~0%)|     223 (~0%)|          -|
    |        o l_data_drain_k75                                                                   |       -|   7.30|        512|  5.120e+03|         2|          1|      512|       yes|           -|           -|            -|             -|          -|
    |      + dataflow_in_loop_l_ni1_Loop_l_store_C_tile_sj1_proc47                                |       -|   1.66|         67|    670.000|         -|         67|        -|        no|           -|           -|     34 (~0%)|     626 (~0%)|          -|
    |       + dataflow_in_loop_l_ni1_Loop_l_store_C_tile_sj1_proc47_Pipeline_l_store_C_tile_sj    |       -|   1.66|         66|    660.000|         -|         66|        -|        no|           -|           -|     17 (~0%)|     583 (~0%)|          -|
    |        o l_store_C_tile_sj1_l_si1                                                           |       -|   7.30|         64|    640.000|         1|          1|       64|       yes|           -|           -|            -|             -|          -|
    | + allo_DDitBlock_Pipeline_VITIS_LOOP_25323_41                                               |       -|   4.91|        514|  5.140e+03|         -|        514|        -|        no|           -|           -|     23 (~0%)|      73 (~0%)|          -|
    |  o VITIS_LOOP_25323_41                                                                      |       -|   7.30|        512|  5.120e+03|         2|          1|      512|       yes|           -|           -|            -|             -|          -|
    | + allo_DDitBlock_Pipeline_VITIS_LOOP_25192_12                                               |       -|   4.91|        514|  5.140e+03|         -|        514|        -|        no|           -|           -|     23 (~0%)|      73 (~0%)|          -|
    |  o VITIS_LOOP_25192_12                                                                      |       -|   7.30|        512|  5.120e+03|         2|          1|      512|       yes|           -|           -|            -|             -|          -|
    | + allo_DDitBlock_Pipeline_VITIS_LOOP_25195_13_VITIS_LOOP_25196_14                           |       -|   4.24|      65538|  6.554e+05|         -|      65538|        -|        no|           -|           -|     55 (~0%)|     196 (~0%)|          -|
    |  o VITIS_LOOP_25195_13_VITIS_LOOP_25196_14                                                  |       -|   7.30|      65536|  6.554e+05|         2|          1|    65536|       yes|           -|           -|            -|             -|          -|
    | + allo_DDitBlock_Pipeline_VITIS_LOOP_25251_25_VITIS_LOOP_25252_26                           |       -|   4.23|     262146|  2.621e+06|         -|     262146|        -|        no|           -|           -|     61 (~0%)|     206 (~0%)|          -|
    |  o VITIS_LOOP_25251_25_VITIS_LOOP_25252_26                                                  |       -|   7.30|     262144|  2.621e+06|         2|          1|   262144|       yes|           -|           -|            -|             -|          -|
    | + RoPE                                                                                      |       -|   1.15|    1310961|  1.311e+07|         -|    1310961|        -|        no|    256 (6%)|     8 (~0%)|   1114 (~0%)|    2222 (~0%)|          -|
    |  o l_S_h_0_h                                                                                |       -|   7.30|    1310960|  1.311e+07|    163870|          -|        8|        no|           -|           -|            -|             -|          -|
    |   + RoPE_Pipeline_l_rope_split_1_i6_l_j4                                                    |       -|   3.39|      32770|  3.277e+05|         -|      32770|        -|        no|           -|           -|     52 (~0%)|     187 (~0%)|          -|
    |    o l_rope_split_1_i6_l_j4                                                                 |       -|   7.30|      32768|  3.277e+05|         2|          1|    32768|       yes|           -|           -|            -|             -|          -|
    |   + RoPE_Pipeline_l_rope_split_2_i7_l_j5                                                    |       -|   2.12|      32770|  3.277e+05|         -|      32770|        -|        no|           -|           -|     52 (~0%)|     239 (~0%)|          -|
    |    o l_rope_split_2_i7_l_j5                                                                 |       -|   7.30|      32768|  3.277e+05|         2|          1|    32768|       yes|           -|           -|            -|             -|          -|
    |   + RoPE_Pipeline_l_rotary_1_i8_l_j6                                                        |       -|   1.15|      32775|  3.278e+05|         -|      32775|        -|        no|           -|           -|    222 (~0%)|     219 (~0%)|          -|
    |    o l_rotary_1_i8_l_j6                                                                     |       -|   7.30|      32773|  3.277e+05|         7|          1|    32768|       yes|           -|           -|            -|             -|          -|
    |   + RoPE_Pipeline_l_rotary_2_i9_l_j7                                                        |       -|   1.15|      32775|  3.278e+05|         -|      32775|        -|        no|           -|           -|    222 (~0%)|     219 (~0%)|          -|
    |    o l_rotary_2_i9_l_j7                                                                     |       -|   7.30|      32773|  3.277e+05|         7|          1|    32768|       yes|           -|           -|            -|             -|          -|
    |   + RoPE_Pipeline_l_rotary_merge_1_i10_l_j8                                                 |       -|   3.39|      32770|  3.277e+05|         -|      32770|        -|        no|           -|           -|     53 (~0%)|     187 (~0%)|          -|
    |    o l_rotary_merge_1_i10_l_j8                                                              |       -|   7.30|      32768|  3.277e+05|         2|          1|    32768|       yes|           -|           -|            -|             -|          -|
    |   + RoPE_Pipeline_l_rotary_merge_2_i11_l_j9                                                 |       -|   3.12|      32770|  3.277e+05|         -|      32770|        -|        no|           -|           -|     53 (~0%)|     239 (~0%)|          -|
    |    o l_rotary_merge_2_i11_l_j9                                                              |       -|   7.30|      32768|  3.277e+05|         2|          1|    32768|       yes|           -|           -|            -|             -|          -|
    | + allo_DDitBlock_Pipeline_VITIS_LOOP_25202_15                                               |       -|   4.91|        514|  5.140e+03|         -|        514|        -|        no|           -|           -|     23 (~0%)|      73 (~0%)|          -|
    |  o VITIS_LOOP_25202_15                                                                      |       -|   7.30|        512|  5.120e+03|         2|          1|      512|       yes|           -|           -|            -|             -|          -|
    | + allo_DDitBlock_Pipeline_VITIS_LOOP_25205_16_VITIS_LOOP_25206_17                           |       -|   4.24|      65538|  6.554e+05|         -|      65538|        -|        no|           -|           -|     55 (~0%)|     196 (~0%)|          -|
    |  o VITIS_LOOP_25205_16_VITIS_LOOP_25206_17                                                  |       -|   7.30|      65536|  6.554e+05|         2|          1|    65536|       yes|           -|           -|            -|             -|          -|
    | + allo_DDitBlock_Pipeline_VITIS_LOOP_25259_27_VITIS_LOOP_25260_28                           |       -|   4.23|     262146|  2.621e+06|         -|     262146|        -|        no|           -|           -|     61 (~0%)|     206 (~0%)|          -|
    |  o VITIS_LOOP_25259_27_VITIS_LOOP_25260_28                                                  |       -|   7.30|     262144|  2.621e+06|         2|          1|   262144|       yes|           -|           -|            -|             -|          -|
    | + allo_DDitBlock_Pipeline_VITIS_LOOP_25214_18                                               |       -|   4.91|        514|  5.140e+03|         -|        514|        -|        no|           -|           -|     23 (~0%)|      73 (~0%)|          -|
    |  o VITIS_LOOP_25214_18                                                                      |       -|   7.30|        512|  5.120e+03|         2|          1|      512|       yes|           -|           -|            -|             -|          -|
    | + allo_DDitBlock_Pipeline_VITIS_LOOP_25217_19_VITIS_LOOP_25218_20                           |       -|   4.24|      65538|  6.554e+05|         -|      65538|        -|        no|           -|           -|     55 (~0%)|     196 (~0%)|          -|
    |  o VITIS_LOOP_25217_19_VITIS_LOOP_25218_20                                                  |       -|   7.30|      65536|  6.554e+05|         2|          1|    65536|       yes|           -|           -|            -|             -|          -|
    | + scaled_dot_product_attention                                                              |  Timing|  -0.10|  196434329|  1.964e+09|         -|  196434329|        -|        no|   452 (11%)|    647 (7%)|   68855 (2%)|    88085 (6%)|  256 (26%)|
    |  o l_S_h_0_h1                                                                               |       -|   7.30|  196434328|  1.964e+09|  24554291|          -|        8|        no|           -|           -|            -|             -|          -|
    |   + scaled_dot_product_attention_Pipeline_l_mha_split_i15_l_j13                             |       -|   2.91|      65538|  6.554e+05|         -|      65538|        -|        no|           -|           -|     71 (~0%)|     232 (~0%)|          -|
    |    o l_mha_split_i15_l_j13                                                                  |       -|   7.30|      65536|  6.554e+05|         2|          1|    65536|       yes|           -|           -|            -|             -|          -|
    |   + scaled_dot_product_attention_Pipeline_VITIS_LOOP_15595_1_VITIS_LOOP_15596_2             |       -|   2.79|    1048578|  1.049e+07|         -|    1048578|        -|        no|           -|           -|     46 (~0%)|     208 (~0%)|          -|
    |    o VITIS_LOOP_15595_1_VITIS_LOOP_15596_2                                                  |       -|   7.30|    1048576|  1.049e+07|         1|          1|  1048576|       yes|           -|           -|            -|             -|          -|
    |   + scaled_dot_product_attention_Pipeline_VITIS_LOOP_12557_1                                |       -|   4.98|       1026|  1.026e+04|         -|       1026|        -|        no|           -|           -|     13 (~0%)|      64 (~0%)|          -|
    |    o VITIS_LOOP_12557_1                                                                     |       -|   7.30|       1024|  1.024e+04|         1|          1|     1024|       yes|           -|           -|            -|             -|          -|
    |   + scaled_dot_product_attention_Pipeline_VITIS_LOOP_12561_2                                |       -|   4.98|       1026|  1.026e+04|         -|       1026|        -|        no|           -|           -|     13 (~0%)|      64 (~0%)|          -|
    |    o VITIS_LOOP_12561_2                                                                     |       -|   7.30|       1024|  1.024e+04|         1|          1|     1024|       yes|           -|           -|            -|             -|          -|
    |   + systolic_QKT                                                                            |       -|   0.76|    8482177|  8.482e+07|         -|    8482177|        -|        no|           -|    320 (3%)|   33565 (1%)|    40276 (3%)|          -|
    |    o l_outer_tile_mi4                                                                       |       -|   7.30|    8482176|  8.482e+07|     66268|          -|      128|        no|           -|           -|            -|             -|          -|
    |     + dataflow_parent_loop_proc42                                                           |       -|   0.76|      66266|  6.627e+05|         -|      66266|        -|        no|           -|    320 (3%)|   33425 (1%)|    40227 (3%)|          -|
    |      o l_ni4                                                                                |       -|   7.30|      66265|  6.626e+05|       734|          -|      128|        no|           -|           -|            -|             -|          -|
    |       + dataflow_in_loop_l_ni4*                                                             |       -|   0.76|        732|  7.320e+03|         -|        516|        -|  dataflow|           -|    320 (3%)|   33285 (1%)|    40178 (3%)|          -|
    |        + dataflow_in_loop_l_ni4_Loop_l_load_A_tile_ak4_proc4828                             |       -|   2.41|        515|  5.150e+03|         -|        515|        -|        no|           -|           -|     46 (~0%)|     255 (~0%)|          -|
    |         + dataflow_in_loop_l_ni4_Loop_l_load_A_tile_ak4_proc4828_Pipeline_l_load_A_tile_ak  |       -|   3.10|        514|  5.140e+03|         -|        514|        -|        no|           -|           -|     34 (~0%)|     198 (~0%)|          -|
    |          o l_load_A_tile_ak4_l_ai4                                                          |       -|   7.30|        512|  5.120e+03|         2|          1|      512|       yes|           -|           -|            -|             -|          -|
    |        + dataflow_in_loop_l_ni4_Loop_l_load_B_tile_bk4_proc4929                             |       -|   3.88|        514|  5.140e+03|         -|        514|        -|        no|           -|           -|     34 (~0%)|     179 (~0%)|          -|
    |         o l_load_B_tile_bk4_l_bj4                                                           |       -|   7.30|        512|  5.120e+03|         2|          1|      512|       yes|           -|           -|            -|             -|          -|
    |        + systolic_tile_QKT50*                                                               |       -|   0.76|        148|  1.480e+03|         -|        134|        -|  dataflow|           -|    320 (3%)|   28214 (1%)|    34398 (2%)|          -|
    |         + systolic_tile_QKT_Loop_l_data_load_k272_proc35122                                 |       -|   5.17|         66|    660.000|         -|         66|        -|        no|           -|           -|     11 (~0%)|     226 (~0%)|          -|
    |          o l_data_load_k272                                                                 |       -|   7.30|         64|    640.000|         2|          1|       64|       yes|           -|           -|            -|             -|          -|
    |         + PE_kernel_QKT_0_0_1123                                                            |       -|   0.76|        133|  1.330e+03|         -|        133|        -|        no|           -|     5 (~0%)|    424 (~0%)|     456 (~0%)|          -|
    |          o l_S_k_0_k208                                                                     |      II|   7.30|        131|  1.310e+03|         6|          2|       64|       yes|           -|           -|            -|             -|          -|
    |         + PE_kernel_QKT_1_0_1124                                                            |       -|   0.76|        133|  1.330e+03|         -|        133|        -|        no|           -|     5 (~0%)|    425 (~0%)|     465 (~0%)|          -|
    |          o l_S_k_0_k209                                                                     |      II|   7.30|        131|  1.310e+03|         6|          2|       64|       yes|           -|           -|            -|             -|          -|
    |         + PE_kernel_QKT_0_1_1131                                                            |       -|   0.76|        133|  1.330e+03|         -|        133|        -|        no|           -|     5 (~0%)|    424 (~0%)|     456 (~0%)|          -|
    |          o l_S_k_0_k216                                                                     |      II|   7.30|        131|  1.310e+03|         6|          2|       64|       yes|           -|           -|            -|             -|          -|
    |         + PE_kernel_QKT_2_0_1125                                                            |       -|   0.76|        133|  1.330e+03|         -|        133|        -|        no|           -|     5 (~0%)|    425 (~0%)|     465 (~0%)|          -|
    |          o l_S_k_0_k210                                                                     |      II|   7.30|        131|  1.310e+03|         6|          2|       64|       yes|           -|           -|            -|             -|          -|
    |         + PE_kernel_QKT_1_1_1132                                                            |       -|   0.76|        133|  1.330e+03|         -|        133|        -|        no|           -|     5 (~0%)|    424 (~0%)|     456 (~0%)|          -|
    |          o l_S_k_0_k217                                                                     |      II|   7.30|        131|  1.310e+03|         6|          2|       64|       yes|           -|           -|            -|             -|          -|
    |         + PE_kernel_QKT_0_2_1139                                                            |       -|   0.76|        133|  1.330e+03|         -|        133|        -|        no|           -|     5 (~0%)|    425 (~0%)|     465 (~0%)|          -|
    |          o l_S_k_0_k224                                                                     |      II|   7.30|        131|  1.310e+03|         6|          2|       64|       yes|           -|           -|            -|             -|          -|
    |         + PE_kernel_QKT_3_0_1126                                                            |       -|   0.76|        133|  1.330e+03|         -|        133|        -|        no|           -|     5 (~0%)|    425 (~0%)|     465 (~0%)|          -|
    |          o l_S_k_0_k211                                                                     |      II|   7.30|        131|  1.310e+03|         6|          2|       64|       yes|           -|           -|            -|             -|          -|
    |         + PE_kernel_QKT_2_1_1133                                                            |       -|   0.76|        133|  1.330e+03|         -|        133|        -|        no|           -|     5 (~0%)|    425 (~0%)|     465 (~0%)|          -|
    |          o l_S_k_0_k218                                                                     |      II|   7.30|        131|  1.310e+03|         6|          2|       64|       yes|           -|           -|            -|             -|          -|
    |         + PE_kernel_QKT_1_2_1140                                                            |       -|   0.76|        133|  1.330e+03|         -|        133|        -|        no|           -|     5 (~0%)|    424 (~0%)|     456 (~0%)|          -|
    |          o l_S_k_0_k225                                                                     |      II|   7.30|        131|  1.310e+03|         6|          2|       64|       yes|           -|           -|            -|             -|          -|
    |         + PE_kernel_QKT_0_3_1147                                                            |       -|   0.76|        133|  1.330e+03|         -|        133|        -|        no|           -|     5 (~0%)|    425 (~0%)|     465 (~0%)|          -|
    |          o l_S_k_0_k232                                                                     |      II|   7.30|        131|  1.310e+03|         6|          2|       64|       yes|           -|           -|            -|             -|          -|
    |         + PE_kernel_QKT_4_0_1127                                                            |       -|   0.76|        133|  1.330e+03|         -|        133|        -|        no|           -|     5 (~0%)|    425 (~0%)|     465 (~0%)|          -|
    |          o l_S_k_0_k212                                                                     |      II|   7.30|        131|  1.310e+03|         6|          2|       64|       yes|           -|           -|            -|             -|          -|
    |         + PE_kernel_QKT_3_1_1134                                                            |       -|   0.76|        133|  1.330e+03|         -|        133|        -|        no|           -|     5 (~0%)|    425 (~0%)|     465 (~0%)|          -|
    |          o l_S_k_0_k219                                                                     |      II|   7.30|        131|  1.310e+03|         6|          2|       64|       yes|           -|           -|            -|             -|          -|
    |         + PE_kernel_QKT_2_2_1141                                                            |       -|   0.76|        133|  1.330e+03|         -|        133|        -|        no|           -|     5 (~0%)|    424 (~0%)|     456 (~0%)|          -|
    |          o l_S_k_0_k226                                                                     |      II|   7.30|        131|  1.310e+03|         6|          2|       64|       yes|           -|           -|            -|             -|          -|
    |         + PE_kernel_QKT_1_3_1148                                                            |       -|   0.76|        133|  1.330e+03|         -|        133|        -|        no|           -|     5 (~0%)|    425 (~0%)|     465 (~0%)|          -|
    |          o l_S_k_0_k233                                                                     |      II|   7.30|        131|  1.310e+03|         6|          2|       64|       yes|           -|           -|            -|             -|          -|
    |         + PE_kernel_QKT_0_4_1155                                                            |       -|   0.76|        133|  1.330e+03|         -|        133|        -|        no|           -|     5 (~0%)|    425 (~0%)|     465 (~0%)|          -|
    |          o l_S_k_0_k240                                                                     |      II|   7.30|        131|  1.310e+03|         6|          2|       64|       yes|           -|           -|            -|             -|          -|
    |         + PE_kernel_QKT_5_0_1128                                                            |       -|   0.76|        133|  1.330e+03|         -|        133|        -|        no|           -|     5 (~0%)|    425 (~0%)|     465 (~0%)|          -|
    |          o l_S_k_0_k213                                                                     |      II|   7.30|        131|  1.310e+03|         6|          2|       64|       yes|           -|           -|            -|             -|          -|
    |         + PE_kernel_QKT_4_1_1135                                                            |       -|   0.76|        133|  1.330e+03|         -|        133|        -|        no|           -|     5 (~0%)|    425 (~0%)|     465 (~0%)|          -|
    |          o l_S_k_0_k220                                                                     |      II|   7.30|        131|  1.310e+03|         6|          2|       64|       yes|           -|           -|            -|             -|          -|
    |         + PE_kernel_QKT_3_2_1142                                                            |       -|   0.76|        133|  1.330e+03|         -|        133|        -|        no|           -|     5 (~0%)|    425 (~0%)|     465 (~0%)|          -|
    |          o l_S_k_0_k227                                                                     |      II|   7.30|        131|  1.310e+03|         6|          2|       64|       yes|           -|           -|            -|             -|          -|
    |         + PE_kernel_QKT_2_3_1149                                                            |       -|   0.76|        133|  1.330e+03|         -|        133|        -|        no|           -|     5 (~0%)|    424 (~0%)|     456 (~0%)|          -|
    |          o l_S_k_0_k234                                                                     |      II|   7.30|        131|  1.310e+03|         6|          2|       64|       yes|           -|           -|            -|             -|          -|
    |         + PE_kernel_QKT_1_4_1156                                                            |       -|   0.76|        133|  1.330e+03|         -|        133|        -|        no|           -|     5 (~0%)|    425 (~0%)|     465 (~0%)|          -|
    |          o l_S_k_0_k241                                                                     |      II|   7.30|        131|  1.310e+03|         6|          2|       64|       yes|           -|           -|            -|             -|          -|
    |         + PE_kernel_QKT_0_5_1163                                                            |       -|   0.76|        133|  1.330e+03|         -|        133|        -|        no|           -|     5 (~0%)|    425 (~0%)|     465 (~0%)|          -|
    |          o l_S_k_0_k248                                                                     |      II|   7.30|        131|  1.310e+03|         6|          2|       64|       yes|           -|           -|            -|             -|          -|
    |         + PE_kernel_QKT_6_0_1129                                                            |       -|   0.76|        133|  1.330e+03|         -|        133|        -|        no|           -|     5 (~0%)|    425 (~0%)|     465 (~0%)|          -|
    |          o l_S_k_0_k214                                                                     |      II|   7.30|        131|  1.310e+03|         6|          2|       64|       yes|           -|           -|            -|             -|          -|
    |         + PE_kernel_QKT_5_1_1136                                                            |       -|   0.76|        133|  1.330e+03|         -|        133|        -|        no|           -|     5 (~0%)|    425 (~0%)|     465 (~0%)|          -|
    |          o l_S_k_0_k221                                                                     |      II|   7.30|        131|  1.310e+03|         6|          2|       64|       yes|           -|           -|            -|             -|          -|
    |         + PE_kernel_QKT_4_2_1143                                                            |       -|   0.76|        133|  1.330e+03|         -|        133|        -|        no|           -|     5 (~0%)|    425 (~0%)|     465 (~0%)|          -|
    |          o l_S_k_0_k228                                                                     |      II|   7.30|        131|  1.310e+03|         6|          2|       64|       yes|           -|           -|            -|             -|          -|
    |         + PE_kernel_QKT_3_3_1150                                                            |       -|   0.76|        133|  1.330e+03|         -|        133|        -|        no|           -|     5 (~0%)|    424 (~0%)|     456 (~0%)|          -|
    |          o l_S_k_0_k235                                                                     |      II|   7.30|        131|  1.310e+03|         6|          2|       64|       yes|           -|           -|            -|             -|          -|
    |         + PE_kernel_QKT_2_4_1157                                                            |       -|   0.76|        133|  1.330e+03|         -|        133|        -|        no|           -|     5 (~0%)|    425 (~0%)|     465 (~0%)|          -|
    |          o l_S_k_0_k242                                                                     |      II|   7.30|        131|  1.310e+03|         6|          2|       64|       yes|           -|           -|            -|             -|          -|
    |         + PE_kernel_QKT_1_5_1164                                                            |       -|   0.76|        133|  1.330e+03|         -|        133|        -|        no|           -|     5 (~0%)|    425 (~0%)|     465 (~0%)|          -|
    |          o l_S_k_0_k249                                                                     |      II|   7.30|        131|  1.310e+03|         6|          2|       64|       yes|           -|           -|            -|             -|          -|
    |         + PE_kernel_QKT_0_6_1171                                                            |       -|   0.76|        133|  1.330e+03|         -|        133|        -|        no|           -|     5 (~0%)|    425 (~0%)|     465 (~0%)|          -|
    |          o l_S_k_0_k256                                                                     |      II|   7.30|        131|  1.310e+03|         6|          2|       64|       yes|           -|           -|            -|             -|          -|
    |         + PE_kernel_QKT_7_0_1130                                                            |       -|   0.76|        133|  1.330e+03|         -|        133|        -|        no|           -|     5 (~0%)|    425 (~0%)|     465 (~0%)|          -|
    |          o l_S_k_0_k215                                                                     |      II|   7.30|        131|  1.310e+03|         6|          2|       64|       yes|           -|           -|            -|             -|          -|
    |         + PE_kernel_QKT_6_1_1137                                                            |       -|   0.76|        133|  1.330e+03|         -|        133|        -|        no|           -|     5 (~0%)|    425 (~0%)|     465 (~0%)|          -|
    |          o l_S_k_0_k222                                                                     |      II|   7.30|        131|  1.310e+03|         6|          2|       64|       yes|           -|           -|            -|             -|          -|
    |         + PE_kernel_QKT_5_2_1144                                                            |       -|   0.76|        133|  1.330e+03|         -|        133|        -|        no|           -|     5 (~0%)|    425 (~0%)|     465 (~0%)|          -|
    |          o l_S_k_0_k229                                                                     |      II|   7.30|        131|  1.310e+03|         6|          2|       64|       yes|           -|           -|            -|             -|          -|
    |         + PE_kernel_QKT_4_3_1151                                                            |       -|   0.76|        133|  1.330e+03|         -|        133|        -|        no|           -|     5 (~0%)|    425 (~0%)|     465 (~0%)|          -|
    |          o l_S_k_0_k236                                                                     |      II|   7.30|        131|  1.310e+03|         6|          2|       64|       yes|           -|           -|            -|             -|          -|
    |         + PE_kernel_QKT_3_4_1158                                                            |       -|   0.76|        133|  1.330e+03|         -|        133|        -|        no|           -|     5 (~0%)|    424 (~0%)|     456 (~0%)|          -|
    |          o l_S_k_0_k243                                                                     |      II|   7.30|        131|  1.310e+03|         6|          2|       64|       yes|           -|           -|            -|             -|          -|
    |         + PE_kernel_QKT_2_5_1165                                                            |       -|   0.76|        133|  1.330e+03|         -|        133|        -|        no|           -|     5 (~0%)|    425 (~0%)|     465 (~0%)|          -|
    |          o l_S_k_0_k250                                                                     |      II|   7.30|        131|  1.310e+03|         6|          2|       64|       yes|           -|           -|            -|             -|          -|
    |         + PE_kernel_QKT_1_6_1172                                                            |       -|   0.76|        133|  1.330e+03|         -|        133|        -|        no|           -|     5 (~0%)|    425 (~0%)|     465 (~0%)|          -|
    |          o l_S_k_0_k257                                                                     |      II|   7.30|        131|  1.310e+03|         6|          2|       64|       yes|           -|           -|            -|             -|          -|
    |         + PE_kernel_QKT_0_7_1179                                                            |       -|   0.76|        133|  1.330e+03|         -|        133|        -|        no|           -|     5 (~0%)|    425 (~0%)|     465 (~0%)|          -|
    |          o l_S_k_0_k264                                                                     |      II|   7.30|        131|  1.310e+03|         6|          2|       64|       yes|           -|           -|            -|             -|          -|
    |         + PE_kernel_QKT_7_1_1138                                                            |       -|   0.76|        133|  1.330e+03|         -|        133|        -|        no|           -|     5 (~0%)|    425 (~0%)|     465 (~0%)|          -|
    |          o l_S_k_0_k223                                                                     |      II|   7.30|        131|  1.310e+03|         6|          2|       64|       yes|           -|           -|            -|             -|          -|
    |         + PE_kernel_QKT_6_2_1145                                                            |       -|   0.76|        133|  1.330e+03|         -|        133|        -|        no|           -|     5 (~0%)|    425 (~0%)|     465 (~0%)|          -|
    |          o l_S_k_0_k230                                                                     |      II|   7.30|        131|  1.310e+03|         6|          2|       64|       yes|           -|           -|            -|             -|          -|
    |         + PE_kernel_QKT_5_3_1152                                                            |       -|   0.76|        133|  1.330e+03|         -|        133|        -|        no|           -|     5 (~0%)|    425 (~0%)|     465 (~0%)|          -|
    |          o l_S_k_0_k237                                                                     |      II|   7.30|        131|  1.310e+03|         6|          2|       64|       yes|           -|           -|            -|             -|          -|
    |         + PE_kernel_QKT_4_4_1159                                                            |       -|   0.76|        133|  1.330e+03|         -|        133|        -|        no|           -|     5 (~0%)|    424 (~0%)|     456 (~0%)|          -|
    |          o l_S_k_0_k244                                                                     |      II|   7.30|        131|  1.310e+03|         6|          2|       64|       yes|           -|           -|            -|             -|          -|
    |         + PE_kernel_QKT_3_5_1166                                                            |       -|   0.76|        133|  1.330e+03|         -|        133|        -|        no|           -|     5 (~0%)|    425 (~0%)|     465 (~0%)|          -|
    |          o l_S_k_0_k251                                                                     |      II|   7.30|        131|  1.310e+03|         6|          2|       64|       yes|           -|           -|            -|             -|          -|
    |         + PE_kernel_QKT_2_6_1173                                                            |       -|   0.76|        133|  1.330e+03|         -|        133|        -|        no|           -|     5 (~0%)|    425 (~0%)|     465 (~0%)|          -|
    |          o l_S_k_0_k258                                                                     |      II|   7.30|        131|  1.310e+03|         6|          2|       64|       yes|           -|           -|            -|             -|          -|
    |         + PE_kernel_QKT_1_7_1180                                                            |       -|   0.76|        133|  1.330e+03|         -|        133|        -|        no|           -|     5 (~0%)|    425 (~0%)|     465 (~0%)|          -|
    |          o l_S_k_0_k265                                                                     |      II|   7.30|        131|  1.310e+03|         6|          2|       64|       yes|           -|           -|            -|             -|          -|
    |         + PE_kernel_QKT_7_2_1146                                                            |       -|   0.76|        133|  1.330e+03|         -|        133|        -|        no|           -|     5 (~0%)|    425 (~0%)|     465 (~0%)|          -|
    |          o l_S_k_0_k231                                                                     |      II|   7.30|        131|  1.310e+03|         6|          2|       64|       yes|           -|           -|            -|             -|          -|
    |         + PE_kernel_QKT_6_3_1153                                                            |       -|   0.76|        133|  1.330e+03|         -|        133|        -|        no|           -|     5 (~0%)|    425 (~0%)|     465 (~0%)|          -|
    |          o l_S_k_0_k238                                                                     |      II|   7.30|        131|  1.310e+03|         6|          2|       64|       yes|           -|           -|            -|             -|          -|
    |         + PE_kernel_QKT_5_4_1160                                                            |       -|   0.76|        133|  1.330e+03|         -|        133|        -|        no|           -|     5 (~0%)|    425 (~0%)|     465 (~0%)|          -|
    |          o l_S_k_0_k245                                                                     |      II|   7.30|        131|  1.310e+03|         6|          2|       64|       yes|           -|           -|            -|             -|          -|
    |         + PE_kernel_QKT_4_5_1167                                                            |       -|   0.76|        133|  1.330e+03|         -|        133|        -|        no|           -|     5 (~0%)|    424 (~0%)|     456 (~0%)|          -|
    |          o l_S_k_0_k252                                                                     |      II|   7.30|        131|  1.310e+03|         6|          2|       64|       yes|           -|           -|            -|             -|          -|
    |         + PE_kernel_QKT_3_6_1174                                                            |       -|   0.76|        133|  1.330e+03|         -|        133|        -|        no|           -|     5 (~0%)|    425 (~0%)|     465 (~0%)|          -|
    |          o l_S_k_0_k259                                                                     |      II|   7.30|        131|  1.310e+03|         6|          2|       64|       yes|           -|           -|            -|             -|          -|
    |         + PE_kernel_QKT_2_7_1181                                                            |       -|   0.76|        133|  1.330e+03|         -|        133|        -|        no|           -|     5 (~0%)|    425 (~0%)|     465 (~0%)|          -|
    |          o l_S_k_0_k266                                                                     |      II|   7.30|        131|  1.310e+03|         6|          2|       64|       yes|           -|           -|            -|             -|          -|
    |         + PE_kernel_QKT_7_3_1154                                                            |       -|   0.76|        133|  1.330e+03|         -|        133|        -|        no|           -|     5 (~0%)|    425 (~0%)|     465 (~0%)|          -|
    |          o l_S_k_0_k239                                                                     |      II|   7.30|        131|  1.310e+03|         6|          2|       64|       yes|           -|           -|            -|             -|          -|
    |         + PE_kernel_QKT_6_4_1161                                                            |       -|   0.76|        133|  1.330e+03|         -|        133|        -|        no|           -|     5 (~0%)|    425 (~0%)|     465 (~0%)|          -|
    |          o l_S_k_0_k246                                                                     |      II|   7.30|        131|  1.310e+03|         6|          2|       64|       yes|           -|           -|            -|             -|          -|
    |         + PE_kernel_QKT_5_5_1168                                                            |       -|   0.76|        133|  1.330e+03|         -|        133|        -|        no|           -|     5 (~0%)|    424 (~0%)|     456 (~0%)|          -|
    |          o l_S_k_0_k253                                                                     |      II|   7.30|        131|  1.310e+03|         6|          2|       64|       yes|           -|           -|            -|             -|          -|
    |         + PE_kernel_QKT_4_6_1175                                                            |       -|   0.76|        133|  1.330e+03|         -|        133|        -|        no|           -|     5 (~0%)|    425 (~0%)|     465 (~0%)|          -|
    |          o l_S_k_0_k260                                                                     |      II|   7.30|        131|  1.310e+03|         6|          2|       64|       yes|           -|           -|            -|             -|          -|
    |         + PE_kernel_QKT_3_7_1182                                                            |       -|   0.76|        133|  1.330e+03|         -|        133|        -|        no|           -|     5 (~0%)|    425 (~0%)|     465 (~0%)|          -|
    |          o l_S_k_0_k267                                                                     |      II|   7.30|        131|  1.310e+03|         6|          2|       64|       yes|           -|           -|            -|             -|          -|
    |         + PE_kernel_QKT_7_4_1162                                                            |       -|   0.76|        133|  1.330e+03|         -|        133|        -|        no|           -|     5 (~0%)|    425 (~0%)|     465 (~0%)|          -|
    |          o l_S_k_0_k247                                                                     |      II|   7.30|        131|  1.310e+03|         6|          2|       64|       yes|           -|           -|            -|             -|          -|
    |         + PE_kernel_QKT_6_5_1169                                                            |       -|   0.76|        133|  1.330e+03|         -|        133|        -|        no|           -|     5 (~0%)|    425 (~0%)|     465 (~0%)|          -|
    |          o l_S_k_0_k254                                                                     |      II|   7.30|        131|  1.310e+03|         6|          2|       64|       yes|           -|           -|            -|             -|          -|
    |         + PE_kernel_QKT_5_6_1176                                                            |       -|   0.76|        133|  1.330e+03|         -|        133|        -|        no|           -|     5 (~0%)|    424 (~0%)|     456 (~0%)|          -|
    |          o l_S_k_0_k261                                                                     |      II|   7.30|        131|  1.310e+03|         6|          2|       64|       yes|           -|           -|            -|             -|          -|
    |         + PE_kernel_QKT_4_7_1183                                                            |       -|   0.76|        133|  1.330e+03|         -|        133|        -|        no|           -|     5 (~0%)|    425 (~0%)|     465 (~0%)|          -|
    |          o l_S_k_0_k268                                                                     |      II|   7.30|        131|  1.310e+03|         6|          2|       64|       yes|           -|           -|            -|             -|          -|
    |         + PE_kernel_QKT_7_5_1170                                                            |       -|   0.76|        133|  1.330e+03|         -|        133|        -|        no|           -|     5 (~0%)|    425 (~0%)|     465 (~0%)|          -|
    |          o l_S_k_0_k255                                                                     |      II|   7.30|        131|  1.310e+03|         6|          2|       64|       yes|           -|           -|            -|             -|          -|
    |         + PE_kernel_QKT_6_6_1177                                                            |       -|   0.76|        133|  1.330e+03|         -|        133|        -|        no|           -|     5 (~0%)|    424 (~0%)|     456 (~0%)|          -|
    |          o l_S_k_0_k262                                                                     |      II|   7.30|        131|  1.310e+03|         6|          2|       64|       yes|           -|           -|            -|             -|          -|
    |         + PE_kernel_QKT_5_7_1184                                                            |       -|   0.76|        133|  1.330e+03|         -|        133|        -|        no|           -|     5 (~0%)|    425 (~0%)|     465 (~0%)|          -|
    |          o l_S_k_0_k269                                                                     |      II|   7.30|        131|  1.310e+03|         6|          2|       64|       yes|           -|           -|            -|             -|          -|
    |         + PE_kernel_QKT_7_6_1178                                                            |       -|   0.76|        133|  1.330e+03|         -|        133|        -|        no|           -|     5 (~0%)|    425 (~0%)|     465 (~0%)|          -|
    |          o l_S_k_0_k263                                                                     |      II|   7.30|        131|  1.310e+03|         6|          2|       64|       yes|           -|           -|            -|             -|          -|
    |         + PE_kernel_QKT_6_7_1185                                                            |       -|   0.76|        133|  1.330e+03|         -|        133|        -|        no|           -|     5 (~0%)|    424 (~0%)|     456 (~0%)|          -|
    |          o l_S_k_0_k270                                                                     |      II|   7.30|        131|  1.310e+03|         6|          2|       64|       yes|           -|           -|            -|             -|          -|
    |         + PE_kernel_QKT_7_7_1186                                                            |       -|   0.76|        133|  1.330e+03|         -|        133|        -|        no|           -|     5 (~0%)|    424 (~0%)|     456 (~0%)|          -|
    |          o l_S_k_0_k271                                                                     |      II|   7.30|        131|  1.310e+03|         6|          2|       64|       yes|           -|           -|            -|             -|          -|
    |         + systolic_tile_QKT_Loop_l_data_drain_k273_proc36187                                |       -|   5.82|         66|    660.000|         -|         66|        -|        no|           -|           -|     10 (~0%)|     217 (~0%)|          -|
    |          o l_data_drain_k273                                                                |       -|   7.30|         64|    640.000|         2|          1|       64|       yes|           -|           -|            -|             -|          -|
    |        + dataflow_in_loop_l_ni4_Loop_l_store_C_tile_sj4_proc51                              |       -|   1.66|         67|    670.000|         -|         67|        -|        no|           -|           -|     35 (~0%)|     628 (~0%)|          -|
    |         + dataflow_in_loop_l_ni4_Loop_l_store_C_tile_sj4_proc51_Pipeline_l_store_C_tile_sj  |       -|   1.66|         66|    660.000|         -|         66|        -|        no|           -|           -|     17 (~0%)|     585 (~0%)|          -|
    |          o l_store_C_tile_sj4_l_si4                                                         |       -|   7.30|         64|    640.000|         1|          1|       64|       yes|           -|           -|            -|             -|          -|
    |   + scaled_dot_product_attention_Pipeline_l_mha_scale_i16_l_j14                             |       -|   2.40|    1048581|  1.049e+07|         -|    1048581|        -|        no|           -|           -|    201 (~0%)|     249 (~0%)|          -|
    |    o l_mha_scale_i16_l_j14                                                                  |       -|   7.30|    1048579|  1.049e+07|         5|          1|  1048576|       yes|           -|           -|            -|             -|          -|
    |   + scaled_dot_product_attention_Pipeline_l_row_max_i12_l_j10                               |       -|   0.43|    2097155|  2.097e+07|         -|    2097155|        -|        no|           -|           -|    173 (~0%)|     434 (~0%)|          -|
    |    o l_row_max_i12_l_j10                                                                    |      II|   7.30|    2097153|  2.097e+07|         4|          2|  1048576|       yes|           -|           -|            -|             -|          -|
    |   + scaled_dot_product_attention_Pipeline_l_exp_sum_i13_l_j11                               |       -|   0.26|    2097164|  2.097e+07|         -|    2097164|        -|        no|           -|     7 (~0%)|    776 (~0%)|    1220 (~0%)|          -|
    |    o l_exp_sum_i13_l_j11                                                                    |      II|   7.30|    2097162|  2.097e+07|        13|          2|  1048576|       yes|           -|           -|            -|             -|          -|
    |   + scaled_dot_product_attention_Pipeline_l_update_i14_l_j12                                |       -|   0.23|    1048585|  1.049e+07|         -|    1048585|        -|        no|           -|           -|    241 (~0%)|     249 (~0%)|          -|
    |    o l_update_i14_l_j12                                                                     |       -|   7.30|    1048583|  1.049e+07|         9|          1|  1048576|       yes|           -|           -|            -|             -|          -|
    |   + systolic_YV                                                                             |  Timing|  -0.10|    8666497|  8.666e+07|         -|    8666497|        -|        no|     64 (1%)|    320 (3%)|   33531 (1%)|    39768 (3%)|          -|
    |    o l_outer_tile_mi5                                                                       |       -|   7.30|    8666496|  8.666e+07|     67708|          -|      128|        no|           -|           -|            -|             -|          -|
    |     + dataflow_parent_loop_proc                                                             |  Timing|  -0.10|      67706|  6.771e+05|         -|      67706|        -|        no|     64 (1%)|    320 (3%)|   33391 (1%)|    39719 (3%)|          -|
    |      o l_ni5                                                                                |       -|   7.30|      67705|  6.770e+05|     10334|          -|        8|        no|           -|           -|            -|             -|          -|
    |       + dataflow_in_loop_l_ni5*                                                             |  Timing|  -0.10|      10332|  1.033e+05|         -|       8196|        -|  dataflow|     64 (1%)|    320 (3%)|   33313 (1%)|    39682 (3%)|          -|
    |        + dataflow_in_loop_l_ni5_Loop_l_load_A_tile_ak5_proc5230                             |       -|   1.10|       8195|  8.195e+04|         -|       8195|        -|        no|           -|           -|     58 (~0%)|     271 (~0%)|          -|
    |         + dataflow_in_loop_l_ni5_Loop_l_load_A_tile_ak5_proc5230_Pipeline_l_load_A_tile_ak  |       -|   1.66|       8194|  8.194e+04|         -|       8194|        -|        no|           -|           -|     46 (~0%)|     218 (~0%)|          -|
    |          o l_load_A_tile_ak5_l_ai5                                                          |       -|   7.30|       8192|  8.192e+04|         2|          1|     8192|       yes|           -|           -|            -|             -|          -|
    |        + dataflow_in_loop_l_ni5_Loop_l_load_B_tile_bk5_proc5331                             |       -|   3.90|       8194|  8.194e+04|         -|       8194|        -|        no|           -|           -|     46 (~0%)|     191 (~0%)|          -|
    |         o l_load_B_tile_bk5_l_bj5                                                           |       -|   7.30|       8192|  8.192e+04|         2|          1|     8192|       yes|           -|           -|            -|             -|          -|
    |        + systolic_tile_YV54*                                                                |       -|   0.76|       2068|  2.068e+04|         -|       2054|        -|  dataflow|           -|    320 (3%)|   28734 (1%)|    34926 (2%)|          -|
    |         + systolic_tile_YV_Loop_l_data_load_k338_proc37188                                  |       -|   4.67|       1026|  1.026e+04|         -|       1026|        -|        no|           -|           -|     15 (~0%)|     234 (~0%)|          -|
    |          o l_data_load_k338                                                                 |       -|   7.30|       1024|  1.024e+04|         2|          1|     1024|       yes|           -|           -|            -|             -|          -|
    |         + PE_kernel_YV_0_0_1189                                                             |       -|   0.76|       2053|  2.053e+04|         -|       2053|        -|        no|           -|     5 (~0%)|    432 (~0%)|     464 (~0%)|          -|
    |          o l_S_k_0_k274                                                                     |      II|   7.30|       2051|  2.051e+04|         6|          2|     1024|       yes|           -|           -|            -|             -|          -|
    |         + PE_kernel_YV_1_0_1190                                                             |       -|   0.76|       2053|  2.053e+04|         -|       2053|        -|        no|           -|     5 (~0%)|    433 (~0%)|     473 (~0%)|          -|
    |          o l_S_k_0_k275                                                                     |      II|   7.30|       2051|  2.051e+04|         6|          2|     1024|       yes|           -|           -|            -|             -|          -|
    |         + PE_kernel_YV_0_1_1197                                                             |       -|   0.76|       2053|  2.053e+04|         -|       2053|        -|        no|           -|     5 (~0%)|    432 (~0%)|     464 (~0%)|          -|
    |          o l_S_k_0_k282                                                                     |      II|   7.30|       2051|  2.051e+04|         6|          2|     1024|       yes|           -|           -|            -|             -|          -|
    |         + PE_kernel_YV_2_0_1191                                                             |       -|   0.76|       2053|  2.053e+04|         -|       2053|        -|        no|           -|     5 (~0%)|    433 (~0%)|     473 (~0%)|          -|
    |          o l_S_k_0_k276                                                                     |      II|   7.30|       2051|  2.051e+04|         6|          2|     1024|       yes|           -|           -|            -|             -|          -|
    |         + PE_kernel_YV_1_1_1198                                                             |       -|   0.76|       2053|  2.053e+04|         -|       2053|        -|        no|           -|     5 (~0%)|    432 (~0%)|     464 (~0%)|          -|
    |          o l_S_k_0_k283                                                                     |      II|   7.30|       2051|  2.051e+04|         6|          2|     1024|       yes|           -|           -|            -|             -|          -|
    |         + PE_kernel_YV_0_2_1205                                                             |       -|   0.76|       2053|  2.053e+04|         -|       2053|        -|        no|           -|     5 (~0%)|    433 (~0%)|     473 (~0%)|          -|
    |          o l_S_k_0_k290                                                                     |      II|   7.30|       2051|  2.051e+04|         6|          2|     1024|       yes|           -|           -|            -|             -|          -|
    |         + PE_kernel_YV_3_0_1192                                                             |       -|   0.76|       2053|  2.053e+04|         -|       2053|        -|        no|           -|     5 (~0%)|    433 (~0%)|     473 (~0%)|          -|
    |          o l_S_k_0_k277                                                                     |      II|   7.30|       2051|  2.051e+04|         6|          2|     1024|       yes|           -|           -|            -|             -|          -|
    |         + PE_kernel_YV_2_1_1199                                                             |       -|   0.76|       2053|  2.053e+04|         -|       2053|        -|        no|           -|     5 (~0%)|    433 (~0%)|     473 (~0%)|          -|
    |          o l_S_k_0_k284                                                                     |      II|   7.30|       2051|  2.051e+04|         6|          2|     1024|       yes|           -|           -|            -|             -|          -|
    |         + PE_kernel_YV_1_2_1206                                                             |       -|   0.76|       2053|  2.053e+04|         -|       2053|        -|        no|           -|     5 (~0%)|    432 (~0%)|     464 (~0%)|          -|
    |          o l_S_k_0_k291                                                                     |      II|   7.30|       2051|  2.051e+04|         6|          2|     1024|       yes|           -|           -|            -|             -|          -|
    |         + PE_kernel_YV_0_3_1213                                                             |       -|   0.76|       2053|  2.053e+04|         -|       2053|        -|        no|           -|     5 (~0%)|    433 (~0%)|     473 (~0%)|          -|
    |          o l_S_k_0_k298                                                                     |      II|   7.30|       2051|  2.051e+04|         6|          2|     1024|       yes|           -|           -|            -|             -|          -|
    |         + PE_kernel_YV_4_0_1193                                                             |       -|   0.76|       2053|  2.053e+04|         -|       2053|        -|        no|           -|     5 (~0%)|    433 (~0%)|     473 (~0%)|          -|
    |          o l_S_k_0_k278                                                                     |      II|   7.30|       2051|  2.051e+04|         6|          2|     1024|       yes|           -|           -|            -|             -|          -|
    |         + PE_kernel_YV_3_1_1200                                                             |       -|   0.76|       2053|  2.053e+04|         -|       2053|        -|        no|           -|     5 (~0%)|    433 (~0%)|     473 (~0%)|          -|
    |          o l_S_k_0_k285                                                                     |      II|   7.30|       2051|  2.051e+04|         6|          2|     1024|       yes|           -|           -|            -|             -|          -|
    |         + PE_kernel_YV_2_2_1207                                                             |       -|   0.76|       2053|  2.053e+04|         -|       2053|        -|        no|           -|     5 (~0%)|    432 (~0%)|     464 (~0%)|          -|
    |          o l_S_k_0_k292                                                                     |      II|   7.30|       2051|  2.051e+04|         6|          2|     1024|       yes|           -|           -|            -|             -|          -|
    |         + PE_kernel_YV_1_3_1214                                                             |       -|   0.76|       2053|  2.053e+04|         -|       2053|        -|        no|           -|     5 (~0%)|    433 (~0%)|     473 (~0%)|          -|
    |          o l_S_k_0_k299                                                                     |      II|   7.30|       2051|  2.051e+04|         6|          2|     1024|       yes|           -|           -|            -|             -|          -|
    |         + PE_kernel_YV_0_4_1221                                                             |       -|   0.76|       2053|  2.053e+04|         -|       2053|        -|        no|           -|     5 (~0%)|    433 (~0%)|     473 (~0%)|          -|
    |          o l_S_k_0_k306                                                                     |      II|   7.30|       2051|  2.051e+04|         6|          2|     1024|       yes|           -|           -|            -|             -|          -|
    |         + PE_kernel_YV_5_0_1194                                                             |       -|   0.76|       2053|  2.053e+04|         -|       2053|        -|        no|           -|     5 (~0%)|    433 (~0%)|     473 (~0%)|          -|
    |          o l_S_k_0_k279                                                                     |      II|   7.30|       2051|  2.051e+04|         6|          2|     1024|       yes|           -|           -|            -|             -|          -|
    |         + PE_kernel_YV_4_1_1201                                                             |       -|   0.76|       2053|  2.053e+04|         -|       2053|        -|        no|           -|     5 (~0%)|    433 (~0%)|     473 (~0%)|          -|
    |          o l_S_k_0_k286                                                                     |      II|   7.30|       2051|  2.051e+04|         6|          2|     1024|       yes|           -|           -|            -|             -|          -|
    |         + PE_kernel_YV_3_2_1208                                                             |       -|   0.76|       2053|  2.053e+04|         -|       2053|        -|        no|           -|     5 (~0%)|    433 (~0%)|     473 (~0%)|          -|
    |          o l_S_k_0_k293                                                                     |      II|   7.30|       2051|  2.051e+04|         6|          2|     1024|       yes|           -|           -|            -|             -|          -|
    |         + PE_kernel_YV_2_3_1215                                                             |       -|   0.76|       2053|  2.053e+04|         -|       2053|        -|        no|           -|     5 (~0%)|    432 (~0%)|     464 (~0%)|          -|
    |          o l_S_k_0_k300                                                                     |      II|   7.30|       2051|  2.051e+04|         6|          2|     1024|       yes|           -|           -|            -|             -|          -|
    |         + PE_kernel_YV_1_4_1222                                                             |       -|   0.76|       2053|  2.053e+04|         -|       2053|        -|        no|           -|     5 (~0%)|    433 (~0%)|     473 (~0%)|          -|
    |          o l_S_k_0_k307                                                                     |      II|   7.30|       2051|  2.051e+04|         6|          2|     1024|       yes|           -|           -|            -|             -|          -|
    |         + PE_kernel_YV_0_5_1229                                                             |       -|   0.76|       2053|  2.053e+04|         -|       2053|        -|        no|           -|     5 (~0%)|    433 (~0%)|     473 (~0%)|          -|
    |          o l_S_k_0_k314                                                                     |      II|   7.30|       2051|  2.051e+04|         6|          2|     1024|       yes|           -|           -|            -|             -|          -|
    |         + PE_kernel_YV_6_0_1195                                                             |       -|   0.76|       2053|  2.053e+04|         -|       2053|        -|        no|           -|     5 (~0%)|    433 (~0%)|     473 (~0%)|          -|
    |          o l_S_k_0_k280                                                                     |      II|   7.30|       2051|  2.051e+04|         6|          2|     1024|       yes|           -|           -|            -|             -|          -|
    |         + PE_kernel_YV_5_1_1202                                                             |       -|   0.76|       2053|  2.053e+04|         -|       2053|        -|        no|           -|     5 (~0%)|    433 (~0%)|     473 (~0%)|          -|
    |          o l_S_k_0_k287                                                                     |      II|   7.30|       2051|  2.051e+04|         6|          2|     1024|       yes|           -|           -|            -|             -|          -|
    |         + PE_kernel_YV_4_2_1209                                                             |       -|   0.76|       2053|  2.053e+04|         -|       2053|        -|        no|           -|     5 (~0%)|    433 (~0%)|     473 (~0%)|          -|
    |          o l_S_k_0_k294                                                                     |      II|   7.30|       2051|  2.051e+04|         6|          2|     1024|       yes|           -|           -|            -|             -|          -|
    |         + PE_kernel_YV_3_3_1216                                                             |       -|   0.76|       2053|  2.053e+04|         -|       2053|        -|        no|           -|     5 (~0%)|    432 (~0%)|     464 (~0%)|          -|
    |          o l_S_k_0_k301                                                                     |      II|   7.30|       2051|  2.051e+04|         6|          2|     1024|       yes|           -|           -|            -|             -|          -|
    |         + PE_kernel_YV_2_4_1223                                                             |       -|   0.76|       2053|  2.053e+04|         -|       2053|        -|        no|           -|     5 (~0%)|    433 (~0%)|     473 (~0%)|          -|
    |          o l_S_k_0_k308                                                                     |      II|   7.30|       2051|  2.051e+04|         6|          2|     1024|       yes|           -|           -|            -|             -|          -|
    |         + PE_kernel_YV_1_5_1230                                                             |       -|   0.76|       2053|  2.053e+04|         -|       2053|        -|        no|           -|     5 (~0%)|    433 (~0%)|     473 (~0%)|          -|
    |          o l_S_k_0_k315                                                                     |      II|   7.30|       2051|  2.051e+04|         6|          2|     1024|       yes|           -|           -|            -|             -|          -|
    |         + PE_kernel_YV_0_6_1237                                                             |       -|   0.76|       2053|  2.053e+04|         -|       2053|        -|        no|           -|     5 (~0%)|    433 (~0%)|     473 (~0%)|          -|
    |          o l_S_k_0_k322                                                                     |      II|   7.30|       2051|  2.051e+04|         6|          2|     1024|       yes|           -|           -|            -|             -|          -|
    |         + PE_kernel_YV_7_0_1196                                                             |       -|   0.76|       2053|  2.053e+04|         -|       2053|        -|        no|           -|     5 (~0%)|    433 (~0%)|     473 (~0%)|          -|
    |          o l_S_k_0_k281                                                                     |      II|   7.30|       2051|  2.051e+04|         6|          2|     1024|       yes|           -|           -|            -|             -|          -|
    |         + PE_kernel_YV_6_1_1203                                                             |       -|   0.76|       2053|  2.053e+04|         -|       2053|        -|        no|           -|     5 (~0%)|    433 (~0%)|     473 (~0%)|          -|
    |          o l_S_k_0_k288                                                                     |      II|   7.30|       2051|  2.051e+04|         6|          2|     1024|       yes|           -|           -|            -|             -|          -|
    |         + PE_kernel_YV_5_2_1210                                                             |       -|   0.76|       2053|  2.053e+04|         -|       2053|        -|        no|           -|     5 (~0%)|    433 (~0%)|     473 (~0%)|          -|
    |          o l_S_k_0_k295                                                                     |      II|   7.30|       2051|  2.051e+04|         6|          2|     1024|       yes|           -|           -|            -|             -|          -|
    |         + PE_kernel_YV_4_3_1217                                                             |       -|   0.76|       2053|  2.053e+04|         -|       2053|        -|        no|           -|     5 (~0%)|    433 (~0%)|     473 (~0%)|          -|
    |          o l_S_k_0_k302                                                                     |      II|   7.30|       2051|  2.051e+04|         6|          2|     1024|       yes|           -|           -|            -|             -|          -|
    |         + PE_kernel_YV_3_4_1224                                                             |       -|   0.76|       2053|  2.053e+04|         -|       2053|        -|        no|           -|     5 (~0%)|    432 (~0%)|     464 (~0%)|          -|
    |          o l_S_k_0_k309                                                                     |      II|   7.30|       2051|  2.051e+04|         6|          2|     1024|       yes|           -|           -|            -|             -|          -|
    |         + PE_kernel_YV_2_5_1231                                                             |       -|   0.76|       2053|  2.053e+04|         -|       2053|        -|        no|           -|     5 (~0%)|    433 (~0%)|     473 (~0%)|          -|
    |          o l_S_k_0_k316                                                                     |      II|   7.30|       2051|  2.051e+04|         6|          2|     1024|       yes|           -|           -|            -|             -|          -|
    |         + PE_kernel_YV_1_6_1238                                                             |       -|   0.76|       2053|  2.053e+04|         -|       2053|        -|        no|           -|     5 (~0%)|    433 (~0%)|     473 (~0%)|          -|
    |          o l_S_k_0_k323                                                                     |      II|   7.30|       2051|  2.051e+04|         6|          2|     1024|       yes|           -|           -|            -|             -|          -|
    |         + PE_kernel_YV_0_7_1245                                                             |       -|   0.76|       2053|  2.053e+04|         -|       2053|        -|        no|           -|     5 (~0%)|    433 (~0%)|     473 (~0%)|          -|
    |          o l_S_k_0_k330                                                                     |      II|   7.30|       2051|  2.051e+04|         6|          2|     1024|       yes|           -|           -|            -|             -|          -|
    |         + PE_kernel_YV_7_1_1204                                                             |       -|   0.76|       2053|  2.053e+04|         -|       2053|        -|        no|           -|     5 (~0%)|    433 (~0%)|     473 (~0%)|          -|
    |          o l_S_k_0_k289                                                                     |      II|   7.30|       2051|  2.051e+04|         6|          2|     1024|       yes|           -|           -|            -|             -|          -|
    |         + PE_kernel_YV_6_2_1211                                                             |       -|   0.76|       2053|  2.053e+04|         -|       2053|        -|        no|           -|     5 (~0%)|    433 (~0%)|     473 (~0%)|          -|
    |          o l_S_k_0_k296                                                                     |      II|   7.30|       2051|  2.051e+04|         6|          2|     1024|       yes|           -|           -|            -|             -|          -|
    |         + PE_kernel_YV_5_3_1218                                                             |       -|   0.76|       2053|  2.053e+04|         -|       2053|        -|        no|           -|     5 (~0%)|    433 (~0%)|     473 (~0%)|          -|
    |          o l_S_k_0_k303                                                                     |      II|   7.30|       2051|  2.051e+04|         6|          2|     1024|       yes|           -|           -|            -|             -|          -|
    |         + PE_kernel_YV_4_4_1225                                                             |       -|   0.76|       2053|  2.053e+04|         -|       2053|        -|        no|           -|     5 (~0%)|    432 (~0%)|     464 (~0%)|          -|
    |          o l_S_k_0_k310                                                                     |      II|   7.30|       2051|  2.051e+04|         6|          2|     1024|       yes|           -|           -|            -|             -|          -|
    |         + PE_kernel_YV_3_5_1232                                                             |       -|   0.76|       2053|  2.053e+04|         -|       2053|        -|        no|           -|     5 (~0%)|    433 (~0%)|     473 (~0%)|          -|
    |          o l_S_k_0_k317                                                                     |      II|   7.30|       2051|  2.051e+04|         6|          2|     1024|       yes|           -|           -|            -|             -|          -|
    |         + PE_kernel_YV_2_6_1239                                                             |       -|   0.76|       2053|  2.053e+04|         -|       2053|        -|        no|           -|     5 (~0%)|    433 (~0%)|     473 (~0%)|          -|
    |          o l_S_k_0_k324                                                                     |      II|   7.30|       2051|  2.051e+04|         6|          2|     1024|       yes|           -|           -|            -|             -|          -|
    |         + PE_kernel_YV_1_7_1246                                                             |       -|   0.76|       2053|  2.053e+04|         -|       2053|        -|        no|           -|     5 (~0%)|    433 (~0%)|     473 (~0%)|          -|
    |          o l_S_k_0_k331                                                                     |      II|   7.30|       2051|  2.051e+04|         6|          2|     1024|       yes|           -|           -|            -|             -|          -|
    |         + PE_kernel_YV_7_2_1212                                                             |       -|   0.76|       2053|  2.053e+04|         -|       2053|        -|        no|           -|     5 (~0%)|    433 (~0%)|     473 (~0%)|          -|
    |          o l_S_k_0_k297                                                                     |      II|   7.30|       2051|  2.051e+04|         6|          2|     1024|       yes|           -|           -|            -|             -|          -|
    |         + PE_kernel_YV_6_3_1219                                                             |       -|   0.76|       2053|  2.053e+04|         -|       2053|        -|        no|           -|     5 (~0%)|    433 (~0%)|     473 (~0%)|          -|
    |          o l_S_k_0_k304                                                                     |      II|   7.30|       2051|  2.051e+04|         6|          2|     1024|       yes|           -|           -|            -|             -|          -|
    |         + PE_kernel_YV_5_4_1226                                                             |       -|   0.76|       2053|  2.053e+04|         -|       2053|        -|        no|           -|     5 (~0%)|    433 (~0%)|     473 (~0%)|          -|
    |          o l_S_k_0_k311                                                                     |      II|   7.30|       2051|  2.051e+04|         6|          2|     1024|       yes|           -|           -|            -|             -|          -|
    |         + PE_kernel_YV_4_5_1233                                                             |       -|   0.76|       2053|  2.053e+04|         -|       2053|        -|        no|           -|     5 (~0%)|    432 (~0%)|     464 (~0%)|          -|
    |          o l_S_k_0_k318                                                                     |      II|   7.30|       2051|  2.051e+04|         6|          2|     1024|       yes|           -|           -|            -|             -|          -|
    |         + PE_kernel_YV_3_6_1240                                                             |       -|   0.76|       2053|  2.053e+04|         -|       2053|        -|        no|           -|     5 (~0%)|    433 (~0%)|     473 (~0%)|          -|
    |          o l_S_k_0_k325                                                                     |      II|   7.30|       2051|  2.051e+04|         6|          2|     1024|       yes|           -|           -|            -|             -|          -|
    |         + PE_kernel_YV_2_7_1247                                                             |       -|   0.76|       2053|  2.053e+04|         -|       2053|        -|        no|           -|     5 (~0%)|    433 (~0%)|     473 (~0%)|          -|
    |          o l_S_k_0_k332                                                                     |      II|   7.30|       2051|  2.051e+04|         6|          2|     1024|       yes|           -|           -|            -|             -|          -|
    |         + PE_kernel_YV_7_3_1220                                                             |       -|   0.76|       2053|  2.053e+04|         -|       2053|        -|        no|           -|     5 (~0%)|    433 (~0%)|     473 (~0%)|          -|
    |          o l_S_k_0_k305                                                                     |      II|   7.30|       2051|  2.051e+04|         6|          2|     1024|       yes|           -|           -|            -|             -|          -|
    |         + PE_kernel_YV_6_4_1227                                                             |       -|   0.76|       2053|  2.053e+04|         -|       2053|        -|        no|           -|     5 (~0%)|    433 (~0%)|     473 (~0%)|          -|
    |          o l_S_k_0_k312                                                                     |      II|   7.30|       2051|  2.051e+04|         6|          2|     1024|       yes|           -|           -|            -|             -|          -|
    |         + PE_kernel_YV_5_5_1234                                                             |       -|   0.76|       2053|  2.053e+04|         -|       2053|        -|        no|           -|     5 (~0%)|    432 (~0%)|     464 (~0%)|          -|
    |          o l_S_k_0_k319                                                                     |      II|   7.30|       2051|  2.051e+04|         6|          2|     1024|       yes|           -|           -|            -|             -|          -|
    |         + PE_kernel_YV_4_6_1241                                                             |       -|   0.76|       2053|  2.053e+04|         -|       2053|        -|        no|           -|     5 (~0%)|    433 (~0%)|     473 (~0%)|          -|
    |          o l_S_k_0_k326                                                                     |      II|   7.30|       2051|  2.051e+04|         6|          2|     1024|       yes|           -|           -|            -|             -|          -|
    |         + PE_kernel_YV_3_7_1248                                                             |       -|   0.76|       2053|  2.053e+04|         -|       2053|        -|        no|           -|     5 (~0%)|    433 (~0%)|     473 (~0%)|          -|
    |          o l_S_k_0_k333                                                                     |      II|   7.30|       2051|  2.051e+04|         6|          2|     1024|       yes|           -|           -|            -|             -|          -|
    |         + PE_kernel_YV_7_4_1228                                                             |       -|   0.76|       2053|  2.053e+04|         -|       2053|        -|        no|           -|     5 (~0%)|    433 (~0%)|     473 (~0%)|          -|
    |          o l_S_k_0_k313                                                                     |      II|   7.30|       2051|  2.051e+04|         6|          2|     1024|       yes|           -|           -|            -|             -|          -|
    |         + PE_kernel_YV_6_5_1235                                                             |       -|   0.76|       2053|  2.053e+04|         -|       2053|        -|        no|           -|     5 (~0%)|    433 (~0%)|     473 (~0%)|          -|
    |          o l_S_k_0_k320                                                                     |      II|   7.30|       2051|  2.051e+04|         6|          2|     1024|       yes|           -|           -|            -|             -|          -|
    |         + PE_kernel_YV_5_6_1242                                                             |       -|   0.76|       2053|  2.053e+04|         -|       2053|        -|        no|           -|     5 (~0%)|    432 (~0%)|     464 (~0%)|          -|
    |          o l_S_k_0_k327                                                                     |      II|   7.30|       2051|  2.051e+04|         6|          2|     1024|       yes|           -|           -|            -|             -|          -|
    |         + PE_kernel_YV_4_7_1249                                                             |       -|   0.76|       2053|  2.053e+04|         -|       2053|        -|        no|           -|     5 (~0%)|    433 (~0%)|     473 (~0%)|          -|
    |          o l_S_k_0_k334                                                                     |      II|   7.30|       2051|  2.051e+04|         6|          2|     1024|       yes|           -|           -|            -|             -|          -|
    |         + PE_kernel_YV_7_5_1236                                                             |       -|   0.76|       2053|  2.053e+04|         -|       2053|        -|        no|           -|     5 (~0%)|    433 (~0%)|     473 (~0%)|          -|
    |          o l_S_k_0_k321                                                                     |      II|   7.30|       2051|  2.051e+04|         6|          2|     1024|       yes|           -|           -|            -|             -|          -|
    |         + PE_kernel_YV_6_6_1243                                                             |       -|   0.76|       2053|  2.053e+04|         -|       2053|        -|        no|           -|     5 (~0%)|    432 (~0%)|     464 (~0%)|          -|
    |          o l_S_k_0_k328                                                                     |      II|   7.30|       2051|  2.051e+04|         6|          2|     1024|       yes|           -|           -|            -|             -|          -|
    |         + PE_kernel_YV_5_7_1250                                                             |       -|   0.76|       2053|  2.053e+04|         -|       2053|        -|        no|           -|     5 (~0%)|    433 (~0%)|     473 (~0%)|          -|
    |          o l_S_k_0_k335                                                                     |      II|   7.30|       2051|  2.051e+04|         6|          2|     1024|       yes|           -|           -|            -|             -|          -|
    |         + PE_kernel_YV_7_6_1244                                                             |       -|   0.76|       2053|  2.053e+04|         -|       2053|        -|        no|           -|     5 (~0%)|    433 (~0%)|     473 (~0%)|          -|
    |          o l_S_k_0_k329                                                                     |      II|   7.30|       2051|  2.051e+04|         6|          2|     1024|       yes|           -|           -|            -|             -|          -|
    |         + PE_kernel_YV_6_7_1251                                                             |       -|   0.76|       2053|  2.053e+04|         -|       2053|        -|        no|           -|     5 (~0%)|    432 (~0%)|     464 (~0%)|          -|
    |          o l_S_k_0_k336                                                                     |      II|   7.30|       2051|  2.051e+04|         6|          2|     1024|       yes|           -|           -|            -|             -|          -|
    |         + PE_kernel_YV_7_7_1252                                                             |       -|   0.76|       2053|  2.053e+04|         -|       2053|        -|        no|           -|     5 (~0%)|    432 (~0%)|     464 (~0%)|          -|
    |          o l_S_k_0_k337                                                                     |      II|   7.30|       2051|  2.051e+04|         6|          2|     1024|       yes|           -|           -|            -|             -|          -|
    |         + systolic_tile_YV_Loop_l_data_drain_k339_proc38253                                 |       -|   5.79|       1026|  1.026e+04|         -|       1026|        -|        no|           -|           -|     14 (~0%)|     225 (~0%)|          -|
    |          o l_data_drain_k339                                                                |       -|   7.30|       1024|  1.024e+04|         2|          1|     1024|       yes|           -|           -|            -|             -|          -|
    |        + dataflow_in_loop_l_ni5_Loop_l_store_C_tile_sj5_proc55                              |       -|   3.10|         67|    670.000|         -|         67|        -|        no|           -|           -|     31 (~0%)|     620 (~0%)|          -|
    |         + dataflow_in_loop_l_ni5_Loop_l_store_C_tile_sj5_proc55_Pipeline_l_store_C_tile_sj  |       -|   3.10|         66|    660.000|         -|         66|        -|        no|           -|           -|     17 (~0%)|     577 (~0%)|          -|
    |          o l_store_C_tile_sj5_l_si5                                                         |       -|   7.30|         64|    640.000|         1|          1|       64|       yes|           -|           -|            -|             -|          -|
    |   + scaled_dot_product_attention_Pipeline_l_mha_merge_i17_l_j15                             |       -|   3.39|      65538|  6.554e+05|         -|      65538|        -|        no|           -|           -|     58 (~0%)|     209 (~0%)|          -|
    |    o l_mha_merge_i17_l_j15                                                                  |       -|   7.30|      65536|  6.554e+05|         2|          1|    65536|       yes|           -|           -|            -|             -|          -|
    | + allo_DDitBlock_Pipeline_VITIS_LOOP_25289_33_VITIS_LOOP_25290_34                           |       -|   4.23|     262146|  2.621e+06|         -|     262146|        -|        no|           -|           -|     61 (~0%)|     206 (~0%)|          -|
    |  o VITIS_LOOP_25289_33_VITIS_LOOP_25290_34                                                  |       -|   7.30|     262144|  2.621e+06|         2|          1|   262144|       yes|           -|           -|            -|             -|          -|
    | + allo_DDitBlock_Pipeline_VITIS_LOOP_25296_35_VITIS_LOOP_25297_36                           |       -|   3.39|     524290|  5.243e+06|         -|     524290|        -|        no|           -|           -|     64 (~0%)|     211 (~0%)|          -|
    |  o VITIS_LOOP_25296_35_VITIS_LOOP_25297_36                                                  |       -|   7.30|     524288|  5.243e+06|         2|          1|   524288|       yes|           -|           -|            -|             -|          -|
    | + allo_DDitBlock_Pipeline_l_scale_i18_l_j16                                                 |       -|   1.20|     524293|  5.243e+06|         -|     524293|        -|        no|           -|           -|    208 (~0%)|     243 (~0%)|          -|
    |  o l_scale_i18_l_j16                                                                        |       -|   7.30|     524291|  5.243e+06|         5|          1|   524288|       yes|           -|           -|            -|             -|          -|
    | + allo_DDitBlock_Pipeline_VITIS_LOOP_25315_39_VITIS_LOOP_25316_40                           |       -|   4.23|     262146|  2.621e+06|         -|     262146|        -|        no|           -|           -|     61 (~0%)|     206 (~0%)|          -|
    |  o VITIS_LOOP_25315_39_VITIS_LOOP_25316_40                                                  |       -|   7.30|     262144|  2.621e+06|         2|          1|   262144|       yes|           -|           -|            -|             -|          -|
    | + allo_DDitBlock_Pipeline_l_res_add_i19_l_j17                                               |       -|   1.15|     524294|  5.243e+06|         -|     524294|        -|        no|           -|           -|    232 (~0%)|     243 (~0%)|          -|
    |  o l_res_add_i19_l_j17                                                                      |       -|   7.30|     524292|  5.243e+06|         6|          1|   524288|       yes|           -|           -|            -|             -|          -|
    | + allo_DDitBlock_Pipeline_VITIS_LOOP_25304_37_VITIS_LOOP_25305_38                           |       -|   1.97|     524290|  5.243e+06|         -|     524290|        -|        no|           -|           -|     64 (~0%)|     211 (~0%)|          -|
    |  o VITIS_LOOP_25304_37_VITIS_LOOP_25305_38                                                  |       -|   7.30|     524288|  5.243e+06|         2|          1|   524288|       yes|           -|           -|            -|             -|          -|
    | + allo_DDitBlock_Pipeline_l_m_fused_i5_l_j332                                               |       -|   1.15|     524299|  5.243e+06|         -|     524299|        -|        no|           -|           -|    550 (~0%)|     348 (~0%)|          -|
    |  o l_m_fused_i5_l_j3                                                                        |       -|   7.30|     524297|  5.243e+06|        11|          1|   524288|       yes|           -|           -|            -|             -|          -|
    | + allo_DDitBlock_Pipeline_l_S_i_j_0_i20_l_j18                                               |       -|   1.15|     524294|  5.243e+06|         -|     524294|        -|        no|           -|           -|    232 (~0%)|     243 (~0%)|          -|
    |  o l_S_i_j_0_i20_l_j18                                                                      |       -|   7.30|     524292|  5.243e+06|         6|          1|   524288|       yes|           -|           -|            -|             -|          -|
    | + allo_DDitBlock_Pipeline_VITIS_LOOP_25328_42_VITIS_LOOP_25329_43                           |       -|   4.23|     262146|  2.621e+06|         -|     262146|        -|        no|           -|           -|     61 (~0%)|     206 (~0%)|          -|
    |  o VITIS_LOOP_25328_42_VITIS_LOOP_25329_43                                                  |       -|   7.30|     262144|  2.621e+06|         2|          1|   262144|       yes|           -|           -|            -|             -|          -|
    | + allo_DDitBlock_Pipeline_l_gelu_i21_l_j19                                                  |       -|   0.02|     524360|  5.244e+06|         -|     524360|        -|        no|    10 (~0%)|    148 (1%)|  10097 (~0%)|   12870 (~0%)|          -|
    |  o l_gelu_i21_l_j19                                                                         |       -|   7.30|     524358|  5.244e+06|        72|          1|   524288|       yes|           -|           -|            -|             -|          -|
    |   + pow_generic_double_s                                                                    |      II|   0.03|         18|    180.000|         -|          1|        -|       yes|     5 (~0%)|     91 (1%)|   3931 (~0%)|    6991 (~0%)|          -|
    |   + generic_tanh_float_s                                                                    |      II|   0.02|         28|    280.000|         -|          1|        -|       yes|     5 (~0%)|    38 (~0%)|   4673 (~0%)|    5279 (~0%)|          -|
    |    + exp_generic_double_s                                                                   |      II|   0.30|          7|     70.000|         -|          1|        -|       yes|     5 (~0%)|    24 (~0%)|    922 (~0%)|    2734 (~0%)|          -|
    | + allo_DDitBlock_Pipeline_VITIS_LOOP_25336_44                                               |       -|   4.91|        514|  5.140e+03|         -|        514|        -|        no|           -|           -|     23 (~0%)|      73 (~0%)|          -|
    |  o VITIS_LOOP_25336_44                                                                      |       -|   7.30|        512|  5.120e+03|         2|          1|      512|       yes|           -|           -|            -|             -|          -|
    | + allo_DDitBlock_Pipeline_l_S_i_j_0_i20_l_j1833                                             |       -|   1.15|     524294|  5.243e+06|         -|     524294|        -|        no|           -|           -|    232 (~0%)|     243 (~0%)|          -|
    |  o l_S_i_j_0_i20_l_j18                                                                      |       -|   7.30|     524292|  5.243e+06|         6|          1|   524288|       yes|           -|           -|            -|             -|          -|
    | + allo_DDitBlock_Pipeline_l_scale_i18_l_j1634                                               |       -|   1.20|     524293|  5.243e+06|         -|     524293|        -|        no|           -|           -|    208 (~0%)|     243 (~0%)|          -|
    |  o l_scale_i18_l_j16                                                                        |       -|   7.30|     524291|  5.243e+06|         5|          1|   524288|       yes|           -|           -|            -|             -|          -|
    | + allo_DDitBlock_Pipeline_l_res_add_i19_l_j1735                                             |       -|   1.15|     524294|  5.243e+06|         -|     524294|        -|        no|           -|           -|    232 (~0%)|     243 (~0%)|          -|
    |  o l_res_add_i19_l_j17                                                                      |       -|   7.30|     524292|  5.243e+06|         6|          1|   524288|       yes|           -|           -|            -|             -|          -|
    | + allo_DDitBlock_Pipeline_VITIS_LOOP_25343_45_VITIS_LOOP_25344_46                           |       -|   2.80|     524290|  5.243e+06|         -|     524290|        -|        no|           -|           -|     64 (~0%)|     211 (~0%)|          -|
    |  o VITIS_LOOP_25343_45_VITIS_LOOP_25344_46                                                  |       -|   7.30|     524288|  5.243e+06|         2|          1|   524288|       yes|           -|           -|            -|             -|          -|
    +---------------------------------------------------------------------------------------------+--------+-------+-----------+-----------+----------+-----------+---------+----------+------------+------------+-------------+--------------+-----------+


================================================================
== HW Interfaces
================================================================
* AP_MEMORY
+------------------------+-----------+----------+
| Port                   | Direction | Bitwidth |
+------------------------+-----------+----------+
| adaLN_bias0_address0   | out       | 9        |
| adaLN_bias0_q0         | in        | 32       |
| adaLN_bias1_address0   | out       | 9        |
| adaLN_bias1_q0         | in        | 32       |
| adaLN_bias2_address0   | out       | 9        |
| adaLN_bias2_q0         | in        | 32       |
| adaLN_bias3_address0   | out       | 9        |
| adaLN_bias3_q0         | in        | 32       |
| adaLN_bias4_address0   | out       | 9        |
| adaLN_bias4_q0         | in        | 32       |
| adaLN_bias5_address0   | out       | 9        |
| adaLN_bias5_q0         | in        | 32       |
| adaLN_weight0_address0 | out       | 16       |
| adaLN_weight0_q0       | in        | 32       |
| adaLN_weight1_address0 | out       | 16       |
| adaLN_weight1_q0       | in        | 32       |
| adaLN_weight2_address0 | out       | 16       |
| adaLN_weight2_q0       | in        | 32       |
| adaLN_weight3_address0 | out       | 16       |
| adaLN_weight3_q0       | in        | 32       |
| adaLN_weight4_address0 | out       | 16       |
| adaLN_weight4_q0       | in        | 32       |
| adaLN_weight5_address0 | out       | 16       |
| adaLN_weight5_q0       | in        | 32       |
| v13538_address0        | out       | 19       |
| v13538_q0              | in        | 32       |
| v13539_address0        | out       | 9        |
| v13539_address1        | out       | 9        |
| v13539_d0              | out       | 32       |
| v13539_d1              | out       | 32       |
| v13539_q0              | in        | 32       |
| v13539_q1              | in        | 32       |
| v13540_address0        | out       | 9        |
| v13540_address1        | out       | 9        |
| v13540_d0              | out       | 32       |
| v13540_d1              | out       | 32       |
| v13540_q0              | in        | 32       |
| v13540_q1              | in        | 32       |
| v13541_address0        | out       | 15       |
| v13541_q0              | in        | 32       |
| v13542_address0        | out       | 15       |
| v13542_q0              | in        | 32       |
| v13543_address0        | out       | 18       |
| v13543_q0              | in        | 32       |
| v13544_address0        | out       | 18       |
| v13544_q0              | in        | 32       |
| v13545_address0        | out       | 18       |
| v13545_q0              | in        | 32       |
| v13546_address0        | out       | 7        |
| v13546_q0              | in        | 32       |
| v13549_address0        | out       | 9        |
| v13549_address1        | out       | 9        |
| v13549_d0              | out       | 32       |
| v13549_d1              | out       | 32       |
| v13549_q0              | in        | 32       |
| v13549_q1              | in        | 32       |
| v13550_address0        | out       | 9        |
| v13550_address1        | out       | 9        |
| v13550_d0              | out       | 32       |
| v13550_d1              | out       | 32       |
| v13550_q0              | in        | 32       |
| v13550_q1              | in        | 32       |
| v13551_address0        | out       | 9        |
| v13551_address1        | out       | 9        |
| v13551_d0              | out       | 32       |
| v13551_d1              | out       | 32       |
| v13551_q0              | in        | 32       |
| v13551_q1              | in        | 32       |
| v13552_address0        | out       | 9        |
| v13552_address1        | out       | 9        |
| v13552_d0              | out       | 32       |
| v13552_d1              | out       | 32       |
| v13552_q0              | in        | 32       |
| v13552_q1              | in        | 32       |
| v13553_address0        | out       | 9        |
| v13553_address1        | out       | 9        |
| v13553_d0              | out       | 32       |
| v13553_d1              | out       | 32       |
| v13553_q0              | in        | 32       |
| v13553_q1              | in        | 32       |
| v13554_address0        | out       | 9        |
| v13554_address1        | out       | 9        |
| v13554_d0              | out       | 32       |
| v13554_d1              | out       | 32       |
| v13554_q0              | in        | 32       |
| v13554_q1              | in        | 32       |
| v13555_address0        | out       | 18       |
| v13555_q0              | in        | 32       |
| v13556_address0        | out       | 19       |
| v13556_address1        | out       | 19       |
| v13556_d0              | out       | 32       |
| v13556_d1              | out       | 32       |
| v13556_q0              | in        | 32       |
| v13556_q1              | in        | 32       |
| v13557_address0        | out       | 18       |
| v13557_q0              | in        | 32       |
| v13558_address0        | out       | 9        |
| v13558_q0              | in        | 32       |
| v13559_address0        | out       | 18       |
| v13559_q0              | in        | 32       |
| v13560_address0        | out       | 9        |
| v13560_q0              | in        | 32       |
| v13561_address0        | out       | 19       |
| v13561_d0              | out       | 32       |
+------------------------+-----------+----------+

* TOP LEVEL CONTROL
+-----------+------------+-----------------------------------+
| Interface | Type       | Ports                             |
+-----------+------------+-----------------------------------+
| ap_clk    | clock      | ap_clk                            |
| ap_rst    | reset      | ap_rst                            |
| ap_ctrl   | ap_ctrl_hs | ap_done ap_idle ap_ready ap_start |
+-----------+------------+-----------------------------------+


================================================================
== SW I/O Information
================================================================
* Top Function Arguments
+---------------+-----------+----------+
| Argument      | Direction | Datatype |
+---------------+-----------+----------+
| v13538        | in        | float*   |
| v13539        | unused    | float*   |
| v13540        | unused    | float*   |
| v13541        | in        | float*   |
| v13542        | in        | float*   |
| v13543        | in        | float*   |
| v13544        | in        | float*   |
| v13545        | in        | float*   |
| v13546        | in        | float*   |
| adaLN_weight0 | in        | float*   |
| adaLN_weight1 | in        | float*   |
| adaLN_weight2 | in        | float*   |
| adaLN_weight3 | in        | float*   |
| adaLN_weight4 | in        | float*   |
| adaLN_weight5 | in        | float*   |
| adaLN_bias0   | in        | float*   |
| adaLN_bias1   | in        | float*   |
| adaLN_bias2   | in        | float*   |
| adaLN_bias3   | in        | float*   |
| adaLN_bias4   | in        | float*   |
| adaLN_bias5   | in        | float*   |
| v13549        | unused    | float*   |
| v13550        | unused    | float*   |
| v13551        | unused    | float*   |
| v13552        | unused    | float*   |
| v13553        | unused    | float*   |
| v13554        | unused    | float*   |
| v13555        | in        | float*   |
| v13556        | unused    | float*   |
| v13557        | in        | float*   |
| v13558        | in        | float*   |
| v13559        | in        | float*   |
| v13560        | in        | float*   |
| v13561        | out       | float*   |
+---------------+-----------+----------+

* SW-to-HW Mapping
+---------------+------------------------+---------+----------+
| Argument      | HW Interface           | HW Type | HW Usage |
+---------------+------------------------+---------+----------+
| v13538        | v13538_address0        | port    | offset   |
| v13538        | v13538_ce0             | port    |          |
| v13538        | v13538_q0              | port    |          |
| v13539        | v13539_address0        | port    | offset   |
| v13539        | v13539_ce0             | port    |          |
| v13539        | v13539_we0             | port    |          |
| v13539        | v13539_d0              | port    |          |
| v13539        | v13539_q0              | port    |          |
| v13539        | v13539_address1        | port    | offset   |
| v13539        | v13539_ce1             | port    |          |
| v13539        | v13539_we1             | port    |          |
| v13539        | v13539_d1              | port    |          |
| v13539        | v13539_q1              | port    |          |
| v13540        | v13540_address0        | port    | offset   |
| v13540        | v13540_ce0             | port    |          |
| v13540        | v13540_we0             | port    |          |
| v13540        | v13540_d0              | port    |          |
| v13540        | v13540_q0              | port    |          |
| v13540        | v13540_address1        | port    | offset   |
| v13540        | v13540_ce1             | port    |          |
| v13540        | v13540_we1             | port    |          |
| v13540        | v13540_d1              | port    |          |
| v13540        | v13540_q1              | port    |          |
| v13541        | v13541_address0        | port    | offset   |
| v13541        | v13541_ce0             | port    |          |
| v13541        | v13541_q0              | port    |          |
| v13542        | v13542_address0        | port    | offset   |
| v13542        | v13542_ce0             | port    |          |
| v13542        | v13542_q0              | port    |          |
| v13543        | v13543_address0        | port    | offset   |
| v13543        | v13543_ce0             | port    |          |
| v13543        | v13543_q0              | port    |          |
| v13544        | v13544_address0        | port    | offset   |
| v13544        | v13544_ce0             | port    |          |
| v13544        | v13544_q0              | port    |          |
| v13545        | v13545_address0        | port    | offset   |
| v13545        | v13545_ce0             | port    |          |
| v13545        | v13545_q0              | port    |          |
| v13546        | v13546_address0        | port    | offset   |
| v13546        | v13546_ce0             | port    |          |
| v13546        | v13546_q0              | port    |          |
| adaLN_weight0 | adaLN_weight0_address0 | port    | offset   |
| adaLN_weight0 | adaLN_weight0_ce0      | port    |          |
| adaLN_weight0 | adaLN_weight0_q0       | port    |          |
| adaLN_weight1 | adaLN_weight1_address0 | port    | offset   |
| adaLN_weight1 | adaLN_weight1_ce0      | port    |          |
| adaLN_weight1 | adaLN_weight1_q0       | port    |          |
| adaLN_weight2 | adaLN_weight2_address0 | port    | offset   |
| adaLN_weight2 | adaLN_weight2_ce0      | port    |          |
| adaLN_weight2 | adaLN_weight2_q0       | port    |          |
| adaLN_weight3 | adaLN_weight3_address0 | port    | offset   |
| adaLN_weight3 | adaLN_weight3_ce0      | port    |          |
| adaLN_weight3 | adaLN_weight3_q0       | port    |          |
| adaLN_weight4 | adaLN_weight4_address0 | port    | offset   |
| adaLN_weight4 | adaLN_weight4_ce0      | port    |          |
| adaLN_weight4 | adaLN_weight4_q0       | port    |          |
| adaLN_weight5 | adaLN_weight5_address0 | port    | offset   |
| adaLN_weight5 | adaLN_weight5_ce0      | port    |          |
| adaLN_weight5 | adaLN_weight5_q0       | port    |          |
| adaLN_bias0   | adaLN_bias0_address0   | port    | offset   |
| adaLN_bias0   | adaLN_bias0_ce0        | port    |          |
| adaLN_bias0   | adaLN_bias0_q0         | port    |          |
| adaLN_bias1   | adaLN_bias1_address0   | port    | offset   |
| adaLN_bias1   | adaLN_bias1_ce0        | port    |          |
| adaLN_bias1   | adaLN_bias1_q0         | port    |          |
| adaLN_bias2   | adaLN_bias2_address0   | port    | offset   |
| adaLN_bias2   | adaLN_bias2_ce0        | port    |          |
| adaLN_bias2   | adaLN_bias2_q0         | port    |          |
| adaLN_bias3   | adaLN_bias3_address0   | port    | offset   |
| adaLN_bias3   | adaLN_bias3_ce0        | port    |          |
| adaLN_bias3   | adaLN_bias3_q0         | port    |          |
| adaLN_bias4   | adaLN_bias4_address0   | port    | offset   |
| adaLN_bias4   | adaLN_bias4_ce0        | port    |          |
| adaLN_bias4   | adaLN_bias4_q0         | port    |          |
| adaLN_bias5   | adaLN_bias5_address0   | port    | offset   |
| adaLN_bias5   | adaLN_bias5_ce0        | port    |          |
| adaLN_bias5   | adaLN_bias5_q0         | port    |          |
| v13549        | v13549_address0        | port    | offset   |
| v13549        | v13549_ce0             | port    |          |
| v13549        | v13549_we0             | port    |          |
| v13549        | v13549_d0              | port    |          |
| v13549        | v13549_q0              | port    |          |
| v13549        | v13549_address1        | port    | offset   |
| v13549        | v13549_ce1             | port    |          |
| v13549        | v13549_we1             | port    |          |
| v13549        | v13549_d1              | port    |          |
| v13549        | v13549_q1              | port    |          |
| v13550        | v13550_address0        | port    | offset   |
| v13550        | v13550_ce0             | port    |          |
| v13550        | v13550_we0             | port    |          |
| v13550        | v13550_d0              | port    |          |
| v13550        | v13550_q0              | port    |          |
| v13550        | v13550_address1        | port    | offset   |
| v13550        | v13550_ce1             | port    |          |
| v13550        | v13550_we1             | port    |          |
| v13550        | v13550_d1              | port    |          |
| v13550        | v13550_q1              | port    |          |
| v13551        | v13551_address0        | port    | offset   |
| v13551        | v13551_ce0             | port    |          |
| v13551        | v13551_we0             | port    |          |
| v13551        | v13551_d0              | port    |          |
| v13551        | v13551_q0              | port    |          |
| v13551        | v13551_address1        | port    | offset   |
| v13551        | v13551_ce1             | port    |          |
| v13551        | v13551_we1             | port    |          |
| v13551        | v13551_d1              | port    |          |
| v13551        | v13551_q1              | port    |          |
| v13552        | v13552_address0        | port    | offset   |
| v13552        | v13552_ce0             | port    |          |
| v13552        | v13552_we0             | port    |          |
| v13552        | v13552_d0              | port    |          |
| v13552        | v13552_q0              | port    |          |
| v13552        | v13552_address1        | port    | offset   |
| v13552        | v13552_ce1             | port    |          |
| v13552        | v13552_we1             | port    |          |
| v13552        | v13552_d1              | port    |          |
| v13552        | v13552_q1              | port    |          |
| v13553        | v13553_address0        | port    | offset   |
| v13553        | v13553_ce0             | port    |          |
| v13553        | v13553_we0             | port    |          |
| v13553        | v13553_d0              | port    |          |
| v13553        | v13553_q0              | port    |          |
| v13553        | v13553_address1        | port    | offset   |
| v13553        | v13553_ce1             | port    |          |
| v13553        | v13553_we1             | port    |          |
| v13553        | v13553_d1              | port    |          |
| v13553        | v13553_q1              | port    |          |
| v13554        | v13554_address0        | port    | offset   |
| v13554        | v13554_ce0             | port    |          |
| v13554        | v13554_we0             | port    |          |
| v13554        | v13554_d0              | port    |          |
| v13554        | v13554_q0              | port    |          |
| v13554        | v13554_address1        | port    | offset   |
| v13554        | v13554_ce1             | port    |          |
| v13554        | v13554_we1             | port    |          |
| v13554        | v13554_d1              | port    |          |
| v13554        | v13554_q1              | port    |          |
| v13555        | v13555_address0        | port    | offset   |
| v13555        | v13555_ce0             | port    |          |
| v13555        | v13555_q0              | port    |          |
| v13556        | v13556_address0        | port    | offset   |
| v13556        | v13556_ce0             | port    |          |
| v13556        | v13556_we0             | port    |          |
| v13556        | v13556_d0              | port    |          |
| v13556        | v13556_q0              | port    |          |
| v13556        | v13556_address1        | port    | offset   |
| v13556        | v13556_ce1             | port    |          |
| v13556        | v13556_we1             | port    |          |
| v13556        | v13556_d1              | port    |          |
| v13556        | v13556_q1              | port    |          |
| v13557        | v13557_address0        | port    | offset   |
| v13557        | v13557_ce0             | port    |          |
| v13557        | v13557_q0              | port    |          |
| v13558        | v13558_address0        | port    | offset   |
| v13558        | v13558_ce0             | port    |          |
| v13558        | v13558_q0              | port    |          |
| v13559        | v13559_address0        | port    | offset   |
| v13559        | v13559_ce0             | port    |          |
| v13559        | v13559_q0              | port    |          |
| v13560        | v13560_address0        | port    | offset   |
| v13560        | v13560_ce0             | port    |          |
| v13560        | v13560_q0              | port    |          |
| v13561        | v13561_address0        | port    | offset   |
| v13561        | v13561_ce0             | port    |          |
| v13561        | v13561_we0             | port    |          |
| v13561        | v13561_d0              | port    |          |
+---------------+------------------------+---------+----------+


================================================================
== Bind Op Report
================================================================
+------------------------------------------------------------------------------------------+------+--------+---------------+-------+-----------+---------+
| Name                                                                                     | DSP  | Pragma | Variable      | Op    | Impl      | Latency |
+------------------------------------------------------------------------------------------+------+--------+---------------+-------+-----------+---------+
| + allo_DDitBlock                                                                         | 1186 |        |               |       |           |         |
|  + allo_DDitBlock_Pipeline_VITIS_LOOP_25158_2                                            | 0    |        |               |       |           |         |
|    add_ln25158_fu_78_p2                                                                  |      |        | add_ln25158   | add   | fabric    | 0       |
|  + allo_DDitBlock_Pipeline_VITIS_LOOP_25162_3                                            | 0    |        |               |       |           |         |
|    add_ln25162_fu_78_p2                                                                  |      |        | add_ln25162   | add   | fabric    | 0       |
|  + allo_DDitBlock_Pipeline_VITIS_LOOP_25165_4_VITIS_LOOP_25166_5                         | 0    |        |               |       |           |         |
|    add_ln25165_1_fu_110_p2                                                               |      |        | add_ln25165_1 | add   | fabric    | 0       |
|    add_ln25165_fu_122_p2                                                                 |      |        | add_ln25165   | add   | fabric    | 0       |
|    add_ln25167_fu_166_p2                                                                 |      |        | add_ln25167   | add   | fabric    | 0       |
|    add_ln25166_fu_177_p2                                                                 |      |        | add_ln25166   | add   | fabric    | 0       |
|  + allo_DDitBlock_Pipeline_VITIS_LOOP_25226_21_VITIS_LOOP_25227_22                       | 0    |        |               |       |           |         |
|    add_ln25226_1_fu_122_p2                                                               |      |        | add_ln25226_1 | add   | fabric    | 0       |
|    add_ln25226_fu_134_p2                                                                 |      |        | add_ln25226   | add   | fabric    | 0       |
|    add_ln25228_fu_178_p2                                                                 |      |        | add_ln25228   | add   | fabric    | 0       |
|    add_ln25227_fu_189_p2                                                                 |      |        | add_ln25227   | add   | fabric    | 0       |
|  + allo_DDitBlock_Pipeline_VITIS_LOOP_25245_23_VITIS_LOOP_25246_24                       | 0    |        |               |       |           |         |
|    add_ln25245_1_fu_106_p2                                                               |      |        | add_ln25245_1 | add   | fabric    | 0       |
|    add_ln25245_fu_118_p2                                                                 |      |        | add_ln25245   | add   | fabric    | 0       |
|    add_ln25247_fu_162_p2                                                                 |      |        | add_ln25247   | add   | fabric    | 0       |
|    add_ln25246_fu_173_p2                                                                 |      |        | add_ln25246   | add   | fabric    | 0       |
|  + allo_DDitBlock_Pipeline_VITIS_LOOP_25267_29_VITIS_LOOP_25268_30                       | 0    |        |               |       |           |         |
|    add_ln25267_1_fu_110_p2                                                               |      |        | add_ln25267_1 | add   | fabric    | 0       |
|    add_ln25267_fu_122_p2                                                                 |      |        | add_ln25267   | add   | fabric    | 0       |
|    add_ln25269_fu_166_p2                                                                 |      |        | add_ln25269   | add   | fabric    | 0       |
|    add_ln25268_fu_177_p2                                                                 |      |        | add_ln25268   | add   | fabric    | 0       |
|  + allo_DDitBlock_Pipeline_VITIS_LOOP_25272_31_VITIS_LOOP_25273_32                       | 0    |        |               |       |           |         |
|    add_ln25272_1_fu_110_p2                                                               |      |        | add_ln25272_1 | add   | fabric    | 0       |
|    add_ln25272_fu_122_p2                                                                 |      |        | add_ln25272   | add   | fabric    | 0       |
|    add_ln25274_fu_166_p2                                                                 |      |        | add_ln25274   | add   | fabric    | 0       |
|    add_ln25273_fu_177_p2                                                                 |      |        | add_ln25273   | add   | fabric    | 0       |
|  + adaLN_modulate                                                                        | 42   |        |               |       |           |         |
|    add_ln421_fu_205_p2                                                                   |      |        | add_ln421     | add   | fabric    | 0       |
|   + adaLN_modulate_Pipeline_VITIS_LOOP_466_2                                             | 0    |        |               |       |           |         |
|     add_ln466_fu_62_p2                                                                   |      |        | add_ln466     | add   | fabric    | 0       |
|   + adaLN_modulate_Pipeline_l_load_A_tile_ak                                             | 0    |        |               |       |           |         |
|     add_ln423_fu_83_p2                                                                   |      |        | add_ln423     | add   | fabric    | 0       |
|   + adaLN_modulate_Pipeline_l_load_B_tile_bk_l_bj                                        | 0    |        |               |       |           |         |
|     add_ln434_1_fu_239_p2                                                                |      |        | add_ln434_1   | add   | fabric    | 0       |
|     add_ln434_fu_251_p2                                                                  |      |        | add_ln434     | add   | fabric    | 0       |
|     add_ln437_fu_291_p2                                                                  |      |        | add_ln437     | add   | fabric    | 0       |
|     add_ln435_fu_310_p2                                                                  |      |        | add_ln435     | add   | fabric    | 0       |
|   + adaLN_modulate_Pipeline_l_bias_add                                                   | 2    |        |               |       |           |         |
|     add_ln474_fu_97_p2                                                                   |      |        | add_ln474     | add   | fabric    | 0       |
|     fadd_32ns_32ns_32_3_full_dsp_1_U170                                                  | 2    |        | add           | fadd  | fulldsp   | 2       |
|   + systolic_tile_modulate                                                               | 40   |        |               |       |           |         |
|    + systolic_tile_modulate_Loop_l_data_load_k8_proc31                                   | 0    |        |               |       |           |         |
|      add_ln346_1_fu_360_p2                                                               |      |        | add_ln346_1   | add   | fabric    | 0       |
|      add_ln346_fu_372_p2                                                                 |      |        | add_ln346     | add   | fabric    | 0       |
|      add_ln351_fu_423_p2                                                                 |      |        | add_ln351     | add   | fabric    | 0       |
|    + PE_kernel_modulate_0_0_1                                                            | 5    |        |               |       |           |         |
|      k_2_fu_116_p2                                                                       |      |        | k_2           | add   | fabric    | 0       |
|      fmul_32ns_32ns_32_2_max_dsp_1_U42                                                   | 3    |        | v15           | fmul  | maxdsp    | 1       |
|      fadd_32ns_32ns_32_3_full_dsp_1_U41                                                  | 2    |        | v17           | fadd  | fulldsp   | 2       |
|    + PE_kernel_modulate_1_0_1                                                            | 5    |        |               |       |           |         |
|      k1_2_fu_116_p2                                                                      |      |        | k1_2          | add   | fabric    | 0       |
|      fmul_32ns_32ns_32_2_max_dsp_1_U51                                                   | 3    |        | v36           | fmul  | maxdsp    | 1       |
|      fadd_32ns_32ns_32_3_full_dsp_1_U50                                                  | 2    |        | v38           | fadd  | fulldsp   | 2       |
|    + PE_kernel_modulate_2_0_1                                                            | 5    |        |               |       |           |         |
|      k2_2_fu_116_p2                                                                      |      |        | k2_2          | add   | fabric    | 0       |
|      fmul_32ns_32ns_32_2_max_dsp_1_U58                                                   | 3    |        | v57           | fmul  | maxdsp    | 1       |
|      fadd_32ns_32ns_32_3_full_dsp_1_U57                                                  | 2    |        | v59           | fadd  | fulldsp   | 2       |
|    + PE_kernel_modulate_3_0_1                                                            | 5    |        |               |       |           |         |
|      k3_2_fu_116_p2                                                                      |      |        | k3_2          | add   | fabric    | 0       |
|      fmul_32ns_32ns_32_2_max_dsp_1_U65                                                   | 3    |        | v78           | fmul  | maxdsp    | 1       |
|      fadd_32ns_32ns_32_3_full_dsp_1_U64                                                  | 2    |        | v80           | fadd  | fulldsp   | 2       |
|    + PE_kernel_modulate_4_0_1                                                            | 5    |        |               |       |           |         |
|      k4_2_fu_116_p2                                                                      |      |        | k4_2          | add   | fabric    | 0       |
|      fmul_32ns_32ns_32_2_max_dsp_1_U72                                                   | 3    |        | v99           | fmul  | maxdsp    | 1       |
|      fadd_32ns_32ns_32_3_full_dsp_1_U71                                                  | 2    |        | v101          | fadd  | fulldsp   | 2       |
|    + PE_kernel_modulate_5_0_1                                                            | 5    |        |               |       |           |         |
|      k5_2_fu_116_p2                                                                      |      |        | k5_2          | add   | fabric    | 0       |
|      fmul_32ns_32ns_32_2_max_dsp_1_U79                                                   | 3    |        | v120          | fmul  | maxdsp    | 1       |
|      fadd_32ns_32ns_32_3_full_dsp_1_U78                                                  | 2    |        | v122          | fadd  | fulldsp   | 2       |
|    + PE_kernel_modulate_6_0_1                                                            | 5    |        |               |       |           |         |
|      k6_2_fu_116_p2                                                                      |      |        | k6_2          | add   | fabric    | 0       |
|      fmul_32ns_32ns_32_2_max_dsp_1_U86                                                   | 3    |        | v141          | fmul  | maxdsp    | 1       |
|      fadd_32ns_32ns_32_3_full_dsp_1_U85                                                  | 2    |        | v143          | fadd  | fulldsp   | 2       |
|    + PE_kernel_modulate_7_0_1                                                            | 5    |        |               |       |           |         |
|      k7_2_fu_116_p2                                                                      |      |        | k7_2          | add   | fabric    | 0       |
|      fmul_32ns_32ns_32_2_max_dsp_1_U93                                                   | 3    |        | v162          | fmul  | maxdsp    | 1       |
|      fadd_32ns_32ns_32_3_full_dsp_1_U92                                                  | 2    |        | v164          | fadd  | fulldsp   | 2       |
|    + systolic_tile_modulate_Loop_l_data_drain_k9_proc32                                  | 0    |        |               |       |           |         |
|      add_ln396_fu_164_p2                                                                 |      |        | add_ln396     | add   | fabric    | 0       |
|      add_ln401_fu_197_p2                                                                 |      |        | add_ln401     | add   | fabric    | 0       |
|   + adaLN_modulate_Pipeline_l_store_C_tile_sj                                            | 0    |        |               |       |           |         |
|     add_ln442_fu_153_p2                                                                  |      |        | add_ln442     | add   | fabric    | 0       |
|     empty_fu_167_p2                                                                      |      |        | empty         | add   | fabric    | 0       |
|  + layer_norm                                                                            | 14   |        |               |       |           |         |
|    add_ln520_fu_158_p2                                                                   |      |        | add_ln520     | add   | fabric    | 0       |
|    dadd_64ns_64ns_64_3_full_dsp_1_U226                                                   | 3    |        | add           | dadd  | fulldsp   | 2       |
|    fsqrt_32ns_32ns_32_6_no_dsp_1_U225                                                    |      |        | v1            | fsqrt | fabric    | 5       |
|   + layer_norm_Pipeline_VITIS_LOOP_486_1                                                 | 0    |        |               |       |           |         |
|     add_ln486_fu_62_p2                                                                   |      |        | add_ln486     | add   | fabric    | 0       |
|   + layer_norm_Pipeline_VITIS_LOOP_490_2                                                 | 0    |        |               |       |           |         |
|     add_ln490_fu_62_p2                                                                   |      |        | add_ln490     | add   | fabric    | 0       |
|   + layer_norm_Pipeline_l_sum_i2_l_j1                                                    | 0    |        |               |       |           |         |
|     add_ln494_1_fu_170_p2                                                                |      |        | add_ln494_1   | add   | fabric    | 0       |
|     add_ln494_fu_182_p2                                                                  |      |        | add_ln494     | add   | fabric    | 0       |
|     add_ln496_fu_238_p2                                                                  |      |        | add_ln496     | add   | fabric    | 0       |
|     add_ln495_fu_249_p2                                                                  |      |        | add_ln495     | add   | fabric    | 0       |
|   + layer_norm_Pipeline_l_mean_var_i3                                                    | 6    |        |               |       |           |         |
|     add_ln507_fu_121_p2                                                                  |      |        | add_ln507     | add   | fabric    | 0       |
|     fmul_32ns_32ns_32_2_max_dsp_1_U210                                                   | 3    |        | v282          | fmul  | maxdsp    | 1       |
|     fmul_32ns_32ns_32_2_max_dsp_1_U211                                                   | 3    |        | v284          | fmul  | maxdsp    | 1       |
|   + layer_norm_Pipeline_l_j2                                                             | 0    |        |               |       |           |         |
|     add_ln521_fu_107_p2                                                                  |      |        | add_ln521     | add   | fabric    | 0       |
|     add_ln524_fu_117_p2                                                                  |      |        | add_ln524     | add   | fabric    | 0       |
|     fdiv_32ns_32ns_32_6_no_dsp_1_U217                                                    |      |        | v299          | fdiv  | fabric    | 5       |
|  + allo_DDitBlock_Pipeline_VITIS_LOOP_25172_6                                            | 0    |        |               |       |           |         |
|    add_ln25172_fu_78_p2                                                                  |      |        | add_ln25172   | add   | fabric    | 0       |
|  + allo_DDitBlock_Pipeline_VITIS_LOOP_25175_7_VITIS_LOOP_25176_8                         | 0    |        |               |       |           |         |
|    add_ln25175_1_fu_110_p2                                                               |      |        | add_ln25175_1 | add   | fabric    | 0       |
|    add_ln25175_fu_122_p2                                                                 |      |        | add_ln25175   | add   | fabric    | 0       |
|    add_ln25177_fu_166_p2                                                                 |      |        | add_ln25177   | add   | fabric    | 0       |
|    add_ln25176_fu_177_p2                                                                 |      |        | add_ln25176   | add   | fabric    | 0       |
|  + allo_DDitBlock_Pipeline_VITIS_LOOP_25182_9                                            | 0    |        |               |       |           |         |
|    add_ln25182_fu_78_p2                                                                  |      |        | add_ln25182   | add   | fabric    | 0       |
|  + allo_DDitBlock_Pipeline_VITIS_LOOP_25185_10_VITIS_LOOP_25186_11                       | 0    |        |               |       |           |         |
|    add_ln25185_1_fu_110_p2                                                               |      |        | add_ln25185_1 | add   | fabric    | 0       |
|    add_ln25185_fu_122_p2                                                                 |      |        | add_ln25185   | add   | fabric    | 0       |
|    add_ln25187_fu_166_p2                                                                 |      |        | add_ln25187   | add   | fabric    | 0       |
|    add_ln25186_fu_177_p2                                                                 |      |        | add_ln25186   | add   | fabric    | 0       |
|  + allo_DDitBlock_Pipeline_l_m_fused_i5_l_j3                                             | 0    |        |               |       |           |         |
|    add_ln545_2_fu_148_p2                                                                 |      |        | add_ln545_2   | add   | fabric    | 0       |
|    add_ln545_fu_195_p2                                                                   |      |        | add_ln545     | add   | fabric    | 0       |
|    add_ln547_fu_223_p2                                                                   |      |        | add_ln547     | add   | fabric    | 0       |
|    add_ln546_fu_176_p2                                                                   |      |        | add_ln546     | add   | fabric    | 0       |
|  + systolic_Q                                                                            | 320  |        |               |       |           |         |
|   + dataflow_parent_loop_proc43                                                          | 320  |        |               |       |           |         |
|    + dataflow_in_loop_l_ni1                                                              | 320  |        |               |       |           |         |
|     + dataflow_in_loop_l_ni1_Loop_l_load_A_tile_ak1_proc4426                             | 0    |        |               |       |           |         |
|      + dataflow_in_loop_l_ni1_Loop_l_load_A_tile_ak1_proc4426_Pipeline_l_load_A_tile_ak  | 0    |        |               |       |           |         |
|        add_ln3497_fu_259_p2                                                              |      |        | add_ln3497    | add   | fabric    | 0       |
|        add_ln3497_1_fu_271_p2                                                            |      |        | add_ln3497_1  | add   | fabric    | 0       |
|        add_ln3503_fu_311_p2                                                              |      |        | add_ln3503    | add   | fabric    | 0       |
|        add_ln3503_1_fu_325_p2                                                            |      |        | add_ln3503_1  | add   | fabric    | 0       |
|        add_ln3498_fu_336_p2                                                              |      |        | add_ln3498    | add   | fabric    | 0       |
|     + dataflow_in_loop_l_ni1_Loop_l_load_B_tile_bk1_proc4527                             | 0    |        |               |       |           |         |
|       add_ln3508_fu_249_p2                                                               |      |        | add_ln3508    | add   | fabric    | 0       |
|       add_ln3508_1_fu_261_p2                                                             |      |        | add_ln3508_1  | add   | fabric    | 0       |
|       add_ln3511_fu_297_p2                                                               |      |        | add_ln3511    | add   | fabric    | 0       |
|       add_ln3509_fu_320_p2                                                               |      |        | add_ln3509    | add   | fabric    | 0       |
|     + systolic_tile_Q46                                                                  | 320  |        |               |       |           |         |
|      + systolic_tile_Q_Loop_l_data_load_k74_proc3356                                     | 0    |        |               |       |           |         |
|        add_ln3137_fu_434_p2                                                              |      |        | add_ln3137    | add   | fabric    | 0       |
|      + PE_kernel_Q_0_0_157                                                               | 5    |        |               |       |           |         |
|        k10_2_fu_116_p2                                                                   |      |        | k10_2         | add   | fabric    | 0       |
|        fmul_32ns_32ns_32_2_max_dsp_1_U313                                                | 3    |        | v329          | fmul  | maxdsp    | 1       |
|        fadd_32ns_32ns_32_3_full_dsp_1_U312                                               | 2    |        | v331          | fadd  | fulldsp   | 2       |
|      + PE_kernel_Q_1_0_158                                                               | 5    |        |               |       |           |         |
|        k11_2_fu_116_p2                                                                   |      |        | k11_2         | add   | fabric    | 0       |
|        fmul_32ns_32ns_32_2_max_dsp_1_U320                                                | 3    |        | v350          | fmul  | maxdsp    | 1       |
|        fadd_32ns_32ns_32_3_full_dsp_1_U319                                               | 2    |        | v352          | fadd  | fulldsp   | 2       |
|      + PE_kernel_Q_0_1_165                                                               | 5    |        |               |       |           |         |
|        k18_2_fu_116_p2                                                                   |      |        | k18_2         | add   | fabric    | 0       |
|        fmul_32ns_32ns_32_2_max_dsp_1_U369                                                | 3    |        | v497          | fmul  | maxdsp    | 1       |
|        fadd_32ns_32ns_32_3_full_dsp_1_U368                                               | 2    |        | v499          | fadd  | fulldsp   | 2       |
|      + PE_kernel_Q_2_0_159                                                               | 5    |        |               |       |           |         |
|        k12_2_fu_116_p2                                                                   |      |        | k12_2         | add   | fabric    | 0       |
|        fmul_32ns_32ns_32_2_max_dsp_1_U327                                                | 3    |        | v371          | fmul  | maxdsp    | 1       |
|        fadd_32ns_32ns_32_3_full_dsp_1_U326                                               | 2    |        | v373          | fadd  | fulldsp   | 2       |
|      + PE_kernel_Q_1_1_166                                                               | 5    |        |               |       |           |         |
|        k19_2_fu_116_p2                                                                   |      |        | k19_2         | add   | fabric    | 0       |
|        fmul_32ns_32ns_32_2_max_dsp_1_U376                                                | 3    |        | v518          | fmul  | maxdsp    | 1       |
|        fadd_32ns_32ns_32_3_full_dsp_1_U375                                               | 2    |        | v520          | fadd  | fulldsp   | 2       |
|      + PE_kernel_Q_0_2_173                                                               | 5    |        |               |       |           |         |
|        k26_2_fu_116_p2                                                                   |      |        | k26_2         | add   | fabric    | 0       |
|        fmul_32ns_32ns_32_2_max_dsp_1_U425                                                | 3    |        | v665          | fmul  | maxdsp    | 1       |
|        fadd_32ns_32ns_32_3_full_dsp_1_U424                                               | 2    |        | v667          | fadd  | fulldsp   | 2       |
|      + PE_kernel_Q_3_0_160                                                               | 5    |        |               |       |           |         |
|        k13_2_fu_116_p2                                                                   |      |        | k13_2         | add   | fabric    | 0       |
|        fmul_32ns_32ns_32_2_max_dsp_1_U334                                                | 3    |        | v392          | fmul  | maxdsp    | 1       |
|        fadd_32ns_32ns_32_3_full_dsp_1_U333                                               | 2    |        | v394          | fadd  | fulldsp   | 2       |
|      + PE_kernel_Q_2_1_167                                                               | 5    |        |               |       |           |         |
|        k20_2_fu_116_p2                                                                   |      |        | k20_2         | add   | fabric    | 0       |
|        fmul_32ns_32ns_32_2_max_dsp_1_U383                                                | 3    |        | v539          | fmul  | maxdsp    | 1       |
|        fadd_32ns_32ns_32_3_full_dsp_1_U382                                               | 2    |        | v541          | fadd  | fulldsp   | 2       |
|      + PE_kernel_Q_1_2_174                                                               | 5    |        |               |       |           |         |
|        k27_2_fu_116_p2                                                                   |      |        | k27_2         | add   | fabric    | 0       |
|        fmul_32ns_32ns_32_2_max_dsp_1_U432                                                | 3    |        | v686          | fmul  | maxdsp    | 1       |
|        fadd_32ns_32ns_32_3_full_dsp_1_U431                                               | 2    |        | v688          | fadd  | fulldsp   | 2       |
|      + PE_kernel_Q_0_3_181                                                               | 5    |        |               |       |           |         |
|        k34_2_fu_116_p2                                                                   |      |        | k34_2         | add   | fabric    | 0       |
|        fmul_32ns_32ns_32_2_max_dsp_1_U481                                                | 3    |        | v833          | fmul  | maxdsp    | 1       |
|        fadd_32ns_32ns_32_3_full_dsp_1_U480                                               | 2    |        | v835          | fadd  | fulldsp   | 2       |
|      + PE_kernel_Q_4_0_161                                                               | 5    |        |               |       |           |         |
|        k14_2_fu_116_p2                                                                   |      |        | k14_2         | add   | fabric    | 0       |
|        fmul_32ns_32ns_32_2_max_dsp_1_U341                                                | 3    |        | v413          | fmul  | maxdsp    | 1       |
|        fadd_32ns_32ns_32_3_full_dsp_1_U340                                               | 2    |        | v415          | fadd  | fulldsp   | 2       |
|      + PE_kernel_Q_3_1_168                                                               | 5    |        |               |       |           |         |
|        k21_2_fu_116_p2                                                                   |      |        | k21_2         | add   | fabric    | 0       |
|        fmul_32ns_32ns_32_2_max_dsp_1_U390                                                | 3    |        | v560          | fmul  | maxdsp    | 1       |
|        fadd_32ns_32ns_32_3_full_dsp_1_U389                                               | 2    |        | v562          | fadd  | fulldsp   | 2       |
|      + PE_kernel_Q_2_2_175                                                               | 5    |        |               |       |           |         |
|        k28_2_fu_116_p2                                                                   |      |        | k28_2         | add   | fabric    | 0       |
|        fmul_32ns_32ns_32_2_max_dsp_1_U439                                                | 3    |        | v707          | fmul  | maxdsp    | 1       |
|        fadd_32ns_32ns_32_3_full_dsp_1_U438                                               | 2    |        | v709          | fadd  | fulldsp   | 2       |
|      + PE_kernel_Q_1_3_182                                                               | 5    |        |               |       |           |         |
|        k35_2_fu_116_p2                                                                   |      |        | k35_2         | add   | fabric    | 0       |
|        fmul_32ns_32ns_32_2_max_dsp_1_U488                                                | 3    |        | v854          | fmul  | maxdsp    | 1       |
|        fadd_32ns_32ns_32_3_full_dsp_1_U487                                               | 2    |        | v856          | fadd  | fulldsp   | 2       |
|      + PE_kernel_Q_0_4_189                                                               | 5    |        |               |       |           |         |
|        k42_2_fu_116_p2                                                                   |      |        | k42_2         | add   | fabric    | 0       |
|        fmul_32ns_32ns_32_2_max_dsp_1_U537                                                | 3    |        | v1001         | fmul  | maxdsp    | 1       |
|        fadd_32ns_32ns_32_3_full_dsp_1_U536                                               | 2    |        | v1003         | fadd  | fulldsp   | 2       |
|      + PE_kernel_Q_5_0_162                                                               | 5    |        |               |       |           |         |
|        k15_2_fu_116_p2                                                                   |      |        | k15_2         | add   | fabric    | 0       |
|        fmul_32ns_32ns_32_2_max_dsp_1_U348                                                | 3    |        | v434          | fmul  | maxdsp    | 1       |
|        fadd_32ns_32ns_32_3_full_dsp_1_U347                                               | 2    |        | v436          | fadd  | fulldsp   | 2       |
|      + PE_kernel_Q_4_1_169                                                               | 5    |        |               |       |           |         |
|        k22_2_fu_116_p2                                                                   |      |        | k22_2         | add   | fabric    | 0       |
|        fmul_32ns_32ns_32_2_max_dsp_1_U397                                                | 3    |        | v581          | fmul  | maxdsp    | 1       |
|        fadd_32ns_32ns_32_3_full_dsp_1_U396                                               | 2    |        | v583          | fadd  | fulldsp   | 2       |
|      + PE_kernel_Q_3_2_176                                                               | 5    |        |               |       |           |         |
|        k29_2_fu_116_p2                                                                   |      |        | k29_2         | add   | fabric    | 0       |
|        fmul_32ns_32ns_32_2_max_dsp_1_U446                                                | 3    |        | v728          | fmul  | maxdsp    | 1       |
|        fadd_32ns_32ns_32_3_full_dsp_1_U445                                               | 2    |        | v730          | fadd  | fulldsp   | 2       |
|      + PE_kernel_Q_2_3_183                                                               | 5    |        |               |       |           |         |
|        k36_2_fu_116_p2                                                                   |      |        | k36_2         | add   | fabric    | 0       |
|        fmul_32ns_32ns_32_2_max_dsp_1_U495                                                | 3    |        | v875          | fmul  | maxdsp    | 1       |
|        fadd_32ns_32ns_32_3_full_dsp_1_U494                                               | 2    |        | v877          | fadd  | fulldsp   | 2       |
|      + PE_kernel_Q_1_4_190                                                               | 5    |        |               |       |           |         |
|        k43_2_fu_116_p2                                                                   |      |        | k43_2         | add   | fabric    | 0       |
|        fmul_32ns_32ns_32_2_max_dsp_1_U544                                                | 3    |        | v1022         | fmul  | maxdsp    | 1       |
|        fadd_32ns_32ns_32_3_full_dsp_1_U543                                               | 2    |        | v1024         | fadd  | fulldsp   | 2       |
|      + PE_kernel_Q_0_5_197                                                               | 5    |        |               |       |           |         |
|        k50_2_fu_116_p2                                                                   |      |        | k50_2         | add   | fabric    | 0       |
|        fmul_32ns_32ns_32_2_max_dsp_1_U593                                                | 3    |        | v1169         | fmul  | maxdsp    | 1       |
|        fadd_32ns_32ns_32_3_full_dsp_1_U592                                               | 2    |        | v1171         | fadd  | fulldsp   | 2       |
|      + PE_kernel_Q_6_0_163                                                               | 5    |        |               |       |           |         |
|        k16_2_fu_116_p2                                                                   |      |        | k16_2         | add   | fabric    | 0       |
|        fmul_32ns_32ns_32_2_max_dsp_1_U355                                                | 3    |        | v455          | fmul  | maxdsp    | 1       |
|        fadd_32ns_32ns_32_3_full_dsp_1_U354                                               | 2    |        | v457          | fadd  | fulldsp   | 2       |
|      + PE_kernel_Q_5_1_170                                                               | 5    |        |               |       |           |         |
|        k23_2_fu_116_p2                                                                   |      |        | k23_2         | add   | fabric    | 0       |
|        fmul_32ns_32ns_32_2_max_dsp_1_U404                                                | 3    |        | v602          | fmul  | maxdsp    | 1       |
|        fadd_32ns_32ns_32_3_full_dsp_1_U403                                               | 2    |        | v604          | fadd  | fulldsp   | 2       |
|      + PE_kernel_Q_4_2_177                                                               | 5    |        |               |       |           |         |
|        k30_2_fu_116_p2                                                                   |      |        | k30_2         | add   | fabric    | 0       |
|        fmul_32ns_32ns_32_2_max_dsp_1_U453                                                | 3    |        | v749          | fmul  | maxdsp    | 1       |
|        fadd_32ns_32ns_32_3_full_dsp_1_U452                                               | 2    |        | v751          | fadd  | fulldsp   | 2       |
|      + PE_kernel_Q_3_3_184                                                               | 5    |        |               |       |           |         |
|        k37_2_fu_116_p2                                                                   |      |        | k37_2         | add   | fabric    | 0       |
|        fmul_32ns_32ns_32_2_max_dsp_1_U502                                                | 3    |        | v896          | fmul  | maxdsp    | 1       |
|        fadd_32ns_32ns_32_3_full_dsp_1_U501                                               | 2    |        | v898          | fadd  | fulldsp   | 2       |
|      + PE_kernel_Q_2_4_191                                                               | 5    |        |               |       |           |         |
|        k44_2_fu_116_p2                                                                   |      |        | k44_2         | add   | fabric    | 0       |
|        fmul_32ns_32ns_32_2_max_dsp_1_U551                                                | 3    |        | v1043         | fmul  | maxdsp    | 1       |
|        fadd_32ns_32ns_32_3_full_dsp_1_U550                                               | 2    |        | v1045         | fadd  | fulldsp   | 2       |
|      + PE_kernel_Q_1_5_198                                                               | 5    |        |               |       |           |         |
|        k51_2_fu_116_p2                                                                   |      |        | k51_2         | add   | fabric    | 0       |
|        fmul_32ns_32ns_32_2_max_dsp_1_U600                                                | 3    |        | v1190         | fmul  | maxdsp    | 1       |
|        fadd_32ns_32ns_32_3_full_dsp_1_U599                                               | 2    |        | v1192         | fadd  | fulldsp   | 2       |
|      + PE_kernel_Q_0_6_1105                                                              | 5    |        |               |       |           |         |
|        k58_2_fu_116_p2                                                                   |      |        | k58_2         | add   | fabric    | 0       |
|        fmul_32ns_32ns_32_2_max_dsp_1_U649                                                | 3    |        | v1337         | fmul  | maxdsp    | 1       |
|        fadd_32ns_32ns_32_3_full_dsp_1_U648                                               | 2    |        | v1339         | fadd  | fulldsp   | 2       |
|      + PE_kernel_Q_7_0_164                                                               | 5    |        |               |       |           |         |
|        k17_2_fu_116_p2                                                                   |      |        | k17_2         | add   | fabric    | 0       |
|        fmul_32ns_32ns_32_2_max_dsp_1_U362                                                | 3    |        | v476          | fmul  | maxdsp    | 1       |
|        fadd_32ns_32ns_32_3_full_dsp_1_U361                                               | 2    |        | v478          | fadd  | fulldsp   | 2       |
|      + PE_kernel_Q_6_1_171                                                               | 5    |        |               |       |           |         |
|        k24_2_fu_116_p2                                                                   |      |        | k24_2         | add   | fabric    | 0       |
|        fmul_32ns_32ns_32_2_max_dsp_1_U411                                                | 3    |        | v623          | fmul  | maxdsp    | 1       |
|        fadd_32ns_32ns_32_3_full_dsp_1_U410                                               | 2    |        | v625          | fadd  | fulldsp   | 2       |
|      + PE_kernel_Q_5_2_178                                                               | 5    |        |               |       |           |         |
|        k31_2_fu_116_p2                                                                   |      |        | k31_2         | add   | fabric    | 0       |
|        fmul_32ns_32ns_32_2_max_dsp_1_U460                                                | 3    |        | v770          | fmul  | maxdsp    | 1       |
|        fadd_32ns_32ns_32_3_full_dsp_1_U459                                               | 2    |        | v772          | fadd  | fulldsp   | 2       |
|      + PE_kernel_Q_4_3_185                                                               | 5    |        |               |       |           |         |
|        k38_2_fu_116_p2                                                                   |      |        | k38_2         | add   | fabric    | 0       |
|        fmul_32ns_32ns_32_2_max_dsp_1_U509                                                | 3    |        | v917          | fmul  | maxdsp    | 1       |
|        fadd_32ns_32ns_32_3_full_dsp_1_U508                                               | 2    |        | v919          | fadd  | fulldsp   | 2       |
|      + PE_kernel_Q_3_4_192                                                               | 5    |        |               |       |           |         |
|        k45_2_fu_116_p2                                                                   |      |        | k45_2         | add   | fabric    | 0       |
|        fmul_32ns_32ns_32_2_max_dsp_1_U558                                                | 3    |        | v1064         | fmul  | maxdsp    | 1       |
|        fadd_32ns_32ns_32_3_full_dsp_1_U557                                               | 2    |        | v1066         | fadd  | fulldsp   | 2       |
|      + PE_kernel_Q_2_5_199                                                               | 5    |        |               |       |           |         |
|        k52_2_fu_116_p2                                                                   |      |        | k52_2         | add   | fabric    | 0       |
|        fmul_32ns_32ns_32_2_max_dsp_1_U607                                                | 3    |        | v1211         | fmul  | maxdsp    | 1       |
|        fadd_32ns_32ns_32_3_full_dsp_1_U606                                               | 2    |        | v1213         | fadd  | fulldsp   | 2       |
|      + PE_kernel_Q_1_6_1106                                                              | 5    |        |               |       |           |         |
|        k59_2_fu_116_p2                                                                   |      |        | k59_2         | add   | fabric    | 0       |
|        fmul_32ns_32ns_32_2_max_dsp_1_U656                                                | 3    |        | v1358         | fmul  | maxdsp    | 1       |
|        fadd_32ns_32ns_32_3_full_dsp_1_U655                                               | 2    |        | v1360         | fadd  | fulldsp   | 2       |
|      + PE_kernel_Q_0_7_1113                                                              | 5    |        |               |       |           |         |
|        k66_2_fu_116_p2                                                                   |      |        | k66_2         | add   | fabric    | 0       |
|        fmul_32ns_32ns_32_2_max_dsp_1_U705                                                | 3    |        | v1505         | fmul  | maxdsp    | 1       |
|        fadd_32ns_32ns_32_3_full_dsp_1_U704                                               | 2    |        | v1507         | fadd  | fulldsp   | 2       |
|      + PE_kernel_Q_7_1_172                                                               | 5    |        |               |       |           |         |
|        k25_2_fu_116_p2                                                                   |      |        | k25_2         | add   | fabric    | 0       |
|        fmul_32ns_32ns_32_2_max_dsp_1_U418                                                | 3    |        | v644          | fmul  | maxdsp    | 1       |
|        fadd_32ns_32ns_32_3_full_dsp_1_U417                                               | 2    |        | v646          | fadd  | fulldsp   | 2       |
|      + PE_kernel_Q_6_2_179                                                               | 5    |        |               |       |           |         |
|        k32_2_fu_116_p2                                                                   |      |        | k32_2         | add   | fabric    | 0       |
|        fmul_32ns_32ns_32_2_max_dsp_1_U467                                                | 3    |        | v791          | fmul  | maxdsp    | 1       |
|        fadd_32ns_32ns_32_3_full_dsp_1_U466                                               | 2    |        | v793          | fadd  | fulldsp   | 2       |
|      + PE_kernel_Q_5_3_186                                                               | 5    |        |               |       |           |         |
|        k39_2_fu_116_p2                                                                   |      |        | k39_2         | add   | fabric    | 0       |
|        fmul_32ns_32ns_32_2_max_dsp_1_U516                                                | 3    |        | v938          | fmul  | maxdsp    | 1       |
|        fadd_32ns_32ns_32_3_full_dsp_1_U515                                               | 2    |        | v940          | fadd  | fulldsp   | 2       |
|      + PE_kernel_Q_4_4_193                                                               | 5    |        |               |       |           |         |
|        k46_2_fu_116_p2                                                                   |      |        | k46_2         | add   | fabric    | 0       |
|        fmul_32ns_32ns_32_2_max_dsp_1_U565                                                | 3    |        | v1085         | fmul  | maxdsp    | 1       |
|        fadd_32ns_32ns_32_3_full_dsp_1_U564                                               | 2    |        | v1087         | fadd  | fulldsp   | 2       |
|      + PE_kernel_Q_3_5_1100                                                              | 5    |        |               |       |           |         |
|        k53_2_fu_116_p2                                                                   |      |        | k53_2         | add   | fabric    | 0       |
|        fmul_32ns_32ns_32_2_max_dsp_1_U614                                                | 3    |        | v1232         | fmul  | maxdsp    | 1       |
|        fadd_32ns_32ns_32_3_full_dsp_1_U613                                               | 2    |        | v1234         | fadd  | fulldsp   | 2       |
|      + PE_kernel_Q_2_6_1107                                                              | 5    |        |               |       |           |         |
|        k60_2_fu_116_p2                                                                   |      |        | k60_2         | add   | fabric    | 0       |
|        fmul_32ns_32ns_32_2_max_dsp_1_U663                                                | 3    |        | v1379         | fmul  | maxdsp    | 1       |
|        fadd_32ns_32ns_32_3_full_dsp_1_U662                                               | 2    |        | v1381         | fadd  | fulldsp   | 2       |
|      + PE_kernel_Q_1_7_1114                                                              | 5    |        |               |       |           |         |
|        k67_2_fu_116_p2                                                                   |      |        | k67_2         | add   | fabric    | 0       |
|        fmul_32ns_32ns_32_2_max_dsp_1_U712                                                | 3    |        | v1526         | fmul  | maxdsp    | 1       |
|        fadd_32ns_32ns_32_3_full_dsp_1_U711                                               | 2    |        | v1528         | fadd  | fulldsp   | 2       |
|      + PE_kernel_Q_7_2_180                                                               | 5    |        |               |       |           |         |
|        k33_2_fu_116_p2                                                                   |      |        | k33_2         | add   | fabric    | 0       |
|        fmul_32ns_32ns_32_2_max_dsp_1_U474                                                | 3    |        | v812          | fmul  | maxdsp    | 1       |
|        fadd_32ns_32ns_32_3_full_dsp_1_U473                                               | 2    |        | v814          | fadd  | fulldsp   | 2       |
|      + PE_kernel_Q_6_3_187                                                               | 5    |        |               |       |           |         |
|        k40_2_fu_116_p2                                                                   |      |        | k40_2         | add   | fabric    | 0       |
|        fmul_32ns_32ns_32_2_max_dsp_1_U523                                                | 3    |        | v959          | fmul  | maxdsp    | 1       |
|        fadd_32ns_32ns_32_3_full_dsp_1_U522                                               | 2    |        | v961          | fadd  | fulldsp   | 2       |
|      + PE_kernel_Q_5_4_194                                                               | 5    |        |               |       |           |         |
|        k47_2_fu_116_p2                                                                   |      |        | k47_2         | add   | fabric    | 0       |
|        fmul_32ns_32ns_32_2_max_dsp_1_U572                                                | 3    |        | v1106         | fmul  | maxdsp    | 1       |
|        fadd_32ns_32ns_32_3_full_dsp_1_U571                                               | 2    |        | v1108         | fadd  | fulldsp   | 2       |
|      + PE_kernel_Q_4_5_1101                                                              | 5    |        |               |       |           |         |
|        k54_2_fu_116_p2                                                                   |      |        | k54_2         | add   | fabric    | 0       |
|        fmul_32ns_32ns_32_2_max_dsp_1_U621                                                | 3    |        | v1253         | fmul  | maxdsp    | 1       |
|        fadd_32ns_32ns_32_3_full_dsp_1_U620                                               | 2    |        | v1255         | fadd  | fulldsp   | 2       |
|      + PE_kernel_Q_3_6_1108                                                              | 5    |        |               |       |           |         |
|        k61_2_fu_116_p2                                                                   |      |        | k61_2         | add   | fabric    | 0       |
|        fmul_32ns_32ns_32_2_max_dsp_1_U670                                                | 3    |        | v1400         | fmul  | maxdsp    | 1       |
|        fadd_32ns_32ns_32_3_full_dsp_1_U669                                               | 2    |        | v1402         | fadd  | fulldsp   | 2       |
|      + PE_kernel_Q_2_7_1115                                                              | 5    |        |               |       |           |         |
|        k68_2_fu_116_p2                                                                   |      |        | k68_2         | add   | fabric    | 0       |
|        fmul_32ns_32ns_32_2_max_dsp_1_U719                                                | 3    |        | v1547         | fmul  | maxdsp    | 1       |
|        fadd_32ns_32ns_32_3_full_dsp_1_U718                                               | 2    |        | v1549         | fadd  | fulldsp   | 2       |
|      + PE_kernel_Q_7_3_188                                                               | 5    |        |               |       |           |         |
|        k41_2_fu_116_p2                                                                   |      |        | k41_2         | add   | fabric    | 0       |
|        fmul_32ns_32ns_32_2_max_dsp_1_U530                                                | 3    |        | v980          | fmul  | maxdsp    | 1       |
|        fadd_32ns_32ns_32_3_full_dsp_1_U529                                               | 2    |        | v982          | fadd  | fulldsp   | 2       |
|      + PE_kernel_Q_6_4_195                                                               | 5    |        |               |       |           |         |
|        k48_2_fu_116_p2                                                                   |      |        | k48_2         | add   | fabric    | 0       |
|        fmul_32ns_32ns_32_2_max_dsp_1_U579                                                | 3    |        | v1127         | fmul  | maxdsp    | 1       |
|        fadd_32ns_32ns_32_3_full_dsp_1_U578                                               | 2    |        | v1129         | fadd  | fulldsp   | 2       |
|      + PE_kernel_Q_5_5_1102                                                              | 5    |        |               |       |           |         |
|        k55_2_fu_116_p2                                                                   |      |        | k55_2         | add   | fabric    | 0       |
|        fmul_32ns_32ns_32_2_max_dsp_1_U628                                                | 3    |        | v1274         | fmul  | maxdsp    | 1       |
|        fadd_32ns_32ns_32_3_full_dsp_1_U627                                               | 2    |        | v1276         | fadd  | fulldsp   | 2       |
|      + PE_kernel_Q_4_6_1109                                                              | 5    |        |               |       |           |         |
|        k62_2_fu_116_p2                                                                   |      |        | k62_2         | add   | fabric    | 0       |
|        fmul_32ns_32ns_32_2_max_dsp_1_U677                                                | 3    |        | v1421         | fmul  | maxdsp    | 1       |
|        fadd_32ns_32ns_32_3_full_dsp_1_U676                                               | 2    |        | v1423         | fadd  | fulldsp   | 2       |
|      + PE_kernel_Q_3_7_1116                                                              | 5    |        |               |       |           |         |
|        k69_2_fu_116_p2                                                                   |      |        | k69_2         | add   | fabric    | 0       |
|        fmul_32ns_32ns_32_2_max_dsp_1_U726                                                | 3    |        | v1568         | fmul  | maxdsp    | 1       |
|        fadd_32ns_32ns_32_3_full_dsp_1_U725                                               | 2    |        | v1570         | fadd  | fulldsp   | 2       |
|      + PE_kernel_Q_7_4_196                                                               | 5    |        |               |       |           |         |
|        k49_2_fu_116_p2                                                                   |      |        | k49_2         | add   | fabric    | 0       |
|        fmul_32ns_32ns_32_2_max_dsp_1_U586                                                | 3    |        | v1148         | fmul  | maxdsp    | 1       |
|        fadd_32ns_32ns_32_3_full_dsp_1_U585                                               | 2    |        | v1150         | fadd  | fulldsp   | 2       |
|      + PE_kernel_Q_6_5_1103                                                              | 5    |        |               |       |           |         |
|        k56_2_fu_116_p2                                                                   |      |        | k56_2         | add   | fabric    | 0       |
|        fmul_32ns_32ns_32_2_max_dsp_1_U635                                                | 3    |        | v1295         | fmul  | maxdsp    | 1       |
|        fadd_32ns_32ns_32_3_full_dsp_1_U634                                               | 2    |        | v1297         | fadd  | fulldsp   | 2       |
|      + PE_kernel_Q_5_6_1110                                                              | 5    |        |               |       |           |         |
|        k63_2_fu_116_p2                                                                   |      |        | k63_2         | add   | fabric    | 0       |
|        fmul_32ns_32ns_32_2_max_dsp_1_U684                                                | 3    |        | v1442         | fmul  | maxdsp    | 1       |
|        fadd_32ns_32ns_32_3_full_dsp_1_U683                                               | 2    |        | v1444         | fadd  | fulldsp   | 2       |
|      + PE_kernel_Q_4_7_1117                                                              | 5    |        |               |       |           |         |
|        k70_2_fu_116_p2                                                                   |      |        | k70_2         | add   | fabric    | 0       |
|        fmul_32ns_32ns_32_2_max_dsp_1_U733                                                | 3    |        | v1589         | fmul  | maxdsp    | 1       |
|        fadd_32ns_32ns_32_3_full_dsp_1_U732                                               | 2    |        | v1591         | fadd  | fulldsp   | 2       |
|      + PE_kernel_Q_7_5_1104                                                              | 5    |        |               |       |           |         |
|        k57_2_fu_116_p2                                                                   |      |        | k57_2         | add   | fabric    | 0       |
|        fmul_32ns_32ns_32_2_max_dsp_1_U642                                                | 3    |        | v1316         | fmul  | maxdsp    | 1       |
|        fadd_32ns_32ns_32_3_full_dsp_1_U641                                               | 2    |        | v1318         | fadd  | fulldsp   | 2       |
|      + PE_kernel_Q_6_6_1111                                                              | 5    |        |               |       |           |         |
|        k64_2_fu_116_p2                                                                   |      |        | k64_2         | add   | fabric    | 0       |
|        fmul_32ns_32ns_32_2_max_dsp_1_U691                                                | 3    |        | v1463         | fmul  | maxdsp    | 1       |
|        fadd_32ns_32ns_32_3_full_dsp_1_U690                                               | 2    |        | v1465         | fadd  | fulldsp   | 2       |
|      + PE_kernel_Q_5_7_1118                                                              | 5    |        |               |       |           |         |
|        k71_2_fu_116_p2                                                                   |      |        | k71_2         | add   | fabric    | 0       |
|        fmul_32ns_32ns_32_2_max_dsp_1_U740                                                | 3    |        | v1610         | fmul  | maxdsp    | 1       |
|        fadd_32ns_32ns_32_3_full_dsp_1_U739                                               | 2    |        | v1612         | fadd  | fulldsp   | 2       |
|      + PE_kernel_Q_7_6_1112                                                              | 5    |        |               |       |           |         |
|        k65_2_fu_116_p2                                                                   |      |        | k65_2         | add   | fabric    | 0       |
|        fmul_32ns_32ns_32_2_max_dsp_1_U698                                                | 3    |        | v1484         | fmul  | maxdsp    | 1       |
|        fadd_32ns_32ns_32_3_full_dsp_1_U697                                               | 2    |        | v1486         | fadd  | fulldsp   | 2       |
|      + PE_kernel_Q_6_7_1119                                                              | 5    |        |               |       |           |         |
|        k72_2_fu_116_p2                                                                   |      |        | k72_2         | add   | fabric    | 0       |
|        fmul_32ns_32ns_32_2_max_dsp_1_U747                                                | 3    |        | v1631         | fmul  | maxdsp    | 1       |
|        fadd_32ns_32ns_32_3_full_dsp_1_U746                                               | 2    |        | v1633         | fadd  | fulldsp   | 2       |
|      + PE_kernel_Q_7_7_1120                                                              | 5    |        |               |       |           |         |
|        k73_2_fu_116_p2                                                                   |      |        | k73_2         | add   | fabric    | 0       |
|        fmul_32ns_32ns_32_2_max_dsp_1_U754                                                | 3    |        | v1652         | fmul  | maxdsp    | 1       |
|        fadd_32ns_32ns_32_3_full_dsp_1_U753                                               | 2    |        | v1654         | fadd  | fulldsp   | 2       |
|      + systolic_tile_Q_Loop_l_data_drain_k75_proc34121                                   | 0    |        |               |       |           |         |
|        k75_2_fu_176_p2                                                                   |      |        | k75_2         | add   | fabric    | 0       |
|     + dataflow_in_loop_l_ni1_Loop_l_store_C_tile_sj1_proc47                              | 0    |        |               |       |           |         |
|      + dataflow_in_loop_l_ni1_Loop_l_store_C_tile_sj1_proc47_Pipeline_l_store_C_tile_sj  | 0    |        |               |       |           |         |
|        add_ln3516_1_fu_655_p2                                                            |      |        | add_ln3516_1  | add   | fabric    | 0       |
|        add_ln3516_fu_667_p2                                                              |      |        | add_ln3516    | add   | fabric    | 0       |
|        empty_fu_703_p2                                                                   |      |        | empty         | add   | fabric    | 0       |
|        add_ln3520_fu_1082_p2                                                             |      |        | add_ln3520    | add   | fabric    | 0       |
|        add_ln3520_1_fu_1096_p2                                                           |      |        | add_ln3520_1  | add   | fabric    | 0       |
|        add_ln3517_fu_1107_p2                                                             |      |        | add_ln3517    | add   | fabric    | 0       |
|  + allo_DDitBlock_Pipeline_VITIS_LOOP_25323_41                                           | 0    |        |               |       |           |         |
|    add_ln25323_fu_78_p2                                                                  |      |        | add_ln25323   | add   | fabric    | 0       |
|  + allo_DDitBlock_Pipeline_VITIS_LOOP_25192_12                                           | 0    |        |               |       |           |         |
|    add_ln25192_fu_78_p2                                                                  |      |        | add_ln25192   | add   | fabric    | 0       |
|  + allo_DDitBlock_Pipeline_VITIS_LOOP_25195_13_VITIS_LOOP_25196_14                       | 0    |        |               |       |           |         |
|    add_ln25195_1_fu_110_p2                                                               |      |        | add_ln25195_1 | add   | fabric    | 0       |
|    add_ln25195_fu_122_p2                                                                 |      |        | add_ln25195   | add   | fabric    | 0       |
|    add_ln25197_fu_166_p2                                                                 |      |        | add_ln25197   | add   | fabric    | 0       |
|    add_ln25196_fu_177_p2                                                                 |      |        | add_ln25196   | add   | fabric    | 0       |
|  + allo_DDitBlock_Pipeline_VITIS_LOOP_25251_25_VITIS_LOOP_25252_26                       | 0    |        |               |       |           |         |
|    add_ln25251_1_fu_106_p2                                                               |      |        | add_ln25251_1 | add   | fabric    | 0       |
|    add_ln25251_fu_118_p2                                                                 |      |        | add_ln25251   | add   | fabric    | 0       |
|    add_ln25253_fu_162_p2                                                                 |      |        | add_ln25253   | add   | fabric    | 0       |
|    add_ln25252_fu_173_p2                                                                 |      |        | add_ln25252   | add   | fabric    | 0       |
|  + RoPE                                                                                  | 8    |        |               |       |           |         |
|    add_ln9471_fu_136_p2                                                                  |      |        | add_ln9471    | add   | fabric    | 0       |
|   + RoPE_Pipeline_l_rope_split_1_i6_l_j4                                                 | 0    |        |               |       |           |         |
|     add_ln9474_1_fu_127_p2                                                               |      |        | add_ln9474_1  | add   | fabric    | 0       |
|     add_ln9474_fu_139_p2                                                                 |      |        | add_ln9474    | add   | fabric    | 0       |
|     add_ln9477_fu_183_p2                                                                 |      |        | add_ln9477    | add   | fabric    | 0       |
|     add_ln9475_fu_203_p2                                                                 |      |        | add_ln9475    | add   | fabric    | 0       |
|   + RoPE_Pipeline_l_rope_split_2_i7_l_j5                                                 | 0    |        |               |       |           |         |
|     add_ln9480_1_fu_131_p2                                                               |      |        | add_ln9480_1  | add   | fabric    | 0       |
|     add_ln9480_fu_143_p2                                                                 |      |        | add_ln9480    | add   | fabric    | 0       |
|     add_ln9483_fu_195_p2                                                                 |      |        | add_ln9483    | add   | fabric    | 0       |
|     add_ln9482_fu_214_p2                                                                 |      |        | add_ln9482    | add   | fabric    | 0       |
|     add_ln9482_1_fu_224_p2                                                               |      |        | add_ln9482_1  | add   | fabric    | 0       |
|     add_ln9481_fu_235_p2                                                                 |      |        | add_ln9481    | add   | fabric    | 0       |
|   + RoPE_Pipeline_l_rotary_1_i8_l_j6                                                     | 0    |        |               |       |           |         |
|     add_ln9498_1_fu_167_p2                                                               |      |        | add_ln9498_1  | add   | fabric    | 0       |
|     add_ln9498_fu_179_p2                                                                 |      |        | add_ln9498    | add   | fabric    | 0       |
|     add_ln9500_fu_223_p2                                                                 |      |        | add_ln9500    | add   | fabric    | 0       |
|     add_ln9499_fu_237_p2                                                                 |      |        | add_ln9499    | add   | fabric    | 0       |
|   + RoPE_Pipeline_l_rotary_2_i9_l_j7                                                     | 0    |        |               |       |           |         |
|     add_ln9510_1_fu_167_p2                                                               |      |        | add_ln9510_1  | add   | fabric    | 0       |
|     add_ln9510_fu_179_p2                                                                 |      |        | add_ln9510    | add   | fabric    | 0       |
|     add_ln9515_fu_223_p2                                                                 |      |        | add_ln9515    | add   | fabric    | 0       |
|     add_ln9511_fu_237_p2                                                                 |      |        | add_ln9511    | add   | fabric    | 0       |
|   + RoPE_Pipeline_l_rotary_merge_1_i10_l_j8                                              | 0    |        |               |       |           |         |
|     add_ln9522_1_fu_131_p2                                                               |      |        | add_ln9522_1  | add   | fabric    | 0       |
|     add_ln9522_fu_143_p2                                                                 |      |        | add_ln9522    | add   | fabric    | 0       |
|     add_ln9524_fu_187_p2                                                                 |      |        | add_ln9524    | add   | fabric    | 0       |
|     add_ln9523_fu_198_p2                                                                 |      |        | add_ln9523    | add   | fabric    | 0       |
|   + RoPE_Pipeline_l_rotary_merge_2_i11_l_j9                                              | 0    |        |               |       |           |         |
|     add_ln9528_1_fu_135_p2                                                               |      |        | add_ln9528_1  | add   | fabric    | 0       |
|     add_ln9528_fu_147_p2                                                                 |      |        | add_ln9528    | add   | fabric    | 0       |
|     add_ln9530_fu_191_p2                                                                 |      |        | add_ln9530    | add   | fabric    | 0       |
|     add_ln9531_fu_242_p2                                                                 |      |        | add_ln9531    | add   | fabric    | 0       |
|     add_ln9531_1_fu_252_p2                                                               |      |        | add_ln9531_1  | add   | fabric    | 0       |
|     add_ln9529_fu_202_p2                                                                 |      |        | add_ln9529    | add   | fabric    | 0       |
|  + allo_DDitBlock_Pipeline_VITIS_LOOP_25202_15                                           | 0    |        |               |       |           |         |
|    add_ln25202_fu_78_p2                                                                  |      |        | add_ln25202   | add   | fabric    | 0       |
|  + allo_DDitBlock_Pipeline_VITIS_LOOP_25205_16_VITIS_LOOP_25206_17                       | 0    |        |               |       |           |         |
|    add_ln25205_1_fu_110_p2                                                               |      |        | add_ln25205_1 | add   | fabric    | 0       |
|    add_ln25205_fu_122_p2                                                                 |      |        | add_ln25205   | add   | fabric    | 0       |
|    add_ln25207_fu_166_p2                                                                 |      |        | add_ln25207   | add   | fabric    | 0       |
|    add_ln25206_fu_177_p2                                                                 |      |        | add_ln25206   | add   | fabric    | 0       |
|  + allo_DDitBlock_Pipeline_VITIS_LOOP_25259_27_VITIS_LOOP_25260_28                       | 0    |        |               |       |           |         |
|    add_ln25259_1_fu_106_p2                                                               |      |        | add_ln25259_1 | add   | fabric    | 0       |
|    add_ln25259_fu_118_p2                                                                 |      |        | add_ln25259   | add   | fabric    | 0       |
|    add_ln25261_fu_162_p2                                                                 |      |        | add_ln25261   | add   | fabric    | 0       |
|    add_ln25260_fu_173_p2                                                                 |      |        | add_ln25260   | add   | fabric    | 0       |
|  + allo_DDitBlock_Pipeline_VITIS_LOOP_25214_18                                           | 0    |        |               |       |           |         |
|    add_ln25214_fu_78_p2                                                                  |      |        | add_ln25214   | add   | fabric    | 0       |
|  + allo_DDitBlock_Pipeline_VITIS_LOOP_25217_19_VITIS_LOOP_25218_20                       | 0    |        |               |       |           |         |
|    add_ln25217_1_fu_110_p2                                                               |      |        | add_ln25217_1 | add   | fabric    | 0       |
|    add_ln25217_fu_122_p2                                                                 |      |        | add_ln25217   | add   | fabric    | 0       |
|    add_ln25219_fu_166_p2                                                                 |      |        | add_ln25219   | add   | fabric    | 0       |
|    add_ln25218_fu_177_p2                                                                 |      |        | add_ln25218   | add   | fabric    | 0       |
|  + scaled_dot_product_attention                                                          | 647  |        |               |       |           |         |
|    add_ln15573_fu_177_p2                                                                 |      |        | add_ln15573   | add   | fabric    | 0       |
|   + scaled_dot_product_attention_Pipeline_l_mha_split_i15_l_j13                          | 0    |        |               |       |           |         |
|     add_ln15577_1_fu_193_p2                                                              |      |        | add_ln15577_1 | add   | fabric    | 0       |
|     add_ln15577_fu_205_p2                                                                |      |        | add_ln15577   | add   | fabric    | 0       |
|     add_ln15580_fu_257_p2                                                                |      |        | add_ln15580   | add   | fabric    | 0       |
|     add_ln15582_fu_271_p2                                                                |      |        | add_ln15582   | add   | fabric    | 0       |
|     add_ln15579_fu_281_p2                                                                |      |        | add_ln15579   | add   | fabric    | 0       |
|     add_ln15578_fu_301_p2                                                                |      |        | add_ln15578   | add   | fabric    | 0       |
|   + scaled_dot_product_attention_Pipeline_VITIS_LOOP_15595_1_VITIS_LOOP_15596_2          | 0    |        |               |       |           |         |
|     add_ln15595_1_fu_102_p2                                                              |      |        | add_ln15595_1 | add   | fabric    | 0       |
|     add_ln15595_fu_114_p2                                                                |      |        | add_ln15595   | add   | fabric    | 0       |
|     add_ln15597_fu_158_p2                                                                |      |        | add_ln15597   | add   | fabric    | 0       |
|     add_ln15596_fu_169_p2                                                                |      |        | add_ln15596   | add   | fabric    | 0       |
|   + scaled_dot_product_attention_Pipeline_VITIS_LOOP_12557_1                             | 0    |        |               |       |           |         |
|     add_ln12557_fu_62_p2                                                                 |      |        | add_ln12557   | add   | fabric    | 0       |
|   + scaled_dot_product_attention_Pipeline_VITIS_LOOP_12561_2                             | 0    |        |               |       |           |         |
|     add_ln12561_fu_62_p2                                                                 |      |        | add_ln12561   | add   | fabric    | 0       |
|   + systolic_QKT                                                                         | 320  |        |               |       |           |         |
|    + dataflow_parent_loop_proc42                                                         | 320  |        |               |       |           |         |
|     + dataflow_in_loop_l_ni4                                                             | 320  |        |               |       |           |         |
|      + dataflow_in_loop_l_ni4_Loop_l_load_A_tile_ak4_proc4828                            | 0    |        |               |       |           |         |
|       + dataflow_in_loop_l_ni4_Loop_l_load_A_tile_ak4_proc4828_Pipeline_l_load_A_tile_ak | 0    |        |               |       |           |         |
|         add_ln12476_fu_251_p2                                                            |      |        | add_ln12476   | add   | fabric    | 0       |
|         add_ln12476_1_fu_263_p2                                                          |      |        | add_ln12476_1 | add   | fabric    | 0       |
|         add_ln12482_fu_303_p2                                                            |      |        | add_ln12482   | add   | fabric    | 0       |
|         add_ln12482_1_fu_317_p2                                                          |      |        | add_ln12482_1 | add   | fabric    | 0       |
|         add_ln12477_fu_328_p2                                                            |      |        | add_ln12477   | add   | fabric    | 0       |
|      + dataflow_in_loop_l_ni4_Loop_l_load_B_tile_bk4_proc4929                            | 0    |        |               |       |           |         |
|        add_ln12487_fu_249_p2                                                             |      |        | add_ln12487   | add   | fabric    | 0       |
|        add_ln12487_1_fu_261_p2                                                           |      |        | add_ln12487_1 | add   | fabric    | 0       |
|        add_ln12490_fu_297_p2                                                             |      |        | add_ln12490   | add   | fabric    | 0       |
|        add_ln12488_fu_320_p2                                                             |      |        | add_ln12488   | add   | fabric    | 0       |
|      + systolic_tile_QKT50                                                               | 320  |        |               |       |           |         |
|       + systolic_tile_QKT_Loop_l_data_load_k272_proc35122                                | 0    |        |               |       |           |         |
|         add_ln12116_fu_434_p2                                                            |      |        | add_ln12116   | add   | fabric    | 0       |
|       + PE_kernel_QKT_0_0_1123                                                           | 5    |        |               |       |           |         |
|         k208_2_fu_116_p2                                                                 |      |        | k208_2        | add   | fabric    | 0       |
|         fmul_32ns_32ns_32_2_max_dsp_1_U1405                                              | 3    |        | v5280         | fmul  | maxdsp    | 1       |
|         fadd_32ns_32ns_32_3_full_dsp_1_U1404                                             | 2    |        | v5282         | fadd  | fulldsp   | 2       |
|       + PE_kernel_QKT_1_0_1124                                                           | 5    |        |               |       |           |         |
|         k209_2_fu_116_p2                                                                 |      |        | k209_2        | add   | fabric    | 0       |
|         fmul_32ns_32ns_32_2_max_dsp_1_U1412                                              | 3    |        | v5301         | fmul  | maxdsp    | 1       |
|         fadd_32ns_32ns_32_3_full_dsp_1_U1411                                             | 2    |        | v5303         | fadd  | fulldsp   | 2       |
|       + PE_kernel_QKT_0_1_1131                                                           | 5    |        |               |       |           |         |
|         k216_2_fu_116_p2                                                                 |      |        | k216_2        | add   | fabric    | 0       |
|         fmul_32ns_32ns_32_2_max_dsp_1_U1461                                              | 3    |        | v5448         | fmul  | maxdsp    | 1       |
|         fadd_32ns_32ns_32_3_full_dsp_1_U1460                                             | 2    |        | v5450         | fadd  | fulldsp   | 2       |
|       + PE_kernel_QKT_2_0_1125                                                           | 5    |        |               |       |           |         |
|         k210_2_fu_116_p2                                                                 |      |        | k210_2        | add   | fabric    | 0       |
|         fmul_32ns_32ns_32_2_max_dsp_1_U1419                                              | 3    |        | v5322         | fmul  | maxdsp    | 1       |
|         fadd_32ns_32ns_32_3_full_dsp_1_U1418                                             | 2    |        | v5324         | fadd  | fulldsp   | 2       |
|       + PE_kernel_QKT_1_1_1132                                                           | 5    |        |               |       |           |         |
|         k217_2_fu_116_p2                                                                 |      |        | k217_2        | add   | fabric    | 0       |
|         fmul_32ns_32ns_32_2_max_dsp_1_U1468                                              | 3    |        | v5469         | fmul  | maxdsp    | 1       |
|         fadd_32ns_32ns_32_3_full_dsp_1_U1467                                             | 2    |        | v5471         | fadd  | fulldsp   | 2       |
|       + PE_kernel_QKT_0_2_1139                                                           | 5    |        |               |       |           |         |
|         k224_2_fu_116_p2                                                                 |      |        | k224_2        | add   | fabric    | 0       |
|         fmul_32ns_32ns_32_2_max_dsp_1_U1517                                              | 3    |        | v5616         | fmul  | maxdsp    | 1       |
|         fadd_32ns_32ns_32_3_full_dsp_1_U1516                                             | 2    |        | v5618         | fadd  | fulldsp   | 2       |
|       + PE_kernel_QKT_3_0_1126                                                           | 5    |        |               |       |           |         |
|         k211_2_fu_116_p2                                                                 |      |        | k211_2        | add   | fabric    | 0       |
|         fmul_32ns_32ns_32_2_max_dsp_1_U1426                                              | 3    |        | v5343         | fmul  | maxdsp    | 1       |
|         fadd_32ns_32ns_32_3_full_dsp_1_U1425                                             | 2    |        | v5345         | fadd  | fulldsp   | 2       |
|       + PE_kernel_QKT_2_1_1133                                                           | 5    |        |               |       |           |         |
|         k218_2_fu_116_p2                                                                 |      |        | k218_2        | add   | fabric    | 0       |
|         fmul_32ns_32ns_32_2_max_dsp_1_U1475                                              | 3    |        | v5490         | fmul  | maxdsp    | 1       |
|         fadd_32ns_32ns_32_3_full_dsp_1_U1474                                             | 2    |        | v5492         | fadd  | fulldsp   | 2       |
|       + PE_kernel_QKT_1_2_1140                                                           | 5    |        |               |       |           |         |
|         k225_2_fu_116_p2                                                                 |      |        | k225_2        | add   | fabric    | 0       |
|         fmul_32ns_32ns_32_2_max_dsp_1_U1524                                              | 3    |        | v5637         | fmul  | maxdsp    | 1       |
|         fadd_32ns_32ns_32_3_full_dsp_1_U1523                                             | 2    |        | v5639         | fadd  | fulldsp   | 2       |
|       + PE_kernel_QKT_0_3_1147                                                           | 5    |        |               |       |           |         |
|         k232_2_fu_116_p2                                                                 |      |        | k232_2        | add   | fabric    | 0       |
|         fmul_32ns_32ns_32_2_max_dsp_1_U1573                                              | 3    |        | v5784         | fmul  | maxdsp    | 1       |
|         fadd_32ns_32ns_32_3_full_dsp_1_U1572                                             | 2    |        | v5786         | fadd  | fulldsp   | 2       |
|       + PE_kernel_QKT_4_0_1127                                                           | 5    |        |               |       |           |         |
|         k212_2_fu_116_p2                                                                 |      |        | k212_2        | add   | fabric    | 0       |
|         fmul_32ns_32ns_32_2_max_dsp_1_U1433                                              | 3    |        | v5364         | fmul  | maxdsp    | 1       |
|         fadd_32ns_32ns_32_3_full_dsp_1_U1432                                             | 2    |        | v5366         | fadd  | fulldsp   | 2       |
|       + PE_kernel_QKT_3_1_1134                                                           | 5    |        |               |       |           |         |
|         k219_2_fu_116_p2                                                                 |      |        | k219_2        | add   | fabric    | 0       |
|         fmul_32ns_32ns_32_2_max_dsp_1_U1482                                              | 3    |        | v5511         | fmul  | maxdsp    | 1       |
|         fadd_32ns_32ns_32_3_full_dsp_1_U1481                                             | 2    |        | v5513         | fadd  | fulldsp   | 2       |
|       + PE_kernel_QKT_2_2_1141                                                           | 5    |        |               |       |           |         |
|         k226_2_fu_116_p2                                                                 |      |        | k226_2        | add   | fabric    | 0       |
|         fmul_32ns_32ns_32_2_max_dsp_1_U1531                                              | 3    |        | v5658         | fmul  | maxdsp    | 1       |
|         fadd_32ns_32ns_32_3_full_dsp_1_U1530                                             | 2    |        | v5660         | fadd  | fulldsp   | 2       |
|       + PE_kernel_QKT_1_3_1148                                                           | 5    |        |               |       |           |         |
|         k233_2_fu_116_p2                                                                 |      |        | k233_2        | add   | fabric    | 0       |
|         fmul_32ns_32ns_32_2_max_dsp_1_U1580                                              | 3    |        | v5805         | fmul  | maxdsp    | 1       |
|         fadd_32ns_32ns_32_3_full_dsp_1_U1579                                             | 2    |        | v5807         | fadd  | fulldsp   | 2       |
|       + PE_kernel_QKT_0_4_1155                                                           | 5    |        |               |       |           |         |
|         k240_2_fu_116_p2                                                                 |      |        | k240_2        | add   | fabric    | 0       |
|         fmul_32ns_32ns_32_2_max_dsp_1_U1629                                              | 3    |        | v5952         | fmul  | maxdsp    | 1       |
|         fadd_32ns_32ns_32_3_full_dsp_1_U1628                                             | 2    |        | v5954         | fadd  | fulldsp   | 2       |
|       + PE_kernel_QKT_5_0_1128                                                           | 5    |        |               |       |           |         |
|         k213_2_fu_116_p2                                                                 |      |        | k213_2        | add   | fabric    | 0       |
|         fmul_32ns_32ns_32_2_max_dsp_1_U1440                                              | 3    |        | v5385         | fmul  | maxdsp    | 1       |
|         fadd_32ns_32ns_32_3_full_dsp_1_U1439                                             | 2    |        | v5387         | fadd  | fulldsp   | 2       |
|       + PE_kernel_QKT_4_1_1135                                                           | 5    |        |               |       |           |         |
|         k220_2_fu_116_p2                                                                 |      |        | k220_2        | add   | fabric    | 0       |
|         fmul_32ns_32ns_32_2_max_dsp_1_U1489                                              | 3    |        | v5532         | fmul  | maxdsp    | 1       |
|         fadd_32ns_32ns_32_3_full_dsp_1_U1488                                             | 2    |        | v5534         | fadd  | fulldsp   | 2       |
|       + PE_kernel_QKT_3_2_1142                                                           | 5    |        |               |       |           |         |
|         k227_2_fu_116_p2                                                                 |      |        | k227_2        | add   | fabric    | 0       |
|         fmul_32ns_32ns_32_2_max_dsp_1_U1538                                              | 3    |        | v5679         | fmul  | maxdsp    | 1       |
|         fadd_32ns_32ns_32_3_full_dsp_1_U1537                                             | 2    |        | v5681         | fadd  | fulldsp   | 2       |
|       + PE_kernel_QKT_2_3_1149                                                           | 5    |        |               |       |           |         |
|         k234_2_fu_116_p2                                                                 |      |        | k234_2        | add   | fabric    | 0       |
|         fmul_32ns_32ns_32_2_max_dsp_1_U1587                                              | 3    |        | v5826         | fmul  | maxdsp    | 1       |
|         fadd_32ns_32ns_32_3_full_dsp_1_U1586                                             | 2    |        | v5828         | fadd  | fulldsp   | 2       |
|       + PE_kernel_QKT_1_4_1156                                                           | 5    |        |               |       |           |         |
|         k241_2_fu_116_p2                                                                 |      |        | k241_2        | add   | fabric    | 0       |
|         fmul_32ns_32ns_32_2_max_dsp_1_U1636                                              | 3    |        | v5973         | fmul  | maxdsp    | 1       |
|         fadd_32ns_32ns_32_3_full_dsp_1_U1635                                             | 2    |        | v5975         | fadd  | fulldsp   | 2       |
|       + PE_kernel_QKT_0_5_1163                                                           | 5    |        |               |       |           |         |
|         k248_2_fu_116_p2                                                                 |      |        | k248_2        | add   | fabric    | 0       |
|         fmul_32ns_32ns_32_2_max_dsp_1_U1685                                              | 3    |        | v6120         | fmul  | maxdsp    | 1       |
|         fadd_32ns_32ns_32_3_full_dsp_1_U1684                                             | 2    |        | v6122         | fadd  | fulldsp   | 2       |
|       + PE_kernel_QKT_6_0_1129                                                           | 5    |        |               |       |           |         |
|         k214_2_fu_116_p2                                                                 |      |        | k214_2        | add   | fabric    | 0       |
|         fmul_32ns_32ns_32_2_max_dsp_1_U1447                                              | 3    |        | v5406         | fmul  | maxdsp    | 1       |
|         fadd_32ns_32ns_32_3_full_dsp_1_U1446                                             | 2    |        | v5408         | fadd  | fulldsp   | 2       |
|       + PE_kernel_QKT_5_1_1136                                                           | 5    |        |               |       |           |         |
|         k221_2_fu_116_p2                                                                 |      |        | k221_2        | add   | fabric    | 0       |
|         fmul_32ns_32ns_32_2_max_dsp_1_U1496                                              | 3    |        | v5553         | fmul  | maxdsp    | 1       |
|         fadd_32ns_32ns_32_3_full_dsp_1_U1495                                             | 2    |        | v5555         | fadd  | fulldsp   | 2       |
|       + PE_kernel_QKT_4_2_1143                                                           | 5    |        |               |       |           |         |
|         k228_2_fu_116_p2                                                                 |      |        | k228_2        | add   | fabric    | 0       |
|         fmul_32ns_32ns_32_2_max_dsp_1_U1545                                              | 3    |        | v5700         | fmul  | maxdsp    | 1       |
|         fadd_32ns_32ns_32_3_full_dsp_1_U1544                                             | 2    |        | v5702         | fadd  | fulldsp   | 2       |
|       + PE_kernel_QKT_3_3_1150                                                           | 5    |        |               |       |           |         |
|         k235_2_fu_116_p2                                                                 |      |        | k235_2        | add   | fabric    | 0       |
|         fmul_32ns_32ns_32_2_max_dsp_1_U1594                                              | 3    |        | v5847         | fmul  | maxdsp    | 1       |
|         fadd_32ns_32ns_32_3_full_dsp_1_U1593                                             | 2    |        | v5849         | fadd  | fulldsp   | 2       |
|       + PE_kernel_QKT_2_4_1157                                                           | 5    |        |               |       |           |         |
|         k242_2_fu_116_p2                                                                 |      |        | k242_2        | add   | fabric    | 0       |
|         fmul_32ns_32ns_32_2_max_dsp_1_U1643                                              | 3    |        | v5994         | fmul  | maxdsp    | 1       |
|         fadd_32ns_32ns_32_3_full_dsp_1_U1642                                             | 2    |        | v5996         | fadd  | fulldsp   | 2       |
|       + PE_kernel_QKT_1_5_1164                                                           | 5    |        |               |       |           |         |
|         k249_2_fu_116_p2                                                                 |      |        | k249_2        | add   | fabric    | 0       |
|         fmul_32ns_32ns_32_2_max_dsp_1_U1692                                              | 3    |        | v6141         | fmul  | maxdsp    | 1       |
|         fadd_32ns_32ns_32_3_full_dsp_1_U1691                                             | 2    |        | v6143         | fadd  | fulldsp   | 2       |
|       + PE_kernel_QKT_0_6_1171                                                           | 5    |        |               |       |           |         |
|         k256_2_fu_116_p2                                                                 |      |        | k256_2        | add   | fabric    | 0       |
|         fmul_32ns_32ns_32_2_max_dsp_1_U1741                                              | 3    |        | v6288         | fmul  | maxdsp    | 1       |
|         fadd_32ns_32ns_32_3_full_dsp_1_U1740                                             | 2    |        | v6290         | fadd  | fulldsp   | 2       |
|       + PE_kernel_QKT_7_0_1130                                                           | 5    |        |               |       |           |         |
|         k215_2_fu_116_p2                                                                 |      |        | k215_2        | add   | fabric    | 0       |
|         fmul_32ns_32ns_32_2_max_dsp_1_U1454                                              | 3    |        | v5427         | fmul  | maxdsp    | 1       |
|         fadd_32ns_32ns_32_3_full_dsp_1_U1453                                             | 2    |        | v5429         | fadd  | fulldsp   | 2       |
|       + PE_kernel_QKT_6_1_1137                                                           | 5    |        |               |       |           |         |
|         k222_2_fu_116_p2                                                                 |      |        | k222_2        | add   | fabric    | 0       |
|         fmul_32ns_32ns_32_2_max_dsp_1_U1503                                              | 3    |        | v5574         | fmul  | maxdsp    | 1       |
|         fadd_32ns_32ns_32_3_full_dsp_1_U1502                                             | 2    |        | v5576         | fadd  | fulldsp   | 2       |
|       + PE_kernel_QKT_5_2_1144                                                           | 5    |        |               |       |           |         |
|         k229_2_fu_116_p2                                                                 |      |        | k229_2        | add   | fabric    | 0       |
|         fmul_32ns_32ns_32_2_max_dsp_1_U1552                                              | 3    |        | v5721         | fmul  | maxdsp    | 1       |
|         fadd_32ns_32ns_32_3_full_dsp_1_U1551                                             | 2    |        | v5723         | fadd  | fulldsp   | 2       |
|       + PE_kernel_QKT_4_3_1151                                                           | 5    |        |               |       |           |         |
|         k236_2_fu_116_p2                                                                 |      |        | k236_2        | add   | fabric    | 0       |
|         fmul_32ns_32ns_32_2_max_dsp_1_U1601                                              | 3    |        | v5868         | fmul  | maxdsp    | 1       |
|         fadd_32ns_32ns_32_3_full_dsp_1_U1600                                             | 2    |        | v5870         | fadd  | fulldsp   | 2       |
|       + PE_kernel_QKT_3_4_1158                                                           | 5    |        |               |       |           |         |
|         k243_2_fu_116_p2                                                                 |      |        | k243_2        | add   | fabric    | 0       |
|         fmul_32ns_32ns_32_2_max_dsp_1_U1650                                              | 3    |        | v6015         | fmul  | maxdsp    | 1       |
|         fadd_32ns_32ns_32_3_full_dsp_1_U1649                                             | 2    |        | v6017         | fadd  | fulldsp   | 2       |
|       + PE_kernel_QKT_2_5_1165                                                           | 5    |        |               |       |           |         |
|         k250_2_fu_116_p2                                                                 |      |        | k250_2        | add   | fabric    | 0       |
|         fmul_32ns_32ns_32_2_max_dsp_1_U1699                                              | 3    |        | v6162         | fmul  | maxdsp    | 1       |
|         fadd_32ns_32ns_32_3_full_dsp_1_U1698                                             | 2    |        | v6164         | fadd  | fulldsp   | 2       |
|       + PE_kernel_QKT_1_6_1172                                                           | 5    |        |               |       |           |         |
|         k257_2_fu_116_p2                                                                 |      |        | k257_2        | add   | fabric    | 0       |
|         fmul_32ns_32ns_32_2_max_dsp_1_U1748                                              | 3    |        | v6309         | fmul  | maxdsp    | 1       |
|         fadd_32ns_32ns_32_3_full_dsp_1_U1747                                             | 2    |        | v6311         | fadd  | fulldsp   | 2       |
|       + PE_kernel_QKT_0_7_1179                                                           | 5    |        |               |       |           |         |
|         k264_2_fu_116_p2                                                                 |      |        | k264_2        | add   | fabric    | 0       |
|         fmul_32ns_32ns_32_2_max_dsp_1_U1797                                              | 3    |        | v6456         | fmul  | maxdsp    | 1       |
|         fadd_32ns_32ns_32_3_full_dsp_1_U1796                                             | 2    |        | v6458         | fadd  | fulldsp   | 2       |
|       + PE_kernel_QKT_7_1_1138                                                           | 5    |        |               |       |           |         |
|         k223_2_fu_116_p2                                                                 |      |        | k223_2        | add   | fabric    | 0       |
|         fmul_32ns_32ns_32_2_max_dsp_1_U1510                                              | 3    |        | v5595         | fmul  | maxdsp    | 1       |
|         fadd_32ns_32ns_32_3_full_dsp_1_U1509                                             | 2    |        | v5597         | fadd  | fulldsp   | 2       |
|       + PE_kernel_QKT_6_2_1145                                                           | 5    |        |               |       |           |         |
|         k230_2_fu_116_p2                                                                 |      |        | k230_2        | add   | fabric    | 0       |
|         fmul_32ns_32ns_32_2_max_dsp_1_U1559                                              | 3    |        | v5742         | fmul  | maxdsp    | 1       |
|         fadd_32ns_32ns_32_3_full_dsp_1_U1558                                             | 2    |        | v5744         | fadd  | fulldsp   | 2       |
|       + PE_kernel_QKT_5_3_1152                                                           | 5    |        |               |       |           |         |
|         k237_2_fu_116_p2                                                                 |      |        | k237_2        | add   | fabric    | 0       |
|         fmul_32ns_32ns_32_2_max_dsp_1_U1608                                              | 3    |        | v5889         | fmul  | maxdsp    | 1       |
|         fadd_32ns_32ns_32_3_full_dsp_1_U1607                                             | 2    |        | v5891         | fadd  | fulldsp   | 2       |
|       + PE_kernel_QKT_4_4_1159                                                           | 5    |        |               |       |           |         |
|         k244_2_fu_116_p2                                                                 |      |        | k244_2        | add   | fabric    | 0       |
|         fmul_32ns_32ns_32_2_max_dsp_1_U1657                                              | 3    |        | v6036         | fmul  | maxdsp    | 1       |
|         fadd_32ns_32ns_32_3_full_dsp_1_U1656                                             | 2    |        | v6038         | fadd  | fulldsp   | 2       |
|       + PE_kernel_QKT_3_5_1166                                                           | 5    |        |               |       |           |         |
|         k251_2_fu_116_p2                                                                 |      |        | k251_2        | add   | fabric    | 0       |
|         fmul_32ns_32ns_32_2_max_dsp_1_U1706                                              | 3    |        | v6183         | fmul  | maxdsp    | 1       |
|         fadd_32ns_32ns_32_3_full_dsp_1_U1705                                             | 2    |        | v6185         | fadd  | fulldsp   | 2       |
|       + PE_kernel_QKT_2_6_1173                                                           | 5    |        |               |       |           |         |
|         k258_2_fu_116_p2                                                                 |      |        | k258_2        | add   | fabric    | 0       |
|         fmul_32ns_32ns_32_2_max_dsp_1_U1755                                              | 3    |        | v6330         | fmul  | maxdsp    | 1       |
|         fadd_32ns_32ns_32_3_full_dsp_1_U1754                                             | 2    |        | v6332         | fadd  | fulldsp   | 2       |
|       + PE_kernel_QKT_1_7_1180                                                           | 5    |        |               |       |           |         |
|         k265_2_fu_116_p2                                                                 |      |        | k265_2        | add   | fabric    | 0       |
|         fmul_32ns_32ns_32_2_max_dsp_1_U1804                                              | 3    |        | v6477         | fmul  | maxdsp    | 1       |
|         fadd_32ns_32ns_32_3_full_dsp_1_U1803                                             | 2    |        | v6479         | fadd  | fulldsp   | 2       |
|       + PE_kernel_QKT_7_2_1146                                                           | 5    |        |               |       |           |         |
|         k231_2_fu_116_p2                                                                 |      |        | k231_2        | add   | fabric    | 0       |
|         fmul_32ns_32ns_32_2_max_dsp_1_U1566                                              | 3    |        | v5763         | fmul  | maxdsp    | 1       |
|         fadd_32ns_32ns_32_3_full_dsp_1_U1565                                             | 2    |        | v5765         | fadd  | fulldsp   | 2       |
|       + PE_kernel_QKT_6_3_1153                                                           | 5    |        |               |       |           |         |
|         k238_2_fu_116_p2                                                                 |      |        | k238_2        | add   | fabric    | 0       |
|         fmul_32ns_32ns_32_2_max_dsp_1_U1615                                              | 3    |        | v5910         | fmul  | maxdsp    | 1       |
|         fadd_32ns_32ns_32_3_full_dsp_1_U1614                                             | 2    |        | v5912         | fadd  | fulldsp   | 2       |
|       + PE_kernel_QKT_5_4_1160                                                           | 5    |        |               |       |           |         |
|         k245_2_fu_116_p2                                                                 |      |        | k245_2        | add   | fabric    | 0       |
|         fmul_32ns_32ns_32_2_max_dsp_1_U1664                                              | 3    |        | v6057         | fmul  | maxdsp    | 1       |
|         fadd_32ns_32ns_32_3_full_dsp_1_U1663                                             | 2    |        | v6059         | fadd  | fulldsp   | 2       |
|       + PE_kernel_QKT_4_5_1167                                                           | 5    |        |               |       |           |         |
|         k252_2_fu_116_p2                                                                 |      |        | k252_2        | add   | fabric    | 0       |
|         fmul_32ns_32ns_32_2_max_dsp_1_U1713                                              | 3    |        | v6204         | fmul  | maxdsp    | 1       |
|         fadd_32ns_32ns_32_3_full_dsp_1_U1712                                             | 2    |        | v6206         | fadd  | fulldsp   | 2       |
|       + PE_kernel_QKT_3_6_1174                                                           | 5    |        |               |       |           |         |
|         k259_2_fu_116_p2                                                                 |      |        | k259_2        | add   | fabric    | 0       |
|         fmul_32ns_32ns_32_2_max_dsp_1_U1762                                              | 3    |        | v6351         | fmul  | maxdsp    | 1       |
|         fadd_32ns_32ns_32_3_full_dsp_1_U1761                                             | 2    |        | v6353         | fadd  | fulldsp   | 2       |
|       + PE_kernel_QKT_2_7_1181                                                           | 5    |        |               |       |           |         |
|         k266_2_fu_116_p2                                                                 |      |        | k266_2        | add   | fabric    | 0       |
|         fmul_32ns_32ns_32_2_max_dsp_1_U1811                                              | 3    |        | v6498         | fmul  | maxdsp    | 1       |
|         fadd_32ns_32ns_32_3_full_dsp_1_U1810                                             | 2    |        | v6500         | fadd  | fulldsp   | 2       |
|       + PE_kernel_QKT_7_3_1154                                                           | 5    |        |               |       |           |         |
|         k239_2_fu_116_p2                                                                 |      |        | k239_2        | add   | fabric    | 0       |
|         fmul_32ns_32ns_32_2_max_dsp_1_U1622                                              | 3    |        | v5931         | fmul  | maxdsp    | 1       |
|         fadd_32ns_32ns_32_3_full_dsp_1_U1621                                             | 2    |        | v5933         | fadd  | fulldsp   | 2       |
|       + PE_kernel_QKT_6_4_1161                                                           | 5    |        |               |       |           |         |
|         k246_2_fu_116_p2                                                                 |      |        | k246_2        | add   | fabric    | 0       |
|         fmul_32ns_32ns_32_2_max_dsp_1_U1671                                              | 3    |        | v6078         | fmul  | maxdsp    | 1       |
|         fadd_32ns_32ns_32_3_full_dsp_1_U1670                                             | 2    |        | v6080         | fadd  | fulldsp   | 2       |
|       + PE_kernel_QKT_5_5_1168                                                           | 5    |        |               |       |           |         |
|         k253_2_fu_116_p2                                                                 |      |        | k253_2        | add   | fabric    | 0       |
|         fmul_32ns_32ns_32_2_max_dsp_1_U1720                                              | 3    |        | v6225         | fmul  | maxdsp    | 1       |
|         fadd_32ns_32ns_32_3_full_dsp_1_U1719                                             | 2    |        | v6227         | fadd  | fulldsp   | 2       |
|       + PE_kernel_QKT_4_6_1175                                                           | 5    |        |               |       |           |         |
|         k260_2_fu_116_p2                                                                 |      |        | k260_2        | add   | fabric    | 0       |
|         fmul_32ns_32ns_32_2_max_dsp_1_U1769                                              | 3    |        | v6372         | fmul  | maxdsp    | 1       |
|         fadd_32ns_32ns_32_3_full_dsp_1_U1768                                             | 2    |        | v6374         | fadd  | fulldsp   | 2       |
|       + PE_kernel_QKT_3_7_1182                                                           | 5    |        |               |       |           |         |
|         k267_2_fu_116_p2                                                                 |      |        | k267_2        | add   | fabric    | 0       |
|         fmul_32ns_32ns_32_2_max_dsp_1_U1818                                              | 3    |        | v6519         | fmul  | maxdsp    | 1       |
|         fadd_32ns_32ns_32_3_full_dsp_1_U1817                                             | 2    |        | v6521         | fadd  | fulldsp   | 2       |
|       + PE_kernel_QKT_7_4_1162                                                           | 5    |        |               |       |           |         |
|         k247_2_fu_116_p2                                                                 |      |        | k247_2        | add   | fabric    | 0       |
|         fmul_32ns_32ns_32_2_max_dsp_1_U1678                                              | 3    |        | v6099         | fmul  | maxdsp    | 1       |
|         fadd_32ns_32ns_32_3_full_dsp_1_U1677                                             | 2    |        | v6101         | fadd  | fulldsp   | 2       |
|       + PE_kernel_QKT_6_5_1169                                                           | 5    |        |               |       |           |         |
|         k254_2_fu_116_p2                                                                 |      |        | k254_2        | add   | fabric    | 0       |
|         fmul_32ns_32ns_32_2_max_dsp_1_U1727                                              | 3    |        | v6246         | fmul  | maxdsp    | 1       |
|         fadd_32ns_32ns_32_3_full_dsp_1_U1726                                             | 2    |        | v6248         | fadd  | fulldsp   | 2       |
|       + PE_kernel_QKT_5_6_1176                                                           | 5    |        |               |       |           |         |
|         k261_2_fu_116_p2                                                                 |      |        | k261_2        | add   | fabric    | 0       |
|         fmul_32ns_32ns_32_2_max_dsp_1_U1776                                              | 3    |        | v6393         | fmul  | maxdsp    | 1       |
|         fadd_32ns_32ns_32_3_full_dsp_1_U1775                                             | 2    |        | v6395         | fadd  | fulldsp   | 2       |
|       + PE_kernel_QKT_4_7_1183                                                           | 5    |        |               |       |           |         |
|         k268_2_fu_116_p2                                                                 |      |        | k268_2        | add   | fabric    | 0       |
|         fmul_32ns_32ns_32_2_max_dsp_1_U1825                                              | 3    |        | v6540         | fmul  | maxdsp    | 1       |
|         fadd_32ns_32ns_32_3_full_dsp_1_U1824                                             | 2    |        | v6542         | fadd  | fulldsp   | 2       |
|       + PE_kernel_QKT_7_5_1170                                                           | 5    |        |               |       |           |         |
|         k255_2_fu_116_p2                                                                 |      |        | k255_2        | add   | fabric    | 0       |
|         fmul_32ns_32ns_32_2_max_dsp_1_U1734                                              | 3    |        | v6267         | fmul  | maxdsp    | 1       |
|         fadd_32ns_32ns_32_3_full_dsp_1_U1733                                             | 2    |        | v6269         | fadd  | fulldsp   | 2       |
|       + PE_kernel_QKT_6_6_1177                                                           | 5    |        |               |       |           |         |
|         k262_2_fu_116_p2                                                                 |      |        | k262_2        | add   | fabric    | 0       |
|         fmul_32ns_32ns_32_2_max_dsp_1_U1783                                              | 3    |        | v6414         | fmul  | maxdsp    | 1       |
|         fadd_32ns_32ns_32_3_full_dsp_1_U1782                                             | 2    |        | v6416         | fadd  | fulldsp   | 2       |
|       + PE_kernel_QKT_5_7_1184                                                           | 5    |        |               |       |           |         |
|         k269_2_fu_116_p2                                                                 |      |        | k269_2        | add   | fabric    | 0       |
|         fmul_32ns_32ns_32_2_max_dsp_1_U1832                                              | 3    |        | v6561         | fmul  | maxdsp    | 1       |
|         fadd_32ns_32ns_32_3_full_dsp_1_U1831                                             | 2    |        | v6563         | fadd  | fulldsp   | 2       |
|       + PE_kernel_QKT_7_6_1178                                                           | 5    |        |               |       |           |         |
|         k263_2_fu_116_p2                                                                 |      |        | k263_2        | add   | fabric    | 0       |
|         fmul_32ns_32ns_32_2_max_dsp_1_U1790                                              | 3    |        | v6435         | fmul  | maxdsp    | 1       |
|         fadd_32ns_32ns_32_3_full_dsp_1_U1789                                             | 2    |        | v6437         | fadd  | fulldsp   | 2       |
|       + PE_kernel_QKT_6_7_1185                                                           | 5    |        |               |       |           |         |
|         k270_2_fu_116_p2                                                                 |      |        | k270_2        | add   | fabric    | 0       |
|         fmul_32ns_32ns_32_2_max_dsp_1_U1839                                              | 3    |        | v6582         | fmul  | maxdsp    | 1       |
|         fadd_32ns_32ns_32_3_full_dsp_1_U1838                                             | 2    |        | v6584         | fadd  | fulldsp   | 2       |
|       + PE_kernel_QKT_7_7_1186                                                           | 5    |        |               |       |           |         |
|         k271_2_fu_116_p2                                                                 |      |        | k271_2        | add   | fabric    | 0       |
|         fmul_32ns_32ns_32_2_max_dsp_1_U1846                                              | 3    |        | v6603         | fmul  | maxdsp    | 1       |
|         fadd_32ns_32ns_32_3_full_dsp_1_U1845                                             | 2    |        | v6605         | fadd  | fulldsp   | 2       |
|       + systolic_tile_QKT_Loop_l_data_drain_k273_proc36187                               | 0    |        |               |       |           |         |
|         k273_2_fu_176_p2                                                                 |      |        | k273_2        | add   | fabric    | 0       |
|      + dataflow_in_loop_l_ni4_Loop_l_store_C_tile_sj4_proc51                             | 0    |        |               |       |           |         |
|       + dataflow_in_loop_l_ni4_Loop_l_store_C_tile_sj4_proc51_Pipeline_l_store_C_tile_sj | 0    |        |               |       |           |         |
|         add_ln12495_1_fu_653_p2                                                          |      |        | add_ln12495_1 | add   | fabric    | 0       |
|         add_ln12495_fu_665_p2                                                            |      |        | add_ln12495   | add   | fabric    | 0       |
|         empty_fu_701_p2                                                                  |      |        | empty         | add   | fabric    | 0       |
|         add_ln12499_fu_1080_p2                                                           |      |        | add_ln12499   | add   | fabric    | 0       |
|         add_ln12499_1_fu_1094_p2                                                         |      |        | add_ln12499_1 | add   | fabric    | 0       |
|         add_ln12496_fu_1105_p2                                                           |      |        | add_ln12496   | add   | fabric    | 0       |
|   + scaled_dot_product_attention_Pipeline_l_mha_scale_i16_l_j14                          | 0    |        |               |       |           |         |
|     add_ln15614_1_fu_106_p2                                                              |      |        | add_ln15614_1 | add   | fabric    | 0       |
|     add_ln15614_fu_118_p2                                                                |      |        | add_ln15614   | add   | fabric    | 0       |
|     add_ln15616_fu_162_p2                                                                |      |        | add_ln15616   | add   | fabric    | 0       |
|     add_ln15615_fu_173_p2                                                                |      |        | add_ln15615   | add   | fabric    | 0       |
|   + scaled_dot_product_attention_Pipeline_l_row_max_i12_l_j10                            | 0    |        |               |       |           |         |
|     add_ln12564_1_fu_144_p2                                                              |      |        | add_ln12564_1 | add   | fabric    | 0       |
|     add_ln12564_fu_156_p2                                                                |      |        | add_ln12564   | add   | fabric    | 0       |
|     add_ln12566_fu_211_p2                                                                |      |        | add_ln12566   | add   | fabric    | 0       |
|     add_ln12565_fu_222_p2                                                                |      |        | add_ln12565   | add   | fabric    | 0       |
|   + scaled_dot_product_attention_Pipeline_l_exp_sum_i13_l_j11                            | 7    |        |               |       |           |         |
|     add_ln12575_1_fu_167_p2                                                              |      |        | add_ln12575_1 | add   | fabric    | 0       |
|     add_ln12575_fu_179_p2                                                                |      |        | add_ln12575   | add   | fabric    | 0       |
|     add_ln12577_fu_235_p2                                                                |      |        | add_ln12577   | add   | fabric    | 0       |
|     fexp_32ns_32ns_32_4_full_dsp_1_U2388                                                 | 7    |        | v6919         | fexp  | fulldsp   | 3       |
|     add_ln12576_fu_246_p2                                                                |      |        | add_ln12576   | add   | fabric    | 0       |
|   + scaled_dot_product_attention_Pipeline_l_update_i14_l_j12                             | 0    |        |               |       |           |         |
|     add_ln12588_1_fu_118_p2                                                              |      |        | add_ln12588_1 | add   | fabric    | 0       |
|     add_ln12588_fu_130_p2                                                                |      |        | add_ln12588   | add   | fabric    | 0       |
|     add_ln12590_fu_179_p2                                                                |      |        | add_ln12590   | add   | fabric    | 0       |
|     fdiv_32ns_32ns_32_6_no_dsp_1_U2393                                                   |      |        | v6927         | fdiv  | fabric    | 5       |
|     add_ln12589_fu_190_p2                                                                |      |        | add_ln12589   | add   | fabric    | 0       |
|   + systolic_YV                                                                          | 320  |        |               |       |           |         |
|    + dataflow_parent_loop_proc                                                           | 320  |        |               |       |           |         |
|     + dataflow_in_loop_l_ni5                                                             | 320  |        |               |       |           |         |
|      + dataflow_in_loop_l_ni5_Loop_l_load_A_tile_ak5_proc5230                            | 0    |        |               |       |           |         |
|       + dataflow_in_loop_l_ni5_Loop_l_load_A_tile_ak5_proc5230_Pipeline_l_load_A_tile_ak | 0    |        |               |       |           |         |
|         add_ln15537_fu_259_p2                                                            |      |        | add_ln15537   | add   | fabric    | 0       |
|         add_ln15537_1_fu_271_p2                                                          |      |        | add_ln15537_1 | add   | fabric    | 0       |
|         add_ln15543_fu_311_p2                                                            |      |        | add_ln15543   | add   | fabric    | 0       |
|         add_ln15543_1_fu_325_p2                                                          |      |        | add_ln15543_1 | add   | fabric    | 0       |
|         add_ln15538_fu_336_p2                                                            |      |        | add_ln15538   | add   | fabric    | 0       |
|      + dataflow_in_loop_l_ni5_Loop_l_load_B_tile_bk5_proc5331                            | 0    |        |               |       |           |         |
|        add_ln15548_fu_249_p2                                                             |      |        | add_ln15548   | add   | fabric    | 0       |
|        add_ln15548_1_fu_261_p2                                                           |      |        | add_ln15548_1 | add   | fabric    | 0       |
|        add_ln15551_fu_297_p2                                                             |      |        | add_ln15551   | add   | fabric    | 0       |
|        add_ln15549_fu_320_p2                                                             |      |        | add_ln15549   | add   | fabric    | 0       |
|      + systolic_tile_YV54                                                                | 320  |        |               |       |           |         |
|       + systolic_tile_YV_Loop_l_data_load_k338_proc37188                                 | 0    |        |               |       |           |         |
|         add_ln15177_fu_434_p2                                                            |      |        | add_ln15177   | add   | fabric    | 0       |
|       + PE_kernel_YV_0_0_1189                                                            | 5    |        |               |       |           |         |
|         k274_2_fu_116_p2                                                                 |      |        | k274_2        | add   | fabric    | 0       |
|         fmul_32ns_32ns_32_2_max_dsp_1_U2463                                              | 3    |        | v6943         | fmul  | maxdsp    | 1       |
|         fadd_32ns_32ns_32_3_full_dsp_1_U2462                                             | 2    |        | v6945         | fadd  | fulldsp   | 2       |
|       + PE_kernel_YV_1_0_1190                                                            | 5    |        |               |       |           |         |
|         k275_2_fu_116_p2                                                                 |      |        | k275_2        | add   | fabric    | 0       |
|         fmul_32ns_32ns_32_2_max_dsp_1_U2470                                              | 3    |        | v6964         | fmul  | maxdsp    | 1       |
|         fadd_32ns_32ns_32_3_full_dsp_1_U2469                                             | 2    |        | v6966         | fadd  | fulldsp   | 2       |
|       + PE_kernel_YV_0_1_1197                                                            | 5    |        |               |       |           |         |
|         k282_2_fu_116_p2                                                                 |      |        | k282_2        | add   | fabric    | 0       |
|         fmul_32ns_32ns_32_2_max_dsp_1_U2519                                              | 3    |        | v7111         | fmul  | maxdsp    | 1       |
|         fadd_32ns_32ns_32_3_full_dsp_1_U2518                                             | 2    |        | v7113         | fadd  | fulldsp   | 2       |
|       + PE_kernel_YV_2_0_1191                                                            | 5    |        |               |       |           |         |
|         k276_2_fu_116_p2                                                                 |      |        | k276_2        | add   | fabric    | 0       |
|         fmul_32ns_32ns_32_2_max_dsp_1_U2477                                              | 3    |        | v6985         | fmul  | maxdsp    | 1       |
|         fadd_32ns_32ns_32_3_full_dsp_1_U2476                                             | 2    |        | v6987         | fadd  | fulldsp   | 2       |
|       + PE_kernel_YV_1_1_1198                                                            | 5    |        |               |       |           |         |
|         k283_2_fu_116_p2                                                                 |      |        | k283_2        | add   | fabric    | 0       |
|         fmul_32ns_32ns_32_2_max_dsp_1_U2526                                              | 3    |        | v7132         | fmul  | maxdsp    | 1       |
|         fadd_32ns_32ns_32_3_full_dsp_1_U2525                                             | 2    |        | v7134         | fadd  | fulldsp   | 2       |
|       + PE_kernel_YV_0_2_1205                                                            | 5    |        |               |       |           |         |
|         k290_2_fu_116_p2                                                                 |      |        | k290_2        | add   | fabric    | 0       |
|         fmul_32ns_32ns_32_2_max_dsp_1_U2575                                              | 3    |        | v7279         | fmul  | maxdsp    | 1       |
|         fadd_32ns_32ns_32_3_full_dsp_1_U2574                                             | 2    |        | v7281         | fadd  | fulldsp   | 2       |
|       + PE_kernel_YV_3_0_1192                                                            | 5    |        |               |       |           |         |
|         k277_2_fu_116_p2                                                                 |      |        | k277_2        | add   | fabric    | 0       |
|         fmul_32ns_32ns_32_2_max_dsp_1_U2484                                              | 3    |        | v7006         | fmul  | maxdsp    | 1       |
|         fadd_32ns_32ns_32_3_full_dsp_1_U2483                                             | 2    |        | v7008         | fadd  | fulldsp   | 2       |
|       + PE_kernel_YV_2_1_1199                                                            | 5    |        |               |       |           |         |
|         k284_2_fu_116_p2                                                                 |      |        | k284_2        | add   | fabric    | 0       |
|         fmul_32ns_32ns_32_2_max_dsp_1_U2533                                              | 3    |        | v7153         | fmul  | maxdsp    | 1       |
|         fadd_32ns_32ns_32_3_full_dsp_1_U2532                                             | 2    |        | v7155         | fadd  | fulldsp   | 2       |
|       + PE_kernel_YV_1_2_1206                                                            | 5    |        |               |       |           |         |
|         k291_2_fu_116_p2                                                                 |      |        | k291_2        | add   | fabric    | 0       |
|         fmul_32ns_32ns_32_2_max_dsp_1_U2582                                              | 3    |        | v7300         | fmul  | maxdsp    | 1       |
|         fadd_32ns_32ns_32_3_full_dsp_1_U2581                                             | 2    |        | v7302         | fadd  | fulldsp   | 2       |
|       + PE_kernel_YV_0_3_1213                                                            | 5    |        |               |       |           |         |
|         k298_2_fu_116_p2                                                                 |      |        | k298_2        | add   | fabric    | 0       |
|         fmul_32ns_32ns_32_2_max_dsp_1_U2631                                              | 3    |        | v7447         | fmul  | maxdsp    | 1       |
|         fadd_32ns_32ns_32_3_full_dsp_1_U2630                                             | 2    |        | v7449         | fadd  | fulldsp   | 2       |
|       + PE_kernel_YV_4_0_1193                                                            | 5    |        |               |       |           |         |
|         k278_2_fu_116_p2                                                                 |      |        | k278_2        | add   | fabric    | 0       |
|         fmul_32ns_32ns_32_2_max_dsp_1_U2491                                              | 3    |        | v7027         | fmul  | maxdsp    | 1       |
|         fadd_32ns_32ns_32_3_full_dsp_1_U2490                                             | 2    |        | v7029         | fadd  | fulldsp   | 2       |
|       + PE_kernel_YV_3_1_1200                                                            | 5    |        |               |       |           |         |
|         k285_2_fu_116_p2                                                                 |      |        | k285_2        | add   | fabric    | 0       |
|         fmul_32ns_32ns_32_2_max_dsp_1_U2540                                              | 3    |        | v7174         | fmul  | maxdsp    | 1       |
|         fadd_32ns_32ns_32_3_full_dsp_1_U2539                                             | 2    |        | v7176         | fadd  | fulldsp   | 2       |
|       + PE_kernel_YV_2_2_1207                                                            | 5    |        |               |       |           |         |
|         k292_2_fu_116_p2                                                                 |      |        | k292_2        | add   | fabric    | 0       |
|         fmul_32ns_32ns_32_2_max_dsp_1_U2589                                              | 3    |        | v7321         | fmul  | maxdsp    | 1       |
|         fadd_32ns_32ns_32_3_full_dsp_1_U2588                                             | 2    |        | v7323         | fadd  | fulldsp   | 2       |
|       + PE_kernel_YV_1_3_1214                                                            | 5    |        |               |       |           |         |
|         k299_2_fu_116_p2                                                                 |      |        | k299_2        | add   | fabric    | 0       |
|         fmul_32ns_32ns_32_2_max_dsp_1_U2638                                              | 3    |        | v7468         | fmul  | maxdsp    | 1       |
|         fadd_32ns_32ns_32_3_full_dsp_1_U2637                                             | 2    |        | v7470         | fadd  | fulldsp   | 2       |
|       + PE_kernel_YV_0_4_1221                                                            | 5    |        |               |       |           |         |
|         k306_2_fu_116_p2                                                                 |      |        | k306_2        | add   | fabric    | 0       |
|         fmul_32ns_32ns_32_2_max_dsp_1_U2687                                              | 3    |        | v7615         | fmul  | maxdsp    | 1       |
|         fadd_32ns_32ns_32_3_full_dsp_1_U2686                                             | 2    |        | v7617         | fadd  | fulldsp   | 2       |
|       + PE_kernel_YV_5_0_1194                                                            | 5    |        |               |       |           |         |
|         k279_2_fu_116_p2                                                                 |      |        | k279_2        | add   | fabric    | 0       |
|         fmul_32ns_32ns_32_2_max_dsp_1_U2498                                              | 3    |        | v7048         | fmul  | maxdsp    | 1       |
|         fadd_32ns_32ns_32_3_full_dsp_1_U2497                                             | 2    |        | v7050         | fadd  | fulldsp   | 2       |
|       + PE_kernel_YV_4_1_1201                                                            | 5    |        |               |       |           |         |
|         k286_2_fu_116_p2                                                                 |      |        | k286_2        | add   | fabric    | 0       |
|         fmul_32ns_32ns_32_2_max_dsp_1_U2547                                              | 3    |        | v7195         | fmul  | maxdsp    | 1       |
|         fadd_32ns_32ns_32_3_full_dsp_1_U2546                                             | 2    |        | v7197         | fadd  | fulldsp   | 2       |
|       + PE_kernel_YV_3_2_1208                                                            | 5    |        |               |       |           |         |
|         k293_2_fu_116_p2                                                                 |      |        | k293_2        | add   | fabric    | 0       |
|         fmul_32ns_32ns_32_2_max_dsp_1_U2596                                              | 3    |        | v7342         | fmul  | maxdsp    | 1       |
|         fadd_32ns_32ns_32_3_full_dsp_1_U2595                                             | 2    |        | v7344         | fadd  | fulldsp   | 2       |
|       + PE_kernel_YV_2_3_1215                                                            | 5    |        |               |       |           |         |
|         k300_2_fu_116_p2                                                                 |      |        | k300_2        | add   | fabric    | 0       |
|         fmul_32ns_32ns_32_2_max_dsp_1_U2645                                              | 3    |        | v7489         | fmul  | maxdsp    | 1       |
|         fadd_32ns_32ns_32_3_full_dsp_1_U2644                                             | 2    |        | v7491         | fadd  | fulldsp   | 2       |
|       + PE_kernel_YV_1_4_1222                                                            | 5    |        |               |       |           |         |
|         k307_2_fu_116_p2                                                                 |      |        | k307_2        | add   | fabric    | 0       |
|         fmul_32ns_32ns_32_2_max_dsp_1_U2694                                              | 3    |        | v7636         | fmul  | maxdsp    | 1       |
|         fadd_32ns_32ns_32_3_full_dsp_1_U2693                                             | 2    |        | v7638         | fadd  | fulldsp   | 2       |
|       + PE_kernel_YV_0_5_1229                                                            | 5    |        |               |       |           |         |
|         k314_2_fu_116_p2                                                                 |      |        | k314_2        | add   | fabric    | 0       |
|         fmul_32ns_32ns_32_2_max_dsp_1_U2743                                              | 3    |        | v7783         | fmul  | maxdsp    | 1       |
|         fadd_32ns_32ns_32_3_full_dsp_1_U2742                                             | 2    |        | v7785         | fadd  | fulldsp   | 2       |
|       + PE_kernel_YV_6_0_1195                                                            | 5    |        |               |       |           |         |
|         k280_2_fu_116_p2                                                                 |      |        | k280_2        | add   | fabric    | 0       |
|         fmul_32ns_32ns_32_2_max_dsp_1_U2505                                              | 3    |        | v7069         | fmul  | maxdsp    | 1       |
|         fadd_32ns_32ns_32_3_full_dsp_1_U2504                                             | 2    |        | v7071         | fadd  | fulldsp   | 2       |
|       + PE_kernel_YV_5_1_1202                                                            | 5    |        |               |       |           |         |
|         k287_2_fu_116_p2                                                                 |      |        | k287_2        | add   | fabric    | 0       |
|         fmul_32ns_32ns_32_2_max_dsp_1_U2554                                              | 3    |        | v7216         | fmul  | maxdsp    | 1       |
|         fadd_32ns_32ns_32_3_full_dsp_1_U2553                                             | 2    |        | v7218         | fadd  | fulldsp   | 2       |
|       + PE_kernel_YV_4_2_1209                                                            | 5    |        |               |       |           |         |
|         k294_2_fu_116_p2                                                                 |      |        | k294_2        | add   | fabric    | 0       |
|         fmul_32ns_32ns_32_2_max_dsp_1_U2603                                              | 3    |        | v7363         | fmul  | maxdsp    | 1       |
|         fadd_32ns_32ns_32_3_full_dsp_1_U2602                                             | 2    |        | v7365         | fadd  | fulldsp   | 2       |
|       + PE_kernel_YV_3_3_1216                                                            | 5    |        |               |       |           |         |
|         k301_2_fu_116_p2                                                                 |      |        | k301_2        | add   | fabric    | 0       |
|         fmul_32ns_32ns_32_2_max_dsp_1_U2652                                              | 3    |        | v7510         | fmul  | maxdsp    | 1       |
|         fadd_32ns_32ns_32_3_full_dsp_1_U2651                                             | 2    |        | v7512         | fadd  | fulldsp   | 2       |
|       + PE_kernel_YV_2_4_1223                                                            | 5    |        |               |       |           |         |
|         k308_2_fu_116_p2                                                                 |      |        | k308_2        | add   | fabric    | 0       |
|         fmul_32ns_32ns_32_2_max_dsp_1_U2701                                              | 3    |        | v7657         | fmul  | maxdsp    | 1       |
|         fadd_32ns_32ns_32_3_full_dsp_1_U2700                                             | 2    |        | v7659         | fadd  | fulldsp   | 2       |
|       + PE_kernel_YV_1_5_1230                                                            | 5    |        |               |       |           |         |
|         k315_2_fu_116_p2                                                                 |      |        | k315_2        | add   | fabric    | 0       |
|         fmul_32ns_32ns_32_2_max_dsp_1_U2750                                              | 3    |        | v7804         | fmul  | maxdsp    | 1       |
|         fadd_32ns_32ns_32_3_full_dsp_1_U2749                                             | 2    |        | v7806         | fadd  | fulldsp   | 2       |
|       + PE_kernel_YV_0_6_1237                                                            | 5    |        |               |       |           |         |
|         k322_2_fu_116_p2                                                                 |      |        | k322_2        | add   | fabric    | 0       |
|         fmul_32ns_32ns_32_2_max_dsp_1_U2799                                              | 3    |        | v7951         | fmul  | maxdsp    | 1       |
|         fadd_32ns_32ns_32_3_full_dsp_1_U2798                                             | 2    |        | v7953         | fadd  | fulldsp   | 2       |
|       + PE_kernel_YV_7_0_1196                                                            | 5    |        |               |       |           |         |
|         k281_2_fu_116_p2                                                                 |      |        | k281_2        | add   | fabric    | 0       |
|         fmul_32ns_32ns_32_2_max_dsp_1_U2512                                              | 3    |        | v7090         | fmul  | maxdsp    | 1       |
|         fadd_32ns_32ns_32_3_full_dsp_1_U2511                                             | 2    |        | v7092         | fadd  | fulldsp   | 2       |
|       + PE_kernel_YV_6_1_1203                                                            | 5    |        |               |       |           |         |
|         k288_2_fu_116_p2                                                                 |      |        | k288_2        | add   | fabric    | 0       |
|         fmul_32ns_32ns_32_2_max_dsp_1_U2561                                              | 3    |        | v7237         | fmul  | maxdsp    | 1       |
|         fadd_32ns_32ns_32_3_full_dsp_1_U2560                                             | 2    |        | v7239         | fadd  | fulldsp   | 2       |
|       + PE_kernel_YV_5_2_1210                                                            | 5    |        |               |       |           |         |
|         k295_2_fu_116_p2                                                                 |      |        | k295_2        | add   | fabric    | 0       |
|         fmul_32ns_32ns_32_2_max_dsp_1_U2610                                              | 3    |        | v7384         | fmul  | maxdsp    | 1       |
|         fadd_32ns_32ns_32_3_full_dsp_1_U2609                                             | 2    |        | v7386         | fadd  | fulldsp   | 2       |
|       + PE_kernel_YV_4_3_1217                                                            | 5    |        |               |       |           |         |
|         k302_2_fu_116_p2                                                                 |      |        | k302_2        | add   | fabric    | 0       |
|         fmul_32ns_32ns_32_2_max_dsp_1_U2659                                              | 3    |        | v7531         | fmul  | maxdsp    | 1       |
|         fadd_32ns_32ns_32_3_full_dsp_1_U2658                                             | 2    |        | v7533         | fadd  | fulldsp   | 2       |
|       + PE_kernel_YV_3_4_1224                                                            | 5    |        |               |       |           |         |
|         k309_2_fu_116_p2                                                                 |      |        | k309_2        | add   | fabric    | 0       |
|         fmul_32ns_32ns_32_2_max_dsp_1_U2708                                              | 3    |        | v7678         | fmul  | maxdsp    | 1       |
|         fadd_32ns_32ns_32_3_full_dsp_1_U2707                                             | 2    |        | v7680         | fadd  | fulldsp   | 2       |
|       + PE_kernel_YV_2_5_1231                                                            | 5    |        |               |       |           |         |
|         k316_2_fu_116_p2                                                                 |      |        | k316_2        | add   | fabric    | 0       |
|         fmul_32ns_32ns_32_2_max_dsp_1_U2757                                              | 3    |        | v7825         | fmul  | maxdsp    | 1       |
|         fadd_32ns_32ns_32_3_full_dsp_1_U2756                                             | 2    |        | v7827         | fadd  | fulldsp   | 2       |
|       + PE_kernel_YV_1_6_1238                                                            | 5    |        |               |       |           |         |
|         k323_2_fu_116_p2                                                                 |      |        | k323_2        | add   | fabric    | 0       |
|         fmul_32ns_32ns_32_2_max_dsp_1_U2806                                              | 3    |        | v7972         | fmul  | maxdsp    | 1       |
|         fadd_32ns_32ns_32_3_full_dsp_1_U2805                                             | 2    |        | v7974         | fadd  | fulldsp   | 2       |
|       + PE_kernel_YV_0_7_1245                                                            | 5    |        |               |       |           |         |
|         k330_2_fu_116_p2                                                                 |      |        | k330_2        | add   | fabric    | 0       |
|         fmul_32ns_32ns_32_2_max_dsp_1_U2855                                              | 3    |        | v8119         | fmul  | maxdsp    | 1       |
|         fadd_32ns_32ns_32_3_full_dsp_1_U2854                                             | 2    |        | v8121         | fadd  | fulldsp   | 2       |
|       + PE_kernel_YV_7_1_1204                                                            | 5    |        |               |       |           |         |
|         k289_2_fu_116_p2                                                                 |      |        | k289_2        | add   | fabric    | 0       |
|         fmul_32ns_32ns_32_2_max_dsp_1_U2568                                              | 3    |        | v7258         | fmul  | maxdsp    | 1       |
|         fadd_32ns_32ns_32_3_full_dsp_1_U2567                                             | 2    |        | v7260         | fadd  | fulldsp   | 2       |
|       + PE_kernel_YV_6_2_1211                                                            | 5    |        |               |       |           |         |
|         k296_2_fu_116_p2                                                                 |      |        | k296_2        | add   | fabric    | 0       |
|         fmul_32ns_32ns_32_2_max_dsp_1_U2617                                              | 3    |        | v7405         | fmul  | maxdsp    | 1       |
|         fadd_32ns_32ns_32_3_full_dsp_1_U2616                                             | 2    |        | v7407         | fadd  | fulldsp   | 2       |
|       + PE_kernel_YV_5_3_1218                                                            | 5    |        |               |       |           |         |
|         k303_2_fu_116_p2                                                                 |      |        | k303_2        | add   | fabric    | 0       |
|         fmul_32ns_32ns_32_2_max_dsp_1_U2666                                              | 3    |        | v7552         | fmul  | maxdsp    | 1       |
|         fadd_32ns_32ns_32_3_full_dsp_1_U2665                                             | 2    |        | v7554         | fadd  | fulldsp   | 2       |
|       + PE_kernel_YV_4_4_1225                                                            | 5    |        |               |       |           |         |
|         k310_2_fu_116_p2                                                                 |      |        | k310_2        | add   | fabric    | 0       |
|         fmul_32ns_32ns_32_2_max_dsp_1_U2715                                              | 3    |        | v7699         | fmul  | maxdsp    | 1       |
|         fadd_32ns_32ns_32_3_full_dsp_1_U2714                                             | 2    |        | v7701         | fadd  | fulldsp   | 2       |
|       + PE_kernel_YV_3_5_1232                                                            | 5    |        |               |       |           |         |
|         k317_2_fu_116_p2                                                                 |      |        | k317_2        | add   | fabric    | 0       |
|         fmul_32ns_32ns_32_2_max_dsp_1_U2764                                              | 3    |        | v7846         | fmul  | maxdsp    | 1       |
|         fadd_32ns_32ns_32_3_full_dsp_1_U2763                                             | 2    |        | v7848         | fadd  | fulldsp   | 2       |
|       + PE_kernel_YV_2_6_1239                                                            | 5    |        |               |       |           |         |
|         k324_2_fu_116_p2                                                                 |      |        | k324_2        | add   | fabric    | 0       |
|         fmul_32ns_32ns_32_2_max_dsp_1_U2813                                              | 3    |        | v7993         | fmul  | maxdsp    | 1       |
|         fadd_32ns_32ns_32_3_full_dsp_1_U2812                                             | 2    |        | v7995         | fadd  | fulldsp   | 2       |
|       + PE_kernel_YV_1_7_1246                                                            | 5    |        |               |       |           |         |
|         k331_2_fu_116_p2                                                                 |      |        | k331_2        | add   | fabric    | 0       |
|         fmul_32ns_32ns_32_2_max_dsp_1_U2862                                              | 3    |        | v8140         | fmul  | maxdsp    | 1       |
|         fadd_32ns_32ns_32_3_full_dsp_1_U2861                                             | 2    |        | v8142         | fadd  | fulldsp   | 2       |
|       + PE_kernel_YV_7_2_1212                                                            | 5    |        |               |       |           |         |
|         k297_2_fu_116_p2                                                                 |      |        | k297_2        | add   | fabric    | 0       |
|         fmul_32ns_32ns_32_2_max_dsp_1_U2624                                              | 3    |        | v7426         | fmul  | maxdsp    | 1       |
|         fadd_32ns_32ns_32_3_full_dsp_1_U2623                                             | 2    |        | v7428         | fadd  | fulldsp   | 2       |
|       + PE_kernel_YV_6_3_1219                                                            | 5    |        |               |       |           |         |
|         k304_2_fu_116_p2                                                                 |      |        | k304_2        | add   | fabric    | 0       |
|         fmul_32ns_32ns_32_2_max_dsp_1_U2673                                              | 3    |        | v7573         | fmul  | maxdsp    | 1       |
|         fadd_32ns_32ns_32_3_full_dsp_1_U2672                                             | 2    |        | v7575         | fadd  | fulldsp   | 2       |
|       + PE_kernel_YV_5_4_1226                                                            | 5    |        |               |       |           |         |
|         k311_2_fu_116_p2                                                                 |      |        | k311_2        | add   | fabric    | 0       |
|         fmul_32ns_32ns_32_2_max_dsp_1_U2722                                              | 3    |        | v7720         | fmul  | maxdsp    | 1       |
|         fadd_32ns_32ns_32_3_full_dsp_1_U2721                                             | 2    |        | v7722         | fadd  | fulldsp   | 2       |
|       + PE_kernel_YV_4_5_1233                                                            | 5    |        |               |       |           |         |
|         k318_2_fu_116_p2                                                                 |      |        | k318_2        | add   | fabric    | 0       |
|         fmul_32ns_32ns_32_2_max_dsp_1_U2771                                              | 3    |        | v7867         | fmul  | maxdsp    | 1       |
|         fadd_32ns_32ns_32_3_full_dsp_1_U2770                                             | 2    |        | v7869         | fadd  | fulldsp   | 2       |
|       + PE_kernel_YV_3_6_1240                                                            | 5    |        |               |       |           |         |
|         k325_2_fu_116_p2                                                                 |      |        | k325_2        | add   | fabric    | 0       |
|         fmul_32ns_32ns_32_2_max_dsp_1_U2820                                              | 3    |        | v8014         | fmul  | maxdsp    | 1       |
|         fadd_32ns_32ns_32_3_full_dsp_1_U2819                                             | 2    |        | v8016         | fadd  | fulldsp   | 2       |
|       + PE_kernel_YV_2_7_1247                                                            | 5    |        |               |       |           |         |
|         k332_2_fu_116_p2                                                                 |      |        | k332_2        | add   | fabric    | 0       |
|         fmul_32ns_32ns_32_2_max_dsp_1_U2869                                              | 3    |        | v8161         | fmul  | maxdsp    | 1       |
|         fadd_32ns_32ns_32_3_full_dsp_1_U2868                                             | 2    |        | v8163         | fadd  | fulldsp   | 2       |
|       + PE_kernel_YV_7_3_1220                                                            | 5    |        |               |       |           |         |
|         k305_2_fu_116_p2                                                                 |      |        | k305_2        | add   | fabric    | 0       |
|         fmul_32ns_32ns_32_2_max_dsp_1_U2680                                              | 3    |        | v7594         | fmul  | maxdsp    | 1       |
|         fadd_32ns_32ns_32_3_full_dsp_1_U2679                                             | 2    |        | v7596         | fadd  | fulldsp   | 2       |
|       + PE_kernel_YV_6_4_1227                                                            | 5    |        |               |       |           |         |
|         k312_2_fu_116_p2                                                                 |      |        | k312_2        | add   | fabric    | 0       |
|         fmul_32ns_32ns_32_2_max_dsp_1_U2729                                              | 3    |        | v7741         | fmul  | maxdsp    | 1       |
|         fadd_32ns_32ns_32_3_full_dsp_1_U2728                                             | 2    |        | v7743         | fadd  | fulldsp   | 2       |
|       + PE_kernel_YV_5_5_1234                                                            | 5    |        |               |       |           |         |
|         k319_2_fu_116_p2                                                                 |      |        | k319_2        | add   | fabric    | 0       |
|         fmul_32ns_32ns_32_2_max_dsp_1_U2778                                              | 3    |        | v7888         | fmul  | maxdsp    | 1       |
|         fadd_32ns_32ns_32_3_full_dsp_1_U2777                                             | 2    |        | v7890         | fadd  | fulldsp   | 2       |
|       + PE_kernel_YV_4_6_1241                                                            | 5    |        |               |       |           |         |
|         k326_2_fu_116_p2                                                                 |      |        | k326_2        | add   | fabric    | 0       |
|         fmul_32ns_32ns_32_2_max_dsp_1_U2827                                              | 3    |        | v8035         | fmul  | maxdsp    | 1       |
|         fadd_32ns_32ns_32_3_full_dsp_1_U2826                                             | 2    |        | v8037         | fadd  | fulldsp   | 2       |
|       + PE_kernel_YV_3_7_1248                                                            | 5    |        |               |       |           |         |
|         k333_2_fu_116_p2                                                                 |      |        | k333_2        | add   | fabric    | 0       |
|         fmul_32ns_32ns_32_2_max_dsp_1_U2876                                              | 3    |        | v8182         | fmul  | maxdsp    | 1       |
|         fadd_32ns_32ns_32_3_full_dsp_1_U2875                                             | 2    |        | v8184         | fadd  | fulldsp   | 2       |
|       + PE_kernel_YV_7_4_1228                                                            | 5    |        |               |       |           |         |
|         k313_2_fu_116_p2                                                                 |      |        | k313_2        | add   | fabric    | 0       |
|         fmul_32ns_32ns_32_2_max_dsp_1_U2736                                              | 3    |        | v7762         | fmul  | maxdsp    | 1       |
|         fadd_32ns_32ns_32_3_full_dsp_1_U2735                                             | 2    |        | v7764         | fadd  | fulldsp   | 2       |
|       + PE_kernel_YV_6_5_1235                                                            | 5    |        |               |       |           |         |
|         k320_2_fu_116_p2                                                                 |      |        | k320_2        | add   | fabric    | 0       |
|         fmul_32ns_32ns_32_2_max_dsp_1_U2785                                              | 3    |        | v7909         | fmul  | maxdsp    | 1       |
|         fadd_32ns_32ns_32_3_full_dsp_1_U2784                                             | 2    |        | v7911         | fadd  | fulldsp   | 2       |
|       + PE_kernel_YV_5_6_1242                                                            | 5    |        |               |       |           |         |
|         k327_2_fu_116_p2                                                                 |      |        | k327_2        | add   | fabric    | 0       |
|         fmul_32ns_32ns_32_2_max_dsp_1_U2834                                              | 3    |        | v8056         | fmul  | maxdsp    | 1       |
|         fadd_32ns_32ns_32_3_full_dsp_1_U2833                                             | 2    |        | v8058         | fadd  | fulldsp   | 2       |
|       + PE_kernel_YV_4_7_1249                                                            | 5    |        |               |       |           |         |
|         k334_2_fu_116_p2                                                                 |      |        | k334_2        | add   | fabric    | 0       |
|         fmul_32ns_32ns_32_2_max_dsp_1_U2883                                              | 3    |        | v8203         | fmul  | maxdsp    | 1       |
|         fadd_32ns_32ns_32_3_full_dsp_1_U2882                                             | 2    |        | v8205         | fadd  | fulldsp   | 2       |
|       + PE_kernel_YV_7_5_1236                                                            | 5    |        |               |       |           |         |
|         k321_2_fu_116_p2                                                                 |      |        | k321_2        | add   | fabric    | 0       |
|         fmul_32ns_32ns_32_2_max_dsp_1_U2792                                              | 3    |        | v7930         | fmul  | maxdsp    | 1       |
|         fadd_32ns_32ns_32_3_full_dsp_1_U2791                                             | 2    |        | v7932         | fadd  | fulldsp   | 2       |
|       + PE_kernel_YV_6_6_1243                                                            | 5    |        |               |       |           |         |
|         k328_2_fu_116_p2                                                                 |      |        | k328_2        | add   | fabric    | 0       |
|         fmul_32ns_32ns_32_2_max_dsp_1_U2841                                              | 3    |        | v8077         | fmul  | maxdsp    | 1       |
|         fadd_32ns_32ns_32_3_full_dsp_1_U2840                                             | 2    |        | v8079         | fadd  | fulldsp   | 2       |
|       + PE_kernel_YV_5_7_1250                                                            | 5    |        |               |       |           |         |
|         k335_2_fu_116_p2                                                                 |      |        | k335_2        | add   | fabric    | 0       |
|         fmul_32ns_32ns_32_2_max_dsp_1_U2890                                              | 3    |        | v8224         | fmul  | maxdsp    | 1       |
|         fadd_32ns_32ns_32_3_full_dsp_1_U2889                                             | 2    |        | v8226         | fadd  | fulldsp   | 2       |
|       + PE_kernel_YV_7_6_1244                                                            | 5    |        |               |       |           |         |
|         k329_2_fu_116_p2                                                                 |      |        | k329_2        | add   | fabric    | 0       |
|         fmul_32ns_32ns_32_2_max_dsp_1_U2848                                              | 3    |        | v8098         | fmul  | maxdsp    | 1       |
|         fadd_32ns_32ns_32_3_full_dsp_1_U2847                                             | 2    |        | v8100         | fadd  | fulldsp   | 2       |
|       + PE_kernel_YV_6_7_1251                                                            | 5    |        |               |       |           |         |
|         k336_2_fu_116_p2                                                                 |      |        | k336_2        | add   | fabric    | 0       |
|         fmul_32ns_32ns_32_2_max_dsp_1_U2897                                              | 3    |        | v8245         | fmul  | maxdsp    | 1       |
|         fadd_32ns_32ns_32_3_full_dsp_1_U2896                                             | 2    |        | v8247         | fadd  | fulldsp   | 2       |
|       + PE_kernel_YV_7_7_1252                                                            | 5    |        |               |       |           |         |
|         k337_2_fu_116_p2                                                                 |      |        | k337_2        | add   | fabric    | 0       |
|         fmul_32ns_32ns_32_2_max_dsp_1_U2904                                              | 3    |        | v8266         | fmul  | maxdsp    | 1       |
|         fadd_32ns_32ns_32_3_full_dsp_1_U2903                                             | 2    |        | v8268         | fadd  | fulldsp   | 2       |
|       + systolic_tile_YV_Loop_l_data_drain_k339_proc38253                                | 0    |        |               |       |           |         |
|         k339_2_fu_176_p2                                                                 |      |        | k339_2        | add   | fabric    | 0       |
|      + dataflow_in_loop_l_ni5_Loop_l_store_C_tile_sj5_proc55                             | 0    |        |               |       |           |         |
|       + dataflow_in_loop_l_ni5_Loop_l_store_C_tile_sj5_proc55_Pipeline_l_store_C_tile_sj | 0    |        |               |       |           |         |
|         add_ln15556_1_fu_643_p2                                                          |      |        | add_ln15556_1 | add   | fabric    | 0       |
|         add_ln15556_fu_655_p2                                                            |      |        | add_ln15556   | add   | fabric    | 0       |
|         empty_fu_691_p2                                                                  |      |        | empty         | add   | fabric    | 0       |
|         add_ln15560_fu_1070_p2                                                           |      |        | add_ln15560   | add   | fabric    | 0       |
|         add_ln15560_1_fu_1084_p2                                                         |      |        | add_ln15560_1 | add   | fabric    | 0       |
|         add_ln15557_fu_1095_p2                                                           |      |        | add_ln15557   | add   | fabric    | 0       |
|   + scaled_dot_product_attention_Pipeline_l_mha_merge_i17_l_j15                          | 0    |        |               |       |           |         |
|     add_ln15627_1_fu_131_p2                                                              |      |        | add_ln15627_1 | add   | fabric    | 0       |
|     add_ln15627_fu_143_p2                                                                |      |        | add_ln15627   | add   | fabric    | 0       |
|     add_ln15629_fu_187_p2                                                                |      |        | add_ln15629   | add   | fabric    | 0       |
|     add_ln15630_fu_202_p2                                                                |      |        | add_ln15630   | add   | fabric    | 0       |
|     add_ln15628_fu_207_p2                                                                |      |        | add_ln15628   | add   | fabric    | 0       |
|  + allo_DDitBlock_Pipeline_VITIS_LOOP_25289_33_VITIS_LOOP_25290_34                       | 0    |        |               |       |           |         |
|    add_ln25289_1_fu_106_p2                                                               |      |        | add_ln25289_1 | add   | fabric    | 0       |
|    add_ln25289_fu_118_p2                                                                 |      |        | add_ln25289   | add   | fabric    | 0       |
|    add_ln25291_fu_162_p2                                                                 |      |        | add_ln25291   | add   | fabric    | 0       |
|    add_ln25290_fu_173_p2                                                                 |      |        | add_ln25290   | add   | fabric    | 0       |
|  + allo_DDitBlock_Pipeline_VITIS_LOOP_25296_35_VITIS_LOOP_25297_36                       | 0    |        |               |       |           |         |
|    add_ln25296_1_fu_122_p2                                                               |      |        | add_ln25296_1 | add   | fabric    | 0       |
|    add_ln25296_fu_134_p2                                                                 |      |        | add_ln25296   | add   | fabric    | 0       |
|    add_ln25298_fu_178_p2                                                                 |      |        | add_ln25298   | add   | fabric    | 0       |
|    add_ln25297_fu_189_p2                                                                 |      |        | add_ln25297   | add   | fabric    | 0       |
|  + allo_DDitBlock_Pipeline_l_scale_i18_l_j16                                             | 0    |        |               |       |           |         |
|    add_ln18612_2_fu_123_p2                                                               |      |        | add_ln18612_2 | add   | fabric    | 0       |
|    add_ln18612_fu_135_p2                                                                 |      |        | add_ln18612   | add   | fabric    | 0       |
|    add_ln18614_fu_179_p2                                                                 |      |        | add_ln18614   | add   | fabric    | 0       |
|    add_ln18613_fu_190_p2                                                                 |      |        | add_ln18613   | add   | fabric    | 0       |
|  + allo_DDitBlock_Pipeline_VITIS_LOOP_25315_39_VITIS_LOOP_25316_40                       | 0    |        |               |       |           |         |
|    add_ln25315_1_fu_106_p2                                                               |      |        | add_ln25315_1 | add   | fabric    | 0       |
|    add_ln25315_fu_118_p2                                                                 |      |        | add_ln25315   | add   | fabric    | 0       |
|    add_ln25317_fu_162_p2                                                                 |      |        | add_ln25317   | add   | fabric    | 0       |
|    add_ln25316_fu_173_p2                                                                 |      |        | add_ln25316   | add   | fabric    | 0       |
|  + allo_DDitBlock_Pipeline_l_res_add_i19_l_j17                                           | 0    |        |               |       |           |         |
|    add_ln18621_2_fu_137_p2                                                               |      |        | add_ln18621_2 | add   | fabric    | 0       |
|    add_ln18621_fu_149_p2                                                                 |      |        | add_ln18621   | add   | fabric    | 0       |
|    add_ln18624_fu_193_p2                                                                 |      |        | add_ln18624   | add   | fabric    | 0       |
|    add_ln18622_fu_205_p2                                                                 |      |        | add_ln18622   | add   | fabric    | 0       |
|  + allo_DDitBlock_Pipeline_VITIS_LOOP_25304_37_VITIS_LOOP_25305_38                       | 0    |        |               |       |           |         |
|    add_ln25304_1_fu_119_p2                                                               |      |        | add_ln25304_1 | add   | fabric    | 0       |
|    add_ln25304_fu_131_p2                                                                 |      |        | add_ln25304   | add   | fabric    | 0       |
|    add_ln25306_fu_175_p2                                                                 |      |        | add_ln25306   | add   | fabric    | 0       |
|    add_ln25305_fu_186_p2                                                                 |      |        | add_ln25305   | add   | fabric    | 0       |
|  + allo_DDitBlock_Pipeline_l_m_fused_i5_l_j332                                           | 0    |        |               |       |           |         |
|    add_ln545_fu_148_p2                                                                   |      |        | add_ln545     | add   | fabric    | 0       |
|    add_ln545_1_fu_195_p2                                                                 |      |        | add_ln545_1   | add   | fabric    | 0       |
|    add_ln547_fu_223_p2                                                                   |      |        | add_ln547     | add   | fabric    | 0       |
|    add_ln546_fu_176_p2                                                                   |      |        | add_ln546     | add   | fabric    | 0       |
|  + allo_DDitBlock_Pipeline_l_S_i_j_0_i20_l_j18                                           | 0    |        |               |       |           |         |
|    add_ln21605_2_fu_137_p2                                                               |      |        | add_ln21605_2 | add   | fabric    | 0       |
|    add_ln21605_fu_149_p2                                                                 |      |        | add_ln21605   | add   | fabric    | 0       |
|    add_ln21610_fu_198_p2                                                                 |      |        | add_ln21610   | add   | fabric    | 0       |
|    add_ln21606_fu_209_p2                                                                 |      |        | add_ln21606   | add   | fabric    | 0       |
|  + allo_DDitBlock_Pipeline_VITIS_LOOP_25328_42_VITIS_LOOP_25329_43                       | 0    |        |               |       |           |         |
|    add_ln25328_1_fu_106_p2                                                               |      |        | add_ln25328_1 | add   | fabric    | 0       |
|    add_ln25328_fu_118_p2                                                                 |      |        | add_ln25328   | add   | fabric    | 0       |
|    add_ln25330_fu_162_p2                                                                 |      |        | add_ln25330   | add   | fabric    | 0       |
|    add_ln25329_fu_173_p2                                                                 |      |        | add_ln25329   | add   | fabric    | 0       |
|  + allo_DDitBlock_Pipeline_l_gelu_i21_l_j19                                              | 148  |        |               |       |           |         |
|    add_ln21619_1_fu_250_p2                                                               |      |        | add_ln21619_1 | add   | fabric    | 0       |
|    add_ln21619_fu_262_p2                                                                 |      |        | add_ln21619   | add   | fabric    | 0       |
|    add_ln21621_fu_306_p2                                                                 |      |        | add_ln21621   | add   | fabric    | 0       |
|    dmul_64ns_64ns_64_4_max_dsp_1_U3556                                                   | 8    |        | mul10_i       | dmul  | maxdsp    | 3       |
|    dmul_64ns_64ns_64_4_max_dsp_1_U3557                                                   | 8    |        | mul13_i       | dmul  | maxdsp    | 3       |
|    fmul_32ns_32ns_32_2_max_dsp_1_U3549                                                   | 3    |        | v11901        | fmul  | maxdsp    | 1       |
|    add_ln21620_fu_317_p2                                                                 |      |        | add_ln21620   | add   | fabric    | 0       |
|   + pow_generic_double_s                                                                 | 91   |        |               |       |           |         |
|     b_exp_fu_1272_p2                                                                     |      |        | b_exp         | add   | fabric    | 0       |
|     b_exp_1_fu_1294_p2                                                                   |      |        | b_exp_1       | add   | fabric    | 0       |
|     mul_12s_80ns_90_1_1_U3480                                                            | 5    |        | Elog2         | mul   | auto      | 0       |
|     mul_54s_6ns_54_1_1_U3486                                                             | 3    |        | mul_ln516     | mul   | auto      | 0       |
|     mul_71ns_4ns_75_1_1_U3490                                                            |      |        | mul_ln44      | mul   | auto      | 0       |
|     mul_6ns_73ns_79_1_1_U3475                                                            | 4    |        | mul_ln44_1    | mul   | auto      | 0       |
|     mul_83ns_6ns_89_1_1_U3489                                                            | 5    |        | mul_ln44_2    | mul   | auto      | 0       |
|     mul_6ns_92ns_98_1_1_U3479                                                            | 5    |        | mul_ln44_3    | mul   | auto      | 0       |
|     mul_6ns_87ns_93_1_1_U3478                                                            | 5    |        | mul_ln44_4    | mul   | auto      | 0       |
|     mul_6ns_82ns_88_1_1_U3477                                                            | 5    |        | mul_ln44_5    | mul   | auto      | 0       |
|     mul_6ns_77ns_83_1_1_U3476                                                            | 4    |        | mul_ln44_6    | mul   | auto      | 0       |
|     add_ln209_1_fu_1447_p2                                                               |      |        | add_ln209_1   | add   | fabric    | 0       |
|     add_ln209_4_fu_1469_p2                                                               |      |        | add_ln209_4   | add   | fabric    | 0       |
|     mul_40ns_40ns_80_1_1_U3482                                                           | 5    |        | mul_ln522     | mul   | auto      | 0       |
|     sub_ln522_fu_1525_p2                                                                 |      |        | sub_ln522     | sub   | fabric    | 0       |
|     add_ln525_1_fu_1563_p2                                                               |      |        | add_ln525_1   | add   | fabric    | 0       |
|     mul_77s_54ns_130_1_1_U3487                                                           | 13   |        | m_frac_l      | mul   | auto      | 0       |
|     mul_77s_55ns_130_1_1_U3488                                                           | 13   |        | m_fix_l       | mul   | auto      | 0       |
|     mac_muladd_16s_15ns_19s_31_4_1_U3491                                                 | 1    |        | mul_ln563     | mul   | dsp_slice | 3       |
|     mac_muladd_16s_15ns_19s_31_4_1_U3491                                                 | 1    |        | add_ln563     | add   | dsp_slice | 3       |
|     add_ln563_1_fu_1680_p2                                                               |      |        | add_ln563_1   | add   | fabric    | 0       |
|     mul_13s_71s_71_1_1_U3481                                                             | 4    |        | mul_ln568     | mul   | auto      | 0       |
|     m_diff_fu_1716_p2                                                                    |      |        | m_diff        | sub   | fabric    | 0       |
|     exp_Z4_m_1_fu_1796_p2                                                                |      |        | exp_Z4_m_1    | add   | fabric    | 0       |
|     mul_43ns_36ns_79_1_1_U3483                                                           | 4    |        | mul_ln258     | mul   | auto      | 0       |
|     mul_49ns_44ns_93_1_1_U3484                                                           | 6    |        | mul_ln277     | mul   | auto      | 0       |
|     add_ln616_fu_2010_p2                                                                 |      |        | add_ln616     | add   | fabric    | 0       |
|     mul_50ns_50ns_100_1_1_U3485                                                          | 9    |        | mul_ln616     | mul   | auto      | 0       |
|     add_ln616_1_fu_2035_p2                                                               |      |        | add_ln616_1   | add   | fabric    | 0       |
|     r_exp_1_fu_2049_p2                                                                   |      |        | r_exp_1       | add   | fabric    | 0       |
|     out_exp_fu_2120_p2                                                                   |      |        | out_exp       | add   | fabric    | 0       |
|   + generic_tanh_float_s                                                                 | 38   |        |               |       |           |         |
|     faddfsub_32ns_32ns_32_3_full_dsp_1_x_U3528                                           | 2    |        | x             | fsub  | fulldsp   | 2       |
|     fadd_32ns_32ns_32_3_full_dsp_1_x_U3529                                               | 2    |        | x_1           | fadd  | fulldsp   | 2       |
|     dadd_64ns_64ns_64_3_full_dsp_1_x_U3537                                               | 3    |        | sub_i         | dadd  | fulldsp   | 2       |
|     fadd_32ns_32ns_32_3_full_dsp_1_x_U3530                                               | 2    |        | add2          | fadd  | fulldsp   | 2       |
|     fdiv_32ns_32ns_32_6_no_dsp_1_x_U3533                                                 |      |        | div           | fdiv  | fabric    | 5       |
|     fsub_32ns_32ns_32_3_full_dsp_1_U3531                                                 | 2    |        | resultf_2     | fsub  | fulldsp   | 2       |
|     fdiv_32ns_32ns_32_6_no_dsp_1_x_U3533                                                 |      |        | resultf_1     | fdiv  | fabric    | 5       |
|     faddfsub_32ns_32ns_32_3_full_dsp_1_x_U3528                                           | 2    |        | add           | fsub  | fulldsp   | 2       |
|     fmul_32ns_32ns_32_2_max_dsp_1_x_U3532                                                | 3    |        | resultf       | fmul  | maxdsp    | 1       |
|    + exp_generic_double_s                                                                | 24   |        |               |       |           |         |
|      m_exp_fu_312_p2                                                                     |      |        | m_exp         | add   | fabric    | 0       |
|      e_frac_1_fu_330_p2                                                                  |      |        | e_frac_1      | sub   | fabric    | 0       |
|      sub_ln229_fu_364_p2                                                                 |      |        | sub_ln229     | sub   | fabric    | 0       |
|      mac_muladd_16s_15ns_19s_31_4_1_U3526                                                | 1    |        | mul_ln243     | mul   | dsp_slice | 3       |
|      mac_muladd_16s_15ns_19s_31_4_1_U3526                                                | 1    |        | add_ln243     | add   | dsp_slice | 3       |
|      add_ln243_1_fu_526_p2                                                               |      |        | add_ln243_1   | add   | fabric    | 0       |
|      mul_13s_71s_71_1_1_U3522                                                            | 4    |        | mul_ln249     | mul   | auto      | 0       |
|      m_diff_fu_570_p2                                                                    |      |        | m_diff        | sub   | fabric    | 0       |
|      exp_Z4_m_1_fu_650_p2                                                                |      |        | exp_Z4_m_1    | add   | fabric    | 0       |
|      mul_43ns_36ns_79_1_1_U3523                                                          | 4    |        | mul_ln123     | mul   | auto      | 0       |
|      mul_49ns_44ns_93_1_1_U3524                                                          | 6    |        | mul_ln142     | mul   | auto      | 0       |
|      add_ln297_fu_852_p2                                                                 |      |        | add_ln297     | add   | fabric    | 0       |
|      mul_50ns_50ns_100_1_1_U3525                                                         | 9    |        | mul_ln297     | mul   | auto      | 0       |
|      add_ln297_1_fu_877_p2                                                               |      |        | add_ln297_1   | add   | fabric    | 0       |
|      r_exp_3_fu_891_p2                                                                   |      |        | r_exp_3       | add   | fabric    | 0       |
|      out_exp_fu_949_p2                                                                   |      |        | out_exp       | add   | fabric    | 0       |
|  + allo_DDitBlock_Pipeline_VITIS_LOOP_25336_44                                           | 0    |        |               |       |           |         |
|    add_ln25336_fu_78_p2                                                                  |      |        | add_ln25336   | add   | fabric    | 0       |
|  + allo_DDitBlock_Pipeline_l_S_i_j_0_i20_l_j1833                                         | 0    |        |               |       |           |         |
|    add_ln21605_fu_137_p2                                                                 |      |        | add_ln21605   | add   | fabric    | 0       |
|    add_ln21605_1_fu_149_p2                                                               |      |        | add_ln21605_1 | add   | fabric    | 0       |
|    add_ln21607_fu_198_p2                                                                 |      |        | add_ln21607   | add   | fabric    | 0       |
|    add_ln21606_fu_209_p2                                                                 |      |        | add_ln21606   | add   | fabric    | 0       |
|  + allo_DDitBlock_Pipeline_l_scale_i18_l_j1634                                           | 0    |        |               |       |           |         |
|    add_ln18612_fu_123_p2                                                                 |      |        | add_ln18612   | add   | fabric    | 0       |
|    add_ln18612_1_fu_135_p2                                                               |      |        | add_ln18612_1 | add   | fabric    | 0       |
|    add_ln18614_fu_179_p2                                                                 |      |        | add_ln18614   | add   | fabric    | 0       |
|    add_ln18613_fu_190_p2                                                                 |      |        | add_ln18613   | add   | fabric    | 0       |
|  + allo_DDitBlock_Pipeline_l_res_add_i19_l_j1735                                         | 0    |        |               |       |           |         |
|    add_ln18621_fu_137_p2                                                                 |      |        | add_ln18621   | add   | fabric    | 0       |
|    add_ln18621_1_fu_149_p2                                                               |      |        | add_ln18621_1 | add   | fabric    | 0       |
|    add_ln18624_fu_193_p2                                                                 |      |        | add_ln18624   | add   | fabric    | 0       |
|    add_ln18622_fu_205_p2                                                                 |      |        | add_ln18622   | add   | fabric    | 0       |
|  + allo_DDitBlock_Pipeline_VITIS_LOOP_25343_45_VITIS_LOOP_25344_46                       | 0    |        |               |       |           |         |
|    add_ln25343_1_fu_118_p2                                                               |      |        | add_ln25343_1 | add   | fabric    | 0       |
|    add_ln25343_fu_130_p2                                                                 |      |        | add_ln25343   | add   | fabric    | 0       |
|    add_ln25345_fu_174_p2                                                                 |      |        | add_ln25345   | add   | fabric    | 0       |
|    add_ln25344_fu_185_p2                                                                 |      |        | add_ln25344   | add   | fabric    | 0       |
+------------------------------------------------------------------------------------------+------+--------+---------------+-------+-----------+---------+


================================================================
== Storage Report
================================================================
+-----------------------------------------------------------------------------+----------------+-------------+------+------+--------+-----------------------------------------------------------------------+------+---------+------------------+
| Name                                                                        | Usage          | Type        | BRAM | URAM | Pragma | Variable                                                              | Impl | Latency | Bitwidth, Depth, |
|                                                                             |                |             |      |      |        |                                                                       |      |         | Banks            |
+-----------------------------------------------------------------------------+----------------+-------------+------+------+--------+-----------------------------------------------------------------------+------+---------+------------------+
| + allo_DDitBlock                                                            |                |             | 1532 | 768  |        |                                                                       |      |         |                  |
|   buffer_x_U                                                                | ram_2p array   |             |      | 128  | yes    | buffer_x                                                              | uram | 1       | 32, 524288, 1    |
|   buffer_w_U                                                                | ram_1p array   |             | 512  |      |        | buffer_w                                                              | auto | 1       | 32, 262144, 1    |
|   buffer_Q_U                                                                | ram_2p array   |             |      | 128  | yes    | buffer_Q                                                              | uram | 1       | 32, 524288, 1    |
|   buffer_K_U                                                                | ram_2p array   |             |      | 128  | yes    | buffer_K                                                              | uram | 1       | 32, 524288, 1    |
|   buffer_V_U                                                                | ram_2p array   |             |      | 128  | yes    | buffer_V                                                              | uram | 1       | 32, 524288, 1    |
|   buffer0_U                                                                 | ram_1p array   |             | 1    |      |        | buffer0                                                               | auto | 1       | 32, 512, 1       |
|   buffer1_U                                                                 | ram_1p array   |             | 1    |      |        | buffer1                                                               | auto | 1       | 32, 512, 1       |
|   buffer2_U                                                                 | ram_1p array   |             | 1    |      |        | buffer2                                                               | auto | 1       | 32, 512, 1       |
|   buffer3_U                                                                 | ram_1p array   |             | 1    |      |        | buffer3                                                               | auto | 1       | 32, 512, 1       |
|   buffer4_U                                                                 | ram_1p array   |             | 1    |      |        | buffer4                                                               | auto | 1       | 32, 512, 1       |
|   buffer5_U                                                                 | ram_1p array   |             | 1    |      |        | buffer5                                                               | auto | 1       | 32, 512, 1       |
|   adaLN_weight_U                                                            | ram_1p array   |             | 128  |      |        | adaLN_weight                                                          | auto | 1       | 32, 65536, 1     |
|   adaLN_bias_U                                                              | ram_1p array   |             | 1    |      |        | adaLN_bias                                                            | auto | 1       | 32, 512, 1       |
|   buffer_c_0_U                                                              | ram_1p array   |             |      |      |        | buffer_c_0                                                            | auto | 1       | 32, 128, 1       |
|   buffer_sin_U                                                              | ram_1p array   |             | 64   |      |        | buffer_sin                                                            | auto | 1       | 32, 32768, 1     |
|   buffer_cos_U                                                              | ram_1p array   |             | 64   |      |        | buffer_cos                                                            | auto | 1       | 32, 32768, 1     |
|  + adaLN_modulate                                                           |                |             | 1    | 0    |        |                                                                       |      |         |                  |
|    local_A_0_U                                                              | ram_1p array   |             |      |      |        | local_A_0                                                             | auto | 1       | 32, 128, 1       |
|    local_B_U                                                                | ram_1p array   |             |      |      |        | local_B                                                               | auto | 1       | 32, 128, 1       |
|    local_B_1_U                                                              | ram_1p array   |             |      |      |        | local_B_1                                                             | auto | 1       | 32, 128, 1       |
|    local_B_2_U                                                              | ram_1p array   |             |      |      |        | local_B_2                                                             | auto | 1       | 32, 128, 1       |
|    local_B_3_U                                                              | ram_1p array   |             |      |      |        | local_B_3                                                             | auto | 1       | 32, 128, 1       |
|    local_B_4_U                                                              | ram_1p array   |             |      |      |        | local_B_4                                                             | auto | 1       | 32, 128, 1       |
|    local_B_5_U                                                              | ram_1p array   |             |      |      |        | local_B_5                                                             | auto | 1       | 32, 128, 1       |
|    local_B_6_U                                                              | ram_1p array   |             |      |      |        | local_B_6                                                             | auto | 1       | 32, 128, 1       |
|    local_B_7_U                                                              | ram_1p array   |             |      |      |        | local_B_7                                                             | auto | 1       | 32, 128, 1       |
|    Y_0_U                                                                    | ram_s2p array  |             | 1    |      |        | Y_0                                                                   | auto | 1       | 32, 512, 1       |
|   + systolic_tile_modulate                                                  |                |             | 0    | 0    |        |                                                                       |      |         |                  |
|     A_fifo_U                                                                | fifo channel   | stream      |      |      |        | A_fifo                                                                | srl  | 0       | 32, 2, 1         |
|     B_fifo_U                                                                | fifo channel   | stream      |      |      |        | B_fifo                                                                | srl  | 0       | 32, 9, 1         |
|     B_fifo_2_U                                                              | fifo channel   | stream      |      |      |        | B_fifo_2                                                              | srl  | 0       | 32, 9, 1         |
|     B_fifo_4_U                                                              | fifo channel   | stream      |      |      |        | B_fifo_4                                                              | srl  | 0       | 32, 9, 1         |
|     B_fifo_6_U                                                              | fifo channel   | stream      |      |      |        | B_fifo_6                                                              | srl  | 0       | 32, 9, 1         |
|     B_fifo_8_U                                                              | fifo channel   | stream      |      |      |        | B_fifo_8                                                              | srl  | 0       | 32, 9, 1         |
|     B_fifo_10_U                                                             | fifo channel   | stream      |      |      |        | B_fifo_10                                                             | srl  | 0       | 32, 9, 1         |
|     B_fifo_12_U                                                             | fifo channel   | stream      |      |      |        | B_fifo_12                                                             | srl  | 0       | 32, 9, 1         |
|     B_fifo_14_U                                                             | fifo channel   | stream      |      |      |        | B_fifo_14                                                             | srl  | 0       | 32, 9, 1         |
|     A_fifo_1_U                                                              | fifo channel   | stream      |      |      |        | A_fifo_1                                                              | srl  | 0       | 32, 2, 1         |
|     B_fifo_1_U                                                              | fifo channel   | stream      |      |      |        | B_fifo_1                                                              | srl  | 0       | 32, 9, 1         |
|     A_fifo_2_U                                                              | fifo channel   | stream      |      |      |        | A_fifo_2                                                              | srl  | 0       | 32, 2, 1         |
|     B_fifo_3_U                                                              | fifo channel   | stream      |      |      |        | B_fifo_3                                                              | srl  | 0       | 32, 9, 1         |
|     A_fifo_3_U                                                              | fifo channel   | stream      |      |      |        | A_fifo_3                                                              | srl  | 0       | 32, 2, 1         |
|     B_fifo_5_U                                                              | fifo channel   | stream      |      |      |        | B_fifo_5                                                              | srl  | 0       | 32, 9, 1         |
|     A_fifo_4_U                                                              | fifo channel   | stream      |      |      |        | A_fifo_4                                                              | srl  | 0       | 32, 2, 1         |
|     B_fifo_7_U                                                              | fifo channel   | stream      |      |      |        | B_fifo_7                                                              | srl  | 0       | 32, 9, 1         |
|     A_fifo_5_U                                                              | fifo channel   | stream      |      |      |        | A_fifo_5                                                              | srl  | 0       | 32, 2, 1         |
|     B_fifo_9_U                                                              | fifo channel   | stream      |      |      |        | B_fifo_9                                                              | srl  | 0       | 32, 9, 1         |
|     A_fifo_6_U                                                              | fifo channel   | stream      |      |      |        | A_fifo_6                                                              | srl  | 0       | 32, 2, 1         |
|     B_fifo_11_U                                                             | fifo channel   | stream      |      |      |        | B_fifo_11                                                             | srl  | 0       | 32, 9, 1         |
|     A_fifo_7_U                                                              | fifo channel   | stream      |      |      |        | A_fifo_7                                                              | srl  | 0       | 32, 2, 1         |
|     B_fifo_13_U                                                             | fifo channel   | stream      |      |      |        | B_fifo_13                                                             | srl  | 0       | 32, 9, 1         |
|     A_fifo_8_U                                                              | fifo channel   | stream      |      |      |        | A_fifo_8                                                              | srl  | 0       | 32, 2, 1         |
|     B_fifo_15_U                                                             | fifo channel   | stream      |      |      |        | B_fifo_15                                                             | srl  | 0       | 32, 9, 1         |
|  + layer_norm                                                               |                |             | 6    | 0    |        |                                                                       |      |         |                  |
|    mean_U                                                                   | ram_s2p array  |             | 2    |      |        | mean                                                                  | auto | 1       | 32, 1024, 1      |
|    mean2_U                                                                  | ram_s2p array  |             | 2    |      |        | mean2                                                                 | auto | 1       | 32, 1024, 1      |
|    var_U                                                                    | ram_1p array   |             | 2    |      |        | var                                                                   | auto | 1       | 32, 1024, 1      |
|  + systolic_Q                                                               |                |             | 32   | 0    |        |                                                                       |      |         |                  |
|   + dataflow_parent_loop_proc43                                             |                |             | 32   | 0    |        |                                                                       |      |         |                  |
|    + dataflow_in_loop_l_ni1                                                 |                |             | 32   | 0    |        |                                                                       |      |         |                  |
|      local_A1_U                                                             | ram_1p channel | pipo        | 2    |      |        | local_A1                                                              | auto | 1       | 32, 512, 2       |
|      local_A1_1_U                                                           | ram_1p channel | pipo        | 2    |      |        | local_A1_1                                                            | auto | 1       | 32, 512, 2       |
|      local_A1_2_U                                                           | ram_1p channel | pipo        | 2    |      |        | local_A1_2                                                            | auto | 1       | 32, 512, 2       |
|      local_A1_3_U                                                           | ram_1p channel | pipo        | 2    |      |        | local_A1_3                                                            | auto | 1       | 32, 512, 2       |
|      local_A1_4_U                                                           | ram_1p channel | pipo        | 2    |      |        | local_A1_4                                                            | auto | 1       | 32, 512, 2       |
|      local_A1_5_U                                                           | ram_1p channel | pipo        | 2    |      |        | local_A1_5                                                            | auto | 1       | 32, 512, 2       |
|      local_A1_6_U                                                           | ram_1p channel | pipo        | 2    |      |        | local_A1_6                                                            | auto | 1       | 32, 512, 2       |
|      local_A1_7_U                                                           | ram_1p channel | pipo        | 2    |      |        | local_A1_7                                                            | auto | 1       | 32, 512, 2       |
|      ni1_c_i_U                                                              | fifo channel   | scalar prop |      |      |        | ni1_c_i                                                               | srl  | 0       | 6, 3, 1          |
|      mi1_c_i_U                                                              | fifo channel   | scalar prop |      |      |        | mi1_c_i                                                               | srl  | 0       | 7, 3, 1          |
|      local_B1_U                                                             | ram_1p channel | pipo        | 2    |      |        | local_B1                                                              | auto | 1       | 32, 512, 2       |
|      local_B1_1_U                                                           | ram_1p channel | pipo        | 2    |      |        | local_B1_1                                                            | auto | 1       | 32, 512, 2       |
|      local_B1_2_U                                                           | ram_1p channel | pipo        | 2    |      |        | local_B1_2                                                            | auto | 1       | 32, 512, 2       |
|      local_B1_3_U                                                           | ram_1p channel | pipo        | 2    |      |        | local_B1_3                                                            | auto | 1       | 32, 512, 2       |
|      local_B1_4_U                                                           | ram_1p channel | pipo        | 2    |      |        | local_B1_4                                                            | auto | 1       | 32, 512, 2       |
|      local_B1_5_U                                                           | ram_1p channel | pipo        | 2    |      |        | local_B1_5                                                            | auto | 1       | 32, 512, 2       |
|      local_B1_6_U                                                           | ram_1p channel | pipo        | 2    |      |        | local_B1_6                                                            | auto | 1       | 32, 512, 2       |
|      local_B1_7_U                                                           | ram_1p channel | pipo        | 2    |      |        | local_B1_7                                                            | auto | 1       | 32, 512, 2       |
|      local_C1_63_U                                                          | fifo channel   | task level  |      |      |        | local_C1_63                                                           | srl  | 0       | 32, 2, 1         |
|      local_C1_62_U                                                          | fifo channel   | task level  |      |      |        | local_C1_62                                                           | srl  | 0       | 32, 2, 1         |
|      local_C1_61_U                                                          | fifo channel   | task level  |      |      |        | local_C1_61                                                           | srl  | 0       | 32, 2, 1         |
|      local_C1_60_U                                                          | fifo channel   | task level  |      |      |        | local_C1_60                                                           | srl  | 0       | 32, 2, 1         |
|      local_C1_59_U                                                          | fifo channel   | task level  |      |      |        | local_C1_59                                                           | srl  | 0       | 32, 2, 1         |
|      local_C1_58_U                                                          | fifo channel   | task level  |      |      |        | local_C1_58                                                           | srl  | 0       | 32, 2, 1         |
|      local_C1_57_U                                                          | fifo channel   | task level  |      |      |        | local_C1_57                                                           | srl  | 0       | 32, 2, 1         |
|      local_C1_56_U                                                          | fifo channel   | task level  |      |      |        | local_C1_56                                                           | srl  | 0       | 32, 2, 1         |
|      local_C1_55_U                                                          | fifo channel   | task level  |      |      |        | local_C1_55                                                           | srl  | 0       | 32, 2, 1         |
|      local_C1_54_U                                                          | fifo channel   | task level  |      |      |        | local_C1_54                                                           | srl  | 0       | 32, 2, 1         |
|      local_C1_53_U                                                          | fifo channel   | task level  |      |      |        | local_C1_53                                                           | srl  | 0       | 32, 2, 1         |
|      local_C1_52_U                                                          | fifo channel   | task level  |      |      |        | local_C1_52                                                           | srl  | 0       | 32, 2, 1         |
|      local_C1_51_U                                                          | fifo channel   | task level  |      |      |        | local_C1_51                                                           | srl  | 0       | 32, 2, 1         |
|      local_C1_50_U                                                          | fifo channel   | task level  |      |      |        | local_C1_50                                                           | srl  | 0       | 32, 2, 1         |
|      local_C1_49_U                                                          | fifo channel   | task level  |      |      |        | local_C1_49                                                           | srl  | 0       | 32, 2, 1         |
|      local_C1_48_U                                                          | fifo channel   | task level  |      |      |        | local_C1_48                                                           | srl  | 0       | 32, 2, 1         |
|      local_C1_47_U                                                          | fifo channel   | task level  |      |      |        | local_C1_47                                                           | srl  | 0       | 32, 2, 1         |
|      local_C1_46_U                                                          | fifo channel   | task level  |      |      |        | local_C1_46                                                           | srl  | 0       | 32, 2, 1         |
|      local_C1_45_U                                                          | fifo channel   | task level  |      |      |        | local_C1_45                                                           | srl  | 0       | 32, 2, 1         |
|      local_C1_44_U                                                          | fifo channel   | task level  |      |      |        | local_C1_44                                                           | srl  | 0       | 32, 2, 1         |
|      local_C1_43_U                                                          | fifo channel   | task level  |      |      |        | local_C1_43                                                           | srl  | 0       | 32, 2, 1         |
|      local_C1_42_U                                                          | fifo channel   | task level  |      |      |        | local_C1_42                                                           | srl  | 0       | 32, 2, 1         |
|      local_C1_41_U                                                          | fifo channel   | task level  |      |      |        | local_C1_41                                                           | srl  | 0       | 32, 2, 1         |
|      local_C1_40_U                                                          | fifo channel   | task level  |      |      |        | local_C1_40                                                           | srl  | 0       | 32, 2, 1         |
|      local_C1_39_U                                                          | fifo channel   | task level  |      |      |        | local_C1_39                                                           | srl  | 0       | 32, 2, 1         |
|      local_C1_38_U                                                          | fifo channel   | task level  |      |      |        | local_C1_38                                                           | srl  | 0       | 32, 2, 1         |
|      local_C1_37_U                                                          | fifo channel   | task level  |      |      |        | local_C1_37                                                           | srl  | 0       | 32, 2, 1         |
|      local_C1_36_U                                                          | fifo channel   | task level  |      |      |        | local_C1_36                                                           | srl  | 0       | 32, 2, 1         |
|      local_C1_35_U                                                          | fifo channel   | task level  |      |      |        | local_C1_35                                                           | srl  | 0       | 32, 2, 1         |
|      local_C1_34_U                                                          | fifo channel   | task level  |      |      |        | local_C1_34                                                           | srl  | 0       | 32, 2, 1         |
|      local_C1_33_U                                                          | fifo channel   | task level  |      |      |        | local_C1_33                                                           | srl  | 0       | 32, 2, 1         |
|      local_C1_32_U                                                          | fifo channel   | task level  |      |      |        | local_C1_32                                                           | srl  | 0       | 32, 2, 1         |
|      local_C1_31_U                                                          | fifo channel   | task level  |      |      |        | local_C1_31                                                           | srl  | 0       | 32, 2, 1         |
|      local_C1_30_U                                                          | fifo channel   | task level  |      |      |        | local_C1_30                                                           | srl  | 0       | 32, 2, 1         |
|      local_C1_29_U                                                          | fifo channel   | task level  |      |      |        | local_C1_29                                                           | srl  | 0       | 32, 2, 1         |
|      local_C1_28_U                                                          | fifo channel   | task level  |      |      |        | local_C1_28                                                           | srl  | 0       | 32, 2, 1         |
|      local_C1_27_U                                                          | fifo channel   | task level  |      |      |        | local_C1_27                                                           | srl  | 0       | 32, 2, 1         |
|      local_C1_26_U                                                          | fifo channel   | task level  |      |      |        | local_C1_26                                                           | srl  | 0       | 32, 2, 1         |
|      local_C1_25_U                                                          | fifo channel   | task level  |      |      |        | local_C1_25                                                           | srl  | 0       | 32, 2, 1         |
|      local_C1_24_U                                                          | fifo channel   | task level  |      |      |        | local_C1_24                                                           | srl  | 0       | 32, 2, 1         |
|      local_C1_23_U                                                          | fifo channel   | task level  |      |      |        | local_C1_23                                                           | srl  | 0       | 32, 2, 1         |
|      local_C1_22_U                                                          | fifo channel   | task level  |      |      |        | local_C1_22                                                           | srl  | 0       | 32, 2, 1         |
|      local_C1_21_U                                                          | fifo channel   | task level  |      |      |        | local_C1_21                                                           | srl  | 0       | 32, 2, 1         |
|      local_C1_20_U                                                          | fifo channel   | task level  |      |      |        | local_C1_20                                                           | srl  | 0       | 32, 2, 1         |
|      local_C1_19_U                                                          | fifo channel   | task level  |      |      |        | local_C1_19                                                           | srl  | 0       | 32, 2, 1         |
|      local_C1_18_U                                                          | fifo channel   | task level  |      |      |        | local_C1_18                                                           | srl  | 0       | 32, 2, 1         |
|      local_C1_17_U                                                          | fifo channel   | task level  |      |      |        | local_C1_17                                                           | srl  | 0       | 32, 2, 1         |
|      local_C1_16_U                                                          | fifo channel   | task level  |      |      |        | local_C1_16                                                           | srl  | 0       | 32, 2, 1         |
|      local_C1_15_U                                                          | fifo channel   | task level  |      |      |        | local_C1_15                                                           | srl  | 0       | 32, 2, 1         |
|      local_C1_14_U                                                          | fifo channel   | task level  |      |      |        | local_C1_14                                                           | srl  | 0       | 32, 2, 1         |
|      local_C1_13_U                                                          | fifo channel   | task level  |      |      |        | local_C1_13                                                           | srl  | 0       | 32, 2, 1         |
|      local_C1_12_U                                                          | fifo channel   | task level  |      |      |        | local_C1_12                                                           | srl  | 0       | 32, 2, 1         |
|      local_C1_11_U                                                          | fifo channel   | task level  |      |      |        | local_C1_11                                                           | srl  | 0       | 32, 2, 1         |
|      local_C1_10_U                                                          | fifo channel   | task level  |      |      |        | local_C1_10                                                           | srl  | 0       | 32, 2, 1         |
|      local_C1_9_U                                                           | fifo channel   | task level  |      |      |        | local_C1_9                                                            | srl  | 0       | 32, 2, 1         |
|      local_C1_8_U                                                           | fifo channel   | task level  |      |      |        | local_C1_8                                                            | srl  | 0       | 32, 2, 1         |
|      local_C1_7_U                                                           | fifo channel   | task level  |      |      |        | local_C1_7                                                            | srl  | 0       | 32, 2, 1         |
|      local_C1_6_U                                                           | fifo channel   | task level  |      |      |        | local_C1_6                                                            | srl  | 0       | 32, 2, 1         |
|      local_C1_5_U                                                           | fifo channel   | task level  |      |      |        | local_C1_5                                                            | srl  | 0       | 32, 2, 1         |
|      local_C1_4_U                                                           | fifo channel   | task level  |      |      |        | local_C1_4                                                            | srl  | 0       | 32, 2, 1         |
|      local_C1_3_U                                                           | fifo channel   | task level  |      |      |        | local_C1_3                                                            | srl  | 0       | 32, 2, 1         |
|      local_C1_2_U                                                           | fifo channel   | task level  |      |      |        | local_C1_2                                                            | srl  | 0       | 32, 2, 1         |
|      local_C1_1_U                                                           | fifo channel   | task level  |      |      |        | local_C1_1                                                            | srl  | 0       | 32, 2, 1         |
|      local_C1_U                                                             | fifo channel   | task level  |      |      |        | local_C1                                                              | srl  | 0       | 32, 2, 1         |
|     + systolic_tile_Q46                                                     |                |             | 0    | 0    |        |                                                                       |      |         |                  |
|       A_fifo1_U                                                             | fifo channel   | stream      |      |      |        | A_fifo1                                                               | srl  | 0       | 32, 9, 1         |
|       A_fifo1_9_U                                                           | fifo channel   | stream      |      |      |        | A_fifo1_9                                                             | srl  | 0       | 32, 9, 1         |
|       A_fifo1_18_U                                                          | fifo channel   | stream      |      |      |        | A_fifo1_18                                                            | srl  | 0       | 32, 9, 1         |
|       A_fifo1_27_U                                                          | fifo channel   | stream      |      |      |        | A_fifo1_27                                                            | srl  | 0       | 32, 9, 1         |
|       A_fifo1_36_U                                                          | fifo channel   | stream      |      |      |        | A_fifo1_36                                                            | srl  | 0       | 32, 9, 1         |
|       A_fifo1_45_U                                                          | fifo channel   | stream      |      |      |        | A_fifo1_45                                                            | srl  | 0       | 32, 9, 1         |
|       A_fifo1_54_U                                                          | fifo channel   | stream      |      |      |        | A_fifo1_54                                                            | srl  | 0       | 32, 9, 1         |
|       A_fifo1_63_U                                                          | fifo channel   | stream      |      |      |        | A_fifo1_63                                                            | srl  | 0       | 32, 9, 1         |
|       B_fifo1_U                                                             | fifo channel   | stream      |      |      |        | B_fifo1                                                               | srl  | 0       | 32, 9, 1         |
|       B_fifo1_9_U                                                           | fifo channel   | stream      |      |      |        | B_fifo1_9                                                             | srl  | 0       | 32, 9, 1         |
|       B_fifo1_18_U                                                          | fifo channel   | stream      |      |      |        | B_fifo1_18                                                            | srl  | 0       | 32, 9, 1         |
|       B_fifo1_27_U                                                          | fifo channel   | stream      |      |      |        | B_fifo1_27                                                            | srl  | 0       | 32, 9, 1         |
|       B_fifo1_36_U                                                          | fifo channel   | stream      |      |      |        | B_fifo1_36                                                            | srl  | 0       | 32, 9, 1         |
|       B_fifo1_45_U                                                          | fifo channel   | stream      |      |      |        | B_fifo1_45                                                            | srl  | 0       | 32, 9, 1         |
|       B_fifo1_54_U                                                          | fifo channel   | stream      |      |      |        | B_fifo1_54                                                            | srl  | 0       | 32, 9, 1         |
|       B_fifo1_63_U                                                          | fifo channel   | stream      |      |      |        | B_fifo1_63                                                            | srl  | 0       | 32, 9, 1         |
|       A_fifo1_1_U                                                           | fifo channel   | stream      |      |      |        | A_fifo1_1                                                             | srl  | 0       | 32, 9, 1         |
|       B_fifo1_1_U                                                           | fifo channel   | stream      |      |      |        | B_fifo1_1                                                             | srl  | 0       | 32, 9, 1         |
|       A_fifo1_2_U                                                           | fifo channel   | stream      |      |      |        | A_fifo1_2                                                             | srl  | 0       | 32, 9, 1         |
|       B_fifo1_10_U                                                          | fifo channel   | stream      |      |      |        | B_fifo1_10                                                            | srl  | 0       | 32, 9, 1         |
|       A_fifo1_3_U                                                           | fifo channel   | stream      |      |      |        | A_fifo1_3                                                             | srl  | 0       | 32, 9, 1         |
|       B_fifo1_19_U                                                          | fifo channel   | stream      |      |      |        | B_fifo1_19                                                            | srl  | 0       | 32, 9, 1         |
|       A_fifo1_4_U                                                           | fifo channel   | stream      |      |      |        | A_fifo1_4                                                             | srl  | 0       | 32, 9, 1         |
|       B_fifo1_28_U                                                          | fifo channel   | stream      |      |      |        | B_fifo1_28                                                            | srl  | 0       | 32, 9, 1         |
|       A_fifo1_5_U                                                           | fifo channel   | stream      |      |      |        | A_fifo1_5                                                             | srl  | 0       | 32, 9, 1         |
|       B_fifo1_37_U                                                          | fifo channel   | stream      |      |      |        | B_fifo1_37                                                            | srl  | 0       | 32, 9, 1         |
|       A_fifo1_6_U                                                           | fifo channel   | stream      |      |      |        | A_fifo1_6                                                             | srl  | 0       | 32, 9, 1         |
|       B_fifo1_46_U                                                          | fifo channel   | stream      |      |      |        | B_fifo1_46                                                            | srl  | 0       | 32, 9, 1         |
|       A_fifo1_7_U                                                           | fifo channel   | stream      |      |      |        | A_fifo1_7                                                             | srl  | 0       | 32, 9, 1         |
|       B_fifo1_55_U                                                          | fifo channel   | stream      |      |      |        | B_fifo1_55                                                            | srl  | 0       | 32, 9, 1         |
|       A_fifo1_8_U                                                           | fifo channel   | stream      |      |      |        | A_fifo1_8                                                             | srl  | 0       | 32, 9, 1         |
|       B_fifo1_64_U                                                          | fifo channel   | stream      |      |      |        | B_fifo1_64                                                            | srl  | 0       | 32, 9, 1         |
|       A_fifo1_10_U                                                          | fifo channel   | stream      |      |      |        | A_fifo1_10                                                            | srl  | 0       | 32, 9, 1         |
|       B_fifo1_2_U                                                           | fifo channel   | stream      |      |      |        | B_fifo1_2                                                             | srl  | 0       | 32, 9, 1         |
|       A_fifo1_11_U                                                          | fifo channel   | stream      |      |      |        | A_fifo1_11                                                            | srl  | 0       | 32, 9, 1         |
|       B_fifo1_11_U                                                          | fifo channel   | stream      |      |      |        | B_fifo1_11                                                            | srl  | 0       | 32, 9, 1         |
|       A_fifo1_12_U                                                          | fifo channel   | stream      |      |      |        | A_fifo1_12                                                            | srl  | 0       | 32, 9, 1         |
|       B_fifo1_20_U                                                          | fifo channel   | stream      |      |      |        | B_fifo1_20                                                            | srl  | 0       | 32, 9, 1         |
|       A_fifo1_13_U                                                          | fifo channel   | stream      |      |      |        | A_fifo1_13                                                            | srl  | 0       | 32, 9, 1         |
|       B_fifo1_29_U                                                          | fifo channel   | stream      |      |      |        | B_fifo1_29                                                            | srl  | 0       | 32, 9, 1         |
|       A_fifo1_14_U                                                          | fifo channel   | stream      |      |      |        | A_fifo1_14                                                            | srl  | 0       | 32, 9, 1         |
|       B_fifo1_38_U                                                          | fifo channel   | stream      |      |      |        | B_fifo1_38                                                            | srl  | 0       | 32, 9, 1         |
|       A_fifo1_15_U                                                          | fifo channel   | stream      |      |      |        | A_fifo1_15                                                            | srl  | 0       | 32, 9, 1         |
|       B_fifo1_47_U                                                          | fifo channel   | stream      |      |      |        | B_fifo1_47                                                            | srl  | 0       | 32, 9, 1         |
|       A_fifo1_16_U                                                          | fifo channel   | stream      |      |      |        | A_fifo1_16                                                            | srl  | 0       | 32, 9, 1         |
|       B_fifo1_56_U                                                          | fifo channel   | stream      |      |      |        | B_fifo1_56                                                            | srl  | 0       | 32, 9, 1         |
|       A_fifo1_17_U                                                          | fifo channel   | stream      |      |      |        | A_fifo1_17                                                            | srl  | 0       | 32, 9, 1         |
|       B_fifo1_65_U                                                          | fifo channel   | stream      |      |      |        | B_fifo1_65                                                            | srl  | 0       | 32, 9, 1         |
|       A_fifo1_19_U                                                          | fifo channel   | stream      |      |      |        | A_fifo1_19                                                            | srl  | 0       | 32, 9, 1         |
|       B_fifo1_3_U                                                           | fifo channel   | stream      |      |      |        | B_fifo1_3                                                             | srl  | 0       | 32, 9, 1         |
|       A_fifo1_20_U                                                          | fifo channel   | stream      |      |      |        | A_fifo1_20                                                            | srl  | 0       | 32, 9, 1         |
|       B_fifo1_12_U                                                          | fifo channel   | stream      |      |      |        | B_fifo1_12                                                            | srl  | 0       | 32, 9, 1         |
|       A_fifo1_21_U                                                          | fifo channel   | stream      |      |      |        | A_fifo1_21                                                            | srl  | 0       | 32, 9, 1         |
|       B_fifo1_21_U                                                          | fifo channel   | stream      |      |      |        | B_fifo1_21                                                            | srl  | 0       | 32, 9, 1         |
|       A_fifo1_22_U                                                          | fifo channel   | stream      |      |      |        | A_fifo1_22                                                            | srl  | 0       | 32, 9, 1         |
|       B_fifo1_30_U                                                          | fifo channel   | stream      |      |      |        | B_fifo1_30                                                            | srl  | 0       | 32, 9, 1         |
|       A_fifo1_23_U                                                          | fifo channel   | stream      |      |      |        | A_fifo1_23                                                            | srl  | 0       | 32, 9, 1         |
|       B_fifo1_39_U                                                          | fifo channel   | stream      |      |      |        | B_fifo1_39                                                            | srl  | 0       | 32, 9, 1         |
|       A_fifo1_24_U                                                          | fifo channel   | stream      |      |      |        | A_fifo1_24                                                            | srl  | 0       | 32, 9, 1         |
|       B_fifo1_48_U                                                          | fifo channel   | stream      |      |      |        | B_fifo1_48                                                            | srl  | 0       | 32, 9, 1         |
|       A_fifo1_25_U                                                          | fifo channel   | stream      |      |      |        | A_fifo1_25                                                            | srl  | 0       | 32, 9, 1         |
|       B_fifo1_57_U                                                          | fifo channel   | stream      |      |      |        | B_fifo1_57                                                            | srl  | 0       | 32, 9, 1         |
|       A_fifo1_26_U                                                          | fifo channel   | stream      |      |      |        | A_fifo1_26                                                            | srl  | 0       | 32, 9, 1         |
|       B_fifo1_66_U                                                          | fifo channel   | stream      |      |      |        | B_fifo1_66                                                            | srl  | 0       | 32, 9, 1         |
|       A_fifo1_28_U                                                          | fifo channel   | stream      |      |      |        | A_fifo1_28                                                            | srl  | 0       | 32, 9, 1         |
|       B_fifo1_4_U                                                           | fifo channel   | stream      |      |      |        | B_fifo1_4                                                             | srl  | 0       | 32, 9, 1         |
|       A_fifo1_29_U                                                          | fifo channel   | stream      |      |      |        | A_fifo1_29                                                            | srl  | 0       | 32, 9, 1         |
|       B_fifo1_13_U                                                          | fifo channel   | stream      |      |      |        | B_fifo1_13                                                            | srl  | 0       | 32, 9, 1         |
|       A_fifo1_30_U                                                          | fifo channel   | stream      |      |      |        | A_fifo1_30                                                            | srl  | 0       | 32, 9, 1         |
|       B_fifo1_22_U                                                          | fifo channel   | stream      |      |      |        | B_fifo1_22                                                            | srl  | 0       | 32, 9, 1         |
|       A_fifo1_31_U                                                          | fifo channel   | stream      |      |      |        | A_fifo1_31                                                            | srl  | 0       | 32, 9, 1         |
|       B_fifo1_31_U                                                          | fifo channel   | stream      |      |      |        | B_fifo1_31                                                            | srl  | 0       | 32, 9, 1         |
|       A_fifo1_32_U                                                          | fifo channel   | stream      |      |      |        | A_fifo1_32                                                            | srl  | 0       | 32, 9, 1         |
|       B_fifo1_40_U                                                          | fifo channel   | stream      |      |      |        | B_fifo1_40                                                            | srl  | 0       | 32, 9, 1         |
|       A_fifo1_33_U                                                          | fifo channel   | stream      |      |      |        | A_fifo1_33                                                            | srl  | 0       | 32, 9, 1         |
|       B_fifo1_49_U                                                          | fifo channel   | stream      |      |      |        | B_fifo1_49                                                            | srl  | 0       | 32, 9, 1         |
|       A_fifo1_34_U                                                          | fifo channel   | stream      |      |      |        | A_fifo1_34                                                            | srl  | 0       | 32, 9, 1         |
|       B_fifo1_58_U                                                          | fifo channel   | stream      |      |      |        | B_fifo1_58                                                            | srl  | 0       | 32, 9, 1         |
|       A_fifo1_35_U                                                          | fifo channel   | stream      |      |      |        | A_fifo1_35                                                            | srl  | 0       | 32, 9, 1         |
|       B_fifo1_67_U                                                          | fifo channel   | stream      |      |      |        | B_fifo1_67                                                            | srl  | 0       | 32, 9, 1         |
|       A_fifo1_37_U                                                          | fifo channel   | stream      |      |      |        | A_fifo1_37                                                            | srl  | 0       | 32, 9, 1         |
|       B_fifo1_5_U                                                           | fifo channel   | stream      |      |      |        | B_fifo1_5                                                             | srl  | 0       | 32, 9, 1         |
|       A_fifo1_38_U                                                          | fifo channel   | stream      |      |      |        | A_fifo1_38                                                            | srl  | 0       | 32, 9, 1         |
|       B_fifo1_14_U                                                          | fifo channel   | stream      |      |      |        | B_fifo1_14                                                            | srl  | 0       | 32, 9, 1         |
|       A_fifo1_39_U                                                          | fifo channel   | stream      |      |      |        | A_fifo1_39                                                            | srl  | 0       | 32, 9, 1         |
|       B_fifo1_23_U                                                          | fifo channel   | stream      |      |      |        | B_fifo1_23                                                            | srl  | 0       | 32, 9, 1         |
|       A_fifo1_40_U                                                          | fifo channel   | stream      |      |      |        | A_fifo1_40                                                            | srl  | 0       | 32, 9, 1         |
|       B_fifo1_32_U                                                          | fifo channel   | stream      |      |      |        | B_fifo1_32                                                            | srl  | 0       | 32, 9, 1         |
|       A_fifo1_41_U                                                          | fifo channel   | stream      |      |      |        | A_fifo1_41                                                            | srl  | 0       | 32, 9, 1         |
|       B_fifo1_41_U                                                          | fifo channel   | stream      |      |      |        | B_fifo1_41                                                            | srl  | 0       | 32, 9, 1         |
|       A_fifo1_42_U                                                          | fifo channel   | stream      |      |      |        | A_fifo1_42                                                            | srl  | 0       | 32, 9, 1         |
|       B_fifo1_50_U                                                          | fifo channel   | stream      |      |      |        | B_fifo1_50                                                            | srl  | 0       | 32, 9, 1         |
|       A_fifo1_43_U                                                          | fifo channel   | stream      |      |      |        | A_fifo1_43                                                            | srl  | 0       | 32, 9, 1         |
|       B_fifo1_59_U                                                          | fifo channel   | stream      |      |      |        | B_fifo1_59                                                            | srl  | 0       | 32, 9, 1         |
|       A_fifo1_44_U                                                          | fifo channel   | stream      |      |      |        | A_fifo1_44                                                            | srl  | 0       | 32, 9, 1         |
|       B_fifo1_68_U                                                          | fifo channel   | stream      |      |      |        | B_fifo1_68                                                            | srl  | 0       | 32, 9, 1         |
|       A_fifo1_46_U                                                          | fifo channel   | stream      |      |      |        | A_fifo1_46                                                            | srl  | 0       | 32, 9, 1         |
|       B_fifo1_6_U                                                           | fifo channel   | stream      |      |      |        | B_fifo1_6                                                             | srl  | 0       | 32, 9, 1         |
|       A_fifo1_47_U                                                          | fifo channel   | stream      |      |      |        | A_fifo1_47                                                            | srl  | 0       | 32, 9, 1         |
|       B_fifo1_15_U                                                          | fifo channel   | stream      |      |      |        | B_fifo1_15                                                            | srl  | 0       | 32, 9, 1         |
|       A_fifo1_48_U                                                          | fifo channel   | stream      |      |      |        | A_fifo1_48                                                            | srl  | 0       | 32, 9, 1         |
|       B_fifo1_24_U                                                          | fifo channel   | stream      |      |      |        | B_fifo1_24                                                            | srl  | 0       | 32, 9, 1         |
|       A_fifo1_49_U                                                          | fifo channel   | stream      |      |      |        | A_fifo1_49                                                            | srl  | 0       | 32, 9, 1         |
|       B_fifo1_33_U                                                          | fifo channel   | stream      |      |      |        | B_fifo1_33                                                            | srl  | 0       | 32, 9, 1         |
|       A_fifo1_50_U                                                          | fifo channel   | stream      |      |      |        | A_fifo1_50                                                            | srl  | 0       | 32, 9, 1         |
|       B_fifo1_42_U                                                          | fifo channel   | stream      |      |      |        | B_fifo1_42                                                            | srl  | 0       | 32, 9, 1         |
|       A_fifo1_51_U                                                          | fifo channel   | stream      |      |      |        | A_fifo1_51                                                            | srl  | 0       | 32, 9, 1         |
|       B_fifo1_51_U                                                          | fifo channel   | stream      |      |      |        | B_fifo1_51                                                            | srl  | 0       | 32, 9, 1         |
|       A_fifo1_52_U                                                          | fifo channel   | stream      |      |      |        | A_fifo1_52                                                            | srl  | 0       | 32, 9, 1         |
|       B_fifo1_60_U                                                          | fifo channel   | stream      |      |      |        | B_fifo1_60                                                            | srl  | 0       | 32, 9, 1         |
|       A_fifo1_53_U                                                          | fifo channel   | stream      |      |      |        | A_fifo1_53                                                            | srl  | 0       | 32, 9, 1         |
|       B_fifo1_69_U                                                          | fifo channel   | stream      |      |      |        | B_fifo1_69                                                            | srl  | 0       | 32, 9, 1         |
|       A_fifo1_55_U                                                          | fifo channel   | stream      |      |      |        | A_fifo1_55                                                            | srl  | 0       | 32, 9, 1         |
|       B_fifo1_7_U                                                           | fifo channel   | stream      |      |      |        | B_fifo1_7                                                             | srl  | 0       | 32, 9, 1         |
|       A_fifo1_56_U                                                          | fifo channel   | stream      |      |      |        | A_fifo1_56                                                            | srl  | 0       | 32, 9, 1         |
|       B_fifo1_16_U                                                          | fifo channel   | stream      |      |      |        | B_fifo1_16                                                            | srl  | 0       | 32, 9, 1         |
|       A_fifo1_57_U                                                          | fifo channel   | stream      |      |      |        | A_fifo1_57                                                            | srl  | 0       | 32, 9, 1         |
|       B_fifo1_25_U                                                          | fifo channel   | stream      |      |      |        | B_fifo1_25                                                            | srl  | 0       | 32, 9, 1         |
|       A_fifo1_58_U                                                          | fifo channel   | stream      |      |      |        | A_fifo1_58                                                            | srl  | 0       | 32, 9, 1         |
|       B_fifo1_34_U                                                          | fifo channel   | stream      |      |      |        | B_fifo1_34                                                            | srl  | 0       | 32, 9, 1         |
|       A_fifo1_59_U                                                          | fifo channel   | stream      |      |      |        | A_fifo1_59                                                            | srl  | 0       | 32, 9, 1         |
|       B_fifo1_43_U                                                          | fifo channel   | stream      |      |      |        | B_fifo1_43                                                            | srl  | 0       | 32, 9, 1         |
|       A_fifo1_60_U                                                          | fifo channel   | stream      |      |      |        | A_fifo1_60                                                            | srl  | 0       | 32, 9, 1         |
|       B_fifo1_52_U                                                          | fifo channel   | stream      |      |      |        | B_fifo1_52                                                            | srl  | 0       | 32, 9, 1         |
|       A_fifo1_61_U                                                          | fifo channel   | stream      |      |      |        | A_fifo1_61                                                            | srl  | 0       | 32, 9, 1         |
|       B_fifo1_61_U                                                          | fifo channel   | stream      |      |      |        | B_fifo1_61                                                            | srl  | 0       | 32, 9, 1         |
|       A_fifo1_62_U                                                          | fifo channel   | stream      |      |      |        | A_fifo1_62                                                            | srl  | 0       | 32, 9, 1         |
|       B_fifo1_70_U                                                          | fifo channel   | stream      |      |      |        | B_fifo1_70                                                            | srl  | 0       | 32, 9, 1         |
|       A_fifo1_64_U                                                          | fifo channel   | stream      |      |      |        | A_fifo1_64                                                            | srl  | 0       | 32, 9, 1         |
|       B_fifo1_8_U                                                           | fifo channel   | stream      |      |      |        | B_fifo1_8                                                             | srl  | 0       | 32, 9, 1         |
|       A_fifo1_65_U                                                          | fifo channel   | stream      |      |      |        | A_fifo1_65                                                            | srl  | 0       | 32, 9, 1         |
|       B_fifo1_17_U                                                          | fifo channel   | stream      |      |      |        | B_fifo1_17                                                            | srl  | 0       | 32, 9, 1         |
|       A_fifo1_66_U                                                          | fifo channel   | stream      |      |      |        | A_fifo1_66                                                            | srl  | 0       | 32, 9, 1         |
|       B_fifo1_26_U                                                          | fifo channel   | stream      |      |      |        | B_fifo1_26                                                            | srl  | 0       | 32, 9, 1         |
|       A_fifo1_67_U                                                          | fifo channel   | stream      |      |      |        | A_fifo1_67                                                            | srl  | 0       | 32, 9, 1         |
|       B_fifo1_35_U                                                          | fifo channel   | stream      |      |      |        | B_fifo1_35                                                            | srl  | 0       | 32, 9, 1         |
|       A_fifo1_68_U                                                          | fifo channel   | stream      |      |      |        | A_fifo1_68                                                            | srl  | 0       | 32, 9, 1         |
|       B_fifo1_44_U                                                          | fifo channel   | stream      |      |      |        | B_fifo1_44                                                            | srl  | 0       | 32, 9, 1         |
|       A_fifo1_69_U                                                          | fifo channel   | stream      |      |      |        | A_fifo1_69                                                            | srl  | 0       | 32, 9, 1         |
|       B_fifo1_53_U                                                          | fifo channel   | stream      |      |      |        | B_fifo1_53                                                            | srl  | 0       | 32, 9, 1         |
|       A_fifo1_70_U                                                          | fifo channel   | stream      |      |      |        | A_fifo1_70                                                            | srl  | 0       | 32, 9, 1         |
|       B_fifo1_62_U                                                          | fifo channel   | stream      |      |      |        | B_fifo1_62                                                            | srl  | 0       | 32, 9, 1         |
|       A_fifo1_71_U                                                          | fifo channel   | stream      |      |      |        | A_fifo1_71                                                            | srl  | 0       | 32, 9, 1         |
|       B_fifo1_71_U                                                          | fifo channel   | stream      |      |      |        | B_fifo1_71                                                            | srl  | 0       | 32, 9, 1         |
|  + RoPE                                                                     |                |             | 256  | 0    |        |                                                                       |      |         |                  |
|    X_1_h_U                                                                  | ram_1p array   |             | 64   |      |        | X_1_h                                                                 | auto | 1       | 32, 32768, 1     |
|    X_2_h_U                                                                  | ram_1p array   |             | 64   |      |        | X_2_h                                                                 | auto | 1       | 32, 32768, 1     |
|    X_1_rotary_U                                                             | ram_1p array   |             | 64   |      |        | X_1_rotary                                                            | auto | 1       | 32, 32768, 1     |
|    X_2_rotary_U                                                             | ram_1p array   |             | 64   |      |        | X_2_rotary                                                            | auto | 1       | 32, 32768, 1     |
|  + scaled_dot_product_attention                                             |                |             | 452  | 256  |        |                                                                       |      |         |                  |
|    M_U                                                                      | ram_1p array   |             | 2    |      |        | M                                                                     | auto | 1       | 32, 1024, 1      |
|    S_U                                                                      | ram_s2p array  |             | 2    |      |        | S                                                                     | auto | 1       | 32, 1024, 1      |
|    Q_h_U                                                                    | ram_1p array   |             | 128  |      |        | Q_h                                                                   | auto | 1       | 32, 65536, 1     |
|    K_h_U                                                                    | ram_1p array   |             | 128  |      |        | K_h                                                                   | auto | 1       | 32, 65536, 1     |
|    V_h_U                                                                    | ram_1p array   |             | 128  |      |        | V_h                                                                   | auto | 1       | 32, 65536, 1     |
|    Y1_U                                                                     | ram_2p array   |             |      | 256  | yes    | Y1                                                                    | uram | 1       | 32, 1048576, 1   |
|   + systolic_QKT                                                            |                |             | 0    | 0    |        |                                                                       |      |         |                  |
|    + dataflow_parent_loop_proc42                                            |                |             | 0    | 0    |        |                                                                       |      |         |                  |
|     + dataflow_in_loop_l_ni4                                                |                |             | 0    | 0    |        |                                                                       |      |         |                  |
|       local_A4_U                                                            | ram_1p channel | pipo        |      |      |        | local_A4                                                              | auto | 1       | 32, 64, 2        |
|       local_A4_1_U                                                          | ram_1p channel | pipo        |      |      |        | local_A4_1                                                            | auto | 1       | 32, 64, 2        |
|       local_A4_2_U                                                          | ram_1p channel | pipo        |      |      |        | local_A4_2                                                            | auto | 1       | 32, 64, 2        |
|       local_A4_3_U                                                          | ram_1p channel | pipo        |      |      |        | local_A4_3                                                            | auto | 1       | 32, 64, 2        |
|       local_A4_4_U                                                          | ram_1p channel | pipo        |      |      |        | local_A4_4                                                            | auto | 1       | 32, 64, 2        |
|       local_A4_5_U                                                          | ram_1p channel | pipo        |      |      |        | local_A4_5                                                            | auto | 1       | 32, 64, 2        |
|       local_A4_6_U                                                          | ram_1p channel | pipo        |      |      |        | local_A4_6                                                            | auto | 1       | 32, 64, 2        |
|       local_A4_7_U                                                          | ram_1p channel | pipo        |      |      |        | local_A4_7                                                            | auto | 1       | 32, 64, 2        |
|       ni4_c_i_U                                                             | fifo channel   | scalar prop |      |      |        | ni4_c_i                                                               | srl  | 0       | 7, 3, 1          |
|       mi4_c_i_U                                                             | fifo channel   | scalar prop |      |      |        | mi4_c_i                                                               | srl  | 0       | 7, 3, 1          |
|       local_B4_U                                                            | ram_1p channel | pipo        |      |      |        | local_B4                                                              | auto | 1       | 32, 64, 2        |
|       local_B4_1_U                                                          | ram_1p channel | pipo        |      |      |        | local_B4_1                                                            | auto | 1       | 32, 64, 2        |
|       local_B4_2_U                                                          | ram_1p channel | pipo        |      |      |        | local_B4_2                                                            | auto | 1       | 32, 64, 2        |
|       local_B4_3_U                                                          | ram_1p channel | pipo        |      |      |        | local_B4_3                                                            | auto | 1       | 32, 64, 2        |
|       local_B4_4_U                                                          | ram_1p channel | pipo        |      |      |        | local_B4_4                                                            | auto | 1       | 32, 64, 2        |
|       local_B4_5_U                                                          | ram_1p channel | pipo        |      |      |        | local_B4_5                                                            | auto | 1       | 32, 64, 2        |
|       local_B4_6_U                                                          | ram_1p channel | pipo        |      |      |        | local_B4_6                                                            | auto | 1       | 32, 64, 2        |
|       local_B4_7_U                                                          | ram_1p channel | pipo        |      |      |        | local_B4_7                                                            | auto | 1       | 32, 64, 2        |
|       local_C4_63_U                                                         | fifo channel   | task level  |      |      |        | local_C4_63                                                           | srl  | 0       | 32, 2, 1         |
|       local_C4_62_U                                                         | fifo channel   | task level  |      |      |        | local_C4_62                                                           | srl  | 0       | 32, 2, 1         |
|       local_C4_61_U                                                         | fifo channel   | task level  |      |      |        | local_C4_61                                                           | srl  | 0       | 32, 2, 1         |
|       local_C4_60_U                                                         | fifo channel   | task level  |      |      |        | local_C4_60                                                           | srl  | 0       | 32, 2, 1         |
|       local_C4_59_U                                                         | fifo channel   | task level  |      |      |        | local_C4_59                                                           | srl  | 0       | 32, 2, 1         |
|       local_C4_58_U                                                         | fifo channel   | task level  |      |      |        | local_C4_58                                                           | srl  | 0       | 32, 2, 1         |
|       local_C4_57_U                                                         | fifo channel   | task level  |      |      |        | local_C4_57                                                           | srl  | 0       | 32, 2, 1         |
|       local_C4_56_U                                                         | fifo channel   | task level  |      |      |        | local_C4_56                                                           | srl  | 0       | 32, 2, 1         |
|       local_C4_55_U                                                         | fifo channel   | task level  |      |      |        | local_C4_55                                                           | srl  | 0       | 32, 2, 1         |
|       local_C4_54_U                                                         | fifo channel   | task level  |      |      |        | local_C4_54                                                           | srl  | 0       | 32, 2, 1         |
|       local_C4_53_U                                                         | fifo channel   | task level  |      |      |        | local_C4_53                                                           | srl  | 0       | 32, 2, 1         |
|       local_C4_52_U                                                         | fifo channel   | task level  |      |      |        | local_C4_52                                                           | srl  | 0       | 32, 2, 1         |
|       local_C4_51_U                                                         | fifo channel   | task level  |      |      |        | local_C4_51                                                           | srl  | 0       | 32, 2, 1         |
|       local_C4_50_U                                                         | fifo channel   | task level  |      |      |        | local_C4_50                                                           | srl  | 0       | 32, 2, 1         |
|       local_C4_49_U                                                         | fifo channel   | task level  |      |      |        | local_C4_49                                                           | srl  | 0       | 32, 2, 1         |
|       local_C4_48_U                                                         | fifo channel   | task level  |      |      |        | local_C4_48                                                           | srl  | 0       | 32, 2, 1         |
|       local_C4_47_U                                                         | fifo channel   | task level  |      |      |        | local_C4_47                                                           | srl  | 0       | 32, 2, 1         |
|       local_C4_46_U                                                         | fifo channel   | task level  |      |      |        | local_C4_46                                                           | srl  | 0       | 32, 2, 1         |
|       local_C4_45_U                                                         | fifo channel   | task level  |      |      |        | local_C4_45                                                           | srl  | 0       | 32, 2, 1         |
|       local_C4_44_U                                                         | fifo channel   | task level  |      |      |        | local_C4_44                                                           | srl  | 0       | 32, 2, 1         |
|       local_C4_43_U                                                         | fifo channel   | task level  |      |      |        | local_C4_43                                                           | srl  | 0       | 32, 2, 1         |
|       local_C4_42_U                                                         | fifo channel   | task level  |      |      |        | local_C4_42                                                           | srl  | 0       | 32, 2, 1         |
|       local_C4_41_U                                                         | fifo channel   | task level  |      |      |        | local_C4_41                                                           | srl  | 0       | 32, 2, 1         |
|       local_C4_40_U                                                         | fifo channel   | task level  |      |      |        | local_C4_40                                                           | srl  | 0       | 32, 2, 1         |
|       local_C4_39_U                                                         | fifo channel   | task level  |      |      |        | local_C4_39                                                           | srl  | 0       | 32, 2, 1         |
|       local_C4_38_U                                                         | fifo channel   | task level  |      |      |        | local_C4_38                                                           | srl  | 0       | 32, 2, 1         |
|       local_C4_37_U                                                         | fifo channel   | task level  |      |      |        | local_C4_37                                                           | srl  | 0       | 32, 2, 1         |
|       local_C4_36_U                                                         | fifo channel   | task level  |      |      |        | local_C4_36                                                           | srl  | 0       | 32, 2, 1         |
|       local_C4_35_U                                                         | fifo channel   | task level  |      |      |        | local_C4_35                                                           | srl  | 0       | 32, 2, 1         |
|       local_C4_34_U                                                         | fifo channel   | task level  |      |      |        | local_C4_34                                                           | srl  | 0       | 32, 2, 1         |
|       local_C4_33_U                                                         | fifo channel   | task level  |      |      |        | local_C4_33                                                           | srl  | 0       | 32, 2, 1         |
|       local_C4_32_U                                                         | fifo channel   | task level  |      |      |        | local_C4_32                                                           | srl  | 0       | 32, 2, 1         |
|       local_C4_31_U                                                         | fifo channel   | task level  |      |      |        | local_C4_31                                                           | srl  | 0       | 32, 2, 1         |
|       local_C4_30_U                                                         | fifo channel   | task level  |      |      |        | local_C4_30                                                           | srl  | 0       | 32, 2, 1         |
|       local_C4_29_U                                                         | fifo channel   | task level  |      |      |        | local_C4_29                                                           | srl  | 0       | 32, 2, 1         |
|       local_C4_28_U                                                         | fifo channel   | task level  |      |      |        | local_C4_28                                                           | srl  | 0       | 32, 2, 1         |
|       local_C4_27_U                                                         | fifo channel   | task level  |      |      |        | local_C4_27                                                           | srl  | 0       | 32, 2, 1         |
|       local_C4_26_U                                                         | fifo channel   | task level  |      |      |        | local_C4_26                                                           | srl  | 0       | 32, 2, 1         |
|       local_C4_25_U                                                         | fifo channel   | task level  |      |      |        | local_C4_25                                                           | srl  | 0       | 32, 2, 1         |
|       local_C4_24_U                                                         | fifo channel   | task level  |      |      |        | local_C4_24                                                           | srl  | 0       | 32, 2, 1         |
|       local_C4_23_U                                                         | fifo channel   | task level  |      |      |        | local_C4_23                                                           | srl  | 0       | 32, 2, 1         |
|       local_C4_22_U                                                         | fifo channel   | task level  |      |      |        | local_C4_22                                                           | srl  | 0       | 32, 2, 1         |
|       local_C4_21_U                                                         | fifo channel   | task level  |      |      |        | local_C4_21                                                           | srl  | 0       | 32, 2, 1         |
|       local_C4_20_U                                                         | fifo channel   | task level  |      |      |        | local_C4_20                                                           | srl  | 0       | 32, 2, 1         |
|       local_C4_19_U                                                         | fifo channel   | task level  |      |      |        | local_C4_19                                                           | srl  | 0       | 32, 2, 1         |
|       local_C4_18_U                                                         | fifo channel   | task level  |      |      |        | local_C4_18                                                           | srl  | 0       | 32, 2, 1         |
|       local_C4_17_U                                                         | fifo channel   | task level  |      |      |        | local_C4_17                                                           | srl  | 0       | 32, 2, 1         |
|       local_C4_16_U                                                         | fifo channel   | task level  |      |      |        | local_C4_16                                                           | srl  | 0       | 32, 2, 1         |
|       local_C4_15_U                                                         | fifo channel   | task level  |      |      |        | local_C4_15                                                           | srl  | 0       | 32, 2, 1         |
|       local_C4_14_U                                                         | fifo channel   | task level  |      |      |        | local_C4_14                                                           | srl  | 0       | 32, 2, 1         |
|       local_C4_13_U                                                         | fifo channel   | task level  |      |      |        | local_C4_13                                                           | srl  | 0       | 32, 2, 1         |
|       local_C4_12_U                                                         | fifo channel   | task level  |      |      |        | local_C4_12                                                           | srl  | 0       | 32, 2, 1         |
|       local_C4_11_U                                                         | fifo channel   | task level  |      |      |        | local_C4_11                                                           | srl  | 0       | 32, 2, 1         |
|       local_C4_10_U                                                         | fifo channel   | task level  |      |      |        | local_C4_10                                                           | srl  | 0       | 32, 2, 1         |
|       local_C4_9_U                                                          | fifo channel   | task level  |      |      |        | local_C4_9                                                            | srl  | 0       | 32, 2, 1         |
|       local_C4_8_U                                                          | fifo channel   | task level  |      |      |        | local_C4_8                                                            | srl  | 0       | 32, 2, 1         |
|       local_C4_7_U                                                          | fifo channel   | task level  |      |      |        | local_C4_7                                                            | srl  | 0       | 32, 2, 1         |
|       local_C4_6_U                                                          | fifo channel   | task level  |      |      |        | local_C4_6                                                            | srl  | 0       | 32, 2, 1         |
|       local_C4_5_U                                                          | fifo channel   | task level  |      |      |        | local_C4_5                                                            | srl  | 0       | 32, 2, 1         |
|       local_C4_4_U                                                          | fifo channel   | task level  |      |      |        | local_C4_4                                                            | srl  | 0       | 32, 2, 1         |
|       local_C4_3_U                                                          | fifo channel   | task level  |      |      |        | local_C4_3                                                            | srl  | 0       | 32, 2, 1         |
|       local_C4_2_U                                                          | fifo channel   | task level  |      |      |        | local_C4_2                                                            | srl  | 0       | 32, 2, 1         |
|       local_C4_1_U                                                          | fifo channel   | task level  |      |      |        | local_C4_1                                                            | srl  | 0       | 32, 2, 1         |
|       local_C4_U                                                            | fifo channel   | task level  |      |      |        | local_C4                                                              | srl  | 0       | 32, 2, 1         |
|      + systolic_tile_QKT50                                                  |                |             | 0    | 0    |        |                                                                       |      |         |                  |
|        A_fifo4_U                                                            | fifo channel   | stream      |      |      |        | A_fifo4                                                               | srl  | 0       | 32, 9, 1         |
|        A_fifo4_9_U                                                          | fifo channel   | stream      |      |      |        | A_fifo4_9                                                             | srl  | 0       | 32, 9, 1         |
|        A_fifo4_18_U                                                         | fifo channel   | stream      |      |      |        | A_fifo4_18                                                            | srl  | 0       | 32, 9, 1         |
|        A_fifo4_27_U                                                         | fifo channel   | stream      |      |      |        | A_fifo4_27                                                            | srl  | 0       | 32, 9, 1         |
|        A_fifo4_36_U                                                         | fifo channel   | stream      |      |      |        | A_fifo4_36                                                            | srl  | 0       | 32, 9, 1         |
|        A_fifo4_45_U                                                         | fifo channel   | stream      |      |      |        | A_fifo4_45                                                            | srl  | 0       | 32, 9, 1         |
|        A_fifo4_54_U                                                         | fifo channel   | stream      |      |      |        | A_fifo4_54                                                            | srl  | 0       | 32, 9, 1         |
|        A_fifo4_63_U                                                         | fifo channel   | stream      |      |      |        | A_fifo4_63                                                            | srl  | 0       | 32, 9, 1         |
|        B_fifo4_U                                                            | fifo channel   | stream      |      |      |        | B_fifo4                                                               | srl  | 0       | 32, 9, 1         |
|        B_fifo4_9_U                                                          | fifo channel   | stream      |      |      |        | B_fifo4_9                                                             | srl  | 0       | 32, 9, 1         |
|        B_fifo4_18_U                                                         | fifo channel   | stream      |      |      |        | B_fifo4_18                                                            | srl  | 0       | 32, 9, 1         |
|        B_fifo4_27_U                                                         | fifo channel   | stream      |      |      |        | B_fifo4_27                                                            | srl  | 0       | 32, 9, 1         |
|        B_fifo4_36_U                                                         | fifo channel   | stream      |      |      |        | B_fifo4_36                                                            | srl  | 0       | 32, 9, 1         |
|        B_fifo4_45_U                                                         | fifo channel   | stream      |      |      |        | B_fifo4_45                                                            | srl  | 0       | 32, 9, 1         |
|        B_fifo4_54_U                                                         | fifo channel   | stream      |      |      |        | B_fifo4_54                                                            | srl  | 0       | 32, 9, 1         |
|        B_fifo4_63_U                                                         | fifo channel   | stream      |      |      |        | B_fifo4_63                                                            | srl  | 0       | 32, 9, 1         |
|        A_fifo4_1_U                                                          | fifo channel   | stream      |      |      |        | A_fifo4_1                                                             | srl  | 0       | 32, 9, 1         |
|        B_fifo4_1_U                                                          | fifo channel   | stream      |      |      |        | B_fifo4_1                                                             | srl  | 0       | 32, 9, 1         |
|        A_fifo4_2_U                                                          | fifo channel   | stream      |      |      |        | A_fifo4_2                                                             | srl  | 0       | 32, 9, 1         |
|        B_fifo4_10_U                                                         | fifo channel   | stream      |      |      |        | B_fifo4_10                                                            | srl  | 0       | 32, 9, 1         |
|        A_fifo4_3_U                                                          | fifo channel   | stream      |      |      |        | A_fifo4_3                                                             | srl  | 0       | 32, 9, 1         |
|        B_fifo4_19_U                                                         | fifo channel   | stream      |      |      |        | B_fifo4_19                                                            | srl  | 0       | 32, 9, 1         |
|        A_fifo4_4_U                                                          | fifo channel   | stream      |      |      |        | A_fifo4_4                                                             | srl  | 0       | 32, 9, 1         |
|        B_fifo4_28_U                                                         | fifo channel   | stream      |      |      |        | B_fifo4_28                                                            | srl  | 0       | 32, 9, 1         |
|        A_fifo4_5_U                                                          | fifo channel   | stream      |      |      |        | A_fifo4_5                                                             | srl  | 0       | 32, 9, 1         |
|        B_fifo4_37_U                                                         | fifo channel   | stream      |      |      |        | B_fifo4_37                                                            | srl  | 0       | 32, 9, 1         |
|        A_fifo4_6_U                                                          | fifo channel   | stream      |      |      |        | A_fifo4_6                                                             | srl  | 0       | 32, 9, 1         |
|        B_fifo4_46_U                                                         | fifo channel   | stream      |      |      |        | B_fifo4_46                                                            | srl  | 0       | 32, 9, 1         |
|        A_fifo4_7_U                                                          | fifo channel   | stream      |      |      |        | A_fifo4_7                                                             | srl  | 0       | 32, 9, 1         |
|        B_fifo4_55_U                                                         | fifo channel   | stream      |      |      |        | B_fifo4_55                                                            | srl  | 0       | 32, 9, 1         |
|        A_fifo4_8_U                                                          | fifo channel   | stream      |      |      |        | A_fifo4_8                                                             | srl  | 0       | 32, 9, 1         |
|        B_fifo4_64_U                                                         | fifo channel   | stream      |      |      |        | B_fifo4_64                                                            | srl  | 0       | 32, 9, 1         |
|        A_fifo4_10_U                                                         | fifo channel   | stream      |      |      |        | A_fifo4_10                                                            | srl  | 0       | 32, 9, 1         |
|        B_fifo4_2_U                                                          | fifo channel   | stream      |      |      |        | B_fifo4_2                                                             | srl  | 0       | 32, 9, 1         |
|        A_fifo4_11_U                                                         | fifo channel   | stream      |      |      |        | A_fifo4_11                                                            | srl  | 0       | 32, 9, 1         |
|        B_fifo4_11_U                                                         | fifo channel   | stream      |      |      |        | B_fifo4_11                                                            | srl  | 0       | 32, 9, 1         |
|        A_fifo4_12_U                                                         | fifo channel   | stream      |      |      |        | A_fifo4_12                                                            | srl  | 0       | 32, 9, 1         |
|        B_fifo4_20_U                                                         | fifo channel   | stream      |      |      |        | B_fifo4_20                                                            | srl  | 0       | 32, 9, 1         |
|        A_fifo4_13_U                                                         | fifo channel   | stream      |      |      |        | A_fifo4_13                                                            | srl  | 0       | 32, 9, 1         |
|        B_fifo4_29_U                                                         | fifo channel   | stream      |      |      |        | B_fifo4_29                                                            | srl  | 0       | 32, 9, 1         |
|        A_fifo4_14_U                                                         | fifo channel   | stream      |      |      |        | A_fifo4_14                                                            | srl  | 0       | 32, 9, 1         |
|        B_fifo4_38_U                                                         | fifo channel   | stream      |      |      |        | B_fifo4_38                                                            | srl  | 0       | 32, 9, 1         |
|        A_fifo4_15_U                                                         | fifo channel   | stream      |      |      |        | A_fifo4_15                                                            | srl  | 0       | 32, 9, 1         |
|        B_fifo4_47_U                                                         | fifo channel   | stream      |      |      |        | B_fifo4_47                                                            | srl  | 0       | 32, 9, 1         |
|        A_fifo4_16_U                                                         | fifo channel   | stream      |      |      |        | A_fifo4_16                                                            | srl  | 0       | 32, 9, 1         |
|        B_fifo4_56_U                                                         | fifo channel   | stream      |      |      |        | B_fifo4_56                                                            | srl  | 0       | 32, 9, 1         |
|        A_fifo4_17_U                                                         | fifo channel   | stream      |      |      |        | A_fifo4_17                                                            | srl  | 0       | 32, 9, 1         |
|        B_fifo4_65_U                                                         | fifo channel   | stream      |      |      |        | B_fifo4_65                                                            | srl  | 0       | 32, 9, 1         |
|        A_fifo4_19_U                                                         | fifo channel   | stream      |      |      |        | A_fifo4_19                                                            | srl  | 0       | 32, 9, 1         |
|        B_fifo4_3_U                                                          | fifo channel   | stream      |      |      |        | B_fifo4_3                                                             | srl  | 0       | 32, 9, 1         |
|        A_fifo4_20_U                                                         | fifo channel   | stream      |      |      |        | A_fifo4_20                                                            | srl  | 0       | 32, 9, 1         |
|        B_fifo4_12_U                                                         | fifo channel   | stream      |      |      |        | B_fifo4_12                                                            | srl  | 0       | 32, 9, 1         |
|        A_fifo4_21_U                                                         | fifo channel   | stream      |      |      |        | A_fifo4_21                                                            | srl  | 0       | 32, 9, 1         |
|        B_fifo4_21_U                                                         | fifo channel   | stream      |      |      |        | B_fifo4_21                                                            | srl  | 0       | 32, 9, 1         |
|        A_fifo4_22_U                                                         | fifo channel   | stream      |      |      |        | A_fifo4_22                                                            | srl  | 0       | 32, 9, 1         |
|        B_fifo4_30_U                                                         | fifo channel   | stream      |      |      |        | B_fifo4_30                                                            | srl  | 0       | 32, 9, 1         |
|        A_fifo4_23_U                                                         | fifo channel   | stream      |      |      |        | A_fifo4_23                                                            | srl  | 0       | 32, 9, 1         |
|        B_fifo4_39_U                                                         | fifo channel   | stream      |      |      |        | B_fifo4_39                                                            | srl  | 0       | 32, 9, 1         |
|        A_fifo4_24_U                                                         | fifo channel   | stream      |      |      |        | A_fifo4_24                                                            | srl  | 0       | 32, 9, 1         |
|        B_fifo4_48_U                                                         | fifo channel   | stream      |      |      |        | B_fifo4_48                                                            | srl  | 0       | 32, 9, 1         |
|        A_fifo4_25_U                                                         | fifo channel   | stream      |      |      |        | A_fifo4_25                                                            | srl  | 0       | 32, 9, 1         |
|        B_fifo4_57_U                                                         | fifo channel   | stream      |      |      |        | B_fifo4_57                                                            | srl  | 0       | 32, 9, 1         |
|        A_fifo4_26_U                                                         | fifo channel   | stream      |      |      |        | A_fifo4_26                                                            | srl  | 0       | 32, 9, 1         |
|        B_fifo4_66_U                                                         | fifo channel   | stream      |      |      |        | B_fifo4_66                                                            | srl  | 0       | 32, 9, 1         |
|        A_fifo4_28_U                                                         | fifo channel   | stream      |      |      |        | A_fifo4_28                                                            | srl  | 0       | 32, 9, 1         |
|        B_fifo4_4_U                                                          | fifo channel   | stream      |      |      |        | B_fifo4_4                                                             | srl  | 0       | 32, 9, 1         |
|        A_fifo4_29_U                                                         | fifo channel   | stream      |      |      |        | A_fifo4_29                                                            | srl  | 0       | 32, 9, 1         |
|        B_fifo4_13_U                                                         | fifo channel   | stream      |      |      |        | B_fifo4_13                                                            | srl  | 0       | 32, 9, 1         |
|        A_fifo4_30_U                                                         | fifo channel   | stream      |      |      |        | A_fifo4_30                                                            | srl  | 0       | 32, 9, 1         |
|        B_fifo4_22_U                                                         | fifo channel   | stream      |      |      |        | B_fifo4_22                                                            | srl  | 0       | 32, 9, 1         |
|        A_fifo4_31_U                                                         | fifo channel   | stream      |      |      |        | A_fifo4_31                                                            | srl  | 0       | 32, 9, 1         |
|        B_fifo4_31_U                                                         | fifo channel   | stream      |      |      |        | B_fifo4_31                                                            | srl  | 0       | 32, 9, 1         |
|        A_fifo4_32_U                                                         | fifo channel   | stream      |      |      |        | A_fifo4_32                                                            | srl  | 0       | 32, 9, 1         |
|        B_fifo4_40_U                                                         | fifo channel   | stream      |      |      |        | B_fifo4_40                                                            | srl  | 0       | 32, 9, 1         |
|        A_fifo4_33_U                                                         | fifo channel   | stream      |      |      |        | A_fifo4_33                                                            | srl  | 0       | 32, 9, 1         |
|        B_fifo4_49_U                                                         | fifo channel   | stream      |      |      |        | B_fifo4_49                                                            | srl  | 0       | 32, 9, 1         |
|        A_fifo4_34_U                                                         | fifo channel   | stream      |      |      |        | A_fifo4_34                                                            | srl  | 0       | 32, 9, 1         |
|        B_fifo4_58_U                                                         | fifo channel   | stream      |      |      |        | B_fifo4_58                                                            | srl  | 0       | 32, 9, 1         |
|        A_fifo4_35_U                                                         | fifo channel   | stream      |      |      |        | A_fifo4_35                                                            | srl  | 0       | 32, 9, 1         |
|        B_fifo4_67_U                                                         | fifo channel   | stream      |      |      |        | B_fifo4_67                                                            | srl  | 0       | 32, 9, 1         |
|        A_fifo4_37_U                                                         | fifo channel   | stream      |      |      |        | A_fifo4_37                                                            | srl  | 0       | 32, 9, 1         |
|        B_fifo4_5_U                                                          | fifo channel   | stream      |      |      |        | B_fifo4_5                                                             | srl  | 0       | 32, 9, 1         |
|        A_fifo4_38_U                                                         | fifo channel   | stream      |      |      |        | A_fifo4_38                                                            | srl  | 0       | 32, 9, 1         |
|        B_fifo4_14_U                                                         | fifo channel   | stream      |      |      |        | B_fifo4_14                                                            | srl  | 0       | 32, 9, 1         |
|        A_fifo4_39_U                                                         | fifo channel   | stream      |      |      |        | A_fifo4_39                                                            | srl  | 0       | 32, 9, 1         |
|        B_fifo4_23_U                                                         | fifo channel   | stream      |      |      |        | B_fifo4_23                                                            | srl  | 0       | 32, 9, 1         |
|        A_fifo4_40_U                                                         | fifo channel   | stream      |      |      |        | A_fifo4_40                                                            | srl  | 0       | 32, 9, 1         |
|        B_fifo4_32_U                                                         | fifo channel   | stream      |      |      |        | B_fifo4_32                                                            | srl  | 0       | 32, 9, 1         |
|        A_fifo4_41_U                                                         | fifo channel   | stream      |      |      |        | A_fifo4_41                                                            | srl  | 0       | 32, 9, 1         |
|        B_fifo4_41_U                                                         | fifo channel   | stream      |      |      |        | B_fifo4_41                                                            | srl  | 0       | 32, 9, 1         |
|        A_fifo4_42_U                                                         | fifo channel   | stream      |      |      |        | A_fifo4_42                                                            | srl  | 0       | 32, 9, 1         |
|        B_fifo4_50_U                                                         | fifo channel   | stream      |      |      |        | B_fifo4_50                                                            | srl  | 0       | 32, 9, 1         |
|        A_fifo4_43_U                                                         | fifo channel   | stream      |      |      |        | A_fifo4_43                                                            | srl  | 0       | 32, 9, 1         |
|        B_fifo4_59_U                                                         | fifo channel   | stream      |      |      |        | B_fifo4_59                                                            | srl  | 0       | 32, 9, 1         |
|        A_fifo4_44_U                                                         | fifo channel   | stream      |      |      |        | A_fifo4_44                                                            | srl  | 0       | 32, 9, 1         |
|        B_fifo4_68_U                                                         | fifo channel   | stream      |      |      |        | B_fifo4_68                                                            | srl  | 0       | 32, 9, 1         |
|        A_fifo4_46_U                                                         | fifo channel   | stream      |      |      |        | A_fifo4_46                                                            | srl  | 0       | 32, 9, 1         |
|        B_fifo4_6_U                                                          | fifo channel   | stream      |      |      |        | B_fifo4_6                                                             | srl  | 0       | 32, 9, 1         |
|        A_fifo4_47_U                                                         | fifo channel   | stream      |      |      |        | A_fifo4_47                                                            | srl  | 0       | 32, 9, 1         |
|        B_fifo4_15_U                                                         | fifo channel   | stream      |      |      |        | B_fifo4_15                                                            | srl  | 0       | 32, 9, 1         |
|        A_fifo4_48_U                                                         | fifo channel   | stream      |      |      |        | A_fifo4_48                                                            | srl  | 0       | 32, 9, 1         |
|        B_fifo4_24_U                                                         | fifo channel   | stream      |      |      |        | B_fifo4_24                                                            | srl  | 0       | 32, 9, 1         |
|        A_fifo4_49_U                                                         | fifo channel   | stream      |      |      |        | A_fifo4_49                                                            | srl  | 0       | 32, 9, 1         |
|        B_fifo4_33_U                                                         | fifo channel   | stream      |      |      |        | B_fifo4_33                                                            | srl  | 0       | 32, 9, 1         |
|        A_fifo4_50_U                                                         | fifo channel   | stream      |      |      |        | A_fifo4_50                                                            | srl  | 0       | 32, 9, 1         |
|        B_fifo4_42_U                                                         | fifo channel   | stream      |      |      |        | B_fifo4_42                                                            | srl  | 0       | 32, 9, 1         |
|        A_fifo4_51_U                                                         | fifo channel   | stream      |      |      |        | A_fifo4_51                                                            | srl  | 0       | 32, 9, 1         |
|        B_fifo4_51_U                                                         | fifo channel   | stream      |      |      |        | B_fifo4_51                                                            | srl  | 0       | 32, 9, 1         |
|        A_fifo4_52_U                                                         | fifo channel   | stream      |      |      |        | A_fifo4_52                                                            | srl  | 0       | 32, 9, 1         |
|        B_fifo4_60_U                                                         | fifo channel   | stream      |      |      |        | B_fifo4_60                                                            | srl  | 0       | 32, 9, 1         |
|        A_fifo4_53_U                                                         | fifo channel   | stream      |      |      |        | A_fifo4_53                                                            | srl  | 0       | 32, 9, 1         |
|        B_fifo4_69_U                                                         | fifo channel   | stream      |      |      |        | B_fifo4_69                                                            | srl  | 0       | 32, 9, 1         |
|        A_fifo4_55_U                                                         | fifo channel   | stream      |      |      |        | A_fifo4_55                                                            | srl  | 0       | 32, 9, 1         |
|        B_fifo4_7_U                                                          | fifo channel   | stream      |      |      |        | B_fifo4_7                                                             | srl  | 0       | 32, 9, 1         |
|        A_fifo4_56_U                                                         | fifo channel   | stream      |      |      |        | A_fifo4_56                                                            | srl  | 0       | 32, 9, 1         |
|        B_fifo4_16_U                                                         | fifo channel   | stream      |      |      |        | B_fifo4_16                                                            | srl  | 0       | 32, 9, 1         |
|        A_fifo4_57_U                                                         | fifo channel   | stream      |      |      |        | A_fifo4_57                                                            | srl  | 0       | 32, 9, 1         |
|        B_fifo4_25_U                                                         | fifo channel   | stream      |      |      |        | B_fifo4_25                                                            | srl  | 0       | 32, 9, 1         |
|        A_fifo4_58_U                                                         | fifo channel   | stream      |      |      |        | A_fifo4_58                                                            | srl  | 0       | 32, 9, 1         |
|        B_fifo4_34_U                                                         | fifo channel   | stream      |      |      |        | B_fifo4_34                                                            | srl  | 0       | 32, 9, 1         |
|        A_fifo4_59_U                                                         | fifo channel   | stream      |      |      |        | A_fifo4_59                                                            | srl  | 0       | 32, 9, 1         |
|        B_fifo4_43_U                                                         | fifo channel   | stream      |      |      |        | B_fifo4_43                                                            | srl  | 0       | 32, 9, 1         |
|        A_fifo4_60_U                                                         | fifo channel   | stream      |      |      |        | A_fifo4_60                                                            | srl  | 0       | 32, 9, 1         |
|        B_fifo4_52_U                                                         | fifo channel   | stream      |      |      |        | B_fifo4_52                                                            | srl  | 0       | 32, 9, 1         |
|        A_fifo4_61_U                                                         | fifo channel   | stream      |      |      |        | A_fifo4_61                                                            | srl  | 0       | 32, 9, 1         |
|        B_fifo4_61_U                                                         | fifo channel   | stream      |      |      |        | B_fifo4_61                                                            | srl  | 0       | 32, 9, 1         |
|        A_fifo4_62_U                                                         | fifo channel   | stream      |      |      |        | A_fifo4_62                                                            | srl  | 0       | 32, 9, 1         |
|        B_fifo4_70_U                                                         | fifo channel   | stream      |      |      |        | B_fifo4_70                                                            | srl  | 0       | 32, 9, 1         |
|        A_fifo4_64_U                                                         | fifo channel   | stream      |      |      |        | A_fifo4_64                                                            | srl  | 0       | 32, 9, 1         |
|        B_fifo4_8_U                                                          | fifo channel   | stream      |      |      |        | B_fifo4_8                                                             | srl  | 0       | 32, 9, 1         |
|        A_fifo4_65_U                                                         | fifo channel   | stream      |      |      |        | A_fifo4_65                                                            | srl  | 0       | 32, 9, 1         |
|        B_fifo4_17_U                                                         | fifo channel   | stream      |      |      |        | B_fifo4_17                                                            | srl  | 0       | 32, 9, 1         |
|        A_fifo4_66_U                                                         | fifo channel   | stream      |      |      |        | A_fifo4_66                                                            | srl  | 0       | 32, 9, 1         |
|        B_fifo4_26_U                                                         | fifo channel   | stream      |      |      |        | B_fifo4_26                                                            | srl  | 0       | 32, 9, 1         |
|        A_fifo4_67_U                                                         | fifo channel   | stream      |      |      |        | A_fifo4_67                                                            | srl  | 0       | 32, 9, 1         |
|        B_fifo4_35_U                                                         | fifo channel   | stream      |      |      |        | B_fifo4_35                                                            | srl  | 0       | 32, 9, 1         |
|        A_fifo4_68_U                                                         | fifo channel   | stream      |      |      |        | A_fifo4_68                                                            | srl  | 0       | 32, 9, 1         |
|        B_fifo4_44_U                                                         | fifo channel   | stream      |      |      |        | B_fifo4_44                                                            | srl  | 0       | 32, 9, 1         |
|        A_fifo4_69_U                                                         | fifo channel   | stream      |      |      |        | A_fifo4_69                                                            | srl  | 0       | 32, 9, 1         |
|        B_fifo4_53_U                                                         | fifo channel   | stream      |      |      |        | B_fifo4_53                                                            | srl  | 0       | 32, 9, 1         |
|        A_fifo4_70_U                                                         | fifo channel   | stream      |      |      |        | A_fifo4_70                                                            | srl  | 0       | 32, 9, 1         |
|        B_fifo4_62_U                                                         | fifo channel   | stream      |      |      |        | B_fifo4_62                                                            | srl  | 0       | 32, 9, 1         |
|        A_fifo4_71_U                                                         | fifo channel   | stream      |      |      |        | A_fifo4_71                                                            | srl  | 0       | 32, 9, 1         |
|        B_fifo4_71_U                                                         | fifo channel   | stream      |      |      |        | B_fifo4_71                                                            | srl  | 0       | 32, 9, 1         |
|   + systolic_YV                                                             |                |             | 64   | 0    |        |                                                                       |      |         |                  |
|    + dataflow_parent_loop_proc                                              |                |             | 64   | 0    |        |                                                                       |      |         |                  |
|     + dataflow_in_loop_l_ni5                                                |                |             | 64   | 0    |        |                                                                       |      |         |                  |
|       local_A5_U                                                            | ram_1p channel | pipo        | 4    |      |        | local_A5                                                              | auto | 1       | 32, 1024, 2      |
|       local_A5_1_U                                                          | ram_1p channel | pipo        | 4    |      |        | local_A5_1                                                            | auto | 1       | 32, 1024, 2      |
|       local_A5_2_U                                                          | ram_1p channel | pipo        | 4    |      |        | local_A5_2                                                            | auto | 1       | 32, 1024, 2      |
|       local_A5_3_U                                                          | ram_1p channel | pipo        | 4    |      |        | local_A5_3                                                            | auto | 1       | 32, 1024, 2      |
|       local_A5_4_U                                                          | ram_1p channel | pipo        | 4    |      |        | local_A5_4                                                            | auto | 1       | 32, 1024, 2      |
|       local_A5_5_U                                                          | ram_1p channel | pipo        | 4    |      |        | local_A5_5                                                            | auto | 1       | 32, 1024, 2      |
|       local_A5_6_U                                                          | ram_1p channel | pipo        | 4    |      |        | local_A5_6                                                            | auto | 1       | 32, 1024, 2      |
|       local_A5_7_U                                                          | ram_1p channel | pipo        | 4    |      |        | local_A5_7                                                            | auto | 1       | 32, 1024, 2      |
|       ni5_c_i_U                                                             | fifo channel   | scalar prop |      |      |        | ni5_c_i                                                               | srl  | 0       | 3, 3, 1          |
|       mi5_c_i_U                                                             | fifo channel   | scalar prop |      |      |        | mi5_c_i                                                               | srl  | 0       | 7, 3, 1          |
|       local_B5_U                                                            | ram_1p channel | pipo        | 4    |      |        | local_B5                                                              | auto | 1       | 32, 1024, 2      |
|       local_B5_1_U                                                          | ram_1p channel | pipo        | 4    |      |        | local_B5_1                                                            | auto | 1       | 32, 1024, 2      |
|       local_B5_2_U                                                          | ram_1p channel | pipo        | 4    |      |        | local_B5_2                                                            | auto | 1       | 32, 1024, 2      |
|       local_B5_3_U                                                          | ram_1p channel | pipo        | 4    |      |        | local_B5_3                                                            | auto | 1       | 32, 1024, 2      |
|       local_B5_4_U                                                          | ram_1p channel | pipo        | 4    |      |        | local_B5_4                                                            | auto | 1       | 32, 1024, 2      |
|       local_B5_5_U                                                          | ram_1p channel | pipo        | 4    |      |        | local_B5_5                                                            | auto | 1       | 32, 1024, 2      |
|       local_B5_6_U                                                          | ram_1p channel | pipo        | 4    |      |        | local_B5_6                                                            | auto | 1       | 32, 1024, 2      |
|       local_B5_7_U                                                          | ram_1p channel | pipo        | 4    |      |        | local_B5_7                                                            | auto | 1       | 32, 1024, 2      |
|       local_C5_63_U                                                         | fifo channel   | task level  |      |      |        | local_C5_63                                                           | srl  | 0       | 32, 2, 1         |
|       local_C5_62_U                                                         | fifo channel   | task level  |      |      |        | local_C5_62                                                           | srl  | 0       | 32, 2, 1         |
|       local_C5_61_U                                                         | fifo channel   | task level  |      |      |        | local_C5_61                                                           | srl  | 0       | 32, 2, 1         |
|       local_C5_60_U                                                         | fifo channel   | task level  |      |      |        | local_C5_60                                                           | srl  | 0       | 32, 2, 1         |
|       local_C5_59_U                                                         | fifo channel   | task level  |      |      |        | local_C5_59                                                           | srl  | 0       | 32, 2, 1         |
|       local_C5_58_U                                                         | fifo channel   | task level  |      |      |        | local_C5_58                                                           | srl  | 0       | 32, 2, 1         |
|       local_C5_57_U                                                         | fifo channel   | task level  |      |      |        | local_C5_57                                                           | srl  | 0       | 32, 2, 1         |
|       local_C5_56_U                                                         | fifo channel   | task level  |      |      |        | local_C5_56                                                           | srl  | 0       | 32, 2, 1         |
|       local_C5_55_U                                                         | fifo channel   | task level  |      |      |        | local_C5_55                                                           | srl  | 0       | 32, 2, 1         |
|       local_C5_54_U                                                         | fifo channel   | task level  |      |      |        | local_C5_54                                                           | srl  | 0       | 32, 2, 1         |
|       local_C5_53_U                                                         | fifo channel   | task level  |      |      |        | local_C5_53                                                           | srl  | 0       | 32, 2, 1         |
|       local_C5_52_U                                                         | fifo channel   | task level  |      |      |        | local_C5_52                                                           | srl  | 0       | 32, 2, 1         |
|       local_C5_51_U                                                         | fifo channel   | task level  |      |      |        | local_C5_51                                                           | srl  | 0       | 32, 2, 1         |
|       local_C5_50_U                                                         | fifo channel   | task level  |      |      |        | local_C5_50                                                           | srl  | 0       | 32, 2, 1         |
|       local_C5_49_U                                                         | fifo channel   | task level  |      |      |        | local_C5_49                                                           | srl  | 0       | 32, 2, 1         |
|       local_C5_48_U                                                         | fifo channel   | task level  |      |      |        | local_C5_48                                                           | srl  | 0       | 32, 2, 1         |
|       local_C5_47_U                                                         | fifo channel   | task level  |      |      |        | local_C5_47                                                           | srl  | 0       | 32, 2, 1         |
|       local_C5_46_U                                                         | fifo channel   | task level  |      |      |        | local_C5_46                                                           | srl  | 0       | 32, 2, 1         |
|       local_C5_45_U                                                         | fifo channel   | task level  |      |      |        | local_C5_45                                                           | srl  | 0       | 32, 2, 1         |
|       local_C5_44_U                                                         | fifo channel   | task level  |      |      |        | local_C5_44                                                           | srl  | 0       | 32, 2, 1         |
|       local_C5_43_U                                                         | fifo channel   | task level  |      |      |        | local_C5_43                                                           | srl  | 0       | 32, 2, 1         |
|       local_C5_42_U                                                         | fifo channel   | task level  |      |      |        | local_C5_42                                                           | srl  | 0       | 32, 2, 1         |
|       local_C5_41_U                                                         | fifo channel   | task level  |      |      |        | local_C5_41                                                           | srl  | 0       | 32, 2, 1         |
|       local_C5_40_U                                                         | fifo channel   | task level  |      |      |        | local_C5_40                                                           | srl  | 0       | 32, 2, 1         |
|       local_C5_39_U                                                         | fifo channel   | task level  |      |      |        | local_C5_39                                                           | srl  | 0       | 32, 2, 1         |
|       local_C5_38_U                                                         | fifo channel   | task level  |      |      |        | local_C5_38                                                           | srl  | 0       | 32, 2, 1         |
|       local_C5_37_U                                                         | fifo channel   | task level  |      |      |        | local_C5_37                                                           | srl  | 0       | 32, 2, 1         |
|       local_C5_36_U                                                         | fifo channel   | task level  |      |      |        | local_C5_36                                                           | srl  | 0       | 32, 2, 1         |
|       local_C5_35_U                                                         | fifo channel   | task level  |      |      |        | local_C5_35                                                           | srl  | 0       | 32, 2, 1         |
|       local_C5_34_U                                                         | fifo channel   | task level  |      |      |        | local_C5_34                                                           | srl  | 0       | 32, 2, 1         |
|       local_C5_33_U                                                         | fifo channel   | task level  |      |      |        | local_C5_33                                                           | srl  | 0       | 32, 2, 1         |
|       local_C5_32_U                                                         | fifo channel   | task level  |      |      |        | local_C5_32                                                           | srl  | 0       | 32, 2, 1         |
|       local_C5_31_U                                                         | fifo channel   | task level  |      |      |        | local_C5_31                                                           | srl  | 0       | 32, 2, 1         |
|       local_C5_30_U                                                         | fifo channel   | task level  |      |      |        | local_C5_30                                                           | srl  | 0       | 32, 2, 1         |
|       local_C5_29_U                                                         | fifo channel   | task level  |      |      |        | local_C5_29                                                           | srl  | 0       | 32, 2, 1         |
|       local_C5_28_U                                                         | fifo channel   | task level  |      |      |        | local_C5_28                                                           | srl  | 0       | 32, 2, 1         |
|       local_C5_27_U                                                         | fifo channel   | task level  |      |      |        | local_C5_27                                                           | srl  | 0       | 32, 2, 1         |
|       local_C5_26_U                                                         | fifo channel   | task level  |      |      |        | local_C5_26                                                           | srl  | 0       | 32, 2, 1         |
|       local_C5_25_U                                                         | fifo channel   | task level  |      |      |        | local_C5_25                                                           | srl  | 0       | 32, 2, 1         |
|       local_C5_24_U                                                         | fifo channel   | task level  |      |      |        | local_C5_24                                                           | srl  | 0       | 32, 2, 1         |
|       local_C5_23_U                                                         | fifo channel   | task level  |      |      |        | local_C5_23                                                           | srl  | 0       | 32, 2, 1         |
|       local_C5_22_U                                                         | fifo channel   | task level  |      |      |        | local_C5_22                                                           | srl  | 0       | 32, 2, 1         |
|       local_C5_21_U                                                         | fifo channel   | task level  |      |      |        | local_C5_21                                                           | srl  | 0       | 32, 2, 1         |
|       local_C5_20_U                                                         | fifo channel   | task level  |      |      |        | local_C5_20                                                           | srl  | 0       | 32, 2, 1         |
|       local_C5_19_U                                                         | fifo channel   | task level  |      |      |        | local_C5_19                                                           | srl  | 0       | 32, 2, 1         |
|       local_C5_18_U                                                         | fifo channel   | task level  |      |      |        | local_C5_18                                                           | srl  | 0       | 32, 2, 1         |
|       local_C5_17_U                                                         | fifo channel   | task level  |      |      |        | local_C5_17                                                           | srl  | 0       | 32, 2, 1         |
|       local_C5_16_U                                                         | fifo channel   | task level  |      |      |        | local_C5_16                                                           | srl  | 0       | 32, 2, 1         |
|       local_C5_15_U                                                         | fifo channel   | task level  |      |      |        | local_C5_15                                                           | srl  | 0       | 32, 2, 1         |
|       local_C5_14_U                                                         | fifo channel   | task level  |      |      |        | local_C5_14                                                           | srl  | 0       | 32, 2, 1         |
|       local_C5_13_U                                                         | fifo channel   | task level  |      |      |        | local_C5_13                                                           | srl  | 0       | 32, 2, 1         |
|       local_C5_12_U                                                         | fifo channel   | task level  |      |      |        | local_C5_12                                                           | srl  | 0       | 32, 2, 1         |
|       local_C5_11_U                                                         | fifo channel   | task level  |      |      |        | local_C5_11                                                           | srl  | 0       | 32, 2, 1         |
|       local_C5_10_U                                                         | fifo channel   | task level  |      |      |        | local_C5_10                                                           | srl  | 0       | 32, 2, 1         |
|       local_C5_9_U                                                          | fifo channel   | task level  |      |      |        | local_C5_9                                                            | srl  | 0       | 32, 2, 1         |
|       local_C5_8_U                                                          | fifo channel   | task level  |      |      |        | local_C5_8                                                            | srl  | 0       | 32, 2, 1         |
|       local_C5_7_U                                                          | fifo channel   | task level  |      |      |        | local_C5_7                                                            | srl  | 0       | 32, 2, 1         |
|       local_C5_6_U                                                          | fifo channel   | task level  |      |      |        | local_C5_6                                                            | srl  | 0       | 32, 2, 1         |
|       local_C5_5_U                                                          | fifo channel   | task level  |      |      |        | local_C5_5                                                            | srl  | 0       | 32, 2, 1         |
|       local_C5_4_U                                                          | fifo channel   | task level  |      |      |        | local_C5_4                                                            | srl  | 0       | 32, 2, 1         |
|       local_C5_3_U                                                          | fifo channel   | task level  |      |      |        | local_C5_3                                                            | srl  | 0       | 32, 2, 1         |
|       local_C5_2_U                                                          | fifo channel   | task level  |      |      |        | local_C5_2                                                            | srl  | 0       | 32, 2, 1         |
|       local_C5_1_U                                                          | fifo channel   | task level  |      |      |        | local_C5_1                                                            | srl  | 0       | 32, 2, 1         |
|       local_C5_U                                                            | fifo channel   | task level  |      |      |        | local_C5                                                              | srl  | 0       | 32, 2, 1         |
|      + systolic_tile_YV54                                                   |                |             | 0    | 0    |        |                                                                       |      |         |                  |
|        A_fifo5_U                                                            | fifo channel   | stream      |      |      |        | A_fifo5                                                               | srl  | 0       | 32, 9, 1         |
|        A_fifo5_9_U                                                          | fifo channel   | stream      |      |      |        | A_fifo5_9                                                             | srl  | 0       | 32, 9, 1         |
|        A_fifo5_18_U                                                         | fifo channel   | stream      |      |      |        | A_fifo5_18                                                            | srl  | 0       | 32, 9, 1         |
|        A_fifo5_27_U                                                         | fifo channel   | stream      |      |      |        | A_fifo5_27                                                            | srl  | 0       | 32, 9, 1         |
|        A_fifo5_36_U                                                         | fifo channel   | stream      |      |      |        | A_fifo5_36                                                            | srl  | 0       | 32, 9, 1         |
|        A_fifo5_45_U                                                         | fifo channel   | stream      |      |      |        | A_fifo5_45                                                            | srl  | 0       | 32, 9, 1         |
|        A_fifo5_54_U                                                         | fifo channel   | stream      |      |      |        | A_fifo5_54                                                            | srl  | 0       | 32, 9, 1         |
|        A_fifo5_63_U                                                         | fifo channel   | stream      |      |      |        | A_fifo5_63                                                            | srl  | 0       | 32, 9, 1         |
|        B_fifo5_U                                                            | fifo channel   | stream      |      |      |        | B_fifo5                                                               | srl  | 0       | 32, 9, 1         |
|        B_fifo5_9_U                                                          | fifo channel   | stream      |      |      |        | B_fifo5_9                                                             | srl  | 0       | 32, 9, 1         |
|        B_fifo5_18_U                                                         | fifo channel   | stream      |      |      |        | B_fifo5_18                                                            | srl  | 0       | 32, 9, 1         |
|        B_fifo5_27_U                                                         | fifo channel   | stream      |      |      |        | B_fifo5_27                                                            | srl  | 0       | 32, 9, 1         |
|        B_fifo5_36_U                                                         | fifo channel   | stream      |      |      |        | B_fifo5_36                                                            | srl  | 0       | 32, 9, 1         |
|        B_fifo5_45_U                                                         | fifo channel   | stream      |      |      |        | B_fifo5_45                                                            | srl  | 0       | 32, 9, 1         |
|        B_fifo5_54_U                                                         | fifo channel   | stream      |      |      |        | B_fifo5_54                                                            | srl  | 0       | 32, 9, 1         |
|        B_fifo5_63_U                                                         | fifo channel   | stream      |      |      |        | B_fifo5_63                                                            | srl  | 0       | 32, 9, 1         |
|        A_fifo5_1_U                                                          | fifo channel   | stream      |      |      |        | A_fifo5_1                                                             | srl  | 0       | 32, 9, 1         |
|        B_fifo5_1_U                                                          | fifo channel   | stream      |      |      |        | B_fifo5_1                                                             | srl  | 0       | 32, 9, 1         |
|        A_fifo5_2_U                                                          | fifo channel   | stream      |      |      |        | A_fifo5_2                                                             | srl  | 0       | 32, 9, 1         |
|        B_fifo5_10_U                                                         | fifo channel   | stream      |      |      |        | B_fifo5_10                                                            | srl  | 0       | 32, 9, 1         |
|        A_fifo5_3_U                                                          | fifo channel   | stream      |      |      |        | A_fifo5_3                                                             | srl  | 0       | 32, 9, 1         |
|        B_fifo5_19_U                                                         | fifo channel   | stream      |      |      |        | B_fifo5_19                                                            | srl  | 0       | 32, 9, 1         |
|        A_fifo5_4_U                                                          | fifo channel   | stream      |      |      |        | A_fifo5_4                                                             | srl  | 0       | 32, 9, 1         |
|        B_fifo5_28_U                                                         | fifo channel   | stream      |      |      |        | B_fifo5_28                                                            | srl  | 0       | 32, 9, 1         |
|        A_fifo5_5_U                                                          | fifo channel   | stream      |      |      |        | A_fifo5_5                                                             | srl  | 0       | 32, 9, 1         |
|        B_fifo5_37_U                                                         | fifo channel   | stream      |      |      |        | B_fifo5_37                                                            | srl  | 0       | 32, 9, 1         |
|        A_fifo5_6_U                                                          | fifo channel   | stream      |      |      |        | A_fifo5_6                                                             | srl  | 0       | 32, 9, 1         |
|        B_fifo5_46_U                                                         | fifo channel   | stream      |      |      |        | B_fifo5_46                                                            | srl  | 0       | 32, 9, 1         |
|        A_fifo5_7_U                                                          | fifo channel   | stream      |      |      |        | A_fifo5_7                                                             | srl  | 0       | 32, 9, 1         |
|        B_fifo5_55_U                                                         | fifo channel   | stream      |      |      |        | B_fifo5_55                                                            | srl  | 0       | 32, 9, 1         |
|        A_fifo5_8_U                                                          | fifo channel   | stream      |      |      |        | A_fifo5_8                                                             | srl  | 0       | 32, 9, 1         |
|        B_fifo5_64_U                                                         | fifo channel   | stream      |      |      |        | B_fifo5_64                                                            | srl  | 0       | 32, 9, 1         |
|        A_fifo5_10_U                                                         | fifo channel   | stream      |      |      |        | A_fifo5_10                                                            | srl  | 0       | 32, 9, 1         |
|        B_fifo5_2_U                                                          | fifo channel   | stream      |      |      |        | B_fifo5_2                                                             | srl  | 0       | 32, 9, 1         |
|        A_fifo5_11_U                                                         | fifo channel   | stream      |      |      |        | A_fifo5_11                                                            | srl  | 0       | 32, 9, 1         |
|        B_fifo5_11_U                                                         | fifo channel   | stream      |      |      |        | B_fifo5_11                                                            | srl  | 0       | 32, 9, 1         |
|        A_fifo5_12_U                                                         | fifo channel   | stream      |      |      |        | A_fifo5_12                                                            | srl  | 0       | 32, 9, 1         |
|        B_fifo5_20_U                                                         | fifo channel   | stream      |      |      |        | B_fifo5_20                                                            | srl  | 0       | 32, 9, 1         |
|        A_fifo5_13_U                                                         | fifo channel   | stream      |      |      |        | A_fifo5_13                                                            | srl  | 0       | 32, 9, 1         |
|        B_fifo5_29_U                                                         | fifo channel   | stream      |      |      |        | B_fifo5_29                                                            | srl  | 0       | 32, 9, 1         |
|        A_fifo5_14_U                                                         | fifo channel   | stream      |      |      |        | A_fifo5_14                                                            | srl  | 0       | 32, 9, 1         |
|        B_fifo5_38_U                                                         | fifo channel   | stream      |      |      |        | B_fifo5_38                                                            | srl  | 0       | 32, 9, 1         |
|        A_fifo5_15_U                                                         | fifo channel   | stream      |      |      |        | A_fifo5_15                                                            | srl  | 0       | 32, 9, 1         |
|        B_fifo5_47_U                                                         | fifo channel   | stream      |      |      |        | B_fifo5_47                                                            | srl  | 0       | 32, 9, 1         |
|        A_fifo5_16_U                                                         | fifo channel   | stream      |      |      |        | A_fifo5_16                                                            | srl  | 0       | 32, 9, 1         |
|        B_fifo5_56_U                                                         | fifo channel   | stream      |      |      |        | B_fifo5_56                                                            | srl  | 0       | 32, 9, 1         |
|        A_fifo5_17_U                                                         | fifo channel   | stream      |      |      |        | A_fifo5_17                                                            | srl  | 0       | 32, 9, 1         |
|        B_fifo5_65_U                                                         | fifo channel   | stream      |      |      |        | B_fifo5_65                                                            | srl  | 0       | 32, 9, 1         |
|        A_fifo5_19_U                                                         | fifo channel   | stream      |      |      |        | A_fifo5_19                                                            | srl  | 0       | 32, 9, 1         |
|        B_fifo5_3_U                                                          | fifo channel   | stream      |      |      |        | B_fifo5_3                                                             | srl  | 0       | 32, 9, 1         |
|        A_fifo5_20_U                                                         | fifo channel   | stream      |      |      |        | A_fifo5_20                                                            | srl  | 0       | 32, 9, 1         |
|        B_fifo5_12_U                                                         | fifo channel   | stream      |      |      |        | B_fifo5_12                                                            | srl  | 0       | 32, 9, 1         |
|        A_fifo5_21_U                                                         | fifo channel   | stream      |      |      |        | A_fifo5_21                                                            | srl  | 0       | 32, 9, 1         |
|        B_fifo5_21_U                                                         | fifo channel   | stream      |      |      |        | B_fifo5_21                                                            | srl  | 0       | 32, 9, 1         |
|        A_fifo5_22_U                                                         | fifo channel   | stream      |      |      |        | A_fifo5_22                                                            | srl  | 0       | 32, 9, 1         |
|        B_fifo5_30_U                                                         | fifo channel   | stream      |      |      |        | B_fifo5_30                                                            | srl  | 0       | 32, 9, 1         |
|        A_fifo5_23_U                                                         | fifo channel   | stream      |      |      |        | A_fifo5_23                                                            | srl  | 0       | 32, 9, 1         |
|        B_fifo5_39_U                                                         | fifo channel   | stream      |      |      |        | B_fifo5_39                                                            | srl  | 0       | 32, 9, 1         |
|        A_fifo5_24_U                                                         | fifo channel   | stream      |      |      |        | A_fifo5_24                                                            | srl  | 0       | 32, 9, 1         |
|        B_fifo5_48_U                                                         | fifo channel   | stream      |      |      |        | B_fifo5_48                                                            | srl  | 0       | 32, 9, 1         |
|        A_fifo5_25_U                                                         | fifo channel   | stream      |      |      |        | A_fifo5_25                                                            | srl  | 0       | 32, 9, 1         |
|        B_fifo5_57_U                                                         | fifo channel   | stream      |      |      |        | B_fifo5_57                                                            | srl  | 0       | 32, 9, 1         |
|        A_fifo5_26_U                                                         | fifo channel   | stream      |      |      |        | A_fifo5_26                                                            | srl  | 0       | 32, 9, 1         |
|        B_fifo5_66_U                                                         | fifo channel   | stream      |      |      |        | B_fifo5_66                                                            | srl  | 0       | 32, 9, 1         |
|        A_fifo5_28_U                                                         | fifo channel   | stream      |      |      |        | A_fifo5_28                                                            | srl  | 0       | 32, 9, 1         |
|        B_fifo5_4_U                                                          | fifo channel   | stream      |      |      |        | B_fifo5_4                                                             | srl  | 0       | 32, 9, 1         |
|        A_fifo5_29_U                                                         | fifo channel   | stream      |      |      |        | A_fifo5_29                                                            | srl  | 0       | 32, 9, 1         |
|        B_fifo5_13_U                                                         | fifo channel   | stream      |      |      |        | B_fifo5_13                                                            | srl  | 0       | 32, 9, 1         |
|        A_fifo5_30_U                                                         | fifo channel   | stream      |      |      |        | A_fifo5_30                                                            | srl  | 0       | 32, 9, 1         |
|        B_fifo5_22_U                                                         | fifo channel   | stream      |      |      |        | B_fifo5_22                                                            | srl  | 0       | 32, 9, 1         |
|        A_fifo5_31_U                                                         | fifo channel   | stream      |      |      |        | A_fifo5_31                                                            | srl  | 0       | 32, 9, 1         |
|        B_fifo5_31_U                                                         | fifo channel   | stream      |      |      |        | B_fifo5_31                                                            | srl  | 0       | 32, 9, 1         |
|        A_fifo5_32_U                                                         | fifo channel   | stream      |      |      |        | A_fifo5_32                                                            | srl  | 0       | 32, 9, 1         |
|        B_fifo5_40_U                                                         | fifo channel   | stream      |      |      |        | B_fifo5_40                                                            | srl  | 0       | 32, 9, 1         |
|        A_fifo5_33_U                                                         | fifo channel   | stream      |      |      |        | A_fifo5_33                                                            | srl  | 0       | 32, 9, 1         |
|        B_fifo5_49_U                                                         | fifo channel   | stream      |      |      |        | B_fifo5_49                                                            | srl  | 0       | 32, 9, 1         |
|        A_fifo5_34_U                                                         | fifo channel   | stream      |      |      |        | A_fifo5_34                                                            | srl  | 0       | 32, 9, 1         |
|        B_fifo5_58_U                                                         | fifo channel   | stream      |      |      |        | B_fifo5_58                                                            | srl  | 0       | 32, 9, 1         |
|        A_fifo5_35_U                                                         | fifo channel   | stream      |      |      |        | A_fifo5_35                                                            | srl  | 0       | 32, 9, 1         |
|        B_fifo5_67_U                                                         | fifo channel   | stream      |      |      |        | B_fifo5_67                                                            | srl  | 0       | 32, 9, 1         |
|        A_fifo5_37_U                                                         | fifo channel   | stream      |      |      |        | A_fifo5_37                                                            | srl  | 0       | 32, 9, 1         |
|        B_fifo5_5_U                                                          | fifo channel   | stream      |      |      |        | B_fifo5_5                                                             | srl  | 0       | 32, 9, 1         |
|        A_fifo5_38_U                                                         | fifo channel   | stream      |      |      |        | A_fifo5_38                                                            | srl  | 0       | 32, 9, 1         |
|        B_fifo5_14_U                                                         | fifo channel   | stream      |      |      |        | B_fifo5_14                                                            | srl  | 0       | 32, 9, 1         |
|        A_fifo5_39_U                                                         | fifo channel   | stream      |      |      |        | A_fifo5_39                                                            | srl  | 0       | 32, 9, 1         |
|        B_fifo5_23_U                                                         | fifo channel   | stream      |      |      |        | B_fifo5_23                                                            | srl  | 0       | 32, 9, 1         |
|        A_fifo5_40_U                                                         | fifo channel   | stream      |      |      |        | A_fifo5_40                                                            | srl  | 0       | 32, 9, 1         |
|        B_fifo5_32_U                                                         | fifo channel   | stream      |      |      |        | B_fifo5_32                                                            | srl  | 0       | 32, 9, 1         |
|        A_fifo5_41_U                                                         | fifo channel   | stream      |      |      |        | A_fifo5_41                                                            | srl  | 0       | 32, 9, 1         |
|        B_fifo5_41_U                                                         | fifo channel   | stream      |      |      |        | B_fifo5_41                                                            | srl  | 0       | 32, 9, 1         |
|        A_fifo5_42_U                                                         | fifo channel   | stream      |      |      |        | A_fifo5_42                                                            | srl  | 0       | 32, 9, 1         |
|        B_fifo5_50_U                                                         | fifo channel   | stream      |      |      |        | B_fifo5_50                                                            | srl  | 0       | 32, 9, 1         |
|        A_fifo5_43_U                                                         | fifo channel   | stream      |      |      |        | A_fifo5_43                                                            | srl  | 0       | 32, 9, 1         |
|        B_fifo5_59_U                                                         | fifo channel   | stream      |      |      |        | B_fifo5_59                                                            | srl  | 0       | 32, 9, 1         |
|        A_fifo5_44_U                                                         | fifo channel   | stream      |      |      |        | A_fifo5_44                                                            | srl  | 0       | 32, 9, 1         |
|        B_fifo5_68_U                                                         | fifo channel   | stream      |      |      |        | B_fifo5_68                                                            | srl  | 0       | 32, 9, 1         |
|        A_fifo5_46_U                                                         | fifo channel   | stream      |      |      |        | A_fifo5_46                                                            | srl  | 0       | 32, 9, 1         |
|        B_fifo5_6_U                                                          | fifo channel   | stream      |      |      |        | B_fifo5_6                                                             | srl  | 0       | 32, 9, 1         |
|        A_fifo5_47_U                                                         | fifo channel   | stream      |      |      |        | A_fifo5_47                                                            | srl  | 0       | 32, 9, 1         |
|        B_fifo5_15_U                                                         | fifo channel   | stream      |      |      |        | B_fifo5_15                                                            | srl  | 0       | 32, 9, 1         |
|        A_fifo5_48_U                                                         | fifo channel   | stream      |      |      |        | A_fifo5_48                                                            | srl  | 0       | 32, 9, 1         |
|        B_fifo5_24_U                                                         | fifo channel   | stream      |      |      |        | B_fifo5_24                                                            | srl  | 0       | 32, 9, 1         |
|        A_fifo5_49_U                                                         | fifo channel   | stream      |      |      |        | A_fifo5_49                                                            | srl  | 0       | 32, 9, 1         |
|        B_fifo5_33_U                                                         | fifo channel   | stream      |      |      |        | B_fifo5_33                                                            | srl  | 0       | 32, 9, 1         |
|        A_fifo5_50_U                                                         | fifo channel   | stream      |      |      |        | A_fifo5_50                                                            | srl  | 0       | 32, 9, 1         |
|        B_fifo5_42_U                                                         | fifo channel   | stream      |      |      |        | B_fifo5_42                                                            | srl  | 0       | 32, 9, 1         |
|        A_fifo5_51_U                                                         | fifo channel   | stream      |      |      |        | A_fifo5_51                                                            | srl  | 0       | 32, 9, 1         |
|        B_fifo5_51_U                                                         | fifo channel   | stream      |      |      |        | B_fifo5_51                                                            | srl  | 0       | 32, 9, 1         |
|        A_fifo5_52_U                                                         | fifo channel   | stream      |      |      |        | A_fifo5_52                                                            | srl  | 0       | 32, 9, 1         |
|        B_fifo5_60_U                                                         | fifo channel   | stream      |      |      |        | B_fifo5_60                                                            | srl  | 0       | 32, 9, 1         |
|        A_fifo5_53_U                                                         | fifo channel   | stream      |      |      |        | A_fifo5_53                                                            | srl  | 0       | 32, 9, 1         |
|        B_fifo5_69_U                                                         | fifo channel   | stream      |      |      |        | B_fifo5_69                                                            | srl  | 0       | 32, 9, 1         |
|        A_fifo5_55_U                                                         | fifo channel   | stream      |      |      |        | A_fifo5_55                                                            | srl  | 0       | 32, 9, 1         |
|        B_fifo5_7_U                                                          | fifo channel   | stream      |      |      |        | B_fifo5_7                                                             | srl  | 0       | 32, 9, 1         |
|        A_fifo5_56_U                                                         | fifo channel   | stream      |      |      |        | A_fifo5_56                                                            | srl  | 0       | 32, 9, 1         |
|        B_fifo5_16_U                                                         | fifo channel   | stream      |      |      |        | B_fifo5_16                                                            | srl  | 0       | 32, 9, 1         |
|        A_fifo5_57_U                                                         | fifo channel   | stream      |      |      |        | A_fifo5_57                                                            | srl  | 0       | 32, 9, 1         |
|        B_fifo5_25_U                                                         | fifo channel   | stream      |      |      |        | B_fifo5_25                                                            | srl  | 0       | 32, 9, 1         |
|        A_fifo5_58_U                                                         | fifo channel   | stream      |      |      |        | A_fifo5_58                                                            | srl  | 0       | 32, 9, 1         |
|        B_fifo5_34_U                                                         | fifo channel   | stream      |      |      |        | B_fifo5_34                                                            | srl  | 0       | 32, 9, 1         |
|        A_fifo5_59_U                                                         | fifo channel   | stream      |      |      |        | A_fifo5_59                                                            | srl  | 0       | 32, 9, 1         |
|        B_fifo5_43_U                                                         | fifo channel   | stream      |      |      |        | B_fifo5_43                                                            | srl  | 0       | 32, 9, 1         |
|        A_fifo5_60_U                                                         | fifo channel   | stream      |      |      |        | A_fifo5_60                                                            | srl  | 0       | 32, 9, 1         |
|        B_fifo5_52_U                                                         | fifo channel   | stream      |      |      |        | B_fifo5_52                                                            | srl  | 0       | 32, 9, 1         |
|        A_fifo5_61_U                                                         | fifo channel   | stream      |      |      |        | A_fifo5_61                                                            | srl  | 0       | 32, 9, 1         |
|        B_fifo5_61_U                                                         | fifo channel   | stream      |      |      |        | B_fifo5_61                                                            | srl  | 0       | 32, 9, 1         |
|        A_fifo5_62_U                                                         | fifo channel   | stream      |      |      |        | A_fifo5_62                                                            | srl  | 0       | 32, 9, 1         |
|        B_fifo5_70_U                                                         | fifo channel   | stream      |      |      |        | B_fifo5_70                                                            | srl  | 0       | 32, 9, 1         |
|        A_fifo5_64_U                                                         | fifo channel   | stream      |      |      |        | A_fifo5_64                                                            | srl  | 0       | 32, 9, 1         |
|        B_fifo5_8_U                                                          | fifo channel   | stream      |      |      |        | B_fifo5_8                                                             | srl  | 0       | 32, 9, 1         |
|        A_fifo5_65_U                                                         | fifo channel   | stream      |      |      |        | A_fifo5_65                                                            | srl  | 0       | 32, 9, 1         |
|        B_fifo5_17_U                                                         | fifo channel   | stream      |      |      |        | B_fifo5_17                                                            | srl  | 0       | 32, 9, 1         |
|        A_fifo5_66_U                                                         | fifo channel   | stream      |      |      |        | A_fifo5_66                                                            | srl  | 0       | 32, 9, 1         |
|        B_fifo5_26_U                                                         | fifo channel   | stream      |      |      |        | B_fifo5_26                                                            | srl  | 0       | 32, 9, 1         |
|        A_fifo5_67_U                                                         | fifo channel   | stream      |      |      |        | A_fifo5_67                                                            | srl  | 0       | 32, 9, 1         |
|        B_fifo5_35_U                                                         | fifo channel   | stream      |      |      |        | B_fifo5_35                                                            | srl  | 0       | 32, 9, 1         |
|        A_fifo5_68_U                                                         | fifo channel   | stream      |      |      |        | A_fifo5_68                                                            | srl  | 0       | 32, 9, 1         |
|        B_fifo5_44_U                                                         | fifo channel   | stream      |      |      |        | B_fifo5_44                                                            | srl  | 0       | 32, 9, 1         |
|        A_fifo5_69_U                                                         | fifo channel   | stream      |      |      |        | A_fifo5_69                                                            | srl  | 0       | 32, 9, 1         |
|        B_fifo5_53_U                                                         | fifo channel   | stream      |      |      |        | B_fifo5_53                                                            | srl  | 0       | 32, 9, 1         |
|        A_fifo5_70_U                                                         | fifo channel   | stream      |      |      |        | A_fifo5_70                                                            | srl  | 0       | 32, 9, 1         |
|        B_fifo5_62_U                                                         | fifo channel   | stream      |      |      |        | B_fifo5_62                                                            | srl  | 0       | 32, 9, 1         |
|        A_fifo5_71_U                                                         | fifo channel   | stream      |      |      |        | A_fifo5_71                                                            | srl  | 0       | 32, 9, 1         |
|        B_fifo5_71_U                                                         | fifo channel   | stream      |      |      |        | B_fifo5_71                                                            | srl  | 0       | 32, 9, 1         |
|  + allo_DDitBlock_Pipeline_l_gelu_i21_l_j19                                 |                |             | 10   | 0    |        |                                                                       |      |         |                  |
|   + pow_generic_double_s                                                    |                |             | 5    | 0    |        |                                                                       |      |         |                  |
|     pow_reduce_anonymous_namespace_log_inverse_lut_table_pow_0_5_64_array_U | rom_1p         |             |      |      |        | pow_reduce_anonymous_namespace_log_inverse_lut_table_pow_0_5_64_array | auto | 1       | 6, 64, 1         |
|     pow_reduce_anonymous_namespace_log0_lut_table_array_U                   | rom_1p         |             |      |      |        | pow_reduce_anonymous_namespace_log0_lut_table_array                   | auto | 1       | 109, 64, 1       |
|     pow_reduce_anonymous_namespace_log_lut_table_ap_fixed_4_4_16_array_U    | rom_1p         |             |      |      |        | pow_reduce_anonymous_namespace_log_lut_table_ap_fixed_4_4_16_array    | auto | 1       | 105, 16, 1       |
|     pow_reduce_anonymous_namespace_log_lut_table_ap_fixed_7_6_64_array_U    | rom_1p         |             |      |      |        | pow_reduce_anonymous_namespace_log_lut_table_ap_fixed_7_6_64_array    | auto | 1       | 102, 64, 1       |
|     pow_reduce_anonymous_namespace_log_lut_table_ap_fixed_12_6_64_array_U   | rom_1p         |             |      |      |        | pow_reduce_anonymous_namespace_log_lut_table_ap_fixed_12_6_64_array   | auto | 1       | 97, 64, 1        |
|     pow_reduce_anonymous_namespace_log_lut_table_ap_fixed_17_6_64_array_U   | rom_1p         |             |      |      |        | pow_reduce_anonymous_namespace_log_lut_table_ap_fixed_17_6_64_array   | auto | 1       | 92, 64, 1        |
|     pow_reduce_anonymous_namespace_log_lut_table_ap_fixed_22_6_64_array_U   | rom_1p         |             |      |      |        | pow_reduce_anonymous_namespace_log_lut_table_ap_fixed_22_6_64_array   | auto | 1       | 87, 64, 1        |
|     pow_reduce_anonymous_namespace_log_lut_table_ap_fixed_27_6_64_array_U   | rom_1p         |             |      |      |        | pow_reduce_anonymous_namespace_log_lut_table_ap_fixed_27_6_64_array   | auto | 1       | 82, 64, 1        |
|     pow_reduce_anonymous_namespace_log_lut_table_ap_fixed_32_6_64_array_U   | rom_1p         |             |      |      |        | pow_reduce_anonymous_namespace_log_lut_table_ap_fixed_32_6_64_array   | auto | 1       | 77, 64, 1        |
|     pow_reduce_anonymous_namespace_table_exp_Z1_ap_ufixed_array_U           | rom_1p         |             | 2    |      |        | pow_reduce_anonymous_namespace_table_exp_Z1_ap_ufixed_array           | auto | 1       | 58, 256, 1       |
|     pow_reduce_anonymous_namespace_table_f_Z3_ap_ufixed_array_U             | rom_2p         |             | 1    |      |        | pow_reduce_anonymous_namespace_table_f_Z3_ap_ufixed_array             | auto | 1       | 26, 256, 1       |
|     pow_reduce_anonymous_namespace_table_f_Z2_ap_ufixed_array_U             | rom_1p         |             | 2    |      |        | pow_reduce_anonymous_namespace_table_f_Z2_ap_ufixed_array             | auto | 1       | 42, 256, 1       |
|   + generic_tanh_float_s                                                    |                |             | 5    | 0    |        |                                                                       |      |         |                  |
|    + exp_generic_double_s                                                   |                |             | 5    | 0    |        |                                                                       |      |         |                  |
|      table_exp_Z1_ap_ufixed_58_1_ap_q_mode_5_ap_o_mode_3_0_array_U          | rom_1p         |             | 2    |      |        | table_exp_Z1_ap_ufixed_58_1_ap_q_mode_5_ap_o_mode_3_0_array           | auto | 1       | 58, 256, 1       |
|      table_f_Z3_ap_ufixed_59_0_ap_q_mode_5_ap_o_mode_3_0_array_U            | rom_2p         |             | 1    |      |        | table_f_Z3_ap_ufixed_59_0_ap_q_mode_5_ap_o_mode_3_0_array             | auto | 1       | 26, 256, 1       |
|      table_f_Z2_ap_ufixed_59_0_ap_q_mode_5_ap_o_mode_3_0_array_U            | rom_1p         |             | 2    |      |        | table_f_Z2_ap_ufixed_59_0_ap_q_mode_5_ap_o_mode_3_0_array             | auto | 1       | 42, 256, 1       |
+-----------------------------------------------------------------------------+----------------+-------------+------+------+--------+-----------------------------------------------------------------------+------+---------+------------------+


================================================================
== Pragma Report
================================================================
* Pragmas with Warnings
+----------+---------+--------------------------------------------+------------------------------------------------------------------------------------------------------------------------------------------------------------------------------------+
| Type     | Options | Location                                   | Messages                                                                                                                                                                           |
+----------+---------+--------------------------------------------+------------------------------------------------------------------------------------------------------------------------------------------------------------------------------------+
| dataflow |         | kernel.cpp:335 in systolic_tile_modulate   | Since the only kind of statements allowed in a canonical dataflow region are variable declarations and function calls, the compiler may not be able to correctly handle the region |
| dataflow |         | kernel.cpp:3123 in systolic_tile_q         | Since the only kind of statements allowed in a canonical dataflow region are variable declarations and function calls, the compiler may not be able to correctly handle the region |
| dataflow |         | kernel.cpp:3496 in systolic_q              | Since the only kind of statements allowed in a canonical dataflow region are variable declarations and function calls, the compiler may not be able to correctly handle the region |
| dataflow |         | kernel.cpp:6092 in systolic_tile_k         | Since the only kind of statements allowed in a canonical dataflow region are variable declarations and function calls, the compiler may not be able to correctly handle the region |
| dataflow |         | kernel.cpp:6465 in systolic_k              | Since the only kind of statements allowed in a canonical dataflow region are variable declarations and function calls, the compiler may not be able to correctly handle the region |
| dataflow |         | kernel.cpp:9061 in systolic_tile_v         | Since the only kind of statements allowed in a canonical dataflow region are variable declarations and function calls, the compiler may not be able to correctly handle the region |
| dataflow |         | kernel.cpp:9434 in systolic_v              | Since the only kind of statements allowed in a canonical dataflow region are variable declarations and function calls, the compiler may not be able to correctly handle the region |
| dataflow |         | kernel.cpp:12102 in systolic_tile_qkt      | Since the only kind of statements allowed in a canonical dataflow region are variable declarations and function calls, the compiler may not be able to correctly handle the region |
| dataflow |         | kernel.cpp:12475 in systolic_qkt           | Since the only kind of statements allowed in a canonical dataflow region are variable declarations and function calls, the compiler may not be able to correctly handle the region |
| dataflow |         | kernel.cpp:15163 in systolic_tile_yv       | Since the only kind of statements allowed in a canonical dataflow region are variable declarations and function calls, the compiler may not be able to correctly handle the region |
| dataflow |         | kernel.cpp:15536 in systolic_yv            | Since the only kind of statements allowed in a canonical dataflow region are variable declarations and function calls, the compiler may not be able to correctly handle the region |
| dataflow |         | kernel.cpp:18201 in systolic_tile_attn_out | Since the only kind of statements allowed in a canonical dataflow region are variable declarations and function calls, the compiler may not be able to correctly handle the region |
| dataflow |         | kernel.cpp:18574 in systolic_attn_out      | Since the only kind of statements allowed in a canonical dataflow region are variable declarations and function calls, the compiler may not be able to correctly handle the region |
| dataflow |         | kernel.cpp:21196 in systolic_tile_mlp1     | Since the only kind of statements allowed in a canonical dataflow region are variable declarations and function calls, the compiler may not be able to correctly handle the region |
| dataflow |         | kernel.cpp:21569 in systolic_mlp1          | Since the only kind of statements allowed in a canonical dataflow region are variable declarations and function calls, the compiler may not be able to correctly handle the region |
| dataflow |         | kernel.cpp:24200 in systolic_tile_mlp2     | Since the only kind of statements allowed in a canonical dataflow region are variable declarations and function calls, the compiler may not be able to correctly handle the region |
| dataflow |         | kernel.cpp:24573 in systolic_mlp2          | Since the only kind of statements allowed in a canonical dataflow region are variable declarations and function calls, the compiler may not be able to correctly handle the region |
+----------+---------+--------------------------------------------+------------------------------------------------------------------------------------------------------------------------------------------------------------------------------------+

* Valid Pragma Syntax
+-----------------+-----------------------------------------+------------------------------------------------------+
| Type            | Options                                 | Location                                             |
+-----------------+-----------------------------------------+------------------------------------------------------+
| stream          | variable=v0 depth=2                     | kernel.cpp:27 in pe_kernel_modulate_0_0, v0          |
| stream          | variable=v1 depth=9                     | kernel.cpp:28 in pe_kernel_modulate_0_0, v1          |
| stream          | variable=v2 depth=2                     | kernel.cpp:29 in pe_kernel_modulate_0_0, v2          |
| stream          | variable=v3 depth=9                     | kernel.cpp:30 in pe_kernel_modulate_0_0, v3          |
| array_partition | variable=v4 complete dim=2              | kernel.cpp:31 in pe_kernel_modulate_0_0, v4          |
| stream          | variable=v21 depth=2                    | kernel.cpp:66 in pe_kernel_modulate_1_0, v21         |
| stream          | variable=v22 depth=9                    | kernel.cpp:67 in pe_kernel_modulate_1_0, v22         |
| stream          | variable=v23 depth=2                    | kernel.cpp:68 in pe_kernel_modulate_1_0, v23         |
| stream          | variable=v24 depth=9                    | kernel.cpp:69 in pe_kernel_modulate_1_0, v24         |
| array_partition | variable=v25 complete dim=2             | kernel.cpp:70 in pe_kernel_modulate_1_0, v25         |
| stream          | variable=v42 depth=2                    | kernel.cpp:105 in pe_kernel_modulate_2_0, v42        |
| stream          | variable=v43 depth=9                    | kernel.cpp:106 in pe_kernel_modulate_2_0, v43        |
| stream          | variable=v44 depth=2                    | kernel.cpp:107 in pe_kernel_modulate_2_0, v44        |
| stream          | variable=v45 depth=9                    | kernel.cpp:108 in pe_kernel_modulate_2_0, v45        |
| array_partition | variable=v46 complete dim=2             | kernel.cpp:109 in pe_kernel_modulate_2_0, v46        |
| stream          | variable=v63 depth=2                    | kernel.cpp:144 in pe_kernel_modulate_3_0, v63        |
| stream          | variable=v64 depth=9                    | kernel.cpp:145 in pe_kernel_modulate_3_0, v64        |
| stream          | variable=v65 depth=2                    | kernel.cpp:146 in pe_kernel_modulate_3_0, v65        |
| stream          | variable=v66 depth=9                    | kernel.cpp:147 in pe_kernel_modulate_3_0, v66        |
| array_partition | variable=v67 complete dim=2             | kernel.cpp:148 in pe_kernel_modulate_3_0, v67        |
| stream          | variable=v84 depth=2                    | kernel.cpp:183 in pe_kernel_modulate_4_0, v84        |
| stream          | variable=v85 depth=9                    | kernel.cpp:184 in pe_kernel_modulate_4_0, v85        |
| stream          | variable=v86 depth=2                    | kernel.cpp:185 in pe_kernel_modulate_4_0, v86        |
| stream          | variable=v87 depth=9                    | kernel.cpp:186 in pe_kernel_modulate_4_0, v87        |
| array_partition | variable=v88 complete dim=2             | kernel.cpp:187 in pe_kernel_modulate_4_0, v88        |
| stream          | variable=v105 depth=2                   | kernel.cpp:222 in pe_kernel_modulate_5_0, v105       |
| stream          | variable=v106 depth=9                   | kernel.cpp:223 in pe_kernel_modulate_5_0, v106       |
| stream          | variable=v107 depth=2                   | kernel.cpp:224 in pe_kernel_modulate_5_0, v107       |
| stream          | variable=v108 depth=9                   | kernel.cpp:225 in pe_kernel_modulate_5_0, v108       |
| array_partition | variable=v109 complete dim=2            | kernel.cpp:226 in pe_kernel_modulate_5_0, v109       |
| stream          | variable=v126 depth=2                   | kernel.cpp:261 in pe_kernel_modulate_6_0, v126       |
| stream          | variable=v127 depth=9                   | kernel.cpp:262 in pe_kernel_modulate_6_0, v127       |
| stream          | variable=v128 depth=2                   | kernel.cpp:263 in pe_kernel_modulate_6_0, v128       |
| stream          | variable=v129 depth=9                   | kernel.cpp:264 in pe_kernel_modulate_6_0, v129       |
| array_partition | variable=v130 complete dim=2            | kernel.cpp:265 in pe_kernel_modulate_6_0, v130       |
| stream          | variable=v147 depth=2                   | kernel.cpp:300 in pe_kernel_modulate_7_0, v147       |
| stream          | variable=v148 depth=9                   | kernel.cpp:301 in pe_kernel_modulate_7_0, v148       |
| stream          | variable=v149 depth=2                   | kernel.cpp:302 in pe_kernel_modulate_7_0, v149       |
| stream          | variable=v150 depth=9                   | kernel.cpp:303 in pe_kernel_modulate_7_0, v150       |
| array_partition | variable=v151 complete dim=2            | kernel.cpp:304 in pe_kernel_modulate_7_0, v151       |
| array_partition | variable=v169 complete dim=2            | kernel.cpp:336 in systolic_tile_modulate, v169       |
| array_partition | variable=v170 complete dim=2            | kernel.cpp:338 in systolic_tile_modulate, v170       |
| stream          | variable=A_fifo depth=2                 | kernel.cpp:341 in systolic_tile_modulate, A_fifo     |
| stream          | variable=B_fifo depth=9                 | kernel.cpp:343 in systolic_tile_modulate, B_fifo     |
| array_partition | variable=local_B complete dim=2         | kernel.cpp:415 in systolic_modulate, local_B         |
| array_partition | variable=local_C complete dim=2         | kernel.cpp:418 in systolic_modulate, local_C         |
| pipeline        | II=1                                    | kernel.cpp:424 in systolic_modulate                  |
| pipeline        | II=1                                    | kernel.cpp:436 in systolic_modulate                  |
| pipeline        | II=1                                    | kernel.cpp:443 in systolic_modulate                  |
| stream          | variable=v314 depth=9                   | kernel.cpp:567 in pe_kernel_q_0_0, v314              |
| stream          | variable=v315 depth=9                   | kernel.cpp:568 in pe_kernel_q_0_0, v315              |
| stream          | variable=v316 depth=9                   | kernel.cpp:569 in pe_kernel_q_0_0, v316              |
| stream          | variable=v317 depth=9                   | kernel.cpp:570 in pe_kernel_q_0_0, v317              |
| array_partition | variable=v318 complete dim=1            | kernel.cpp:571 in pe_kernel_q_0_0, v318              |
| array_partition | variable=v318 complete dim=2            | kernel.cpp:572 in pe_kernel_q_0_0, v318              |
| stream          | variable=v335 depth=9                   | kernel.cpp:607 in pe_kernel_q_1_0, v335              |
| stream          | variable=v336 depth=9                   | kernel.cpp:608 in pe_kernel_q_1_0, v336              |
| stream          | variable=v337 depth=9                   | kernel.cpp:609 in pe_kernel_q_1_0, v337              |
| stream          | variable=v338 depth=9                   | kernel.cpp:610 in pe_kernel_q_1_0, v338              |
| array_partition | variable=v339 complete dim=1            | kernel.cpp:611 in pe_kernel_q_1_0, v339              |
| array_partition | variable=v339 complete dim=2            | kernel.cpp:612 in pe_kernel_q_1_0, v339              |
| stream          | variable=v356 depth=9                   | kernel.cpp:647 in pe_kernel_q_2_0, v356              |
| stream          | variable=v357 depth=9                   | kernel.cpp:648 in pe_kernel_q_2_0, v357              |
| stream          | variable=v358 depth=9                   | kernel.cpp:649 in pe_kernel_q_2_0, v358              |
| stream          | variable=v359 depth=9                   | kernel.cpp:650 in pe_kernel_q_2_0, v359              |
| array_partition | variable=v360 complete dim=1            | kernel.cpp:651 in pe_kernel_q_2_0, v360              |
| array_partition | variable=v360 complete dim=2            | kernel.cpp:652 in pe_kernel_q_2_0, v360              |
| stream          | variable=v377 depth=9                   | kernel.cpp:687 in pe_kernel_q_3_0, v377              |
| stream          | variable=v378 depth=9                   | kernel.cpp:688 in pe_kernel_q_3_0, v378              |
| stream          | variable=v379 depth=9                   | kernel.cpp:689 in pe_kernel_q_3_0, v379              |
| stream          | variable=v380 depth=9                   | kernel.cpp:690 in pe_kernel_q_3_0, v380              |
| array_partition | variable=v381 complete dim=1            | kernel.cpp:691 in pe_kernel_q_3_0, v381              |
| array_partition | variable=v381 complete dim=2            | kernel.cpp:692 in pe_kernel_q_3_0, v381              |
| stream          | variable=v398 depth=9                   | kernel.cpp:727 in pe_kernel_q_4_0, v398              |
| stream          | variable=v399 depth=9                   | kernel.cpp:728 in pe_kernel_q_4_0, v399              |
| stream          | variable=v400 depth=9                   | kernel.cpp:729 in pe_kernel_q_4_0, v400              |
| stream          | variable=v401 depth=9                   | kernel.cpp:730 in pe_kernel_q_4_0, v401              |
| array_partition | variable=v402 complete dim=1            | kernel.cpp:731 in pe_kernel_q_4_0, v402              |
| array_partition | variable=v402 complete dim=2            | kernel.cpp:732 in pe_kernel_q_4_0, v402              |
| stream          | variable=v419 depth=9                   | kernel.cpp:767 in pe_kernel_q_5_0, v419              |
| stream          | variable=v420 depth=9                   | kernel.cpp:768 in pe_kernel_q_5_0, v420              |
| stream          | variable=v421 depth=9                   | kernel.cpp:769 in pe_kernel_q_5_0, v421              |
| stream          | variable=v422 depth=9                   | kernel.cpp:770 in pe_kernel_q_5_0, v422              |
| array_partition | variable=v423 complete dim=1            | kernel.cpp:771 in pe_kernel_q_5_0, v423              |
| array_partition | variable=v423 complete dim=2            | kernel.cpp:772 in pe_kernel_q_5_0, v423              |
| stream          | variable=v440 depth=9                   | kernel.cpp:807 in pe_kernel_q_6_0, v440              |
| stream          | variable=v441 depth=9                   | kernel.cpp:808 in pe_kernel_q_6_0, v441              |
| stream          | variable=v442 depth=9                   | kernel.cpp:809 in pe_kernel_q_6_0, v442              |
| stream          | variable=v443 depth=9                   | kernel.cpp:810 in pe_kernel_q_6_0, v443              |
| array_partition | variable=v444 complete dim=1            | kernel.cpp:811 in pe_kernel_q_6_0, v444              |
| array_partition | variable=v444 complete dim=2            | kernel.cpp:812 in pe_kernel_q_6_0, v444              |
| stream          | variable=v461 depth=9                   | kernel.cpp:847 in pe_kernel_q_7_0, v461              |
| stream          | variable=v462 depth=9                   | kernel.cpp:848 in pe_kernel_q_7_0, v462              |
| stream          | variable=v463 depth=9                   | kernel.cpp:849 in pe_kernel_q_7_0, v463              |
| stream          | variable=v464 depth=9                   | kernel.cpp:850 in pe_kernel_q_7_0, v464              |
| array_partition | variable=v465 complete dim=1            | kernel.cpp:851 in pe_kernel_q_7_0, v465              |
| array_partition | variable=v465 complete dim=2            | kernel.cpp:852 in pe_kernel_q_7_0, v465              |
| stream          | variable=v482 depth=9                   | kernel.cpp:887 in pe_kernel_q_0_1, v482              |
| stream          | variable=v483 depth=9                   | kernel.cpp:888 in pe_kernel_q_0_1, v483              |
| stream          | variable=v484 depth=9                   | kernel.cpp:889 in pe_kernel_q_0_1, v484              |
| stream          | variable=v485 depth=9                   | kernel.cpp:890 in pe_kernel_q_0_1, v485              |
| array_partition | variable=v486 complete dim=1            | kernel.cpp:891 in pe_kernel_q_0_1, v486              |
| array_partition | variable=v486 complete dim=2            | kernel.cpp:892 in pe_kernel_q_0_1, v486              |
| stream          | variable=v503 depth=9                   | kernel.cpp:927 in pe_kernel_q_1_1, v503              |
| stream          | variable=v504 depth=9                   | kernel.cpp:928 in pe_kernel_q_1_1, v504              |
| stream          | variable=v505 depth=9                   | kernel.cpp:929 in pe_kernel_q_1_1, v505              |
| stream          | variable=v506 depth=9                   | kernel.cpp:930 in pe_kernel_q_1_1, v506              |
| array_partition | variable=v507 complete dim=1            | kernel.cpp:931 in pe_kernel_q_1_1, v507              |
| array_partition | variable=v507 complete dim=2            | kernel.cpp:932 in pe_kernel_q_1_1, v507              |
| stream          | variable=v524 depth=9                   | kernel.cpp:967 in pe_kernel_q_2_1, v524              |
| stream          | variable=v525 depth=9                   | kernel.cpp:968 in pe_kernel_q_2_1, v525              |
| stream          | variable=v526 depth=9                   | kernel.cpp:969 in pe_kernel_q_2_1, v526              |
| stream          | variable=v527 depth=9                   | kernel.cpp:970 in pe_kernel_q_2_1, v527              |
| array_partition | variable=v528 complete dim=1            | kernel.cpp:971 in pe_kernel_q_2_1, v528              |
| array_partition | variable=v528 complete dim=2            | kernel.cpp:972 in pe_kernel_q_2_1, v528              |
| stream          | variable=v545 depth=9                   | kernel.cpp:1007 in pe_kernel_q_3_1, v545             |
| stream          | variable=v546 depth=9                   | kernel.cpp:1008 in pe_kernel_q_3_1, v546             |
| stream          | variable=v547 depth=9                   | kernel.cpp:1009 in pe_kernel_q_3_1, v547             |
| stream          | variable=v548 depth=9                   | kernel.cpp:1010 in pe_kernel_q_3_1, v548             |
| array_partition | variable=v549 complete dim=1            | kernel.cpp:1011 in pe_kernel_q_3_1, v549             |
| array_partition | variable=v549 complete dim=2            | kernel.cpp:1012 in pe_kernel_q_3_1, v549             |
| stream          | variable=v566 depth=9                   | kernel.cpp:1047 in pe_kernel_q_4_1, v566             |
| stream          | variable=v567 depth=9                   | kernel.cpp:1048 in pe_kernel_q_4_1, v567             |
| stream          | variable=v568 depth=9                   | kernel.cpp:1049 in pe_kernel_q_4_1, v568             |
| stream          | variable=v569 depth=9                   | kernel.cpp:1050 in pe_kernel_q_4_1, v569             |
| array_partition | variable=v570 complete dim=1            | kernel.cpp:1051 in pe_kernel_q_4_1, v570             |
| array_partition | variable=v570 complete dim=2            | kernel.cpp:1052 in pe_kernel_q_4_1, v570             |
| stream          | variable=v587 depth=9                   | kernel.cpp:1087 in pe_kernel_q_5_1, v587             |
| stream          | variable=v588 depth=9                   | kernel.cpp:1088 in pe_kernel_q_5_1, v588             |
| stream          | variable=v589 depth=9                   | kernel.cpp:1089 in pe_kernel_q_5_1, v589             |
| stream          | variable=v590 depth=9                   | kernel.cpp:1090 in pe_kernel_q_5_1, v590             |
| array_partition | variable=v591 complete dim=1            | kernel.cpp:1091 in pe_kernel_q_5_1, v591             |
| array_partition | variable=v591 complete dim=2            | kernel.cpp:1092 in pe_kernel_q_5_1, v591             |
| stream          | variable=v608 depth=9                   | kernel.cpp:1127 in pe_kernel_q_6_1, v608             |
| stream          | variable=v609 depth=9                   | kernel.cpp:1128 in pe_kernel_q_6_1, v609             |
| stream          | variable=v610 depth=9                   | kernel.cpp:1129 in pe_kernel_q_6_1, v610             |
| stream          | variable=v611 depth=9                   | kernel.cpp:1130 in pe_kernel_q_6_1, v611             |
| array_partition | variable=v612 complete dim=1            | kernel.cpp:1131 in pe_kernel_q_6_1, v612             |
| array_partition | variable=v612 complete dim=2            | kernel.cpp:1132 in pe_kernel_q_6_1, v612             |
| stream          | variable=v629 depth=9                   | kernel.cpp:1167 in pe_kernel_q_7_1, v629             |
| stream          | variable=v630 depth=9                   | kernel.cpp:1168 in pe_kernel_q_7_1, v630             |
| stream          | variable=v631 depth=9                   | kernel.cpp:1169 in pe_kernel_q_7_1, v631             |
| stream          | variable=v632 depth=9                   | kernel.cpp:1170 in pe_kernel_q_7_1, v632             |
| array_partition | variable=v633 complete dim=1            | kernel.cpp:1171 in pe_kernel_q_7_1, v633             |
| array_partition | variable=v633 complete dim=2            | kernel.cpp:1172 in pe_kernel_q_7_1, v633             |
| stream          | variable=v650 depth=9                   | kernel.cpp:1207 in pe_kernel_q_0_2, v650             |
| stream          | variable=v651 depth=9                   | kernel.cpp:1208 in pe_kernel_q_0_2, v651             |
| stream          | variable=v652 depth=9                   | kernel.cpp:1209 in pe_kernel_q_0_2, v652             |
| stream          | variable=v653 depth=9                   | kernel.cpp:1210 in pe_kernel_q_0_2, v653             |
| array_partition | variable=v654 complete dim=1            | kernel.cpp:1211 in pe_kernel_q_0_2, v654             |
| array_partition | variable=v654 complete dim=2            | kernel.cpp:1212 in pe_kernel_q_0_2, v654             |
| stream          | variable=v671 depth=9                   | kernel.cpp:1247 in pe_kernel_q_1_2, v671             |
| stream          | variable=v672 depth=9                   | kernel.cpp:1248 in pe_kernel_q_1_2, v672             |
| stream          | variable=v673 depth=9                   | kernel.cpp:1249 in pe_kernel_q_1_2, v673             |
| stream          | variable=v674 depth=9                   | kernel.cpp:1250 in pe_kernel_q_1_2, v674             |
| array_partition | variable=v675 complete dim=1            | kernel.cpp:1251 in pe_kernel_q_1_2, v675             |
| array_partition | variable=v675 complete dim=2            | kernel.cpp:1252 in pe_kernel_q_1_2, v675             |
| stream          | variable=v692 depth=9                   | kernel.cpp:1287 in pe_kernel_q_2_2, v692             |
| stream          | variable=v693 depth=9                   | kernel.cpp:1288 in pe_kernel_q_2_2, v693             |
| stream          | variable=v694 depth=9                   | kernel.cpp:1289 in pe_kernel_q_2_2, v694             |
| stream          | variable=v695 depth=9                   | kernel.cpp:1290 in pe_kernel_q_2_2, v695             |
| array_partition | variable=v696 complete dim=1            | kernel.cpp:1291 in pe_kernel_q_2_2, v696             |
| array_partition | variable=v696 complete dim=2            | kernel.cpp:1292 in pe_kernel_q_2_2, v696             |
| stream          | variable=v713 depth=9                   | kernel.cpp:1327 in pe_kernel_q_3_2, v713             |
| stream          | variable=v714 depth=9                   | kernel.cpp:1328 in pe_kernel_q_3_2, v714             |
| stream          | variable=v715 depth=9                   | kernel.cpp:1329 in pe_kernel_q_3_2, v715             |
| stream          | variable=v716 depth=9                   | kernel.cpp:1330 in pe_kernel_q_3_2, v716             |
| array_partition | variable=v717 complete dim=1            | kernel.cpp:1331 in pe_kernel_q_3_2, v717             |
| array_partition | variable=v717 complete dim=2            | kernel.cpp:1332 in pe_kernel_q_3_2, v717             |
| stream          | variable=v734 depth=9                   | kernel.cpp:1367 in pe_kernel_q_4_2, v734             |
| stream          | variable=v735 depth=9                   | kernel.cpp:1368 in pe_kernel_q_4_2, v735             |
| stream          | variable=v736 depth=9                   | kernel.cpp:1369 in pe_kernel_q_4_2, v736             |
| stream          | variable=v737 depth=9                   | kernel.cpp:1370 in pe_kernel_q_4_2, v737             |
| array_partition | variable=v738 complete dim=1            | kernel.cpp:1371 in pe_kernel_q_4_2, v738             |
| array_partition | variable=v738 complete dim=2            | kernel.cpp:1372 in pe_kernel_q_4_2, v738             |
| stream          | variable=v755 depth=9                   | kernel.cpp:1407 in pe_kernel_q_5_2, v755             |
| stream          | variable=v756 depth=9                   | kernel.cpp:1408 in pe_kernel_q_5_2, v756             |
| stream          | variable=v757 depth=9                   | kernel.cpp:1409 in pe_kernel_q_5_2, v757             |
| stream          | variable=v758 depth=9                   | kernel.cpp:1410 in pe_kernel_q_5_2, v758             |
| array_partition | variable=v759 complete dim=1            | kernel.cpp:1411 in pe_kernel_q_5_2, v759             |
| array_partition | variable=v759 complete dim=2            | kernel.cpp:1412 in pe_kernel_q_5_2, v759             |
| stream          | variable=v776 depth=9                   | kernel.cpp:1447 in pe_kernel_q_6_2, v776             |
| stream          | variable=v777 depth=9                   | kernel.cpp:1448 in pe_kernel_q_6_2, v777             |
| stream          | variable=v778 depth=9                   | kernel.cpp:1449 in pe_kernel_q_6_2, v778             |
| stream          | variable=v779 depth=9                   | kernel.cpp:1450 in pe_kernel_q_6_2, v779             |
| array_partition | variable=v780 complete dim=1            | kernel.cpp:1451 in pe_kernel_q_6_2, v780             |
| array_partition | variable=v780 complete dim=2            | kernel.cpp:1452 in pe_kernel_q_6_2, v780             |
| stream          | variable=v797 depth=9                   | kernel.cpp:1487 in pe_kernel_q_7_2, v797             |
| stream          | variable=v798 depth=9                   | kernel.cpp:1488 in pe_kernel_q_7_2, v798             |
| stream          | variable=v799 depth=9                   | kernel.cpp:1489 in pe_kernel_q_7_2, v799             |
| stream          | variable=v800 depth=9                   | kernel.cpp:1490 in pe_kernel_q_7_2, v800             |
| array_partition | variable=v801 complete dim=1            | kernel.cpp:1491 in pe_kernel_q_7_2, v801             |
| array_partition | variable=v801 complete dim=2            | kernel.cpp:1492 in pe_kernel_q_7_2, v801             |
| stream          | variable=v818 depth=9                   | kernel.cpp:1527 in pe_kernel_q_0_3, v818             |
| stream          | variable=v819 depth=9                   | kernel.cpp:1528 in pe_kernel_q_0_3, v819             |
| stream          | variable=v820 depth=9                   | kernel.cpp:1529 in pe_kernel_q_0_3, v820             |
| stream          | variable=v821 depth=9                   | kernel.cpp:1530 in pe_kernel_q_0_3, v821             |
| array_partition | variable=v822 complete dim=1            | kernel.cpp:1531 in pe_kernel_q_0_3, v822             |
| array_partition | variable=v822 complete dim=2            | kernel.cpp:1532 in pe_kernel_q_0_3, v822             |
| stream          | variable=v839 depth=9                   | kernel.cpp:1567 in pe_kernel_q_1_3, v839             |
| stream          | variable=v840 depth=9                   | kernel.cpp:1568 in pe_kernel_q_1_3, v840             |
| stream          | variable=v841 depth=9                   | kernel.cpp:1569 in pe_kernel_q_1_3, v841             |
| stream          | variable=v842 depth=9                   | kernel.cpp:1570 in pe_kernel_q_1_3, v842             |
| array_partition | variable=v843 complete dim=1            | kernel.cpp:1571 in pe_kernel_q_1_3, v843             |
| array_partition | variable=v843 complete dim=2            | kernel.cpp:1572 in pe_kernel_q_1_3, v843             |
| stream          | variable=v860 depth=9                   | kernel.cpp:1607 in pe_kernel_q_2_3, v860             |
| stream          | variable=v861 depth=9                   | kernel.cpp:1608 in pe_kernel_q_2_3, v861             |
| stream          | variable=v862 depth=9                   | kernel.cpp:1609 in pe_kernel_q_2_3, v862             |
| stream          | variable=v863 depth=9                   | kernel.cpp:1610 in pe_kernel_q_2_3, v863             |
| array_partition | variable=v864 complete dim=1            | kernel.cpp:1611 in pe_kernel_q_2_3, v864             |
| array_partition | variable=v864 complete dim=2            | kernel.cpp:1612 in pe_kernel_q_2_3, v864             |
| stream          | variable=v881 depth=9                   | kernel.cpp:1647 in pe_kernel_q_3_3, v881             |
| stream          | variable=v882 depth=9                   | kernel.cpp:1648 in pe_kernel_q_3_3, v882             |
| stream          | variable=v883 depth=9                   | kernel.cpp:1649 in pe_kernel_q_3_3, v883             |
| stream          | variable=v884 depth=9                   | kernel.cpp:1650 in pe_kernel_q_3_3, v884             |
| array_partition | variable=v885 complete dim=1            | kernel.cpp:1651 in pe_kernel_q_3_3, v885             |
| array_partition | variable=v885 complete dim=2            | kernel.cpp:1652 in pe_kernel_q_3_3, v885             |
| stream          | variable=v902 depth=9                   | kernel.cpp:1687 in pe_kernel_q_4_3, v902             |
| stream          | variable=v903 depth=9                   | kernel.cpp:1688 in pe_kernel_q_4_3, v903             |
| stream          | variable=v904 depth=9                   | kernel.cpp:1689 in pe_kernel_q_4_3, v904             |
| stream          | variable=v905 depth=9                   | kernel.cpp:1690 in pe_kernel_q_4_3, v905             |
| array_partition | variable=v906 complete dim=1            | kernel.cpp:1691 in pe_kernel_q_4_3, v906             |
| array_partition | variable=v906 complete dim=2            | kernel.cpp:1692 in pe_kernel_q_4_3, v906             |
| stream          | variable=v923 depth=9                   | kernel.cpp:1727 in pe_kernel_q_5_3, v923             |
| stream          | variable=v924 depth=9                   | kernel.cpp:1728 in pe_kernel_q_5_3, v924             |
| stream          | variable=v925 depth=9                   | kernel.cpp:1729 in pe_kernel_q_5_3, v925             |
| stream          | variable=v926 depth=9                   | kernel.cpp:1730 in pe_kernel_q_5_3, v926             |
| array_partition | variable=v927 complete dim=1            | kernel.cpp:1731 in pe_kernel_q_5_3, v927             |
| array_partition | variable=v927 complete dim=2            | kernel.cpp:1732 in pe_kernel_q_5_3, v927             |
| stream          | variable=v944 depth=9                   | kernel.cpp:1767 in pe_kernel_q_6_3, v944             |
| stream          | variable=v945 depth=9                   | kernel.cpp:1768 in pe_kernel_q_6_3, v945             |
| stream          | variable=v946 depth=9                   | kernel.cpp:1769 in pe_kernel_q_6_3, v946             |
| stream          | variable=v947 depth=9                   | kernel.cpp:1770 in pe_kernel_q_6_3, v947             |
| array_partition | variable=v948 complete dim=1            | kernel.cpp:1771 in pe_kernel_q_6_3, v948             |
| array_partition | variable=v948 complete dim=2            | kernel.cpp:1772 in pe_kernel_q_6_3, v948             |
| stream          | variable=v965 depth=9                   | kernel.cpp:1807 in pe_kernel_q_7_3, v965             |
| stream          | variable=v966 depth=9                   | kernel.cpp:1808 in pe_kernel_q_7_3, v966             |
| stream          | variable=v967 depth=9                   | kernel.cpp:1809 in pe_kernel_q_7_3, v967             |
| stream          | variable=v968 depth=9                   | kernel.cpp:1810 in pe_kernel_q_7_3, v968             |
| array_partition | variable=v969 complete dim=1            | kernel.cpp:1811 in pe_kernel_q_7_3, v969             |
| array_partition | variable=v969 complete dim=2            | kernel.cpp:1812 in pe_kernel_q_7_3, v969             |
| stream          | variable=v986 depth=9                   | kernel.cpp:1847 in pe_kernel_q_0_4, v986             |
| stream          | variable=v987 depth=9                   | kernel.cpp:1848 in pe_kernel_q_0_4, v987             |
| stream          | variable=v988 depth=9                   | kernel.cpp:1849 in pe_kernel_q_0_4, v988             |
| stream          | variable=v989 depth=9                   | kernel.cpp:1850 in pe_kernel_q_0_4, v989             |
| array_partition | variable=v990 complete dim=1            | kernel.cpp:1851 in pe_kernel_q_0_4, v990             |
| array_partition | variable=v990 complete dim=2            | kernel.cpp:1852 in pe_kernel_q_0_4, v990             |
| stream          | variable=v1007 depth=9                  | kernel.cpp:1887 in pe_kernel_q_1_4, v1007            |
| stream          | variable=v1008 depth=9                  | kernel.cpp:1888 in pe_kernel_q_1_4, v1008            |
| stream          | variable=v1009 depth=9                  | kernel.cpp:1889 in pe_kernel_q_1_4, v1009            |
| stream          | variable=v1010 depth=9                  | kernel.cpp:1890 in pe_kernel_q_1_4, v1010            |
| array_partition | variable=v1011 complete dim=1           | kernel.cpp:1891 in pe_kernel_q_1_4, v1011            |
| array_partition | variable=v1011 complete dim=2           | kernel.cpp:1892 in pe_kernel_q_1_4, v1011            |
| stream          | variable=v1028 depth=9                  | kernel.cpp:1927 in pe_kernel_q_2_4, v1028            |
| stream          | variable=v1029 depth=9                  | kernel.cpp:1928 in pe_kernel_q_2_4, v1029            |
| stream          | variable=v1030 depth=9                  | kernel.cpp:1929 in pe_kernel_q_2_4, v1030            |
| stream          | variable=v1031 depth=9                  | kernel.cpp:1930 in pe_kernel_q_2_4, v1031            |
| array_partition | variable=v1032 complete dim=1           | kernel.cpp:1931 in pe_kernel_q_2_4, v1032            |
| array_partition | variable=v1032 complete dim=2           | kernel.cpp:1932 in pe_kernel_q_2_4, v1032            |
| stream          | variable=v1049 depth=9                  | kernel.cpp:1967 in pe_kernel_q_3_4, v1049            |
| stream          | variable=v1050 depth=9                  | kernel.cpp:1968 in pe_kernel_q_3_4, v1050            |
| stream          | variable=v1051 depth=9                  | kernel.cpp:1969 in pe_kernel_q_3_4, v1051            |
| stream          | variable=v1052 depth=9                  | kernel.cpp:1970 in pe_kernel_q_3_4, v1052            |
| array_partition | variable=v1053 complete dim=1           | kernel.cpp:1971 in pe_kernel_q_3_4, v1053            |
| array_partition | variable=v1053 complete dim=2           | kernel.cpp:1972 in pe_kernel_q_3_4, v1053            |
| stream          | variable=v1070 depth=9                  | kernel.cpp:2007 in pe_kernel_q_4_4, v1070            |
| stream          | variable=v1071 depth=9                  | kernel.cpp:2008 in pe_kernel_q_4_4, v1071            |
| stream          | variable=v1072 depth=9                  | kernel.cpp:2009 in pe_kernel_q_4_4, v1072            |
| stream          | variable=v1073 depth=9                  | kernel.cpp:2010 in pe_kernel_q_4_4, v1073            |
| array_partition | variable=v1074 complete dim=1           | kernel.cpp:2011 in pe_kernel_q_4_4, v1074            |
| array_partition | variable=v1074 complete dim=2           | kernel.cpp:2012 in pe_kernel_q_4_4, v1074            |
| stream          | variable=v1091 depth=9                  | kernel.cpp:2047 in pe_kernel_q_5_4, v1091            |
| stream          | variable=v1092 depth=9                  | kernel.cpp:2048 in pe_kernel_q_5_4, v1092            |
| stream          | variable=v1093 depth=9                  | kernel.cpp:2049 in pe_kernel_q_5_4, v1093            |
| stream          | variable=v1094 depth=9                  | kernel.cpp:2050 in pe_kernel_q_5_4, v1094            |
| array_partition | variable=v1095 complete dim=1           | kernel.cpp:2051 in pe_kernel_q_5_4, v1095            |
| array_partition | variable=v1095 complete dim=2           | kernel.cpp:2052 in pe_kernel_q_5_4, v1095            |
| stream          | variable=v1112 depth=9                  | kernel.cpp:2087 in pe_kernel_q_6_4, v1112            |
| stream          | variable=v1113 depth=9                  | kernel.cpp:2088 in pe_kernel_q_6_4, v1113            |
| stream          | variable=v1114 depth=9                  | kernel.cpp:2089 in pe_kernel_q_6_4, v1114            |
| stream          | variable=v1115 depth=9                  | kernel.cpp:2090 in pe_kernel_q_6_4, v1115            |
| array_partition | variable=v1116 complete dim=1           | kernel.cpp:2091 in pe_kernel_q_6_4, v1116            |
| array_partition | variable=v1116 complete dim=2           | kernel.cpp:2092 in pe_kernel_q_6_4, v1116            |
| stream          | variable=v1133 depth=9                  | kernel.cpp:2127 in pe_kernel_q_7_4, v1133            |
| stream          | variable=v1134 depth=9                  | kernel.cpp:2128 in pe_kernel_q_7_4, v1134            |
| stream          | variable=v1135 depth=9                  | kernel.cpp:2129 in pe_kernel_q_7_4, v1135            |
| stream          | variable=v1136 depth=9                  | kernel.cpp:2130 in pe_kernel_q_7_4, v1136            |
| array_partition | variable=v1137 complete dim=1           | kernel.cpp:2131 in pe_kernel_q_7_4, v1137            |
| array_partition | variable=v1137 complete dim=2           | kernel.cpp:2132 in pe_kernel_q_7_4, v1137            |
| stream          | variable=v1154 depth=9                  | kernel.cpp:2167 in pe_kernel_q_0_5, v1154            |
| stream          | variable=v1155 depth=9                  | kernel.cpp:2168 in pe_kernel_q_0_5, v1155            |
| stream          | variable=v1156 depth=9                  | kernel.cpp:2169 in pe_kernel_q_0_5, v1156            |
| stream          | variable=v1157 depth=9                  | kernel.cpp:2170 in pe_kernel_q_0_5, v1157            |
| array_partition | variable=v1158 complete dim=1           | kernel.cpp:2171 in pe_kernel_q_0_5, v1158            |
| array_partition | variable=v1158 complete dim=2           | kernel.cpp:2172 in pe_kernel_q_0_5, v1158            |
| stream          | variable=v1175 depth=9                  | kernel.cpp:2207 in pe_kernel_q_1_5, v1175            |
| stream          | variable=v1176 depth=9                  | kernel.cpp:2208 in pe_kernel_q_1_5, v1176            |
| stream          | variable=v1177 depth=9                  | kernel.cpp:2209 in pe_kernel_q_1_5, v1177            |
| stream          | variable=v1178 depth=9                  | kernel.cpp:2210 in pe_kernel_q_1_5, v1178            |
| array_partition | variable=v1179 complete dim=1           | kernel.cpp:2211 in pe_kernel_q_1_5, v1179            |
| array_partition | variable=v1179 complete dim=2           | kernel.cpp:2212 in pe_kernel_q_1_5, v1179            |
| stream          | variable=v1196 depth=9                  | kernel.cpp:2247 in pe_kernel_q_2_5, v1196            |
| stream          | variable=v1197 depth=9                  | kernel.cpp:2248 in pe_kernel_q_2_5, v1197            |
| stream          | variable=v1198 depth=9                  | kernel.cpp:2249 in pe_kernel_q_2_5, v1198            |
| stream          | variable=v1199 depth=9                  | kernel.cpp:2250 in pe_kernel_q_2_5, v1199            |
| array_partition | variable=v1200 complete dim=1           | kernel.cpp:2251 in pe_kernel_q_2_5, v1200            |
| array_partition | variable=v1200 complete dim=2           | kernel.cpp:2252 in pe_kernel_q_2_5, v1200            |
| stream          | variable=v1217 depth=9                  | kernel.cpp:2287 in pe_kernel_q_3_5, v1217            |
| stream          | variable=v1218 depth=9                  | kernel.cpp:2288 in pe_kernel_q_3_5, v1218            |
| stream          | variable=v1219 depth=9                  | kernel.cpp:2289 in pe_kernel_q_3_5, v1219            |
| stream          | variable=v1220 depth=9                  | kernel.cpp:2290 in pe_kernel_q_3_5, v1220            |
| array_partition | variable=v1221 complete dim=1           | kernel.cpp:2291 in pe_kernel_q_3_5, v1221            |
| array_partition | variable=v1221 complete dim=2           | kernel.cpp:2292 in pe_kernel_q_3_5, v1221            |
| stream          | variable=v1238 depth=9                  | kernel.cpp:2327 in pe_kernel_q_4_5, v1238            |
| stream          | variable=v1239 depth=9                  | kernel.cpp:2328 in pe_kernel_q_4_5, v1239            |
| stream          | variable=v1240 depth=9                  | kernel.cpp:2329 in pe_kernel_q_4_5, v1240            |
| stream          | variable=v1241 depth=9                  | kernel.cpp:2330 in pe_kernel_q_4_5, v1241            |
| array_partition | variable=v1242 complete dim=1           | kernel.cpp:2331 in pe_kernel_q_4_5, v1242            |
| array_partition | variable=v1242 complete dim=2           | kernel.cpp:2332 in pe_kernel_q_4_5, v1242            |
| stream          | variable=v1259 depth=9                  | kernel.cpp:2367 in pe_kernel_q_5_5, v1259            |
| stream          | variable=v1260 depth=9                  | kernel.cpp:2368 in pe_kernel_q_5_5, v1260            |
| stream          | variable=v1261 depth=9                  | kernel.cpp:2369 in pe_kernel_q_5_5, v1261            |
| stream          | variable=v1262 depth=9                  | kernel.cpp:2370 in pe_kernel_q_5_5, v1262            |
| array_partition | variable=v1263 complete dim=1           | kernel.cpp:2371 in pe_kernel_q_5_5, v1263            |
| array_partition | variable=v1263 complete dim=2           | kernel.cpp:2372 in pe_kernel_q_5_5, v1263            |
| stream          | variable=v1280 depth=9                  | kernel.cpp:2407 in pe_kernel_q_6_5, v1280            |
| stream          | variable=v1281 depth=9                  | kernel.cpp:2408 in pe_kernel_q_6_5, v1281            |
| stream          | variable=v1282 depth=9                  | kernel.cpp:2409 in pe_kernel_q_6_5, v1282            |
| stream          | variable=v1283 depth=9                  | kernel.cpp:2410 in pe_kernel_q_6_5, v1283            |
| array_partition | variable=v1284 complete dim=1           | kernel.cpp:2411 in pe_kernel_q_6_5, v1284            |
| array_partition | variable=v1284 complete dim=2           | kernel.cpp:2412 in pe_kernel_q_6_5, v1284            |
| stream          | variable=v1301 depth=9                  | kernel.cpp:2447 in pe_kernel_q_7_5, v1301            |
| stream          | variable=v1302 depth=9                  | kernel.cpp:2448 in pe_kernel_q_7_5, v1302            |
| stream          | variable=v1303 depth=9                  | kernel.cpp:2449 in pe_kernel_q_7_5, v1303            |
| stream          | variable=v1304 depth=9                  | kernel.cpp:2450 in pe_kernel_q_7_5, v1304            |
| array_partition | variable=v1305 complete dim=1           | kernel.cpp:2451 in pe_kernel_q_7_5, v1305            |
| array_partition | variable=v1305 complete dim=2           | kernel.cpp:2452 in pe_kernel_q_7_5, v1305            |
| stream          | variable=v1322 depth=9                  | kernel.cpp:2487 in pe_kernel_q_0_6, v1322            |
| stream          | variable=v1323 depth=9                  | kernel.cpp:2488 in pe_kernel_q_0_6, v1323            |
| stream          | variable=v1324 depth=9                  | kernel.cpp:2489 in pe_kernel_q_0_6, v1324            |
| stream          | variable=v1325 depth=9                  | kernel.cpp:2490 in pe_kernel_q_0_6, v1325            |
| array_partition | variable=v1326 complete dim=1           | kernel.cpp:2491 in pe_kernel_q_0_6, v1326            |
| array_partition | variable=v1326 complete dim=2           | kernel.cpp:2492 in pe_kernel_q_0_6, v1326            |
| stream          | variable=v1343 depth=9                  | kernel.cpp:2527 in pe_kernel_q_1_6, v1343            |
| stream          | variable=v1344 depth=9                  | kernel.cpp:2528 in pe_kernel_q_1_6, v1344            |
| stream          | variable=v1345 depth=9                  | kernel.cpp:2529 in pe_kernel_q_1_6, v1345            |
| stream          | variable=v1346 depth=9                  | kernel.cpp:2530 in pe_kernel_q_1_6, v1346            |
| array_partition | variable=v1347 complete dim=1           | kernel.cpp:2531 in pe_kernel_q_1_6, v1347            |
| array_partition | variable=v1347 complete dim=2           | kernel.cpp:2532 in pe_kernel_q_1_6, v1347            |
| stream          | variable=v1364 depth=9                  | kernel.cpp:2567 in pe_kernel_q_2_6, v1364            |
| stream          | variable=v1365 depth=9                  | kernel.cpp:2568 in pe_kernel_q_2_6, v1365            |
| stream          | variable=v1366 depth=9                  | kernel.cpp:2569 in pe_kernel_q_2_6, v1366            |
| stream          | variable=v1367 depth=9                  | kernel.cpp:2570 in pe_kernel_q_2_6, v1367            |
| array_partition | variable=v1368 complete dim=1           | kernel.cpp:2571 in pe_kernel_q_2_6, v1368            |
| array_partition | variable=v1368 complete dim=2           | kernel.cpp:2572 in pe_kernel_q_2_6, v1368            |
| stream          | variable=v1385 depth=9                  | kernel.cpp:2607 in pe_kernel_q_3_6, v1385            |
| stream          | variable=v1386 depth=9                  | kernel.cpp:2608 in pe_kernel_q_3_6, v1386            |
| stream          | variable=v1387 depth=9                  | kernel.cpp:2609 in pe_kernel_q_3_6, v1387            |
| stream          | variable=v1388 depth=9                  | kernel.cpp:2610 in pe_kernel_q_3_6, v1388            |
| array_partition | variable=v1389 complete dim=1           | kernel.cpp:2611 in pe_kernel_q_3_6, v1389            |
| array_partition | variable=v1389 complete dim=2           | kernel.cpp:2612 in pe_kernel_q_3_6, v1389            |
| stream          | variable=v1406 depth=9                  | kernel.cpp:2647 in pe_kernel_q_4_6, v1406            |
| stream          | variable=v1407 depth=9                  | kernel.cpp:2648 in pe_kernel_q_4_6, v1407            |
| stream          | variable=v1408 depth=9                  | kernel.cpp:2649 in pe_kernel_q_4_6, v1408            |
| stream          | variable=v1409 depth=9                  | kernel.cpp:2650 in pe_kernel_q_4_6, v1409            |
| array_partition | variable=v1410 complete dim=1           | kernel.cpp:2651 in pe_kernel_q_4_6, v1410            |
| array_partition | variable=v1410 complete dim=2           | kernel.cpp:2652 in pe_kernel_q_4_6, v1410            |
| stream          | variable=v1427 depth=9                  | kernel.cpp:2687 in pe_kernel_q_5_6, v1427            |
| stream          | variable=v1428 depth=9                  | kernel.cpp:2688 in pe_kernel_q_5_6, v1428            |
| stream          | variable=v1429 depth=9                  | kernel.cpp:2689 in pe_kernel_q_5_6, v1429            |
| stream          | variable=v1430 depth=9                  | kernel.cpp:2690 in pe_kernel_q_5_6, v1430            |
| array_partition | variable=v1431 complete dim=1           | kernel.cpp:2691 in pe_kernel_q_5_6, v1431            |
| array_partition | variable=v1431 complete dim=2           | kernel.cpp:2692 in pe_kernel_q_5_6, v1431            |
| stream          | variable=v1448 depth=9                  | kernel.cpp:2727 in pe_kernel_q_6_6, v1448            |
| stream          | variable=v1449 depth=9                  | kernel.cpp:2728 in pe_kernel_q_6_6, v1449            |
| stream          | variable=v1450 depth=9                  | kernel.cpp:2729 in pe_kernel_q_6_6, v1450            |
| stream          | variable=v1451 depth=9                  | kernel.cpp:2730 in pe_kernel_q_6_6, v1451            |
| array_partition | variable=v1452 complete dim=1           | kernel.cpp:2731 in pe_kernel_q_6_6, v1452            |
| array_partition | variable=v1452 complete dim=2           | kernel.cpp:2732 in pe_kernel_q_6_6, v1452            |
| stream          | variable=v1469 depth=9                  | kernel.cpp:2767 in pe_kernel_q_7_6, v1469            |
| stream          | variable=v1470 depth=9                  | kernel.cpp:2768 in pe_kernel_q_7_6, v1470            |
| stream          | variable=v1471 depth=9                  | kernel.cpp:2769 in pe_kernel_q_7_6, v1471            |
| stream          | variable=v1472 depth=9                  | kernel.cpp:2770 in pe_kernel_q_7_6, v1472            |
| array_partition | variable=v1473 complete dim=1           | kernel.cpp:2771 in pe_kernel_q_7_6, v1473            |
| array_partition | variable=v1473 complete dim=2           | kernel.cpp:2772 in pe_kernel_q_7_6, v1473            |
| stream          | variable=v1490 depth=9                  | kernel.cpp:2807 in pe_kernel_q_0_7, v1490            |
| stream          | variable=v1491 depth=9                  | kernel.cpp:2808 in pe_kernel_q_0_7, v1491            |
| stream          | variable=v1492 depth=9                  | kernel.cpp:2809 in pe_kernel_q_0_7, v1492            |
| stream          | variable=v1493 depth=9                  | kernel.cpp:2810 in pe_kernel_q_0_7, v1493            |
| array_partition | variable=v1494 complete dim=1           | kernel.cpp:2811 in pe_kernel_q_0_7, v1494            |
| array_partition | variable=v1494 complete dim=2           | kernel.cpp:2812 in pe_kernel_q_0_7, v1494            |
| stream          | variable=v1511 depth=9                  | kernel.cpp:2847 in pe_kernel_q_1_7, v1511            |
| stream          | variable=v1512 depth=9                  | kernel.cpp:2848 in pe_kernel_q_1_7, v1512            |
| stream          | variable=v1513 depth=9                  | kernel.cpp:2849 in pe_kernel_q_1_7, v1513            |
| stream          | variable=v1514 depth=9                  | kernel.cpp:2850 in pe_kernel_q_1_7, v1514            |
| array_partition | variable=v1515 complete dim=1           | kernel.cpp:2851 in pe_kernel_q_1_7, v1515            |
| array_partition | variable=v1515 complete dim=2           | kernel.cpp:2852 in pe_kernel_q_1_7, v1515            |
| stream          | variable=v1532 depth=9                  | kernel.cpp:2887 in pe_kernel_q_2_7, v1532            |
| stream          | variable=v1533 depth=9                  | kernel.cpp:2888 in pe_kernel_q_2_7, v1533            |
| stream          | variable=v1534 depth=9                  | kernel.cpp:2889 in pe_kernel_q_2_7, v1534            |
| stream          | variable=v1535 depth=9                  | kernel.cpp:2890 in pe_kernel_q_2_7, v1535            |
| array_partition | variable=v1536 complete dim=1           | kernel.cpp:2891 in pe_kernel_q_2_7, v1536            |
| array_partition | variable=v1536 complete dim=2           | kernel.cpp:2892 in pe_kernel_q_2_7, v1536            |
| stream          | variable=v1553 depth=9                  | kernel.cpp:2927 in pe_kernel_q_3_7, v1553            |
| stream          | variable=v1554 depth=9                  | kernel.cpp:2928 in pe_kernel_q_3_7, v1554            |
| stream          | variable=v1555 depth=9                  | kernel.cpp:2929 in pe_kernel_q_3_7, v1555            |
| stream          | variable=v1556 depth=9                  | kernel.cpp:2930 in pe_kernel_q_3_7, v1556            |
| array_partition | variable=v1557 complete dim=1           | kernel.cpp:2931 in pe_kernel_q_3_7, v1557            |
| array_partition | variable=v1557 complete dim=2           | kernel.cpp:2932 in pe_kernel_q_3_7, v1557            |
| stream          | variable=v1574 depth=9                  | kernel.cpp:2967 in pe_kernel_q_4_7, v1574            |
| stream          | variable=v1575 depth=9                  | kernel.cpp:2968 in pe_kernel_q_4_7, v1575            |
| stream          | variable=v1576 depth=9                  | kernel.cpp:2969 in pe_kernel_q_4_7, v1576            |
| stream          | variable=v1577 depth=9                  | kernel.cpp:2970 in pe_kernel_q_4_7, v1577            |
| array_partition | variable=v1578 complete dim=1           | kernel.cpp:2971 in pe_kernel_q_4_7, v1578            |
| array_partition | variable=v1578 complete dim=2           | kernel.cpp:2972 in pe_kernel_q_4_7, v1578            |
| stream          | variable=v1595 depth=9                  | kernel.cpp:3007 in pe_kernel_q_5_7, v1595            |
| stream          | variable=v1596 depth=9                  | kernel.cpp:3008 in pe_kernel_q_5_7, v1596            |
| stream          | variable=v1597 depth=9                  | kernel.cpp:3009 in pe_kernel_q_5_7, v1597            |
| stream          | variable=v1598 depth=9                  | kernel.cpp:3010 in pe_kernel_q_5_7, v1598            |
| array_partition | variable=v1599 complete dim=1           | kernel.cpp:3011 in pe_kernel_q_5_7, v1599            |
| array_partition | variable=v1599 complete dim=2           | kernel.cpp:3012 in pe_kernel_q_5_7, v1599            |
| stream          | variable=v1616 depth=9                  | kernel.cpp:3047 in pe_kernel_q_6_7, v1616            |
| stream          | variable=v1617 depth=9                  | kernel.cpp:3048 in pe_kernel_q_6_7, v1617            |
| stream          | variable=v1618 depth=9                  | kernel.cpp:3049 in pe_kernel_q_6_7, v1618            |
| stream          | variable=v1619 depth=9                  | kernel.cpp:3050 in pe_kernel_q_6_7, v1619            |
| array_partition | variable=v1620 complete dim=1           | kernel.cpp:3051 in pe_kernel_q_6_7, v1620            |
| array_partition | variable=v1620 complete dim=2           | kernel.cpp:3052 in pe_kernel_q_6_7, v1620            |
| stream          | variable=v1637 depth=9                  | kernel.cpp:3087 in pe_kernel_q_7_7, v1637            |
| stream          | variable=v1638 depth=9                  | kernel.cpp:3088 in pe_kernel_q_7_7, v1638            |
| stream          | variable=v1639 depth=9                  | kernel.cpp:3089 in pe_kernel_q_7_7, v1639            |
| stream          | variable=v1640 depth=9                  | kernel.cpp:3090 in pe_kernel_q_7_7, v1640            |
| array_partition | variable=v1641 complete dim=1           | kernel.cpp:3091 in pe_kernel_q_7_7, v1641            |
| array_partition | variable=v1641 complete dim=2           | kernel.cpp:3092 in pe_kernel_q_7_7, v1641            |
| array_partition | variable=v1658 complete dim=1           | kernel.cpp:3124 in systolic_tile_q, v1658            |
| array_partition | variable=v1659 complete dim=2           | kernel.cpp:3126 in systolic_tile_q, v1659            |
| array_partition | variable=v1660 complete dim=1           | kernel.cpp:3128 in systolic_tile_q, v1660            |
| array_partition | variable=v1660 complete dim=2           | kernel.cpp:3129 in systolic_tile_q, v1660            |
| stream          | variable=A_fifo1 depth=9                | kernel.cpp:3132 in systolic_tile_q, A_fifo1          |
| stream          | variable=B_fifo1 depth=9                | kernel.cpp:3134 in systolic_tile_q, B_fifo1          |
| array_partition | variable=local_A1 complete dim=1        | kernel.cpp:3485 in systolic_q, local_A1              |
| array_partition | variable=local_B1 complete dim=2        | kernel.cpp:3488 in systolic_q, local_B1              |
| array_partition | variable=local_C1 complete dim=1        | kernel.cpp:3491 in systolic_q, local_C1              |
| array_partition | variable=local_C1 complete dim=2        | kernel.cpp:3492 in systolic_q, local_C1              |
| pipeline        | II=1                                    | kernel.cpp:3499 in systolic_q                        |
| pipeline        | II=1                                    | kernel.cpp:3510 in systolic_q                        |
| pipeline        | II=1                                    | kernel.cpp:3518 in systolic_q                        |
| stream          | variable=v1950 depth=9                  | kernel.cpp:3536 in pe_kernel_k_0_0, v1950            |
| stream          | variable=v1951 depth=9                  | kernel.cpp:3537 in pe_kernel_k_0_0, v1951            |
| stream          | variable=v1952 depth=9                  | kernel.cpp:3538 in pe_kernel_k_0_0, v1952            |
| stream          | variable=v1953 depth=9                  | kernel.cpp:3539 in pe_kernel_k_0_0, v1953            |
| array_partition | variable=v1954 complete dim=1           | kernel.cpp:3540 in pe_kernel_k_0_0, v1954            |
| array_partition | variable=v1954 complete dim=2           | kernel.cpp:3541 in pe_kernel_k_0_0, v1954            |
| stream          | variable=v1971 depth=9                  | kernel.cpp:3576 in pe_kernel_k_1_0, v1971            |
| stream          | variable=v1972 depth=9                  | kernel.cpp:3577 in pe_kernel_k_1_0, v1972            |
| stream          | variable=v1973 depth=9                  | kernel.cpp:3578 in pe_kernel_k_1_0, v1973            |
| stream          | variable=v1974 depth=9                  | kernel.cpp:3579 in pe_kernel_k_1_0, v1974            |
| array_partition | variable=v1975 complete dim=1           | kernel.cpp:3580 in pe_kernel_k_1_0, v1975            |
| array_partition | variable=v1975 complete dim=2           | kernel.cpp:3581 in pe_kernel_k_1_0, v1975            |
| stream          | variable=v1992 depth=9                  | kernel.cpp:3616 in pe_kernel_k_2_0, v1992            |
| stream          | variable=v1993 depth=9                  | kernel.cpp:3617 in pe_kernel_k_2_0, v1993            |
| stream          | variable=v1994 depth=9                  | kernel.cpp:3618 in pe_kernel_k_2_0, v1994            |
| stream          | variable=v1995 depth=9                  | kernel.cpp:3619 in pe_kernel_k_2_0, v1995            |
| array_partition | variable=v1996 complete dim=1           | kernel.cpp:3620 in pe_kernel_k_2_0, v1996            |
| array_partition | variable=v1996 complete dim=2           | kernel.cpp:3621 in pe_kernel_k_2_0, v1996            |
| stream          | variable=v2013 depth=9                  | kernel.cpp:3656 in pe_kernel_k_3_0, v2013            |
| stream          | variable=v2014 depth=9                  | kernel.cpp:3657 in pe_kernel_k_3_0, v2014            |
| stream          | variable=v2015 depth=9                  | kernel.cpp:3658 in pe_kernel_k_3_0, v2015            |
| stream          | variable=v2016 depth=9                  | kernel.cpp:3659 in pe_kernel_k_3_0, v2016            |
| array_partition | variable=v2017 complete dim=1           | kernel.cpp:3660 in pe_kernel_k_3_0, v2017            |
| array_partition | variable=v2017 complete dim=2           | kernel.cpp:3661 in pe_kernel_k_3_0, v2017            |
| stream          | variable=v2034 depth=9                  | kernel.cpp:3696 in pe_kernel_k_4_0, v2034            |
| stream          | variable=v2035 depth=9                  | kernel.cpp:3697 in pe_kernel_k_4_0, v2035            |
| stream          | variable=v2036 depth=9                  | kernel.cpp:3698 in pe_kernel_k_4_0, v2036            |
| stream          | variable=v2037 depth=9                  | kernel.cpp:3699 in pe_kernel_k_4_0, v2037            |
| array_partition | variable=v2038 complete dim=1           | kernel.cpp:3700 in pe_kernel_k_4_0, v2038            |
| array_partition | variable=v2038 complete dim=2           | kernel.cpp:3701 in pe_kernel_k_4_0, v2038            |
| stream          | variable=v2055 depth=9                  | kernel.cpp:3736 in pe_kernel_k_5_0, v2055            |
| stream          | variable=v2056 depth=9                  | kernel.cpp:3737 in pe_kernel_k_5_0, v2056            |
| stream          | variable=v2057 depth=9                  | kernel.cpp:3738 in pe_kernel_k_5_0, v2057            |
| stream          | variable=v2058 depth=9                  | kernel.cpp:3739 in pe_kernel_k_5_0, v2058            |
| array_partition | variable=v2059 complete dim=1           | kernel.cpp:3740 in pe_kernel_k_5_0, v2059            |
| array_partition | variable=v2059 complete dim=2           | kernel.cpp:3741 in pe_kernel_k_5_0, v2059            |
| stream          | variable=v2076 depth=9                  | kernel.cpp:3776 in pe_kernel_k_6_0, v2076            |
| stream          | variable=v2077 depth=9                  | kernel.cpp:3777 in pe_kernel_k_6_0, v2077            |
| stream          | variable=v2078 depth=9                  | kernel.cpp:3778 in pe_kernel_k_6_0, v2078            |
| stream          | variable=v2079 depth=9                  | kernel.cpp:3779 in pe_kernel_k_6_0, v2079            |
| array_partition | variable=v2080 complete dim=1           | kernel.cpp:3780 in pe_kernel_k_6_0, v2080            |
| array_partition | variable=v2080 complete dim=2           | kernel.cpp:3781 in pe_kernel_k_6_0, v2080            |
| stream          | variable=v2097 depth=9                  | kernel.cpp:3816 in pe_kernel_k_7_0, v2097            |
| stream          | variable=v2098 depth=9                  | kernel.cpp:3817 in pe_kernel_k_7_0, v2098            |
| stream          | variable=v2099 depth=9                  | kernel.cpp:3818 in pe_kernel_k_7_0, v2099            |
| stream          | variable=v2100 depth=9                  | kernel.cpp:3819 in pe_kernel_k_7_0, v2100            |
| array_partition | variable=v2101 complete dim=1           | kernel.cpp:3820 in pe_kernel_k_7_0, v2101            |
| array_partition | variable=v2101 complete dim=2           | kernel.cpp:3821 in pe_kernel_k_7_0, v2101            |
| stream          | variable=v2118 depth=9                  | kernel.cpp:3856 in pe_kernel_k_0_1, v2118            |
| stream          | variable=v2119 depth=9                  | kernel.cpp:3857 in pe_kernel_k_0_1, v2119            |
| stream          | variable=v2120 depth=9                  | kernel.cpp:3858 in pe_kernel_k_0_1, v2120            |
| stream          | variable=v2121 depth=9                  | kernel.cpp:3859 in pe_kernel_k_0_1, v2121            |
| array_partition | variable=v2122 complete dim=1           | kernel.cpp:3860 in pe_kernel_k_0_1, v2122            |
| array_partition | variable=v2122 complete dim=2           | kernel.cpp:3861 in pe_kernel_k_0_1, v2122            |
| stream          | variable=v2139 depth=9                  | kernel.cpp:3896 in pe_kernel_k_1_1, v2139            |
| stream          | variable=v2140 depth=9                  | kernel.cpp:3897 in pe_kernel_k_1_1, v2140            |
| stream          | variable=v2141 depth=9                  | kernel.cpp:3898 in pe_kernel_k_1_1, v2141            |
| stream          | variable=v2142 depth=9                  | kernel.cpp:3899 in pe_kernel_k_1_1, v2142            |
| array_partition | variable=v2143 complete dim=1           | kernel.cpp:3900 in pe_kernel_k_1_1, v2143            |
| array_partition | variable=v2143 complete dim=2           | kernel.cpp:3901 in pe_kernel_k_1_1, v2143            |
| stream          | variable=v2160 depth=9                  | kernel.cpp:3936 in pe_kernel_k_2_1, v2160            |
| stream          | variable=v2161 depth=9                  | kernel.cpp:3937 in pe_kernel_k_2_1, v2161            |
| stream          | variable=v2162 depth=9                  | kernel.cpp:3938 in pe_kernel_k_2_1, v2162            |
| stream          | variable=v2163 depth=9                  | kernel.cpp:3939 in pe_kernel_k_2_1, v2163            |
| array_partition | variable=v2164 complete dim=1           | kernel.cpp:3940 in pe_kernel_k_2_1, v2164            |
| array_partition | variable=v2164 complete dim=2           | kernel.cpp:3941 in pe_kernel_k_2_1, v2164            |
| stream          | variable=v2181 depth=9                  | kernel.cpp:3976 in pe_kernel_k_3_1, v2181            |
| stream          | variable=v2182 depth=9                  | kernel.cpp:3977 in pe_kernel_k_3_1, v2182            |
| stream          | variable=v2183 depth=9                  | kernel.cpp:3978 in pe_kernel_k_3_1, v2183            |
| stream          | variable=v2184 depth=9                  | kernel.cpp:3979 in pe_kernel_k_3_1, v2184            |
| array_partition | variable=v2185 complete dim=1           | kernel.cpp:3980 in pe_kernel_k_3_1, v2185            |
| array_partition | variable=v2185 complete dim=2           | kernel.cpp:3981 in pe_kernel_k_3_1, v2185            |
| stream          | variable=v2202 depth=9                  | kernel.cpp:4016 in pe_kernel_k_4_1, v2202            |
| stream          | variable=v2203 depth=9                  | kernel.cpp:4017 in pe_kernel_k_4_1, v2203            |
| stream          | variable=v2204 depth=9                  | kernel.cpp:4018 in pe_kernel_k_4_1, v2204            |
| stream          | variable=v2205 depth=9                  | kernel.cpp:4019 in pe_kernel_k_4_1, v2205            |
| array_partition | variable=v2206 complete dim=1           | kernel.cpp:4020 in pe_kernel_k_4_1, v2206            |
| array_partition | variable=v2206 complete dim=2           | kernel.cpp:4021 in pe_kernel_k_4_1, v2206            |
| stream          | variable=v2223 depth=9                  | kernel.cpp:4056 in pe_kernel_k_5_1, v2223            |
| stream          | variable=v2224 depth=9                  | kernel.cpp:4057 in pe_kernel_k_5_1, v2224            |
| stream          | variable=v2225 depth=9                  | kernel.cpp:4058 in pe_kernel_k_5_1, v2225            |
| stream          | variable=v2226 depth=9                  | kernel.cpp:4059 in pe_kernel_k_5_1, v2226            |
| array_partition | variable=v2227 complete dim=1           | kernel.cpp:4060 in pe_kernel_k_5_1, v2227            |
| array_partition | variable=v2227 complete dim=2           | kernel.cpp:4061 in pe_kernel_k_5_1, v2227            |
| stream          | variable=v2244 depth=9                  | kernel.cpp:4096 in pe_kernel_k_6_1, v2244            |
| stream          | variable=v2245 depth=9                  | kernel.cpp:4097 in pe_kernel_k_6_1, v2245            |
| stream          | variable=v2246 depth=9                  | kernel.cpp:4098 in pe_kernel_k_6_1, v2246            |
| stream          | variable=v2247 depth=9                  | kernel.cpp:4099 in pe_kernel_k_6_1, v2247            |
| array_partition | variable=v2248 complete dim=1           | kernel.cpp:4100 in pe_kernel_k_6_1, v2248            |
| array_partition | variable=v2248 complete dim=2           | kernel.cpp:4101 in pe_kernel_k_6_1, v2248            |
| stream          | variable=v2265 depth=9                  | kernel.cpp:4136 in pe_kernel_k_7_1, v2265            |
| stream          | variable=v2266 depth=9                  | kernel.cpp:4137 in pe_kernel_k_7_1, v2266            |
| stream          | variable=v2267 depth=9                  | kernel.cpp:4138 in pe_kernel_k_7_1, v2267            |
| stream          | variable=v2268 depth=9                  | kernel.cpp:4139 in pe_kernel_k_7_1, v2268            |
| array_partition | variable=v2269 complete dim=1           | kernel.cpp:4140 in pe_kernel_k_7_1, v2269            |
| array_partition | variable=v2269 complete dim=2           | kernel.cpp:4141 in pe_kernel_k_7_1, v2269            |
| stream          | variable=v2286 depth=9                  | kernel.cpp:4176 in pe_kernel_k_0_2, v2286            |
| stream          | variable=v2287 depth=9                  | kernel.cpp:4177 in pe_kernel_k_0_2, v2287            |
| stream          | variable=v2288 depth=9                  | kernel.cpp:4178 in pe_kernel_k_0_2, v2288            |
| stream          | variable=v2289 depth=9                  | kernel.cpp:4179 in pe_kernel_k_0_2, v2289            |
| array_partition | variable=v2290 complete dim=1           | kernel.cpp:4180 in pe_kernel_k_0_2, v2290            |
| array_partition | variable=v2290 complete dim=2           | kernel.cpp:4181 in pe_kernel_k_0_2, v2290            |
| stream          | variable=v2307 depth=9                  | kernel.cpp:4216 in pe_kernel_k_1_2, v2307            |
| stream          | variable=v2308 depth=9                  | kernel.cpp:4217 in pe_kernel_k_1_2, v2308            |
| stream          | variable=v2309 depth=9                  | kernel.cpp:4218 in pe_kernel_k_1_2, v2309            |
| stream          | variable=v2310 depth=9                  | kernel.cpp:4219 in pe_kernel_k_1_2, v2310            |
| array_partition | variable=v2311 complete dim=1           | kernel.cpp:4220 in pe_kernel_k_1_2, v2311            |
| array_partition | variable=v2311 complete dim=2           | kernel.cpp:4221 in pe_kernel_k_1_2, v2311            |
| stream          | variable=v2328 depth=9                  | kernel.cpp:4256 in pe_kernel_k_2_2, v2328            |
| stream          | variable=v2329 depth=9                  | kernel.cpp:4257 in pe_kernel_k_2_2, v2329            |
| stream          | variable=v2330 depth=9                  | kernel.cpp:4258 in pe_kernel_k_2_2, v2330            |
| stream          | variable=v2331 depth=9                  | kernel.cpp:4259 in pe_kernel_k_2_2, v2331            |
| array_partition | variable=v2332 complete dim=1           | kernel.cpp:4260 in pe_kernel_k_2_2, v2332            |
| array_partition | variable=v2332 complete dim=2           | kernel.cpp:4261 in pe_kernel_k_2_2, v2332            |
| stream          | variable=v2349 depth=9                  | kernel.cpp:4296 in pe_kernel_k_3_2, v2349            |
| stream          | variable=v2350 depth=9                  | kernel.cpp:4297 in pe_kernel_k_3_2, v2350            |
| stream          | variable=v2351 depth=9                  | kernel.cpp:4298 in pe_kernel_k_3_2, v2351            |
| stream          | variable=v2352 depth=9                  | kernel.cpp:4299 in pe_kernel_k_3_2, v2352            |
| array_partition | variable=v2353 complete dim=1           | kernel.cpp:4300 in pe_kernel_k_3_2, v2353            |
| array_partition | variable=v2353 complete dim=2           | kernel.cpp:4301 in pe_kernel_k_3_2, v2353            |
| stream          | variable=v2370 depth=9                  | kernel.cpp:4336 in pe_kernel_k_4_2, v2370            |
| stream          | variable=v2371 depth=9                  | kernel.cpp:4337 in pe_kernel_k_4_2, v2371            |
| stream          | variable=v2372 depth=9                  | kernel.cpp:4338 in pe_kernel_k_4_2, v2372            |
| stream          | variable=v2373 depth=9                  | kernel.cpp:4339 in pe_kernel_k_4_2, v2373            |
| array_partition | variable=v2374 complete dim=1           | kernel.cpp:4340 in pe_kernel_k_4_2, v2374            |
| array_partition | variable=v2374 complete dim=2           | kernel.cpp:4341 in pe_kernel_k_4_2, v2374            |
| stream          | variable=v2391 depth=9                  | kernel.cpp:4376 in pe_kernel_k_5_2, v2391            |
| stream          | variable=v2392 depth=9                  | kernel.cpp:4377 in pe_kernel_k_5_2, v2392            |
| stream          | variable=v2393 depth=9                  | kernel.cpp:4378 in pe_kernel_k_5_2, v2393            |
| stream          | variable=v2394 depth=9                  | kernel.cpp:4379 in pe_kernel_k_5_2, v2394            |
| array_partition | variable=v2395 complete dim=1           | kernel.cpp:4380 in pe_kernel_k_5_2, v2395            |
| array_partition | variable=v2395 complete dim=2           | kernel.cpp:4381 in pe_kernel_k_5_2, v2395            |
| stream          | variable=v2412 depth=9                  | kernel.cpp:4416 in pe_kernel_k_6_2, v2412            |
| stream          | variable=v2413 depth=9                  | kernel.cpp:4417 in pe_kernel_k_6_2, v2413            |
| stream          | variable=v2414 depth=9                  | kernel.cpp:4418 in pe_kernel_k_6_2, v2414            |
| stream          | variable=v2415 depth=9                  | kernel.cpp:4419 in pe_kernel_k_6_2, v2415            |
| array_partition | variable=v2416 complete dim=1           | kernel.cpp:4420 in pe_kernel_k_6_2, v2416            |
| array_partition | variable=v2416 complete dim=2           | kernel.cpp:4421 in pe_kernel_k_6_2, v2416            |
| stream          | variable=v2433 depth=9                  | kernel.cpp:4456 in pe_kernel_k_7_2, v2433            |
| stream          | variable=v2434 depth=9                  | kernel.cpp:4457 in pe_kernel_k_7_2, v2434            |
| stream          | variable=v2435 depth=9                  | kernel.cpp:4458 in pe_kernel_k_7_2, v2435            |
| stream          | variable=v2436 depth=9                  | kernel.cpp:4459 in pe_kernel_k_7_2, v2436            |
| array_partition | variable=v2437 complete dim=1           | kernel.cpp:4460 in pe_kernel_k_7_2, v2437            |
| array_partition | variable=v2437 complete dim=2           | kernel.cpp:4461 in pe_kernel_k_7_2, v2437            |
| stream          | variable=v2454 depth=9                  | kernel.cpp:4496 in pe_kernel_k_0_3, v2454            |
| stream          | variable=v2455 depth=9                  | kernel.cpp:4497 in pe_kernel_k_0_3, v2455            |
| stream          | variable=v2456 depth=9                  | kernel.cpp:4498 in pe_kernel_k_0_3, v2456            |
| stream          | variable=v2457 depth=9                  | kernel.cpp:4499 in pe_kernel_k_0_3, v2457            |
| array_partition | variable=v2458 complete dim=1           | kernel.cpp:4500 in pe_kernel_k_0_3, v2458            |
| array_partition | variable=v2458 complete dim=2           | kernel.cpp:4501 in pe_kernel_k_0_3, v2458            |
| stream          | variable=v2475 depth=9                  | kernel.cpp:4536 in pe_kernel_k_1_3, v2475            |
| stream          | variable=v2476 depth=9                  | kernel.cpp:4537 in pe_kernel_k_1_3, v2476            |
| stream          | variable=v2477 depth=9                  | kernel.cpp:4538 in pe_kernel_k_1_3, v2477            |
| stream          | variable=v2478 depth=9                  | kernel.cpp:4539 in pe_kernel_k_1_3, v2478            |
| array_partition | variable=v2479 complete dim=1           | kernel.cpp:4540 in pe_kernel_k_1_3, v2479            |
| array_partition | variable=v2479 complete dim=2           | kernel.cpp:4541 in pe_kernel_k_1_3, v2479            |
| stream          | variable=v2496 depth=9                  | kernel.cpp:4576 in pe_kernel_k_2_3, v2496            |
| stream          | variable=v2497 depth=9                  | kernel.cpp:4577 in pe_kernel_k_2_3, v2497            |
| stream          | variable=v2498 depth=9                  | kernel.cpp:4578 in pe_kernel_k_2_3, v2498            |
| stream          | variable=v2499 depth=9                  | kernel.cpp:4579 in pe_kernel_k_2_3, v2499            |
| array_partition | variable=v2500 complete dim=1           | kernel.cpp:4580 in pe_kernel_k_2_3, v2500            |
| array_partition | variable=v2500 complete dim=2           | kernel.cpp:4581 in pe_kernel_k_2_3, v2500            |
| stream          | variable=v2517 depth=9                  | kernel.cpp:4616 in pe_kernel_k_3_3, v2517            |
| stream          | variable=v2518 depth=9                  | kernel.cpp:4617 in pe_kernel_k_3_3, v2518            |
| stream          | variable=v2519 depth=9                  | kernel.cpp:4618 in pe_kernel_k_3_3, v2519            |
| stream          | variable=v2520 depth=9                  | kernel.cpp:4619 in pe_kernel_k_3_3, v2520            |
| array_partition | variable=v2521 complete dim=1           | kernel.cpp:4620 in pe_kernel_k_3_3, v2521            |
| array_partition | variable=v2521 complete dim=2           | kernel.cpp:4621 in pe_kernel_k_3_3, v2521            |
| stream          | variable=v2538 depth=9                  | kernel.cpp:4656 in pe_kernel_k_4_3, v2538            |
| stream          | variable=v2539 depth=9                  | kernel.cpp:4657 in pe_kernel_k_4_3, v2539            |
| stream          | variable=v2540 depth=9                  | kernel.cpp:4658 in pe_kernel_k_4_3, v2540            |
| stream          | variable=v2541 depth=9                  | kernel.cpp:4659 in pe_kernel_k_4_3, v2541            |
| array_partition | variable=v2542 complete dim=1           | kernel.cpp:4660 in pe_kernel_k_4_3, v2542            |
| array_partition | variable=v2542 complete dim=2           | kernel.cpp:4661 in pe_kernel_k_4_3, v2542            |
| stream          | variable=v2559 depth=9                  | kernel.cpp:4696 in pe_kernel_k_5_3, v2559            |
| stream          | variable=v2560 depth=9                  | kernel.cpp:4697 in pe_kernel_k_5_3, v2560            |
| stream          | variable=v2561 depth=9                  | kernel.cpp:4698 in pe_kernel_k_5_3, v2561            |
| stream          | variable=v2562 depth=9                  | kernel.cpp:4699 in pe_kernel_k_5_3, v2562            |
| array_partition | variable=v2563 complete dim=1           | kernel.cpp:4700 in pe_kernel_k_5_3, v2563            |
| array_partition | variable=v2563 complete dim=2           | kernel.cpp:4701 in pe_kernel_k_5_3, v2563            |
| stream          | variable=v2580 depth=9                  | kernel.cpp:4736 in pe_kernel_k_6_3, v2580            |
| stream          | variable=v2581 depth=9                  | kernel.cpp:4737 in pe_kernel_k_6_3, v2581            |
| stream          | variable=v2582 depth=9                  | kernel.cpp:4738 in pe_kernel_k_6_3, v2582            |
| stream          | variable=v2583 depth=9                  | kernel.cpp:4739 in pe_kernel_k_6_3, v2583            |
| array_partition | variable=v2584 complete dim=1           | kernel.cpp:4740 in pe_kernel_k_6_3, v2584            |
| array_partition | variable=v2584 complete dim=2           | kernel.cpp:4741 in pe_kernel_k_6_3, v2584            |
| stream          | variable=v2601 depth=9                  | kernel.cpp:4776 in pe_kernel_k_7_3, v2601            |
| stream          | variable=v2602 depth=9                  | kernel.cpp:4777 in pe_kernel_k_7_3, v2602            |
| stream          | variable=v2603 depth=9                  | kernel.cpp:4778 in pe_kernel_k_7_3, v2603            |
| stream          | variable=v2604 depth=9                  | kernel.cpp:4779 in pe_kernel_k_7_3, v2604            |
| array_partition | variable=v2605 complete dim=1           | kernel.cpp:4780 in pe_kernel_k_7_3, v2605            |
| array_partition | variable=v2605 complete dim=2           | kernel.cpp:4781 in pe_kernel_k_7_3, v2605            |
| stream          | variable=v2622 depth=9                  | kernel.cpp:4816 in pe_kernel_k_0_4, v2622            |
| stream          | variable=v2623 depth=9                  | kernel.cpp:4817 in pe_kernel_k_0_4, v2623            |
| stream          | variable=v2624 depth=9                  | kernel.cpp:4818 in pe_kernel_k_0_4, v2624            |
| stream          | variable=v2625 depth=9                  | kernel.cpp:4819 in pe_kernel_k_0_4, v2625            |
| array_partition | variable=v2626 complete dim=1           | kernel.cpp:4820 in pe_kernel_k_0_4, v2626            |
| array_partition | variable=v2626 complete dim=2           | kernel.cpp:4821 in pe_kernel_k_0_4, v2626            |
| stream          | variable=v2643 depth=9                  | kernel.cpp:4856 in pe_kernel_k_1_4, v2643            |
| stream          | variable=v2644 depth=9                  | kernel.cpp:4857 in pe_kernel_k_1_4, v2644            |
| stream          | variable=v2645 depth=9                  | kernel.cpp:4858 in pe_kernel_k_1_4, v2645            |
| stream          | variable=v2646 depth=9                  | kernel.cpp:4859 in pe_kernel_k_1_4, v2646            |
| array_partition | variable=v2647 complete dim=1           | kernel.cpp:4860 in pe_kernel_k_1_4, v2647            |
| array_partition | variable=v2647 complete dim=2           | kernel.cpp:4861 in pe_kernel_k_1_4, v2647            |
| stream          | variable=v2664 depth=9                  | kernel.cpp:4896 in pe_kernel_k_2_4, v2664            |
| stream          | variable=v2665 depth=9                  | kernel.cpp:4897 in pe_kernel_k_2_4, v2665            |
| stream          | variable=v2666 depth=9                  | kernel.cpp:4898 in pe_kernel_k_2_4, v2666            |
| stream          | variable=v2667 depth=9                  | kernel.cpp:4899 in pe_kernel_k_2_4, v2667            |
| array_partition | variable=v2668 complete dim=1           | kernel.cpp:4900 in pe_kernel_k_2_4, v2668            |
| array_partition | variable=v2668 complete dim=2           | kernel.cpp:4901 in pe_kernel_k_2_4, v2668            |
| stream          | variable=v2685 depth=9                  | kernel.cpp:4936 in pe_kernel_k_3_4, v2685            |
| stream          | variable=v2686 depth=9                  | kernel.cpp:4937 in pe_kernel_k_3_4, v2686            |
| stream          | variable=v2687 depth=9                  | kernel.cpp:4938 in pe_kernel_k_3_4, v2687            |
| stream          | variable=v2688 depth=9                  | kernel.cpp:4939 in pe_kernel_k_3_4, v2688            |
| array_partition | variable=v2689 complete dim=1           | kernel.cpp:4940 in pe_kernel_k_3_4, v2689            |
| array_partition | variable=v2689 complete dim=2           | kernel.cpp:4941 in pe_kernel_k_3_4, v2689            |
| stream          | variable=v2706 depth=9                  | kernel.cpp:4976 in pe_kernel_k_4_4, v2706            |
| stream          | variable=v2707 depth=9                  | kernel.cpp:4977 in pe_kernel_k_4_4, v2707            |
| stream          | variable=v2708 depth=9                  | kernel.cpp:4978 in pe_kernel_k_4_4, v2708            |
| stream          | variable=v2709 depth=9                  | kernel.cpp:4979 in pe_kernel_k_4_4, v2709            |
| array_partition | variable=v2710 complete dim=1           | kernel.cpp:4980 in pe_kernel_k_4_4, v2710            |
| array_partition | variable=v2710 complete dim=2           | kernel.cpp:4981 in pe_kernel_k_4_4, v2710            |
| stream          | variable=v2727 depth=9                  | kernel.cpp:5016 in pe_kernel_k_5_4, v2727            |
| stream          | variable=v2728 depth=9                  | kernel.cpp:5017 in pe_kernel_k_5_4, v2728            |
| stream          | variable=v2729 depth=9                  | kernel.cpp:5018 in pe_kernel_k_5_4, v2729            |
| stream          | variable=v2730 depth=9                  | kernel.cpp:5019 in pe_kernel_k_5_4, v2730            |
| array_partition | variable=v2731 complete dim=1           | kernel.cpp:5020 in pe_kernel_k_5_4, v2731            |
| array_partition | variable=v2731 complete dim=2           | kernel.cpp:5021 in pe_kernel_k_5_4, v2731            |
| stream          | variable=v2748 depth=9                  | kernel.cpp:5056 in pe_kernel_k_6_4, v2748            |
| stream          | variable=v2749 depth=9                  | kernel.cpp:5057 in pe_kernel_k_6_4, v2749            |
| stream          | variable=v2750 depth=9                  | kernel.cpp:5058 in pe_kernel_k_6_4, v2750            |
| stream          | variable=v2751 depth=9                  | kernel.cpp:5059 in pe_kernel_k_6_4, v2751            |
| array_partition | variable=v2752 complete dim=1           | kernel.cpp:5060 in pe_kernel_k_6_4, v2752            |
| array_partition | variable=v2752 complete dim=2           | kernel.cpp:5061 in pe_kernel_k_6_4, v2752            |
| stream          | variable=v2769 depth=9                  | kernel.cpp:5096 in pe_kernel_k_7_4, v2769            |
| stream          | variable=v2770 depth=9                  | kernel.cpp:5097 in pe_kernel_k_7_4, v2770            |
| stream          | variable=v2771 depth=9                  | kernel.cpp:5098 in pe_kernel_k_7_4, v2771            |
| stream          | variable=v2772 depth=9                  | kernel.cpp:5099 in pe_kernel_k_7_4, v2772            |
| array_partition | variable=v2773 complete dim=1           | kernel.cpp:5100 in pe_kernel_k_7_4, v2773            |
| array_partition | variable=v2773 complete dim=2           | kernel.cpp:5101 in pe_kernel_k_7_4, v2773            |
| stream          | variable=v2790 depth=9                  | kernel.cpp:5136 in pe_kernel_k_0_5, v2790            |
| stream          | variable=v2791 depth=9                  | kernel.cpp:5137 in pe_kernel_k_0_5, v2791            |
| stream          | variable=v2792 depth=9                  | kernel.cpp:5138 in pe_kernel_k_0_5, v2792            |
| stream          | variable=v2793 depth=9                  | kernel.cpp:5139 in pe_kernel_k_0_5, v2793            |
| array_partition | variable=v2794 complete dim=1           | kernel.cpp:5140 in pe_kernel_k_0_5, v2794            |
| array_partition | variable=v2794 complete dim=2           | kernel.cpp:5141 in pe_kernel_k_0_5, v2794            |
| stream          | variable=v2811 depth=9                  | kernel.cpp:5176 in pe_kernel_k_1_5, v2811            |
| stream          | variable=v2812 depth=9                  | kernel.cpp:5177 in pe_kernel_k_1_5, v2812            |
| stream          | variable=v2813 depth=9                  | kernel.cpp:5178 in pe_kernel_k_1_5, v2813            |
| stream          | variable=v2814 depth=9                  | kernel.cpp:5179 in pe_kernel_k_1_5, v2814            |
| array_partition | variable=v2815 complete dim=1           | kernel.cpp:5180 in pe_kernel_k_1_5, v2815            |
| array_partition | variable=v2815 complete dim=2           | kernel.cpp:5181 in pe_kernel_k_1_5, v2815            |
| stream          | variable=v2832 depth=9                  | kernel.cpp:5216 in pe_kernel_k_2_5, v2832            |
| stream          | variable=v2833 depth=9                  | kernel.cpp:5217 in pe_kernel_k_2_5, v2833            |
| stream          | variable=v2834 depth=9                  | kernel.cpp:5218 in pe_kernel_k_2_5, v2834            |
| stream          | variable=v2835 depth=9                  | kernel.cpp:5219 in pe_kernel_k_2_5, v2835            |
| array_partition | variable=v2836 complete dim=1           | kernel.cpp:5220 in pe_kernel_k_2_5, v2836            |
| array_partition | variable=v2836 complete dim=2           | kernel.cpp:5221 in pe_kernel_k_2_5, v2836            |
| stream          | variable=v2853 depth=9                  | kernel.cpp:5256 in pe_kernel_k_3_5, v2853            |
| stream          | variable=v2854 depth=9                  | kernel.cpp:5257 in pe_kernel_k_3_5, v2854            |
| stream          | variable=v2855 depth=9                  | kernel.cpp:5258 in pe_kernel_k_3_5, v2855            |
| stream          | variable=v2856 depth=9                  | kernel.cpp:5259 in pe_kernel_k_3_5, v2856            |
| array_partition | variable=v2857 complete dim=1           | kernel.cpp:5260 in pe_kernel_k_3_5, v2857            |
| array_partition | variable=v2857 complete dim=2           | kernel.cpp:5261 in pe_kernel_k_3_5, v2857            |
| stream          | variable=v2874 depth=9                  | kernel.cpp:5296 in pe_kernel_k_4_5, v2874            |
| stream          | variable=v2875 depth=9                  | kernel.cpp:5297 in pe_kernel_k_4_5, v2875            |
| stream          | variable=v2876 depth=9                  | kernel.cpp:5298 in pe_kernel_k_4_5, v2876            |
| stream          | variable=v2877 depth=9                  | kernel.cpp:5299 in pe_kernel_k_4_5, v2877            |
| array_partition | variable=v2878 complete dim=1           | kernel.cpp:5300 in pe_kernel_k_4_5, v2878            |
| array_partition | variable=v2878 complete dim=2           | kernel.cpp:5301 in pe_kernel_k_4_5, v2878            |
| stream          | variable=v2895 depth=9                  | kernel.cpp:5336 in pe_kernel_k_5_5, v2895            |
| stream          | variable=v2896 depth=9                  | kernel.cpp:5337 in pe_kernel_k_5_5, v2896            |
| stream          | variable=v2897 depth=9                  | kernel.cpp:5338 in pe_kernel_k_5_5, v2897            |
| stream          | variable=v2898 depth=9                  | kernel.cpp:5339 in pe_kernel_k_5_5, v2898            |
| array_partition | variable=v2899 complete dim=1           | kernel.cpp:5340 in pe_kernel_k_5_5, v2899            |
| array_partition | variable=v2899 complete dim=2           | kernel.cpp:5341 in pe_kernel_k_5_5, v2899            |
| stream          | variable=v2916 depth=9                  | kernel.cpp:5376 in pe_kernel_k_6_5, v2916            |
| stream          | variable=v2917 depth=9                  | kernel.cpp:5377 in pe_kernel_k_6_5, v2917            |
| stream          | variable=v2918 depth=9                  | kernel.cpp:5378 in pe_kernel_k_6_5, v2918            |
| stream          | variable=v2919 depth=9                  | kernel.cpp:5379 in pe_kernel_k_6_5, v2919            |
| array_partition | variable=v2920 complete dim=1           | kernel.cpp:5380 in pe_kernel_k_6_5, v2920            |
| array_partition | variable=v2920 complete dim=2           | kernel.cpp:5381 in pe_kernel_k_6_5, v2920            |
| stream          | variable=v2937 depth=9                  | kernel.cpp:5416 in pe_kernel_k_7_5, v2937            |
| stream          | variable=v2938 depth=9                  | kernel.cpp:5417 in pe_kernel_k_7_5, v2938            |
| stream          | variable=v2939 depth=9                  | kernel.cpp:5418 in pe_kernel_k_7_5, v2939            |
| stream          | variable=v2940 depth=9                  | kernel.cpp:5419 in pe_kernel_k_7_5, v2940            |
| array_partition | variable=v2941 complete dim=1           | kernel.cpp:5420 in pe_kernel_k_7_5, v2941            |
| array_partition | variable=v2941 complete dim=2           | kernel.cpp:5421 in pe_kernel_k_7_5, v2941            |
| stream          | variable=v2958 depth=9                  | kernel.cpp:5456 in pe_kernel_k_0_6, v2958            |
| stream          | variable=v2959 depth=9                  | kernel.cpp:5457 in pe_kernel_k_0_6, v2959            |
| stream          | variable=v2960 depth=9                  | kernel.cpp:5458 in pe_kernel_k_0_6, v2960            |
| stream          | variable=v2961 depth=9                  | kernel.cpp:5459 in pe_kernel_k_0_6, v2961            |
| array_partition | variable=v2962 complete dim=1           | kernel.cpp:5460 in pe_kernel_k_0_6, v2962            |
| array_partition | variable=v2962 complete dim=2           | kernel.cpp:5461 in pe_kernel_k_0_6, v2962            |
| stream          | variable=v2979 depth=9                  | kernel.cpp:5496 in pe_kernel_k_1_6, v2979            |
| stream          | variable=v2980 depth=9                  | kernel.cpp:5497 in pe_kernel_k_1_6, v2980            |
| stream          | variable=v2981 depth=9                  | kernel.cpp:5498 in pe_kernel_k_1_6, v2981            |
| stream          | variable=v2982 depth=9                  | kernel.cpp:5499 in pe_kernel_k_1_6, v2982            |
| array_partition | variable=v2983 complete dim=1           | kernel.cpp:5500 in pe_kernel_k_1_6, v2983            |
| array_partition | variable=v2983 complete dim=2           | kernel.cpp:5501 in pe_kernel_k_1_6, v2983            |
| stream          | variable=v3000 depth=9                  | kernel.cpp:5536 in pe_kernel_k_2_6, v3000            |
| stream          | variable=v3001 depth=9                  | kernel.cpp:5537 in pe_kernel_k_2_6, v3001            |
| stream          | variable=v3002 depth=9                  | kernel.cpp:5538 in pe_kernel_k_2_6, v3002            |
| stream          | variable=v3003 depth=9                  | kernel.cpp:5539 in pe_kernel_k_2_6, v3003            |
| array_partition | variable=v3004 complete dim=1           | kernel.cpp:5540 in pe_kernel_k_2_6, v3004            |
| array_partition | variable=v3004 complete dim=2           | kernel.cpp:5541 in pe_kernel_k_2_6, v3004            |
| stream          | variable=v3021 depth=9                  | kernel.cpp:5576 in pe_kernel_k_3_6, v3021            |
| stream          | variable=v3022 depth=9                  | kernel.cpp:5577 in pe_kernel_k_3_6, v3022            |
| stream          | variable=v3023 depth=9                  | kernel.cpp:5578 in pe_kernel_k_3_6, v3023            |
| stream          | variable=v3024 depth=9                  | kernel.cpp:5579 in pe_kernel_k_3_6, v3024            |
| array_partition | variable=v3025 complete dim=1           | kernel.cpp:5580 in pe_kernel_k_3_6, v3025            |
| array_partition | variable=v3025 complete dim=2           | kernel.cpp:5581 in pe_kernel_k_3_6, v3025            |
| stream          | variable=v3042 depth=9                  | kernel.cpp:5616 in pe_kernel_k_4_6, v3042            |
| stream          | variable=v3043 depth=9                  | kernel.cpp:5617 in pe_kernel_k_4_6, v3043            |
| stream          | variable=v3044 depth=9                  | kernel.cpp:5618 in pe_kernel_k_4_6, v3044            |
| stream          | variable=v3045 depth=9                  | kernel.cpp:5619 in pe_kernel_k_4_6, v3045            |
| array_partition | variable=v3046 complete dim=1           | kernel.cpp:5620 in pe_kernel_k_4_6, v3046            |
| array_partition | variable=v3046 complete dim=2           | kernel.cpp:5621 in pe_kernel_k_4_6, v3046            |
| stream          | variable=v3063 depth=9                  | kernel.cpp:5656 in pe_kernel_k_5_6, v3063            |
| stream          | variable=v3064 depth=9                  | kernel.cpp:5657 in pe_kernel_k_5_6, v3064            |
| stream          | variable=v3065 depth=9                  | kernel.cpp:5658 in pe_kernel_k_5_6, v3065            |
| stream          | variable=v3066 depth=9                  | kernel.cpp:5659 in pe_kernel_k_5_6, v3066            |
| array_partition | variable=v3067 complete dim=1           | kernel.cpp:5660 in pe_kernel_k_5_6, v3067            |
| array_partition | variable=v3067 complete dim=2           | kernel.cpp:5661 in pe_kernel_k_5_6, v3067            |
| stream          | variable=v3084 depth=9                  | kernel.cpp:5696 in pe_kernel_k_6_6, v3084            |
| stream          | variable=v3085 depth=9                  | kernel.cpp:5697 in pe_kernel_k_6_6, v3085            |
| stream          | variable=v3086 depth=9                  | kernel.cpp:5698 in pe_kernel_k_6_6, v3086            |
| stream          | variable=v3087 depth=9                  | kernel.cpp:5699 in pe_kernel_k_6_6, v3087            |
| array_partition | variable=v3088 complete dim=1           | kernel.cpp:5700 in pe_kernel_k_6_6, v3088            |
| array_partition | variable=v3088 complete dim=2           | kernel.cpp:5701 in pe_kernel_k_6_6, v3088            |
| stream          | variable=v3105 depth=9                  | kernel.cpp:5736 in pe_kernel_k_7_6, v3105            |
| stream          | variable=v3106 depth=9                  | kernel.cpp:5737 in pe_kernel_k_7_6, v3106            |
| stream          | variable=v3107 depth=9                  | kernel.cpp:5738 in pe_kernel_k_7_6, v3107            |
| stream          | variable=v3108 depth=9                  | kernel.cpp:5739 in pe_kernel_k_7_6, v3108            |
| array_partition | variable=v3109 complete dim=1           | kernel.cpp:5740 in pe_kernel_k_7_6, v3109            |
| array_partition | variable=v3109 complete dim=2           | kernel.cpp:5741 in pe_kernel_k_7_6, v3109            |
| stream          | variable=v3126 depth=9                  | kernel.cpp:5776 in pe_kernel_k_0_7, v3126            |
| stream          | variable=v3127 depth=9                  | kernel.cpp:5777 in pe_kernel_k_0_7, v3127            |
| stream          | variable=v3128 depth=9                  | kernel.cpp:5778 in pe_kernel_k_0_7, v3128            |
| stream          | variable=v3129 depth=9                  | kernel.cpp:5779 in pe_kernel_k_0_7, v3129            |
| array_partition | variable=v3130 complete dim=1           | kernel.cpp:5780 in pe_kernel_k_0_7, v3130            |
| array_partition | variable=v3130 complete dim=2           | kernel.cpp:5781 in pe_kernel_k_0_7, v3130            |
| stream          | variable=v3147 depth=9                  | kernel.cpp:5816 in pe_kernel_k_1_7, v3147            |
| stream          | variable=v3148 depth=9                  | kernel.cpp:5817 in pe_kernel_k_1_7, v3148            |
| stream          | variable=v3149 depth=9                  | kernel.cpp:5818 in pe_kernel_k_1_7, v3149            |
| stream          | variable=v3150 depth=9                  | kernel.cpp:5819 in pe_kernel_k_1_7, v3150            |
| array_partition | variable=v3151 complete dim=1           | kernel.cpp:5820 in pe_kernel_k_1_7, v3151            |
| array_partition | variable=v3151 complete dim=2           | kernel.cpp:5821 in pe_kernel_k_1_7, v3151            |
| stream          | variable=v3168 depth=9                  | kernel.cpp:5856 in pe_kernel_k_2_7, v3168            |
| stream          | variable=v3169 depth=9                  | kernel.cpp:5857 in pe_kernel_k_2_7, v3169            |
| stream          | variable=v3170 depth=9                  | kernel.cpp:5858 in pe_kernel_k_2_7, v3170            |
| stream          | variable=v3171 depth=9                  | kernel.cpp:5859 in pe_kernel_k_2_7, v3171            |
| array_partition | variable=v3172 complete dim=1           | kernel.cpp:5860 in pe_kernel_k_2_7, v3172            |
| array_partition | variable=v3172 complete dim=2           | kernel.cpp:5861 in pe_kernel_k_2_7, v3172            |
| stream          | variable=v3189 depth=9                  | kernel.cpp:5896 in pe_kernel_k_3_7, v3189            |
| stream          | variable=v3190 depth=9                  | kernel.cpp:5897 in pe_kernel_k_3_7, v3190            |
| stream          | variable=v3191 depth=9                  | kernel.cpp:5898 in pe_kernel_k_3_7, v3191            |
| stream          | variable=v3192 depth=9                  | kernel.cpp:5899 in pe_kernel_k_3_7, v3192            |
| array_partition | variable=v3193 complete dim=1           | kernel.cpp:5900 in pe_kernel_k_3_7, v3193            |
| array_partition | variable=v3193 complete dim=2           | kernel.cpp:5901 in pe_kernel_k_3_7, v3193            |
| stream          | variable=v3210 depth=9                  | kernel.cpp:5936 in pe_kernel_k_4_7, v3210            |
| stream          | variable=v3211 depth=9                  | kernel.cpp:5937 in pe_kernel_k_4_7, v3211            |
| stream          | variable=v3212 depth=9                  | kernel.cpp:5938 in pe_kernel_k_4_7, v3212            |
| stream          | variable=v3213 depth=9                  | kernel.cpp:5939 in pe_kernel_k_4_7, v3213            |
| array_partition | variable=v3214 complete dim=1           | kernel.cpp:5940 in pe_kernel_k_4_7, v3214            |
| array_partition | variable=v3214 complete dim=2           | kernel.cpp:5941 in pe_kernel_k_4_7, v3214            |
| stream          | variable=v3231 depth=9                  | kernel.cpp:5976 in pe_kernel_k_5_7, v3231            |
| stream          | variable=v3232 depth=9                  | kernel.cpp:5977 in pe_kernel_k_5_7, v3232            |
| stream          | variable=v3233 depth=9                  | kernel.cpp:5978 in pe_kernel_k_5_7, v3233            |
| stream          | variable=v3234 depth=9                  | kernel.cpp:5979 in pe_kernel_k_5_7, v3234            |
| array_partition | variable=v3235 complete dim=1           | kernel.cpp:5980 in pe_kernel_k_5_7, v3235            |
| array_partition | variable=v3235 complete dim=2           | kernel.cpp:5981 in pe_kernel_k_5_7, v3235            |
| stream          | variable=v3252 depth=9                  | kernel.cpp:6016 in pe_kernel_k_6_7, v3252            |
| stream          | variable=v3253 depth=9                  | kernel.cpp:6017 in pe_kernel_k_6_7, v3253            |
| stream          | variable=v3254 depth=9                  | kernel.cpp:6018 in pe_kernel_k_6_7, v3254            |
| stream          | variable=v3255 depth=9                  | kernel.cpp:6019 in pe_kernel_k_6_7, v3255            |
| array_partition | variable=v3256 complete dim=1           | kernel.cpp:6020 in pe_kernel_k_6_7, v3256            |
| array_partition | variable=v3256 complete dim=2           | kernel.cpp:6021 in pe_kernel_k_6_7, v3256            |
| stream          | variable=v3273 depth=9                  | kernel.cpp:6056 in pe_kernel_k_7_7, v3273            |
| stream          | variable=v3274 depth=9                  | kernel.cpp:6057 in pe_kernel_k_7_7, v3274            |
| stream          | variable=v3275 depth=9                  | kernel.cpp:6058 in pe_kernel_k_7_7, v3275            |
| stream          | variable=v3276 depth=9                  | kernel.cpp:6059 in pe_kernel_k_7_7, v3276            |
| array_partition | variable=v3277 complete dim=1           | kernel.cpp:6060 in pe_kernel_k_7_7, v3277            |
| array_partition | variable=v3277 complete dim=2           | kernel.cpp:6061 in pe_kernel_k_7_7, v3277            |
| array_partition | variable=v3294 complete dim=1           | kernel.cpp:6093 in systolic_tile_k, v3294            |
| array_partition | variable=v3295 complete dim=2           | kernel.cpp:6095 in systolic_tile_k, v3295            |
| array_partition | variable=v3296 complete dim=1           | kernel.cpp:6097 in systolic_tile_k, v3296            |
| array_partition | variable=v3296 complete dim=2           | kernel.cpp:6098 in systolic_tile_k, v3296            |
| stream          | variable=A_fifo2 depth=9                | kernel.cpp:6101 in systolic_tile_k, A_fifo2          |
| stream          | variable=B_fifo2 depth=9                | kernel.cpp:6103 in systolic_tile_k, B_fifo2          |
| array_partition | variable=local_A2 complete dim=1        | kernel.cpp:6454 in systolic_k, local_A2              |
| array_partition | variable=local_B2 complete dim=2        | kernel.cpp:6457 in systolic_k, local_B2              |
| array_partition | variable=local_C2 complete dim=1        | kernel.cpp:6460 in systolic_k, local_C2              |
| array_partition | variable=local_C2 complete dim=2        | kernel.cpp:6461 in systolic_k, local_C2              |
| pipeline        | II=1                                    | kernel.cpp:6468 in systolic_k                        |
| pipeline        | II=1                                    | kernel.cpp:6479 in systolic_k                        |
| pipeline        | II=1                                    | kernel.cpp:6487 in systolic_k                        |
| stream          | variable=v3586 depth=9                  | kernel.cpp:6505 in pe_kernel_v_0_0, v3586            |
| stream          | variable=v3587 depth=9                  | kernel.cpp:6506 in pe_kernel_v_0_0, v3587            |
| stream          | variable=v3588 depth=9                  | kernel.cpp:6507 in pe_kernel_v_0_0, v3588            |
| stream          | variable=v3589 depth=9                  | kernel.cpp:6508 in pe_kernel_v_0_0, v3589            |
| array_partition | variable=v3590 complete dim=1           | kernel.cpp:6509 in pe_kernel_v_0_0, v3590            |
| array_partition | variable=v3590 complete dim=2           | kernel.cpp:6510 in pe_kernel_v_0_0, v3590            |
| stream          | variable=v3607 depth=9                  | kernel.cpp:6545 in pe_kernel_v_1_0, v3607            |
| stream          | variable=v3608 depth=9                  | kernel.cpp:6546 in pe_kernel_v_1_0, v3608            |
| stream          | variable=v3609 depth=9                  | kernel.cpp:6547 in pe_kernel_v_1_0, v3609            |
| stream          | variable=v3610 depth=9                  | kernel.cpp:6548 in pe_kernel_v_1_0, v3610            |
| array_partition | variable=v3611 complete dim=1           | kernel.cpp:6549 in pe_kernel_v_1_0, v3611            |
| array_partition | variable=v3611 complete dim=2           | kernel.cpp:6550 in pe_kernel_v_1_0, v3611            |
| stream          | variable=v3628 depth=9                  | kernel.cpp:6585 in pe_kernel_v_2_0, v3628            |
| stream          | variable=v3629 depth=9                  | kernel.cpp:6586 in pe_kernel_v_2_0, v3629            |
| stream          | variable=v3630 depth=9                  | kernel.cpp:6587 in pe_kernel_v_2_0, v3630            |
| stream          | variable=v3631 depth=9                  | kernel.cpp:6588 in pe_kernel_v_2_0, v3631            |
| array_partition | variable=v3632 complete dim=1           | kernel.cpp:6589 in pe_kernel_v_2_0, v3632            |
| array_partition | variable=v3632 complete dim=2           | kernel.cpp:6590 in pe_kernel_v_2_0, v3632            |
| stream          | variable=v3649 depth=9                  | kernel.cpp:6625 in pe_kernel_v_3_0, v3649            |
| stream          | variable=v3650 depth=9                  | kernel.cpp:6626 in pe_kernel_v_3_0, v3650            |
| stream          | variable=v3651 depth=9                  | kernel.cpp:6627 in pe_kernel_v_3_0, v3651            |
| stream          | variable=v3652 depth=9                  | kernel.cpp:6628 in pe_kernel_v_3_0, v3652            |
| array_partition | variable=v3653 complete dim=1           | kernel.cpp:6629 in pe_kernel_v_3_0, v3653            |
| array_partition | variable=v3653 complete dim=2           | kernel.cpp:6630 in pe_kernel_v_3_0, v3653            |
| stream          | variable=v3670 depth=9                  | kernel.cpp:6665 in pe_kernel_v_4_0, v3670            |
| stream          | variable=v3671 depth=9                  | kernel.cpp:6666 in pe_kernel_v_4_0, v3671            |
| stream          | variable=v3672 depth=9                  | kernel.cpp:6667 in pe_kernel_v_4_0, v3672            |
| stream          | variable=v3673 depth=9                  | kernel.cpp:6668 in pe_kernel_v_4_0, v3673            |
| array_partition | variable=v3674 complete dim=1           | kernel.cpp:6669 in pe_kernel_v_4_0, v3674            |
| array_partition | variable=v3674 complete dim=2           | kernel.cpp:6670 in pe_kernel_v_4_0, v3674            |
| stream          | variable=v3691 depth=9                  | kernel.cpp:6705 in pe_kernel_v_5_0, v3691            |
| stream          | variable=v3692 depth=9                  | kernel.cpp:6706 in pe_kernel_v_5_0, v3692            |
| stream          | variable=v3693 depth=9                  | kernel.cpp:6707 in pe_kernel_v_5_0, v3693            |
| stream          | variable=v3694 depth=9                  | kernel.cpp:6708 in pe_kernel_v_5_0, v3694            |
| array_partition | variable=v3695 complete dim=1           | kernel.cpp:6709 in pe_kernel_v_5_0, v3695            |
| array_partition | variable=v3695 complete dim=2           | kernel.cpp:6710 in pe_kernel_v_5_0, v3695            |
| stream          | variable=v3712 depth=9                  | kernel.cpp:6745 in pe_kernel_v_6_0, v3712            |
| stream          | variable=v3713 depth=9                  | kernel.cpp:6746 in pe_kernel_v_6_0, v3713            |
| stream          | variable=v3714 depth=9                  | kernel.cpp:6747 in pe_kernel_v_6_0, v3714            |
| stream          | variable=v3715 depth=9                  | kernel.cpp:6748 in pe_kernel_v_6_0, v3715            |
| array_partition | variable=v3716 complete dim=1           | kernel.cpp:6749 in pe_kernel_v_6_0, v3716            |
| array_partition | variable=v3716 complete dim=2           | kernel.cpp:6750 in pe_kernel_v_6_0, v3716            |
| stream          | variable=v3733 depth=9                  | kernel.cpp:6785 in pe_kernel_v_7_0, v3733            |
| stream          | variable=v3734 depth=9                  | kernel.cpp:6786 in pe_kernel_v_7_0, v3734            |
| stream          | variable=v3735 depth=9                  | kernel.cpp:6787 in pe_kernel_v_7_0, v3735            |
| stream          | variable=v3736 depth=9                  | kernel.cpp:6788 in pe_kernel_v_7_0, v3736            |
| array_partition | variable=v3737 complete dim=1           | kernel.cpp:6789 in pe_kernel_v_7_0, v3737            |
| array_partition | variable=v3737 complete dim=2           | kernel.cpp:6790 in pe_kernel_v_7_0, v3737            |
| stream          | variable=v3754 depth=9                  | kernel.cpp:6825 in pe_kernel_v_0_1, v3754            |
| stream          | variable=v3755 depth=9                  | kernel.cpp:6826 in pe_kernel_v_0_1, v3755            |
| stream          | variable=v3756 depth=9                  | kernel.cpp:6827 in pe_kernel_v_0_1, v3756            |
| stream          | variable=v3757 depth=9                  | kernel.cpp:6828 in pe_kernel_v_0_1, v3757            |
| array_partition | variable=v3758 complete dim=1           | kernel.cpp:6829 in pe_kernel_v_0_1, v3758            |
| array_partition | variable=v3758 complete dim=2           | kernel.cpp:6830 in pe_kernel_v_0_1, v3758            |
| stream          | variable=v3775 depth=9                  | kernel.cpp:6865 in pe_kernel_v_1_1, v3775            |
| stream          | variable=v3776 depth=9                  | kernel.cpp:6866 in pe_kernel_v_1_1, v3776            |
| stream          | variable=v3777 depth=9                  | kernel.cpp:6867 in pe_kernel_v_1_1, v3777            |
| stream          | variable=v3778 depth=9                  | kernel.cpp:6868 in pe_kernel_v_1_1, v3778            |
| array_partition | variable=v3779 complete dim=1           | kernel.cpp:6869 in pe_kernel_v_1_1, v3779            |
| array_partition | variable=v3779 complete dim=2           | kernel.cpp:6870 in pe_kernel_v_1_1, v3779            |
| stream          | variable=v3796 depth=9                  | kernel.cpp:6905 in pe_kernel_v_2_1, v3796            |
| stream          | variable=v3797 depth=9                  | kernel.cpp:6906 in pe_kernel_v_2_1, v3797            |
| stream          | variable=v3798 depth=9                  | kernel.cpp:6907 in pe_kernel_v_2_1, v3798            |
| stream          | variable=v3799 depth=9                  | kernel.cpp:6908 in pe_kernel_v_2_1, v3799            |
| array_partition | variable=v3800 complete dim=1           | kernel.cpp:6909 in pe_kernel_v_2_1, v3800            |
| array_partition | variable=v3800 complete dim=2           | kernel.cpp:6910 in pe_kernel_v_2_1, v3800            |
| stream          | variable=v3817 depth=9                  | kernel.cpp:6945 in pe_kernel_v_3_1, v3817            |
| stream          | variable=v3818 depth=9                  | kernel.cpp:6946 in pe_kernel_v_3_1, v3818            |
| stream          | variable=v3819 depth=9                  | kernel.cpp:6947 in pe_kernel_v_3_1, v3819            |
| stream          | variable=v3820 depth=9                  | kernel.cpp:6948 in pe_kernel_v_3_1, v3820            |
| array_partition | variable=v3821 complete dim=1           | kernel.cpp:6949 in pe_kernel_v_3_1, v3821            |
| array_partition | variable=v3821 complete dim=2           | kernel.cpp:6950 in pe_kernel_v_3_1, v3821            |
| stream          | variable=v3838 depth=9                  | kernel.cpp:6985 in pe_kernel_v_4_1, v3838            |
| stream          | variable=v3839 depth=9                  | kernel.cpp:6986 in pe_kernel_v_4_1, v3839            |
| stream          | variable=v3840 depth=9                  | kernel.cpp:6987 in pe_kernel_v_4_1, v3840            |
| stream          | variable=v3841 depth=9                  | kernel.cpp:6988 in pe_kernel_v_4_1, v3841            |
| array_partition | variable=v3842 complete dim=1           | kernel.cpp:6989 in pe_kernel_v_4_1, v3842            |
| array_partition | variable=v3842 complete dim=2           | kernel.cpp:6990 in pe_kernel_v_4_1, v3842            |
| stream          | variable=v3859 depth=9                  | kernel.cpp:7025 in pe_kernel_v_5_1, v3859            |
| stream          | variable=v3860 depth=9                  | kernel.cpp:7026 in pe_kernel_v_5_1, v3860            |
| stream          | variable=v3861 depth=9                  | kernel.cpp:7027 in pe_kernel_v_5_1, v3861            |
| stream          | variable=v3862 depth=9                  | kernel.cpp:7028 in pe_kernel_v_5_1, v3862            |
| array_partition | variable=v3863 complete dim=1           | kernel.cpp:7029 in pe_kernel_v_5_1, v3863            |
| array_partition | variable=v3863 complete dim=2           | kernel.cpp:7030 in pe_kernel_v_5_1, v3863            |
| stream          | variable=v3880 depth=9                  | kernel.cpp:7065 in pe_kernel_v_6_1, v3880            |
| stream          | variable=v3881 depth=9                  | kernel.cpp:7066 in pe_kernel_v_6_1, v3881            |
| stream          | variable=v3882 depth=9                  | kernel.cpp:7067 in pe_kernel_v_6_1, v3882            |
| stream          | variable=v3883 depth=9                  | kernel.cpp:7068 in pe_kernel_v_6_1, v3883            |
| array_partition | variable=v3884 complete dim=1           | kernel.cpp:7069 in pe_kernel_v_6_1, v3884            |
| array_partition | variable=v3884 complete dim=2           | kernel.cpp:7070 in pe_kernel_v_6_1, v3884            |
| stream          | variable=v3901 depth=9                  | kernel.cpp:7105 in pe_kernel_v_7_1, v3901            |
| stream          | variable=v3902 depth=9                  | kernel.cpp:7106 in pe_kernel_v_7_1, v3902            |
| stream          | variable=v3903 depth=9                  | kernel.cpp:7107 in pe_kernel_v_7_1, v3903            |
| stream          | variable=v3904 depth=9                  | kernel.cpp:7108 in pe_kernel_v_7_1, v3904            |
| array_partition | variable=v3905 complete dim=1           | kernel.cpp:7109 in pe_kernel_v_7_1, v3905            |
| array_partition | variable=v3905 complete dim=2           | kernel.cpp:7110 in pe_kernel_v_7_1, v3905            |
| stream          | variable=v3922 depth=9                  | kernel.cpp:7145 in pe_kernel_v_0_2, v3922            |
| stream          | variable=v3923 depth=9                  | kernel.cpp:7146 in pe_kernel_v_0_2, v3923            |
| stream          | variable=v3924 depth=9                  | kernel.cpp:7147 in pe_kernel_v_0_2, v3924            |
| stream          | variable=v3925 depth=9                  | kernel.cpp:7148 in pe_kernel_v_0_2, v3925            |
| array_partition | variable=v3926 complete dim=1           | kernel.cpp:7149 in pe_kernel_v_0_2, v3926            |
| array_partition | variable=v3926 complete dim=2           | kernel.cpp:7150 in pe_kernel_v_0_2, v3926            |
| stream          | variable=v3943 depth=9                  | kernel.cpp:7185 in pe_kernel_v_1_2, v3943            |
| stream          | variable=v3944 depth=9                  | kernel.cpp:7186 in pe_kernel_v_1_2, v3944            |
| stream          | variable=v3945 depth=9                  | kernel.cpp:7187 in pe_kernel_v_1_2, v3945            |
| stream          | variable=v3946 depth=9                  | kernel.cpp:7188 in pe_kernel_v_1_2, v3946            |
| array_partition | variable=v3947 complete dim=1           | kernel.cpp:7189 in pe_kernel_v_1_2, v3947            |
| array_partition | variable=v3947 complete dim=2           | kernel.cpp:7190 in pe_kernel_v_1_2, v3947            |
| stream          | variable=v3964 depth=9                  | kernel.cpp:7225 in pe_kernel_v_2_2, v3964            |
| stream          | variable=v3965 depth=9                  | kernel.cpp:7226 in pe_kernel_v_2_2, v3965            |
| stream          | variable=v3966 depth=9                  | kernel.cpp:7227 in pe_kernel_v_2_2, v3966            |
| stream          | variable=v3967 depth=9                  | kernel.cpp:7228 in pe_kernel_v_2_2, v3967            |
| array_partition | variable=v3968 complete dim=1           | kernel.cpp:7229 in pe_kernel_v_2_2, v3968            |
| array_partition | variable=v3968 complete dim=2           | kernel.cpp:7230 in pe_kernel_v_2_2, v3968            |
| stream          | variable=v3985 depth=9                  | kernel.cpp:7265 in pe_kernel_v_3_2, v3985            |
| stream          | variable=v3986 depth=9                  | kernel.cpp:7266 in pe_kernel_v_3_2, v3986            |
| stream          | variable=v3987 depth=9                  | kernel.cpp:7267 in pe_kernel_v_3_2, v3987            |
| stream          | variable=v3988 depth=9                  | kernel.cpp:7268 in pe_kernel_v_3_2, v3988            |
| array_partition | variable=v3989 complete dim=1           | kernel.cpp:7269 in pe_kernel_v_3_2, v3989            |
| array_partition | variable=v3989 complete dim=2           | kernel.cpp:7270 in pe_kernel_v_3_2, v3989            |
| stream          | variable=v4006 depth=9                  | kernel.cpp:7305 in pe_kernel_v_4_2, v4006            |
| stream          | variable=v4007 depth=9                  | kernel.cpp:7306 in pe_kernel_v_4_2, v4007            |
| stream          | variable=v4008 depth=9                  | kernel.cpp:7307 in pe_kernel_v_4_2, v4008            |
| stream          | variable=v4009 depth=9                  | kernel.cpp:7308 in pe_kernel_v_4_2, v4009            |
| array_partition | variable=v4010 complete dim=1           | kernel.cpp:7309 in pe_kernel_v_4_2, v4010            |
| array_partition | variable=v4010 complete dim=2           | kernel.cpp:7310 in pe_kernel_v_4_2, v4010            |
| stream          | variable=v4027 depth=9                  | kernel.cpp:7345 in pe_kernel_v_5_2, v4027            |
| stream          | variable=v4028 depth=9                  | kernel.cpp:7346 in pe_kernel_v_5_2, v4028            |
| stream          | variable=v4029 depth=9                  | kernel.cpp:7347 in pe_kernel_v_5_2, v4029            |
| stream          | variable=v4030 depth=9                  | kernel.cpp:7348 in pe_kernel_v_5_2, v4030            |
| array_partition | variable=v4031 complete dim=1           | kernel.cpp:7349 in pe_kernel_v_5_2, v4031            |
| array_partition | variable=v4031 complete dim=2           | kernel.cpp:7350 in pe_kernel_v_5_2, v4031            |
| stream          | variable=v4048 depth=9                  | kernel.cpp:7385 in pe_kernel_v_6_2, v4048            |
| stream          | variable=v4049 depth=9                  | kernel.cpp:7386 in pe_kernel_v_6_2, v4049            |
| stream          | variable=v4050 depth=9                  | kernel.cpp:7387 in pe_kernel_v_6_2, v4050            |
| stream          | variable=v4051 depth=9                  | kernel.cpp:7388 in pe_kernel_v_6_2, v4051            |
| array_partition | variable=v4052 complete dim=1           | kernel.cpp:7389 in pe_kernel_v_6_2, v4052            |
| array_partition | variable=v4052 complete dim=2           | kernel.cpp:7390 in pe_kernel_v_6_2, v4052            |
| stream          | variable=v4069 depth=9                  | kernel.cpp:7425 in pe_kernel_v_7_2, v4069            |
| stream          | variable=v4070 depth=9                  | kernel.cpp:7426 in pe_kernel_v_7_2, v4070            |
| stream          | variable=v4071 depth=9                  | kernel.cpp:7427 in pe_kernel_v_7_2, v4071            |
| stream          | variable=v4072 depth=9                  | kernel.cpp:7428 in pe_kernel_v_7_2, v4072            |
| array_partition | variable=v4073 complete dim=1           | kernel.cpp:7429 in pe_kernel_v_7_2, v4073            |
| array_partition | variable=v4073 complete dim=2           | kernel.cpp:7430 in pe_kernel_v_7_2, v4073            |
| stream          | variable=v4090 depth=9                  | kernel.cpp:7465 in pe_kernel_v_0_3, v4090            |
| stream          | variable=v4091 depth=9                  | kernel.cpp:7466 in pe_kernel_v_0_3, v4091            |
| stream          | variable=v4092 depth=9                  | kernel.cpp:7467 in pe_kernel_v_0_3, v4092            |
| stream          | variable=v4093 depth=9                  | kernel.cpp:7468 in pe_kernel_v_0_3, v4093            |
| array_partition | variable=v4094 complete dim=1           | kernel.cpp:7469 in pe_kernel_v_0_3, v4094            |
| array_partition | variable=v4094 complete dim=2           | kernel.cpp:7470 in pe_kernel_v_0_3, v4094            |
| stream          | variable=v4111 depth=9                  | kernel.cpp:7505 in pe_kernel_v_1_3, v4111            |
| stream          | variable=v4112 depth=9                  | kernel.cpp:7506 in pe_kernel_v_1_3, v4112            |
| stream          | variable=v4113 depth=9                  | kernel.cpp:7507 in pe_kernel_v_1_3, v4113            |
| stream          | variable=v4114 depth=9                  | kernel.cpp:7508 in pe_kernel_v_1_3, v4114            |
| array_partition | variable=v4115 complete dim=1           | kernel.cpp:7509 in pe_kernel_v_1_3, v4115            |
| array_partition | variable=v4115 complete dim=2           | kernel.cpp:7510 in pe_kernel_v_1_3, v4115            |
| stream          | variable=v4132 depth=9                  | kernel.cpp:7545 in pe_kernel_v_2_3, v4132            |
| stream          | variable=v4133 depth=9                  | kernel.cpp:7546 in pe_kernel_v_2_3, v4133            |
| stream          | variable=v4134 depth=9                  | kernel.cpp:7547 in pe_kernel_v_2_3, v4134            |
| stream          | variable=v4135 depth=9                  | kernel.cpp:7548 in pe_kernel_v_2_3, v4135            |
| array_partition | variable=v4136 complete dim=1           | kernel.cpp:7549 in pe_kernel_v_2_3, v4136            |
| array_partition | variable=v4136 complete dim=2           | kernel.cpp:7550 in pe_kernel_v_2_3, v4136            |
| stream          | variable=v4153 depth=9                  | kernel.cpp:7585 in pe_kernel_v_3_3, v4153            |
| stream          | variable=v4154 depth=9                  | kernel.cpp:7586 in pe_kernel_v_3_3, v4154            |
| stream          | variable=v4155 depth=9                  | kernel.cpp:7587 in pe_kernel_v_3_3, v4155            |
| stream          | variable=v4156 depth=9                  | kernel.cpp:7588 in pe_kernel_v_3_3, v4156            |
| array_partition | variable=v4157 complete dim=1           | kernel.cpp:7589 in pe_kernel_v_3_3, v4157            |
| array_partition | variable=v4157 complete dim=2           | kernel.cpp:7590 in pe_kernel_v_3_3, v4157            |
| stream          | variable=v4174 depth=9                  | kernel.cpp:7625 in pe_kernel_v_4_3, v4174            |
| stream          | variable=v4175 depth=9                  | kernel.cpp:7626 in pe_kernel_v_4_3, v4175            |
| stream          | variable=v4176 depth=9                  | kernel.cpp:7627 in pe_kernel_v_4_3, v4176            |
| stream          | variable=v4177 depth=9                  | kernel.cpp:7628 in pe_kernel_v_4_3, v4177            |
| array_partition | variable=v4178 complete dim=1           | kernel.cpp:7629 in pe_kernel_v_4_3, v4178            |
| array_partition | variable=v4178 complete dim=2           | kernel.cpp:7630 in pe_kernel_v_4_3, v4178            |
| stream          | variable=v4195 depth=9                  | kernel.cpp:7665 in pe_kernel_v_5_3, v4195            |
| stream          | variable=v4196 depth=9                  | kernel.cpp:7666 in pe_kernel_v_5_3, v4196            |
| stream          | variable=v4197 depth=9                  | kernel.cpp:7667 in pe_kernel_v_5_3, v4197            |
| stream          | variable=v4198 depth=9                  | kernel.cpp:7668 in pe_kernel_v_5_3, v4198            |
| array_partition | variable=v4199 complete dim=1           | kernel.cpp:7669 in pe_kernel_v_5_3, v4199            |
| array_partition | variable=v4199 complete dim=2           | kernel.cpp:7670 in pe_kernel_v_5_3, v4199            |
| stream          | variable=v4216 depth=9                  | kernel.cpp:7705 in pe_kernel_v_6_3, v4216            |
| stream          | variable=v4217 depth=9                  | kernel.cpp:7706 in pe_kernel_v_6_3, v4217            |
| stream          | variable=v4218 depth=9                  | kernel.cpp:7707 in pe_kernel_v_6_3, v4218            |
| stream          | variable=v4219 depth=9                  | kernel.cpp:7708 in pe_kernel_v_6_3, v4219            |
| array_partition | variable=v4220 complete dim=1           | kernel.cpp:7709 in pe_kernel_v_6_3, v4220            |
| array_partition | variable=v4220 complete dim=2           | kernel.cpp:7710 in pe_kernel_v_6_3, v4220            |
| stream          | variable=v4237 depth=9                  | kernel.cpp:7745 in pe_kernel_v_7_3, v4237            |
| stream          | variable=v4238 depth=9                  | kernel.cpp:7746 in pe_kernel_v_7_3, v4238            |
| stream          | variable=v4239 depth=9                  | kernel.cpp:7747 in pe_kernel_v_7_3, v4239            |
| stream          | variable=v4240 depth=9                  | kernel.cpp:7748 in pe_kernel_v_7_3, v4240            |
| array_partition | variable=v4241 complete dim=1           | kernel.cpp:7749 in pe_kernel_v_7_3, v4241            |
| array_partition | variable=v4241 complete dim=2           | kernel.cpp:7750 in pe_kernel_v_7_3, v4241            |
| stream          | variable=v4258 depth=9                  | kernel.cpp:7785 in pe_kernel_v_0_4, v4258            |
| stream          | variable=v4259 depth=9                  | kernel.cpp:7786 in pe_kernel_v_0_4, v4259            |
| stream          | variable=v4260 depth=9                  | kernel.cpp:7787 in pe_kernel_v_0_4, v4260            |
| stream          | variable=v4261 depth=9                  | kernel.cpp:7788 in pe_kernel_v_0_4, v4261            |
| array_partition | variable=v4262 complete dim=1           | kernel.cpp:7789 in pe_kernel_v_0_4, v4262            |
| array_partition | variable=v4262 complete dim=2           | kernel.cpp:7790 in pe_kernel_v_0_4, v4262            |
| stream          | variable=v4279 depth=9                  | kernel.cpp:7825 in pe_kernel_v_1_4, v4279            |
| stream          | variable=v4280 depth=9                  | kernel.cpp:7826 in pe_kernel_v_1_4, v4280            |
| stream          | variable=v4281 depth=9                  | kernel.cpp:7827 in pe_kernel_v_1_4, v4281            |
| stream          | variable=v4282 depth=9                  | kernel.cpp:7828 in pe_kernel_v_1_4, v4282            |
| array_partition | variable=v4283 complete dim=1           | kernel.cpp:7829 in pe_kernel_v_1_4, v4283            |
| array_partition | variable=v4283 complete dim=2           | kernel.cpp:7830 in pe_kernel_v_1_4, v4283            |
| stream          | variable=v4300 depth=9                  | kernel.cpp:7865 in pe_kernel_v_2_4, v4300            |
| stream          | variable=v4301 depth=9                  | kernel.cpp:7866 in pe_kernel_v_2_4, v4301            |
| stream          | variable=v4302 depth=9                  | kernel.cpp:7867 in pe_kernel_v_2_4, v4302            |
| stream          | variable=v4303 depth=9                  | kernel.cpp:7868 in pe_kernel_v_2_4, v4303            |
| array_partition | variable=v4304 complete dim=1           | kernel.cpp:7869 in pe_kernel_v_2_4, v4304            |
| array_partition | variable=v4304 complete dim=2           | kernel.cpp:7870 in pe_kernel_v_2_4, v4304            |
| stream          | variable=v4321 depth=9                  | kernel.cpp:7905 in pe_kernel_v_3_4, v4321            |
| stream          | variable=v4322 depth=9                  | kernel.cpp:7906 in pe_kernel_v_3_4, v4322            |
| stream          | variable=v4323 depth=9                  | kernel.cpp:7907 in pe_kernel_v_3_4, v4323            |
| stream          | variable=v4324 depth=9                  | kernel.cpp:7908 in pe_kernel_v_3_4, v4324            |
| array_partition | variable=v4325 complete dim=1           | kernel.cpp:7909 in pe_kernel_v_3_4, v4325            |
| array_partition | variable=v4325 complete dim=2           | kernel.cpp:7910 in pe_kernel_v_3_4, v4325            |
| stream          | variable=v4342 depth=9                  | kernel.cpp:7945 in pe_kernel_v_4_4, v4342            |
| stream          | variable=v4343 depth=9                  | kernel.cpp:7946 in pe_kernel_v_4_4, v4343            |
| stream          | variable=v4344 depth=9                  | kernel.cpp:7947 in pe_kernel_v_4_4, v4344            |
| stream          | variable=v4345 depth=9                  | kernel.cpp:7948 in pe_kernel_v_4_4, v4345            |
| array_partition | variable=v4346 complete dim=1           | kernel.cpp:7949 in pe_kernel_v_4_4, v4346            |
| array_partition | variable=v4346 complete dim=2           | kernel.cpp:7950 in pe_kernel_v_4_4, v4346            |
| stream          | variable=v4363 depth=9                  | kernel.cpp:7985 in pe_kernel_v_5_4, v4363            |
| stream          | variable=v4364 depth=9                  | kernel.cpp:7986 in pe_kernel_v_5_4, v4364            |
| stream          | variable=v4365 depth=9                  | kernel.cpp:7987 in pe_kernel_v_5_4, v4365            |
| stream          | variable=v4366 depth=9                  | kernel.cpp:7988 in pe_kernel_v_5_4, v4366            |
| array_partition | variable=v4367 complete dim=1           | kernel.cpp:7989 in pe_kernel_v_5_4, v4367            |
| array_partition | variable=v4367 complete dim=2           | kernel.cpp:7990 in pe_kernel_v_5_4, v4367            |
| stream          | variable=v4384 depth=9                  | kernel.cpp:8025 in pe_kernel_v_6_4, v4384            |
| stream          | variable=v4385 depth=9                  | kernel.cpp:8026 in pe_kernel_v_6_4, v4385            |
| stream          | variable=v4386 depth=9                  | kernel.cpp:8027 in pe_kernel_v_6_4, v4386            |
| stream          | variable=v4387 depth=9                  | kernel.cpp:8028 in pe_kernel_v_6_4, v4387            |
| array_partition | variable=v4388 complete dim=1           | kernel.cpp:8029 in pe_kernel_v_6_4, v4388            |
| array_partition | variable=v4388 complete dim=2           | kernel.cpp:8030 in pe_kernel_v_6_4, v4388            |
| stream          | variable=v4405 depth=9                  | kernel.cpp:8065 in pe_kernel_v_7_4, v4405            |
| stream          | variable=v4406 depth=9                  | kernel.cpp:8066 in pe_kernel_v_7_4, v4406            |
| stream          | variable=v4407 depth=9                  | kernel.cpp:8067 in pe_kernel_v_7_4, v4407            |
| stream          | variable=v4408 depth=9                  | kernel.cpp:8068 in pe_kernel_v_7_4, v4408            |
| array_partition | variable=v4409 complete dim=1           | kernel.cpp:8069 in pe_kernel_v_7_4, v4409            |
| array_partition | variable=v4409 complete dim=2           | kernel.cpp:8070 in pe_kernel_v_7_4, v4409            |
| stream          | variable=v4426 depth=9                  | kernel.cpp:8105 in pe_kernel_v_0_5, v4426            |
| stream          | variable=v4427 depth=9                  | kernel.cpp:8106 in pe_kernel_v_0_5, v4427            |
| stream          | variable=v4428 depth=9                  | kernel.cpp:8107 in pe_kernel_v_0_5, v4428            |
| stream          | variable=v4429 depth=9                  | kernel.cpp:8108 in pe_kernel_v_0_5, v4429            |
| array_partition | variable=v4430 complete dim=1           | kernel.cpp:8109 in pe_kernel_v_0_5, v4430            |
| array_partition | variable=v4430 complete dim=2           | kernel.cpp:8110 in pe_kernel_v_0_5, v4430            |
| stream          | variable=v4447 depth=9                  | kernel.cpp:8145 in pe_kernel_v_1_5, v4447            |
| stream          | variable=v4448 depth=9                  | kernel.cpp:8146 in pe_kernel_v_1_5, v4448            |
| stream          | variable=v4449 depth=9                  | kernel.cpp:8147 in pe_kernel_v_1_5, v4449            |
| stream          | variable=v4450 depth=9                  | kernel.cpp:8148 in pe_kernel_v_1_5, v4450            |
| array_partition | variable=v4451 complete dim=1           | kernel.cpp:8149 in pe_kernel_v_1_5, v4451            |
| array_partition | variable=v4451 complete dim=2           | kernel.cpp:8150 in pe_kernel_v_1_5, v4451            |
| stream          | variable=v4468 depth=9                  | kernel.cpp:8185 in pe_kernel_v_2_5, v4468            |
| stream          | variable=v4469 depth=9                  | kernel.cpp:8186 in pe_kernel_v_2_5, v4469            |
| stream          | variable=v4470 depth=9                  | kernel.cpp:8187 in pe_kernel_v_2_5, v4470            |
| stream          | variable=v4471 depth=9                  | kernel.cpp:8188 in pe_kernel_v_2_5, v4471            |
| array_partition | variable=v4472 complete dim=1           | kernel.cpp:8189 in pe_kernel_v_2_5, v4472            |
| array_partition | variable=v4472 complete dim=2           | kernel.cpp:8190 in pe_kernel_v_2_5, v4472            |
| stream          | variable=v4489 depth=9                  | kernel.cpp:8225 in pe_kernel_v_3_5, v4489            |
| stream          | variable=v4490 depth=9                  | kernel.cpp:8226 in pe_kernel_v_3_5, v4490            |
| stream          | variable=v4491 depth=9                  | kernel.cpp:8227 in pe_kernel_v_3_5, v4491            |
| stream          | variable=v4492 depth=9                  | kernel.cpp:8228 in pe_kernel_v_3_5, v4492            |
| array_partition | variable=v4493 complete dim=1           | kernel.cpp:8229 in pe_kernel_v_3_5, v4493            |
| array_partition | variable=v4493 complete dim=2           | kernel.cpp:8230 in pe_kernel_v_3_5, v4493            |
| stream          | variable=v4510 depth=9                  | kernel.cpp:8265 in pe_kernel_v_4_5, v4510            |
| stream          | variable=v4511 depth=9                  | kernel.cpp:8266 in pe_kernel_v_4_5, v4511            |
| stream          | variable=v4512 depth=9                  | kernel.cpp:8267 in pe_kernel_v_4_5, v4512            |
| stream          | variable=v4513 depth=9                  | kernel.cpp:8268 in pe_kernel_v_4_5, v4513            |
| array_partition | variable=v4514 complete dim=1           | kernel.cpp:8269 in pe_kernel_v_4_5, v4514            |
| array_partition | variable=v4514 complete dim=2           | kernel.cpp:8270 in pe_kernel_v_4_5, v4514            |
| stream          | variable=v4531 depth=9                  | kernel.cpp:8305 in pe_kernel_v_5_5, v4531            |
| stream          | variable=v4532 depth=9                  | kernel.cpp:8306 in pe_kernel_v_5_5, v4532            |
| stream          | variable=v4533 depth=9                  | kernel.cpp:8307 in pe_kernel_v_5_5, v4533            |
| stream          | variable=v4534 depth=9                  | kernel.cpp:8308 in pe_kernel_v_5_5, v4534            |
| array_partition | variable=v4535 complete dim=1           | kernel.cpp:8309 in pe_kernel_v_5_5, v4535            |
| array_partition | variable=v4535 complete dim=2           | kernel.cpp:8310 in pe_kernel_v_5_5, v4535            |
| stream          | variable=v4552 depth=9                  | kernel.cpp:8345 in pe_kernel_v_6_5, v4552            |
| stream          | variable=v4553 depth=9                  | kernel.cpp:8346 in pe_kernel_v_6_5, v4553            |
| stream          | variable=v4554 depth=9                  | kernel.cpp:8347 in pe_kernel_v_6_5, v4554            |
| stream          | variable=v4555 depth=9                  | kernel.cpp:8348 in pe_kernel_v_6_5, v4555            |
| array_partition | variable=v4556 complete dim=1           | kernel.cpp:8349 in pe_kernel_v_6_5, v4556            |
| array_partition | variable=v4556 complete dim=2           | kernel.cpp:8350 in pe_kernel_v_6_5, v4556            |
| stream          | variable=v4573 depth=9                  | kernel.cpp:8385 in pe_kernel_v_7_5, v4573            |
| stream          | variable=v4574 depth=9                  | kernel.cpp:8386 in pe_kernel_v_7_5, v4574            |
| stream          | variable=v4575 depth=9                  | kernel.cpp:8387 in pe_kernel_v_7_5, v4575            |
| stream          | variable=v4576 depth=9                  | kernel.cpp:8388 in pe_kernel_v_7_5, v4576            |
| array_partition | variable=v4577 complete dim=1           | kernel.cpp:8389 in pe_kernel_v_7_5, v4577            |
| array_partition | variable=v4577 complete dim=2           | kernel.cpp:8390 in pe_kernel_v_7_5, v4577            |
| stream          | variable=v4594 depth=9                  | kernel.cpp:8425 in pe_kernel_v_0_6, v4594            |
| stream          | variable=v4595 depth=9                  | kernel.cpp:8426 in pe_kernel_v_0_6, v4595            |
| stream          | variable=v4596 depth=9                  | kernel.cpp:8427 in pe_kernel_v_0_6, v4596            |
| stream          | variable=v4597 depth=9                  | kernel.cpp:8428 in pe_kernel_v_0_6, v4597            |
| array_partition | variable=v4598 complete dim=1           | kernel.cpp:8429 in pe_kernel_v_0_6, v4598            |
| array_partition | variable=v4598 complete dim=2           | kernel.cpp:8430 in pe_kernel_v_0_6, v4598            |
| stream          | variable=v4615 depth=9                  | kernel.cpp:8465 in pe_kernel_v_1_6, v4615            |
| stream          | variable=v4616 depth=9                  | kernel.cpp:8466 in pe_kernel_v_1_6, v4616            |
| stream          | variable=v4617 depth=9                  | kernel.cpp:8467 in pe_kernel_v_1_6, v4617            |
| stream          | variable=v4618 depth=9                  | kernel.cpp:8468 in pe_kernel_v_1_6, v4618            |
| array_partition | variable=v4619 complete dim=1           | kernel.cpp:8469 in pe_kernel_v_1_6, v4619            |
| array_partition | variable=v4619 complete dim=2           | kernel.cpp:8470 in pe_kernel_v_1_6, v4619            |
| stream          | variable=v4636 depth=9                  | kernel.cpp:8505 in pe_kernel_v_2_6, v4636            |
| stream          | variable=v4637 depth=9                  | kernel.cpp:8506 in pe_kernel_v_2_6, v4637            |
| stream          | variable=v4638 depth=9                  | kernel.cpp:8507 in pe_kernel_v_2_6, v4638            |
| stream          | variable=v4639 depth=9                  | kernel.cpp:8508 in pe_kernel_v_2_6, v4639            |
| array_partition | variable=v4640 complete dim=1           | kernel.cpp:8509 in pe_kernel_v_2_6, v4640            |
| array_partition | variable=v4640 complete dim=2           | kernel.cpp:8510 in pe_kernel_v_2_6, v4640            |
| stream          | variable=v4657 depth=9                  | kernel.cpp:8545 in pe_kernel_v_3_6, v4657            |
| stream          | variable=v4658 depth=9                  | kernel.cpp:8546 in pe_kernel_v_3_6, v4658            |
| stream          | variable=v4659 depth=9                  | kernel.cpp:8547 in pe_kernel_v_3_6, v4659            |
| stream          | variable=v4660 depth=9                  | kernel.cpp:8548 in pe_kernel_v_3_6, v4660            |
| array_partition | variable=v4661 complete dim=1           | kernel.cpp:8549 in pe_kernel_v_3_6, v4661            |
| array_partition | variable=v4661 complete dim=2           | kernel.cpp:8550 in pe_kernel_v_3_6, v4661            |
| stream          | variable=v4678 depth=9                  | kernel.cpp:8585 in pe_kernel_v_4_6, v4678            |
| stream          | variable=v4679 depth=9                  | kernel.cpp:8586 in pe_kernel_v_4_6, v4679            |
| stream          | variable=v4680 depth=9                  | kernel.cpp:8587 in pe_kernel_v_4_6, v4680            |
| stream          | variable=v4681 depth=9                  | kernel.cpp:8588 in pe_kernel_v_4_6, v4681            |
| array_partition | variable=v4682 complete dim=1           | kernel.cpp:8589 in pe_kernel_v_4_6, v4682            |
| array_partition | variable=v4682 complete dim=2           | kernel.cpp:8590 in pe_kernel_v_4_6, v4682            |
| stream          | variable=v4699 depth=9                  | kernel.cpp:8625 in pe_kernel_v_5_6, v4699            |
| stream          | variable=v4700 depth=9                  | kernel.cpp:8626 in pe_kernel_v_5_6, v4700            |
| stream          | variable=v4701 depth=9                  | kernel.cpp:8627 in pe_kernel_v_5_6, v4701            |
| stream          | variable=v4702 depth=9                  | kernel.cpp:8628 in pe_kernel_v_5_6, v4702            |
| array_partition | variable=v4703 complete dim=1           | kernel.cpp:8629 in pe_kernel_v_5_6, v4703            |
| array_partition | variable=v4703 complete dim=2           | kernel.cpp:8630 in pe_kernel_v_5_6, v4703            |
| stream          | variable=v4720 depth=9                  | kernel.cpp:8665 in pe_kernel_v_6_6, v4720            |
| stream          | variable=v4721 depth=9                  | kernel.cpp:8666 in pe_kernel_v_6_6, v4721            |
| stream          | variable=v4722 depth=9                  | kernel.cpp:8667 in pe_kernel_v_6_6, v4722            |
| stream          | variable=v4723 depth=9                  | kernel.cpp:8668 in pe_kernel_v_6_6, v4723            |
| array_partition | variable=v4724 complete dim=1           | kernel.cpp:8669 in pe_kernel_v_6_6, v4724            |
| array_partition | variable=v4724 complete dim=2           | kernel.cpp:8670 in pe_kernel_v_6_6, v4724            |
| stream          | variable=v4741 depth=9                  | kernel.cpp:8705 in pe_kernel_v_7_6, v4741            |
| stream          | variable=v4742 depth=9                  | kernel.cpp:8706 in pe_kernel_v_7_6, v4742            |
| stream          | variable=v4743 depth=9                  | kernel.cpp:8707 in pe_kernel_v_7_6, v4743            |
| stream          | variable=v4744 depth=9                  | kernel.cpp:8708 in pe_kernel_v_7_6, v4744            |
| array_partition | variable=v4745 complete dim=1           | kernel.cpp:8709 in pe_kernel_v_7_6, v4745            |
| array_partition | variable=v4745 complete dim=2           | kernel.cpp:8710 in pe_kernel_v_7_6, v4745            |
| stream          | variable=v4762 depth=9                  | kernel.cpp:8745 in pe_kernel_v_0_7, v4762            |
| stream          | variable=v4763 depth=9                  | kernel.cpp:8746 in pe_kernel_v_0_7, v4763            |
| stream          | variable=v4764 depth=9                  | kernel.cpp:8747 in pe_kernel_v_0_7, v4764            |
| stream          | variable=v4765 depth=9                  | kernel.cpp:8748 in pe_kernel_v_0_7, v4765            |
| array_partition | variable=v4766 complete dim=1           | kernel.cpp:8749 in pe_kernel_v_0_7, v4766            |
| array_partition | variable=v4766 complete dim=2           | kernel.cpp:8750 in pe_kernel_v_0_7, v4766            |
| stream          | variable=v4783 depth=9                  | kernel.cpp:8785 in pe_kernel_v_1_7, v4783            |
| stream          | variable=v4784 depth=9                  | kernel.cpp:8786 in pe_kernel_v_1_7, v4784            |
| stream          | variable=v4785 depth=9                  | kernel.cpp:8787 in pe_kernel_v_1_7, v4785            |
| stream          | variable=v4786 depth=9                  | kernel.cpp:8788 in pe_kernel_v_1_7, v4786            |
| array_partition | variable=v4787 complete dim=1           | kernel.cpp:8789 in pe_kernel_v_1_7, v4787            |
| array_partition | variable=v4787 complete dim=2           | kernel.cpp:8790 in pe_kernel_v_1_7, v4787            |
| stream          | variable=v4804 depth=9                  | kernel.cpp:8825 in pe_kernel_v_2_7, v4804            |
| stream          | variable=v4805 depth=9                  | kernel.cpp:8826 in pe_kernel_v_2_7, v4805            |
| stream          | variable=v4806 depth=9                  | kernel.cpp:8827 in pe_kernel_v_2_7, v4806            |
| stream          | variable=v4807 depth=9                  | kernel.cpp:8828 in pe_kernel_v_2_7, v4807            |
| array_partition | variable=v4808 complete dim=1           | kernel.cpp:8829 in pe_kernel_v_2_7, v4808            |
| array_partition | variable=v4808 complete dim=2           | kernel.cpp:8830 in pe_kernel_v_2_7, v4808            |
| stream          | variable=v4825 depth=9                  | kernel.cpp:8865 in pe_kernel_v_3_7, v4825            |
| stream          | variable=v4826 depth=9                  | kernel.cpp:8866 in pe_kernel_v_3_7, v4826            |
| stream          | variable=v4827 depth=9                  | kernel.cpp:8867 in pe_kernel_v_3_7, v4827            |
| stream          | variable=v4828 depth=9                  | kernel.cpp:8868 in pe_kernel_v_3_7, v4828            |
| array_partition | variable=v4829 complete dim=1           | kernel.cpp:8869 in pe_kernel_v_3_7, v4829            |
| array_partition | variable=v4829 complete dim=2           | kernel.cpp:8870 in pe_kernel_v_3_7, v4829            |
| stream          | variable=v4846 depth=9                  | kernel.cpp:8905 in pe_kernel_v_4_7, v4846            |
| stream          | variable=v4847 depth=9                  | kernel.cpp:8906 in pe_kernel_v_4_7, v4847            |
| stream          | variable=v4848 depth=9                  | kernel.cpp:8907 in pe_kernel_v_4_7, v4848            |
| stream          | variable=v4849 depth=9                  | kernel.cpp:8908 in pe_kernel_v_4_7, v4849            |
| array_partition | variable=v4850 complete dim=1           | kernel.cpp:8909 in pe_kernel_v_4_7, v4850            |
| array_partition | variable=v4850 complete dim=2           | kernel.cpp:8910 in pe_kernel_v_4_7, v4850            |
| stream          | variable=v4867 depth=9                  | kernel.cpp:8945 in pe_kernel_v_5_7, v4867            |
| stream          | variable=v4868 depth=9                  | kernel.cpp:8946 in pe_kernel_v_5_7, v4868            |
| stream          | variable=v4869 depth=9                  | kernel.cpp:8947 in pe_kernel_v_5_7, v4869            |
| stream          | variable=v4870 depth=9                  | kernel.cpp:8948 in pe_kernel_v_5_7, v4870            |
| array_partition | variable=v4871 complete dim=1           | kernel.cpp:8949 in pe_kernel_v_5_7, v4871            |
| array_partition | variable=v4871 complete dim=2           | kernel.cpp:8950 in pe_kernel_v_5_7, v4871            |
| stream          | variable=v4888 depth=9                  | kernel.cpp:8985 in pe_kernel_v_6_7, v4888            |
| stream          | variable=v4889 depth=9                  | kernel.cpp:8986 in pe_kernel_v_6_7, v4889            |
| stream          | variable=v4890 depth=9                  | kernel.cpp:8987 in pe_kernel_v_6_7, v4890            |
| stream          | variable=v4891 depth=9                  | kernel.cpp:8988 in pe_kernel_v_6_7, v4891            |
| array_partition | variable=v4892 complete dim=1           | kernel.cpp:8989 in pe_kernel_v_6_7, v4892            |
| array_partition | variable=v4892 complete dim=2           | kernel.cpp:8990 in pe_kernel_v_6_7, v4892            |
| stream          | variable=v4909 depth=9                  | kernel.cpp:9025 in pe_kernel_v_7_7, v4909            |
| stream          | variable=v4910 depth=9                  | kernel.cpp:9026 in pe_kernel_v_7_7, v4910            |
| stream          | variable=v4911 depth=9                  | kernel.cpp:9027 in pe_kernel_v_7_7, v4911            |
| stream          | variable=v4912 depth=9                  | kernel.cpp:9028 in pe_kernel_v_7_7, v4912            |
| array_partition | variable=v4913 complete dim=1           | kernel.cpp:9029 in pe_kernel_v_7_7, v4913            |
| array_partition | variable=v4913 complete dim=2           | kernel.cpp:9030 in pe_kernel_v_7_7, v4913            |
| array_partition | variable=v4930 complete dim=1           | kernel.cpp:9062 in systolic_tile_v, v4930            |
| array_partition | variable=v4931 complete dim=2           | kernel.cpp:9064 in systolic_tile_v, v4931            |
| array_partition | variable=v4932 complete dim=1           | kernel.cpp:9066 in systolic_tile_v, v4932            |
| array_partition | variable=v4932 complete dim=2           | kernel.cpp:9067 in systolic_tile_v, v4932            |
| stream          | variable=A_fifo3 depth=9                | kernel.cpp:9070 in systolic_tile_v, A_fifo3          |
| stream          | variable=B_fifo3 depth=9                | kernel.cpp:9072 in systolic_tile_v, B_fifo3          |
| array_partition | variable=local_A3 complete dim=1        | kernel.cpp:9423 in systolic_v, local_A3              |
| array_partition | variable=local_B3 complete dim=2        | kernel.cpp:9426 in systolic_v, local_B3              |
| array_partition | variable=local_C3 complete dim=1        | kernel.cpp:9429 in systolic_v, local_C3              |
| array_partition | variable=local_C3 complete dim=2        | kernel.cpp:9430 in systolic_v, local_C3              |
| pipeline        | II=1                                    | kernel.cpp:9437 in systolic_v                        |
| pipeline        | II=1                                    | kernel.cpp:9448 in systolic_v                        |
| pipeline        | II=1                                    | kernel.cpp:9456 in systolic_v                        |
| stream          | variable=v5265 depth=9                  | kernel.cpp:9546 in pe_kernel_qkt_0_0, v5265          |
| stream          | variable=v5266 depth=9                  | kernel.cpp:9547 in pe_kernel_qkt_0_0, v5266          |
| stream          | variable=v5267 depth=9                  | kernel.cpp:9548 in pe_kernel_qkt_0_0, v5267          |
| stream          | variable=v5268 depth=9                  | kernel.cpp:9549 in pe_kernel_qkt_0_0, v5268          |
| array_partition | variable=v5269 complete dim=1           | kernel.cpp:9550 in pe_kernel_qkt_0_0, v5269          |
| array_partition | variable=v5269 complete dim=2           | kernel.cpp:9551 in pe_kernel_qkt_0_0, v5269          |
| stream          | variable=v5286 depth=9                  | kernel.cpp:9586 in pe_kernel_qkt_1_0, v5286          |
| stream          | variable=v5287 depth=9                  | kernel.cpp:9587 in pe_kernel_qkt_1_0, v5287          |
| stream          | variable=v5288 depth=9                  | kernel.cpp:9588 in pe_kernel_qkt_1_0, v5288          |
| stream          | variable=v5289 depth=9                  | kernel.cpp:9589 in pe_kernel_qkt_1_0, v5289          |
| array_partition | variable=v5290 complete dim=1           | kernel.cpp:9590 in pe_kernel_qkt_1_0, v5290          |
| array_partition | variable=v5290 complete dim=2           | kernel.cpp:9591 in pe_kernel_qkt_1_0, v5290          |
| stream          | variable=v5307 depth=9                  | kernel.cpp:9626 in pe_kernel_qkt_2_0, v5307          |
| stream          | variable=v5308 depth=9                  | kernel.cpp:9627 in pe_kernel_qkt_2_0, v5308          |
| stream          | variable=v5309 depth=9                  | kernel.cpp:9628 in pe_kernel_qkt_2_0, v5309          |
| stream          | variable=v5310 depth=9                  | kernel.cpp:9629 in pe_kernel_qkt_2_0, v5310          |
| array_partition | variable=v5311 complete dim=1           | kernel.cpp:9630 in pe_kernel_qkt_2_0, v5311          |
| array_partition | variable=v5311 complete dim=2           | kernel.cpp:9631 in pe_kernel_qkt_2_0, v5311          |
| stream          | variable=v5328 depth=9                  | kernel.cpp:9666 in pe_kernel_qkt_3_0, v5328          |
| stream          | variable=v5329 depth=9                  | kernel.cpp:9667 in pe_kernel_qkt_3_0, v5329          |
| stream          | variable=v5330 depth=9                  | kernel.cpp:9668 in pe_kernel_qkt_3_0, v5330          |
| stream          | variable=v5331 depth=9                  | kernel.cpp:9669 in pe_kernel_qkt_3_0, v5331          |
| array_partition | variable=v5332 complete dim=1           | kernel.cpp:9670 in pe_kernel_qkt_3_0, v5332          |
| array_partition | variable=v5332 complete dim=2           | kernel.cpp:9671 in pe_kernel_qkt_3_0, v5332          |
| stream          | variable=v5349 depth=9                  | kernel.cpp:9706 in pe_kernel_qkt_4_0, v5349          |
| stream          | variable=v5350 depth=9                  | kernel.cpp:9707 in pe_kernel_qkt_4_0, v5350          |
| stream          | variable=v5351 depth=9                  | kernel.cpp:9708 in pe_kernel_qkt_4_0, v5351          |
| stream          | variable=v5352 depth=9                  | kernel.cpp:9709 in pe_kernel_qkt_4_0, v5352          |
| array_partition | variable=v5353 complete dim=1           | kernel.cpp:9710 in pe_kernel_qkt_4_0, v5353          |
| array_partition | variable=v5353 complete dim=2           | kernel.cpp:9711 in pe_kernel_qkt_4_0, v5353          |
| stream          | variable=v5370 depth=9                  | kernel.cpp:9746 in pe_kernel_qkt_5_0, v5370          |
| stream          | variable=v5371 depth=9                  | kernel.cpp:9747 in pe_kernel_qkt_5_0, v5371          |
| stream          | variable=v5372 depth=9                  | kernel.cpp:9748 in pe_kernel_qkt_5_0, v5372          |
| stream          | variable=v5373 depth=9                  | kernel.cpp:9749 in pe_kernel_qkt_5_0, v5373          |
| array_partition | variable=v5374 complete dim=1           | kernel.cpp:9750 in pe_kernel_qkt_5_0, v5374          |
| array_partition | variable=v5374 complete dim=2           | kernel.cpp:9751 in pe_kernel_qkt_5_0, v5374          |
| stream          | variable=v5391 depth=9                  | kernel.cpp:9786 in pe_kernel_qkt_6_0, v5391          |
| stream          | variable=v5392 depth=9                  | kernel.cpp:9787 in pe_kernel_qkt_6_0, v5392          |
| stream          | variable=v5393 depth=9                  | kernel.cpp:9788 in pe_kernel_qkt_6_0, v5393          |
| stream          | variable=v5394 depth=9                  | kernel.cpp:9789 in pe_kernel_qkt_6_0, v5394          |
| array_partition | variable=v5395 complete dim=1           | kernel.cpp:9790 in pe_kernel_qkt_6_0, v5395          |
| array_partition | variable=v5395 complete dim=2           | kernel.cpp:9791 in pe_kernel_qkt_6_0, v5395          |
| stream          | variable=v5412 depth=9                  | kernel.cpp:9826 in pe_kernel_qkt_7_0, v5412          |
| stream          | variable=v5413 depth=9                  | kernel.cpp:9827 in pe_kernel_qkt_7_0, v5413          |
| stream          | variable=v5414 depth=9                  | kernel.cpp:9828 in pe_kernel_qkt_7_0, v5414          |
| stream          | variable=v5415 depth=9                  | kernel.cpp:9829 in pe_kernel_qkt_7_0, v5415          |
| array_partition | variable=v5416 complete dim=1           | kernel.cpp:9830 in pe_kernel_qkt_7_0, v5416          |
| array_partition | variable=v5416 complete dim=2           | kernel.cpp:9831 in pe_kernel_qkt_7_0, v5416          |
| stream          | variable=v5433 depth=9                  | kernel.cpp:9866 in pe_kernel_qkt_0_1, v5433          |
| stream          | variable=v5434 depth=9                  | kernel.cpp:9867 in pe_kernel_qkt_0_1, v5434          |
| stream          | variable=v5435 depth=9                  | kernel.cpp:9868 in pe_kernel_qkt_0_1, v5435          |
| stream          | variable=v5436 depth=9                  | kernel.cpp:9869 in pe_kernel_qkt_0_1, v5436          |
| array_partition | variable=v5437 complete dim=1           | kernel.cpp:9870 in pe_kernel_qkt_0_1, v5437          |
| array_partition | variable=v5437 complete dim=2           | kernel.cpp:9871 in pe_kernel_qkt_0_1, v5437          |
| stream          | variable=v5454 depth=9                  | kernel.cpp:9906 in pe_kernel_qkt_1_1, v5454          |
| stream          | variable=v5455 depth=9                  | kernel.cpp:9907 in pe_kernel_qkt_1_1, v5455          |
| stream          | variable=v5456 depth=9                  | kernel.cpp:9908 in pe_kernel_qkt_1_1, v5456          |
| stream          | variable=v5457 depth=9                  | kernel.cpp:9909 in pe_kernel_qkt_1_1, v5457          |
| array_partition | variable=v5458 complete dim=1           | kernel.cpp:9910 in pe_kernel_qkt_1_1, v5458          |
| array_partition | variable=v5458 complete dim=2           | kernel.cpp:9911 in pe_kernel_qkt_1_1, v5458          |
| stream          | variable=v5475 depth=9                  | kernel.cpp:9946 in pe_kernel_qkt_2_1, v5475          |
| stream          | variable=v5476 depth=9                  | kernel.cpp:9947 in pe_kernel_qkt_2_1, v5476          |
| stream          | variable=v5477 depth=9                  | kernel.cpp:9948 in pe_kernel_qkt_2_1, v5477          |
| stream          | variable=v5478 depth=9                  | kernel.cpp:9949 in pe_kernel_qkt_2_1, v5478          |
| array_partition | variable=v5479 complete dim=1           | kernel.cpp:9950 in pe_kernel_qkt_2_1, v5479          |
| array_partition | variable=v5479 complete dim=2           | kernel.cpp:9951 in pe_kernel_qkt_2_1, v5479          |
| stream          | variable=v5496 depth=9                  | kernel.cpp:9986 in pe_kernel_qkt_3_1, v5496          |
| stream          | variable=v5497 depth=9                  | kernel.cpp:9987 in pe_kernel_qkt_3_1, v5497          |
| stream          | variable=v5498 depth=9                  | kernel.cpp:9988 in pe_kernel_qkt_3_1, v5498          |
| stream          | variable=v5499 depth=9                  | kernel.cpp:9989 in pe_kernel_qkt_3_1, v5499          |
| array_partition | variable=v5500 complete dim=1           | kernel.cpp:9990 in pe_kernel_qkt_3_1, v5500          |
| array_partition | variable=v5500 complete dim=2           | kernel.cpp:9991 in pe_kernel_qkt_3_1, v5500          |
| stream          | variable=v5517 depth=9                  | kernel.cpp:10026 in pe_kernel_qkt_4_1, v5517         |
| stream          | variable=v5518 depth=9                  | kernel.cpp:10027 in pe_kernel_qkt_4_1, v5518         |
| stream          | variable=v5519 depth=9                  | kernel.cpp:10028 in pe_kernel_qkt_4_1, v5519         |
| stream          | variable=v5520 depth=9                  | kernel.cpp:10029 in pe_kernel_qkt_4_1, v5520         |
| array_partition | variable=v5521 complete dim=1           | kernel.cpp:10030 in pe_kernel_qkt_4_1, v5521         |
| array_partition | variable=v5521 complete dim=2           | kernel.cpp:10031 in pe_kernel_qkt_4_1, v5521         |
| stream          | variable=v5538 depth=9                  | kernel.cpp:10066 in pe_kernel_qkt_5_1, v5538         |
| stream          | variable=v5539 depth=9                  | kernel.cpp:10067 in pe_kernel_qkt_5_1, v5539         |
| stream          | variable=v5540 depth=9                  | kernel.cpp:10068 in pe_kernel_qkt_5_1, v5540         |
| stream          | variable=v5541 depth=9                  | kernel.cpp:10069 in pe_kernel_qkt_5_1, v5541         |
| array_partition | variable=v5542 complete dim=1           | kernel.cpp:10070 in pe_kernel_qkt_5_1, v5542         |
| array_partition | variable=v5542 complete dim=2           | kernel.cpp:10071 in pe_kernel_qkt_5_1, v5542         |
| stream          | variable=v5559 depth=9                  | kernel.cpp:10106 in pe_kernel_qkt_6_1, v5559         |
| stream          | variable=v5560 depth=9                  | kernel.cpp:10107 in pe_kernel_qkt_6_1, v5560         |
| stream          | variable=v5561 depth=9                  | kernel.cpp:10108 in pe_kernel_qkt_6_1, v5561         |
| stream          | variable=v5562 depth=9                  | kernel.cpp:10109 in pe_kernel_qkt_6_1, v5562         |
| array_partition | variable=v5563 complete dim=1           | kernel.cpp:10110 in pe_kernel_qkt_6_1, v5563         |
| array_partition | variable=v5563 complete dim=2           | kernel.cpp:10111 in pe_kernel_qkt_6_1, v5563         |
| stream          | variable=v5580 depth=9                  | kernel.cpp:10146 in pe_kernel_qkt_7_1, v5580         |
| stream          | variable=v5581 depth=9                  | kernel.cpp:10147 in pe_kernel_qkt_7_1, v5581         |
| stream          | variable=v5582 depth=9                  | kernel.cpp:10148 in pe_kernel_qkt_7_1, v5582         |
| stream          | variable=v5583 depth=9                  | kernel.cpp:10149 in pe_kernel_qkt_7_1, v5583         |
| array_partition | variable=v5584 complete dim=1           | kernel.cpp:10150 in pe_kernel_qkt_7_1, v5584         |
| array_partition | variable=v5584 complete dim=2           | kernel.cpp:10151 in pe_kernel_qkt_7_1, v5584         |
| stream          | variable=v5601 depth=9                  | kernel.cpp:10186 in pe_kernel_qkt_0_2, v5601         |
| stream          | variable=v5602 depth=9                  | kernel.cpp:10187 in pe_kernel_qkt_0_2, v5602         |
| stream          | variable=v5603 depth=9                  | kernel.cpp:10188 in pe_kernel_qkt_0_2, v5603         |
| stream          | variable=v5604 depth=9                  | kernel.cpp:10189 in pe_kernel_qkt_0_2, v5604         |
| array_partition | variable=v5605 complete dim=1           | kernel.cpp:10190 in pe_kernel_qkt_0_2, v5605         |
| array_partition | variable=v5605 complete dim=2           | kernel.cpp:10191 in pe_kernel_qkt_0_2, v5605         |
| stream          | variable=v5622 depth=9                  | kernel.cpp:10226 in pe_kernel_qkt_1_2, v5622         |
| stream          | variable=v5623 depth=9                  | kernel.cpp:10227 in pe_kernel_qkt_1_2, v5623         |
| stream          | variable=v5624 depth=9                  | kernel.cpp:10228 in pe_kernel_qkt_1_2, v5624         |
| stream          | variable=v5625 depth=9                  | kernel.cpp:10229 in pe_kernel_qkt_1_2, v5625         |
| array_partition | variable=v5626 complete dim=1           | kernel.cpp:10230 in pe_kernel_qkt_1_2, v5626         |
| array_partition | variable=v5626 complete dim=2           | kernel.cpp:10231 in pe_kernel_qkt_1_2, v5626         |
| stream          | variable=v5643 depth=9                  | kernel.cpp:10266 in pe_kernel_qkt_2_2, v5643         |
| stream          | variable=v5644 depth=9                  | kernel.cpp:10267 in pe_kernel_qkt_2_2, v5644         |
| stream          | variable=v5645 depth=9                  | kernel.cpp:10268 in pe_kernel_qkt_2_2, v5645         |
| stream          | variable=v5646 depth=9                  | kernel.cpp:10269 in pe_kernel_qkt_2_2, v5646         |
| array_partition | variable=v5647 complete dim=1           | kernel.cpp:10270 in pe_kernel_qkt_2_2, v5647         |
| array_partition | variable=v5647 complete dim=2           | kernel.cpp:10271 in pe_kernel_qkt_2_2, v5647         |
| stream          | variable=v5664 depth=9                  | kernel.cpp:10306 in pe_kernel_qkt_3_2, v5664         |
| stream          | variable=v5665 depth=9                  | kernel.cpp:10307 in pe_kernel_qkt_3_2, v5665         |
| stream          | variable=v5666 depth=9                  | kernel.cpp:10308 in pe_kernel_qkt_3_2, v5666         |
| stream          | variable=v5667 depth=9                  | kernel.cpp:10309 in pe_kernel_qkt_3_2, v5667         |
| array_partition | variable=v5668 complete dim=1           | kernel.cpp:10310 in pe_kernel_qkt_3_2, v5668         |
| array_partition | variable=v5668 complete dim=2           | kernel.cpp:10311 in pe_kernel_qkt_3_2, v5668         |
| stream          | variable=v5685 depth=9                  | kernel.cpp:10346 in pe_kernel_qkt_4_2, v5685         |
| stream          | variable=v5686 depth=9                  | kernel.cpp:10347 in pe_kernel_qkt_4_2, v5686         |
| stream          | variable=v5687 depth=9                  | kernel.cpp:10348 in pe_kernel_qkt_4_2, v5687         |
| stream          | variable=v5688 depth=9                  | kernel.cpp:10349 in pe_kernel_qkt_4_2, v5688         |
| array_partition | variable=v5689 complete dim=1           | kernel.cpp:10350 in pe_kernel_qkt_4_2, v5689         |
| array_partition | variable=v5689 complete dim=2           | kernel.cpp:10351 in pe_kernel_qkt_4_2, v5689         |
| stream          | variable=v5706 depth=9                  | kernel.cpp:10386 in pe_kernel_qkt_5_2, v5706         |
| stream          | variable=v5707 depth=9                  | kernel.cpp:10387 in pe_kernel_qkt_5_2, v5707         |
| stream          | variable=v5708 depth=9                  | kernel.cpp:10388 in pe_kernel_qkt_5_2, v5708         |
| stream          | variable=v5709 depth=9                  | kernel.cpp:10389 in pe_kernel_qkt_5_2, v5709         |
| array_partition | variable=v5710 complete dim=1           | kernel.cpp:10390 in pe_kernel_qkt_5_2, v5710         |
| array_partition | variable=v5710 complete dim=2           | kernel.cpp:10391 in pe_kernel_qkt_5_2, v5710         |
| stream          | variable=v5727 depth=9                  | kernel.cpp:10426 in pe_kernel_qkt_6_2, v5727         |
| stream          | variable=v5728 depth=9                  | kernel.cpp:10427 in pe_kernel_qkt_6_2, v5728         |
| stream          | variable=v5729 depth=9                  | kernel.cpp:10428 in pe_kernel_qkt_6_2, v5729         |
| stream          | variable=v5730 depth=9                  | kernel.cpp:10429 in pe_kernel_qkt_6_2, v5730         |
| array_partition | variable=v5731 complete dim=1           | kernel.cpp:10430 in pe_kernel_qkt_6_2, v5731         |
| array_partition | variable=v5731 complete dim=2           | kernel.cpp:10431 in pe_kernel_qkt_6_2, v5731         |
| stream          | variable=v5748 depth=9                  | kernel.cpp:10466 in pe_kernel_qkt_7_2, v5748         |
| stream          | variable=v5749 depth=9                  | kernel.cpp:10467 in pe_kernel_qkt_7_2, v5749         |
| stream          | variable=v5750 depth=9                  | kernel.cpp:10468 in pe_kernel_qkt_7_2, v5750         |
| stream          | variable=v5751 depth=9                  | kernel.cpp:10469 in pe_kernel_qkt_7_2, v5751         |
| array_partition | variable=v5752 complete dim=1           | kernel.cpp:10470 in pe_kernel_qkt_7_2, v5752         |
| array_partition | variable=v5752 complete dim=2           | kernel.cpp:10471 in pe_kernel_qkt_7_2, v5752         |
| stream          | variable=v5769 depth=9                  | kernel.cpp:10506 in pe_kernel_qkt_0_3, v5769         |
| stream          | variable=v5770 depth=9                  | kernel.cpp:10507 in pe_kernel_qkt_0_3, v5770         |
| stream          | variable=v5771 depth=9                  | kernel.cpp:10508 in pe_kernel_qkt_0_3, v5771         |
| stream          | variable=v5772 depth=9                  | kernel.cpp:10509 in pe_kernel_qkt_0_3, v5772         |
| array_partition | variable=v5773 complete dim=1           | kernel.cpp:10510 in pe_kernel_qkt_0_3, v5773         |
| array_partition | variable=v5773 complete dim=2           | kernel.cpp:10511 in pe_kernel_qkt_0_3, v5773         |
| stream          | variable=v5790 depth=9                  | kernel.cpp:10546 in pe_kernel_qkt_1_3, v5790         |
| stream          | variable=v5791 depth=9                  | kernel.cpp:10547 in pe_kernel_qkt_1_3, v5791         |
| stream          | variable=v5792 depth=9                  | kernel.cpp:10548 in pe_kernel_qkt_1_3, v5792         |
| stream          | variable=v5793 depth=9                  | kernel.cpp:10549 in pe_kernel_qkt_1_3, v5793         |
| array_partition | variable=v5794 complete dim=1           | kernel.cpp:10550 in pe_kernel_qkt_1_3, v5794         |
| array_partition | variable=v5794 complete dim=2           | kernel.cpp:10551 in pe_kernel_qkt_1_3, v5794         |
| stream          | variable=v5811 depth=9                  | kernel.cpp:10586 in pe_kernel_qkt_2_3, v5811         |
| stream          | variable=v5812 depth=9                  | kernel.cpp:10587 in pe_kernel_qkt_2_3, v5812         |
| stream          | variable=v5813 depth=9                  | kernel.cpp:10588 in pe_kernel_qkt_2_3, v5813         |
| stream          | variable=v5814 depth=9                  | kernel.cpp:10589 in pe_kernel_qkt_2_3, v5814         |
| array_partition | variable=v5815 complete dim=1           | kernel.cpp:10590 in pe_kernel_qkt_2_3, v5815         |
| array_partition | variable=v5815 complete dim=2           | kernel.cpp:10591 in pe_kernel_qkt_2_3, v5815         |
| stream          | variable=v5832 depth=9                  | kernel.cpp:10626 in pe_kernel_qkt_3_3, v5832         |
| stream          | variable=v5833 depth=9                  | kernel.cpp:10627 in pe_kernel_qkt_3_3, v5833         |
| stream          | variable=v5834 depth=9                  | kernel.cpp:10628 in pe_kernel_qkt_3_3, v5834         |
| stream          | variable=v5835 depth=9                  | kernel.cpp:10629 in pe_kernel_qkt_3_3, v5835         |
| array_partition | variable=v5836 complete dim=1           | kernel.cpp:10630 in pe_kernel_qkt_3_3, v5836         |
| array_partition | variable=v5836 complete dim=2           | kernel.cpp:10631 in pe_kernel_qkt_3_3, v5836         |
| stream          | variable=v5853 depth=9                  | kernel.cpp:10666 in pe_kernel_qkt_4_3, v5853         |
| stream          | variable=v5854 depth=9                  | kernel.cpp:10667 in pe_kernel_qkt_4_3, v5854         |
| stream          | variable=v5855 depth=9                  | kernel.cpp:10668 in pe_kernel_qkt_4_3, v5855         |
| stream          | variable=v5856 depth=9                  | kernel.cpp:10669 in pe_kernel_qkt_4_3, v5856         |
| array_partition | variable=v5857 complete dim=1           | kernel.cpp:10670 in pe_kernel_qkt_4_3, v5857         |
| array_partition | variable=v5857 complete dim=2           | kernel.cpp:10671 in pe_kernel_qkt_4_3, v5857         |
| stream          | variable=v5874 depth=9                  | kernel.cpp:10706 in pe_kernel_qkt_5_3, v5874         |
| stream          | variable=v5875 depth=9                  | kernel.cpp:10707 in pe_kernel_qkt_5_3, v5875         |
| stream          | variable=v5876 depth=9                  | kernel.cpp:10708 in pe_kernel_qkt_5_3, v5876         |
| stream          | variable=v5877 depth=9                  | kernel.cpp:10709 in pe_kernel_qkt_5_3, v5877         |
| array_partition | variable=v5878 complete dim=1           | kernel.cpp:10710 in pe_kernel_qkt_5_3, v5878         |
| array_partition | variable=v5878 complete dim=2           | kernel.cpp:10711 in pe_kernel_qkt_5_3, v5878         |
| stream          | variable=v5895 depth=9                  | kernel.cpp:10746 in pe_kernel_qkt_6_3, v5895         |
| stream          | variable=v5896 depth=9                  | kernel.cpp:10747 in pe_kernel_qkt_6_3, v5896         |
| stream          | variable=v5897 depth=9                  | kernel.cpp:10748 in pe_kernel_qkt_6_3, v5897         |
| stream          | variable=v5898 depth=9                  | kernel.cpp:10749 in pe_kernel_qkt_6_3, v5898         |
| array_partition | variable=v5899 complete dim=1           | kernel.cpp:10750 in pe_kernel_qkt_6_3, v5899         |
| array_partition | variable=v5899 complete dim=2           | kernel.cpp:10751 in pe_kernel_qkt_6_3, v5899         |
| stream          | variable=v5916 depth=9                  | kernel.cpp:10786 in pe_kernel_qkt_7_3, v5916         |
| stream          | variable=v5917 depth=9                  | kernel.cpp:10787 in pe_kernel_qkt_7_3, v5917         |
| stream          | variable=v5918 depth=9                  | kernel.cpp:10788 in pe_kernel_qkt_7_3, v5918         |
| stream          | variable=v5919 depth=9                  | kernel.cpp:10789 in pe_kernel_qkt_7_3, v5919         |
| array_partition | variable=v5920 complete dim=1           | kernel.cpp:10790 in pe_kernel_qkt_7_3, v5920         |
| array_partition | variable=v5920 complete dim=2           | kernel.cpp:10791 in pe_kernel_qkt_7_3, v5920         |
| stream          | variable=v5937 depth=9                  | kernel.cpp:10826 in pe_kernel_qkt_0_4, v5937         |
| stream          | variable=v5938 depth=9                  | kernel.cpp:10827 in pe_kernel_qkt_0_4, v5938         |
| stream          | variable=v5939 depth=9                  | kernel.cpp:10828 in pe_kernel_qkt_0_4, v5939         |
| stream          | variable=v5940 depth=9                  | kernel.cpp:10829 in pe_kernel_qkt_0_4, v5940         |
| array_partition | variable=v5941 complete dim=1           | kernel.cpp:10830 in pe_kernel_qkt_0_4, v5941         |
| array_partition | variable=v5941 complete dim=2           | kernel.cpp:10831 in pe_kernel_qkt_0_4, v5941         |
| stream          | variable=v5958 depth=9                  | kernel.cpp:10866 in pe_kernel_qkt_1_4, v5958         |
| stream          | variable=v5959 depth=9                  | kernel.cpp:10867 in pe_kernel_qkt_1_4, v5959         |
| stream          | variable=v5960 depth=9                  | kernel.cpp:10868 in pe_kernel_qkt_1_4, v5960         |
| stream          | variable=v5961 depth=9                  | kernel.cpp:10869 in pe_kernel_qkt_1_4, v5961         |
| array_partition | variable=v5962 complete dim=1           | kernel.cpp:10870 in pe_kernel_qkt_1_4, v5962         |
| array_partition | variable=v5962 complete dim=2           | kernel.cpp:10871 in pe_kernel_qkt_1_4, v5962         |
| stream          | variable=v5979 depth=9                  | kernel.cpp:10906 in pe_kernel_qkt_2_4, v5979         |
| stream          | variable=v5980 depth=9                  | kernel.cpp:10907 in pe_kernel_qkt_2_4, v5980         |
| stream          | variable=v5981 depth=9                  | kernel.cpp:10908 in pe_kernel_qkt_2_4, v5981         |
| stream          | variable=v5982 depth=9                  | kernel.cpp:10909 in pe_kernel_qkt_2_4, v5982         |
| array_partition | variable=v5983 complete dim=1           | kernel.cpp:10910 in pe_kernel_qkt_2_4, v5983         |
| array_partition | variable=v5983 complete dim=2           | kernel.cpp:10911 in pe_kernel_qkt_2_4, v5983         |
| stream          | variable=v6000 depth=9                  | kernel.cpp:10946 in pe_kernel_qkt_3_4, v6000         |
| stream          | variable=v6001 depth=9                  | kernel.cpp:10947 in pe_kernel_qkt_3_4, v6001         |
| stream          | variable=v6002 depth=9                  | kernel.cpp:10948 in pe_kernel_qkt_3_4, v6002         |
| stream          | variable=v6003 depth=9                  | kernel.cpp:10949 in pe_kernel_qkt_3_4, v6003         |
| array_partition | variable=v6004 complete dim=1           | kernel.cpp:10950 in pe_kernel_qkt_3_4, v6004         |
| array_partition | variable=v6004 complete dim=2           | kernel.cpp:10951 in pe_kernel_qkt_3_4, v6004         |
| stream          | variable=v6021 depth=9                  | kernel.cpp:10986 in pe_kernel_qkt_4_4, v6021         |
| stream          | variable=v6022 depth=9                  | kernel.cpp:10987 in pe_kernel_qkt_4_4, v6022         |
| stream          | variable=v6023 depth=9                  | kernel.cpp:10988 in pe_kernel_qkt_4_4, v6023         |
| stream          | variable=v6024 depth=9                  | kernel.cpp:10989 in pe_kernel_qkt_4_4, v6024         |
| array_partition | variable=v6025 complete dim=1           | kernel.cpp:10990 in pe_kernel_qkt_4_4, v6025         |
| array_partition | variable=v6025 complete dim=2           | kernel.cpp:10991 in pe_kernel_qkt_4_4, v6025         |
| stream          | variable=v6042 depth=9                  | kernel.cpp:11026 in pe_kernel_qkt_5_4, v6042         |
| stream          | variable=v6043 depth=9                  | kernel.cpp:11027 in pe_kernel_qkt_5_4, v6043         |
| stream          | variable=v6044 depth=9                  | kernel.cpp:11028 in pe_kernel_qkt_5_4, v6044         |
| stream          | variable=v6045 depth=9                  | kernel.cpp:11029 in pe_kernel_qkt_5_4, v6045         |
| array_partition | variable=v6046 complete dim=1           | kernel.cpp:11030 in pe_kernel_qkt_5_4, v6046         |
| array_partition | variable=v6046 complete dim=2           | kernel.cpp:11031 in pe_kernel_qkt_5_4, v6046         |
| stream          | variable=v6063 depth=9                  | kernel.cpp:11066 in pe_kernel_qkt_6_4, v6063         |
| stream          | variable=v6064 depth=9                  | kernel.cpp:11067 in pe_kernel_qkt_6_4, v6064         |
| stream          | variable=v6065 depth=9                  | kernel.cpp:11068 in pe_kernel_qkt_6_4, v6065         |
| stream          | variable=v6066 depth=9                  | kernel.cpp:11069 in pe_kernel_qkt_6_4, v6066         |
| array_partition | variable=v6067 complete dim=1           | kernel.cpp:11070 in pe_kernel_qkt_6_4, v6067         |
| array_partition | variable=v6067 complete dim=2           | kernel.cpp:11071 in pe_kernel_qkt_6_4, v6067         |
| stream          | variable=v6084 depth=9                  | kernel.cpp:11106 in pe_kernel_qkt_7_4, v6084         |
| stream          | variable=v6085 depth=9                  | kernel.cpp:11107 in pe_kernel_qkt_7_4, v6085         |
| stream          | variable=v6086 depth=9                  | kernel.cpp:11108 in pe_kernel_qkt_7_4, v6086         |
| stream          | variable=v6087 depth=9                  | kernel.cpp:11109 in pe_kernel_qkt_7_4, v6087         |
| array_partition | variable=v6088 complete dim=1           | kernel.cpp:11110 in pe_kernel_qkt_7_4, v6088         |
| array_partition | variable=v6088 complete dim=2           | kernel.cpp:11111 in pe_kernel_qkt_7_4, v6088         |
| stream          | variable=v6105 depth=9                  | kernel.cpp:11146 in pe_kernel_qkt_0_5, v6105         |
| stream          | variable=v6106 depth=9                  | kernel.cpp:11147 in pe_kernel_qkt_0_5, v6106         |
| stream          | variable=v6107 depth=9                  | kernel.cpp:11148 in pe_kernel_qkt_0_5, v6107         |
| stream          | variable=v6108 depth=9                  | kernel.cpp:11149 in pe_kernel_qkt_0_5, v6108         |
| array_partition | variable=v6109 complete dim=1           | kernel.cpp:11150 in pe_kernel_qkt_0_5, v6109         |
| array_partition | variable=v6109 complete dim=2           | kernel.cpp:11151 in pe_kernel_qkt_0_5, v6109         |
| stream          | variable=v6126 depth=9                  | kernel.cpp:11186 in pe_kernel_qkt_1_5, v6126         |
| stream          | variable=v6127 depth=9                  | kernel.cpp:11187 in pe_kernel_qkt_1_5, v6127         |
| stream          | variable=v6128 depth=9                  | kernel.cpp:11188 in pe_kernel_qkt_1_5, v6128         |
| stream          | variable=v6129 depth=9                  | kernel.cpp:11189 in pe_kernel_qkt_1_5, v6129         |
| array_partition | variable=v6130 complete dim=1           | kernel.cpp:11190 in pe_kernel_qkt_1_5, v6130         |
| array_partition | variable=v6130 complete dim=2           | kernel.cpp:11191 in pe_kernel_qkt_1_5, v6130         |
| stream          | variable=v6147 depth=9                  | kernel.cpp:11226 in pe_kernel_qkt_2_5, v6147         |
| stream          | variable=v6148 depth=9                  | kernel.cpp:11227 in pe_kernel_qkt_2_5, v6148         |
| stream          | variable=v6149 depth=9                  | kernel.cpp:11228 in pe_kernel_qkt_2_5, v6149         |
| stream          | variable=v6150 depth=9                  | kernel.cpp:11229 in pe_kernel_qkt_2_5, v6150         |
| array_partition | variable=v6151 complete dim=1           | kernel.cpp:11230 in pe_kernel_qkt_2_5, v6151         |
| array_partition | variable=v6151 complete dim=2           | kernel.cpp:11231 in pe_kernel_qkt_2_5, v6151         |
| stream          | variable=v6168 depth=9                  | kernel.cpp:11266 in pe_kernel_qkt_3_5, v6168         |
| stream          | variable=v6169 depth=9                  | kernel.cpp:11267 in pe_kernel_qkt_3_5, v6169         |
| stream          | variable=v6170 depth=9                  | kernel.cpp:11268 in pe_kernel_qkt_3_5, v6170         |
| stream          | variable=v6171 depth=9                  | kernel.cpp:11269 in pe_kernel_qkt_3_5, v6171         |
| array_partition | variable=v6172 complete dim=1           | kernel.cpp:11270 in pe_kernel_qkt_3_5, v6172         |
| array_partition | variable=v6172 complete dim=2           | kernel.cpp:11271 in pe_kernel_qkt_3_5, v6172         |
| stream          | variable=v6189 depth=9                  | kernel.cpp:11306 in pe_kernel_qkt_4_5, v6189         |
| stream          | variable=v6190 depth=9                  | kernel.cpp:11307 in pe_kernel_qkt_4_5, v6190         |
| stream          | variable=v6191 depth=9                  | kernel.cpp:11308 in pe_kernel_qkt_4_5, v6191         |
| stream          | variable=v6192 depth=9                  | kernel.cpp:11309 in pe_kernel_qkt_4_5, v6192         |
| array_partition | variable=v6193 complete dim=1           | kernel.cpp:11310 in pe_kernel_qkt_4_5, v6193         |
| array_partition | variable=v6193 complete dim=2           | kernel.cpp:11311 in pe_kernel_qkt_4_5, v6193         |
| stream          | variable=v6210 depth=9                  | kernel.cpp:11346 in pe_kernel_qkt_5_5, v6210         |
| stream          | variable=v6211 depth=9                  | kernel.cpp:11347 in pe_kernel_qkt_5_5, v6211         |
| stream          | variable=v6212 depth=9                  | kernel.cpp:11348 in pe_kernel_qkt_5_5, v6212         |
| stream          | variable=v6213 depth=9                  | kernel.cpp:11349 in pe_kernel_qkt_5_5, v6213         |
| array_partition | variable=v6214 complete dim=1           | kernel.cpp:11350 in pe_kernel_qkt_5_5, v6214         |
| array_partition | variable=v6214 complete dim=2           | kernel.cpp:11351 in pe_kernel_qkt_5_5, v6214         |
| stream          | variable=v6231 depth=9                  | kernel.cpp:11386 in pe_kernel_qkt_6_5, v6231         |
| stream          | variable=v6232 depth=9                  | kernel.cpp:11387 in pe_kernel_qkt_6_5, v6232         |
| stream          | variable=v6233 depth=9                  | kernel.cpp:11388 in pe_kernel_qkt_6_5, v6233         |
| stream          | variable=v6234 depth=9                  | kernel.cpp:11389 in pe_kernel_qkt_6_5, v6234         |
| array_partition | variable=v6235 complete dim=1           | kernel.cpp:11390 in pe_kernel_qkt_6_5, v6235         |
| array_partition | variable=v6235 complete dim=2           | kernel.cpp:11391 in pe_kernel_qkt_6_5, v6235         |
| stream          | variable=v6252 depth=9                  | kernel.cpp:11426 in pe_kernel_qkt_7_5, v6252         |
| stream          | variable=v6253 depth=9                  | kernel.cpp:11427 in pe_kernel_qkt_7_5, v6253         |
| stream          | variable=v6254 depth=9                  | kernel.cpp:11428 in pe_kernel_qkt_7_5, v6254         |
| stream          | variable=v6255 depth=9                  | kernel.cpp:11429 in pe_kernel_qkt_7_5, v6255         |
| array_partition | variable=v6256 complete dim=1           | kernel.cpp:11430 in pe_kernel_qkt_7_5, v6256         |
| array_partition | variable=v6256 complete dim=2           | kernel.cpp:11431 in pe_kernel_qkt_7_5, v6256         |
| stream          | variable=v6273 depth=9                  | kernel.cpp:11466 in pe_kernel_qkt_0_6, v6273         |
| stream          | variable=v6274 depth=9                  | kernel.cpp:11467 in pe_kernel_qkt_0_6, v6274         |
| stream          | variable=v6275 depth=9                  | kernel.cpp:11468 in pe_kernel_qkt_0_6, v6275         |
| stream          | variable=v6276 depth=9                  | kernel.cpp:11469 in pe_kernel_qkt_0_6, v6276         |
| array_partition | variable=v6277 complete dim=1           | kernel.cpp:11470 in pe_kernel_qkt_0_6, v6277         |
| array_partition | variable=v6277 complete dim=2           | kernel.cpp:11471 in pe_kernel_qkt_0_6, v6277         |
| stream          | variable=v6294 depth=9                  | kernel.cpp:11506 in pe_kernel_qkt_1_6, v6294         |
| stream          | variable=v6295 depth=9                  | kernel.cpp:11507 in pe_kernel_qkt_1_6, v6295         |
| stream          | variable=v6296 depth=9                  | kernel.cpp:11508 in pe_kernel_qkt_1_6, v6296         |
| stream          | variable=v6297 depth=9                  | kernel.cpp:11509 in pe_kernel_qkt_1_6, v6297         |
| array_partition | variable=v6298 complete dim=1           | kernel.cpp:11510 in pe_kernel_qkt_1_6, v6298         |
| array_partition | variable=v6298 complete dim=2           | kernel.cpp:11511 in pe_kernel_qkt_1_6, v6298         |
| stream          | variable=v6315 depth=9                  | kernel.cpp:11546 in pe_kernel_qkt_2_6, v6315         |
| stream          | variable=v6316 depth=9                  | kernel.cpp:11547 in pe_kernel_qkt_2_6, v6316         |
| stream          | variable=v6317 depth=9                  | kernel.cpp:11548 in pe_kernel_qkt_2_6, v6317         |
| stream          | variable=v6318 depth=9                  | kernel.cpp:11549 in pe_kernel_qkt_2_6, v6318         |
| array_partition | variable=v6319 complete dim=1           | kernel.cpp:11550 in pe_kernel_qkt_2_6, v6319         |
| array_partition | variable=v6319 complete dim=2           | kernel.cpp:11551 in pe_kernel_qkt_2_6, v6319         |
| stream          | variable=v6336 depth=9                  | kernel.cpp:11586 in pe_kernel_qkt_3_6, v6336         |
| stream          | variable=v6337 depth=9                  | kernel.cpp:11587 in pe_kernel_qkt_3_6, v6337         |
| stream          | variable=v6338 depth=9                  | kernel.cpp:11588 in pe_kernel_qkt_3_6, v6338         |
| stream          | variable=v6339 depth=9                  | kernel.cpp:11589 in pe_kernel_qkt_3_6, v6339         |
| array_partition | variable=v6340 complete dim=1           | kernel.cpp:11590 in pe_kernel_qkt_3_6, v6340         |
| array_partition | variable=v6340 complete dim=2           | kernel.cpp:11591 in pe_kernel_qkt_3_6, v6340         |
| stream          | variable=v6357 depth=9                  | kernel.cpp:11626 in pe_kernel_qkt_4_6, v6357         |
| stream          | variable=v6358 depth=9                  | kernel.cpp:11627 in pe_kernel_qkt_4_6, v6358         |
| stream          | variable=v6359 depth=9                  | kernel.cpp:11628 in pe_kernel_qkt_4_6, v6359         |
| stream          | variable=v6360 depth=9                  | kernel.cpp:11629 in pe_kernel_qkt_4_6, v6360         |
| array_partition | variable=v6361 complete dim=1           | kernel.cpp:11630 in pe_kernel_qkt_4_6, v6361         |
| array_partition | variable=v6361 complete dim=2           | kernel.cpp:11631 in pe_kernel_qkt_4_6, v6361         |
| stream          | variable=v6378 depth=9                  | kernel.cpp:11666 in pe_kernel_qkt_5_6, v6378         |
| stream          | variable=v6379 depth=9                  | kernel.cpp:11667 in pe_kernel_qkt_5_6, v6379         |
| stream          | variable=v6380 depth=9                  | kernel.cpp:11668 in pe_kernel_qkt_5_6, v6380         |
| stream          | variable=v6381 depth=9                  | kernel.cpp:11669 in pe_kernel_qkt_5_6, v6381         |
| array_partition | variable=v6382 complete dim=1           | kernel.cpp:11670 in pe_kernel_qkt_5_6, v6382         |
| array_partition | variable=v6382 complete dim=2           | kernel.cpp:11671 in pe_kernel_qkt_5_6, v6382         |
| stream          | variable=v6399 depth=9                  | kernel.cpp:11706 in pe_kernel_qkt_6_6, v6399         |
| stream          | variable=v6400 depth=9                  | kernel.cpp:11707 in pe_kernel_qkt_6_6, v6400         |
| stream          | variable=v6401 depth=9                  | kernel.cpp:11708 in pe_kernel_qkt_6_6, v6401         |
| stream          | variable=v6402 depth=9                  | kernel.cpp:11709 in pe_kernel_qkt_6_6, v6402         |
| array_partition | variable=v6403 complete dim=1           | kernel.cpp:11710 in pe_kernel_qkt_6_6, v6403         |
| array_partition | variable=v6403 complete dim=2           | kernel.cpp:11711 in pe_kernel_qkt_6_6, v6403         |
| stream          | variable=v6420 depth=9                  | kernel.cpp:11746 in pe_kernel_qkt_7_6, v6420         |
| stream          | variable=v6421 depth=9                  | kernel.cpp:11747 in pe_kernel_qkt_7_6, v6421         |
| stream          | variable=v6422 depth=9                  | kernel.cpp:11748 in pe_kernel_qkt_7_6, v6422         |
| stream          | variable=v6423 depth=9                  | kernel.cpp:11749 in pe_kernel_qkt_7_6, v6423         |
| array_partition | variable=v6424 complete dim=1           | kernel.cpp:11750 in pe_kernel_qkt_7_6, v6424         |
| array_partition | variable=v6424 complete dim=2           | kernel.cpp:11751 in pe_kernel_qkt_7_6, v6424         |
| stream          | variable=v6441 depth=9                  | kernel.cpp:11786 in pe_kernel_qkt_0_7, v6441         |
| stream          | variable=v6442 depth=9                  | kernel.cpp:11787 in pe_kernel_qkt_0_7, v6442         |
| stream          | variable=v6443 depth=9                  | kernel.cpp:11788 in pe_kernel_qkt_0_7, v6443         |
| stream          | variable=v6444 depth=9                  | kernel.cpp:11789 in pe_kernel_qkt_0_7, v6444         |
| array_partition | variable=v6445 complete dim=1           | kernel.cpp:11790 in pe_kernel_qkt_0_7, v6445         |
| array_partition | variable=v6445 complete dim=2           | kernel.cpp:11791 in pe_kernel_qkt_0_7, v6445         |
| stream          | variable=v6462 depth=9                  | kernel.cpp:11826 in pe_kernel_qkt_1_7, v6462         |
| stream          | variable=v6463 depth=9                  | kernel.cpp:11827 in pe_kernel_qkt_1_7, v6463         |
| stream          | variable=v6464 depth=9                  | kernel.cpp:11828 in pe_kernel_qkt_1_7, v6464         |
| stream          | variable=v6465 depth=9                  | kernel.cpp:11829 in pe_kernel_qkt_1_7, v6465         |
| array_partition | variable=v6466 complete dim=1           | kernel.cpp:11830 in pe_kernel_qkt_1_7, v6466         |
| array_partition | variable=v6466 complete dim=2           | kernel.cpp:11831 in pe_kernel_qkt_1_7, v6466         |
| stream          | variable=v6483 depth=9                  | kernel.cpp:11866 in pe_kernel_qkt_2_7, v6483         |
| stream          | variable=v6484 depth=9                  | kernel.cpp:11867 in pe_kernel_qkt_2_7, v6484         |
| stream          | variable=v6485 depth=9                  | kernel.cpp:11868 in pe_kernel_qkt_2_7, v6485         |
| stream          | variable=v6486 depth=9                  | kernel.cpp:11869 in pe_kernel_qkt_2_7, v6486         |
| array_partition | variable=v6487 complete dim=1           | kernel.cpp:11870 in pe_kernel_qkt_2_7, v6487         |
| array_partition | variable=v6487 complete dim=2           | kernel.cpp:11871 in pe_kernel_qkt_2_7, v6487         |
| stream          | variable=v6504 depth=9                  | kernel.cpp:11906 in pe_kernel_qkt_3_7, v6504         |
| stream          | variable=v6505 depth=9                  | kernel.cpp:11907 in pe_kernel_qkt_3_7, v6505         |
| stream          | variable=v6506 depth=9                  | kernel.cpp:11908 in pe_kernel_qkt_3_7, v6506         |
| stream          | variable=v6507 depth=9                  | kernel.cpp:11909 in pe_kernel_qkt_3_7, v6507         |
| array_partition | variable=v6508 complete dim=1           | kernel.cpp:11910 in pe_kernel_qkt_3_7, v6508         |
| array_partition | variable=v6508 complete dim=2           | kernel.cpp:11911 in pe_kernel_qkt_3_7, v6508         |
| stream          | variable=v6525 depth=9                  | kernel.cpp:11946 in pe_kernel_qkt_4_7, v6525         |
| stream          | variable=v6526 depth=9                  | kernel.cpp:11947 in pe_kernel_qkt_4_7, v6526         |
| stream          | variable=v6527 depth=9                  | kernel.cpp:11948 in pe_kernel_qkt_4_7, v6527         |
| stream          | variable=v6528 depth=9                  | kernel.cpp:11949 in pe_kernel_qkt_4_7, v6528         |
| array_partition | variable=v6529 complete dim=1           | kernel.cpp:11950 in pe_kernel_qkt_4_7, v6529         |
| array_partition | variable=v6529 complete dim=2           | kernel.cpp:11951 in pe_kernel_qkt_4_7, v6529         |
| stream          | variable=v6546 depth=9                  | kernel.cpp:11986 in pe_kernel_qkt_5_7, v6546         |
| stream          | variable=v6547 depth=9                  | kernel.cpp:11987 in pe_kernel_qkt_5_7, v6547         |
| stream          | variable=v6548 depth=9                  | kernel.cpp:11988 in pe_kernel_qkt_5_7, v6548         |
| stream          | variable=v6549 depth=9                  | kernel.cpp:11989 in pe_kernel_qkt_5_7, v6549         |
| array_partition | variable=v6550 complete dim=1           | kernel.cpp:11990 in pe_kernel_qkt_5_7, v6550         |
| array_partition | variable=v6550 complete dim=2           | kernel.cpp:11991 in pe_kernel_qkt_5_7, v6550         |
| stream          | variable=v6567 depth=9                  | kernel.cpp:12026 in pe_kernel_qkt_6_7, v6567         |
| stream          | variable=v6568 depth=9                  | kernel.cpp:12027 in pe_kernel_qkt_6_7, v6568         |
| stream          | variable=v6569 depth=9                  | kernel.cpp:12028 in pe_kernel_qkt_6_7, v6569         |
| stream          | variable=v6570 depth=9                  | kernel.cpp:12029 in pe_kernel_qkt_6_7, v6570         |
| array_partition | variable=v6571 complete dim=1           | kernel.cpp:12030 in pe_kernel_qkt_6_7, v6571         |
| array_partition | variable=v6571 complete dim=2           | kernel.cpp:12031 in pe_kernel_qkt_6_7, v6571         |
| stream          | variable=v6588 depth=9                  | kernel.cpp:12066 in pe_kernel_qkt_7_7, v6588         |
| stream          | variable=v6589 depth=9                  | kernel.cpp:12067 in pe_kernel_qkt_7_7, v6589         |
| stream          | variable=v6590 depth=9                  | kernel.cpp:12068 in pe_kernel_qkt_7_7, v6590         |
| stream          | variable=v6591 depth=9                  | kernel.cpp:12069 in pe_kernel_qkt_7_7, v6591         |
| array_partition | variable=v6592 complete dim=1           | kernel.cpp:12070 in pe_kernel_qkt_7_7, v6592         |
| array_partition | variable=v6592 complete dim=2           | kernel.cpp:12071 in pe_kernel_qkt_7_7, v6592         |
| array_partition | variable=v6609 complete dim=1           | kernel.cpp:12103 in systolic_tile_qkt, v6609         |
| array_partition | variable=v6610 complete dim=2           | kernel.cpp:12105 in systolic_tile_qkt, v6610         |
| array_partition | variable=v6611 complete dim=1           | kernel.cpp:12107 in systolic_tile_qkt, v6611         |
| array_partition | variable=v6611 complete dim=2           | kernel.cpp:12108 in systolic_tile_qkt, v6611         |
| stream          | variable=A_fifo4 depth=9                | kernel.cpp:12111 in systolic_tile_qkt, A_fifo4       |
| stream          | variable=B_fifo4 depth=9                | kernel.cpp:12113 in systolic_tile_qkt, B_fifo4       |
| array_partition | variable=local_A4 complete dim=1        | kernel.cpp:12464 in systolic_qkt, local_A4           |
| array_partition | variable=local_B4 complete dim=2        | kernel.cpp:12467 in systolic_qkt, local_B4           |
| array_partition | variable=local_C4 complete dim=1        | kernel.cpp:12470 in systolic_qkt, local_C4           |
| array_partition | variable=local_C4 complete dim=2        | kernel.cpp:12471 in systolic_qkt, local_C4           |
| pipeline        | II=1                                    | kernel.cpp:12478 in systolic_qkt                     |
| pipeline        | II=1                                    | kernel.cpp:12489 in systolic_qkt                     |
| pipeline        | II=1                                    | kernel.cpp:12497 in systolic_qkt                     |
| stream          | variable=v6928 depth=9                  | kernel.cpp:12607 in pe_kernel_yv_0_0, v6928          |
| stream          | variable=v6929 depth=9                  | kernel.cpp:12608 in pe_kernel_yv_0_0, v6929          |
| stream          | variable=v6930 depth=9                  | kernel.cpp:12609 in pe_kernel_yv_0_0, v6930          |
| stream          | variable=v6931 depth=9                  | kernel.cpp:12610 in pe_kernel_yv_0_0, v6931          |
| array_partition | variable=v6932 complete dim=1           | kernel.cpp:12611 in pe_kernel_yv_0_0, v6932          |
| array_partition | variable=v6932 complete dim=2           | kernel.cpp:12612 in pe_kernel_yv_0_0, v6932          |
| stream          | variable=v6949 depth=9                  | kernel.cpp:12647 in pe_kernel_yv_1_0, v6949          |
| stream          | variable=v6950 depth=9                  | kernel.cpp:12648 in pe_kernel_yv_1_0, v6950          |
| stream          | variable=v6951 depth=9                  | kernel.cpp:12649 in pe_kernel_yv_1_0, v6951          |
| stream          | variable=v6952 depth=9                  | kernel.cpp:12650 in pe_kernel_yv_1_0, v6952          |
| array_partition | variable=v6953 complete dim=1           | kernel.cpp:12651 in pe_kernel_yv_1_0, v6953          |
| array_partition | variable=v6953 complete dim=2           | kernel.cpp:12652 in pe_kernel_yv_1_0, v6953          |
| stream          | variable=v6970 depth=9                  | kernel.cpp:12687 in pe_kernel_yv_2_0, v6970          |
| stream          | variable=v6971 depth=9                  | kernel.cpp:12688 in pe_kernel_yv_2_0, v6971          |
| stream          | variable=v6972 depth=9                  | kernel.cpp:12689 in pe_kernel_yv_2_0, v6972          |
| stream          | variable=v6973 depth=9                  | kernel.cpp:12690 in pe_kernel_yv_2_0, v6973          |
| array_partition | variable=v6974 complete dim=1           | kernel.cpp:12691 in pe_kernel_yv_2_0, v6974          |
| array_partition | variable=v6974 complete dim=2           | kernel.cpp:12692 in pe_kernel_yv_2_0, v6974          |
| stream          | variable=v6991 depth=9                  | kernel.cpp:12727 in pe_kernel_yv_3_0, v6991          |
| stream          | variable=v6992 depth=9                  | kernel.cpp:12728 in pe_kernel_yv_3_0, v6992          |
| stream          | variable=v6993 depth=9                  | kernel.cpp:12729 in pe_kernel_yv_3_0, v6993          |
| stream          | variable=v6994 depth=9                  | kernel.cpp:12730 in pe_kernel_yv_3_0, v6994          |
| array_partition | variable=v6995 complete dim=1           | kernel.cpp:12731 in pe_kernel_yv_3_0, v6995          |
| array_partition | variable=v6995 complete dim=2           | kernel.cpp:12732 in pe_kernel_yv_3_0, v6995          |
| stream          | variable=v7012 depth=9                  | kernel.cpp:12767 in pe_kernel_yv_4_0, v7012          |
| stream          | variable=v7013 depth=9                  | kernel.cpp:12768 in pe_kernel_yv_4_0, v7013          |
| stream          | variable=v7014 depth=9                  | kernel.cpp:12769 in pe_kernel_yv_4_0, v7014          |
| stream          | variable=v7015 depth=9                  | kernel.cpp:12770 in pe_kernel_yv_4_0, v7015          |
| array_partition | variable=v7016 complete dim=1           | kernel.cpp:12771 in pe_kernel_yv_4_0, v7016          |
| array_partition | variable=v7016 complete dim=2           | kernel.cpp:12772 in pe_kernel_yv_4_0, v7016          |
| stream          | variable=v7033 depth=9                  | kernel.cpp:12807 in pe_kernel_yv_5_0, v7033          |
| stream          | variable=v7034 depth=9                  | kernel.cpp:12808 in pe_kernel_yv_5_0, v7034          |
| stream          | variable=v7035 depth=9                  | kernel.cpp:12809 in pe_kernel_yv_5_0, v7035          |
| stream          | variable=v7036 depth=9                  | kernel.cpp:12810 in pe_kernel_yv_5_0, v7036          |
| array_partition | variable=v7037 complete dim=1           | kernel.cpp:12811 in pe_kernel_yv_5_0, v7037          |
| array_partition | variable=v7037 complete dim=2           | kernel.cpp:12812 in pe_kernel_yv_5_0, v7037          |
| stream          | variable=v7054 depth=9                  | kernel.cpp:12847 in pe_kernel_yv_6_0, v7054          |
| stream          | variable=v7055 depth=9                  | kernel.cpp:12848 in pe_kernel_yv_6_0, v7055          |
| stream          | variable=v7056 depth=9                  | kernel.cpp:12849 in pe_kernel_yv_6_0, v7056          |
| stream          | variable=v7057 depth=9                  | kernel.cpp:12850 in pe_kernel_yv_6_0, v7057          |
| array_partition | variable=v7058 complete dim=1           | kernel.cpp:12851 in pe_kernel_yv_6_0, v7058          |
| array_partition | variable=v7058 complete dim=2           | kernel.cpp:12852 in pe_kernel_yv_6_0, v7058          |
| stream          | variable=v7075 depth=9                  | kernel.cpp:12887 in pe_kernel_yv_7_0, v7075          |
| stream          | variable=v7076 depth=9                  | kernel.cpp:12888 in pe_kernel_yv_7_0, v7076          |
| stream          | variable=v7077 depth=9                  | kernel.cpp:12889 in pe_kernel_yv_7_0, v7077          |
| stream          | variable=v7078 depth=9                  | kernel.cpp:12890 in pe_kernel_yv_7_0, v7078          |
| array_partition | variable=v7079 complete dim=1           | kernel.cpp:12891 in pe_kernel_yv_7_0, v7079          |
| array_partition | variable=v7079 complete dim=2           | kernel.cpp:12892 in pe_kernel_yv_7_0, v7079          |
| stream          | variable=v7096 depth=9                  | kernel.cpp:12927 in pe_kernel_yv_0_1, v7096          |
| stream          | variable=v7097 depth=9                  | kernel.cpp:12928 in pe_kernel_yv_0_1, v7097          |
| stream          | variable=v7098 depth=9                  | kernel.cpp:12929 in pe_kernel_yv_0_1, v7098          |
| stream          | variable=v7099 depth=9                  | kernel.cpp:12930 in pe_kernel_yv_0_1, v7099          |
| array_partition | variable=v7100 complete dim=1           | kernel.cpp:12931 in pe_kernel_yv_0_1, v7100          |
| array_partition | variable=v7100 complete dim=2           | kernel.cpp:12932 in pe_kernel_yv_0_1, v7100          |
| stream          | variable=v7117 depth=9                  | kernel.cpp:12967 in pe_kernel_yv_1_1, v7117          |
| stream          | variable=v7118 depth=9                  | kernel.cpp:12968 in pe_kernel_yv_1_1, v7118          |
| stream          | variable=v7119 depth=9                  | kernel.cpp:12969 in pe_kernel_yv_1_1, v7119          |
| stream          | variable=v7120 depth=9                  | kernel.cpp:12970 in pe_kernel_yv_1_1, v7120          |
| array_partition | variable=v7121 complete dim=1           | kernel.cpp:12971 in pe_kernel_yv_1_1, v7121          |
| array_partition | variable=v7121 complete dim=2           | kernel.cpp:12972 in pe_kernel_yv_1_1, v7121          |
| stream          | variable=v7138 depth=9                  | kernel.cpp:13007 in pe_kernel_yv_2_1, v7138          |
| stream          | variable=v7139 depth=9                  | kernel.cpp:13008 in pe_kernel_yv_2_1, v7139          |
| stream          | variable=v7140 depth=9                  | kernel.cpp:13009 in pe_kernel_yv_2_1, v7140          |
| stream          | variable=v7141 depth=9                  | kernel.cpp:13010 in pe_kernel_yv_2_1, v7141          |
| array_partition | variable=v7142 complete dim=1           | kernel.cpp:13011 in pe_kernel_yv_2_1, v7142          |
| array_partition | variable=v7142 complete dim=2           | kernel.cpp:13012 in pe_kernel_yv_2_1, v7142          |
| stream          | variable=v7159 depth=9                  | kernel.cpp:13047 in pe_kernel_yv_3_1, v7159          |
| stream          | variable=v7160 depth=9                  | kernel.cpp:13048 in pe_kernel_yv_3_1, v7160          |
| stream          | variable=v7161 depth=9                  | kernel.cpp:13049 in pe_kernel_yv_3_1, v7161          |
| stream          | variable=v7162 depth=9                  | kernel.cpp:13050 in pe_kernel_yv_3_1, v7162          |
| array_partition | variable=v7163 complete dim=1           | kernel.cpp:13051 in pe_kernel_yv_3_1, v7163          |
| array_partition | variable=v7163 complete dim=2           | kernel.cpp:13052 in pe_kernel_yv_3_1, v7163          |
| stream          | variable=v7180 depth=9                  | kernel.cpp:13087 in pe_kernel_yv_4_1, v7180          |
| stream          | variable=v7181 depth=9                  | kernel.cpp:13088 in pe_kernel_yv_4_1, v7181          |
| stream          | variable=v7182 depth=9                  | kernel.cpp:13089 in pe_kernel_yv_4_1, v7182          |
| stream          | variable=v7183 depth=9                  | kernel.cpp:13090 in pe_kernel_yv_4_1, v7183          |
| array_partition | variable=v7184 complete dim=1           | kernel.cpp:13091 in pe_kernel_yv_4_1, v7184          |
| array_partition | variable=v7184 complete dim=2           | kernel.cpp:13092 in pe_kernel_yv_4_1, v7184          |
| stream          | variable=v7201 depth=9                  | kernel.cpp:13127 in pe_kernel_yv_5_1, v7201          |
| stream          | variable=v7202 depth=9                  | kernel.cpp:13128 in pe_kernel_yv_5_1, v7202          |
| stream          | variable=v7203 depth=9                  | kernel.cpp:13129 in pe_kernel_yv_5_1, v7203          |
| stream          | variable=v7204 depth=9                  | kernel.cpp:13130 in pe_kernel_yv_5_1, v7204          |
| array_partition | variable=v7205 complete dim=1           | kernel.cpp:13131 in pe_kernel_yv_5_1, v7205          |
| array_partition | variable=v7205 complete dim=2           | kernel.cpp:13132 in pe_kernel_yv_5_1, v7205          |
| stream          | variable=v7222 depth=9                  | kernel.cpp:13167 in pe_kernel_yv_6_1, v7222          |
| stream          | variable=v7223 depth=9                  | kernel.cpp:13168 in pe_kernel_yv_6_1, v7223          |
| stream          | variable=v7224 depth=9                  | kernel.cpp:13169 in pe_kernel_yv_6_1, v7224          |
| stream          | variable=v7225 depth=9                  | kernel.cpp:13170 in pe_kernel_yv_6_1, v7225          |
| array_partition | variable=v7226 complete dim=1           | kernel.cpp:13171 in pe_kernel_yv_6_1, v7226          |
| array_partition | variable=v7226 complete dim=2           | kernel.cpp:13172 in pe_kernel_yv_6_1, v7226          |
| stream          | variable=v7243 depth=9                  | kernel.cpp:13207 in pe_kernel_yv_7_1, v7243          |
| stream          | variable=v7244 depth=9                  | kernel.cpp:13208 in pe_kernel_yv_7_1, v7244          |
| stream          | variable=v7245 depth=9                  | kernel.cpp:13209 in pe_kernel_yv_7_1, v7245          |
| stream          | variable=v7246 depth=9                  | kernel.cpp:13210 in pe_kernel_yv_7_1, v7246          |
| array_partition | variable=v7247 complete dim=1           | kernel.cpp:13211 in pe_kernel_yv_7_1, v7247          |
| array_partition | variable=v7247 complete dim=2           | kernel.cpp:13212 in pe_kernel_yv_7_1, v7247          |
| stream          | variable=v7264 depth=9                  | kernel.cpp:13247 in pe_kernel_yv_0_2, v7264          |
| stream          | variable=v7265 depth=9                  | kernel.cpp:13248 in pe_kernel_yv_0_2, v7265          |
| stream          | variable=v7266 depth=9                  | kernel.cpp:13249 in pe_kernel_yv_0_2, v7266          |
| stream          | variable=v7267 depth=9                  | kernel.cpp:13250 in pe_kernel_yv_0_2, v7267          |
| array_partition | variable=v7268 complete dim=1           | kernel.cpp:13251 in pe_kernel_yv_0_2, v7268          |
| array_partition | variable=v7268 complete dim=2           | kernel.cpp:13252 in pe_kernel_yv_0_2, v7268          |
| stream          | variable=v7285 depth=9                  | kernel.cpp:13287 in pe_kernel_yv_1_2, v7285          |
| stream          | variable=v7286 depth=9                  | kernel.cpp:13288 in pe_kernel_yv_1_2, v7286          |
| stream          | variable=v7287 depth=9                  | kernel.cpp:13289 in pe_kernel_yv_1_2, v7287          |
| stream          | variable=v7288 depth=9                  | kernel.cpp:13290 in pe_kernel_yv_1_2, v7288          |
| array_partition | variable=v7289 complete dim=1           | kernel.cpp:13291 in pe_kernel_yv_1_2, v7289          |
| array_partition | variable=v7289 complete dim=2           | kernel.cpp:13292 in pe_kernel_yv_1_2, v7289          |
| stream          | variable=v7306 depth=9                  | kernel.cpp:13327 in pe_kernel_yv_2_2, v7306          |
| stream          | variable=v7307 depth=9                  | kernel.cpp:13328 in pe_kernel_yv_2_2, v7307          |
| stream          | variable=v7308 depth=9                  | kernel.cpp:13329 in pe_kernel_yv_2_2, v7308          |
| stream          | variable=v7309 depth=9                  | kernel.cpp:13330 in pe_kernel_yv_2_2, v7309          |
| array_partition | variable=v7310 complete dim=1           | kernel.cpp:13331 in pe_kernel_yv_2_2, v7310          |
| array_partition | variable=v7310 complete dim=2           | kernel.cpp:13332 in pe_kernel_yv_2_2, v7310          |
| stream          | variable=v7327 depth=9                  | kernel.cpp:13367 in pe_kernel_yv_3_2, v7327          |
| stream          | variable=v7328 depth=9                  | kernel.cpp:13368 in pe_kernel_yv_3_2, v7328          |
| stream          | variable=v7329 depth=9                  | kernel.cpp:13369 in pe_kernel_yv_3_2, v7329          |
| stream          | variable=v7330 depth=9                  | kernel.cpp:13370 in pe_kernel_yv_3_2, v7330          |
| array_partition | variable=v7331 complete dim=1           | kernel.cpp:13371 in pe_kernel_yv_3_2, v7331          |
| array_partition | variable=v7331 complete dim=2           | kernel.cpp:13372 in pe_kernel_yv_3_2, v7331          |
| stream          | variable=v7348 depth=9                  | kernel.cpp:13407 in pe_kernel_yv_4_2, v7348          |
| stream          | variable=v7349 depth=9                  | kernel.cpp:13408 in pe_kernel_yv_4_2, v7349          |
| stream          | variable=v7350 depth=9                  | kernel.cpp:13409 in pe_kernel_yv_4_2, v7350          |
| stream          | variable=v7351 depth=9                  | kernel.cpp:13410 in pe_kernel_yv_4_2, v7351          |
| array_partition | variable=v7352 complete dim=1           | kernel.cpp:13411 in pe_kernel_yv_4_2, v7352          |
| array_partition | variable=v7352 complete dim=2           | kernel.cpp:13412 in pe_kernel_yv_4_2, v7352          |
| stream          | variable=v7369 depth=9                  | kernel.cpp:13447 in pe_kernel_yv_5_2, v7369          |
| stream          | variable=v7370 depth=9                  | kernel.cpp:13448 in pe_kernel_yv_5_2, v7370          |
| stream          | variable=v7371 depth=9                  | kernel.cpp:13449 in pe_kernel_yv_5_2, v7371          |
| stream          | variable=v7372 depth=9                  | kernel.cpp:13450 in pe_kernel_yv_5_2, v7372          |
| array_partition | variable=v7373 complete dim=1           | kernel.cpp:13451 in pe_kernel_yv_5_2, v7373          |
| array_partition | variable=v7373 complete dim=2           | kernel.cpp:13452 in pe_kernel_yv_5_2, v7373          |
| stream          | variable=v7390 depth=9                  | kernel.cpp:13487 in pe_kernel_yv_6_2, v7390          |
| stream          | variable=v7391 depth=9                  | kernel.cpp:13488 in pe_kernel_yv_6_2, v7391          |
| stream          | variable=v7392 depth=9                  | kernel.cpp:13489 in pe_kernel_yv_6_2, v7392          |
| stream          | variable=v7393 depth=9                  | kernel.cpp:13490 in pe_kernel_yv_6_2, v7393          |
| array_partition | variable=v7394 complete dim=1           | kernel.cpp:13491 in pe_kernel_yv_6_2, v7394          |
| array_partition | variable=v7394 complete dim=2           | kernel.cpp:13492 in pe_kernel_yv_6_2, v7394          |
| stream          | variable=v7411 depth=9                  | kernel.cpp:13527 in pe_kernel_yv_7_2, v7411          |
| stream          | variable=v7412 depth=9                  | kernel.cpp:13528 in pe_kernel_yv_7_2, v7412          |
| stream          | variable=v7413 depth=9                  | kernel.cpp:13529 in pe_kernel_yv_7_2, v7413          |
| stream          | variable=v7414 depth=9                  | kernel.cpp:13530 in pe_kernel_yv_7_2, v7414          |
| array_partition | variable=v7415 complete dim=1           | kernel.cpp:13531 in pe_kernel_yv_7_2, v7415          |
| array_partition | variable=v7415 complete dim=2           | kernel.cpp:13532 in pe_kernel_yv_7_2, v7415          |
| stream          | variable=v7432 depth=9                  | kernel.cpp:13567 in pe_kernel_yv_0_3, v7432          |
| stream          | variable=v7433 depth=9                  | kernel.cpp:13568 in pe_kernel_yv_0_3, v7433          |
| stream          | variable=v7434 depth=9                  | kernel.cpp:13569 in pe_kernel_yv_0_3, v7434          |
| stream          | variable=v7435 depth=9                  | kernel.cpp:13570 in pe_kernel_yv_0_3, v7435          |
| array_partition | variable=v7436 complete dim=1           | kernel.cpp:13571 in pe_kernel_yv_0_3, v7436          |
| array_partition | variable=v7436 complete dim=2           | kernel.cpp:13572 in pe_kernel_yv_0_3, v7436          |
| stream          | variable=v7453 depth=9                  | kernel.cpp:13607 in pe_kernel_yv_1_3, v7453          |
| stream          | variable=v7454 depth=9                  | kernel.cpp:13608 in pe_kernel_yv_1_3, v7454          |
| stream          | variable=v7455 depth=9                  | kernel.cpp:13609 in pe_kernel_yv_1_3, v7455          |
| stream          | variable=v7456 depth=9                  | kernel.cpp:13610 in pe_kernel_yv_1_3, v7456          |
| array_partition | variable=v7457 complete dim=1           | kernel.cpp:13611 in pe_kernel_yv_1_3, v7457          |
| array_partition | variable=v7457 complete dim=2           | kernel.cpp:13612 in pe_kernel_yv_1_3, v7457          |
| stream          | variable=v7474 depth=9                  | kernel.cpp:13647 in pe_kernel_yv_2_3, v7474          |
| stream          | variable=v7475 depth=9                  | kernel.cpp:13648 in pe_kernel_yv_2_3, v7475          |
| stream          | variable=v7476 depth=9                  | kernel.cpp:13649 in pe_kernel_yv_2_3, v7476          |
| stream          | variable=v7477 depth=9                  | kernel.cpp:13650 in pe_kernel_yv_2_3, v7477          |
| array_partition | variable=v7478 complete dim=1           | kernel.cpp:13651 in pe_kernel_yv_2_3, v7478          |
| array_partition | variable=v7478 complete dim=2           | kernel.cpp:13652 in pe_kernel_yv_2_3, v7478          |
| stream          | variable=v7495 depth=9                  | kernel.cpp:13687 in pe_kernel_yv_3_3, v7495          |
| stream          | variable=v7496 depth=9                  | kernel.cpp:13688 in pe_kernel_yv_3_3, v7496          |
| stream          | variable=v7497 depth=9                  | kernel.cpp:13689 in pe_kernel_yv_3_3, v7497          |
| stream          | variable=v7498 depth=9                  | kernel.cpp:13690 in pe_kernel_yv_3_3, v7498          |
| array_partition | variable=v7499 complete dim=1           | kernel.cpp:13691 in pe_kernel_yv_3_3, v7499          |
| array_partition | variable=v7499 complete dim=2           | kernel.cpp:13692 in pe_kernel_yv_3_3, v7499          |
| stream          | variable=v7516 depth=9                  | kernel.cpp:13727 in pe_kernel_yv_4_3, v7516          |
| stream          | variable=v7517 depth=9                  | kernel.cpp:13728 in pe_kernel_yv_4_3, v7517          |
| stream          | variable=v7518 depth=9                  | kernel.cpp:13729 in pe_kernel_yv_4_3, v7518          |
| stream          | variable=v7519 depth=9                  | kernel.cpp:13730 in pe_kernel_yv_4_3, v7519          |
| array_partition | variable=v7520 complete dim=1           | kernel.cpp:13731 in pe_kernel_yv_4_3, v7520          |
| array_partition | variable=v7520 complete dim=2           | kernel.cpp:13732 in pe_kernel_yv_4_3, v7520          |
| stream          | variable=v7537 depth=9                  | kernel.cpp:13767 in pe_kernel_yv_5_3, v7537          |
| stream          | variable=v7538 depth=9                  | kernel.cpp:13768 in pe_kernel_yv_5_3, v7538          |
| stream          | variable=v7539 depth=9                  | kernel.cpp:13769 in pe_kernel_yv_5_3, v7539          |
| stream          | variable=v7540 depth=9                  | kernel.cpp:13770 in pe_kernel_yv_5_3, v7540          |
| array_partition | variable=v7541 complete dim=1           | kernel.cpp:13771 in pe_kernel_yv_5_3, v7541          |
| array_partition | variable=v7541 complete dim=2           | kernel.cpp:13772 in pe_kernel_yv_5_3, v7541          |
| stream          | variable=v7558 depth=9                  | kernel.cpp:13807 in pe_kernel_yv_6_3, v7558          |
| stream          | variable=v7559 depth=9                  | kernel.cpp:13808 in pe_kernel_yv_6_3, v7559          |
| stream          | variable=v7560 depth=9                  | kernel.cpp:13809 in pe_kernel_yv_6_3, v7560          |
| stream          | variable=v7561 depth=9                  | kernel.cpp:13810 in pe_kernel_yv_6_3, v7561          |
| array_partition | variable=v7562 complete dim=1           | kernel.cpp:13811 in pe_kernel_yv_6_3, v7562          |
| array_partition | variable=v7562 complete dim=2           | kernel.cpp:13812 in pe_kernel_yv_6_3, v7562          |
| stream          | variable=v7579 depth=9                  | kernel.cpp:13847 in pe_kernel_yv_7_3, v7579          |
| stream          | variable=v7580 depth=9                  | kernel.cpp:13848 in pe_kernel_yv_7_3, v7580          |
| stream          | variable=v7581 depth=9                  | kernel.cpp:13849 in pe_kernel_yv_7_3, v7581          |
| stream          | variable=v7582 depth=9                  | kernel.cpp:13850 in pe_kernel_yv_7_3, v7582          |
| array_partition | variable=v7583 complete dim=1           | kernel.cpp:13851 in pe_kernel_yv_7_3, v7583          |
| array_partition | variable=v7583 complete dim=2           | kernel.cpp:13852 in pe_kernel_yv_7_3, v7583          |
| stream          | variable=v7600 depth=9                  | kernel.cpp:13887 in pe_kernel_yv_0_4, v7600          |
| stream          | variable=v7601 depth=9                  | kernel.cpp:13888 in pe_kernel_yv_0_4, v7601          |
| stream          | variable=v7602 depth=9                  | kernel.cpp:13889 in pe_kernel_yv_0_4, v7602          |
| stream          | variable=v7603 depth=9                  | kernel.cpp:13890 in pe_kernel_yv_0_4, v7603          |
| array_partition | variable=v7604 complete dim=1           | kernel.cpp:13891 in pe_kernel_yv_0_4, v7604          |
| array_partition | variable=v7604 complete dim=2           | kernel.cpp:13892 in pe_kernel_yv_0_4, v7604          |
| stream          | variable=v7621 depth=9                  | kernel.cpp:13927 in pe_kernel_yv_1_4, v7621          |
| stream          | variable=v7622 depth=9                  | kernel.cpp:13928 in pe_kernel_yv_1_4, v7622          |
| stream          | variable=v7623 depth=9                  | kernel.cpp:13929 in pe_kernel_yv_1_4, v7623          |
| stream          | variable=v7624 depth=9                  | kernel.cpp:13930 in pe_kernel_yv_1_4, v7624          |
| array_partition | variable=v7625 complete dim=1           | kernel.cpp:13931 in pe_kernel_yv_1_4, v7625          |
| array_partition | variable=v7625 complete dim=2           | kernel.cpp:13932 in pe_kernel_yv_1_4, v7625          |
| stream          | variable=v7642 depth=9                  | kernel.cpp:13967 in pe_kernel_yv_2_4, v7642          |
| stream          | variable=v7643 depth=9                  | kernel.cpp:13968 in pe_kernel_yv_2_4, v7643          |
| stream          | variable=v7644 depth=9                  | kernel.cpp:13969 in pe_kernel_yv_2_4, v7644          |
| stream          | variable=v7645 depth=9                  | kernel.cpp:13970 in pe_kernel_yv_2_4, v7645          |
| array_partition | variable=v7646 complete dim=1           | kernel.cpp:13971 in pe_kernel_yv_2_4, v7646          |
| array_partition | variable=v7646 complete dim=2           | kernel.cpp:13972 in pe_kernel_yv_2_4, v7646          |
| stream          | variable=v7663 depth=9                  | kernel.cpp:14007 in pe_kernel_yv_3_4, v7663          |
| stream          | variable=v7664 depth=9                  | kernel.cpp:14008 in pe_kernel_yv_3_4, v7664          |
| stream          | variable=v7665 depth=9                  | kernel.cpp:14009 in pe_kernel_yv_3_4, v7665          |
| stream          | variable=v7666 depth=9                  | kernel.cpp:14010 in pe_kernel_yv_3_4, v7666          |
| array_partition | variable=v7667 complete dim=1           | kernel.cpp:14011 in pe_kernel_yv_3_4, v7667          |
| array_partition | variable=v7667 complete dim=2           | kernel.cpp:14012 in pe_kernel_yv_3_4, v7667          |
| stream          | variable=v7684 depth=9                  | kernel.cpp:14047 in pe_kernel_yv_4_4, v7684          |
| stream          | variable=v7685 depth=9                  | kernel.cpp:14048 in pe_kernel_yv_4_4, v7685          |
| stream          | variable=v7686 depth=9                  | kernel.cpp:14049 in pe_kernel_yv_4_4, v7686          |
| stream          | variable=v7687 depth=9                  | kernel.cpp:14050 in pe_kernel_yv_4_4, v7687          |
| array_partition | variable=v7688 complete dim=1           | kernel.cpp:14051 in pe_kernel_yv_4_4, v7688          |
| array_partition | variable=v7688 complete dim=2           | kernel.cpp:14052 in pe_kernel_yv_4_4, v7688          |
| stream          | variable=v7705 depth=9                  | kernel.cpp:14087 in pe_kernel_yv_5_4, v7705          |
| stream          | variable=v7706 depth=9                  | kernel.cpp:14088 in pe_kernel_yv_5_4, v7706          |
| stream          | variable=v7707 depth=9                  | kernel.cpp:14089 in pe_kernel_yv_5_4, v7707          |
| stream          | variable=v7708 depth=9                  | kernel.cpp:14090 in pe_kernel_yv_5_4, v7708          |
| array_partition | variable=v7709 complete dim=1           | kernel.cpp:14091 in pe_kernel_yv_5_4, v7709          |
| array_partition | variable=v7709 complete dim=2           | kernel.cpp:14092 in pe_kernel_yv_5_4, v7709          |
| stream          | variable=v7726 depth=9                  | kernel.cpp:14127 in pe_kernel_yv_6_4, v7726          |
| stream          | variable=v7727 depth=9                  | kernel.cpp:14128 in pe_kernel_yv_6_4, v7727          |
| stream          | variable=v7728 depth=9                  | kernel.cpp:14129 in pe_kernel_yv_6_4, v7728          |
| stream          | variable=v7729 depth=9                  | kernel.cpp:14130 in pe_kernel_yv_6_4, v7729          |
| array_partition | variable=v7730 complete dim=1           | kernel.cpp:14131 in pe_kernel_yv_6_4, v7730          |
| array_partition | variable=v7730 complete dim=2           | kernel.cpp:14132 in pe_kernel_yv_6_4, v7730          |
| stream          | variable=v7747 depth=9                  | kernel.cpp:14167 in pe_kernel_yv_7_4, v7747          |
| stream          | variable=v7748 depth=9                  | kernel.cpp:14168 in pe_kernel_yv_7_4, v7748          |
| stream          | variable=v7749 depth=9                  | kernel.cpp:14169 in pe_kernel_yv_7_4, v7749          |
| stream          | variable=v7750 depth=9                  | kernel.cpp:14170 in pe_kernel_yv_7_4, v7750          |
| array_partition | variable=v7751 complete dim=1           | kernel.cpp:14171 in pe_kernel_yv_7_4, v7751          |
| array_partition | variable=v7751 complete dim=2           | kernel.cpp:14172 in pe_kernel_yv_7_4, v7751          |
| stream          | variable=v7768 depth=9                  | kernel.cpp:14207 in pe_kernel_yv_0_5, v7768          |
| stream          | variable=v7769 depth=9                  | kernel.cpp:14208 in pe_kernel_yv_0_5, v7769          |
| stream          | variable=v7770 depth=9                  | kernel.cpp:14209 in pe_kernel_yv_0_5, v7770          |
| stream          | variable=v7771 depth=9                  | kernel.cpp:14210 in pe_kernel_yv_0_5, v7771          |
| array_partition | variable=v7772 complete dim=1           | kernel.cpp:14211 in pe_kernel_yv_0_5, v7772          |
| array_partition | variable=v7772 complete dim=2           | kernel.cpp:14212 in pe_kernel_yv_0_5, v7772          |
| stream          | variable=v7789 depth=9                  | kernel.cpp:14247 in pe_kernel_yv_1_5, v7789          |
| stream          | variable=v7790 depth=9                  | kernel.cpp:14248 in pe_kernel_yv_1_5, v7790          |
| stream          | variable=v7791 depth=9                  | kernel.cpp:14249 in pe_kernel_yv_1_5, v7791          |
| stream          | variable=v7792 depth=9                  | kernel.cpp:14250 in pe_kernel_yv_1_5, v7792          |
| array_partition | variable=v7793 complete dim=1           | kernel.cpp:14251 in pe_kernel_yv_1_5, v7793          |
| array_partition | variable=v7793 complete dim=2           | kernel.cpp:14252 in pe_kernel_yv_1_5, v7793          |
| stream          | variable=v7810 depth=9                  | kernel.cpp:14287 in pe_kernel_yv_2_5, v7810          |
| stream          | variable=v7811 depth=9                  | kernel.cpp:14288 in pe_kernel_yv_2_5, v7811          |
| stream          | variable=v7812 depth=9                  | kernel.cpp:14289 in pe_kernel_yv_2_5, v7812          |
| stream          | variable=v7813 depth=9                  | kernel.cpp:14290 in pe_kernel_yv_2_5, v7813          |
| array_partition | variable=v7814 complete dim=1           | kernel.cpp:14291 in pe_kernel_yv_2_5, v7814          |
| array_partition | variable=v7814 complete dim=2           | kernel.cpp:14292 in pe_kernel_yv_2_5, v7814          |
| stream          | variable=v7831 depth=9                  | kernel.cpp:14327 in pe_kernel_yv_3_5, v7831          |
| stream          | variable=v7832 depth=9                  | kernel.cpp:14328 in pe_kernel_yv_3_5, v7832          |
| stream          | variable=v7833 depth=9                  | kernel.cpp:14329 in pe_kernel_yv_3_5, v7833          |
| stream          | variable=v7834 depth=9                  | kernel.cpp:14330 in pe_kernel_yv_3_5, v7834          |
| array_partition | variable=v7835 complete dim=1           | kernel.cpp:14331 in pe_kernel_yv_3_5, v7835          |
| array_partition | variable=v7835 complete dim=2           | kernel.cpp:14332 in pe_kernel_yv_3_5, v7835          |
| stream          | variable=v7852 depth=9                  | kernel.cpp:14367 in pe_kernel_yv_4_5, v7852          |
| stream          | variable=v7853 depth=9                  | kernel.cpp:14368 in pe_kernel_yv_4_5, v7853          |
| stream          | variable=v7854 depth=9                  | kernel.cpp:14369 in pe_kernel_yv_4_5, v7854          |
| stream          | variable=v7855 depth=9                  | kernel.cpp:14370 in pe_kernel_yv_4_5, v7855          |
| array_partition | variable=v7856 complete dim=1           | kernel.cpp:14371 in pe_kernel_yv_4_5, v7856          |
| array_partition | variable=v7856 complete dim=2           | kernel.cpp:14372 in pe_kernel_yv_4_5, v7856          |
| stream          | variable=v7873 depth=9                  | kernel.cpp:14407 in pe_kernel_yv_5_5, v7873          |
| stream          | variable=v7874 depth=9                  | kernel.cpp:14408 in pe_kernel_yv_5_5, v7874          |
| stream          | variable=v7875 depth=9                  | kernel.cpp:14409 in pe_kernel_yv_5_5, v7875          |
| stream          | variable=v7876 depth=9                  | kernel.cpp:14410 in pe_kernel_yv_5_5, v7876          |
| array_partition | variable=v7877 complete dim=1           | kernel.cpp:14411 in pe_kernel_yv_5_5, v7877          |
| array_partition | variable=v7877 complete dim=2           | kernel.cpp:14412 in pe_kernel_yv_5_5, v7877          |
| stream          | variable=v7894 depth=9                  | kernel.cpp:14447 in pe_kernel_yv_6_5, v7894          |
| stream          | variable=v7895 depth=9                  | kernel.cpp:14448 in pe_kernel_yv_6_5, v7895          |
| stream          | variable=v7896 depth=9                  | kernel.cpp:14449 in pe_kernel_yv_6_5, v7896          |
| stream          | variable=v7897 depth=9                  | kernel.cpp:14450 in pe_kernel_yv_6_5, v7897          |
| array_partition | variable=v7898 complete dim=1           | kernel.cpp:14451 in pe_kernel_yv_6_5, v7898          |
| array_partition | variable=v7898 complete dim=2           | kernel.cpp:14452 in pe_kernel_yv_6_5, v7898          |
| stream          | variable=v7915 depth=9                  | kernel.cpp:14487 in pe_kernel_yv_7_5, v7915          |
| stream          | variable=v7916 depth=9                  | kernel.cpp:14488 in pe_kernel_yv_7_5, v7916          |
| stream          | variable=v7917 depth=9                  | kernel.cpp:14489 in pe_kernel_yv_7_5, v7917          |
| stream          | variable=v7918 depth=9                  | kernel.cpp:14490 in pe_kernel_yv_7_5, v7918          |
| array_partition | variable=v7919 complete dim=1           | kernel.cpp:14491 in pe_kernel_yv_7_5, v7919          |
| array_partition | variable=v7919 complete dim=2           | kernel.cpp:14492 in pe_kernel_yv_7_5, v7919          |
| stream          | variable=v7936 depth=9                  | kernel.cpp:14527 in pe_kernel_yv_0_6, v7936          |
| stream          | variable=v7937 depth=9                  | kernel.cpp:14528 in pe_kernel_yv_0_6, v7937          |
| stream          | variable=v7938 depth=9                  | kernel.cpp:14529 in pe_kernel_yv_0_6, v7938          |
| stream          | variable=v7939 depth=9                  | kernel.cpp:14530 in pe_kernel_yv_0_6, v7939          |
| array_partition | variable=v7940 complete dim=1           | kernel.cpp:14531 in pe_kernel_yv_0_6, v7940          |
| array_partition | variable=v7940 complete dim=2           | kernel.cpp:14532 in pe_kernel_yv_0_6, v7940          |
| stream          | variable=v7957 depth=9                  | kernel.cpp:14567 in pe_kernel_yv_1_6, v7957          |
| stream          | variable=v7958 depth=9                  | kernel.cpp:14568 in pe_kernel_yv_1_6, v7958          |
| stream          | variable=v7959 depth=9                  | kernel.cpp:14569 in pe_kernel_yv_1_6, v7959          |
| stream          | variable=v7960 depth=9                  | kernel.cpp:14570 in pe_kernel_yv_1_6, v7960          |
| array_partition | variable=v7961 complete dim=1           | kernel.cpp:14571 in pe_kernel_yv_1_6, v7961          |
| array_partition | variable=v7961 complete dim=2           | kernel.cpp:14572 in pe_kernel_yv_1_6, v7961          |
| stream          | variable=v7978 depth=9                  | kernel.cpp:14607 in pe_kernel_yv_2_6, v7978          |
| stream          | variable=v7979 depth=9                  | kernel.cpp:14608 in pe_kernel_yv_2_6, v7979          |
| stream          | variable=v7980 depth=9                  | kernel.cpp:14609 in pe_kernel_yv_2_6, v7980          |
| stream          | variable=v7981 depth=9                  | kernel.cpp:14610 in pe_kernel_yv_2_6, v7981          |
| array_partition | variable=v7982 complete dim=1           | kernel.cpp:14611 in pe_kernel_yv_2_6, v7982          |
| array_partition | variable=v7982 complete dim=2           | kernel.cpp:14612 in pe_kernel_yv_2_6, v7982          |
| stream          | variable=v7999 depth=9                  | kernel.cpp:14647 in pe_kernel_yv_3_6, v7999          |
| stream          | variable=v8000 depth=9                  | kernel.cpp:14648 in pe_kernel_yv_3_6, v8000          |
| stream          | variable=v8001 depth=9                  | kernel.cpp:14649 in pe_kernel_yv_3_6, v8001          |
| stream          | variable=v8002 depth=9                  | kernel.cpp:14650 in pe_kernel_yv_3_6, v8002          |
| array_partition | variable=v8003 complete dim=1           | kernel.cpp:14651 in pe_kernel_yv_3_6, v8003          |
| array_partition | variable=v8003 complete dim=2           | kernel.cpp:14652 in pe_kernel_yv_3_6, v8003          |
| stream          | variable=v8020 depth=9                  | kernel.cpp:14687 in pe_kernel_yv_4_6, v8020          |
| stream          | variable=v8021 depth=9                  | kernel.cpp:14688 in pe_kernel_yv_4_6, v8021          |
| stream          | variable=v8022 depth=9                  | kernel.cpp:14689 in pe_kernel_yv_4_6, v8022          |
| stream          | variable=v8023 depth=9                  | kernel.cpp:14690 in pe_kernel_yv_4_6, v8023          |
| array_partition | variable=v8024 complete dim=1           | kernel.cpp:14691 in pe_kernel_yv_4_6, v8024          |
| array_partition | variable=v8024 complete dim=2           | kernel.cpp:14692 in pe_kernel_yv_4_6, v8024          |
| stream          | variable=v8041 depth=9                  | kernel.cpp:14727 in pe_kernel_yv_5_6, v8041          |
| stream          | variable=v8042 depth=9                  | kernel.cpp:14728 in pe_kernel_yv_5_6, v8042          |
| stream          | variable=v8043 depth=9                  | kernel.cpp:14729 in pe_kernel_yv_5_6, v8043          |
| stream          | variable=v8044 depth=9                  | kernel.cpp:14730 in pe_kernel_yv_5_6, v8044          |
| array_partition | variable=v8045 complete dim=1           | kernel.cpp:14731 in pe_kernel_yv_5_6, v8045          |
| array_partition | variable=v8045 complete dim=2           | kernel.cpp:14732 in pe_kernel_yv_5_6, v8045          |
| stream          | variable=v8062 depth=9                  | kernel.cpp:14767 in pe_kernel_yv_6_6, v8062          |
| stream          | variable=v8063 depth=9                  | kernel.cpp:14768 in pe_kernel_yv_6_6, v8063          |
| stream          | variable=v8064 depth=9                  | kernel.cpp:14769 in pe_kernel_yv_6_6, v8064          |
| stream          | variable=v8065 depth=9                  | kernel.cpp:14770 in pe_kernel_yv_6_6, v8065          |
| array_partition | variable=v8066 complete dim=1           | kernel.cpp:14771 in pe_kernel_yv_6_6, v8066          |
| array_partition | variable=v8066 complete dim=2           | kernel.cpp:14772 in pe_kernel_yv_6_6, v8066          |
| stream          | variable=v8083 depth=9                  | kernel.cpp:14807 in pe_kernel_yv_7_6, v8083          |
| stream          | variable=v8084 depth=9                  | kernel.cpp:14808 in pe_kernel_yv_7_6, v8084          |
| stream          | variable=v8085 depth=9                  | kernel.cpp:14809 in pe_kernel_yv_7_6, v8085          |
| stream          | variable=v8086 depth=9                  | kernel.cpp:14810 in pe_kernel_yv_7_6, v8086          |
| array_partition | variable=v8087 complete dim=1           | kernel.cpp:14811 in pe_kernel_yv_7_6, v8087          |
| array_partition | variable=v8087 complete dim=2           | kernel.cpp:14812 in pe_kernel_yv_7_6, v8087          |
| stream          | variable=v8104 depth=9                  | kernel.cpp:14847 in pe_kernel_yv_0_7, v8104          |
| stream          | variable=v8105 depth=9                  | kernel.cpp:14848 in pe_kernel_yv_0_7, v8105          |
| stream          | variable=v8106 depth=9                  | kernel.cpp:14849 in pe_kernel_yv_0_7, v8106          |
| stream          | variable=v8107 depth=9                  | kernel.cpp:14850 in pe_kernel_yv_0_7, v8107          |
| array_partition | variable=v8108 complete dim=1           | kernel.cpp:14851 in pe_kernel_yv_0_7, v8108          |
| array_partition | variable=v8108 complete dim=2           | kernel.cpp:14852 in pe_kernel_yv_0_7, v8108          |
| stream          | variable=v8125 depth=9                  | kernel.cpp:14887 in pe_kernel_yv_1_7, v8125          |
| stream          | variable=v8126 depth=9                  | kernel.cpp:14888 in pe_kernel_yv_1_7, v8126          |
| stream          | variable=v8127 depth=9                  | kernel.cpp:14889 in pe_kernel_yv_1_7, v8127          |
| stream          | variable=v8128 depth=9                  | kernel.cpp:14890 in pe_kernel_yv_1_7, v8128          |
| array_partition | variable=v8129 complete dim=1           | kernel.cpp:14891 in pe_kernel_yv_1_7, v8129          |
| array_partition | variable=v8129 complete dim=2           | kernel.cpp:14892 in pe_kernel_yv_1_7, v8129          |
| stream          | variable=v8146 depth=9                  | kernel.cpp:14927 in pe_kernel_yv_2_7, v8146          |
| stream          | variable=v8147 depth=9                  | kernel.cpp:14928 in pe_kernel_yv_2_7, v8147          |
| stream          | variable=v8148 depth=9                  | kernel.cpp:14929 in pe_kernel_yv_2_7, v8148          |
| stream          | variable=v8149 depth=9                  | kernel.cpp:14930 in pe_kernel_yv_2_7, v8149          |
| array_partition | variable=v8150 complete dim=1           | kernel.cpp:14931 in pe_kernel_yv_2_7, v8150          |
| array_partition | variable=v8150 complete dim=2           | kernel.cpp:14932 in pe_kernel_yv_2_7, v8150          |
| stream          | variable=v8167 depth=9                  | kernel.cpp:14967 in pe_kernel_yv_3_7, v8167          |
| stream          | variable=v8168 depth=9                  | kernel.cpp:14968 in pe_kernel_yv_3_7, v8168          |
| stream          | variable=v8169 depth=9                  | kernel.cpp:14969 in pe_kernel_yv_3_7, v8169          |
| stream          | variable=v8170 depth=9                  | kernel.cpp:14970 in pe_kernel_yv_3_7, v8170          |
| array_partition | variable=v8171 complete dim=1           | kernel.cpp:14971 in pe_kernel_yv_3_7, v8171          |
| array_partition | variable=v8171 complete dim=2           | kernel.cpp:14972 in pe_kernel_yv_3_7, v8171          |
| stream          | variable=v8188 depth=9                  | kernel.cpp:15007 in pe_kernel_yv_4_7, v8188          |
| stream          | variable=v8189 depth=9                  | kernel.cpp:15008 in pe_kernel_yv_4_7, v8189          |
| stream          | variable=v8190 depth=9                  | kernel.cpp:15009 in pe_kernel_yv_4_7, v8190          |
| stream          | variable=v8191 depth=9                  | kernel.cpp:15010 in pe_kernel_yv_4_7, v8191          |
| array_partition | variable=v8192 complete dim=1           | kernel.cpp:15011 in pe_kernel_yv_4_7, v8192          |
| array_partition | variable=v8192 complete dim=2           | kernel.cpp:15012 in pe_kernel_yv_4_7, v8192          |
| stream          | variable=v8209 depth=9                  | kernel.cpp:15047 in pe_kernel_yv_5_7, v8209          |
| stream          | variable=v8210 depth=9                  | kernel.cpp:15048 in pe_kernel_yv_5_7, v8210          |
| stream          | variable=v8211 depth=9                  | kernel.cpp:15049 in pe_kernel_yv_5_7, v8211          |
| stream          | variable=v8212 depth=9                  | kernel.cpp:15050 in pe_kernel_yv_5_7, v8212          |
| array_partition | variable=v8213 complete dim=1           | kernel.cpp:15051 in pe_kernel_yv_5_7, v8213          |
| array_partition | variable=v8213 complete dim=2           | kernel.cpp:15052 in pe_kernel_yv_5_7, v8213          |
| stream          | variable=v8230 depth=9                  | kernel.cpp:15087 in pe_kernel_yv_6_7, v8230          |
| stream          | variable=v8231 depth=9                  | kernel.cpp:15088 in pe_kernel_yv_6_7, v8231          |
| stream          | variable=v8232 depth=9                  | kernel.cpp:15089 in pe_kernel_yv_6_7, v8232          |
| stream          | variable=v8233 depth=9                  | kernel.cpp:15090 in pe_kernel_yv_6_7, v8233          |
| array_partition | variable=v8234 complete dim=1           | kernel.cpp:15091 in pe_kernel_yv_6_7, v8234          |
| array_partition | variable=v8234 complete dim=2           | kernel.cpp:15092 in pe_kernel_yv_6_7, v8234          |
| stream          | variable=v8251 depth=9                  | kernel.cpp:15127 in pe_kernel_yv_7_7, v8251          |
| stream          | variable=v8252 depth=9                  | kernel.cpp:15128 in pe_kernel_yv_7_7, v8252          |
| stream          | variable=v8253 depth=9                  | kernel.cpp:15129 in pe_kernel_yv_7_7, v8253          |
| stream          | variable=v8254 depth=9                  | kernel.cpp:15130 in pe_kernel_yv_7_7, v8254          |
| array_partition | variable=v8255 complete dim=1           | kernel.cpp:15131 in pe_kernel_yv_7_7, v8255          |
| array_partition | variable=v8255 complete dim=2           | kernel.cpp:15132 in pe_kernel_yv_7_7, v8255          |
| array_partition | variable=v8272 complete dim=1           | kernel.cpp:15164 in systolic_tile_yv, v8272          |
| array_partition | variable=v8273 complete dim=2           | kernel.cpp:15166 in systolic_tile_yv, v8273          |
| array_partition | variable=v8274 complete dim=1           | kernel.cpp:15168 in systolic_tile_yv, v8274          |
| array_partition | variable=v8274 complete dim=2           | kernel.cpp:15169 in systolic_tile_yv, v8274          |
| stream          | variable=A_fifo5 depth=9                | kernel.cpp:15172 in systolic_tile_yv, A_fifo5        |
| stream          | variable=B_fifo5 depth=9                | kernel.cpp:15174 in systolic_tile_yv, B_fifo5        |
| array_partition | variable=local_A5 complete dim=1        | kernel.cpp:15525 in systolic_yv, local_A5            |
| array_partition | variable=local_B5 complete dim=2        | kernel.cpp:15528 in systolic_yv, local_B5            |
| array_partition | variable=local_C5 complete dim=1        | kernel.cpp:15531 in systolic_yv, local_C5            |
| array_partition | variable=local_C5 complete dim=2        | kernel.cpp:15532 in systolic_yv, local_C5            |
| pipeline        | II=1                                    | kernel.cpp:15539 in systolic_yv                      |
| pipeline        | II=1                                    | kernel.cpp:15550 in systolic_yv                      |
| pipeline        | II=1                                    | kernel.cpp:15558 in systolic_yv                      |
| bind_storage    | variable=Y1 type=ram_2p impl=uram       | kernel.cpp:15594 in scaled_dot_product_attention, Y1 |
| stream          | variable=v8594 depth=9                  | kernel.cpp:15645 in pe_kernel_attn_out_0_0, v8594    |
| stream          | variable=v8595 depth=9                  | kernel.cpp:15646 in pe_kernel_attn_out_0_0, v8595    |
| stream          | variable=v8596 depth=9                  | kernel.cpp:15647 in pe_kernel_attn_out_0_0, v8596    |
| stream          | variable=v8597 depth=9                  | kernel.cpp:15648 in pe_kernel_attn_out_0_0, v8597    |
| array_partition | variable=v8598 complete dim=1           | kernel.cpp:15649 in pe_kernel_attn_out_0_0, v8598    |
| array_partition | variable=v8598 complete dim=2           | kernel.cpp:15650 in pe_kernel_attn_out_0_0, v8598    |
| stream          | variable=v8615 depth=9                  | kernel.cpp:15685 in pe_kernel_attn_out_1_0, v8615    |
| stream          | variable=v8616 depth=9                  | kernel.cpp:15686 in pe_kernel_attn_out_1_0, v8616    |
| stream          | variable=v8617 depth=9                  | kernel.cpp:15687 in pe_kernel_attn_out_1_0, v8617    |
| stream          | variable=v8618 depth=9                  | kernel.cpp:15688 in pe_kernel_attn_out_1_0, v8618    |
| array_partition | variable=v8619 complete dim=1           | kernel.cpp:15689 in pe_kernel_attn_out_1_0, v8619    |
| array_partition | variable=v8619 complete dim=2           | kernel.cpp:15690 in pe_kernel_attn_out_1_0, v8619    |
| stream          | variable=v8636 depth=9                  | kernel.cpp:15725 in pe_kernel_attn_out_2_0, v8636    |
| stream          | variable=v8637 depth=9                  | kernel.cpp:15726 in pe_kernel_attn_out_2_0, v8637    |
| stream          | variable=v8638 depth=9                  | kernel.cpp:15727 in pe_kernel_attn_out_2_0, v8638    |
| stream          | variable=v8639 depth=9                  | kernel.cpp:15728 in pe_kernel_attn_out_2_0, v8639    |
| array_partition | variable=v8640 complete dim=1           | kernel.cpp:15729 in pe_kernel_attn_out_2_0, v8640    |
| array_partition | variable=v8640 complete dim=2           | kernel.cpp:15730 in pe_kernel_attn_out_2_0, v8640    |
| stream          | variable=v8657 depth=9                  | kernel.cpp:15765 in pe_kernel_attn_out_3_0, v8657    |
| stream          | variable=v8658 depth=9                  | kernel.cpp:15766 in pe_kernel_attn_out_3_0, v8658    |
| stream          | variable=v8659 depth=9                  | kernel.cpp:15767 in pe_kernel_attn_out_3_0, v8659    |
| stream          | variable=v8660 depth=9                  | kernel.cpp:15768 in pe_kernel_attn_out_3_0, v8660    |
| array_partition | variable=v8661 complete dim=1           | kernel.cpp:15769 in pe_kernel_attn_out_3_0, v8661    |
| array_partition | variable=v8661 complete dim=2           | kernel.cpp:15770 in pe_kernel_attn_out_3_0, v8661    |
| stream          | variable=v8678 depth=9                  | kernel.cpp:15805 in pe_kernel_attn_out_4_0, v8678    |
| stream          | variable=v8679 depth=9                  | kernel.cpp:15806 in pe_kernel_attn_out_4_0, v8679    |
| stream          | variable=v8680 depth=9                  | kernel.cpp:15807 in pe_kernel_attn_out_4_0, v8680    |
| stream          | variable=v8681 depth=9                  | kernel.cpp:15808 in pe_kernel_attn_out_4_0, v8681    |
| array_partition | variable=v8682 complete dim=1           | kernel.cpp:15809 in pe_kernel_attn_out_4_0, v8682    |
| array_partition | variable=v8682 complete dim=2           | kernel.cpp:15810 in pe_kernel_attn_out_4_0, v8682    |
| stream          | variable=v8699 depth=9                  | kernel.cpp:15845 in pe_kernel_attn_out_5_0, v8699    |
| stream          | variable=v8700 depth=9                  | kernel.cpp:15846 in pe_kernel_attn_out_5_0, v8700    |
| stream          | variable=v8701 depth=9                  | kernel.cpp:15847 in pe_kernel_attn_out_5_0, v8701    |
| stream          | variable=v8702 depth=9                  | kernel.cpp:15848 in pe_kernel_attn_out_5_0, v8702    |
| array_partition | variable=v8703 complete dim=1           | kernel.cpp:15849 in pe_kernel_attn_out_5_0, v8703    |
| array_partition | variable=v8703 complete dim=2           | kernel.cpp:15850 in pe_kernel_attn_out_5_0, v8703    |
| stream          | variable=v8720 depth=9                  | kernel.cpp:15885 in pe_kernel_attn_out_6_0, v8720    |
| stream          | variable=v8721 depth=9                  | kernel.cpp:15886 in pe_kernel_attn_out_6_0, v8721    |
| stream          | variable=v8722 depth=9                  | kernel.cpp:15887 in pe_kernel_attn_out_6_0, v8722    |
| stream          | variable=v8723 depth=9                  | kernel.cpp:15888 in pe_kernel_attn_out_6_0, v8723    |
| array_partition | variable=v8724 complete dim=1           | kernel.cpp:15889 in pe_kernel_attn_out_6_0, v8724    |
| array_partition | variable=v8724 complete dim=2           | kernel.cpp:15890 in pe_kernel_attn_out_6_0, v8724    |
| stream          | variable=v8741 depth=9                  | kernel.cpp:15925 in pe_kernel_attn_out_7_0, v8741    |
| stream          | variable=v8742 depth=9                  | kernel.cpp:15926 in pe_kernel_attn_out_7_0, v8742    |
| stream          | variable=v8743 depth=9                  | kernel.cpp:15927 in pe_kernel_attn_out_7_0, v8743    |
| stream          | variable=v8744 depth=9                  | kernel.cpp:15928 in pe_kernel_attn_out_7_0, v8744    |
| array_partition | variable=v8745 complete dim=1           | kernel.cpp:15929 in pe_kernel_attn_out_7_0, v8745    |
| array_partition | variable=v8745 complete dim=2           | kernel.cpp:15930 in pe_kernel_attn_out_7_0, v8745    |
| stream          | variable=v8762 depth=9                  | kernel.cpp:15965 in pe_kernel_attn_out_0_1, v8762    |
| stream          | variable=v8763 depth=9                  | kernel.cpp:15966 in pe_kernel_attn_out_0_1, v8763    |
| stream          | variable=v8764 depth=9                  | kernel.cpp:15967 in pe_kernel_attn_out_0_1, v8764    |
| stream          | variable=v8765 depth=9                  | kernel.cpp:15968 in pe_kernel_attn_out_0_1, v8765    |
| array_partition | variable=v8766 complete dim=1           | kernel.cpp:15969 in pe_kernel_attn_out_0_1, v8766    |
| array_partition | variable=v8766 complete dim=2           | kernel.cpp:15970 in pe_kernel_attn_out_0_1, v8766    |
| stream          | variable=v8783 depth=9                  | kernel.cpp:16005 in pe_kernel_attn_out_1_1, v8783    |
| stream          | variable=v8784 depth=9                  | kernel.cpp:16006 in pe_kernel_attn_out_1_1, v8784    |
| stream          | variable=v8785 depth=9                  | kernel.cpp:16007 in pe_kernel_attn_out_1_1, v8785    |
| stream          | variable=v8786 depth=9                  | kernel.cpp:16008 in pe_kernel_attn_out_1_1, v8786    |
| array_partition | variable=v8787 complete dim=1           | kernel.cpp:16009 in pe_kernel_attn_out_1_1, v8787    |
| array_partition | variable=v8787 complete dim=2           | kernel.cpp:16010 in pe_kernel_attn_out_1_1, v8787    |
| stream          | variable=v8804 depth=9                  | kernel.cpp:16045 in pe_kernel_attn_out_2_1, v8804    |
| stream          | variable=v8805 depth=9                  | kernel.cpp:16046 in pe_kernel_attn_out_2_1, v8805    |
| stream          | variable=v8806 depth=9                  | kernel.cpp:16047 in pe_kernel_attn_out_2_1, v8806    |
| stream          | variable=v8807 depth=9                  | kernel.cpp:16048 in pe_kernel_attn_out_2_1, v8807    |
| array_partition | variable=v8808 complete dim=1           | kernel.cpp:16049 in pe_kernel_attn_out_2_1, v8808    |
| array_partition | variable=v8808 complete dim=2           | kernel.cpp:16050 in pe_kernel_attn_out_2_1, v8808    |
| stream          | variable=v8825 depth=9                  | kernel.cpp:16085 in pe_kernel_attn_out_3_1, v8825    |
| stream          | variable=v8826 depth=9                  | kernel.cpp:16086 in pe_kernel_attn_out_3_1, v8826    |
| stream          | variable=v8827 depth=9                  | kernel.cpp:16087 in pe_kernel_attn_out_3_1, v8827    |
| stream          | variable=v8828 depth=9                  | kernel.cpp:16088 in pe_kernel_attn_out_3_1, v8828    |
| array_partition | variable=v8829 complete dim=1           | kernel.cpp:16089 in pe_kernel_attn_out_3_1, v8829    |
| array_partition | variable=v8829 complete dim=2           | kernel.cpp:16090 in pe_kernel_attn_out_3_1, v8829    |
| stream          | variable=v8846 depth=9                  | kernel.cpp:16125 in pe_kernel_attn_out_4_1, v8846    |
| stream          | variable=v8847 depth=9                  | kernel.cpp:16126 in pe_kernel_attn_out_4_1, v8847    |
| stream          | variable=v8848 depth=9                  | kernel.cpp:16127 in pe_kernel_attn_out_4_1, v8848    |
| stream          | variable=v8849 depth=9                  | kernel.cpp:16128 in pe_kernel_attn_out_4_1, v8849    |
| array_partition | variable=v8850 complete dim=1           | kernel.cpp:16129 in pe_kernel_attn_out_4_1, v8850    |
| array_partition | variable=v8850 complete dim=2           | kernel.cpp:16130 in pe_kernel_attn_out_4_1, v8850    |
| stream          | variable=v8867 depth=9                  | kernel.cpp:16165 in pe_kernel_attn_out_5_1, v8867    |
| stream          | variable=v8868 depth=9                  | kernel.cpp:16166 in pe_kernel_attn_out_5_1, v8868    |
| stream          | variable=v8869 depth=9                  | kernel.cpp:16167 in pe_kernel_attn_out_5_1, v8869    |
| stream          | variable=v8870 depth=9                  | kernel.cpp:16168 in pe_kernel_attn_out_5_1, v8870    |
| array_partition | variable=v8871 complete dim=1           | kernel.cpp:16169 in pe_kernel_attn_out_5_1, v8871    |
| array_partition | variable=v8871 complete dim=2           | kernel.cpp:16170 in pe_kernel_attn_out_5_1, v8871    |
| stream          | variable=v8888 depth=9                  | kernel.cpp:16205 in pe_kernel_attn_out_6_1, v8888    |
| stream          | variable=v8889 depth=9                  | kernel.cpp:16206 in pe_kernel_attn_out_6_1, v8889    |
| stream          | variable=v8890 depth=9                  | kernel.cpp:16207 in pe_kernel_attn_out_6_1, v8890    |
| stream          | variable=v8891 depth=9                  | kernel.cpp:16208 in pe_kernel_attn_out_6_1, v8891    |
| array_partition | variable=v8892 complete dim=1           | kernel.cpp:16209 in pe_kernel_attn_out_6_1, v8892    |
| array_partition | variable=v8892 complete dim=2           | kernel.cpp:16210 in pe_kernel_attn_out_6_1, v8892    |
| stream          | variable=v8909 depth=9                  | kernel.cpp:16245 in pe_kernel_attn_out_7_1, v8909    |
| stream          | variable=v8910 depth=9                  | kernel.cpp:16246 in pe_kernel_attn_out_7_1, v8910    |
| stream          | variable=v8911 depth=9                  | kernel.cpp:16247 in pe_kernel_attn_out_7_1, v8911    |
| stream          | variable=v8912 depth=9                  | kernel.cpp:16248 in pe_kernel_attn_out_7_1, v8912    |
| array_partition | variable=v8913 complete dim=1           | kernel.cpp:16249 in pe_kernel_attn_out_7_1, v8913    |
| array_partition | variable=v8913 complete dim=2           | kernel.cpp:16250 in pe_kernel_attn_out_7_1, v8913    |
| stream          | variable=v8930 depth=9                  | kernel.cpp:16285 in pe_kernel_attn_out_0_2, v8930    |
| stream          | variable=v8931 depth=9                  | kernel.cpp:16286 in pe_kernel_attn_out_0_2, v8931    |
| stream          | variable=v8932 depth=9                  | kernel.cpp:16287 in pe_kernel_attn_out_0_2, v8932    |
| stream          | variable=v8933 depth=9                  | kernel.cpp:16288 in pe_kernel_attn_out_0_2, v8933    |
| array_partition | variable=v8934 complete dim=1           | kernel.cpp:16289 in pe_kernel_attn_out_0_2, v8934    |
| array_partition | variable=v8934 complete dim=2           | kernel.cpp:16290 in pe_kernel_attn_out_0_2, v8934    |
| stream          | variable=v8951 depth=9                  | kernel.cpp:16325 in pe_kernel_attn_out_1_2, v8951    |
| stream          | variable=v8952 depth=9                  | kernel.cpp:16326 in pe_kernel_attn_out_1_2, v8952    |
| stream          | variable=v8953 depth=9                  | kernel.cpp:16327 in pe_kernel_attn_out_1_2, v8953    |
| stream          | variable=v8954 depth=9                  | kernel.cpp:16328 in pe_kernel_attn_out_1_2, v8954    |
| array_partition | variable=v8955 complete dim=1           | kernel.cpp:16329 in pe_kernel_attn_out_1_2, v8955    |
| array_partition | variable=v8955 complete dim=2           | kernel.cpp:16330 in pe_kernel_attn_out_1_2, v8955    |
| stream          | variable=v8972 depth=9                  | kernel.cpp:16365 in pe_kernel_attn_out_2_2, v8972    |
| stream          | variable=v8973 depth=9                  | kernel.cpp:16366 in pe_kernel_attn_out_2_2, v8973    |
| stream          | variable=v8974 depth=9                  | kernel.cpp:16367 in pe_kernel_attn_out_2_2, v8974    |
| stream          | variable=v8975 depth=9                  | kernel.cpp:16368 in pe_kernel_attn_out_2_2, v8975    |
| array_partition | variable=v8976 complete dim=1           | kernel.cpp:16369 in pe_kernel_attn_out_2_2, v8976    |
| array_partition | variable=v8976 complete dim=2           | kernel.cpp:16370 in pe_kernel_attn_out_2_2, v8976    |
| stream          | variable=v8993 depth=9                  | kernel.cpp:16405 in pe_kernel_attn_out_3_2, v8993    |
| stream          | variable=v8994 depth=9                  | kernel.cpp:16406 in pe_kernel_attn_out_3_2, v8994    |
| stream          | variable=v8995 depth=9                  | kernel.cpp:16407 in pe_kernel_attn_out_3_2, v8995    |
| stream          | variable=v8996 depth=9                  | kernel.cpp:16408 in pe_kernel_attn_out_3_2, v8996    |
| array_partition | variable=v8997 complete dim=1           | kernel.cpp:16409 in pe_kernel_attn_out_3_2, v8997    |
| array_partition | variable=v8997 complete dim=2           | kernel.cpp:16410 in pe_kernel_attn_out_3_2, v8997    |
| stream          | variable=v9014 depth=9                  | kernel.cpp:16445 in pe_kernel_attn_out_4_2, v9014    |
| stream          | variable=v9015 depth=9                  | kernel.cpp:16446 in pe_kernel_attn_out_4_2, v9015    |
| stream          | variable=v9016 depth=9                  | kernel.cpp:16447 in pe_kernel_attn_out_4_2, v9016    |
| stream          | variable=v9017 depth=9                  | kernel.cpp:16448 in pe_kernel_attn_out_4_2, v9017    |
| array_partition | variable=v9018 complete dim=1           | kernel.cpp:16449 in pe_kernel_attn_out_4_2, v9018    |
| array_partition | variable=v9018 complete dim=2           | kernel.cpp:16450 in pe_kernel_attn_out_4_2, v9018    |
| stream          | variable=v9035 depth=9                  | kernel.cpp:16485 in pe_kernel_attn_out_5_2, v9035    |
| stream          | variable=v9036 depth=9                  | kernel.cpp:16486 in pe_kernel_attn_out_5_2, v9036    |
| stream          | variable=v9037 depth=9                  | kernel.cpp:16487 in pe_kernel_attn_out_5_2, v9037    |
| stream          | variable=v9038 depth=9                  | kernel.cpp:16488 in pe_kernel_attn_out_5_2, v9038    |
| array_partition | variable=v9039 complete dim=1           | kernel.cpp:16489 in pe_kernel_attn_out_5_2, v9039    |
| array_partition | variable=v9039 complete dim=2           | kernel.cpp:16490 in pe_kernel_attn_out_5_2, v9039    |
| stream          | variable=v9056 depth=9                  | kernel.cpp:16525 in pe_kernel_attn_out_6_2, v9056    |
| stream          | variable=v9057 depth=9                  | kernel.cpp:16526 in pe_kernel_attn_out_6_2, v9057    |
| stream          | variable=v9058 depth=9                  | kernel.cpp:16527 in pe_kernel_attn_out_6_2, v9058    |
| stream          | variable=v9059 depth=9                  | kernel.cpp:16528 in pe_kernel_attn_out_6_2, v9059    |
| array_partition | variable=v9060 complete dim=1           | kernel.cpp:16529 in pe_kernel_attn_out_6_2, v9060    |
| array_partition | variable=v9060 complete dim=2           | kernel.cpp:16530 in pe_kernel_attn_out_6_2, v9060    |
| stream          | variable=v9077 depth=9                  | kernel.cpp:16565 in pe_kernel_attn_out_7_2, v9077    |
| stream          | variable=v9078 depth=9                  | kernel.cpp:16566 in pe_kernel_attn_out_7_2, v9078    |
| stream          | variable=v9079 depth=9                  | kernel.cpp:16567 in pe_kernel_attn_out_7_2, v9079    |
| stream          | variable=v9080 depth=9                  | kernel.cpp:16568 in pe_kernel_attn_out_7_2, v9080    |
| array_partition | variable=v9081 complete dim=1           | kernel.cpp:16569 in pe_kernel_attn_out_7_2, v9081    |
| array_partition | variable=v9081 complete dim=2           | kernel.cpp:16570 in pe_kernel_attn_out_7_2, v9081    |
| stream          | variable=v9098 depth=9                  | kernel.cpp:16605 in pe_kernel_attn_out_0_3, v9098    |
| stream          | variable=v9099 depth=9                  | kernel.cpp:16606 in pe_kernel_attn_out_0_3, v9099    |
| stream          | variable=v9100 depth=9                  | kernel.cpp:16607 in pe_kernel_attn_out_0_3, v9100    |
| stream          | variable=v9101 depth=9                  | kernel.cpp:16608 in pe_kernel_attn_out_0_3, v9101    |
| array_partition | variable=v9102 complete dim=1           | kernel.cpp:16609 in pe_kernel_attn_out_0_3, v9102    |
| array_partition | variable=v9102 complete dim=2           | kernel.cpp:16610 in pe_kernel_attn_out_0_3, v9102    |
| stream          | variable=v9119 depth=9                  | kernel.cpp:16645 in pe_kernel_attn_out_1_3, v9119    |
| stream          | variable=v9120 depth=9                  | kernel.cpp:16646 in pe_kernel_attn_out_1_3, v9120    |
| stream          | variable=v9121 depth=9                  | kernel.cpp:16647 in pe_kernel_attn_out_1_3, v9121    |
| stream          | variable=v9122 depth=9                  | kernel.cpp:16648 in pe_kernel_attn_out_1_3, v9122    |
| array_partition | variable=v9123 complete dim=1           | kernel.cpp:16649 in pe_kernel_attn_out_1_3, v9123    |
| array_partition | variable=v9123 complete dim=2           | kernel.cpp:16650 in pe_kernel_attn_out_1_3, v9123    |
| stream          | variable=v9140 depth=9                  | kernel.cpp:16685 in pe_kernel_attn_out_2_3, v9140    |
| stream          | variable=v9141 depth=9                  | kernel.cpp:16686 in pe_kernel_attn_out_2_3, v9141    |
| stream          | variable=v9142 depth=9                  | kernel.cpp:16687 in pe_kernel_attn_out_2_3, v9142    |
| stream          | variable=v9143 depth=9                  | kernel.cpp:16688 in pe_kernel_attn_out_2_3, v9143    |
| array_partition | variable=v9144 complete dim=1           | kernel.cpp:16689 in pe_kernel_attn_out_2_3, v9144    |
| array_partition | variable=v9144 complete dim=2           | kernel.cpp:16690 in pe_kernel_attn_out_2_3, v9144    |
| stream          | variable=v9161 depth=9                  | kernel.cpp:16725 in pe_kernel_attn_out_3_3, v9161    |
| stream          | variable=v9162 depth=9                  | kernel.cpp:16726 in pe_kernel_attn_out_3_3, v9162    |
| stream          | variable=v9163 depth=9                  | kernel.cpp:16727 in pe_kernel_attn_out_3_3, v9163    |
| stream          | variable=v9164 depth=9                  | kernel.cpp:16728 in pe_kernel_attn_out_3_3, v9164    |
| array_partition | variable=v9165 complete dim=1           | kernel.cpp:16729 in pe_kernel_attn_out_3_3, v9165    |
| array_partition | variable=v9165 complete dim=2           | kernel.cpp:16730 in pe_kernel_attn_out_3_3, v9165    |
| stream          | variable=v9182 depth=9                  | kernel.cpp:16765 in pe_kernel_attn_out_4_3, v9182    |
| stream          | variable=v9183 depth=9                  | kernel.cpp:16766 in pe_kernel_attn_out_4_3, v9183    |
| stream          | variable=v9184 depth=9                  | kernel.cpp:16767 in pe_kernel_attn_out_4_3, v9184    |
| stream          | variable=v9185 depth=9                  | kernel.cpp:16768 in pe_kernel_attn_out_4_3, v9185    |
| array_partition | variable=v9186 complete dim=1           | kernel.cpp:16769 in pe_kernel_attn_out_4_3, v9186    |
| array_partition | variable=v9186 complete dim=2           | kernel.cpp:16770 in pe_kernel_attn_out_4_3, v9186    |
| stream          | variable=v9203 depth=9                  | kernel.cpp:16805 in pe_kernel_attn_out_5_3, v9203    |
| stream          | variable=v9204 depth=9                  | kernel.cpp:16806 in pe_kernel_attn_out_5_3, v9204    |
| stream          | variable=v9205 depth=9                  | kernel.cpp:16807 in pe_kernel_attn_out_5_3, v9205    |
| stream          | variable=v9206 depth=9                  | kernel.cpp:16808 in pe_kernel_attn_out_5_3, v9206    |
| array_partition | variable=v9207 complete dim=1           | kernel.cpp:16809 in pe_kernel_attn_out_5_3, v9207    |
| array_partition | variable=v9207 complete dim=2           | kernel.cpp:16810 in pe_kernel_attn_out_5_3, v9207    |
| stream          | variable=v9224 depth=9                  | kernel.cpp:16845 in pe_kernel_attn_out_6_3, v9224    |
| stream          | variable=v9225 depth=9                  | kernel.cpp:16846 in pe_kernel_attn_out_6_3, v9225    |
| stream          | variable=v9226 depth=9                  | kernel.cpp:16847 in pe_kernel_attn_out_6_3, v9226    |
| stream          | variable=v9227 depth=9                  | kernel.cpp:16848 in pe_kernel_attn_out_6_3, v9227    |
| array_partition | variable=v9228 complete dim=1           | kernel.cpp:16849 in pe_kernel_attn_out_6_3, v9228    |
| array_partition | variable=v9228 complete dim=2           | kernel.cpp:16850 in pe_kernel_attn_out_6_3, v9228    |
| stream          | variable=v9245 depth=9                  | kernel.cpp:16885 in pe_kernel_attn_out_7_3, v9245    |
| stream          | variable=v9246 depth=9                  | kernel.cpp:16886 in pe_kernel_attn_out_7_3, v9246    |
| stream          | variable=v9247 depth=9                  | kernel.cpp:16887 in pe_kernel_attn_out_7_3, v9247    |
| stream          | variable=v9248 depth=9                  | kernel.cpp:16888 in pe_kernel_attn_out_7_3, v9248    |
| array_partition | variable=v9249 complete dim=1           | kernel.cpp:16889 in pe_kernel_attn_out_7_3, v9249    |
| array_partition | variable=v9249 complete dim=2           | kernel.cpp:16890 in pe_kernel_attn_out_7_3, v9249    |
| stream          | variable=v9266 depth=9                  | kernel.cpp:16925 in pe_kernel_attn_out_0_4, v9266    |
| stream          | variable=v9267 depth=9                  | kernel.cpp:16926 in pe_kernel_attn_out_0_4, v9267    |
| stream          | variable=v9268 depth=9                  | kernel.cpp:16927 in pe_kernel_attn_out_0_4, v9268    |
| stream          | variable=v9269 depth=9                  | kernel.cpp:16928 in pe_kernel_attn_out_0_4, v9269    |
| array_partition | variable=v9270 complete dim=1           | kernel.cpp:16929 in pe_kernel_attn_out_0_4, v9270    |
| array_partition | variable=v9270 complete dim=2           | kernel.cpp:16930 in pe_kernel_attn_out_0_4, v9270    |
| stream          | variable=v9287 depth=9                  | kernel.cpp:16965 in pe_kernel_attn_out_1_4, v9287    |
| stream          | variable=v9288 depth=9                  | kernel.cpp:16966 in pe_kernel_attn_out_1_4, v9288    |
| stream          | variable=v9289 depth=9                  | kernel.cpp:16967 in pe_kernel_attn_out_1_4, v9289    |
| stream          | variable=v9290 depth=9                  | kernel.cpp:16968 in pe_kernel_attn_out_1_4, v9290    |
| array_partition | variable=v9291 complete dim=1           | kernel.cpp:16969 in pe_kernel_attn_out_1_4, v9291    |
| array_partition | variable=v9291 complete dim=2           | kernel.cpp:16970 in pe_kernel_attn_out_1_4, v9291    |
| stream          | variable=v9308 depth=9                  | kernel.cpp:17005 in pe_kernel_attn_out_2_4, v9308    |
| stream          | variable=v9309 depth=9                  | kernel.cpp:17006 in pe_kernel_attn_out_2_4, v9309    |
| stream          | variable=v9310 depth=9                  | kernel.cpp:17007 in pe_kernel_attn_out_2_4, v9310    |
| stream          | variable=v9311 depth=9                  | kernel.cpp:17008 in pe_kernel_attn_out_2_4, v9311    |
| array_partition | variable=v9312 complete dim=1           | kernel.cpp:17009 in pe_kernel_attn_out_2_4, v9312    |
| array_partition | variable=v9312 complete dim=2           | kernel.cpp:17010 in pe_kernel_attn_out_2_4, v9312    |
| stream          | variable=v9329 depth=9                  | kernel.cpp:17045 in pe_kernel_attn_out_3_4, v9329    |
| stream          | variable=v9330 depth=9                  | kernel.cpp:17046 in pe_kernel_attn_out_3_4, v9330    |
| stream          | variable=v9331 depth=9                  | kernel.cpp:17047 in pe_kernel_attn_out_3_4, v9331    |
| stream          | variable=v9332 depth=9                  | kernel.cpp:17048 in pe_kernel_attn_out_3_4, v9332    |
| array_partition | variable=v9333 complete dim=1           | kernel.cpp:17049 in pe_kernel_attn_out_3_4, v9333    |
| array_partition | variable=v9333 complete dim=2           | kernel.cpp:17050 in pe_kernel_attn_out_3_4, v9333    |
| stream          | variable=v9350 depth=9                  | kernel.cpp:17085 in pe_kernel_attn_out_4_4, v9350    |
| stream          | variable=v9351 depth=9                  | kernel.cpp:17086 in pe_kernel_attn_out_4_4, v9351    |
| stream          | variable=v9352 depth=9                  | kernel.cpp:17087 in pe_kernel_attn_out_4_4, v9352    |
| stream          | variable=v9353 depth=9                  | kernel.cpp:17088 in pe_kernel_attn_out_4_4, v9353    |
| array_partition | variable=v9354 complete dim=1           | kernel.cpp:17089 in pe_kernel_attn_out_4_4, v9354    |
| array_partition | variable=v9354 complete dim=2           | kernel.cpp:17090 in pe_kernel_attn_out_4_4, v9354    |
| stream          | variable=v9371 depth=9                  | kernel.cpp:17125 in pe_kernel_attn_out_5_4, v9371    |
| stream          | variable=v9372 depth=9                  | kernel.cpp:17126 in pe_kernel_attn_out_5_4, v9372    |
| stream          | variable=v9373 depth=9                  | kernel.cpp:17127 in pe_kernel_attn_out_5_4, v9373    |
| stream          | variable=v9374 depth=9                  | kernel.cpp:17128 in pe_kernel_attn_out_5_4, v9374    |
| array_partition | variable=v9375 complete dim=1           | kernel.cpp:17129 in pe_kernel_attn_out_5_4, v9375    |
| array_partition | variable=v9375 complete dim=2           | kernel.cpp:17130 in pe_kernel_attn_out_5_4, v9375    |
| stream          | variable=v9392 depth=9                  | kernel.cpp:17165 in pe_kernel_attn_out_6_4, v9392    |
| stream          | variable=v9393 depth=9                  | kernel.cpp:17166 in pe_kernel_attn_out_6_4, v9393    |
| stream          | variable=v9394 depth=9                  | kernel.cpp:17167 in pe_kernel_attn_out_6_4, v9394    |
| stream          | variable=v9395 depth=9                  | kernel.cpp:17168 in pe_kernel_attn_out_6_4, v9395    |
| array_partition | variable=v9396 complete dim=1           | kernel.cpp:17169 in pe_kernel_attn_out_6_4, v9396    |
| array_partition | variable=v9396 complete dim=2           | kernel.cpp:17170 in pe_kernel_attn_out_6_4, v9396    |
| stream          | variable=v9413 depth=9                  | kernel.cpp:17205 in pe_kernel_attn_out_7_4, v9413    |
| stream          | variable=v9414 depth=9                  | kernel.cpp:17206 in pe_kernel_attn_out_7_4, v9414    |
| stream          | variable=v9415 depth=9                  | kernel.cpp:17207 in pe_kernel_attn_out_7_4, v9415    |
| stream          | variable=v9416 depth=9                  | kernel.cpp:17208 in pe_kernel_attn_out_7_4, v9416    |
| array_partition | variable=v9417 complete dim=1           | kernel.cpp:17209 in pe_kernel_attn_out_7_4, v9417    |
| array_partition | variable=v9417 complete dim=2           | kernel.cpp:17210 in pe_kernel_attn_out_7_4, v9417    |
| stream          | variable=v9434 depth=9                  | kernel.cpp:17245 in pe_kernel_attn_out_0_5, v9434    |
| stream          | variable=v9435 depth=9                  | kernel.cpp:17246 in pe_kernel_attn_out_0_5, v9435    |
| stream          | variable=v9436 depth=9                  | kernel.cpp:17247 in pe_kernel_attn_out_0_5, v9436    |
| stream          | variable=v9437 depth=9                  | kernel.cpp:17248 in pe_kernel_attn_out_0_5, v9437    |
| array_partition | variable=v9438 complete dim=1           | kernel.cpp:17249 in pe_kernel_attn_out_0_5, v9438    |
| array_partition | variable=v9438 complete dim=2           | kernel.cpp:17250 in pe_kernel_attn_out_0_5, v9438    |
| stream          | variable=v9455 depth=9                  | kernel.cpp:17285 in pe_kernel_attn_out_1_5, v9455    |
| stream          | variable=v9456 depth=9                  | kernel.cpp:17286 in pe_kernel_attn_out_1_5, v9456    |
| stream          | variable=v9457 depth=9                  | kernel.cpp:17287 in pe_kernel_attn_out_1_5, v9457    |
| stream          | variable=v9458 depth=9                  | kernel.cpp:17288 in pe_kernel_attn_out_1_5, v9458    |
| array_partition | variable=v9459 complete dim=1           | kernel.cpp:17289 in pe_kernel_attn_out_1_5, v9459    |
| array_partition | variable=v9459 complete dim=2           | kernel.cpp:17290 in pe_kernel_attn_out_1_5, v9459    |
| stream          | variable=v9476 depth=9                  | kernel.cpp:17325 in pe_kernel_attn_out_2_5, v9476    |
| stream          | variable=v9477 depth=9                  | kernel.cpp:17326 in pe_kernel_attn_out_2_5, v9477    |
| stream          | variable=v9478 depth=9                  | kernel.cpp:17327 in pe_kernel_attn_out_2_5, v9478    |
| stream          | variable=v9479 depth=9                  | kernel.cpp:17328 in pe_kernel_attn_out_2_5, v9479    |
| array_partition | variable=v9480 complete dim=1           | kernel.cpp:17329 in pe_kernel_attn_out_2_5, v9480    |
| array_partition | variable=v9480 complete dim=2           | kernel.cpp:17330 in pe_kernel_attn_out_2_5, v9480    |
| stream          | variable=v9497 depth=9                  | kernel.cpp:17365 in pe_kernel_attn_out_3_5, v9497    |
| stream          | variable=v9498 depth=9                  | kernel.cpp:17366 in pe_kernel_attn_out_3_5, v9498    |
| stream          | variable=v9499 depth=9                  | kernel.cpp:17367 in pe_kernel_attn_out_3_5, v9499    |
| stream          | variable=v9500 depth=9                  | kernel.cpp:17368 in pe_kernel_attn_out_3_5, v9500    |
| array_partition | variable=v9501 complete dim=1           | kernel.cpp:17369 in pe_kernel_attn_out_3_5, v9501    |
| array_partition | variable=v9501 complete dim=2           | kernel.cpp:17370 in pe_kernel_attn_out_3_5, v9501    |
| stream          | variable=v9518 depth=9                  | kernel.cpp:17405 in pe_kernel_attn_out_4_5, v9518    |
| stream          | variable=v9519 depth=9                  | kernel.cpp:17406 in pe_kernel_attn_out_4_5, v9519    |
| stream          | variable=v9520 depth=9                  | kernel.cpp:17407 in pe_kernel_attn_out_4_5, v9520    |
| stream          | variable=v9521 depth=9                  | kernel.cpp:17408 in pe_kernel_attn_out_4_5, v9521    |
| array_partition | variable=v9522 complete dim=1           | kernel.cpp:17409 in pe_kernel_attn_out_4_5, v9522    |
| array_partition | variable=v9522 complete dim=2           | kernel.cpp:17410 in pe_kernel_attn_out_4_5, v9522    |
| stream          | variable=v9539 depth=9                  | kernel.cpp:17445 in pe_kernel_attn_out_5_5, v9539    |
| stream          | variable=v9540 depth=9                  | kernel.cpp:17446 in pe_kernel_attn_out_5_5, v9540    |
| stream          | variable=v9541 depth=9                  | kernel.cpp:17447 in pe_kernel_attn_out_5_5, v9541    |
| stream          | variable=v9542 depth=9                  | kernel.cpp:17448 in pe_kernel_attn_out_5_5, v9542    |
| array_partition | variable=v9543 complete dim=1           | kernel.cpp:17449 in pe_kernel_attn_out_5_5, v9543    |
| array_partition | variable=v9543 complete dim=2           | kernel.cpp:17450 in pe_kernel_attn_out_5_5, v9543    |
| stream          | variable=v9560 depth=9                  | kernel.cpp:17485 in pe_kernel_attn_out_6_5, v9560    |
| stream          | variable=v9561 depth=9                  | kernel.cpp:17486 in pe_kernel_attn_out_6_5, v9561    |
| stream          | variable=v9562 depth=9                  | kernel.cpp:17487 in pe_kernel_attn_out_6_5, v9562    |
| stream          | variable=v9563 depth=9                  | kernel.cpp:17488 in pe_kernel_attn_out_6_5, v9563    |
| array_partition | variable=v9564 complete dim=1           | kernel.cpp:17489 in pe_kernel_attn_out_6_5, v9564    |
| array_partition | variable=v9564 complete dim=2           | kernel.cpp:17490 in pe_kernel_attn_out_6_5, v9564    |
| stream          | variable=v9581 depth=9                  | kernel.cpp:17525 in pe_kernel_attn_out_7_5, v9581    |
| stream          | variable=v9582 depth=9                  | kernel.cpp:17526 in pe_kernel_attn_out_7_5, v9582    |
| stream          | variable=v9583 depth=9                  | kernel.cpp:17527 in pe_kernel_attn_out_7_5, v9583    |
| stream          | variable=v9584 depth=9                  | kernel.cpp:17528 in pe_kernel_attn_out_7_5, v9584    |
| array_partition | variable=v9585 complete dim=1           | kernel.cpp:17529 in pe_kernel_attn_out_7_5, v9585    |
| array_partition | variable=v9585 complete dim=2           | kernel.cpp:17530 in pe_kernel_attn_out_7_5, v9585    |
| stream          | variable=v9602 depth=9                  | kernel.cpp:17565 in pe_kernel_attn_out_0_6, v9602    |
| stream          | variable=v9603 depth=9                  | kernel.cpp:17566 in pe_kernel_attn_out_0_6, v9603    |
| stream          | variable=v9604 depth=9                  | kernel.cpp:17567 in pe_kernel_attn_out_0_6, v9604    |
| stream          | variable=v9605 depth=9                  | kernel.cpp:17568 in pe_kernel_attn_out_0_6, v9605    |
| array_partition | variable=v9606 complete dim=1           | kernel.cpp:17569 in pe_kernel_attn_out_0_6, v9606    |
| array_partition | variable=v9606 complete dim=2           | kernel.cpp:17570 in pe_kernel_attn_out_0_6, v9606    |
| stream          | variable=v9623 depth=9                  | kernel.cpp:17605 in pe_kernel_attn_out_1_6, v9623    |
| stream          | variable=v9624 depth=9                  | kernel.cpp:17606 in pe_kernel_attn_out_1_6, v9624    |
| stream          | variable=v9625 depth=9                  | kernel.cpp:17607 in pe_kernel_attn_out_1_6, v9625    |
| stream          | variable=v9626 depth=9                  | kernel.cpp:17608 in pe_kernel_attn_out_1_6, v9626    |
| array_partition | variable=v9627 complete dim=1           | kernel.cpp:17609 in pe_kernel_attn_out_1_6, v9627    |
| array_partition | variable=v9627 complete dim=2           | kernel.cpp:17610 in pe_kernel_attn_out_1_6, v9627    |
| stream          | variable=v9644 depth=9                  | kernel.cpp:17645 in pe_kernel_attn_out_2_6, v9644    |
| stream          | variable=v9645 depth=9                  | kernel.cpp:17646 in pe_kernel_attn_out_2_6, v9645    |
| stream          | variable=v9646 depth=9                  | kernel.cpp:17647 in pe_kernel_attn_out_2_6, v9646    |
| stream          | variable=v9647 depth=9                  | kernel.cpp:17648 in pe_kernel_attn_out_2_6, v9647    |
| array_partition | variable=v9648 complete dim=1           | kernel.cpp:17649 in pe_kernel_attn_out_2_6, v9648    |
| array_partition | variable=v9648 complete dim=2           | kernel.cpp:17650 in pe_kernel_attn_out_2_6, v9648    |
| stream          | variable=v9665 depth=9                  | kernel.cpp:17685 in pe_kernel_attn_out_3_6, v9665    |
| stream          | variable=v9666 depth=9                  | kernel.cpp:17686 in pe_kernel_attn_out_3_6, v9666    |
| stream          | variable=v9667 depth=9                  | kernel.cpp:17687 in pe_kernel_attn_out_3_6, v9667    |
| stream          | variable=v9668 depth=9                  | kernel.cpp:17688 in pe_kernel_attn_out_3_6, v9668    |
| array_partition | variable=v9669 complete dim=1           | kernel.cpp:17689 in pe_kernel_attn_out_3_6, v9669    |
| array_partition | variable=v9669 complete dim=2           | kernel.cpp:17690 in pe_kernel_attn_out_3_6, v9669    |
| stream          | variable=v9686 depth=9                  | kernel.cpp:17725 in pe_kernel_attn_out_4_6, v9686    |
| stream          | variable=v9687 depth=9                  | kernel.cpp:17726 in pe_kernel_attn_out_4_6, v9687    |
| stream          | variable=v9688 depth=9                  | kernel.cpp:17727 in pe_kernel_attn_out_4_6, v9688    |
| stream          | variable=v9689 depth=9                  | kernel.cpp:17728 in pe_kernel_attn_out_4_6, v9689    |
| array_partition | variable=v9690 complete dim=1           | kernel.cpp:17729 in pe_kernel_attn_out_4_6, v9690    |
| array_partition | variable=v9690 complete dim=2           | kernel.cpp:17730 in pe_kernel_attn_out_4_6, v9690    |
| stream          | variable=v9707 depth=9                  | kernel.cpp:17765 in pe_kernel_attn_out_5_6, v9707    |
| stream          | variable=v9708 depth=9                  | kernel.cpp:17766 in pe_kernel_attn_out_5_6, v9708    |
| stream          | variable=v9709 depth=9                  | kernel.cpp:17767 in pe_kernel_attn_out_5_6, v9709    |
| stream          | variable=v9710 depth=9                  | kernel.cpp:17768 in pe_kernel_attn_out_5_6, v9710    |
| array_partition | variable=v9711 complete dim=1           | kernel.cpp:17769 in pe_kernel_attn_out_5_6, v9711    |
| array_partition | variable=v9711 complete dim=2           | kernel.cpp:17770 in pe_kernel_attn_out_5_6, v9711    |
| stream          | variable=v9728 depth=9                  | kernel.cpp:17805 in pe_kernel_attn_out_6_6, v9728    |
| stream          | variable=v9729 depth=9                  | kernel.cpp:17806 in pe_kernel_attn_out_6_6, v9729    |
| stream          | variable=v9730 depth=9                  | kernel.cpp:17807 in pe_kernel_attn_out_6_6, v9730    |
| stream          | variable=v9731 depth=9                  | kernel.cpp:17808 in pe_kernel_attn_out_6_6, v9731    |
| array_partition | variable=v9732 complete dim=1           | kernel.cpp:17809 in pe_kernel_attn_out_6_6, v9732    |
| array_partition | variable=v9732 complete dim=2           | kernel.cpp:17810 in pe_kernel_attn_out_6_6, v9732    |
| stream          | variable=v9749 depth=9                  | kernel.cpp:17845 in pe_kernel_attn_out_7_6, v9749    |
| stream          | variable=v9750 depth=9                  | kernel.cpp:17846 in pe_kernel_attn_out_7_6, v9750    |
| stream          | variable=v9751 depth=9                  | kernel.cpp:17847 in pe_kernel_attn_out_7_6, v9751    |
| stream          | variable=v9752 depth=9                  | kernel.cpp:17848 in pe_kernel_attn_out_7_6, v9752    |
| array_partition | variable=v9753 complete dim=1           | kernel.cpp:17849 in pe_kernel_attn_out_7_6, v9753    |
| array_partition | variable=v9753 complete dim=2           | kernel.cpp:17850 in pe_kernel_attn_out_7_6, v9753    |
| stream          | variable=v9770 depth=9                  | kernel.cpp:17885 in pe_kernel_attn_out_0_7, v9770    |
| stream          | variable=v9771 depth=9                  | kernel.cpp:17886 in pe_kernel_attn_out_0_7, v9771    |
| stream          | variable=v9772 depth=9                  | kernel.cpp:17887 in pe_kernel_attn_out_0_7, v9772    |
| stream          | variable=v9773 depth=9                  | kernel.cpp:17888 in pe_kernel_attn_out_0_7, v9773    |
| array_partition | variable=v9774 complete dim=1           | kernel.cpp:17889 in pe_kernel_attn_out_0_7, v9774    |
| array_partition | variable=v9774 complete dim=2           | kernel.cpp:17890 in pe_kernel_attn_out_0_7, v9774    |
| stream          | variable=v9791 depth=9                  | kernel.cpp:17925 in pe_kernel_attn_out_1_7, v9791    |
| stream          | variable=v9792 depth=9                  | kernel.cpp:17926 in pe_kernel_attn_out_1_7, v9792    |
| stream          | variable=v9793 depth=9                  | kernel.cpp:17927 in pe_kernel_attn_out_1_7, v9793    |
| stream          | variable=v9794 depth=9                  | kernel.cpp:17928 in pe_kernel_attn_out_1_7, v9794    |
| array_partition | variable=v9795 complete dim=1           | kernel.cpp:17929 in pe_kernel_attn_out_1_7, v9795    |
| array_partition | variable=v9795 complete dim=2           | kernel.cpp:17930 in pe_kernel_attn_out_1_7, v9795    |
| stream          | variable=v9812 depth=9                  | kernel.cpp:17965 in pe_kernel_attn_out_2_7, v9812    |
| stream          | variable=v9813 depth=9                  | kernel.cpp:17966 in pe_kernel_attn_out_2_7, v9813    |
| stream          | variable=v9814 depth=9                  | kernel.cpp:17967 in pe_kernel_attn_out_2_7, v9814    |
| stream          | variable=v9815 depth=9                  | kernel.cpp:17968 in pe_kernel_attn_out_2_7, v9815    |
| array_partition | variable=v9816 complete dim=1           | kernel.cpp:17969 in pe_kernel_attn_out_2_7, v9816    |
| array_partition | variable=v9816 complete dim=2           | kernel.cpp:17970 in pe_kernel_attn_out_2_7, v9816    |
| stream          | variable=v9833 depth=9                  | kernel.cpp:18005 in pe_kernel_attn_out_3_7, v9833    |
| stream          | variable=v9834 depth=9                  | kernel.cpp:18006 in pe_kernel_attn_out_3_7, v9834    |
| stream          | variable=v9835 depth=9                  | kernel.cpp:18007 in pe_kernel_attn_out_3_7, v9835    |
| stream          | variable=v9836 depth=9                  | kernel.cpp:18008 in pe_kernel_attn_out_3_7, v9836    |
| array_partition | variable=v9837 complete dim=1           | kernel.cpp:18009 in pe_kernel_attn_out_3_7, v9837    |
| array_partition | variable=v9837 complete dim=2           | kernel.cpp:18010 in pe_kernel_attn_out_3_7, v9837    |
| stream          | variable=v9854 depth=9                  | kernel.cpp:18045 in pe_kernel_attn_out_4_7, v9854    |
| stream          | variable=v9855 depth=9                  | kernel.cpp:18046 in pe_kernel_attn_out_4_7, v9855    |
| stream          | variable=v9856 depth=9                  | kernel.cpp:18047 in pe_kernel_attn_out_4_7, v9856    |
| stream          | variable=v9857 depth=9                  | kernel.cpp:18048 in pe_kernel_attn_out_4_7, v9857    |
| array_partition | variable=v9858 complete dim=1           | kernel.cpp:18049 in pe_kernel_attn_out_4_7, v9858    |
| array_partition | variable=v9858 complete dim=2           | kernel.cpp:18050 in pe_kernel_attn_out_4_7, v9858    |
| stream          | variable=v9875 depth=9                  | kernel.cpp:18085 in pe_kernel_attn_out_5_7, v9875    |
| stream          | variable=v9876 depth=9                  | kernel.cpp:18086 in pe_kernel_attn_out_5_7, v9876    |
| stream          | variable=v9877 depth=9                  | kernel.cpp:18087 in pe_kernel_attn_out_5_7, v9877    |
| stream          | variable=v9878 depth=9                  | kernel.cpp:18088 in pe_kernel_attn_out_5_7, v9878    |
| array_partition | variable=v9879 complete dim=1           | kernel.cpp:18089 in pe_kernel_attn_out_5_7, v9879    |
| array_partition | variable=v9879 complete dim=2           | kernel.cpp:18090 in pe_kernel_attn_out_5_7, v9879    |
| stream          | variable=v9896 depth=9                  | kernel.cpp:18125 in pe_kernel_attn_out_6_7, v9896    |
| stream          | variable=v9897 depth=9                  | kernel.cpp:18126 in pe_kernel_attn_out_6_7, v9897    |
| stream          | variable=v9898 depth=9                  | kernel.cpp:18127 in pe_kernel_attn_out_6_7, v9898    |
| stream          | variable=v9899 depth=9                  | kernel.cpp:18128 in pe_kernel_attn_out_6_7, v9899    |
| array_partition | variable=v9900 complete dim=1           | kernel.cpp:18129 in pe_kernel_attn_out_6_7, v9900    |
| array_partition | variable=v9900 complete dim=2           | kernel.cpp:18130 in pe_kernel_attn_out_6_7, v9900    |
| stream          | variable=v9917 depth=9                  | kernel.cpp:18165 in pe_kernel_attn_out_7_7, v9917    |
| stream          | variable=v9918 depth=9                  | kernel.cpp:18166 in pe_kernel_attn_out_7_7, v9918    |
| stream          | variable=v9919 depth=9                  | kernel.cpp:18167 in pe_kernel_attn_out_7_7, v9919    |
| stream          | variable=v9920 depth=9                  | kernel.cpp:18168 in pe_kernel_attn_out_7_7, v9920    |
| array_partition | variable=v9921 complete dim=1           | kernel.cpp:18169 in pe_kernel_attn_out_7_7, v9921    |
| array_partition | variable=v9921 complete dim=2           | kernel.cpp:18170 in pe_kernel_attn_out_7_7, v9921    |
| array_partition | variable=v9938 complete dim=1           | kernel.cpp:18202 in systolic_tile_attn_out, v9938    |
| array_partition | variable=v9939 complete dim=2           | kernel.cpp:18204 in systolic_tile_attn_out, v9939    |
| array_partition | variable=v9940 complete dim=1           | kernel.cpp:18206 in systolic_tile_attn_out, v9940    |
| array_partition | variable=v9940 complete dim=2           | kernel.cpp:18207 in systolic_tile_attn_out, v9940    |
| stream          | variable=A_fifo6 depth=9                | kernel.cpp:18210 in systolic_tile_attn_out, A_fifo6  |
| stream          | variable=B_fifo6 depth=9                | kernel.cpp:18212 in systolic_tile_attn_out, B_fifo6  |
| array_partition | variable=local_A6 complete dim=1        | kernel.cpp:18563 in systolic_attn_out, local_A6      |
| array_partition | variable=local_B6 complete dim=2        | kernel.cpp:18566 in systolic_attn_out, local_B6      |
| array_partition | variable=local_C6 complete dim=1        | kernel.cpp:18569 in systolic_attn_out, local_C6      |
| array_partition | variable=local_C6 complete dim=2        | kernel.cpp:18570 in systolic_attn_out, local_C6      |
| pipeline        | II=1                                    | kernel.cpp:18577 in systolic_attn_out                |
| pipeline        | II=1                                    | kernel.cpp:18588 in systolic_attn_out                |
| pipeline        | II=1                                    | kernel.cpp:18596 in systolic_attn_out                |
| stream          | variable=v10245 depth=9                 | kernel.cpp:18640 in pe_kernel_mlp1_0_0, v10245       |
| stream          | variable=v10246 depth=9                 | kernel.cpp:18641 in pe_kernel_mlp1_0_0, v10246       |
| stream          | variable=v10247 depth=9                 | kernel.cpp:18642 in pe_kernel_mlp1_0_0, v10247       |
| stream          | variable=v10248 depth=9                 | kernel.cpp:18643 in pe_kernel_mlp1_0_0, v10248       |
| array_partition | variable=v10249 complete dim=1          | kernel.cpp:18644 in pe_kernel_mlp1_0_0, v10249       |
| array_partition | variable=v10249 complete dim=2          | kernel.cpp:18645 in pe_kernel_mlp1_0_0, v10249       |
| stream          | variable=v10266 depth=9                 | kernel.cpp:18680 in pe_kernel_mlp1_1_0, v10266       |
| stream          | variable=v10267 depth=9                 | kernel.cpp:18681 in pe_kernel_mlp1_1_0, v10267       |
| stream          | variable=v10268 depth=9                 | kernel.cpp:18682 in pe_kernel_mlp1_1_0, v10268       |
| stream          | variable=v10269 depth=9                 | kernel.cpp:18683 in pe_kernel_mlp1_1_0, v10269       |
| array_partition | variable=v10270 complete dim=1          | kernel.cpp:18684 in pe_kernel_mlp1_1_0, v10270       |
| array_partition | variable=v10270 complete dim=2          | kernel.cpp:18685 in pe_kernel_mlp1_1_0, v10270       |
| stream          | variable=v10287 depth=9                 | kernel.cpp:18720 in pe_kernel_mlp1_2_0, v10287       |
| stream          | variable=v10288 depth=9                 | kernel.cpp:18721 in pe_kernel_mlp1_2_0, v10288       |
| stream          | variable=v10289 depth=9                 | kernel.cpp:18722 in pe_kernel_mlp1_2_0, v10289       |
| stream          | variable=v10290 depth=9                 | kernel.cpp:18723 in pe_kernel_mlp1_2_0, v10290       |
| array_partition | variable=v10291 complete dim=1          | kernel.cpp:18724 in pe_kernel_mlp1_2_0, v10291       |
| array_partition | variable=v10291 complete dim=2          | kernel.cpp:18725 in pe_kernel_mlp1_2_0, v10291       |
| stream          | variable=v10308 depth=9                 | kernel.cpp:18760 in pe_kernel_mlp1_3_0, v10308       |
| stream          | variable=v10309 depth=9                 | kernel.cpp:18761 in pe_kernel_mlp1_3_0, v10309       |
| stream          | variable=v10310 depth=9                 | kernel.cpp:18762 in pe_kernel_mlp1_3_0, v10310       |
| stream          | variable=v10311 depth=9                 | kernel.cpp:18763 in pe_kernel_mlp1_3_0, v10311       |
| array_partition | variable=v10312 complete dim=1          | kernel.cpp:18764 in pe_kernel_mlp1_3_0, v10312       |
| array_partition | variable=v10312 complete dim=2          | kernel.cpp:18765 in pe_kernel_mlp1_3_0, v10312       |
| stream          | variable=v10329 depth=9                 | kernel.cpp:18800 in pe_kernel_mlp1_4_0, v10329       |
| stream          | variable=v10330 depth=9                 | kernel.cpp:18801 in pe_kernel_mlp1_4_0, v10330       |
| stream          | variable=v10331 depth=9                 | kernel.cpp:18802 in pe_kernel_mlp1_4_0, v10331       |
| stream          | variable=v10332 depth=9                 | kernel.cpp:18803 in pe_kernel_mlp1_4_0, v10332       |
| array_partition | variable=v10333 complete dim=1          | kernel.cpp:18804 in pe_kernel_mlp1_4_0, v10333       |
| array_partition | variable=v10333 complete dim=2          | kernel.cpp:18805 in pe_kernel_mlp1_4_0, v10333       |
| stream          | variable=v10350 depth=9                 | kernel.cpp:18840 in pe_kernel_mlp1_5_0, v10350       |
| stream          | variable=v10351 depth=9                 | kernel.cpp:18841 in pe_kernel_mlp1_5_0, v10351       |
| stream          | variable=v10352 depth=9                 | kernel.cpp:18842 in pe_kernel_mlp1_5_0, v10352       |
| stream          | variable=v10353 depth=9                 | kernel.cpp:18843 in pe_kernel_mlp1_5_0, v10353       |
| array_partition | variable=v10354 complete dim=1          | kernel.cpp:18844 in pe_kernel_mlp1_5_0, v10354       |
| array_partition | variable=v10354 complete dim=2          | kernel.cpp:18845 in pe_kernel_mlp1_5_0, v10354       |
| stream          | variable=v10371 depth=9                 | kernel.cpp:18880 in pe_kernel_mlp1_6_0, v10371       |
| stream          | variable=v10372 depth=9                 | kernel.cpp:18881 in pe_kernel_mlp1_6_0, v10372       |
| stream          | variable=v10373 depth=9                 | kernel.cpp:18882 in pe_kernel_mlp1_6_0, v10373       |
| stream          | variable=v10374 depth=9                 | kernel.cpp:18883 in pe_kernel_mlp1_6_0, v10374       |
| array_partition | variable=v10375 complete dim=1          | kernel.cpp:18884 in pe_kernel_mlp1_6_0, v10375       |
| array_partition | variable=v10375 complete dim=2          | kernel.cpp:18885 in pe_kernel_mlp1_6_0, v10375       |
| stream          | variable=v10392 depth=9                 | kernel.cpp:18920 in pe_kernel_mlp1_7_0, v10392       |
| stream          | variable=v10393 depth=9                 | kernel.cpp:18921 in pe_kernel_mlp1_7_0, v10393       |
| stream          | variable=v10394 depth=9                 | kernel.cpp:18922 in pe_kernel_mlp1_7_0, v10394       |
| stream          | variable=v10395 depth=9                 | kernel.cpp:18923 in pe_kernel_mlp1_7_0, v10395       |
| array_partition | variable=v10396 complete dim=1          | kernel.cpp:18924 in pe_kernel_mlp1_7_0, v10396       |
| array_partition | variable=v10396 complete dim=2          | kernel.cpp:18925 in pe_kernel_mlp1_7_0, v10396       |
| stream          | variable=v10413 depth=9                 | kernel.cpp:18960 in pe_kernel_mlp1_0_1, v10413       |
| stream          | variable=v10414 depth=9                 | kernel.cpp:18961 in pe_kernel_mlp1_0_1, v10414       |
| stream          | variable=v10415 depth=9                 | kernel.cpp:18962 in pe_kernel_mlp1_0_1, v10415       |
| stream          | variable=v10416 depth=9                 | kernel.cpp:18963 in pe_kernel_mlp1_0_1, v10416       |
| array_partition | variable=v10417 complete dim=1          | kernel.cpp:18964 in pe_kernel_mlp1_0_1, v10417       |
| array_partition | variable=v10417 complete dim=2          | kernel.cpp:18965 in pe_kernel_mlp1_0_1, v10417       |
| stream          | variable=v10434 depth=9                 | kernel.cpp:19000 in pe_kernel_mlp1_1_1, v10434       |
| stream          | variable=v10435 depth=9                 | kernel.cpp:19001 in pe_kernel_mlp1_1_1, v10435       |
| stream          | variable=v10436 depth=9                 | kernel.cpp:19002 in pe_kernel_mlp1_1_1, v10436       |
| stream          | variable=v10437 depth=9                 | kernel.cpp:19003 in pe_kernel_mlp1_1_1, v10437       |
| array_partition | variable=v10438 complete dim=1          | kernel.cpp:19004 in pe_kernel_mlp1_1_1, v10438       |
| array_partition | variable=v10438 complete dim=2          | kernel.cpp:19005 in pe_kernel_mlp1_1_1, v10438       |
| stream          | variable=v10455 depth=9                 | kernel.cpp:19040 in pe_kernel_mlp1_2_1, v10455       |
| stream          | variable=v10456 depth=9                 | kernel.cpp:19041 in pe_kernel_mlp1_2_1, v10456       |
| stream          | variable=v10457 depth=9                 | kernel.cpp:19042 in pe_kernel_mlp1_2_1, v10457       |
| stream          | variable=v10458 depth=9                 | kernel.cpp:19043 in pe_kernel_mlp1_2_1, v10458       |
| array_partition | variable=v10459 complete dim=1          | kernel.cpp:19044 in pe_kernel_mlp1_2_1, v10459       |
| array_partition | variable=v10459 complete dim=2          | kernel.cpp:19045 in pe_kernel_mlp1_2_1, v10459       |
| stream          | variable=v10476 depth=9                 | kernel.cpp:19080 in pe_kernel_mlp1_3_1, v10476       |
| stream          | variable=v10477 depth=9                 | kernel.cpp:19081 in pe_kernel_mlp1_3_1, v10477       |
| stream          | variable=v10478 depth=9                 | kernel.cpp:19082 in pe_kernel_mlp1_3_1, v10478       |
| stream          | variable=v10479 depth=9                 | kernel.cpp:19083 in pe_kernel_mlp1_3_1, v10479       |
| array_partition | variable=v10480 complete dim=1          | kernel.cpp:19084 in pe_kernel_mlp1_3_1, v10480       |
| array_partition | variable=v10480 complete dim=2          | kernel.cpp:19085 in pe_kernel_mlp1_3_1, v10480       |
| stream          | variable=v10497 depth=9                 | kernel.cpp:19120 in pe_kernel_mlp1_4_1, v10497       |
| stream          | variable=v10498 depth=9                 | kernel.cpp:19121 in pe_kernel_mlp1_4_1, v10498       |
| stream          | variable=v10499 depth=9                 | kernel.cpp:19122 in pe_kernel_mlp1_4_1, v10499       |
| stream          | variable=v10500 depth=9                 | kernel.cpp:19123 in pe_kernel_mlp1_4_1, v10500       |
| array_partition | variable=v10501 complete dim=1          | kernel.cpp:19124 in pe_kernel_mlp1_4_1, v10501       |
| array_partition | variable=v10501 complete dim=2          | kernel.cpp:19125 in pe_kernel_mlp1_4_1, v10501       |
| stream          | variable=v10518 depth=9                 | kernel.cpp:19160 in pe_kernel_mlp1_5_1, v10518       |
| stream          | variable=v10519 depth=9                 | kernel.cpp:19161 in pe_kernel_mlp1_5_1, v10519       |
| stream          | variable=v10520 depth=9                 | kernel.cpp:19162 in pe_kernel_mlp1_5_1, v10520       |
| stream          | variable=v10521 depth=9                 | kernel.cpp:19163 in pe_kernel_mlp1_5_1, v10521       |
| array_partition | variable=v10522 complete dim=1          | kernel.cpp:19164 in pe_kernel_mlp1_5_1, v10522       |
| array_partition | variable=v10522 complete dim=2          | kernel.cpp:19165 in pe_kernel_mlp1_5_1, v10522       |
| stream          | variable=v10539 depth=9                 | kernel.cpp:19200 in pe_kernel_mlp1_6_1, v10539       |
| stream          | variable=v10540 depth=9                 | kernel.cpp:19201 in pe_kernel_mlp1_6_1, v10540       |
| stream          | variable=v10541 depth=9                 | kernel.cpp:19202 in pe_kernel_mlp1_6_1, v10541       |
| stream          | variable=v10542 depth=9                 | kernel.cpp:19203 in pe_kernel_mlp1_6_1, v10542       |
| array_partition | variable=v10543 complete dim=1          | kernel.cpp:19204 in pe_kernel_mlp1_6_1, v10543       |
| array_partition | variable=v10543 complete dim=2          | kernel.cpp:19205 in pe_kernel_mlp1_6_1, v10543       |
| stream          | variable=v10560 depth=9                 | kernel.cpp:19240 in pe_kernel_mlp1_7_1, v10560       |
| stream          | variable=v10561 depth=9                 | kernel.cpp:19241 in pe_kernel_mlp1_7_1, v10561       |
| stream          | variable=v10562 depth=9                 | kernel.cpp:19242 in pe_kernel_mlp1_7_1, v10562       |
| stream          | variable=v10563 depth=9                 | kernel.cpp:19243 in pe_kernel_mlp1_7_1, v10563       |
| array_partition | variable=v10564 complete dim=1          | kernel.cpp:19244 in pe_kernel_mlp1_7_1, v10564       |
| array_partition | variable=v10564 complete dim=2          | kernel.cpp:19245 in pe_kernel_mlp1_7_1, v10564       |
| stream          | variable=v10581 depth=9                 | kernel.cpp:19280 in pe_kernel_mlp1_0_2, v10581       |
| stream          | variable=v10582 depth=9                 | kernel.cpp:19281 in pe_kernel_mlp1_0_2, v10582       |
| stream          | variable=v10583 depth=9                 | kernel.cpp:19282 in pe_kernel_mlp1_0_2, v10583       |
| stream          | variable=v10584 depth=9                 | kernel.cpp:19283 in pe_kernel_mlp1_0_2, v10584       |
| array_partition | variable=v10585 complete dim=1          | kernel.cpp:19284 in pe_kernel_mlp1_0_2, v10585       |
| array_partition | variable=v10585 complete dim=2          | kernel.cpp:19285 in pe_kernel_mlp1_0_2, v10585       |
| stream          | variable=v10602 depth=9                 | kernel.cpp:19320 in pe_kernel_mlp1_1_2, v10602       |
| stream          | variable=v10603 depth=9                 | kernel.cpp:19321 in pe_kernel_mlp1_1_2, v10603       |
| stream          | variable=v10604 depth=9                 | kernel.cpp:19322 in pe_kernel_mlp1_1_2, v10604       |
| stream          | variable=v10605 depth=9                 | kernel.cpp:19323 in pe_kernel_mlp1_1_2, v10605       |
| array_partition | variable=v10606 complete dim=1          | kernel.cpp:19324 in pe_kernel_mlp1_1_2, v10606       |
| array_partition | variable=v10606 complete dim=2          | kernel.cpp:19325 in pe_kernel_mlp1_1_2, v10606       |
| stream          | variable=v10623 depth=9                 | kernel.cpp:19360 in pe_kernel_mlp1_2_2, v10623       |
| stream          | variable=v10624 depth=9                 | kernel.cpp:19361 in pe_kernel_mlp1_2_2, v10624       |
| stream          | variable=v10625 depth=9                 | kernel.cpp:19362 in pe_kernel_mlp1_2_2, v10625       |
| stream          | variable=v10626 depth=9                 | kernel.cpp:19363 in pe_kernel_mlp1_2_2, v10626       |
| array_partition | variable=v10627 complete dim=1          | kernel.cpp:19364 in pe_kernel_mlp1_2_2, v10627       |
| array_partition | variable=v10627 complete dim=2          | kernel.cpp:19365 in pe_kernel_mlp1_2_2, v10627       |
| stream          | variable=v10644 depth=9                 | kernel.cpp:19400 in pe_kernel_mlp1_3_2, v10644       |
| stream          | variable=v10645 depth=9                 | kernel.cpp:19401 in pe_kernel_mlp1_3_2, v10645       |
| stream          | variable=v10646 depth=9                 | kernel.cpp:19402 in pe_kernel_mlp1_3_2, v10646       |
| stream          | variable=v10647 depth=9                 | kernel.cpp:19403 in pe_kernel_mlp1_3_2, v10647       |
| array_partition | variable=v10648 complete dim=1          | kernel.cpp:19404 in pe_kernel_mlp1_3_2, v10648       |
| array_partition | variable=v10648 complete dim=2          | kernel.cpp:19405 in pe_kernel_mlp1_3_2, v10648       |
| stream          | variable=v10665 depth=9                 | kernel.cpp:19440 in pe_kernel_mlp1_4_2, v10665       |
| stream          | variable=v10666 depth=9                 | kernel.cpp:19441 in pe_kernel_mlp1_4_2, v10666       |
| stream          | variable=v10667 depth=9                 | kernel.cpp:19442 in pe_kernel_mlp1_4_2, v10667       |
| stream          | variable=v10668 depth=9                 | kernel.cpp:19443 in pe_kernel_mlp1_4_2, v10668       |
| array_partition | variable=v10669 complete dim=1          | kernel.cpp:19444 in pe_kernel_mlp1_4_2, v10669       |
| array_partition | variable=v10669 complete dim=2          | kernel.cpp:19445 in pe_kernel_mlp1_4_2, v10669       |
| stream          | variable=v10686 depth=9                 | kernel.cpp:19480 in pe_kernel_mlp1_5_2, v10686       |
| stream          | variable=v10687 depth=9                 | kernel.cpp:19481 in pe_kernel_mlp1_5_2, v10687       |
| stream          | variable=v10688 depth=9                 | kernel.cpp:19482 in pe_kernel_mlp1_5_2, v10688       |
| stream          | variable=v10689 depth=9                 | kernel.cpp:19483 in pe_kernel_mlp1_5_2, v10689       |
| array_partition | variable=v10690 complete dim=1          | kernel.cpp:19484 in pe_kernel_mlp1_5_2, v10690       |
| array_partition | variable=v10690 complete dim=2          | kernel.cpp:19485 in pe_kernel_mlp1_5_2, v10690       |
| stream          | variable=v10707 depth=9                 | kernel.cpp:19520 in pe_kernel_mlp1_6_2, v10707       |
| stream          | variable=v10708 depth=9                 | kernel.cpp:19521 in pe_kernel_mlp1_6_2, v10708       |
| stream          | variable=v10709 depth=9                 | kernel.cpp:19522 in pe_kernel_mlp1_6_2, v10709       |
| stream          | variable=v10710 depth=9                 | kernel.cpp:19523 in pe_kernel_mlp1_6_2, v10710       |
| array_partition | variable=v10711 complete dim=1          | kernel.cpp:19524 in pe_kernel_mlp1_6_2, v10711       |
| array_partition | variable=v10711 complete dim=2          | kernel.cpp:19525 in pe_kernel_mlp1_6_2, v10711       |
| stream          | variable=v10728 depth=9                 | kernel.cpp:19560 in pe_kernel_mlp1_7_2, v10728       |
| stream          | variable=v10729 depth=9                 | kernel.cpp:19561 in pe_kernel_mlp1_7_2, v10729       |
| stream          | variable=v10730 depth=9                 | kernel.cpp:19562 in pe_kernel_mlp1_7_2, v10730       |
| stream          | variable=v10731 depth=9                 | kernel.cpp:19563 in pe_kernel_mlp1_7_2, v10731       |
| array_partition | variable=v10732 complete dim=1          | kernel.cpp:19564 in pe_kernel_mlp1_7_2, v10732       |
| array_partition | variable=v10732 complete dim=2          | kernel.cpp:19565 in pe_kernel_mlp1_7_2, v10732       |
| stream          | variable=v10749 depth=9                 | kernel.cpp:19600 in pe_kernel_mlp1_0_3, v10749       |
| stream          | variable=v10750 depth=9                 | kernel.cpp:19601 in pe_kernel_mlp1_0_3, v10750       |
| stream          | variable=v10751 depth=9                 | kernel.cpp:19602 in pe_kernel_mlp1_0_3, v10751       |
| stream          | variable=v10752 depth=9                 | kernel.cpp:19603 in pe_kernel_mlp1_0_3, v10752       |
| array_partition | variable=v10753 complete dim=1          | kernel.cpp:19604 in pe_kernel_mlp1_0_3, v10753       |
| array_partition | variable=v10753 complete dim=2          | kernel.cpp:19605 in pe_kernel_mlp1_0_3, v10753       |
| stream          | variable=v10770 depth=9                 | kernel.cpp:19640 in pe_kernel_mlp1_1_3, v10770       |
| stream          | variable=v10771 depth=9                 | kernel.cpp:19641 in pe_kernel_mlp1_1_3, v10771       |
| stream          | variable=v10772 depth=9                 | kernel.cpp:19642 in pe_kernel_mlp1_1_3, v10772       |
| stream          | variable=v10773 depth=9                 | kernel.cpp:19643 in pe_kernel_mlp1_1_3, v10773       |
| array_partition | variable=v10774 complete dim=1          | kernel.cpp:19644 in pe_kernel_mlp1_1_3, v10774       |
| array_partition | variable=v10774 complete dim=2          | kernel.cpp:19645 in pe_kernel_mlp1_1_3, v10774       |
| stream          | variable=v10791 depth=9                 | kernel.cpp:19680 in pe_kernel_mlp1_2_3, v10791       |
| stream          | variable=v10792 depth=9                 | kernel.cpp:19681 in pe_kernel_mlp1_2_3, v10792       |
| stream          | variable=v10793 depth=9                 | kernel.cpp:19682 in pe_kernel_mlp1_2_3, v10793       |
| stream          | variable=v10794 depth=9                 | kernel.cpp:19683 in pe_kernel_mlp1_2_3, v10794       |
| array_partition | variable=v10795 complete dim=1          | kernel.cpp:19684 in pe_kernel_mlp1_2_3, v10795       |
| array_partition | variable=v10795 complete dim=2          | kernel.cpp:19685 in pe_kernel_mlp1_2_3, v10795       |
| stream          | variable=v10812 depth=9                 | kernel.cpp:19720 in pe_kernel_mlp1_3_3, v10812       |
| stream          | variable=v10813 depth=9                 | kernel.cpp:19721 in pe_kernel_mlp1_3_3, v10813       |
| stream          | variable=v10814 depth=9                 | kernel.cpp:19722 in pe_kernel_mlp1_3_3, v10814       |
| stream          | variable=v10815 depth=9                 | kernel.cpp:19723 in pe_kernel_mlp1_3_3, v10815       |
| array_partition | variable=v10816 complete dim=1          | kernel.cpp:19724 in pe_kernel_mlp1_3_3, v10816       |
| array_partition | variable=v10816 complete dim=2          | kernel.cpp:19725 in pe_kernel_mlp1_3_3, v10816       |
| stream          | variable=v10833 depth=9                 | kernel.cpp:19760 in pe_kernel_mlp1_4_3, v10833       |
| stream          | variable=v10834 depth=9                 | kernel.cpp:19761 in pe_kernel_mlp1_4_3, v10834       |
| stream          | variable=v10835 depth=9                 | kernel.cpp:19762 in pe_kernel_mlp1_4_3, v10835       |
| stream          | variable=v10836 depth=9                 | kernel.cpp:19763 in pe_kernel_mlp1_4_3, v10836       |
| array_partition | variable=v10837 complete dim=1          | kernel.cpp:19764 in pe_kernel_mlp1_4_3, v10837       |
| array_partition | variable=v10837 complete dim=2          | kernel.cpp:19765 in pe_kernel_mlp1_4_3, v10837       |
| stream          | variable=v10854 depth=9                 | kernel.cpp:19800 in pe_kernel_mlp1_5_3, v10854       |
| stream          | variable=v10855 depth=9                 | kernel.cpp:19801 in pe_kernel_mlp1_5_3, v10855       |
| stream          | variable=v10856 depth=9                 | kernel.cpp:19802 in pe_kernel_mlp1_5_3, v10856       |
| stream          | variable=v10857 depth=9                 | kernel.cpp:19803 in pe_kernel_mlp1_5_3, v10857       |
| array_partition | variable=v10858 complete dim=1          | kernel.cpp:19804 in pe_kernel_mlp1_5_3, v10858       |
| array_partition | variable=v10858 complete dim=2          | kernel.cpp:19805 in pe_kernel_mlp1_5_3, v10858       |
| stream          | variable=v10875 depth=9                 | kernel.cpp:19840 in pe_kernel_mlp1_6_3, v10875       |
| stream          | variable=v10876 depth=9                 | kernel.cpp:19841 in pe_kernel_mlp1_6_3, v10876       |
| stream          | variable=v10877 depth=9                 | kernel.cpp:19842 in pe_kernel_mlp1_6_3, v10877       |
| stream          | variable=v10878 depth=9                 | kernel.cpp:19843 in pe_kernel_mlp1_6_3, v10878       |
| array_partition | variable=v10879 complete dim=1          | kernel.cpp:19844 in pe_kernel_mlp1_6_3, v10879       |
| array_partition | variable=v10879 complete dim=2          | kernel.cpp:19845 in pe_kernel_mlp1_6_3, v10879       |
| stream          | variable=v10896 depth=9                 | kernel.cpp:19880 in pe_kernel_mlp1_7_3, v10896       |
| stream          | variable=v10897 depth=9                 | kernel.cpp:19881 in pe_kernel_mlp1_7_3, v10897       |
| stream          | variable=v10898 depth=9                 | kernel.cpp:19882 in pe_kernel_mlp1_7_3, v10898       |
| stream          | variable=v10899 depth=9                 | kernel.cpp:19883 in pe_kernel_mlp1_7_3, v10899       |
| array_partition | variable=v10900 complete dim=1          | kernel.cpp:19884 in pe_kernel_mlp1_7_3, v10900       |
| array_partition | variable=v10900 complete dim=2          | kernel.cpp:19885 in pe_kernel_mlp1_7_3, v10900       |
| stream          | variable=v10917 depth=9                 | kernel.cpp:19920 in pe_kernel_mlp1_0_4, v10917       |
| stream          | variable=v10918 depth=9                 | kernel.cpp:19921 in pe_kernel_mlp1_0_4, v10918       |
| stream          | variable=v10919 depth=9                 | kernel.cpp:19922 in pe_kernel_mlp1_0_4, v10919       |
| stream          | variable=v10920 depth=9                 | kernel.cpp:19923 in pe_kernel_mlp1_0_4, v10920       |
| array_partition | variable=v10921 complete dim=1          | kernel.cpp:19924 in pe_kernel_mlp1_0_4, v10921       |
| array_partition | variable=v10921 complete dim=2          | kernel.cpp:19925 in pe_kernel_mlp1_0_4, v10921       |
| stream          | variable=v10938 depth=9                 | kernel.cpp:19960 in pe_kernel_mlp1_1_4, v10938       |
| stream          | variable=v10939 depth=9                 | kernel.cpp:19961 in pe_kernel_mlp1_1_4, v10939       |
| stream          | variable=v10940 depth=9                 | kernel.cpp:19962 in pe_kernel_mlp1_1_4, v10940       |
| stream          | variable=v10941 depth=9                 | kernel.cpp:19963 in pe_kernel_mlp1_1_4, v10941       |
| array_partition | variable=v10942 complete dim=1          | kernel.cpp:19964 in pe_kernel_mlp1_1_4, v10942       |
| array_partition | variable=v10942 complete dim=2          | kernel.cpp:19965 in pe_kernel_mlp1_1_4, v10942       |
| stream          | variable=v10959 depth=9                 | kernel.cpp:20000 in pe_kernel_mlp1_2_4, v10959       |
| stream          | variable=v10960 depth=9                 | kernel.cpp:20001 in pe_kernel_mlp1_2_4, v10960       |
| stream          | variable=v10961 depth=9                 | kernel.cpp:20002 in pe_kernel_mlp1_2_4, v10961       |
| stream          | variable=v10962 depth=9                 | kernel.cpp:20003 in pe_kernel_mlp1_2_4, v10962       |
| array_partition | variable=v10963 complete dim=1          | kernel.cpp:20004 in pe_kernel_mlp1_2_4, v10963       |
| array_partition | variable=v10963 complete dim=2          | kernel.cpp:20005 in pe_kernel_mlp1_2_4, v10963       |
| stream          | variable=v10980 depth=9                 | kernel.cpp:20040 in pe_kernel_mlp1_3_4, v10980       |
| stream          | variable=v10981 depth=9                 | kernel.cpp:20041 in pe_kernel_mlp1_3_4, v10981       |
| stream          | variable=v10982 depth=9                 | kernel.cpp:20042 in pe_kernel_mlp1_3_4, v10982       |
| stream          | variable=v10983 depth=9                 | kernel.cpp:20043 in pe_kernel_mlp1_3_4, v10983       |
| array_partition | variable=v10984 complete dim=1          | kernel.cpp:20044 in pe_kernel_mlp1_3_4, v10984       |
| array_partition | variable=v10984 complete dim=2          | kernel.cpp:20045 in pe_kernel_mlp1_3_4, v10984       |
| stream          | variable=v11001 depth=9                 | kernel.cpp:20080 in pe_kernel_mlp1_4_4, v11001       |
| stream          | variable=v11002 depth=9                 | kernel.cpp:20081 in pe_kernel_mlp1_4_4, v11002       |
| stream          | variable=v11003 depth=9                 | kernel.cpp:20082 in pe_kernel_mlp1_4_4, v11003       |
| stream          | variable=v11004 depth=9                 | kernel.cpp:20083 in pe_kernel_mlp1_4_4, v11004       |
| array_partition | variable=v11005 complete dim=1          | kernel.cpp:20084 in pe_kernel_mlp1_4_4, v11005       |
| array_partition | variable=v11005 complete dim=2          | kernel.cpp:20085 in pe_kernel_mlp1_4_4, v11005       |
| stream          | variable=v11022 depth=9                 | kernel.cpp:20120 in pe_kernel_mlp1_5_4, v11022       |
| stream          | variable=v11023 depth=9                 | kernel.cpp:20121 in pe_kernel_mlp1_5_4, v11023       |
| stream          | variable=v11024 depth=9                 | kernel.cpp:20122 in pe_kernel_mlp1_5_4, v11024       |
| stream          | variable=v11025 depth=9                 | kernel.cpp:20123 in pe_kernel_mlp1_5_4, v11025       |
| array_partition | variable=v11026 complete dim=1          | kernel.cpp:20124 in pe_kernel_mlp1_5_4, v11026       |
| array_partition | variable=v11026 complete dim=2          | kernel.cpp:20125 in pe_kernel_mlp1_5_4, v11026       |
| stream          | variable=v11043 depth=9                 | kernel.cpp:20160 in pe_kernel_mlp1_6_4, v11043       |
| stream          | variable=v11044 depth=9                 | kernel.cpp:20161 in pe_kernel_mlp1_6_4, v11044       |
| stream          | variable=v11045 depth=9                 | kernel.cpp:20162 in pe_kernel_mlp1_6_4, v11045       |
| stream          | variable=v11046 depth=9                 | kernel.cpp:20163 in pe_kernel_mlp1_6_4, v11046       |
| array_partition | variable=v11047 complete dim=1          | kernel.cpp:20164 in pe_kernel_mlp1_6_4, v11047       |
| array_partition | variable=v11047 complete dim=2          | kernel.cpp:20165 in pe_kernel_mlp1_6_4, v11047       |
| stream          | variable=v11064 depth=9                 | kernel.cpp:20200 in pe_kernel_mlp1_7_4, v11064       |
| stream          | variable=v11065 depth=9                 | kernel.cpp:20201 in pe_kernel_mlp1_7_4, v11065       |
| stream          | variable=v11066 depth=9                 | kernel.cpp:20202 in pe_kernel_mlp1_7_4, v11066       |
| stream          | variable=v11067 depth=9                 | kernel.cpp:20203 in pe_kernel_mlp1_7_4, v11067       |
| array_partition | variable=v11068 complete dim=1          | kernel.cpp:20204 in pe_kernel_mlp1_7_4, v11068       |
| array_partition | variable=v11068 complete dim=2          | kernel.cpp:20205 in pe_kernel_mlp1_7_4, v11068       |
| stream          | variable=v11085 depth=9                 | kernel.cpp:20240 in pe_kernel_mlp1_0_5, v11085       |
| stream          | variable=v11086 depth=9                 | kernel.cpp:20241 in pe_kernel_mlp1_0_5, v11086       |
| stream          | variable=v11087 depth=9                 | kernel.cpp:20242 in pe_kernel_mlp1_0_5, v11087       |
| stream          | variable=v11088 depth=9                 | kernel.cpp:20243 in pe_kernel_mlp1_0_5, v11088       |
| array_partition | variable=v11089 complete dim=1          | kernel.cpp:20244 in pe_kernel_mlp1_0_5, v11089       |
| array_partition | variable=v11089 complete dim=2          | kernel.cpp:20245 in pe_kernel_mlp1_0_5, v11089       |
| stream          | variable=v11106 depth=9                 | kernel.cpp:20280 in pe_kernel_mlp1_1_5, v11106       |
| stream          | variable=v11107 depth=9                 | kernel.cpp:20281 in pe_kernel_mlp1_1_5, v11107       |
| stream          | variable=v11108 depth=9                 | kernel.cpp:20282 in pe_kernel_mlp1_1_5, v11108       |
| stream          | variable=v11109 depth=9                 | kernel.cpp:20283 in pe_kernel_mlp1_1_5, v11109       |
| array_partition | variable=v11110 complete dim=1          | kernel.cpp:20284 in pe_kernel_mlp1_1_5, v11110       |
| array_partition | variable=v11110 complete dim=2          | kernel.cpp:20285 in pe_kernel_mlp1_1_5, v11110       |
| stream          | variable=v11127 depth=9                 | kernel.cpp:20320 in pe_kernel_mlp1_2_5, v11127       |
| stream          | variable=v11128 depth=9                 | kernel.cpp:20321 in pe_kernel_mlp1_2_5, v11128       |
| stream          | variable=v11129 depth=9                 | kernel.cpp:20322 in pe_kernel_mlp1_2_5, v11129       |
| stream          | variable=v11130 depth=9                 | kernel.cpp:20323 in pe_kernel_mlp1_2_5, v11130       |
| array_partition | variable=v11131 complete dim=1          | kernel.cpp:20324 in pe_kernel_mlp1_2_5, v11131       |
| array_partition | variable=v11131 complete dim=2          | kernel.cpp:20325 in pe_kernel_mlp1_2_5, v11131       |
| stream          | variable=v11148 depth=9                 | kernel.cpp:20360 in pe_kernel_mlp1_3_5, v11148       |
| stream          | variable=v11149 depth=9                 | kernel.cpp:20361 in pe_kernel_mlp1_3_5, v11149       |
| stream          | variable=v11150 depth=9                 | kernel.cpp:20362 in pe_kernel_mlp1_3_5, v11150       |
| stream          | variable=v11151 depth=9                 | kernel.cpp:20363 in pe_kernel_mlp1_3_5, v11151       |
| array_partition | variable=v11152 complete dim=1          | kernel.cpp:20364 in pe_kernel_mlp1_3_5, v11152       |
| array_partition | variable=v11152 complete dim=2          | kernel.cpp:20365 in pe_kernel_mlp1_3_5, v11152       |
| stream          | variable=v11169 depth=9                 | kernel.cpp:20400 in pe_kernel_mlp1_4_5, v11169       |
| stream          | variable=v11170 depth=9                 | kernel.cpp:20401 in pe_kernel_mlp1_4_5, v11170       |
| stream          | variable=v11171 depth=9                 | kernel.cpp:20402 in pe_kernel_mlp1_4_5, v11171       |
| stream          | variable=v11172 depth=9                 | kernel.cpp:20403 in pe_kernel_mlp1_4_5, v11172       |
| array_partition | variable=v11173 complete dim=1          | kernel.cpp:20404 in pe_kernel_mlp1_4_5, v11173       |
| array_partition | variable=v11173 complete dim=2          | kernel.cpp:20405 in pe_kernel_mlp1_4_5, v11173       |
| stream          | variable=v11190 depth=9                 | kernel.cpp:20440 in pe_kernel_mlp1_5_5, v11190       |
| stream          | variable=v11191 depth=9                 | kernel.cpp:20441 in pe_kernel_mlp1_5_5, v11191       |
| stream          | variable=v11192 depth=9                 | kernel.cpp:20442 in pe_kernel_mlp1_5_5, v11192       |
| stream          | variable=v11193 depth=9                 | kernel.cpp:20443 in pe_kernel_mlp1_5_5, v11193       |
| array_partition | variable=v11194 complete dim=1          | kernel.cpp:20444 in pe_kernel_mlp1_5_5, v11194       |
| array_partition | variable=v11194 complete dim=2          | kernel.cpp:20445 in pe_kernel_mlp1_5_5, v11194       |
| stream          | variable=v11211 depth=9                 | kernel.cpp:20480 in pe_kernel_mlp1_6_5, v11211       |
| stream          | variable=v11212 depth=9                 | kernel.cpp:20481 in pe_kernel_mlp1_6_5, v11212       |
| stream          | variable=v11213 depth=9                 | kernel.cpp:20482 in pe_kernel_mlp1_6_5, v11213       |
| stream          | variable=v11214 depth=9                 | kernel.cpp:20483 in pe_kernel_mlp1_6_5, v11214       |
| array_partition | variable=v11215 complete dim=1          | kernel.cpp:20484 in pe_kernel_mlp1_6_5, v11215       |
| array_partition | variable=v11215 complete dim=2          | kernel.cpp:20485 in pe_kernel_mlp1_6_5, v11215       |
| stream          | variable=v11232 depth=9                 | kernel.cpp:20520 in pe_kernel_mlp1_7_5, v11232       |
| stream          | variable=v11233 depth=9                 | kernel.cpp:20521 in pe_kernel_mlp1_7_5, v11233       |
| stream          | variable=v11234 depth=9                 | kernel.cpp:20522 in pe_kernel_mlp1_7_5, v11234       |
| stream          | variable=v11235 depth=9                 | kernel.cpp:20523 in pe_kernel_mlp1_7_5, v11235       |
| array_partition | variable=v11236 complete dim=1          | kernel.cpp:20524 in pe_kernel_mlp1_7_5, v11236       |
| array_partition | variable=v11236 complete dim=2          | kernel.cpp:20525 in pe_kernel_mlp1_7_5, v11236       |
| stream          | variable=v11253 depth=9                 | kernel.cpp:20560 in pe_kernel_mlp1_0_6, v11253       |
| stream          | variable=v11254 depth=9                 | kernel.cpp:20561 in pe_kernel_mlp1_0_6, v11254       |
| stream          | variable=v11255 depth=9                 | kernel.cpp:20562 in pe_kernel_mlp1_0_6, v11255       |
| stream          | variable=v11256 depth=9                 | kernel.cpp:20563 in pe_kernel_mlp1_0_6, v11256       |
| array_partition | variable=v11257 complete dim=1          | kernel.cpp:20564 in pe_kernel_mlp1_0_6, v11257       |
| array_partition | variable=v11257 complete dim=2          | kernel.cpp:20565 in pe_kernel_mlp1_0_6, v11257       |
| stream          | variable=v11274 depth=9                 | kernel.cpp:20600 in pe_kernel_mlp1_1_6, v11274       |
| stream          | variable=v11275 depth=9                 | kernel.cpp:20601 in pe_kernel_mlp1_1_6, v11275       |
| stream          | variable=v11276 depth=9                 | kernel.cpp:20602 in pe_kernel_mlp1_1_6, v11276       |
| stream          | variable=v11277 depth=9                 | kernel.cpp:20603 in pe_kernel_mlp1_1_6, v11277       |
| array_partition | variable=v11278 complete dim=1          | kernel.cpp:20604 in pe_kernel_mlp1_1_6, v11278       |
| array_partition | variable=v11278 complete dim=2          | kernel.cpp:20605 in pe_kernel_mlp1_1_6, v11278       |
| stream          | variable=v11295 depth=9                 | kernel.cpp:20640 in pe_kernel_mlp1_2_6, v11295       |
| stream          | variable=v11296 depth=9                 | kernel.cpp:20641 in pe_kernel_mlp1_2_6, v11296       |
| stream          | variable=v11297 depth=9                 | kernel.cpp:20642 in pe_kernel_mlp1_2_6, v11297       |
| stream          | variable=v11298 depth=9                 | kernel.cpp:20643 in pe_kernel_mlp1_2_6, v11298       |
| array_partition | variable=v11299 complete dim=1          | kernel.cpp:20644 in pe_kernel_mlp1_2_6, v11299       |
| array_partition | variable=v11299 complete dim=2          | kernel.cpp:20645 in pe_kernel_mlp1_2_6, v11299       |
| stream          | variable=v11316 depth=9                 | kernel.cpp:20680 in pe_kernel_mlp1_3_6, v11316       |
| stream          | variable=v11317 depth=9                 | kernel.cpp:20681 in pe_kernel_mlp1_3_6, v11317       |
| stream          | variable=v11318 depth=9                 | kernel.cpp:20682 in pe_kernel_mlp1_3_6, v11318       |
| stream          | variable=v11319 depth=9                 | kernel.cpp:20683 in pe_kernel_mlp1_3_6, v11319       |
| array_partition | variable=v11320 complete dim=1          | kernel.cpp:20684 in pe_kernel_mlp1_3_6, v11320       |
| array_partition | variable=v11320 complete dim=2          | kernel.cpp:20685 in pe_kernel_mlp1_3_6, v11320       |
| stream          | variable=v11337 depth=9                 | kernel.cpp:20720 in pe_kernel_mlp1_4_6, v11337       |
| stream          | variable=v11338 depth=9                 | kernel.cpp:20721 in pe_kernel_mlp1_4_6, v11338       |
| stream          | variable=v11339 depth=9                 | kernel.cpp:20722 in pe_kernel_mlp1_4_6, v11339       |
| stream          | variable=v11340 depth=9                 | kernel.cpp:20723 in pe_kernel_mlp1_4_6, v11340       |
| array_partition | variable=v11341 complete dim=1          | kernel.cpp:20724 in pe_kernel_mlp1_4_6, v11341       |
| array_partition | variable=v11341 complete dim=2          | kernel.cpp:20725 in pe_kernel_mlp1_4_6, v11341       |
| stream          | variable=v11358 depth=9                 | kernel.cpp:20760 in pe_kernel_mlp1_5_6, v11358       |
| stream          | variable=v11359 depth=9                 | kernel.cpp:20761 in pe_kernel_mlp1_5_6, v11359       |
| stream          | variable=v11360 depth=9                 | kernel.cpp:20762 in pe_kernel_mlp1_5_6, v11360       |
| stream          | variable=v11361 depth=9                 | kernel.cpp:20763 in pe_kernel_mlp1_5_6, v11361       |
| array_partition | variable=v11362 complete dim=1          | kernel.cpp:20764 in pe_kernel_mlp1_5_6, v11362       |
| array_partition | variable=v11362 complete dim=2          | kernel.cpp:20765 in pe_kernel_mlp1_5_6, v11362       |
| stream          | variable=v11379 depth=9                 | kernel.cpp:20800 in pe_kernel_mlp1_6_6, v11379       |
| stream          | variable=v11380 depth=9                 | kernel.cpp:20801 in pe_kernel_mlp1_6_6, v11380       |
| stream          | variable=v11381 depth=9                 | kernel.cpp:20802 in pe_kernel_mlp1_6_6, v11381       |
| stream          | variable=v11382 depth=9                 | kernel.cpp:20803 in pe_kernel_mlp1_6_6, v11382       |
| array_partition | variable=v11383 complete dim=1          | kernel.cpp:20804 in pe_kernel_mlp1_6_6, v11383       |
| array_partition | variable=v11383 complete dim=2          | kernel.cpp:20805 in pe_kernel_mlp1_6_6, v11383       |
| stream          | variable=v11400 depth=9                 | kernel.cpp:20840 in pe_kernel_mlp1_7_6, v11400       |
| stream          | variable=v11401 depth=9                 | kernel.cpp:20841 in pe_kernel_mlp1_7_6, v11401       |
| stream          | variable=v11402 depth=9                 | kernel.cpp:20842 in pe_kernel_mlp1_7_6, v11402       |
| stream          | variable=v11403 depth=9                 | kernel.cpp:20843 in pe_kernel_mlp1_7_6, v11403       |
| array_partition | variable=v11404 complete dim=1          | kernel.cpp:20844 in pe_kernel_mlp1_7_6, v11404       |
| array_partition | variable=v11404 complete dim=2          | kernel.cpp:20845 in pe_kernel_mlp1_7_6, v11404       |
| stream          | variable=v11421 depth=9                 | kernel.cpp:20880 in pe_kernel_mlp1_0_7, v11421       |
| stream          | variable=v11422 depth=9                 | kernel.cpp:20881 in pe_kernel_mlp1_0_7, v11422       |
| stream          | variable=v11423 depth=9                 | kernel.cpp:20882 in pe_kernel_mlp1_0_7, v11423       |
| stream          | variable=v11424 depth=9                 | kernel.cpp:20883 in pe_kernel_mlp1_0_7, v11424       |
| array_partition | variable=v11425 complete dim=1          | kernel.cpp:20884 in pe_kernel_mlp1_0_7, v11425       |
| array_partition | variable=v11425 complete dim=2          | kernel.cpp:20885 in pe_kernel_mlp1_0_7, v11425       |
| stream          | variable=v11442 depth=9                 | kernel.cpp:20920 in pe_kernel_mlp1_1_7, v11442       |
| stream          | variable=v11443 depth=9                 | kernel.cpp:20921 in pe_kernel_mlp1_1_7, v11443       |
| stream          | variable=v11444 depth=9                 | kernel.cpp:20922 in pe_kernel_mlp1_1_7, v11444       |
| stream          | variable=v11445 depth=9                 | kernel.cpp:20923 in pe_kernel_mlp1_1_7, v11445       |
| array_partition | variable=v11446 complete dim=1          | kernel.cpp:20924 in pe_kernel_mlp1_1_7, v11446       |
| array_partition | variable=v11446 complete dim=2          | kernel.cpp:20925 in pe_kernel_mlp1_1_7, v11446       |
| stream          | variable=v11463 depth=9                 | kernel.cpp:20960 in pe_kernel_mlp1_2_7, v11463       |
| stream          | variable=v11464 depth=9                 | kernel.cpp:20961 in pe_kernel_mlp1_2_7, v11464       |
| stream          | variable=v11465 depth=9                 | kernel.cpp:20962 in pe_kernel_mlp1_2_7, v11465       |
| stream          | variable=v11466 depth=9                 | kernel.cpp:20963 in pe_kernel_mlp1_2_7, v11466       |
| array_partition | variable=v11467 complete dim=1          | kernel.cpp:20964 in pe_kernel_mlp1_2_7, v11467       |
| array_partition | variable=v11467 complete dim=2          | kernel.cpp:20965 in pe_kernel_mlp1_2_7, v11467       |
| stream          | variable=v11484 depth=9                 | kernel.cpp:21000 in pe_kernel_mlp1_3_7, v11484       |
| stream          | variable=v11485 depth=9                 | kernel.cpp:21001 in pe_kernel_mlp1_3_7, v11485       |
| stream          | variable=v11486 depth=9                 | kernel.cpp:21002 in pe_kernel_mlp1_3_7, v11486       |
| stream          | variable=v11487 depth=9                 | kernel.cpp:21003 in pe_kernel_mlp1_3_7, v11487       |
| array_partition | variable=v11488 complete dim=1          | kernel.cpp:21004 in pe_kernel_mlp1_3_7, v11488       |
| array_partition | variable=v11488 complete dim=2          | kernel.cpp:21005 in pe_kernel_mlp1_3_7, v11488       |
| stream          | variable=v11505 depth=9                 | kernel.cpp:21040 in pe_kernel_mlp1_4_7, v11505       |
| stream          | variable=v11506 depth=9                 | kernel.cpp:21041 in pe_kernel_mlp1_4_7, v11506       |
| stream          | variable=v11507 depth=9                 | kernel.cpp:21042 in pe_kernel_mlp1_4_7, v11507       |
| stream          | variable=v11508 depth=9                 | kernel.cpp:21043 in pe_kernel_mlp1_4_7, v11508       |
| array_partition | variable=v11509 complete dim=1          | kernel.cpp:21044 in pe_kernel_mlp1_4_7, v11509       |
| array_partition | variable=v11509 complete dim=2          | kernel.cpp:21045 in pe_kernel_mlp1_4_7, v11509       |
| stream          | variable=v11526 depth=9                 | kernel.cpp:21080 in pe_kernel_mlp1_5_7, v11526       |
| stream          | variable=v11527 depth=9                 | kernel.cpp:21081 in pe_kernel_mlp1_5_7, v11527       |
| stream          | variable=v11528 depth=9                 | kernel.cpp:21082 in pe_kernel_mlp1_5_7, v11528       |
| stream          | variable=v11529 depth=9                 | kernel.cpp:21083 in pe_kernel_mlp1_5_7, v11529       |
| array_partition | variable=v11530 complete dim=1          | kernel.cpp:21084 in pe_kernel_mlp1_5_7, v11530       |
| array_partition | variable=v11530 complete dim=2          | kernel.cpp:21085 in pe_kernel_mlp1_5_7, v11530       |
| stream          | variable=v11547 depth=9                 | kernel.cpp:21120 in pe_kernel_mlp1_6_7, v11547       |
| stream          | variable=v11548 depth=9                 | kernel.cpp:21121 in pe_kernel_mlp1_6_7, v11548       |
| stream          | variable=v11549 depth=9                 | kernel.cpp:21122 in pe_kernel_mlp1_6_7, v11549       |
| stream          | variable=v11550 depth=9                 | kernel.cpp:21123 in pe_kernel_mlp1_6_7, v11550       |
| array_partition | variable=v11551 complete dim=1          | kernel.cpp:21124 in pe_kernel_mlp1_6_7, v11551       |
| array_partition | variable=v11551 complete dim=2          | kernel.cpp:21125 in pe_kernel_mlp1_6_7, v11551       |
| stream          | variable=v11568 depth=9                 | kernel.cpp:21160 in pe_kernel_mlp1_7_7, v11568       |
| stream          | variable=v11569 depth=9                 | kernel.cpp:21161 in pe_kernel_mlp1_7_7, v11569       |
| stream          | variable=v11570 depth=9                 | kernel.cpp:21162 in pe_kernel_mlp1_7_7, v11570       |
| stream          | variable=v11571 depth=9                 | kernel.cpp:21163 in pe_kernel_mlp1_7_7, v11571       |
| array_partition | variable=v11572 complete dim=1          | kernel.cpp:21164 in pe_kernel_mlp1_7_7, v11572       |
| array_partition | variable=v11572 complete dim=2          | kernel.cpp:21165 in pe_kernel_mlp1_7_7, v11572       |
| array_partition | variable=v11589 complete dim=1          | kernel.cpp:21197 in systolic_tile_mlp1, v11589       |
| array_partition | variable=v11590 complete dim=2          | kernel.cpp:21199 in systolic_tile_mlp1, v11590       |
| array_partition | variable=v11591 complete dim=1          | kernel.cpp:21201 in systolic_tile_mlp1, v11591       |
| array_partition | variable=v11591 complete dim=2          | kernel.cpp:21202 in systolic_tile_mlp1, v11591       |
| stream          | variable=A_fifo7 depth=9                | kernel.cpp:21205 in systolic_tile_mlp1, A_fifo7      |
| stream          | variable=B_fifo7 depth=9                | kernel.cpp:21207 in systolic_tile_mlp1, B_fifo7      |
| array_partition | variable=local_A7 complete dim=1        | kernel.cpp:21558 in systolic_mlp1, local_A7          |
| array_partition | variable=local_B7 complete dim=2        | kernel.cpp:21561 in systolic_mlp1, local_B7          |
| array_partition | variable=local_C7 complete dim=1        | kernel.cpp:21564 in systolic_mlp1, local_C7          |
| array_partition | variable=local_C7 complete dim=2        | kernel.cpp:21565 in systolic_mlp1, local_C7          |
| pipeline        | II=1                                    | kernel.cpp:21572 in systolic_mlp1                    |
| pipeline        | II=1                                    | kernel.cpp:21583 in systolic_mlp1                    |
| pipeline        | II=1                                    | kernel.cpp:21591 in systolic_mlp1                    |
| stream          | variable=v11902 depth=9                 | kernel.cpp:21644 in pe_kernel_mlp2_0_0, v11902       |
| stream          | variable=v11903 depth=9                 | kernel.cpp:21645 in pe_kernel_mlp2_0_0, v11903       |
| stream          | variable=v11904 depth=9                 | kernel.cpp:21646 in pe_kernel_mlp2_0_0, v11904       |
| stream          | variable=v11905 depth=9                 | kernel.cpp:21647 in pe_kernel_mlp2_0_0, v11905       |
| array_partition | variable=v11906 complete dim=1          | kernel.cpp:21648 in pe_kernel_mlp2_0_0, v11906       |
| array_partition | variable=v11906 complete dim=2          | kernel.cpp:21649 in pe_kernel_mlp2_0_0, v11906       |
| stream          | variable=v11923 depth=9                 | kernel.cpp:21684 in pe_kernel_mlp2_1_0, v11923       |
| stream          | variable=v11924 depth=9                 | kernel.cpp:21685 in pe_kernel_mlp2_1_0, v11924       |
| stream          | variable=v11925 depth=9                 | kernel.cpp:21686 in pe_kernel_mlp2_1_0, v11925       |
| stream          | variable=v11926 depth=9                 | kernel.cpp:21687 in pe_kernel_mlp2_1_0, v11926       |
| array_partition | variable=v11927 complete dim=1          | kernel.cpp:21688 in pe_kernel_mlp2_1_0, v11927       |
| array_partition | variable=v11927 complete dim=2          | kernel.cpp:21689 in pe_kernel_mlp2_1_0, v11927       |
| stream          | variable=v11944 depth=9                 | kernel.cpp:21724 in pe_kernel_mlp2_2_0, v11944       |
| stream          | variable=v11945 depth=9                 | kernel.cpp:21725 in pe_kernel_mlp2_2_0, v11945       |
| stream          | variable=v11946 depth=9                 | kernel.cpp:21726 in pe_kernel_mlp2_2_0, v11946       |
| stream          | variable=v11947 depth=9                 | kernel.cpp:21727 in pe_kernel_mlp2_2_0, v11947       |
| array_partition | variable=v11948 complete dim=1          | kernel.cpp:21728 in pe_kernel_mlp2_2_0, v11948       |
| array_partition | variable=v11948 complete dim=2          | kernel.cpp:21729 in pe_kernel_mlp2_2_0, v11948       |
| stream          | variable=v11965 depth=9                 | kernel.cpp:21764 in pe_kernel_mlp2_3_0, v11965       |
| stream          | variable=v11966 depth=9                 | kernel.cpp:21765 in pe_kernel_mlp2_3_0, v11966       |
| stream          | variable=v11967 depth=9                 | kernel.cpp:21766 in pe_kernel_mlp2_3_0, v11967       |
| stream          | variable=v11968 depth=9                 | kernel.cpp:21767 in pe_kernel_mlp2_3_0, v11968       |
| array_partition | variable=v11969 complete dim=1          | kernel.cpp:21768 in pe_kernel_mlp2_3_0, v11969       |
| array_partition | variable=v11969 complete dim=2          | kernel.cpp:21769 in pe_kernel_mlp2_3_0, v11969       |
| stream          | variable=v11986 depth=9                 | kernel.cpp:21804 in pe_kernel_mlp2_4_0, v11986       |
| stream          | variable=v11987 depth=9                 | kernel.cpp:21805 in pe_kernel_mlp2_4_0, v11987       |
| stream          | variable=v11988 depth=9                 | kernel.cpp:21806 in pe_kernel_mlp2_4_0, v11988       |
| stream          | variable=v11989 depth=9                 | kernel.cpp:21807 in pe_kernel_mlp2_4_0, v11989       |
| array_partition | variable=v11990 complete dim=1          | kernel.cpp:21808 in pe_kernel_mlp2_4_0, v11990       |
| array_partition | variable=v11990 complete dim=2          | kernel.cpp:21809 in pe_kernel_mlp2_4_0, v11990       |
| stream          | variable=v12007 depth=9                 | kernel.cpp:21844 in pe_kernel_mlp2_5_0, v12007       |
| stream          | variable=v12008 depth=9                 | kernel.cpp:21845 in pe_kernel_mlp2_5_0, v12008       |
| stream          | variable=v12009 depth=9                 | kernel.cpp:21846 in pe_kernel_mlp2_5_0, v12009       |
| stream          | variable=v12010 depth=9                 | kernel.cpp:21847 in pe_kernel_mlp2_5_0, v12010       |
| array_partition | variable=v12011 complete dim=1          | kernel.cpp:21848 in pe_kernel_mlp2_5_0, v12011       |
| array_partition | variable=v12011 complete dim=2          | kernel.cpp:21849 in pe_kernel_mlp2_5_0, v12011       |
| stream          | variable=v12028 depth=9                 | kernel.cpp:21884 in pe_kernel_mlp2_6_0, v12028       |
| stream          | variable=v12029 depth=9                 | kernel.cpp:21885 in pe_kernel_mlp2_6_0, v12029       |
| stream          | variable=v12030 depth=9                 | kernel.cpp:21886 in pe_kernel_mlp2_6_0, v12030       |
| stream          | variable=v12031 depth=9                 | kernel.cpp:21887 in pe_kernel_mlp2_6_0, v12031       |
| array_partition | variable=v12032 complete dim=1          | kernel.cpp:21888 in pe_kernel_mlp2_6_0, v12032       |
| array_partition | variable=v12032 complete dim=2          | kernel.cpp:21889 in pe_kernel_mlp2_6_0, v12032       |
| stream          | variable=v12049 depth=9                 | kernel.cpp:21924 in pe_kernel_mlp2_7_0, v12049       |
| stream          | variable=v12050 depth=9                 | kernel.cpp:21925 in pe_kernel_mlp2_7_0, v12050       |
| stream          | variable=v12051 depth=9                 | kernel.cpp:21926 in pe_kernel_mlp2_7_0, v12051       |
| stream          | variable=v12052 depth=9                 | kernel.cpp:21927 in pe_kernel_mlp2_7_0, v12052       |
| array_partition | variable=v12053 complete dim=1          | kernel.cpp:21928 in pe_kernel_mlp2_7_0, v12053       |
| array_partition | variable=v12053 complete dim=2          | kernel.cpp:21929 in pe_kernel_mlp2_7_0, v12053       |
| stream          | variable=v12070 depth=9                 | kernel.cpp:21964 in pe_kernel_mlp2_0_1, v12070       |
| stream          | variable=v12071 depth=9                 | kernel.cpp:21965 in pe_kernel_mlp2_0_1, v12071       |
| stream          | variable=v12072 depth=9                 | kernel.cpp:21966 in pe_kernel_mlp2_0_1, v12072       |
| stream          | variable=v12073 depth=9                 | kernel.cpp:21967 in pe_kernel_mlp2_0_1, v12073       |
| array_partition | variable=v12074 complete dim=1          | kernel.cpp:21968 in pe_kernel_mlp2_0_1, v12074       |
| array_partition | variable=v12074 complete dim=2          | kernel.cpp:21969 in pe_kernel_mlp2_0_1, v12074       |
| stream          | variable=v12091 depth=9                 | kernel.cpp:22004 in pe_kernel_mlp2_1_1, v12091       |
| stream          | variable=v12092 depth=9                 | kernel.cpp:22005 in pe_kernel_mlp2_1_1, v12092       |
| stream          | variable=v12093 depth=9                 | kernel.cpp:22006 in pe_kernel_mlp2_1_1, v12093       |
| stream          | variable=v12094 depth=9                 | kernel.cpp:22007 in pe_kernel_mlp2_1_1, v12094       |
| array_partition | variable=v12095 complete dim=1          | kernel.cpp:22008 in pe_kernel_mlp2_1_1, v12095       |
| array_partition | variable=v12095 complete dim=2          | kernel.cpp:22009 in pe_kernel_mlp2_1_1, v12095       |
| stream          | variable=v12112 depth=9                 | kernel.cpp:22044 in pe_kernel_mlp2_2_1, v12112       |
| stream          | variable=v12113 depth=9                 | kernel.cpp:22045 in pe_kernel_mlp2_2_1, v12113       |
| stream          | variable=v12114 depth=9                 | kernel.cpp:22046 in pe_kernel_mlp2_2_1, v12114       |
| stream          | variable=v12115 depth=9                 | kernel.cpp:22047 in pe_kernel_mlp2_2_1, v12115       |
| array_partition | variable=v12116 complete dim=1          | kernel.cpp:22048 in pe_kernel_mlp2_2_1, v12116       |
| array_partition | variable=v12116 complete dim=2          | kernel.cpp:22049 in pe_kernel_mlp2_2_1, v12116       |
| stream          | variable=v12133 depth=9                 | kernel.cpp:22084 in pe_kernel_mlp2_3_1, v12133       |
| stream          | variable=v12134 depth=9                 | kernel.cpp:22085 in pe_kernel_mlp2_3_1, v12134       |
| stream          | variable=v12135 depth=9                 | kernel.cpp:22086 in pe_kernel_mlp2_3_1, v12135       |
| stream          | variable=v12136 depth=9                 | kernel.cpp:22087 in pe_kernel_mlp2_3_1, v12136       |
| array_partition | variable=v12137 complete dim=1          | kernel.cpp:22088 in pe_kernel_mlp2_3_1, v12137       |
| array_partition | variable=v12137 complete dim=2          | kernel.cpp:22089 in pe_kernel_mlp2_3_1, v12137       |
| stream          | variable=v12154 depth=9                 | kernel.cpp:22124 in pe_kernel_mlp2_4_1, v12154       |
| stream          | variable=v12155 depth=9                 | kernel.cpp:22125 in pe_kernel_mlp2_4_1, v12155       |
| stream          | variable=v12156 depth=9                 | kernel.cpp:22126 in pe_kernel_mlp2_4_1, v12156       |
| stream          | variable=v12157 depth=9                 | kernel.cpp:22127 in pe_kernel_mlp2_4_1, v12157       |
| array_partition | variable=v12158 complete dim=1          | kernel.cpp:22128 in pe_kernel_mlp2_4_1, v12158       |
| array_partition | variable=v12158 complete dim=2          | kernel.cpp:22129 in pe_kernel_mlp2_4_1, v12158       |
| stream          | variable=v12175 depth=9                 | kernel.cpp:22164 in pe_kernel_mlp2_5_1, v12175       |
| stream          | variable=v12176 depth=9                 | kernel.cpp:22165 in pe_kernel_mlp2_5_1, v12176       |
| stream          | variable=v12177 depth=9                 | kernel.cpp:22166 in pe_kernel_mlp2_5_1, v12177       |
| stream          | variable=v12178 depth=9                 | kernel.cpp:22167 in pe_kernel_mlp2_5_1, v12178       |
| array_partition | variable=v12179 complete dim=1          | kernel.cpp:22168 in pe_kernel_mlp2_5_1, v12179       |
| array_partition | variable=v12179 complete dim=2          | kernel.cpp:22169 in pe_kernel_mlp2_5_1, v12179       |
| stream          | variable=v12196 depth=9                 | kernel.cpp:22204 in pe_kernel_mlp2_6_1, v12196       |
| stream          | variable=v12197 depth=9                 | kernel.cpp:22205 in pe_kernel_mlp2_6_1, v12197       |
| stream          | variable=v12198 depth=9                 | kernel.cpp:22206 in pe_kernel_mlp2_6_1, v12198       |
| stream          | variable=v12199 depth=9                 | kernel.cpp:22207 in pe_kernel_mlp2_6_1, v12199       |
| array_partition | variable=v12200 complete dim=1          | kernel.cpp:22208 in pe_kernel_mlp2_6_1, v12200       |
| array_partition | variable=v12200 complete dim=2          | kernel.cpp:22209 in pe_kernel_mlp2_6_1, v12200       |
| stream          | variable=v12217 depth=9                 | kernel.cpp:22244 in pe_kernel_mlp2_7_1, v12217       |
| stream          | variable=v12218 depth=9                 | kernel.cpp:22245 in pe_kernel_mlp2_7_1, v12218       |
| stream          | variable=v12219 depth=9                 | kernel.cpp:22246 in pe_kernel_mlp2_7_1, v12219       |
| stream          | variable=v12220 depth=9                 | kernel.cpp:22247 in pe_kernel_mlp2_7_1, v12220       |
| array_partition | variable=v12221 complete dim=1          | kernel.cpp:22248 in pe_kernel_mlp2_7_1, v12221       |
| array_partition | variable=v12221 complete dim=2          | kernel.cpp:22249 in pe_kernel_mlp2_7_1, v12221       |
| stream          | variable=v12238 depth=9                 | kernel.cpp:22284 in pe_kernel_mlp2_0_2, v12238       |
| stream          | variable=v12239 depth=9                 | kernel.cpp:22285 in pe_kernel_mlp2_0_2, v12239       |
| stream          | variable=v12240 depth=9                 | kernel.cpp:22286 in pe_kernel_mlp2_0_2, v12240       |
| stream          | variable=v12241 depth=9                 | kernel.cpp:22287 in pe_kernel_mlp2_0_2, v12241       |
| array_partition | variable=v12242 complete dim=1          | kernel.cpp:22288 in pe_kernel_mlp2_0_2, v12242       |
| array_partition | variable=v12242 complete dim=2          | kernel.cpp:22289 in pe_kernel_mlp2_0_2, v12242       |
| stream          | variable=v12259 depth=9                 | kernel.cpp:22324 in pe_kernel_mlp2_1_2, v12259       |
| stream          | variable=v12260 depth=9                 | kernel.cpp:22325 in pe_kernel_mlp2_1_2, v12260       |
| stream          | variable=v12261 depth=9                 | kernel.cpp:22326 in pe_kernel_mlp2_1_2, v12261       |
| stream          | variable=v12262 depth=9                 | kernel.cpp:22327 in pe_kernel_mlp2_1_2, v12262       |
| array_partition | variable=v12263 complete dim=1          | kernel.cpp:22328 in pe_kernel_mlp2_1_2, v12263       |
| array_partition | variable=v12263 complete dim=2          | kernel.cpp:22329 in pe_kernel_mlp2_1_2, v12263       |
| stream          | variable=v12280 depth=9                 | kernel.cpp:22364 in pe_kernel_mlp2_2_2, v12280       |
| stream          | variable=v12281 depth=9                 | kernel.cpp:22365 in pe_kernel_mlp2_2_2, v12281       |
| stream          | variable=v12282 depth=9                 | kernel.cpp:22366 in pe_kernel_mlp2_2_2, v12282       |
| stream          | variable=v12283 depth=9                 | kernel.cpp:22367 in pe_kernel_mlp2_2_2, v12283       |
| array_partition | variable=v12284 complete dim=1          | kernel.cpp:22368 in pe_kernel_mlp2_2_2, v12284       |
| array_partition | variable=v12284 complete dim=2          | kernel.cpp:22369 in pe_kernel_mlp2_2_2, v12284       |
| stream          | variable=v12301 depth=9                 | kernel.cpp:22404 in pe_kernel_mlp2_3_2, v12301       |
| stream          | variable=v12302 depth=9                 | kernel.cpp:22405 in pe_kernel_mlp2_3_2, v12302       |
| stream          | variable=v12303 depth=9                 | kernel.cpp:22406 in pe_kernel_mlp2_3_2, v12303       |
| stream          | variable=v12304 depth=9                 | kernel.cpp:22407 in pe_kernel_mlp2_3_2, v12304       |
| array_partition | variable=v12305 complete dim=1          | kernel.cpp:22408 in pe_kernel_mlp2_3_2, v12305       |
| array_partition | variable=v12305 complete dim=2          | kernel.cpp:22409 in pe_kernel_mlp2_3_2, v12305       |
| stream          | variable=v12322 depth=9                 | kernel.cpp:22444 in pe_kernel_mlp2_4_2, v12322       |
| stream          | variable=v12323 depth=9                 | kernel.cpp:22445 in pe_kernel_mlp2_4_2, v12323       |
| stream          | variable=v12324 depth=9                 | kernel.cpp:22446 in pe_kernel_mlp2_4_2, v12324       |
| stream          | variable=v12325 depth=9                 | kernel.cpp:22447 in pe_kernel_mlp2_4_2, v12325       |
| array_partition | variable=v12326 complete dim=1          | kernel.cpp:22448 in pe_kernel_mlp2_4_2, v12326       |
| array_partition | variable=v12326 complete dim=2          | kernel.cpp:22449 in pe_kernel_mlp2_4_2, v12326       |
| stream          | variable=v12343 depth=9                 | kernel.cpp:22484 in pe_kernel_mlp2_5_2, v12343       |
| stream          | variable=v12344 depth=9                 | kernel.cpp:22485 in pe_kernel_mlp2_5_2, v12344       |
| stream          | variable=v12345 depth=9                 | kernel.cpp:22486 in pe_kernel_mlp2_5_2, v12345       |
| stream          | variable=v12346 depth=9                 | kernel.cpp:22487 in pe_kernel_mlp2_5_2, v12346       |
| array_partition | variable=v12347 complete dim=1          | kernel.cpp:22488 in pe_kernel_mlp2_5_2, v12347       |
| array_partition | variable=v12347 complete dim=2          | kernel.cpp:22489 in pe_kernel_mlp2_5_2, v12347       |
| stream          | variable=v12364 depth=9                 | kernel.cpp:22524 in pe_kernel_mlp2_6_2, v12364       |
| stream          | variable=v12365 depth=9                 | kernel.cpp:22525 in pe_kernel_mlp2_6_2, v12365       |
| stream          | variable=v12366 depth=9                 | kernel.cpp:22526 in pe_kernel_mlp2_6_2, v12366       |
| stream          | variable=v12367 depth=9                 | kernel.cpp:22527 in pe_kernel_mlp2_6_2, v12367       |
| array_partition | variable=v12368 complete dim=1          | kernel.cpp:22528 in pe_kernel_mlp2_6_2, v12368       |
| array_partition | variable=v12368 complete dim=2          | kernel.cpp:22529 in pe_kernel_mlp2_6_2, v12368       |
| stream          | variable=v12385 depth=9                 | kernel.cpp:22564 in pe_kernel_mlp2_7_2, v12385       |
| stream          | variable=v12386 depth=9                 | kernel.cpp:22565 in pe_kernel_mlp2_7_2, v12386       |
| stream          | variable=v12387 depth=9                 | kernel.cpp:22566 in pe_kernel_mlp2_7_2, v12387       |
| stream          | variable=v12388 depth=9                 | kernel.cpp:22567 in pe_kernel_mlp2_7_2, v12388       |
| array_partition | variable=v12389 complete dim=1          | kernel.cpp:22568 in pe_kernel_mlp2_7_2, v12389       |
| array_partition | variable=v12389 complete dim=2          | kernel.cpp:22569 in pe_kernel_mlp2_7_2, v12389       |
| stream          | variable=v12406 depth=9                 | kernel.cpp:22604 in pe_kernel_mlp2_0_3, v12406       |
| stream          | variable=v12407 depth=9                 | kernel.cpp:22605 in pe_kernel_mlp2_0_3, v12407       |
| stream          | variable=v12408 depth=9                 | kernel.cpp:22606 in pe_kernel_mlp2_0_3, v12408       |
| stream          | variable=v12409 depth=9                 | kernel.cpp:22607 in pe_kernel_mlp2_0_3, v12409       |
| array_partition | variable=v12410 complete dim=1          | kernel.cpp:22608 in pe_kernel_mlp2_0_3, v12410       |
| array_partition | variable=v12410 complete dim=2          | kernel.cpp:22609 in pe_kernel_mlp2_0_3, v12410       |
| stream          | variable=v12427 depth=9                 | kernel.cpp:22644 in pe_kernel_mlp2_1_3, v12427       |
| stream          | variable=v12428 depth=9                 | kernel.cpp:22645 in pe_kernel_mlp2_1_3, v12428       |
| stream          | variable=v12429 depth=9                 | kernel.cpp:22646 in pe_kernel_mlp2_1_3, v12429       |
| stream          | variable=v12430 depth=9                 | kernel.cpp:22647 in pe_kernel_mlp2_1_3, v12430       |
| array_partition | variable=v12431 complete dim=1          | kernel.cpp:22648 in pe_kernel_mlp2_1_3, v12431       |
| array_partition | variable=v12431 complete dim=2          | kernel.cpp:22649 in pe_kernel_mlp2_1_3, v12431       |
| stream          | variable=v12448 depth=9                 | kernel.cpp:22684 in pe_kernel_mlp2_2_3, v12448       |
| stream          | variable=v12449 depth=9                 | kernel.cpp:22685 in pe_kernel_mlp2_2_3, v12449       |
| stream          | variable=v12450 depth=9                 | kernel.cpp:22686 in pe_kernel_mlp2_2_3, v12450       |
| stream          | variable=v12451 depth=9                 | kernel.cpp:22687 in pe_kernel_mlp2_2_3, v12451       |
| array_partition | variable=v12452 complete dim=1          | kernel.cpp:22688 in pe_kernel_mlp2_2_3, v12452       |
| array_partition | variable=v12452 complete dim=2          | kernel.cpp:22689 in pe_kernel_mlp2_2_3, v12452       |
| stream          | variable=v12469 depth=9                 | kernel.cpp:22724 in pe_kernel_mlp2_3_3, v12469       |
| stream          | variable=v12470 depth=9                 | kernel.cpp:22725 in pe_kernel_mlp2_3_3, v12470       |
| stream          | variable=v12471 depth=9                 | kernel.cpp:22726 in pe_kernel_mlp2_3_3, v12471       |
| stream          | variable=v12472 depth=9                 | kernel.cpp:22727 in pe_kernel_mlp2_3_3, v12472       |
| array_partition | variable=v12473 complete dim=1          | kernel.cpp:22728 in pe_kernel_mlp2_3_3, v12473       |
| array_partition | variable=v12473 complete dim=2          | kernel.cpp:22729 in pe_kernel_mlp2_3_3, v12473       |
| stream          | variable=v12490 depth=9                 | kernel.cpp:22764 in pe_kernel_mlp2_4_3, v12490       |
| stream          | variable=v12491 depth=9                 | kernel.cpp:22765 in pe_kernel_mlp2_4_3, v12491       |
| stream          | variable=v12492 depth=9                 | kernel.cpp:22766 in pe_kernel_mlp2_4_3, v12492       |
| stream          | variable=v12493 depth=9                 | kernel.cpp:22767 in pe_kernel_mlp2_4_3, v12493       |
| array_partition | variable=v12494 complete dim=1          | kernel.cpp:22768 in pe_kernel_mlp2_4_3, v12494       |
| array_partition | variable=v12494 complete dim=2          | kernel.cpp:22769 in pe_kernel_mlp2_4_3, v12494       |
| stream          | variable=v12511 depth=9                 | kernel.cpp:22804 in pe_kernel_mlp2_5_3, v12511       |
| stream          | variable=v12512 depth=9                 | kernel.cpp:22805 in pe_kernel_mlp2_5_3, v12512       |
| stream          | variable=v12513 depth=9                 | kernel.cpp:22806 in pe_kernel_mlp2_5_3, v12513       |
| stream          | variable=v12514 depth=9                 | kernel.cpp:22807 in pe_kernel_mlp2_5_3, v12514       |
| array_partition | variable=v12515 complete dim=1          | kernel.cpp:22808 in pe_kernel_mlp2_5_3, v12515       |
| array_partition | variable=v12515 complete dim=2          | kernel.cpp:22809 in pe_kernel_mlp2_5_3, v12515       |
| stream          | variable=v12532 depth=9                 | kernel.cpp:22844 in pe_kernel_mlp2_6_3, v12532       |
| stream          | variable=v12533 depth=9                 | kernel.cpp:22845 in pe_kernel_mlp2_6_3, v12533       |
| stream          | variable=v12534 depth=9                 | kernel.cpp:22846 in pe_kernel_mlp2_6_3, v12534       |
| stream          | variable=v12535 depth=9                 | kernel.cpp:22847 in pe_kernel_mlp2_6_3, v12535       |
| array_partition | variable=v12536 complete dim=1          | kernel.cpp:22848 in pe_kernel_mlp2_6_3, v12536       |
| array_partition | variable=v12536 complete dim=2          | kernel.cpp:22849 in pe_kernel_mlp2_6_3, v12536       |
| stream          | variable=v12553 depth=9                 | kernel.cpp:22884 in pe_kernel_mlp2_7_3, v12553       |
| stream          | variable=v12554 depth=9                 | kernel.cpp:22885 in pe_kernel_mlp2_7_3, v12554       |
| stream          | variable=v12555 depth=9                 | kernel.cpp:22886 in pe_kernel_mlp2_7_3, v12555       |
| stream          | variable=v12556 depth=9                 | kernel.cpp:22887 in pe_kernel_mlp2_7_3, v12556       |
| array_partition | variable=v12557 complete dim=1          | kernel.cpp:22888 in pe_kernel_mlp2_7_3, v12557       |
| array_partition | variable=v12557 complete dim=2          | kernel.cpp:22889 in pe_kernel_mlp2_7_3, v12557       |
| stream          | variable=v12574 depth=9                 | kernel.cpp:22924 in pe_kernel_mlp2_0_4, v12574       |
| stream          | variable=v12575 depth=9                 | kernel.cpp:22925 in pe_kernel_mlp2_0_4, v12575       |
| stream          | variable=v12576 depth=9                 | kernel.cpp:22926 in pe_kernel_mlp2_0_4, v12576       |
| stream          | variable=v12577 depth=9                 | kernel.cpp:22927 in pe_kernel_mlp2_0_4, v12577       |
| array_partition | variable=v12578 complete dim=1          | kernel.cpp:22928 in pe_kernel_mlp2_0_4, v12578       |
| array_partition | variable=v12578 complete dim=2          | kernel.cpp:22929 in pe_kernel_mlp2_0_4, v12578       |
| stream          | variable=v12595 depth=9                 | kernel.cpp:22964 in pe_kernel_mlp2_1_4, v12595       |
| stream          | variable=v12596 depth=9                 | kernel.cpp:22965 in pe_kernel_mlp2_1_4, v12596       |
| stream          | variable=v12597 depth=9                 | kernel.cpp:22966 in pe_kernel_mlp2_1_4, v12597       |
| stream          | variable=v12598 depth=9                 | kernel.cpp:22967 in pe_kernel_mlp2_1_4, v12598       |
| array_partition | variable=v12599 complete dim=1          | kernel.cpp:22968 in pe_kernel_mlp2_1_4, v12599       |
| array_partition | variable=v12599 complete dim=2          | kernel.cpp:22969 in pe_kernel_mlp2_1_4, v12599       |
| stream          | variable=v12616 depth=9                 | kernel.cpp:23004 in pe_kernel_mlp2_2_4, v12616       |
| stream          | variable=v12617 depth=9                 | kernel.cpp:23005 in pe_kernel_mlp2_2_4, v12617       |
| stream          | variable=v12618 depth=9                 | kernel.cpp:23006 in pe_kernel_mlp2_2_4, v12618       |
| stream          | variable=v12619 depth=9                 | kernel.cpp:23007 in pe_kernel_mlp2_2_4, v12619       |
| array_partition | variable=v12620 complete dim=1          | kernel.cpp:23008 in pe_kernel_mlp2_2_4, v12620       |
| array_partition | variable=v12620 complete dim=2          | kernel.cpp:23009 in pe_kernel_mlp2_2_4, v12620       |
| stream          | variable=v12637 depth=9                 | kernel.cpp:23044 in pe_kernel_mlp2_3_4, v12637       |
| stream          | variable=v12638 depth=9                 | kernel.cpp:23045 in pe_kernel_mlp2_3_4, v12638       |
| stream          | variable=v12639 depth=9                 | kernel.cpp:23046 in pe_kernel_mlp2_3_4, v12639       |
| stream          | variable=v12640 depth=9                 | kernel.cpp:23047 in pe_kernel_mlp2_3_4, v12640       |
| array_partition | variable=v12641 complete dim=1          | kernel.cpp:23048 in pe_kernel_mlp2_3_4, v12641       |
| array_partition | variable=v12641 complete dim=2          | kernel.cpp:23049 in pe_kernel_mlp2_3_4, v12641       |
| stream          | variable=v12658 depth=9                 | kernel.cpp:23084 in pe_kernel_mlp2_4_4, v12658       |
| stream          | variable=v12659 depth=9                 | kernel.cpp:23085 in pe_kernel_mlp2_4_4, v12659       |
| stream          | variable=v12660 depth=9                 | kernel.cpp:23086 in pe_kernel_mlp2_4_4, v12660       |
| stream          | variable=v12661 depth=9                 | kernel.cpp:23087 in pe_kernel_mlp2_4_4, v12661       |
| array_partition | variable=v12662 complete dim=1          | kernel.cpp:23088 in pe_kernel_mlp2_4_4, v12662       |
| array_partition | variable=v12662 complete dim=2          | kernel.cpp:23089 in pe_kernel_mlp2_4_4, v12662       |
| stream          | variable=v12679 depth=9                 | kernel.cpp:23124 in pe_kernel_mlp2_5_4, v12679       |
| stream          | variable=v12680 depth=9                 | kernel.cpp:23125 in pe_kernel_mlp2_5_4, v12680       |
| stream          | variable=v12681 depth=9                 | kernel.cpp:23126 in pe_kernel_mlp2_5_4, v12681       |
| stream          | variable=v12682 depth=9                 | kernel.cpp:23127 in pe_kernel_mlp2_5_4, v12682       |
| array_partition | variable=v12683 complete dim=1          | kernel.cpp:23128 in pe_kernel_mlp2_5_4, v12683       |
| array_partition | variable=v12683 complete dim=2          | kernel.cpp:23129 in pe_kernel_mlp2_5_4, v12683       |
| stream          | variable=v12700 depth=9                 | kernel.cpp:23164 in pe_kernel_mlp2_6_4, v12700       |
| stream          | variable=v12701 depth=9                 | kernel.cpp:23165 in pe_kernel_mlp2_6_4, v12701       |
| stream          | variable=v12702 depth=9                 | kernel.cpp:23166 in pe_kernel_mlp2_6_4, v12702       |
| stream          | variable=v12703 depth=9                 | kernel.cpp:23167 in pe_kernel_mlp2_6_4, v12703       |
| array_partition | variable=v12704 complete dim=1          | kernel.cpp:23168 in pe_kernel_mlp2_6_4, v12704       |
| array_partition | variable=v12704 complete dim=2          | kernel.cpp:23169 in pe_kernel_mlp2_6_4, v12704       |
| stream          | variable=v12721 depth=9                 | kernel.cpp:23204 in pe_kernel_mlp2_7_4, v12721       |
| stream          | variable=v12722 depth=9                 | kernel.cpp:23205 in pe_kernel_mlp2_7_4, v12722       |
| stream          | variable=v12723 depth=9                 | kernel.cpp:23206 in pe_kernel_mlp2_7_4, v12723       |
| stream          | variable=v12724 depth=9                 | kernel.cpp:23207 in pe_kernel_mlp2_7_4, v12724       |
| array_partition | variable=v12725 complete dim=1          | kernel.cpp:23208 in pe_kernel_mlp2_7_4, v12725       |
| array_partition | variable=v12725 complete dim=2          | kernel.cpp:23209 in pe_kernel_mlp2_7_4, v12725       |
| stream          | variable=v12742 depth=9                 | kernel.cpp:23244 in pe_kernel_mlp2_0_5, v12742       |
| stream          | variable=v12743 depth=9                 | kernel.cpp:23245 in pe_kernel_mlp2_0_5, v12743       |
| stream          | variable=v12744 depth=9                 | kernel.cpp:23246 in pe_kernel_mlp2_0_5, v12744       |
| stream          | variable=v12745 depth=9                 | kernel.cpp:23247 in pe_kernel_mlp2_0_5, v12745       |
| array_partition | variable=v12746 complete dim=1          | kernel.cpp:23248 in pe_kernel_mlp2_0_5, v12746       |
| array_partition | variable=v12746 complete dim=2          | kernel.cpp:23249 in pe_kernel_mlp2_0_5, v12746       |
| stream          | variable=v12763 depth=9                 | kernel.cpp:23284 in pe_kernel_mlp2_1_5, v12763       |
| stream          | variable=v12764 depth=9                 | kernel.cpp:23285 in pe_kernel_mlp2_1_5, v12764       |
| stream          | variable=v12765 depth=9                 | kernel.cpp:23286 in pe_kernel_mlp2_1_5, v12765       |
| stream          | variable=v12766 depth=9                 | kernel.cpp:23287 in pe_kernel_mlp2_1_5, v12766       |
| array_partition | variable=v12767 complete dim=1          | kernel.cpp:23288 in pe_kernel_mlp2_1_5, v12767       |
| array_partition | variable=v12767 complete dim=2          | kernel.cpp:23289 in pe_kernel_mlp2_1_5, v12767       |
| stream          | variable=v12784 depth=9                 | kernel.cpp:23324 in pe_kernel_mlp2_2_5, v12784       |
| stream          | variable=v12785 depth=9                 | kernel.cpp:23325 in pe_kernel_mlp2_2_5, v12785       |
| stream          | variable=v12786 depth=9                 | kernel.cpp:23326 in pe_kernel_mlp2_2_5, v12786       |
| stream          | variable=v12787 depth=9                 | kernel.cpp:23327 in pe_kernel_mlp2_2_5, v12787       |
| array_partition | variable=v12788 complete dim=1          | kernel.cpp:23328 in pe_kernel_mlp2_2_5, v12788       |
| array_partition | variable=v12788 complete dim=2          | kernel.cpp:23329 in pe_kernel_mlp2_2_5, v12788       |
| stream          | variable=v12805 depth=9                 | kernel.cpp:23364 in pe_kernel_mlp2_3_5, v12805       |
| stream          | variable=v12806 depth=9                 | kernel.cpp:23365 in pe_kernel_mlp2_3_5, v12806       |
| stream          | variable=v12807 depth=9                 | kernel.cpp:23366 in pe_kernel_mlp2_3_5, v12807       |
| stream          | variable=v12808 depth=9                 | kernel.cpp:23367 in pe_kernel_mlp2_3_5, v12808       |
| array_partition | variable=v12809 complete dim=1          | kernel.cpp:23368 in pe_kernel_mlp2_3_5, v12809       |
| array_partition | variable=v12809 complete dim=2          | kernel.cpp:23369 in pe_kernel_mlp2_3_5, v12809       |
| stream          | variable=v12826 depth=9                 | kernel.cpp:23404 in pe_kernel_mlp2_4_5, v12826       |
| stream          | variable=v12827 depth=9                 | kernel.cpp:23405 in pe_kernel_mlp2_4_5, v12827       |
| stream          | variable=v12828 depth=9                 | kernel.cpp:23406 in pe_kernel_mlp2_4_5, v12828       |
| stream          | variable=v12829 depth=9                 | kernel.cpp:23407 in pe_kernel_mlp2_4_5, v12829       |
| array_partition | variable=v12830 complete dim=1          | kernel.cpp:23408 in pe_kernel_mlp2_4_5, v12830       |
| array_partition | variable=v12830 complete dim=2          | kernel.cpp:23409 in pe_kernel_mlp2_4_5, v12830       |
| stream          | variable=v12847 depth=9                 | kernel.cpp:23444 in pe_kernel_mlp2_5_5, v12847       |
| stream          | variable=v12848 depth=9                 | kernel.cpp:23445 in pe_kernel_mlp2_5_5, v12848       |
| stream          | variable=v12849 depth=9                 | kernel.cpp:23446 in pe_kernel_mlp2_5_5, v12849       |
| stream          | variable=v12850 depth=9                 | kernel.cpp:23447 in pe_kernel_mlp2_5_5, v12850       |
| array_partition | variable=v12851 complete dim=1          | kernel.cpp:23448 in pe_kernel_mlp2_5_5, v12851       |
| array_partition | variable=v12851 complete dim=2          | kernel.cpp:23449 in pe_kernel_mlp2_5_5, v12851       |
| stream          | variable=v12868 depth=9                 | kernel.cpp:23484 in pe_kernel_mlp2_6_5, v12868       |
| stream          | variable=v12869 depth=9                 | kernel.cpp:23485 in pe_kernel_mlp2_6_5, v12869       |
| stream          | variable=v12870 depth=9                 | kernel.cpp:23486 in pe_kernel_mlp2_6_5, v12870       |
| stream          | variable=v12871 depth=9                 | kernel.cpp:23487 in pe_kernel_mlp2_6_5, v12871       |
| array_partition | variable=v12872 complete dim=1          | kernel.cpp:23488 in pe_kernel_mlp2_6_5, v12872       |
| array_partition | variable=v12872 complete dim=2          | kernel.cpp:23489 in pe_kernel_mlp2_6_5, v12872       |
| stream          | variable=v12889 depth=9                 | kernel.cpp:23524 in pe_kernel_mlp2_7_5, v12889       |
| stream          | variable=v12890 depth=9                 | kernel.cpp:23525 in pe_kernel_mlp2_7_5, v12890       |
| stream          | variable=v12891 depth=9                 | kernel.cpp:23526 in pe_kernel_mlp2_7_5, v12891       |
| stream          | variable=v12892 depth=9                 | kernel.cpp:23527 in pe_kernel_mlp2_7_5, v12892       |
| array_partition | variable=v12893 complete dim=1          | kernel.cpp:23528 in pe_kernel_mlp2_7_5, v12893       |
| array_partition | variable=v12893 complete dim=2          | kernel.cpp:23529 in pe_kernel_mlp2_7_5, v12893       |
| stream          | variable=v12910 depth=9                 | kernel.cpp:23564 in pe_kernel_mlp2_0_6, v12910       |
| stream          | variable=v12911 depth=9                 | kernel.cpp:23565 in pe_kernel_mlp2_0_6, v12911       |
| stream          | variable=v12912 depth=9                 | kernel.cpp:23566 in pe_kernel_mlp2_0_6, v12912       |
| stream          | variable=v12913 depth=9                 | kernel.cpp:23567 in pe_kernel_mlp2_0_6, v12913       |
| array_partition | variable=v12914 complete dim=1          | kernel.cpp:23568 in pe_kernel_mlp2_0_6, v12914       |
| array_partition | variable=v12914 complete dim=2          | kernel.cpp:23569 in pe_kernel_mlp2_0_6, v12914       |
| stream          | variable=v12931 depth=9                 | kernel.cpp:23604 in pe_kernel_mlp2_1_6, v12931       |
| stream          | variable=v12932 depth=9                 | kernel.cpp:23605 in pe_kernel_mlp2_1_6, v12932       |
| stream          | variable=v12933 depth=9                 | kernel.cpp:23606 in pe_kernel_mlp2_1_6, v12933       |
| stream          | variable=v12934 depth=9                 | kernel.cpp:23607 in pe_kernel_mlp2_1_6, v12934       |
| array_partition | variable=v12935 complete dim=1          | kernel.cpp:23608 in pe_kernel_mlp2_1_6, v12935       |
| array_partition | variable=v12935 complete dim=2          | kernel.cpp:23609 in pe_kernel_mlp2_1_6, v12935       |
| stream          | variable=v12952 depth=9                 | kernel.cpp:23644 in pe_kernel_mlp2_2_6, v12952       |
| stream          | variable=v12953 depth=9                 | kernel.cpp:23645 in pe_kernel_mlp2_2_6, v12953       |
| stream          | variable=v12954 depth=9                 | kernel.cpp:23646 in pe_kernel_mlp2_2_6, v12954       |
| stream          | variable=v12955 depth=9                 | kernel.cpp:23647 in pe_kernel_mlp2_2_6, v12955       |
| array_partition | variable=v12956 complete dim=1          | kernel.cpp:23648 in pe_kernel_mlp2_2_6, v12956       |
| array_partition | variable=v12956 complete dim=2          | kernel.cpp:23649 in pe_kernel_mlp2_2_6, v12956       |
| stream          | variable=v12973 depth=9                 | kernel.cpp:23684 in pe_kernel_mlp2_3_6, v12973       |
| stream          | variable=v12974 depth=9                 | kernel.cpp:23685 in pe_kernel_mlp2_3_6, v12974       |
| stream          | variable=v12975 depth=9                 | kernel.cpp:23686 in pe_kernel_mlp2_3_6, v12975       |
| stream          | variable=v12976 depth=9                 | kernel.cpp:23687 in pe_kernel_mlp2_3_6, v12976       |
| array_partition | variable=v12977 complete dim=1          | kernel.cpp:23688 in pe_kernel_mlp2_3_6, v12977       |
| array_partition | variable=v12977 complete dim=2          | kernel.cpp:23689 in pe_kernel_mlp2_3_6, v12977       |
| stream          | variable=v12994 depth=9                 | kernel.cpp:23724 in pe_kernel_mlp2_4_6, v12994       |
| stream          | variable=v12995 depth=9                 | kernel.cpp:23725 in pe_kernel_mlp2_4_6, v12995       |
| stream          | variable=v12996 depth=9                 | kernel.cpp:23726 in pe_kernel_mlp2_4_6, v12996       |
| stream          | variable=v12997 depth=9                 | kernel.cpp:23727 in pe_kernel_mlp2_4_6, v12997       |
| array_partition | variable=v12998 complete dim=1          | kernel.cpp:23728 in pe_kernel_mlp2_4_6, v12998       |
| array_partition | variable=v12998 complete dim=2          | kernel.cpp:23729 in pe_kernel_mlp2_4_6, v12998       |
| stream          | variable=v13015 depth=9                 | kernel.cpp:23764 in pe_kernel_mlp2_5_6, v13015       |
| stream          | variable=v13016 depth=9                 | kernel.cpp:23765 in pe_kernel_mlp2_5_6, v13016       |
| stream          | variable=v13017 depth=9                 | kernel.cpp:23766 in pe_kernel_mlp2_5_6, v13017       |
| stream          | variable=v13018 depth=9                 | kernel.cpp:23767 in pe_kernel_mlp2_5_6, v13018       |
| array_partition | variable=v13019 complete dim=1          | kernel.cpp:23768 in pe_kernel_mlp2_5_6, v13019       |
| array_partition | variable=v13019 complete dim=2          | kernel.cpp:23769 in pe_kernel_mlp2_5_6, v13019       |
| stream          | variable=v13036 depth=9                 | kernel.cpp:23804 in pe_kernel_mlp2_6_6, v13036       |
| stream          | variable=v13037 depth=9                 | kernel.cpp:23805 in pe_kernel_mlp2_6_6, v13037       |
| stream          | variable=v13038 depth=9                 | kernel.cpp:23806 in pe_kernel_mlp2_6_6, v13038       |
| stream          | variable=v13039 depth=9                 | kernel.cpp:23807 in pe_kernel_mlp2_6_6, v13039       |
| array_partition | variable=v13040 complete dim=1          | kernel.cpp:23808 in pe_kernel_mlp2_6_6, v13040       |
| array_partition | variable=v13040 complete dim=2          | kernel.cpp:23809 in pe_kernel_mlp2_6_6, v13040       |
| stream          | variable=v13057 depth=9                 | kernel.cpp:23844 in pe_kernel_mlp2_7_6, v13057       |
| stream          | variable=v13058 depth=9                 | kernel.cpp:23845 in pe_kernel_mlp2_7_6, v13058       |
| stream          | variable=v13059 depth=9                 | kernel.cpp:23846 in pe_kernel_mlp2_7_6, v13059       |
| stream          | variable=v13060 depth=9                 | kernel.cpp:23847 in pe_kernel_mlp2_7_6, v13060       |
| array_partition | variable=v13061 complete dim=1          | kernel.cpp:23848 in pe_kernel_mlp2_7_6, v13061       |
| array_partition | variable=v13061 complete dim=2          | kernel.cpp:23849 in pe_kernel_mlp2_7_6, v13061       |
| stream          | variable=v13078 depth=9                 | kernel.cpp:23884 in pe_kernel_mlp2_0_7, v13078       |
| stream          | variable=v13079 depth=9                 | kernel.cpp:23885 in pe_kernel_mlp2_0_7, v13079       |
| stream          | variable=v13080 depth=9                 | kernel.cpp:23886 in pe_kernel_mlp2_0_7, v13080       |
| stream          | variable=v13081 depth=9                 | kernel.cpp:23887 in pe_kernel_mlp2_0_7, v13081       |
| array_partition | variable=v13082 complete dim=1          | kernel.cpp:23888 in pe_kernel_mlp2_0_7, v13082       |
| array_partition | variable=v13082 complete dim=2          | kernel.cpp:23889 in pe_kernel_mlp2_0_7, v13082       |
| stream          | variable=v13099 depth=9                 | kernel.cpp:23924 in pe_kernel_mlp2_1_7, v13099       |
| stream          | variable=v13100 depth=9                 | kernel.cpp:23925 in pe_kernel_mlp2_1_7, v13100       |
| stream          | variable=v13101 depth=9                 | kernel.cpp:23926 in pe_kernel_mlp2_1_7, v13101       |
| stream          | variable=v13102 depth=9                 | kernel.cpp:23927 in pe_kernel_mlp2_1_7, v13102       |
| array_partition | variable=v13103 complete dim=1          | kernel.cpp:23928 in pe_kernel_mlp2_1_7, v13103       |
| array_partition | variable=v13103 complete dim=2          | kernel.cpp:23929 in pe_kernel_mlp2_1_7, v13103       |
| stream          | variable=v13120 depth=9                 | kernel.cpp:23964 in pe_kernel_mlp2_2_7, v13120       |
| stream          | variable=v13121 depth=9                 | kernel.cpp:23965 in pe_kernel_mlp2_2_7, v13121       |
| stream          | variable=v13122 depth=9                 | kernel.cpp:23966 in pe_kernel_mlp2_2_7, v13122       |
| stream          | variable=v13123 depth=9                 | kernel.cpp:23967 in pe_kernel_mlp2_2_7, v13123       |
| array_partition | variable=v13124 complete dim=1          | kernel.cpp:23968 in pe_kernel_mlp2_2_7, v13124       |
| array_partition | variable=v13124 complete dim=2          | kernel.cpp:23969 in pe_kernel_mlp2_2_7, v13124       |
| stream          | variable=v13141 depth=9                 | kernel.cpp:24004 in pe_kernel_mlp2_3_7, v13141       |
| stream          | variable=v13142 depth=9                 | kernel.cpp:24005 in pe_kernel_mlp2_3_7, v13142       |
| stream          | variable=v13143 depth=9                 | kernel.cpp:24006 in pe_kernel_mlp2_3_7, v13143       |
| stream          | variable=v13144 depth=9                 | kernel.cpp:24007 in pe_kernel_mlp2_3_7, v13144       |
| array_partition | variable=v13145 complete dim=1          | kernel.cpp:24008 in pe_kernel_mlp2_3_7, v13145       |
| array_partition | variable=v13145 complete dim=2          | kernel.cpp:24009 in pe_kernel_mlp2_3_7, v13145       |
| stream          | variable=v13162 depth=9                 | kernel.cpp:24044 in pe_kernel_mlp2_4_7, v13162       |
| stream          | variable=v13163 depth=9                 | kernel.cpp:24045 in pe_kernel_mlp2_4_7, v13163       |
| stream          | variable=v13164 depth=9                 | kernel.cpp:24046 in pe_kernel_mlp2_4_7, v13164       |
| stream          | variable=v13165 depth=9                 | kernel.cpp:24047 in pe_kernel_mlp2_4_7, v13165       |
| array_partition | variable=v13166 complete dim=1          | kernel.cpp:24048 in pe_kernel_mlp2_4_7, v13166       |
| array_partition | variable=v13166 complete dim=2          | kernel.cpp:24049 in pe_kernel_mlp2_4_7, v13166       |
| stream          | variable=v13183 depth=9                 | kernel.cpp:24084 in pe_kernel_mlp2_5_7, v13183       |
| stream          | variable=v13184 depth=9                 | kernel.cpp:24085 in pe_kernel_mlp2_5_7, v13184       |
| stream          | variable=v13185 depth=9                 | kernel.cpp:24086 in pe_kernel_mlp2_5_7, v13185       |
| stream          | variable=v13186 depth=9                 | kernel.cpp:24087 in pe_kernel_mlp2_5_7, v13186       |
| array_partition | variable=v13187 complete dim=1          | kernel.cpp:24088 in pe_kernel_mlp2_5_7, v13187       |
| array_partition | variable=v13187 complete dim=2          | kernel.cpp:24089 in pe_kernel_mlp2_5_7, v13187       |
| stream          | variable=v13204 depth=9                 | kernel.cpp:24124 in pe_kernel_mlp2_6_7, v13204       |
| stream          | variable=v13205 depth=9                 | kernel.cpp:24125 in pe_kernel_mlp2_6_7, v13205       |
| stream          | variable=v13206 depth=9                 | kernel.cpp:24126 in pe_kernel_mlp2_6_7, v13206       |
| stream          | variable=v13207 depth=9                 | kernel.cpp:24127 in pe_kernel_mlp2_6_7, v13207       |
| array_partition | variable=v13208 complete dim=1          | kernel.cpp:24128 in pe_kernel_mlp2_6_7, v13208       |
| array_partition | variable=v13208 complete dim=2          | kernel.cpp:24129 in pe_kernel_mlp2_6_7, v13208       |
| stream          | variable=v13225 depth=9                 | kernel.cpp:24164 in pe_kernel_mlp2_7_7, v13225       |
| stream          | variable=v13226 depth=9                 | kernel.cpp:24165 in pe_kernel_mlp2_7_7, v13226       |
| stream          | variable=v13227 depth=9                 | kernel.cpp:24166 in pe_kernel_mlp2_7_7, v13227       |
| stream          | variable=v13228 depth=9                 | kernel.cpp:24167 in pe_kernel_mlp2_7_7, v13228       |
| array_partition | variable=v13229 complete dim=1          | kernel.cpp:24168 in pe_kernel_mlp2_7_7, v13229       |
| array_partition | variable=v13229 complete dim=2          | kernel.cpp:24169 in pe_kernel_mlp2_7_7, v13229       |
| array_partition | variable=v13246 complete dim=1          | kernel.cpp:24201 in systolic_tile_mlp2, v13246       |
| array_partition | variable=v13247 complete dim=2          | kernel.cpp:24203 in systolic_tile_mlp2, v13247       |
| array_partition | variable=v13248 complete dim=1          | kernel.cpp:24205 in systolic_tile_mlp2, v13248       |
| array_partition | variable=v13248 complete dim=2          | kernel.cpp:24206 in systolic_tile_mlp2, v13248       |
| stream          | variable=A_fifo8 depth=9                | kernel.cpp:24209 in systolic_tile_mlp2, A_fifo8      |
| stream          | variable=B_fifo8 depth=9                | kernel.cpp:24211 in systolic_tile_mlp2, B_fifo8      |
| array_partition | variable=local_A8 complete dim=1        | kernel.cpp:24562 in systolic_mlp2, local_A8          |
| array_partition | variable=local_B8 complete dim=2        | kernel.cpp:24565 in systolic_mlp2, local_B8          |
| array_partition | variable=local_C8 complete dim=1        | kernel.cpp:24568 in systolic_mlp2, local_C8          |
| array_partition | variable=local_C8 complete dim=2        | kernel.cpp:24569 in systolic_mlp2, local_C8          |
| pipeline        | II=1                                    | kernel.cpp:24576 in systolic_mlp2                    |
| pipeline        | II=1                                    | kernel.cpp:24587 in systolic_mlp2                    |
| pipeline        | II=1                                    | kernel.cpp:24595 in systolic_mlp2                    |
| bind_storage    | variable=buffer_Q type=ram_2p impl=uram | kernel.cpp:25138 in allo_dditblock, buffer_Q         |
| bind_storage    | variable=buffer_K type=ram_2p impl=uram | kernel.cpp:25139 in allo_dditblock, buffer_K         |
| bind_storage    | variable=buffer_V type=ram_2p impl=uram | kernel.cpp:25140 in allo_dditblock, buffer_V         |
+-----------------+-----------------------------------------+------------------------------------------------------+


