

================================================================
== Vitis HLS Report for 'dataflow_in_loop_l_ni1'
================================================================
* Date:           Mon Feb 17 20:38:04 2025

* Version:        2023.2 (Build 4023990 on Oct 11 2023)
* Project:        DitBlock
* Solution:       hls (Vivado IP Flow Target)
* Product family: virtexuplusHBM
* Target device:  xcu280-fsvh2892-2L-e


================================================================
== Performance Estimates
================================================================
+ Timing: 
    * Summary: 
    +--------+----------+----------+------------+
    |  Clock |  Target  | Estimated| Uncertainty|
    +--------+----------+----------+------------+
    |ap_clk  |  10.00 ns|  7.523 ns|     2.70 ns|
    +--------+----------+----------+------------+

+ Latency: 
    * Summary: 
    +---------+---------+-----------+-----------+------+------+----------+
    |  Latency (cycles) |   Latency (absolute)  |   Interval  | Pipeline |
    |   min   |   max   |    min    |    max    |  min |  max |   Type   |
    +---------+---------+-----------+-----------+------+------+----------+
    |     5212|     5212|  52.120 us|  52.120 us|  4100|  4100|  dataflow|
    +---------+---------+-----------+-----------+------+------+----------+

    + Detail: 
        * Instance: 
        +-----------------------------------------------------------+--------------------------------------------------------+---------+---------+-----------+-----------+------+------+----------+
        |                                                           |                                                        |  Latency (cycles) |   Latency (absolute)  |   Interval  | Pipeline |
        |                          Instance                         |                         Module                         |   min   |   max   |    min    |    max    |  min |  max |   Type   |
        +-----------------------------------------------------------+--------------------------------------------------------+---------+---------+-----------+-----------+------+------+----------+
        |dataflow_in_loop_l_ni1_Loop_l_load_A_tile_ak1_proc4426_U0  |dataflow_in_loop_l_ni1_Loop_l_load_A_tile_ak1_proc4426  |     4099|     4099|  40.990 us|  40.990 us|  4099|  4099|        no|
        |dataflow_in_loop_l_ni1_Loop_l_load_B_tile_bk1_proc4527_U0  |dataflow_in_loop_l_ni1_Loop_l_load_B_tile_bk1_proc4527  |     4098|     4098|  40.980 us|  40.980 us|  4098|  4098|        no|
        |systolic_tile_Q46_U0                                       |systolic_tile_Q46                                       |     1044|     1044|  10.440 us|  10.440 us|  1030|  1030|  dataflow|
        |dataflow_in_loop_l_ni1_Loop_l_store_C_tile_sj1_proc47_U0   |dataflow_in_loop_l_ni1_Loop_l_store_C_tile_sj1_proc47   |       67|       67|   0.670 us|   0.670 us|    67|    67|        no|
        +-----------------------------------------------------------+--------------------------------------------------------+---------+---------+-----------+-----------+------+------+----------+

        * Loop: 
        N/A



================================================================
== Utilization Estimates
================================================================
* Summary: 
+---------------------+---------+------+---------+---------+-----+
|         Name        | BRAM_18K|  DSP |    FF   |   LUT   | URAM|
+---------------------+---------+------+---------+---------+-----+
|DSP                  |        -|     -|        -|        -|    -|
|Expression           |        -|     -|        0|      342|    -|
|FIFO                 |        -|     -|     4362|     2598|    -|
|Instance             |        -|   320|    28736|    35879|    -|
|Memory               |       32|     -|        0|        0|    0|
|Multiplexer          |        -|     -|        -|      738|    -|
|Register             |        -|     -|       82|        -|    -|
+---------------------+---------+------+---------+---------+-----+
|Total                |       32|   320|    33180|    39557|    0|
+---------------------+---------+------+---------+---------+-----+
|Available SLR        |     1344|  3008|   869120|   434560|  320|
+---------------------+---------+------+---------+---------+-----+
|Utilization SLR (%)  |        2|    10|        3|        9|    0|
+---------------------+---------+------+---------+---------+-----+
|Available            |     4032|  9024|  2607360|  1303680|  960|
+---------------------+---------+------+---------+---------+-----+
|Utilization (%)      |       ~0|     3|        1|        3|    0|
+---------------------+---------+------+---------+---------+-----+

+ Detail: 
    * Instance: 
    +-----------------------------------------------------------+--------------------------------------------------------+---------+-----+-------+-------+-----+
    |                          Instance                         |                         Module                         | BRAM_18K| DSP |   FF  |  LUT  | URAM|
    +-----------------------------------------------------------+--------------------------------------------------------+---------+-----+-------+-------+-----+
    |dataflow_in_loop_l_ni1_Loop_l_load_A_tile_ak1_proc4426_U0  |dataflow_in_loop_l_ni1_Loop_l_load_A_tile_ak1_proc4426  |        0|    0|     55|    269|    0|
    |dataflow_in_loop_l_ni1_Loop_l_load_B_tile_bk1_proc4527_U0  |dataflow_in_loop_l_ni1_Loop_l_load_B_tile_bk1_proc4527  |        0|    0|     43|    190|    0|
    |dataflow_in_loop_l_ni1_Loop_l_store_C_tile_sj1_proc47_U0   |dataflow_in_loop_l_ni1_Loop_l_store_C_tile_sj1_proc47   |        0|    0|     34|    626|    0|
    |systolic_tile_Q46_U0                                       |systolic_tile_Q46                                       |        0|  320|  28604|  34794|    0|
    +-----------------------------------------------------------+--------------------------------------------------------+---------+-----+-------+-------+-----+
    |Total                                                      |                                                        |        0|  320|  28736|  35879|    0|
    +-----------------------------------------------------------+--------------------------------------------------------+---------+-----+-------+-------+-----+

    * DSP: 
    N/A

    * Memory: 
    +--------------+-----------------------------------------------+---------+---+----+-----+------+-----+------+-------------+
    |    Memory    |                     Module                    | BRAM_18K| FF| LUT| URAM| Words| Bits| Banks| W*Bits*Banks|
    +--------------+-----------------------------------------------+---------+---+----+-----+------+-----+------+-------------+
    |local_B1_U    |dataflow_in_loop_l_ni1_local_B1_RAM_AUTO_1R1W  |        2|  0|   0|    0|   512|   32|     1|        16384|
    |local_B1_1_U  |dataflow_in_loop_l_ni1_local_B1_RAM_AUTO_1R1W  |        2|  0|   0|    0|   512|   32|     1|        16384|
    |local_B1_2_U  |dataflow_in_loop_l_ni1_local_B1_RAM_AUTO_1R1W  |        2|  0|   0|    0|   512|   32|     1|        16384|
    |local_B1_3_U  |dataflow_in_loop_l_ni1_local_B1_RAM_AUTO_1R1W  |        2|  0|   0|    0|   512|   32|     1|        16384|
    |local_B1_4_U  |dataflow_in_loop_l_ni1_local_B1_RAM_AUTO_1R1W  |        2|  0|   0|    0|   512|   32|     1|        16384|
    |local_B1_5_U  |dataflow_in_loop_l_ni1_local_B1_RAM_AUTO_1R1W  |        2|  0|   0|    0|   512|   32|     1|        16384|
    |local_B1_6_U  |dataflow_in_loop_l_ni1_local_B1_RAM_AUTO_1R1W  |        2|  0|   0|    0|   512|   32|     1|        16384|
    |local_B1_7_U  |dataflow_in_loop_l_ni1_local_B1_RAM_AUTO_1R1W  |        2|  0|   0|    0|   512|   32|     1|        16384|
    |local_A1_U    |dataflow_in_loop_l_ni1_local_B1_RAM_AUTO_1R1W  |        2|  0|   0|    0|   512|   32|     1|        16384|
    |local_A1_1_U  |dataflow_in_loop_l_ni1_local_B1_RAM_AUTO_1R1W  |        2|  0|   0|    0|   512|   32|     1|        16384|
    |local_A1_2_U  |dataflow_in_loop_l_ni1_local_B1_RAM_AUTO_1R1W  |        2|  0|   0|    0|   512|   32|     1|        16384|
    |local_A1_3_U  |dataflow_in_loop_l_ni1_local_B1_RAM_AUTO_1R1W  |        2|  0|   0|    0|   512|   32|     1|        16384|
    |local_A1_4_U  |dataflow_in_loop_l_ni1_local_B1_RAM_AUTO_1R1W  |        2|  0|   0|    0|   512|   32|     1|        16384|
    |local_A1_5_U  |dataflow_in_loop_l_ni1_local_B1_RAM_AUTO_1R1W  |        2|  0|   0|    0|   512|   32|     1|        16384|
    |local_A1_6_U  |dataflow_in_loop_l_ni1_local_B1_RAM_AUTO_1R1W  |        2|  0|   0|    0|   512|   32|     1|        16384|
    |local_A1_7_U  |dataflow_in_loop_l_ni1_local_B1_RAM_AUTO_1R1W  |        2|  0|   0|    0|   512|   32|     1|        16384|
    +--------------+-----------------------------------------------+---------+---+----+-----+------+-----+------+-------------+
    |Total         |                                               |       32|  0|   0|    0|  8192|  512|    16|       262144|
    +--------------+-----------------------------------------------+---------+---+----+-----+------+-----+------+-------------+

    * FIFO: 
    +---------------+---------+----+----+-----+------+-----+---------+
    |      Name     | BRAM_18K| FF | LUT| URAM| Depth| Bits| Size:D*B|
    +---------------+---------+----+----+-----+------+-----+---------+
    |local_C1_10_U  |        0|  68|   0|    -|     2|   32|       64|
    |local_C1_11_U  |        0|  68|   0|    -|     2|   32|       64|
    |local_C1_12_U  |        0|  68|   0|    -|     2|   32|       64|
    |local_C1_13_U  |        0|  68|   0|    -|     2|   32|       64|
    |local_C1_14_U  |        0|  68|   0|    -|     2|   32|       64|
    |local_C1_15_U  |        0|  68|   0|    -|     2|   32|       64|
    |local_C1_16_U  |        0|  68|   0|    -|     2|   32|       64|
    |local_C1_17_U  |        0|  68|   0|    -|     2|   32|       64|
    |local_C1_18_U  |        0|  68|   0|    -|     2|   32|       64|
    |local_C1_19_U  |        0|  68|   0|    -|     2|   32|       64|
    |local_C1_1_U   |        0|  68|   0|    -|     2|   32|       64|
    |local_C1_20_U  |        0|  68|   0|    -|     2|   32|       64|
    |local_C1_21_U  |        0|  68|   0|    -|     2|   32|       64|
    |local_C1_22_U  |        0|  68|   0|    -|     2|   32|       64|
    |local_C1_23_U  |        0|  68|   0|    -|     2|   32|       64|
    |local_C1_24_U  |        0|  68|   0|    -|     2|   32|       64|
    |local_C1_25_U  |        0|  68|   0|    -|     2|   32|       64|
    |local_C1_26_U  |        0|  68|   0|    -|     2|   32|       64|
    |local_C1_27_U  |        0|  68|   0|    -|     2|   32|       64|
    |local_C1_28_U  |        0|  68|   0|    -|     2|   32|       64|
    |local_C1_29_U  |        0|  68|   0|    -|     2|   32|       64|
    |local_C1_2_U   |        0|  68|   0|    -|     2|   32|       64|
    |local_C1_30_U  |        0|  68|   0|    -|     2|   32|       64|
    |local_C1_31_U  |        0|  68|   0|    -|     2|   32|       64|
    |local_C1_32_U  |        0|  68|   0|    -|     2|   32|       64|
    |local_C1_33_U  |        0|  68|   0|    -|     2|   32|       64|
    |local_C1_34_U  |        0|  68|   0|    -|     2|   32|       64|
    |local_C1_35_U  |        0|  68|   0|    -|     2|   32|       64|
    |local_C1_36_U  |        0|  68|   0|    -|     2|   32|       64|
    |local_C1_37_U  |        0|  68|   0|    -|     2|   32|       64|
    |local_C1_38_U  |        0|  68|   0|    -|     2|   32|       64|
    |local_C1_39_U  |        0|  68|   0|    -|     2|   32|       64|
    |local_C1_3_U   |        0|  68|   0|    -|     2|   32|       64|
    |local_C1_40_U  |        0|  68|   0|    -|     2|   32|       64|
    |local_C1_41_U  |        0|  68|   0|    -|     2|   32|       64|
    |local_C1_42_U  |        0|  68|   0|    -|     2|   32|       64|
    |local_C1_43_U  |        0|  68|   0|    -|     2|   32|       64|
    |local_C1_44_U  |        0|  68|   0|    -|     2|   32|       64|
    |local_C1_45_U  |        0|  68|   0|    -|     2|   32|       64|
    |local_C1_46_U  |        0|  68|   0|    -|     2|   32|       64|
    |local_C1_47_U  |        0|  68|   0|    -|     2|   32|       64|
    |local_C1_48_U  |        0|  68|   0|    -|     2|   32|       64|
    |local_C1_49_U  |        0|  68|   0|    -|     2|   32|       64|
    |local_C1_4_U   |        0|  68|   0|    -|     2|   32|       64|
    |local_C1_50_U  |        0|  68|   0|    -|     2|   32|       64|
    |local_C1_51_U  |        0|  68|   0|    -|     2|   32|       64|
    |local_C1_52_U  |        0|  68|   0|    -|     2|   32|       64|
    |local_C1_53_U  |        0|  68|   0|    -|     2|   32|       64|
    |local_C1_54_U  |        0|  68|   0|    -|     2|   32|       64|
    |local_C1_55_U  |        0|  68|   0|    -|     2|   32|       64|
    |local_C1_56_U  |        0|  68|   0|    -|     2|   32|       64|
    |local_C1_57_U  |        0|  68|   0|    -|     2|   32|       64|
    |local_C1_58_U  |        0|  68|   0|    -|     2|   32|       64|
    |local_C1_59_U  |        0|  68|   0|    -|     2|   32|       64|
    |local_C1_5_U   |        0|  68|   0|    -|     2|   32|       64|
    |local_C1_60_U  |        0|  68|   0|    -|     2|   32|       64|
    |local_C1_61_U  |        0|  68|   0|    -|     2|   32|       64|
    |local_C1_62_U  |        0|  68|   0|    -|     2|   32|       64|
    |local_C1_63_U  |        0|  68|   0|    -|     2|   32|       64|
    |local_C1_6_U   |        0|  68|   0|    -|     2|   32|       64|
    |local_C1_7_U   |        0|  68|   0|    -|     2|   32|       64|
    |local_C1_8_U   |        0|  68|   0|    -|     2|   32|       64|
    |local_C1_9_U   |        0|  68|   0|    -|     2|   32|       64|
    |local_C1_U     |        0|  68|   0|    -|     2|   32|       64|
    |mi1_c_i_U      |        0|   5|   0|    -|     3|    7|       21|
    |ni1_c_i_U      |        0|   5|   0|    -|     3|    6|       18|
    +---------------+---------+----+----+-----+------+-----+---------+
    |Total          |        0|4362|   0|    0|   134| 2061|     4135|
    +---------------+---------+----+----+-----+------+-----+---------+

    * Expression: 
    +----------------------------------------------------------------------------+----------+----+---+----+------------+------------+
    |                                Variable Name                               | Operation| DSP| FF| LUT| Bitwidth P0| Bitwidth P1|
    +----------------------------------------------------------------------------+----------+----+---+----+------------+------------+
    |ap_channel_done_local_A1                                                    |       and|   0|  0|   2|           1|           1|
    |ap_channel_done_local_A1_1                                                  |       and|   0|  0|   2|           1|           1|
    |ap_channel_done_local_A1_2                                                  |       and|   0|  0|   2|           1|           1|
    |ap_channel_done_local_A1_3                                                  |       and|   0|  0|   2|           1|           1|
    |ap_channel_done_local_A1_4                                                  |       and|   0|  0|   2|           1|           1|
    |ap_channel_done_local_A1_5                                                  |       and|   0|  0|   2|           1|           1|
    |ap_channel_done_local_A1_6                                                  |       and|   0|  0|   2|           1|           1|
    |ap_channel_done_local_A1_7                                                  |       and|   0|  0|   2|           1|           1|
    |ap_channel_done_local_B1                                                    |       and|   0|  0|   2|           1|           1|
    |ap_channel_done_local_B1_1                                                  |       and|   0|  0|   2|           1|           1|
    |ap_channel_done_local_B1_2                                                  |       and|   0|  0|   2|           1|           1|
    |ap_channel_done_local_B1_3                                                  |       and|   0|  0|   2|           1|           1|
    |ap_channel_done_local_B1_4                                                  |       and|   0|  0|   2|           1|           1|
    |ap_channel_done_local_B1_5                                                  |       and|   0|  0|   2|           1|           1|
    |ap_channel_done_local_B1_6                                                  |       and|   0|  0|   2|           1|           1|
    |ap_channel_done_local_B1_7                                                  |       and|   0|  0|   2|           1|           1|
    |ap_channel_done_local_C1                                                    |       and|   0|  0|   2|           1|           1|
    |ap_channel_done_local_C1_1                                                  |       and|   0|  0|   2|           1|           1|
    |ap_channel_done_local_C1_10                                                 |       and|   0|  0|   2|           1|           1|
    |ap_channel_done_local_C1_11                                                 |       and|   0|  0|   2|           1|           1|
    |ap_channel_done_local_C1_12                                                 |       and|   0|  0|   2|           1|           1|
    |ap_channel_done_local_C1_13                                                 |       and|   0|  0|   2|           1|           1|
    |ap_channel_done_local_C1_14                                                 |       and|   0|  0|   2|           1|           1|
    |ap_channel_done_local_C1_15                                                 |       and|   0|  0|   2|           1|           1|
    |ap_channel_done_local_C1_16                                                 |       and|   0|  0|   2|           1|           1|
    |ap_channel_done_local_C1_17                                                 |       and|   0|  0|   2|           1|           1|
    |ap_channel_done_local_C1_18                                                 |       and|   0|  0|   2|           1|           1|
    |ap_channel_done_local_C1_19                                                 |       and|   0|  0|   2|           1|           1|
    |ap_channel_done_local_C1_2                                                  |       and|   0|  0|   2|           1|           1|
    |ap_channel_done_local_C1_20                                                 |       and|   0|  0|   2|           1|           1|
    |ap_channel_done_local_C1_21                                                 |       and|   0|  0|   2|           1|           1|
    |ap_channel_done_local_C1_22                                                 |       and|   0|  0|   2|           1|           1|
    |ap_channel_done_local_C1_23                                                 |       and|   0|  0|   2|           1|           1|
    |ap_channel_done_local_C1_24                                                 |       and|   0|  0|   2|           1|           1|
    |ap_channel_done_local_C1_25                                                 |       and|   0|  0|   2|           1|           1|
    |ap_channel_done_local_C1_26                                                 |       and|   0|  0|   2|           1|           1|
    |ap_channel_done_local_C1_27                                                 |       and|   0|  0|   2|           1|           1|
    |ap_channel_done_local_C1_28                                                 |       and|   0|  0|   2|           1|           1|
    |ap_channel_done_local_C1_29                                                 |       and|   0|  0|   2|           1|           1|
    |ap_channel_done_local_C1_3                                                  |       and|   0|  0|   2|           1|           1|
    |ap_channel_done_local_C1_30                                                 |       and|   0|  0|   2|           1|           1|
    |ap_channel_done_local_C1_31                                                 |       and|   0|  0|   2|           1|           1|
    |ap_channel_done_local_C1_32                                                 |       and|   0|  0|   2|           1|           1|
    |ap_channel_done_local_C1_33                                                 |       and|   0|  0|   2|           1|           1|
    |ap_channel_done_local_C1_34                                                 |       and|   0|  0|   2|           1|           1|
    |ap_channel_done_local_C1_35                                                 |       and|   0|  0|   2|           1|           1|
    |ap_channel_done_local_C1_36                                                 |       and|   0|  0|   2|           1|           1|
    |ap_channel_done_local_C1_37                                                 |       and|   0|  0|   2|           1|           1|
    |ap_channel_done_local_C1_38                                                 |       and|   0|  0|   2|           1|           1|
    |ap_channel_done_local_C1_39                                                 |       and|   0|  0|   2|           1|           1|
    |ap_channel_done_local_C1_4                                                  |       and|   0|  0|   2|           1|           1|
    |ap_channel_done_local_C1_40                                                 |       and|   0|  0|   2|           1|           1|
    |ap_channel_done_local_C1_41                                                 |       and|   0|  0|   2|           1|           1|
    |ap_channel_done_local_C1_42                                                 |       and|   0|  0|   2|           1|           1|
    |ap_channel_done_local_C1_43                                                 |       and|   0|  0|   2|           1|           1|
    |ap_channel_done_local_C1_44                                                 |       and|   0|  0|   2|           1|           1|
    |ap_channel_done_local_C1_45                                                 |       and|   0|  0|   2|           1|           1|
    |ap_channel_done_local_C1_46                                                 |       and|   0|  0|   2|           1|           1|
    |ap_channel_done_local_C1_47                                                 |       and|   0|  0|   2|           1|           1|
    |ap_channel_done_local_C1_48                                                 |       and|   0|  0|   2|           1|           1|
    |ap_channel_done_local_C1_49                                                 |       and|   0|  0|   2|           1|           1|
    |ap_channel_done_local_C1_5                                                  |       and|   0|  0|   2|           1|           1|
    |ap_channel_done_local_C1_50                                                 |       and|   0|  0|   2|           1|           1|
    |ap_channel_done_local_C1_51                                                 |       and|   0|  0|   2|           1|           1|
    |ap_channel_done_local_C1_52                                                 |       and|   0|  0|   2|           1|           1|
    |ap_channel_done_local_C1_53                                                 |       and|   0|  0|   2|           1|           1|
    |ap_channel_done_local_C1_54                                                 |       and|   0|  0|   2|           1|           1|
    |ap_channel_done_local_C1_55                                                 |       and|   0|  0|   2|           1|           1|
    |ap_channel_done_local_C1_56                                                 |       and|   0|  0|   2|           1|           1|
    |ap_channel_done_local_C1_57                                                 |       and|   0|  0|   2|           1|           1|
    |ap_channel_done_local_C1_58                                                 |       and|   0|  0|   2|           1|           1|
    |ap_channel_done_local_C1_59                                                 |       and|   0|  0|   2|           1|           1|
    |ap_channel_done_local_C1_6                                                  |       and|   0|  0|   2|           1|           1|
    |ap_channel_done_local_C1_60                                                 |       and|   0|  0|   2|           1|           1|
    |ap_channel_done_local_C1_61                                                 |       and|   0|  0|   2|           1|           1|
    |ap_channel_done_local_C1_62                                                 |       and|   0|  0|   2|           1|           1|
    |ap_channel_done_local_C1_63                                                 |       and|   0|  0|   2|           1|           1|
    |ap_channel_done_local_C1_7                                                  |       and|   0|  0|   2|           1|           1|
    |ap_channel_done_local_C1_8                                                  |       and|   0|  0|   2|           1|           1|
    |ap_channel_done_local_C1_9                                                  |       and|   0|  0|   2|           1|           1|
    |ap_idle                                                                     |       and|   0|  0|   2|           1|           1|
    |ap_sync_ready                                                               |       and|   0|  0|   2|           1|           1|
    |dataflow_in_loop_l_ni1_Loop_l_load_A_tile_ak1_proc4426_U0_ap_continue       |       and|   0|  0|   2|           1|           1|
    |dataflow_in_loop_l_ni1_Loop_l_load_A_tile_ak1_proc4426_U0_ap_start          |       and|   0|  0|   2|           1|           1|
    |dataflow_in_loop_l_ni1_Loop_l_load_B_tile_bk1_proc4527_U0_ap_continue       |       and|   0|  0|   2|           1|           1|
    |dataflow_in_loop_l_ni1_Loop_l_load_B_tile_bk1_proc4527_U0_ap_start          |       and|   0|  0|   2|           1|           1|
    |dataflow_in_loop_l_ni1_Loop_l_store_C_tile_sj1_proc47_U0_ap_start           |       and|   0|  0|   2|           1|           1|
    |systolic_tile_Q46_U0_ap_continue                                            |       and|   0|  0|   2|           1|           1|
    |systolic_tile_Q46_U0_ap_start                                               |       and|   0|  0|   2|           1|           1|
    |ap_sync_channel_write_local_A1                                              |        or|   0|  0|   2|           1|           1|
    |ap_sync_channel_write_local_A1_1                                            |        or|   0|  0|   2|           1|           1|
    |ap_sync_channel_write_local_A1_2                                            |        or|   0|  0|   2|           1|           1|
    |ap_sync_channel_write_local_A1_3                                            |        or|   0|  0|   2|           1|           1|
    |ap_sync_channel_write_local_A1_4                                            |        or|   0|  0|   2|           1|           1|
    |ap_sync_channel_write_local_A1_5                                            |        or|   0|  0|   2|           1|           1|
    |ap_sync_channel_write_local_A1_6                                            |        or|   0|  0|   2|           1|           1|
    |ap_sync_channel_write_local_A1_7                                            |        or|   0|  0|   2|           1|           1|
    |ap_sync_channel_write_local_B1                                              |        or|   0|  0|   2|           1|           1|
    |ap_sync_channel_write_local_B1_1                                            |        or|   0|  0|   2|           1|           1|
    |ap_sync_channel_write_local_B1_2                                            |        or|   0|  0|   2|           1|           1|
    |ap_sync_channel_write_local_B1_3                                            |        or|   0|  0|   2|           1|           1|
    |ap_sync_channel_write_local_B1_4                                            |        or|   0|  0|   2|           1|           1|
    |ap_sync_channel_write_local_B1_5                                            |        or|   0|  0|   2|           1|           1|
    |ap_sync_channel_write_local_B1_6                                            |        or|   0|  0|   2|           1|           1|
    |ap_sync_channel_write_local_B1_7                                            |        or|   0|  0|   2|           1|           1|
    |ap_sync_channel_write_local_C1                                              |        or|   0|  0|   2|           1|           1|
    |ap_sync_channel_write_local_C1_1                                            |        or|   0|  0|   2|           1|           1|
    |ap_sync_channel_write_local_C1_10                                           |        or|   0|  0|   2|           1|           1|
    |ap_sync_channel_write_local_C1_11                                           |        or|   0|  0|   2|           1|           1|
    |ap_sync_channel_write_local_C1_12                                           |        or|   0|  0|   2|           1|           1|
    |ap_sync_channel_write_local_C1_13                                           |        or|   0|  0|   2|           1|           1|
    |ap_sync_channel_write_local_C1_14                                           |        or|   0|  0|   2|           1|           1|
    |ap_sync_channel_write_local_C1_15                                           |        or|   0|  0|   2|           1|           1|
    |ap_sync_channel_write_local_C1_16                                           |        or|   0|  0|   2|           1|           1|
    |ap_sync_channel_write_local_C1_17                                           |        or|   0|  0|   2|           1|           1|
    |ap_sync_channel_write_local_C1_18                                           |        or|   0|  0|   2|           1|           1|
    |ap_sync_channel_write_local_C1_19                                           |        or|   0|  0|   2|           1|           1|
    |ap_sync_channel_write_local_C1_2                                            |        or|   0|  0|   2|           1|           1|
    |ap_sync_channel_write_local_C1_20                                           |        or|   0|  0|   2|           1|           1|
    |ap_sync_channel_write_local_C1_21                                           |        or|   0|  0|   2|           1|           1|
    |ap_sync_channel_write_local_C1_22                                           |        or|   0|  0|   2|           1|           1|
    |ap_sync_channel_write_local_C1_23                                           |        or|   0|  0|   2|           1|           1|
    |ap_sync_channel_write_local_C1_24                                           |        or|   0|  0|   2|           1|           1|
    |ap_sync_channel_write_local_C1_25                                           |        or|   0|  0|   2|           1|           1|
    |ap_sync_channel_write_local_C1_26                                           |        or|   0|  0|   2|           1|           1|
    |ap_sync_channel_write_local_C1_27                                           |        or|   0|  0|   2|           1|           1|
    |ap_sync_channel_write_local_C1_28                                           |        or|   0|  0|   2|           1|           1|
    |ap_sync_channel_write_local_C1_29                                           |        or|   0|  0|   2|           1|           1|
    |ap_sync_channel_write_local_C1_3                                            |        or|   0|  0|   2|           1|           1|
    |ap_sync_channel_write_local_C1_30                                           |        or|   0|  0|   2|           1|           1|
    |ap_sync_channel_write_local_C1_31                                           |        or|   0|  0|   2|           1|           1|
    |ap_sync_channel_write_local_C1_32                                           |        or|   0|  0|   2|           1|           1|
    |ap_sync_channel_write_local_C1_33                                           |        or|   0|  0|   2|           1|           1|
    |ap_sync_channel_write_local_C1_34                                           |        or|   0|  0|   2|           1|           1|
    |ap_sync_channel_write_local_C1_35                                           |        or|   0|  0|   2|           1|           1|
    |ap_sync_channel_write_local_C1_36                                           |        or|   0|  0|   2|           1|           1|
    |ap_sync_channel_write_local_C1_37                                           |        or|   0|  0|   2|           1|           1|
    |ap_sync_channel_write_local_C1_38                                           |        or|   0|  0|   2|           1|           1|
    |ap_sync_channel_write_local_C1_39                                           |        or|   0|  0|   2|           1|           1|
    |ap_sync_channel_write_local_C1_4                                            |        or|   0|  0|   2|           1|           1|
    |ap_sync_channel_write_local_C1_40                                           |        or|   0|  0|   2|           1|           1|
    |ap_sync_channel_write_local_C1_41                                           |        or|   0|  0|   2|           1|           1|
    |ap_sync_channel_write_local_C1_42                                           |        or|   0|  0|   2|           1|           1|
    |ap_sync_channel_write_local_C1_43                                           |        or|   0|  0|   2|           1|           1|
    |ap_sync_channel_write_local_C1_44                                           |        or|   0|  0|   2|           1|           1|
    |ap_sync_channel_write_local_C1_45                                           |        or|   0|  0|   2|           1|           1|
    |ap_sync_channel_write_local_C1_46                                           |        or|   0|  0|   2|           1|           1|
    |ap_sync_channel_write_local_C1_47                                           |        or|   0|  0|   2|           1|           1|
    |ap_sync_channel_write_local_C1_48                                           |        or|   0|  0|   2|           1|           1|
    |ap_sync_channel_write_local_C1_49                                           |        or|   0|  0|   2|           1|           1|
    |ap_sync_channel_write_local_C1_5                                            |        or|   0|  0|   2|           1|           1|
    |ap_sync_channel_write_local_C1_50                                           |        or|   0|  0|   2|           1|           1|
    |ap_sync_channel_write_local_C1_51                                           |        or|   0|  0|   2|           1|           1|
    |ap_sync_channel_write_local_C1_52                                           |        or|   0|  0|   2|           1|           1|
    |ap_sync_channel_write_local_C1_53                                           |        or|   0|  0|   2|           1|           1|
    |ap_sync_channel_write_local_C1_54                                           |        or|   0|  0|   2|           1|           1|
    |ap_sync_channel_write_local_C1_55                                           |        or|   0|  0|   2|           1|           1|
    |ap_sync_channel_write_local_C1_56                                           |        or|   0|  0|   2|           1|           1|
    |ap_sync_channel_write_local_C1_57                                           |        or|   0|  0|   2|           1|           1|
    |ap_sync_channel_write_local_C1_58                                           |        or|   0|  0|   2|           1|           1|
    |ap_sync_channel_write_local_C1_59                                           |        or|   0|  0|   2|           1|           1|
    |ap_sync_channel_write_local_C1_6                                            |        or|   0|  0|   2|           1|           1|
    |ap_sync_channel_write_local_C1_60                                           |        or|   0|  0|   2|           1|           1|
    |ap_sync_channel_write_local_C1_61                                           |        or|   0|  0|   2|           1|           1|
    |ap_sync_channel_write_local_C1_62                                           |        or|   0|  0|   2|           1|           1|
    |ap_sync_channel_write_local_C1_63                                           |        or|   0|  0|   2|           1|           1|
    |ap_sync_channel_write_local_C1_7                                            |        or|   0|  0|   2|           1|           1|
    |ap_sync_channel_write_local_C1_8                                            |        or|   0|  0|   2|           1|           1|
    |ap_sync_channel_write_local_C1_9                                            |        or|   0|  0|   2|           1|           1|
    |ap_sync_dataflow_in_loop_l_ni1_Loop_l_load_A_tile_ak1_proc4426_U0_ap_ready  |        or|   0|  0|   2|           1|           1|
    |ap_sync_dataflow_in_loop_l_ni1_Loop_l_load_B_tile_bk1_proc4527_U0_ap_ready  |        or|   0|  0|   2|           1|           1|
    +----------------------------------------------------------------------------+----------+----+---+----+------------+------------+
    |Total                                                                       |          |   0|  0| 342|         171|         171|
    +----------------------------------------------------------------------------+----------+----+---+----+------------+------------+

    * Multiplexer: 
    +--------------------------------------------------------------------------------+----+-----------+-----+-----------+
    |                                      Name                                      | LUT| Input Size| Bits| Total Bits|
    +--------------------------------------------------------------------------------+----+-----------+-----+-----------+
    |ap_sync_reg_channel_write_local_A1                                              |   9|          2|    1|          2|
    |ap_sync_reg_channel_write_local_A1_1                                            |   9|          2|    1|          2|
    |ap_sync_reg_channel_write_local_A1_2                                            |   9|          2|    1|          2|
    |ap_sync_reg_channel_write_local_A1_3                                            |   9|          2|    1|          2|
    |ap_sync_reg_channel_write_local_A1_4                                            |   9|          2|    1|          2|
    |ap_sync_reg_channel_write_local_A1_5                                            |   9|          2|    1|          2|
    |ap_sync_reg_channel_write_local_A1_6                                            |   9|          2|    1|          2|
    |ap_sync_reg_channel_write_local_A1_7                                            |   9|          2|    1|          2|
    |ap_sync_reg_channel_write_local_B1                                              |   9|          2|    1|          2|
    |ap_sync_reg_channel_write_local_B1_1                                            |   9|          2|    1|          2|
    |ap_sync_reg_channel_write_local_B1_2                                            |   9|          2|    1|          2|
    |ap_sync_reg_channel_write_local_B1_3                                            |   9|          2|    1|          2|
    |ap_sync_reg_channel_write_local_B1_4                                            |   9|          2|    1|          2|
    |ap_sync_reg_channel_write_local_B1_5                                            |   9|          2|    1|          2|
    |ap_sync_reg_channel_write_local_B1_6                                            |   9|          2|    1|          2|
    |ap_sync_reg_channel_write_local_B1_7                                            |   9|          2|    1|          2|
    |ap_sync_reg_channel_write_local_C1                                              |   9|          2|    1|          2|
    |ap_sync_reg_channel_write_local_C1_1                                            |   9|          2|    1|          2|
    |ap_sync_reg_channel_write_local_C1_10                                           |   9|          2|    1|          2|
    |ap_sync_reg_channel_write_local_C1_11                                           |   9|          2|    1|          2|
    |ap_sync_reg_channel_write_local_C1_12                                           |   9|          2|    1|          2|
    |ap_sync_reg_channel_write_local_C1_13                                           |   9|          2|    1|          2|
    |ap_sync_reg_channel_write_local_C1_14                                           |   9|          2|    1|          2|
    |ap_sync_reg_channel_write_local_C1_15                                           |   9|          2|    1|          2|
    |ap_sync_reg_channel_write_local_C1_16                                           |   9|          2|    1|          2|
    |ap_sync_reg_channel_write_local_C1_17                                           |   9|          2|    1|          2|
    |ap_sync_reg_channel_write_local_C1_18                                           |   9|          2|    1|          2|
    |ap_sync_reg_channel_write_local_C1_19                                           |   9|          2|    1|          2|
    |ap_sync_reg_channel_write_local_C1_2                                            |   9|          2|    1|          2|
    |ap_sync_reg_channel_write_local_C1_20                                           |   9|          2|    1|          2|
    |ap_sync_reg_channel_write_local_C1_21                                           |   9|          2|    1|          2|
    |ap_sync_reg_channel_write_local_C1_22                                           |   9|          2|    1|          2|
    |ap_sync_reg_channel_write_local_C1_23                                           |   9|          2|    1|          2|
    |ap_sync_reg_channel_write_local_C1_24                                           |   9|          2|    1|          2|
    |ap_sync_reg_channel_write_local_C1_25                                           |   9|          2|    1|          2|
    |ap_sync_reg_channel_write_local_C1_26                                           |   9|          2|    1|          2|
    |ap_sync_reg_channel_write_local_C1_27                                           |   9|          2|    1|          2|
    |ap_sync_reg_channel_write_local_C1_28                                           |   9|          2|    1|          2|
    |ap_sync_reg_channel_write_local_C1_29                                           |   9|          2|    1|          2|
    |ap_sync_reg_channel_write_local_C1_3                                            |   9|          2|    1|          2|
    |ap_sync_reg_channel_write_local_C1_30                                           |   9|          2|    1|          2|
    |ap_sync_reg_channel_write_local_C1_31                                           |   9|          2|    1|          2|
    |ap_sync_reg_channel_write_local_C1_32                                           |   9|          2|    1|          2|
    |ap_sync_reg_channel_write_local_C1_33                                           |   9|          2|    1|          2|
    |ap_sync_reg_channel_write_local_C1_34                                           |   9|          2|    1|          2|
    |ap_sync_reg_channel_write_local_C1_35                                           |   9|          2|    1|          2|
    |ap_sync_reg_channel_write_local_C1_36                                           |   9|          2|    1|          2|
    |ap_sync_reg_channel_write_local_C1_37                                           |   9|          2|    1|          2|
    |ap_sync_reg_channel_write_local_C1_38                                           |   9|          2|    1|          2|
    |ap_sync_reg_channel_write_local_C1_39                                           |   9|          2|    1|          2|
    |ap_sync_reg_channel_write_local_C1_4                                            |   9|          2|    1|          2|
    |ap_sync_reg_channel_write_local_C1_40                                           |   9|          2|    1|          2|
    |ap_sync_reg_channel_write_local_C1_41                                           |   9|          2|    1|          2|
    |ap_sync_reg_channel_write_local_C1_42                                           |   9|          2|    1|          2|
    |ap_sync_reg_channel_write_local_C1_43                                           |   9|          2|    1|          2|
    |ap_sync_reg_channel_write_local_C1_44                                           |   9|          2|    1|          2|
    |ap_sync_reg_channel_write_local_C1_45                                           |   9|          2|    1|          2|
    |ap_sync_reg_channel_write_local_C1_46                                           |   9|          2|    1|          2|
    |ap_sync_reg_channel_write_local_C1_47                                           |   9|          2|    1|          2|
    |ap_sync_reg_channel_write_local_C1_48                                           |   9|          2|    1|          2|
    |ap_sync_reg_channel_write_local_C1_49                                           |   9|          2|    1|          2|
    |ap_sync_reg_channel_write_local_C1_5                                            |   9|          2|    1|          2|
    |ap_sync_reg_channel_write_local_C1_50                                           |   9|          2|    1|          2|
    |ap_sync_reg_channel_write_local_C1_51                                           |   9|          2|    1|          2|
    |ap_sync_reg_channel_write_local_C1_52                                           |   9|          2|    1|          2|
    |ap_sync_reg_channel_write_local_C1_53                                           |   9|          2|    1|          2|
    |ap_sync_reg_channel_write_local_C1_54                                           |   9|          2|    1|          2|
    |ap_sync_reg_channel_write_local_C1_55                                           |   9|          2|    1|          2|
    |ap_sync_reg_channel_write_local_C1_56                                           |   9|          2|    1|          2|
    |ap_sync_reg_channel_write_local_C1_57                                           |   9|          2|    1|          2|
    |ap_sync_reg_channel_write_local_C1_58                                           |   9|          2|    1|          2|
    |ap_sync_reg_channel_write_local_C1_59                                           |   9|          2|    1|          2|
    |ap_sync_reg_channel_write_local_C1_6                                            |   9|          2|    1|          2|
    |ap_sync_reg_channel_write_local_C1_60                                           |   9|          2|    1|          2|
    |ap_sync_reg_channel_write_local_C1_61                                           |   9|          2|    1|          2|
    |ap_sync_reg_channel_write_local_C1_62                                           |   9|          2|    1|          2|
    |ap_sync_reg_channel_write_local_C1_63                                           |   9|          2|    1|          2|
    |ap_sync_reg_channel_write_local_C1_7                                            |   9|          2|    1|          2|
    |ap_sync_reg_channel_write_local_C1_8                                            |   9|          2|    1|          2|
    |ap_sync_reg_channel_write_local_C1_9                                            |   9|          2|    1|          2|
    |ap_sync_reg_dataflow_in_loop_l_ni1_Loop_l_load_A_tile_ak1_proc4426_U0_ap_ready  |   9|          2|    1|          2|
    |ap_sync_reg_dataflow_in_loop_l_ni1_Loop_l_load_B_tile_bk1_proc4527_U0_ap_ready  |   9|          2|    1|          2|
    +--------------------------------------------------------------------------------+----+-----------+-----+-----------+
    |Total                                                                           | 738|        164|   82|        164|
    +--------------------------------------------------------------------------------+----+-----------+-----+-----------+

    * Register: 
    +--------------------------------------------------------------------------------+---+----+-----+-----------+
    |                                      Name                                      | FF| LUT| Bits| Const Bits|
    +--------------------------------------------------------------------------------+---+----+-----+-----------+
    |ap_sync_reg_channel_write_local_A1                                              |  1|   0|    1|          0|
    |ap_sync_reg_channel_write_local_A1_1                                            |  1|   0|    1|          0|
    |ap_sync_reg_channel_write_local_A1_2                                            |  1|   0|    1|          0|
    |ap_sync_reg_channel_write_local_A1_3                                            |  1|   0|    1|          0|
    |ap_sync_reg_channel_write_local_A1_4                                            |  1|   0|    1|          0|
    |ap_sync_reg_channel_write_local_A1_5                                            |  1|   0|    1|          0|
    |ap_sync_reg_channel_write_local_A1_6                                            |  1|   0|    1|          0|
    |ap_sync_reg_channel_write_local_A1_7                                            |  1|   0|    1|          0|
    |ap_sync_reg_channel_write_local_B1                                              |  1|   0|    1|          0|
    |ap_sync_reg_channel_write_local_B1_1                                            |  1|   0|    1|          0|
    |ap_sync_reg_channel_write_local_B1_2                                            |  1|   0|    1|          0|
    |ap_sync_reg_channel_write_local_B1_3                                            |  1|   0|    1|          0|
    |ap_sync_reg_channel_write_local_B1_4                                            |  1|   0|    1|          0|
    |ap_sync_reg_channel_write_local_B1_5                                            |  1|   0|    1|          0|
    |ap_sync_reg_channel_write_local_B1_6                                            |  1|   0|    1|          0|
    |ap_sync_reg_channel_write_local_B1_7                                            |  1|   0|    1|          0|
    |ap_sync_reg_channel_write_local_C1                                              |  1|   0|    1|          0|
    |ap_sync_reg_channel_write_local_C1_1                                            |  1|   0|    1|          0|
    |ap_sync_reg_channel_write_local_C1_10                                           |  1|   0|    1|          0|
    |ap_sync_reg_channel_write_local_C1_11                                           |  1|   0|    1|          0|
    |ap_sync_reg_channel_write_local_C1_12                                           |  1|   0|    1|          0|
    |ap_sync_reg_channel_write_local_C1_13                                           |  1|   0|    1|          0|
    |ap_sync_reg_channel_write_local_C1_14                                           |  1|   0|    1|          0|
    |ap_sync_reg_channel_write_local_C1_15                                           |  1|   0|    1|          0|
    |ap_sync_reg_channel_write_local_C1_16                                           |  1|   0|    1|          0|
    |ap_sync_reg_channel_write_local_C1_17                                           |  1|   0|    1|          0|
    |ap_sync_reg_channel_write_local_C1_18                                           |  1|   0|    1|          0|
    |ap_sync_reg_channel_write_local_C1_19                                           |  1|   0|    1|          0|
    |ap_sync_reg_channel_write_local_C1_2                                            |  1|   0|    1|          0|
    |ap_sync_reg_channel_write_local_C1_20                                           |  1|   0|    1|          0|
    |ap_sync_reg_channel_write_local_C1_21                                           |  1|   0|    1|          0|
    |ap_sync_reg_channel_write_local_C1_22                                           |  1|   0|    1|          0|
    |ap_sync_reg_channel_write_local_C1_23                                           |  1|   0|    1|          0|
    |ap_sync_reg_channel_write_local_C1_24                                           |  1|   0|    1|          0|
    |ap_sync_reg_channel_write_local_C1_25                                           |  1|   0|    1|          0|
    |ap_sync_reg_channel_write_local_C1_26                                           |  1|   0|    1|          0|
    |ap_sync_reg_channel_write_local_C1_27                                           |  1|   0|    1|          0|
    |ap_sync_reg_channel_write_local_C1_28                                           |  1|   0|    1|          0|
    |ap_sync_reg_channel_write_local_C1_29                                           |  1|   0|    1|          0|
    |ap_sync_reg_channel_write_local_C1_3                                            |  1|   0|    1|          0|
    |ap_sync_reg_channel_write_local_C1_30                                           |  1|   0|    1|          0|
    |ap_sync_reg_channel_write_local_C1_31                                           |  1|   0|    1|          0|
    |ap_sync_reg_channel_write_local_C1_32                                           |  1|   0|    1|          0|
    |ap_sync_reg_channel_write_local_C1_33                                           |  1|   0|    1|          0|
    |ap_sync_reg_channel_write_local_C1_34                                           |  1|   0|    1|          0|
    |ap_sync_reg_channel_write_local_C1_35                                           |  1|   0|    1|          0|
    |ap_sync_reg_channel_write_local_C1_36                                           |  1|   0|    1|          0|
    |ap_sync_reg_channel_write_local_C1_37                                           |  1|   0|    1|          0|
    |ap_sync_reg_channel_write_local_C1_38                                           |  1|   0|    1|          0|
    |ap_sync_reg_channel_write_local_C1_39                                           |  1|   0|    1|          0|
    |ap_sync_reg_channel_write_local_C1_4                                            |  1|   0|    1|          0|
    |ap_sync_reg_channel_write_local_C1_40                                           |  1|   0|    1|          0|
    |ap_sync_reg_channel_write_local_C1_41                                           |  1|   0|    1|          0|
    |ap_sync_reg_channel_write_local_C1_42                                           |  1|   0|    1|          0|
    |ap_sync_reg_channel_write_local_C1_43                                           |  1|   0|    1|          0|
    |ap_sync_reg_channel_write_local_C1_44                                           |  1|   0|    1|          0|
    |ap_sync_reg_channel_write_local_C1_45                                           |  1|   0|    1|          0|
    |ap_sync_reg_channel_write_local_C1_46                                           |  1|   0|    1|          0|
    |ap_sync_reg_channel_write_local_C1_47                                           |  1|   0|    1|          0|
    |ap_sync_reg_channel_write_local_C1_48                                           |  1|   0|    1|          0|
    |ap_sync_reg_channel_write_local_C1_49                                           |  1|   0|    1|          0|
    |ap_sync_reg_channel_write_local_C1_5                                            |  1|   0|    1|          0|
    |ap_sync_reg_channel_write_local_C1_50                                           |  1|   0|    1|          0|
    |ap_sync_reg_channel_write_local_C1_51                                           |  1|   0|    1|          0|
    |ap_sync_reg_channel_write_local_C1_52                                           |  1|   0|    1|          0|
    |ap_sync_reg_channel_write_local_C1_53                                           |  1|   0|    1|          0|
    |ap_sync_reg_channel_write_local_C1_54                                           |  1|   0|    1|          0|
    |ap_sync_reg_channel_write_local_C1_55                                           |  1|   0|    1|          0|
    |ap_sync_reg_channel_write_local_C1_56                                           |  1|   0|    1|          0|
    |ap_sync_reg_channel_write_local_C1_57                                           |  1|   0|    1|          0|
    |ap_sync_reg_channel_write_local_C1_58                                           |  1|   0|    1|          0|
    |ap_sync_reg_channel_write_local_C1_59                                           |  1|   0|    1|          0|
    |ap_sync_reg_channel_write_local_C1_6                                            |  1|   0|    1|          0|
    |ap_sync_reg_channel_write_local_C1_60                                           |  1|   0|    1|          0|
    |ap_sync_reg_channel_write_local_C1_61                                           |  1|   0|    1|          0|
    |ap_sync_reg_channel_write_local_C1_62                                           |  1|   0|    1|          0|
    |ap_sync_reg_channel_write_local_C1_63                                           |  1|   0|    1|          0|
    |ap_sync_reg_channel_write_local_C1_7                                            |  1|   0|    1|          0|
    |ap_sync_reg_channel_write_local_C1_8                                            |  1|   0|    1|          0|
    |ap_sync_reg_channel_write_local_C1_9                                            |  1|   0|    1|          0|
    |ap_sync_reg_dataflow_in_loop_l_ni1_Loop_l_load_A_tile_ak1_proc4426_U0_ap_ready  |  1|   0|    1|          0|
    |ap_sync_reg_dataflow_in_loop_l_ni1_Loop_l_load_B_tile_bk1_proc4527_U0_ap_ready  |  1|   0|    1|          0|
    +--------------------------------------------------------------------------------+---+----+-----+-----------+
    |Total                                                                           | 82|   0|   82|          0|
    +--------------------------------------------------------------------------------+---+----+-----+-----------+



================================================================
== Interface
================================================================
* Summary: 
+----------------+-----+-----+------------+------------------------+--------------+
|    RTL Ports   | Dir | Bits|  Protocol  |      Source Object     |    C Type    |
+----------------+-----+-----+------------+------------------------+--------------+
|ap_clk          |   in|    1|  ap_ctrl_hs|  dataflow_in_loop_l_ni1|  return value|
|ap_rst          |   in|    1|  ap_ctrl_hs|  dataflow_in_loop_l_ni1|  return value|
|ap_start        |   in|    1|  ap_ctrl_hs|  dataflow_in_loop_l_ni1|  return value|
|ap_done         |  out|    1|  ap_ctrl_hs|  dataflow_in_loop_l_ni1|  return value|
|ap_ready        |  out|    1|  ap_ctrl_hs|  dataflow_in_loop_l_ni1|  return value|
|ap_idle         |  out|    1|  ap_ctrl_hs|  dataflow_in_loop_l_ni1|  return value|
|ap_continue     |   in|    1|  ap_ctrl_hs|  dataflow_in_loop_l_ni1|  return value|
|ni1             |   in|    7|     ap_none|                     ni1|        scalar|
|ni1_ap_vld      |   in|    1|     ap_none|                     ni1|        scalar|
|mi1             |   in|    7|     ap_none|                     mi1|        scalar|
|mi1_ap_vld      |   in|    1|     ap_none|                     mi1|        scalar|
|v1933_address0  |  out|   19|   ap_memory|                   v1933|         array|
|v1933_ce0       |  out|    1|   ap_memory|                   v1933|         array|
|v1933_d0        |  out|   32|   ap_memory|                   v1933|         array|
|v1933_q0        |   in|   32|   ap_memory|                   v1933|         array|
|v1933_we0       |  out|    1|   ap_memory|                   v1933|         array|
|v1933_address1  |  out|   19|   ap_memory|                   v1933|         array|
|v1933_ce1       |  out|    1|   ap_memory|                   v1933|         array|
|v1933_d1        |  out|   32|   ap_memory|                   v1933|         array|
|v1933_q1        |   in|   32|   ap_memory|                   v1933|         array|
|v1933_we1       |  out|    1|   ap_memory|                   v1933|         array|
|v1932_address0  |  out|   18|   ap_memory|                   v1932|         array|
|v1932_ce0       |  out|    1|   ap_memory|                   v1932|         array|
|v1932_d0        |  out|   32|   ap_memory|                   v1932|         array|
|v1932_q0        |   in|   32|   ap_memory|                   v1932|         array|
|v1932_we0       |  out|    1|   ap_memory|                   v1932|         array|
|v1932_address1  |  out|   18|   ap_memory|                   v1932|         array|
|v1932_ce1       |  out|    1|   ap_memory|                   v1932|         array|
|v1932_d1        |  out|   32|   ap_memory|                   v1932|         array|
|v1932_q1        |   in|   32|   ap_memory|                   v1932|         array|
|v1932_we1       |  out|    1|   ap_memory|                   v1932|         array|
|v1931_address0  |  out|   19|   ap_memory|                   v1931|         array|
|v1931_ce0       |  out|    1|   ap_memory|                   v1931|         array|
|v1931_d0        |  out|   32|   ap_memory|                   v1931|         array|
|v1931_q0        |   in|   32|   ap_memory|                   v1931|         array|
|v1931_we0       |  out|    1|   ap_memory|                   v1931|         array|
|v1931_address1  |  out|   19|   ap_memory|                   v1931|         array|
|v1931_ce1       |  out|    1|   ap_memory|                   v1931|         array|
|v1931_d1        |  out|   32|   ap_memory|                   v1931|         array|
|v1931_q1        |   in|   32|   ap_memory|                   v1931|         array|
|v1931_we1       |  out|    1|   ap_memory|                   v1931|         array|
+----------------+-----+-----+------------+------------------------+--------------+

============================================================
+ Verbose Summary: Synthesis Manager
============================================================
InlineROM: 1
ExposeGlobal: 0
============================================================
+ Verbose Summary: CDFG Model
============================================================
IsTopModel: 0
ResetActiveHigh: 1
IsCombinational: 2
IsDatapathOnly: 0
HasWiredReturn: 1
HasMFsm: 0
HasVarLatency: 1
IsPipeline: 0
IsRtlPipelined: 0
IsInstanceOverlapped: 0
IsDontTouch: 0
HasImplIP: 0
IsGatedGlobalClock: 0


============================================================
+ Verbose Summary: Schedule
============================================================
* Number of FSM states : 6
* Pipeline : 0
* Dataflow Pipeline: 1
  DF-Pipeline-0: Size = 6, States = { 1 2 3 4 5 6 }

* FSM state transitions: 
1 --> 2 
2 --> 3 
3 --> 4 
4 --> 5 
5 --> 6 
6 --> 

* FSM state operations: 

State 1 <SV = 0> <Delay = 7.52>
ST_1 : Operation 7 [1/1] (0.00ns)   --->   "%mi1_read = read i7 @_ssdm_op_Read.ap_auto.i7, i7 %mi1"   --->   Operation 7 'read' 'mi1_read' <Predicate = true> <Delay = 0.00>
ST_1 : Operation 8 [1/1] (0.00ns)   --->   "%ni1_read = read i7 @_ssdm_op_Read.ap_auto.i7, i7 %ni1"   --->   Operation 8 'read' 'ni1_read' <Predicate = true> <Delay = 0.00>
ST_1 : Operation 9 [1/1] (0.00ns)   --->   "%empty = trunc i7 %ni1_read"   --->   Operation 9 'trunc' 'empty' <Predicate = true> <Delay = 0.00>
ST_1 : Operation 10 [1/1] (0.00ns)   --->   "%local_C1 = alloca i64 1" [/home/silvenchen/Desktop/DitBlock/WorkDCT/DitBlock/kernel.cpp:3490->/home/silvenchen/Desktop/DitBlock/WorkDCT/DitBlock/kernel.cpp:3490->/home/silvenchen/Desktop/DitBlock/WorkDCT/DitBlock/kernel.cpp:3490]   --->   Operation 10 'alloca' 'local_C1' <Predicate = true> <Delay = 0.00> <CoreInst = "FIFO_SRL">   --->   Core 81 'FIFO_SRL' <Latency = 0> <II = 1> <Delay = 1.39> <Storage> <Opcode : 'read' 'write' 'nbread' 'nbwrite'> <Ports = 0> <Width = 32> <Depth = 2> <FIFO>
ST_1 : Operation 11 [1/1] (0.00ns)   --->   "%local_C1_1 = alloca i64 1" [/home/silvenchen/Desktop/DitBlock/WorkDCT/DitBlock/kernel.cpp:3490->/home/silvenchen/Desktop/DitBlock/WorkDCT/DitBlock/kernel.cpp:3490->/home/silvenchen/Desktop/DitBlock/WorkDCT/DitBlock/kernel.cpp:3490]   --->   Operation 11 'alloca' 'local_C1_1' <Predicate = true> <Delay = 0.00> <CoreInst = "FIFO_SRL">   --->   Core 81 'FIFO_SRL' <Latency = 0> <II = 1> <Delay = 1.39> <Storage> <Opcode : 'read' 'write' 'nbread' 'nbwrite'> <Ports = 0> <Width = 32> <Depth = 2> <FIFO>
ST_1 : Operation 12 [1/1] (0.00ns)   --->   "%local_C1_2 = alloca i64 1" [/home/silvenchen/Desktop/DitBlock/WorkDCT/DitBlock/kernel.cpp:3490->/home/silvenchen/Desktop/DitBlock/WorkDCT/DitBlock/kernel.cpp:3490->/home/silvenchen/Desktop/DitBlock/WorkDCT/DitBlock/kernel.cpp:3490]   --->   Operation 12 'alloca' 'local_C1_2' <Predicate = true> <Delay = 0.00> <CoreInst = "FIFO_SRL">   --->   Core 81 'FIFO_SRL' <Latency = 0> <II = 1> <Delay = 1.39> <Storage> <Opcode : 'read' 'write' 'nbread' 'nbwrite'> <Ports = 0> <Width = 32> <Depth = 2> <FIFO>
ST_1 : Operation 13 [1/1] (0.00ns)   --->   "%local_C1_3 = alloca i64 1" [/home/silvenchen/Desktop/DitBlock/WorkDCT/DitBlock/kernel.cpp:3490->/home/silvenchen/Desktop/DitBlock/WorkDCT/DitBlock/kernel.cpp:3490->/home/silvenchen/Desktop/DitBlock/WorkDCT/DitBlock/kernel.cpp:3490]   --->   Operation 13 'alloca' 'local_C1_3' <Predicate = true> <Delay = 0.00> <CoreInst = "FIFO_SRL">   --->   Core 81 'FIFO_SRL' <Latency = 0> <II = 1> <Delay = 1.39> <Storage> <Opcode : 'read' 'write' 'nbread' 'nbwrite'> <Ports = 0> <Width = 32> <Depth = 2> <FIFO>
ST_1 : Operation 14 [1/1] (0.00ns)   --->   "%local_C1_4 = alloca i64 1" [/home/silvenchen/Desktop/DitBlock/WorkDCT/DitBlock/kernel.cpp:3490->/home/silvenchen/Desktop/DitBlock/WorkDCT/DitBlock/kernel.cpp:3490->/home/silvenchen/Desktop/DitBlock/WorkDCT/DitBlock/kernel.cpp:3490]   --->   Operation 14 'alloca' 'local_C1_4' <Predicate = true> <Delay = 0.00> <CoreInst = "FIFO_SRL">   --->   Core 81 'FIFO_SRL' <Latency = 0> <II = 1> <Delay = 1.39> <Storage> <Opcode : 'read' 'write' 'nbread' 'nbwrite'> <Ports = 0> <Width = 32> <Depth = 2> <FIFO>
ST_1 : Operation 15 [1/1] (0.00ns)   --->   "%local_C1_5 = alloca i64 1" [/home/silvenchen/Desktop/DitBlock/WorkDCT/DitBlock/kernel.cpp:3490->/home/silvenchen/Desktop/DitBlock/WorkDCT/DitBlock/kernel.cpp:3490->/home/silvenchen/Desktop/DitBlock/WorkDCT/DitBlock/kernel.cpp:3490]   --->   Operation 15 'alloca' 'local_C1_5' <Predicate = true> <Delay = 0.00> <CoreInst = "FIFO_SRL">   --->   Core 81 'FIFO_SRL' <Latency = 0> <II = 1> <Delay = 1.39> <Storage> <Opcode : 'read' 'write' 'nbread' 'nbwrite'> <Ports = 0> <Width = 32> <Depth = 2> <FIFO>
ST_1 : Operation 16 [1/1] (0.00ns)   --->   "%local_C1_6 = alloca i64 1" [/home/silvenchen/Desktop/DitBlock/WorkDCT/DitBlock/kernel.cpp:3490->/home/silvenchen/Desktop/DitBlock/WorkDCT/DitBlock/kernel.cpp:3490->/home/silvenchen/Desktop/DitBlock/WorkDCT/DitBlock/kernel.cpp:3490]   --->   Operation 16 'alloca' 'local_C1_6' <Predicate = true> <Delay = 0.00> <CoreInst = "FIFO_SRL">   --->   Core 81 'FIFO_SRL' <Latency = 0> <II = 1> <Delay = 1.39> <Storage> <Opcode : 'read' 'write' 'nbread' 'nbwrite'> <Ports = 0> <Width = 32> <Depth = 2> <FIFO>
ST_1 : Operation 17 [1/1] (0.00ns)   --->   "%local_C1_7 = alloca i64 1" [/home/silvenchen/Desktop/DitBlock/WorkDCT/DitBlock/kernel.cpp:3490->/home/silvenchen/Desktop/DitBlock/WorkDCT/DitBlock/kernel.cpp:3490->/home/silvenchen/Desktop/DitBlock/WorkDCT/DitBlock/kernel.cpp:3490]   --->   Operation 17 'alloca' 'local_C1_7' <Predicate = true> <Delay = 0.00> <CoreInst = "FIFO_SRL">   --->   Core 81 'FIFO_SRL' <Latency = 0> <II = 1> <Delay = 1.39> <Storage> <Opcode : 'read' 'write' 'nbread' 'nbwrite'> <Ports = 0> <Width = 32> <Depth = 2> <FIFO>
ST_1 : Operation 18 [1/1] (0.00ns)   --->   "%local_C1_8 = alloca i64 1" [/home/silvenchen/Desktop/DitBlock/WorkDCT/DitBlock/kernel.cpp:3490->/home/silvenchen/Desktop/DitBlock/WorkDCT/DitBlock/kernel.cpp:3490->/home/silvenchen/Desktop/DitBlock/WorkDCT/DitBlock/kernel.cpp:3490]   --->   Operation 18 'alloca' 'local_C1_8' <Predicate = true> <Delay = 0.00> <CoreInst = "FIFO_SRL">   --->   Core 81 'FIFO_SRL' <Latency = 0> <II = 1> <Delay = 1.39> <Storage> <Opcode : 'read' 'write' 'nbread' 'nbwrite'> <Ports = 0> <Width = 32> <Depth = 2> <FIFO>
ST_1 : Operation 19 [1/1] (0.00ns)   --->   "%local_C1_9 = alloca i64 1" [/home/silvenchen/Desktop/DitBlock/WorkDCT/DitBlock/kernel.cpp:3490->/home/silvenchen/Desktop/DitBlock/WorkDCT/DitBlock/kernel.cpp:3490->/home/silvenchen/Desktop/DitBlock/WorkDCT/DitBlock/kernel.cpp:3490]   --->   Operation 19 'alloca' 'local_C1_9' <Predicate = true> <Delay = 0.00> <CoreInst = "FIFO_SRL">   --->   Core 81 'FIFO_SRL' <Latency = 0> <II = 1> <Delay = 1.39> <Storage> <Opcode : 'read' 'write' 'nbread' 'nbwrite'> <Ports = 0> <Width = 32> <Depth = 2> <FIFO>
ST_1 : Operation 20 [1/1] (0.00ns)   --->   "%local_C1_10 = alloca i64 1" [/home/silvenchen/Desktop/DitBlock/WorkDCT/DitBlock/kernel.cpp:3490->/home/silvenchen/Desktop/DitBlock/WorkDCT/DitBlock/kernel.cpp:3490->/home/silvenchen/Desktop/DitBlock/WorkDCT/DitBlock/kernel.cpp:3490]   --->   Operation 20 'alloca' 'local_C1_10' <Predicate = true> <Delay = 0.00> <CoreInst = "FIFO_SRL">   --->   Core 81 'FIFO_SRL' <Latency = 0> <II = 1> <Delay = 1.39> <Storage> <Opcode : 'read' 'write' 'nbread' 'nbwrite'> <Ports = 0> <Width = 32> <Depth = 2> <FIFO>
ST_1 : Operation 21 [1/1] (0.00ns)   --->   "%local_C1_11 = alloca i64 1" [/home/silvenchen/Desktop/DitBlock/WorkDCT/DitBlock/kernel.cpp:3490->/home/silvenchen/Desktop/DitBlock/WorkDCT/DitBlock/kernel.cpp:3490->/home/silvenchen/Desktop/DitBlock/WorkDCT/DitBlock/kernel.cpp:3490]   --->   Operation 21 'alloca' 'local_C1_11' <Predicate = true> <Delay = 0.00> <CoreInst = "FIFO_SRL">   --->   Core 81 'FIFO_SRL' <Latency = 0> <II = 1> <Delay = 1.39> <Storage> <Opcode : 'read' 'write' 'nbread' 'nbwrite'> <Ports = 0> <Width = 32> <Depth = 2> <FIFO>
ST_1 : Operation 22 [1/1] (0.00ns)   --->   "%local_C1_12 = alloca i64 1" [/home/silvenchen/Desktop/DitBlock/WorkDCT/DitBlock/kernel.cpp:3490->/home/silvenchen/Desktop/DitBlock/WorkDCT/DitBlock/kernel.cpp:3490->/home/silvenchen/Desktop/DitBlock/WorkDCT/DitBlock/kernel.cpp:3490]   --->   Operation 22 'alloca' 'local_C1_12' <Predicate = true> <Delay = 0.00> <CoreInst = "FIFO_SRL">   --->   Core 81 'FIFO_SRL' <Latency = 0> <II = 1> <Delay = 1.39> <Storage> <Opcode : 'read' 'write' 'nbread' 'nbwrite'> <Ports = 0> <Width = 32> <Depth = 2> <FIFO>
ST_1 : Operation 23 [1/1] (0.00ns)   --->   "%local_C1_13 = alloca i64 1" [/home/silvenchen/Desktop/DitBlock/WorkDCT/DitBlock/kernel.cpp:3490->/home/silvenchen/Desktop/DitBlock/WorkDCT/DitBlock/kernel.cpp:3490->/home/silvenchen/Desktop/DitBlock/WorkDCT/DitBlock/kernel.cpp:3490]   --->   Operation 23 'alloca' 'local_C1_13' <Predicate = true> <Delay = 0.00> <CoreInst = "FIFO_SRL">   --->   Core 81 'FIFO_SRL' <Latency = 0> <II = 1> <Delay = 1.39> <Storage> <Opcode : 'read' 'write' 'nbread' 'nbwrite'> <Ports = 0> <Width = 32> <Depth = 2> <FIFO>
ST_1 : Operation 24 [1/1] (0.00ns)   --->   "%local_C1_14 = alloca i64 1" [/home/silvenchen/Desktop/DitBlock/WorkDCT/DitBlock/kernel.cpp:3490->/home/silvenchen/Desktop/DitBlock/WorkDCT/DitBlock/kernel.cpp:3490->/home/silvenchen/Desktop/DitBlock/WorkDCT/DitBlock/kernel.cpp:3490]   --->   Operation 24 'alloca' 'local_C1_14' <Predicate = true> <Delay = 0.00> <CoreInst = "FIFO_SRL">   --->   Core 81 'FIFO_SRL' <Latency = 0> <II = 1> <Delay = 1.39> <Storage> <Opcode : 'read' 'write' 'nbread' 'nbwrite'> <Ports = 0> <Width = 32> <Depth = 2> <FIFO>
ST_1 : Operation 25 [1/1] (0.00ns)   --->   "%local_C1_15 = alloca i64 1" [/home/silvenchen/Desktop/DitBlock/WorkDCT/DitBlock/kernel.cpp:3490->/home/silvenchen/Desktop/DitBlock/WorkDCT/DitBlock/kernel.cpp:3490->/home/silvenchen/Desktop/DitBlock/WorkDCT/DitBlock/kernel.cpp:3490]   --->   Operation 25 'alloca' 'local_C1_15' <Predicate = true> <Delay = 0.00> <CoreInst = "FIFO_SRL">   --->   Core 81 'FIFO_SRL' <Latency = 0> <II = 1> <Delay = 1.39> <Storage> <Opcode : 'read' 'write' 'nbread' 'nbwrite'> <Ports = 0> <Width = 32> <Depth = 2> <FIFO>
ST_1 : Operation 26 [1/1] (0.00ns)   --->   "%local_C1_16 = alloca i64 1" [/home/silvenchen/Desktop/DitBlock/WorkDCT/DitBlock/kernel.cpp:3490->/home/silvenchen/Desktop/DitBlock/WorkDCT/DitBlock/kernel.cpp:3490->/home/silvenchen/Desktop/DitBlock/WorkDCT/DitBlock/kernel.cpp:3490]   --->   Operation 26 'alloca' 'local_C1_16' <Predicate = true> <Delay = 0.00> <CoreInst = "FIFO_SRL">   --->   Core 81 'FIFO_SRL' <Latency = 0> <II = 1> <Delay = 1.39> <Storage> <Opcode : 'read' 'write' 'nbread' 'nbwrite'> <Ports = 0> <Width = 32> <Depth = 2> <FIFO>
ST_1 : Operation 27 [1/1] (0.00ns)   --->   "%local_C1_17 = alloca i64 1" [/home/silvenchen/Desktop/DitBlock/WorkDCT/DitBlock/kernel.cpp:3490->/home/silvenchen/Desktop/DitBlock/WorkDCT/DitBlock/kernel.cpp:3490->/home/silvenchen/Desktop/DitBlock/WorkDCT/DitBlock/kernel.cpp:3490]   --->   Operation 27 'alloca' 'local_C1_17' <Predicate = true> <Delay = 0.00> <CoreInst = "FIFO_SRL">   --->   Core 81 'FIFO_SRL' <Latency = 0> <II = 1> <Delay = 1.39> <Storage> <Opcode : 'read' 'write' 'nbread' 'nbwrite'> <Ports = 0> <Width = 32> <Depth = 2> <FIFO>
ST_1 : Operation 28 [1/1] (0.00ns)   --->   "%local_C1_18 = alloca i64 1" [/home/silvenchen/Desktop/DitBlock/WorkDCT/DitBlock/kernel.cpp:3490->/home/silvenchen/Desktop/DitBlock/WorkDCT/DitBlock/kernel.cpp:3490->/home/silvenchen/Desktop/DitBlock/WorkDCT/DitBlock/kernel.cpp:3490]   --->   Operation 28 'alloca' 'local_C1_18' <Predicate = true> <Delay = 0.00> <CoreInst = "FIFO_SRL">   --->   Core 81 'FIFO_SRL' <Latency = 0> <II = 1> <Delay = 1.39> <Storage> <Opcode : 'read' 'write' 'nbread' 'nbwrite'> <Ports = 0> <Width = 32> <Depth = 2> <FIFO>
ST_1 : Operation 29 [1/1] (0.00ns)   --->   "%local_C1_19 = alloca i64 1" [/home/silvenchen/Desktop/DitBlock/WorkDCT/DitBlock/kernel.cpp:3490->/home/silvenchen/Desktop/DitBlock/WorkDCT/DitBlock/kernel.cpp:3490->/home/silvenchen/Desktop/DitBlock/WorkDCT/DitBlock/kernel.cpp:3490]   --->   Operation 29 'alloca' 'local_C1_19' <Predicate = true> <Delay = 0.00> <CoreInst = "FIFO_SRL">   --->   Core 81 'FIFO_SRL' <Latency = 0> <II = 1> <Delay = 1.39> <Storage> <Opcode : 'read' 'write' 'nbread' 'nbwrite'> <Ports = 0> <Width = 32> <Depth = 2> <FIFO>
ST_1 : Operation 30 [1/1] (0.00ns)   --->   "%local_C1_20 = alloca i64 1" [/home/silvenchen/Desktop/DitBlock/WorkDCT/DitBlock/kernel.cpp:3490->/home/silvenchen/Desktop/DitBlock/WorkDCT/DitBlock/kernel.cpp:3490->/home/silvenchen/Desktop/DitBlock/WorkDCT/DitBlock/kernel.cpp:3490]   --->   Operation 30 'alloca' 'local_C1_20' <Predicate = true> <Delay = 0.00> <CoreInst = "FIFO_SRL">   --->   Core 81 'FIFO_SRL' <Latency = 0> <II = 1> <Delay = 1.39> <Storage> <Opcode : 'read' 'write' 'nbread' 'nbwrite'> <Ports = 0> <Width = 32> <Depth = 2> <FIFO>
ST_1 : Operation 31 [1/1] (0.00ns)   --->   "%local_C1_21 = alloca i64 1" [/home/silvenchen/Desktop/DitBlock/WorkDCT/DitBlock/kernel.cpp:3490->/home/silvenchen/Desktop/DitBlock/WorkDCT/DitBlock/kernel.cpp:3490->/home/silvenchen/Desktop/DitBlock/WorkDCT/DitBlock/kernel.cpp:3490]   --->   Operation 31 'alloca' 'local_C1_21' <Predicate = true> <Delay = 0.00> <CoreInst = "FIFO_SRL">   --->   Core 81 'FIFO_SRL' <Latency = 0> <II = 1> <Delay = 1.39> <Storage> <Opcode : 'read' 'write' 'nbread' 'nbwrite'> <Ports = 0> <Width = 32> <Depth = 2> <FIFO>
ST_1 : Operation 32 [1/1] (0.00ns)   --->   "%local_C1_22 = alloca i64 1" [/home/silvenchen/Desktop/DitBlock/WorkDCT/DitBlock/kernel.cpp:3490->/home/silvenchen/Desktop/DitBlock/WorkDCT/DitBlock/kernel.cpp:3490->/home/silvenchen/Desktop/DitBlock/WorkDCT/DitBlock/kernel.cpp:3490]   --->   Operation 32 'alloca' 'local_C1_22' <Predicate = true> <Delay = 0.00> <CoreInst = "FIFO_SRL">   --->   Core 81 'FIFO_SRL' <Latency = 0> <II = 1> <Delay = 1.39> <Storage> <Opcode : 'read' 'write' 'nbread' 'nbwrite'> <Ports = 0> <Width = 32> <Depth = 2> <FIFO>
ST_1 : Operation 33 [1/1] (0.00ns)   --->   "%local_C1_23 = alloca i64 1" [/home/silvenchen/Desktop/DitBlock/WorkDCT/DitBlock/kernel.cpp:3490->/home/silvenchen/Desktop/DitBlock/WorkDCT/DitBlock/kernel.cpp:3490->/home/silvenchen/Desktop/DitBlock/WorkDCT/DitBlock/kernel.cpp:3490]   --->   Operation 33 'alloca' 'local_C1_23' <Predicate = true> <Delay = 0.00> <CoreInst = "FIFO_SRL">   --->   Core 81 'FIFO_SRL' <Latency = 0> <II = 1> <Delay = 1.39> <Storage> <Opcode : 'read' 'write' 'nbread' 'nbwrite'> <Ports = 0> <Width = 32> <Depth = 2> <FIFO>
ST_1 : Operation 34 [1/1] (0.00ns)   --->   "%local_C1_24 = alloca i64 1" [/home/silvenchen/Desktop/DitBlock/WorkDCT/DitBlock/kernel.cpp:3490->/home/silvenchen/Desktop/DitBlock/WorkDCT/DitBlock/kernel.cpp:3490->/home/silvenchen/Desktop/DitBlock/WorkDCT/DitBlock/kernel.cpp:3490]   --->   Operation 34 'alloca' 'local_C1_24' <Predicate = true> <Delay = 0.00> <CoreInst = "FIFO_SRL">   --->   Core 81 'FIFO_SRL' <Latency = 0> <II = 1> <Delay = 1.39> <Storage> <Opcode : 'read' 'write' 'nbread' 'nbwrite'> <Ports = 0> <Width = 32> <Depth = 2> <FIFO>
ST_1 : Operation 35 [1/1] (0.00ns)   --->   "%local_C1_25 = alloca i64 1" [/home/silvenchen/Desktop/DitBlock/WorkDCT/DitBlock/kernel.cpp:3490->/home/silvenchen/Desktop/DitBlock/WorkDCT/DitBlock/kernel.cpp:3490->/home/silvenchen/Desktop/DitBlock/WorkDCT/DitBlock/kernel.cpp:3490]   --->   Operation 35 'alloca' 'local_C1_25' <Predicate = true> <Delay = 0.00> <CoreInst = "FIFO_SRL">   --->   Core 81 'FIFO_SRL' <Latency = 0> <II = 1> <Delay = 1.39> <Storage> <Opcode : 'read' 'write' 'nbread' 'nbwrite'> <Ports = 0> <Width = 32> <Depth = 2> <FIFO>
ST_1 : Operation 36 [1/1] (0.00ns)   --->   "%local_C1_26 = alloca i64 1" [/home/silvenchen/Desktop/DitBlock/WorkDCT/DitBlock/kernel.cpp:3490->/home/silvenchen/Desktop/DitBlock/WorkDCT/DitBlock/kernel.cpp:3490->/home/silvenchen/Desktop/DitBlock/WorkDCT/DitBlock/kernel.cpp:3490]   --->   Operation 36 'alloca' 'local_C1_26' <Predicate = true> <Delay = 0.00> <CoreInst = "FIFO_SRL">   --->   Core 81 'FIFO_SRL' <Latency = 0> <II = 1> <Delay = 1.39> <Storage> <Opcode : 'read' 'write' 'nbread' 'nbwrite'> <Ports = 0> <Width = 32> <Depth = 2> <FIFO>
ST_1 : Operation 37 [1/1] (0.00ns)   --->   "%local_C1_27 = alloca i64 1" [/home/silvenchen/Desktop/DitBlock/WorkDCT/DitBlock/kernel.cpp:3490->/home/silvenchen/Desktop/DitBlock/WorkDCT/DitBlock/kernel.cpp:3490->/home/silvenchen/Desktop/DitBlock/WorkDCT/DitBlock/kernel.cpp:3490]   --->   Operation 37 'alloca' 'local_C1_27' <Predicate = true> <Delay = 0.00> <CoreInst = "FIFO_SRL">   --->   Core 81 'FIFO_SRL' <Latency = 0> <II = 1> <Delay = 1.39> <Storage> <Opcode : 'read' 'write' 'nbread' 'nbwrite'> <Ports = 0> <Width = 32> <Depth = 2> <FIFO>
ST_1 : Operation 38 [1/1] (0.00ns)   --->   "%local_C1_28 = alloca i64 1" [/home/silvenchen/Desktop/DitBlock/WorkDCT/DitBlock/kernel.cpp:3490->/home/silvenchen/Desktop/DitBlock/WorkDCT/DitBlock/kernel.cpp:3490->/home/silvenchen/Desktop/DitBlock/WorkDCT/DitBlock/kernel.cpp:3490]   --->   Operation 38 'alloca' 'local_C1_28' <Predicate = true> <Delay = 0.00> <CoreInst = "FIFO_SRL">   --->   Core 81 'FIFO_SRL' <Latency = 0> <II = 1> <Delay = 1.39> <Storage> <Opcode : 'read' 'write' 'nbread' 'nbwrite'> <Ports = 0> <Width = 32> <Depth = 2> <FIFO>
ST_1 : Operation 39 [1/1] (0.00ns)   --->   "%local_C1_29 = alloca i64 1" [/home/silvenchen/Desktop/DitBlock/WorkDCT/DitBlock/kernel.cpp:3490->/home/silvenchen/Desktop/DitBlock/WorkDCT/DitBlock/kernel.cpp:3490->/home/silvenchen/Desktop/DitBlock/WorkDCT/DitBlock/kernel.cpp:3490]   --->   Operation 39 'alloca' 'local_C1_29' <Predicate = true> <Delay = 0.00> <CoreInst = "FIFO_SRL">   --->   Core 81 'FIFO_SRL' <Latency = 0> <II = 1> <Delay = 1.39> <Storage> <Opcode : 'read' 'write' 'nbread' 'nbwrite'> <Ports = 0> <Width = 32> <Depth = 2> <FIFO>
ST_1 : Operation 40 [1/1] (0.00ns)   --->   "%local_C1_30 = alloca i64 1" [/home/silvenchen/Desktop/DitBlock/WorkDCT/DitBlock/kernel.cpp:3490->/home/silvenchen/Desktop/DitBlock/WorkDCT/DitBlock/kernel.cpp:3490->/home/silvenchen/Desktop/DitBlock/WorkDCT/DitBlock/kernel.cpp:3490]   --->   Operation 40 'alloca' 'local_C1_30' <Predicate = true> <Delay = 0.00> <CoreInst = "FIFO_SRL">   --->   Core 81 'FIFO_SRL' <Latency = 0> <II = 1> <Delay = 1.39> <Storage> <Opcode : 'read' 'write' 'nbread' 'nbwrite'> <Ports = 0> <Width = 32> <Depth = 2> <FIFO>
ST_1 : Operation 41 [1/1] (0.00ns)   --->   "%local_C1_31 = alloca i64 1" [/home/silvenchen/Desktop/DitBlock/WorkDCT/DitBlock/kernel.cpp:3490->/home/silvenchen/Desktop/DitBlock/WorkDCT/DitBlock/kernel.cpp:3490->/home/silvenchen/Desktop/DitBlock/WorkDCT/DitBlock/kernel.cpp:3490]   --->   Operation 41 'alloca' 'local_C1_31' <Predicate = true> <Delay = 0.00> <CoreInst = "FIFO_SRL">   --->   Core 81 'FIFO_SRL' <Latency = 0> <II = 1> <Delay = 1.39> <Storage> <Opcode : 'read' 'write' 'nbread' 'nbwrite'> <Ports = 0> <Width = 32> <Depth = 2> <FIFO>
ST_1 : Operation 42 [1/1] (0.00ns)   --->   "%local_C1_32 = alloca i64 1" [/home/silvenchen/Desktop/DitBlock/WorkDCT/DitBlock/kernel.cpp:3490->/home/silvenchen/Desktop/DitBlock/WorkDCT/DitBlock/kernel.cpp:3490->/home/silvenchen/Desktop/DitBlock/WorkDCT/DitBlock/kernel.cpp:3490]   --->   Operation 42 'alloca' 'local_C1_32' <Predicate = true> <Delay = 0.00> <CoreInst = "FIFO_SRL">   --->   Core 81 'FIFO_SRL' <Latency = 0> <II = 1> <Delay = 1.39> <Storage> <Opcode : 'read' 'write' 'nbread' 'nbwrite'> <Ports = 0> <Width = 32> <Depth = 2> <FIFO>
ST_1 : Operation 43 [1/1] (0.00ns)   --->   "%local_C1_33 = alloca i64 1" [/home/silvenchen/Desktop/DitBlock/WorkDCT/DitBlock/kernel.cpp:3490->/home/silvenchen/Desktop/DitBlock/WorkDCT/DitBlock/kernel.cpp:3490->/home/silvenchen/Desktop/DitBlock/WorkDCT/DitBlock/kernel.cpp:3490]   --->   Operation 43 'alloca' 'local_C1_33' <Predicate = true> <Delay = 0.00> <CoreInst = "FIFO_SRL">   --->   Core 81 'FIFO_SRL' <Latency = 0> <II = 1> <Delay = 1.39> <Storage> <Opcode : 'read' 'write' 'nbread' 'nbwrite'> <Ports = 0> <Width = 32> <Depth = 2> <FIFO>
ST_1 : Operation 44 [1/1] (0.00ns)   --->   "%local_C1_34 = alloca i64 1" [/home/silvenchen/Desktop/DitBlock/WorkDCT/DitBlock/kernel.cpp:3490->/home/silvenchen/Desktop/DitBlock/WorkDCT/DitBlock/kernel.cpp:3490->/home/silvenchen/Desktop/DitBlock/WorkDCT/DitBlock/kernel.cpp:3490]   --->   Operation 44 'alloca' 'local_C1_34' <Predicate = true> <Delay = 0.00> <CoreInst = "FIFO_SRL">   --->   Core 81 'FIFO_SRL' <Latency = 0> <II = 1> <Delay = 1.39> <Storage> <Opcode : 'read' 'write' 'nbread' 'nbwrite'> <Ports = 0> <Width = 32> <Depth = 2> <FIFO>
ST_1 : Operation 45 [1/1] (0.00ns)   --->   "%local_C1_35 = alloca i64 1" [/home/silvenchen/Desktop/DitBlock/WorkDCT/DitBlock/kernel.cpp:3490->/home/silvenchen/Desktop/DitBlock/WorkDCT/DitBlock/kernel.cpp:3490->/home/silvenchen/Desktop/DitBlock/WorkDCT/DitBlock/kernel.cpp:3490]   --->   Operation 45 'alloca' 'local_C1_35' <Predicate = true> <Delay = 0.00> <CoreInst = "FIFO_SRL">   --->   Core 81 'FIFO_SRL' <Latency = 0> <II = 1> <Delay = 1.39> <Storage> <Opcode : 'read' 'write' 'nbread' 'nbwrite'> <Ports = 0> <Width = 32> <Depth = 2> <FIFO>
ST_1 : Operation 46 [1/1] (0.00ns)   --->   "%local_C1_36 = alloca i64 1" [/home/silvenchen/Desktop/DitBlock/WorkDCT/DitBlock/kernel.cpp:3490->/home/silvenchen/Desktop/DitBlock/WorkDCT/DitBlock/kernel.cpp:3490->/home/silvenchen/Desktop/DitBlock/WorkDCT/DitBlock/kernel.cpp:3490]   --->   Operation 46 'alloca' 'local_C1_36' <Predicate = true> <Delay = 0.00> <CoreInst = "FIFO_SRL">   --->   Core 81 'FIFO_SRL' <Latency = 0> <II = 1> <Delay = 1.39> <Storage> <Opcode : 'read' 'write' 'nbread' 'nbwrite'> <Ports = 0> <Width = 32> <Depth = 2> <FIFO>
ST_1 : Operation 47 [1/1] (0.00ns)   --->   "%local_C1_37 = alloca i64 1" [/home/silvenchen/Desktop/DitBlock/WorkDCT/DitBlock/kernel.cpp:3490->/home/silvenchen/Desktop/DitBlock/WorkDCT/DitBlock/kernel.cpp:3490->/home/silvenchen/Desktop/DitBlock/WorkDCT/DitBlock/kernel.cpp:3490]   --->   Operation 47 'alloca' 'local_C1_37' <Predicate = true> <Delay = 0.00> <CoreInst = "FIFO_SRL">   --->   Core 81 'FIFO_SRL' <Latency = 0> <II = 1> <Delay = 1.39> <Storage> <Opcode : 'read' 'write' 'nbread' 'nbwrite'> <Ports = 0> <Width = 32> <Depth = 2> <FIFO>
ST_1 : Operation 48 [1/1] (0.00ns)   --->   "%local_C1_38 = alloca i64 1" [/home/silvenchen/Desktop/DitBlock/WorkDCT/DitBlock/kernel.cpp:3490->/home/silvenchen/Desktop/DitBlock/WorkDCT/DitBlock/kernel.cpp:3490->/home/silvenchen/Desktop/DitBlock/WorkDCT/DitBlock/kernel.cpp:3490]   --->   Operation 48 'alloca' 'local_C1_38' <Predicate = true> <Delay = 0.00> <CoreInst = "FIFO_SRL">   --->   Core 81 'FIFO_SRL' <Latency = 0> <II = 1> <Delay = 1.39> <Storage> <Opcode : 'read' 'write' 'nbread' 'nbwrite'> <Ports = 0> <Width = 32> <Depth = 2> <FIFO>
ST_1 : Operation 49 [1/1] (0.00ns)   --->   "%local_C1_39 = alloca i64 1" [/home/silvenchen/Desktop/DitBlock/WorkDCT/DitBlock/kernel.cpp:3490->/home/silvenchen/Desktop/DitBlock/WorkDCT/DitBlock/kernel.cpp:3490->/home/silvenchen/Desktop/DitBlock/WorkDCT/DitBlock/kernel.cpp:3490]   --->   Operation 49 'alloca' 'local_C1_39' <Predicate = true> <Delay = 0.00> <CoreInst = "FIFO_SRL">   --->   Core 81 'FIFO_SRL' <Latency = 0> <II = 1> <Delay = 1.39> <Storage> <Opcode : 'read' 'write' 'nbread' 'nbwrite'> <Ports = 0> <Width = 32> <Depth = 2> <FIFO>
ST_1 : Operation 50 [1/1] (0.00ns)   --->   "%local_C1_40 = alloca i64 1" [/home/silvenchen/Desktop/DitBlock/WorkDCT/DitBlock/kernel.cpp:3490->/home/silvenchen/Desktop/DitBlock/WorkDCT/DitBlock/kernel.cpp:3490->/home/silvenchen/Desktop/DitBlock/WorkDCT/DitBlock/kernel.cpp:3490]   --->   Operation 50 'alloca' 'local_C1_40' <Predicate = true> <Delay = 0.00> <CoreInst = "FIFO_SRL">   --->   Core 81 'FIFO_SRL' <Latency = 0> <II = 1> <Delay = 1.39> <Storage> <Opcode : 'read' 'write' 'nbread' 'nbwrite'> <Ports = 0> <Width = 32> <Depth = 2> <FIFO>
ST_1 : Operation 51 [1/1] (0.00ns)   --->   "%local_C1_41 = alloca i64 1" [/home/silvenchen/Desktop/DitBlock/WorkDCT/DitBlock/kernel.cpp:3490->/home/silvenchen/Desktop/DitBlock/WorkDCT/DitBlock/kernel.cpp:3490->/home/silvenchen/Desktop/DitBlock/WorkDCT/DitBlock/kernel.cpp:3490]   --->   Operation 51 'alloca' 'local_C1_41' <Predicate = true> <Delay = 0.00> <CoreInst = "FIFO_SRL">   --->   Core 81 'FIFO_SRL' <Latency = 0> <II = 1> <Delay = 1.39> <Storage> <Opcode : 'read' 'write' 'nbread' 'nbwrite'> <Ports = 0> <Width = 32> <Depth = 2> <FIFO>
ST_1 : Operation 52 [1/1] (0.00ns)   --->   "%local_C1_42 = alloca i64 1" [/home/silvenchen/Desktop/DitBlock/WorkDCT/DitBlock/kernel.cpp:3490->/home/silvenchen/Desktop/DitBlock/WorkDCT/DitBlock/kernel.cpp:3490->/home/silvenchen/Desktop/DitBlock/WorkDCT/DitBlock/kernel.cpp:3490]   --->   Operation 52 'alloca' 'local_C1_42' <Predicate = true> <Delay = 0.00> <CoreInst = "FIFO_SRL">   --->   Core 81 'FIFO_SRL' <Latency = 0> <II = 1> <Delay = 1.39> <Storage> <Opcode : 'read' 'write' 'nbread' 'nbwrite'> <Ports = 0> <Width = 32> <Depth = 2> <FIFO>
ST_1 : Operation 53 [1/1] (0.00ns)   --->   "%local_C1_43 = alloca i64 1" [/home/silvenchen/Desktop/DitBlock/WorkDCT/DitBlock/kernel.cpp:3490->/home/silvenchen/Desktop/DitBlock/WorkDCT/DitBlock/kernel.cpp:3490->/home/silvenchen/Desktop/DitBlock/WorkDCT/DitBlock/kernel.cpp:3490]   --->   Operation 53 'alloca' 'local_C1_43' <Predicate = true> <Delay = 0.00> <CoreInst = "FIFO_SRL">   --->   Core 81 'FIFO_SRL' <Latency = 0> <II = 1> <Delay = 1.39> <Storage> <Opcode : 'read' 'write' 'nbread' 'nbwrite'> <Ports = 0> <Width = 32> <Depth = 2> <FIFO>
ST_1 : Operation 54 [1/1] (0.00ns)   --->   "%local_C1_44 = alloca i64 1" [/home/silvenchen/Desktop/DitBlock/WorkDCT/DitBlock/kernel.cpp:3490->/home/silvenchen/Desktop/DitBlock/WorkDCT/DitBlock/kernel.cpp:3490->/home/silvenchen/Desktop/DitBlock/WorkDCT/DitBlock/kernel.cpp:3490]   --->   Operation 54 'alloca' 'local_C1_44' <Predicate = true> <Delay = 0.00> <CoreInst = "FIFO_SRL">   --->   Core 81 'FIFO_SRL' <Latency = 0> <II = 1> <Delay = 1.39> <Storage> <Opcode : 'read' 'write' 'nbread' 'nbwrite'> <Ports = 0> <Width = 32> <Depth = 2> <FIFO>
ST_1 : Operation 55 [1/1] (0.00ns)   --->   "%local_C1_45 = alloca i64 1" [/home/silvenchen/Desktop/DitBlock/WorkDCT/DitBlock/kernel.cpp:3490->/home/silvenchen/Desktop/DitBlock/WorkDCT/DitBlock/kernel.cpp:3490->/home/silvenchen/Desktop/DitBlock/WorkDCT/DitBlock/kernel.cpp:3490]   --->   Operation 55 'alloca' 'local_C1_45' <Predicate = true> <Delay = 0.00> <CoreInst = "FIFO_SRL">   --->   Core 81 'FIFO_SRL' <Latency = 0> <II = 1> <Delay = 1.39> <Storage> <Opcode : 'read' 'write' 'nbread' 'nbwrite'> <Ports = 0> <Width = 32> <Depth = 2> <FIFO>
ST_1 : Operation 56 [1/1] (0.00ns)   --->   "%local_C1_46 = alloca i64 1" [/home/silvenchen/Desktop/DitBlock/WorkDCT/DitBlock/kernel.cpp:3490->/home/silvenchen/Desktop/DitBlock/WorkDCT/DitBlock/kernel.cpp:3490->/home/silvenchen/Desktop/DitBlock/WorkDCT/DitBlock/kernel.cpp:3490]   --->   Operation 56 'alloca' 'local_C1_46' <Predicate = true> <Delay = 0.00> <CoreInst = "FIFO_SRL">   --->   Core 81 'FIFO_SRL' <Latency = 0> <II = 1> <Delay = 1.39> <Storage> <Opcode : 'read' 'write' 'nbread' 'nbwrite'> <Ports = 0> <Width = 32> <Depth = 2> <FIFO>
ST_1 : Operation 57 [1/1] (0.00ns)   --->   "%local_C1_47 = alloca i64 1" [/home/silvenchen/Desktop/DitBlock/WorkDCT/DitBlock/kernel.cpp:3490->/home/silvenchen/Desktop/DitBlock/WorkDCT/DitBlock/kernel.cpp:3490->/home/silvenchen/Desktop/DitBlock/WorkDCT/DitBlock/kernel.cpp:3490]   --->   Operation 57 'alloca' 'local_C1_47' <Predicate = true> <Delay = 0.00> <CoreInst = "FIFO_SRL">   --->   Core 81 'FIFO_SRL' <Latency = 0> <II = 1> <Delay = 1.39> <Storage> <Opcode : 'read' 'write' 'nbread' 'nbwrite'> <Ports = 0> <Width = 32> <Depth = 2> <FIFO>
ST_1 : Operation 58 [1/1] (0.00ns)   --->   "%local_C1_48 = alloca i64 1" [/home/silvenchen/Desktop/DitBlock/WorkDCT/DitBlock/kernel.cpp:3490->/home/silvenchen/Desktop/DitBlock/WorkDCT/DitBlock/kernel.cpp:3490->/home/silvenchen/Desktop/DitBlock/WorkDCT/DitBlock/kernel.cpp:3490]   --->   Operation 58 'alloca' 'local_C1_48' <Predicate = true> <Delay = 0.00> <CoreInst = "FIFO_SRL">   --->   Core 81 'FIFO_SRL' <Latency = 0> <II = 1> <Delay = 1.39> <Storage> <Opcode : 'read' 'write' 'nbread' 'nbwrite'> <Ports = 0> <Width = 32> <Depth = 2> <FIFO>
ST_1 : Operation 59 [1/1] (0.00ns)   --->   "%local_C1_49 = alloca i64 1" [/home/silvenchen/Desktop/DitBlock/WorkDCT/DitBlock/kernel.cpp:3490->/home/silvenchen/Desktop/DitBlock/WorkDCT/DitBlock/kernel.cpp:3490->/home/silvenchen/Desktop/DitBlock/WorkDCT/DitBlock/kernel.cpp:3490]   --->   Operation 59 'alloca' 'local_C1_49' <Predicate = true> <Delay = 0.00> <CoreInst = "FIFO_SRL">   --->   Core 81 'FIFO_SRL' <Latency = 0> <II = 1> <Delay = 1.39> <Storage> <Opcode : 'read' 'write' 'nbread' 'nbwrite'> <Ports = 0> <Width = 32> <Depth = 2> <FIFO>
ST_1 : Operation 60 [1/1] (0.00ns)   --->   "%local_C1_50 = alloca i64 1" [/home/silvenchen/Desktop/DitBlock/WorkDCT/DitBlock/kernel.cpp:3490->/home/silvenchen/Desktop/DitBlock/WorkDCT/DitBlock/kernel.cpp:3490->/home/silvenchen/Desktop/DitBlock/WorkDCT/DitBlock/kernel.cpp:3490]   --->   Operation 60 'alloca' 'local_C1_50' <Predicate = true> <Delay = 0.00> <CoreInst = "FIFO_SRL">   --->   Core 81 'FIFO_SRL' <Latency = 0> <II = 1> <Delay = 1.39> <Storage> <Opcode : 'read' 'write' 'nbread' 'nbwrite'> <Ports = 0> <Width = 32> <Depth = 2> <FIFO>
ST_1 : Operation 61 [1/1] (0.00ns)   --->   "%local_C1_51 = alloca i64 1" [/home/silvenchen/Desktop/DitBlock/WorkDCT/DitBlock/kernel.cpp:3490->/home/silvenchen/Desktop/DitBlock/WorkDCT/DitBlock/kernel.cpp:3490->/home/silvenchen/Desktop/DitBlock/WorkDCT/DitBlock/kernel.cpp:3490]   --->   Operation 61 'alloca' 'local_C1_51' <Predicate = true> <Delay = 0.00> <CoreInst = "FIFO_SRL">   --->   Core 81 'FIFO_SRL' <Latency = 0> <II = 1> <Delay = 1.39> <Storage> <Opcode : 'read' 'write' 'nbread' 'nbwrite'> <Ports = 0> <Width = 32> <Depth = 2> <FIFO>
ST_1 : Operation 62 [1/1] (0.00ns)   --->   "%local_C1_52 = alloca i64 1" [/home/silvenchen/Desktop/DitBlock/WorkDCT/DitBlock/kernel.cpp:3490->/home/silvenchen/Desktop/DitBlock/WorkDCT/DitBlock/kernel.cpp:3490->/home/silvenchen/Desktop/DitBlock/WorkDCT/DitBlock/kernel.cpp:3490]   --->   Operation 62 'alloca' 'local_C1_52' <Predicate = true> <Delay = 0.00> <CoreInst = "FIFO_SRL">   --->   Core 81 'FIFO_SRL' <Latency = 0> <II = 1> <Delay = 1.39> <Storage> <Opcode : 'read' 'write' 'nbread' 'nbwrite'> <Ports = 0> <Width = 32> <Depth = 2> <FIFO>
ST_1 : Operation 63 [1/1] (0.00ns)   --->   "%local_C1_53 = alloca i64 1" [/home/silvenchen/Desktop/DitBlock/WorkDCT/DitBlock/kernel.cpp:3490->/home/silvenchen/Desktop/DitBlock/WorkDCT/DitBlock/kernel.cpp:3490->/home/silvenchen/Desktop/DitBlock/WorkDCT/DitBlock/kernel.cpp:3490]   --->   Operation 63 'alloca' 'local_C1_53' <Predicate = true> <Delay = 0.00> <CoreInst = "FIFO_SRL">   --->   Core 81 'FIFO_SRL' <Latency = 0> <II = 1> <Delay = 1.39> <Storage> <Opcode : 'read' 'write' 'nbread' 'nbwrite'> <Ports = 0> <Width = 32> <Depth = 2> <FIFO>
ST_1 : Operation 64 [1/1] (0.00ns)   --->   "%local_C1_54 = alloca i64 1" [/home/silvenchen/Desktop/DitBlock/WorkDCT/DitBlock/kernel.cpp:3490->/home/silvenchen/Desktop/DitBlock/WorkDCT/DitBlock/kernel.cpp:3490->/home/silvenchen/Desktop/DitBlock/WorkDCT/DitBlock/kernel.cpp:3490]   --->   Operation 64 'alloca' 'local_C1_54' <Predicate = true> <Delay = 0.00> <CoreInst = "FIFO_SRL">   --->   Core 81 'FIFO_SRL' <Latency = 0> <II = 1> <Delay = 1.39> <Storage> <Opcode : 'read' 'write' 'nbread' 'nbwrite'> <Ports = 0> <Width = 32> <Depth = 2> <FIFO>
ST_1 : Operation 65 [1/1] (0.00ns)   --->   "%local_C1_55 = alloca i64 1" [/home/silvenchen/Desktop/DitBlock/WorkDCT/DitBlock/kernel.cpp:3490->/home/silvenchen/Desktop/DitBlock/WorkDCT/DitBlock/kernel.cpp:3490->/home/silvenchen/Desktop/DitBlock/WorkDCT/DitBlock/kernel.cpp:3490]   --->   Operation 65 'alloca' 'local_C1_55' <Predicate = true> <Delay = 0.00> <CoreInst = "FIFO_SRL">   --->   Core 81 'FIFO_SRL' <Latency = 0> <II = 1> <Delay = 1.39> <Storage> <Opcode : 'read' 'write' 'nbread' 'nbwrite'> <Ports = 0> <Width = 32> <Depth = 2> <FIFO>
ST_1 : Operation 66 [1/1] (0.00ns)   --->   "%local_C1_56 = alloca i64 1" [/home/silvenchen/Desktop/DitBlock/WorkDCT/DitBlock/kernel.cpp:3490->/home/silvenchen/Desktop/DitBlock/WorkDCT/DitBlock/kernel.cpp:3490->/home/silvenchen/Desktop/DitBlock/WorkDCT/DitBlock/kernel.cpp:3490]   --->   Operation 66 'alloca' 'local_C1_56' <Predicate = true> <Delay = 0.00> <CoreInst = "FIFO_SRL">   --->   Core 81 'FIFO_SRL' <Latency = 0> <II = 1> <Delay = 1.39> <Storage> <Opcode : 'read' 'write' 'nbread' 'nbwrite'> <Ports = 0> <Width = 32> <Depth = 2> <FIFO>
ST_1 : Operation 67 [1/1] (0.00ns)   --->   "%local_C1_57 = alloca i64 1" [/home/silvenchen/Desktop/DitBlock/WorkDCT/DitBlock/kernel.cpp:3490->/home/silvenchen/Desktop/DitBlock/WorkDCT/DitBlock/kernel.cpp:3490->/home/silvenchen/Desktop/DitBlock/WorkDCT/DitBlock/kernel.cpp:3490]   --->   Operation 67 'alloca' 'local_C1_57' <Predicate = true> <Delay = 0.00> <CoreInst = "FIFO_SRL">   --->   Core 81 'FIFO_SRL' <Latency = 0> <II = 1> <Delay = 1.39> <Storage> <Opcode : 'read' 'write' 'nbread' 'nbwrite'> <Ports = 0> <Width = 32> <Depth = 2> <FIFO>
ST_1 : Operation 68 [1/1] (0.00ns)   --->   "%local_C1_58 = alloca i64 1" [/home/silvenchen/Desktop/DitBlock/WorkDCT/DitBlock/kernel.cpp:3490->/home/silvenchen/Desktop/DitBlock/WorkDCT/DitBlock/kernel.cpp:3490->/home/silvenchen/Desktop/DitBlock/WorkDCT/DitBlock/kernel.cpp:3490]   --->   Operation 68 'alloca' 'local_C1_58' <Predicate = true> <Delay = 0.00> <CoreInst = "FIFO_SRL">   --->   Core 81 'FIFO_SRL' <Latency = 0> <II = 1> <Delay = 1.39> <Storage> <Opcode : 'read' 'write' 'nbread' 'nbwrite'> <Ports = 0> <Width = 32> <Depth = 2> <FIFO>
ST_1 : Operation 69 [1/1] (0.00ns)   --->   "%local_C1_59 = alloca i64 1" [/home/silvenchen/Desktop/DitBlock/WorkDCT/DitBlock/kernel.cpp:3490->/home/silvenchen/Desktop/DitBlock/WorkDCT/DitBlock/kernel.cpp:3490->/home/silvenchen/Desktop/DitBlock/WorkDCT/DitBlock/kernel.cpp:3490]   --->   Operation 69 'alloca' 'local_C1_59' <Predicate = true> <Delay = 0.00> <CoreInst = "FIFO_SRL">   --->   Core 81 'FIFO_SRL' <Latency = 0> <II = 1> <Delay = 1.39> <Storage> <Opcode : 'read' 'write' 'nbread' 'nbwrite'> <Ports = 0> <Width = 32> <Depth = 2> <FIFO>
ST_1 : Operation 70 [1/1] (0.00ns)   --->   "%local_C1_60 = alloca i64 1" [/home/silvenchen/Desktop/DitBlock/WorkDCT/DitBlock/kernel.cpp:3490->/home/silvenchen/Desktop/DitBlock/WorkDCT/DitBlock/kernel.cpp:3490->/home/silvenchen/Desktop/DitBlock/WorkDCT/DitBlock/kernel.cpp:3490]   --->   Operation 70 'alloca' 'local_C1_60' <Predicate = true> <Delay = 0.00> <CoreInst = "FIFO_SRL">   --->   Core 81 'FIFO_SRL' <Latency = 0> <II = 1> <Delay = 1.39> <Storage> <Opcode : 'read' 'write' 'nbread' 'nbwrite'> <Ports = 0> <Width = 32> <Depth = 2> <FIFO>
ST_1 : Operation 71 [1/1] (0.00ns)   --->   "%local_C1_61 = alloca i64 1" [/home/silvenchen/Desktop/DitBlock/WorkDCT/DitBlock/kernel.cpp:3490->/home/silvenchen/Desktop/DitBlock/WorkDCT/DitBlock/kernel.cpp:3490->/home/silvenchen/Desktop/DitBlock/WorkDCT/DitBlock/kernel.cpp:3490]   --->   Operation 71 'alloca' 'local_C1_61' <Predicate = true> <Delay = 0.00> <CoreInst = "FIFO_SRL">   --->   Core 81 'FIFO_SRL' <Latency = 0> <II = 1> <Delay = 1.39> <Storage> <Opcode : 'read' 'write' 'nbread' 'nbwrite'> <Ports = 0> <Width = 32> <Depth = 2> <FIFO>
ST_1 : Operation 72 [1/1] (0.00ns)   --->   "%local_C1_62 = alloca i64 1" [/home/silvenchen/Desktop/DitBlock/WorkDCT/DitBlock/kernel.cpp:3490->/home/silvenchen/Desktop/DitBlock/WorkDCT/DitBlock/kernel.cpp:3490->/home/silvenchen/Desktop/DitBlock/WorkDCT/DitBlock/kernel.cpp:3490]   --->   Operation 72 'alloca' 'local_C1_62' <Predicate = true> <Delay = 0.00> <CoreInst = "FIFO_SRL">   --->   Core 81 'FIFO_SRL' <Latency = 0> <II = 1> <Delay = 1.39> <Storage> <Opcode : 'read' 'write' 'nbread' 'nbwrite'> <Ports = 0> <Width = 32> <Depth = 2> <FIFO>
ST_1 : Operation 73 [1/1] (0.00ns)   --->   "%local_C1_63 = alloca i64 1" [/home/silvenchen/Desktop/DitBlock/WorkDCT/DitBlock/kernel.cpp:3490->/home/silvenchen/Desktop/DitBlock/WorkDCT/DitBlock/kernel.cpp:3490->/home/silvenchen/Desktop/DitBlock/WorkDCT/DitBlock/kernel.cpp:3490]   --->   Operation 73 'alloca' 'local_C1_63' <Predicate = true> <Delay = 0.00> <CoreInst = "FIFO_SRL">   --->   Core 81 'FIFO_SRL' <Latency = 0> <II = 1> <Delay = 1.39> <Storage> <Opcode : 'read' 'write' 'nbread' 'nbwrite'> <Ports = 0> <Width = 32> <Depth = 2> <FIFO>
ST_1 : Operation 74 [1/1] (0.00ns)   --->   "%mi1_c_i = alloca i64 1"   --->   Operation 74 'alloca' 'mi1_c_i' <Predicate = true> <Delay = 0.00> <CoreInst = "FIFO_SRL">   --->   Core 81 'FIFO_SRL' <Latency = 0> <II = 1> <Delay = 1.36> <Storage> <Opcode : 'read' 'write' 'nbread' 'nbwrite'> <Ports = 0> <Width = 7> <Depth = 3> <FIFO>
ST_1 : Operation 75 [1/1] (0.00ns)   --->   "%ni1_c_i = alloca i64 1"   --->   Operation 75 'alloca' 'ni1_c_i' <Predicate = true> <Delay = 0.00> <CoreInst = "FIFO_SRL">   --->   Core 81 'FIFO_SRL' <Latency = 0> <II = 1> <Delay = 1.36> <Storage> <Opcode : 'read' 'write' 'nbread' 'nbwrite'> <Ports = 0> <Width = 6> <Depth = 3> <FIFO>
ST_1 : Operation 76 [1/1] (1.19ns)   --->   "%local_B1 = alloca i64 1" [/home/silvenchen/Desktop/DitBlock/WorkDCT/DitBlock/kernel.cpp:3487->/home/silvenchen/Desktop/DitBlock/WorkDCT/DitBlock/kernel.cpp:3490->/home/silvenchen/Desktop/DitBlock/WorkDCT/DitBlock/kernel.cpp:3490]   --->   Operation 76 'alloca' 'local_B1' <Predicate = true> <Delay = 1.19>
ST_1 : Operation 77 [1/1] (1.19ns)   --->   "%local_B1_1 = alloca i64 1" [/home/silvenchen/Desktop/DitBlock/WorkDCT/DitBlock/kernel.cpp:3487->/home/silvenchen/Desktop/DitBlock/WorkDCT/DitBlock/kernel.cpp:3490->/home/silvenchen/Desktop/DitBlock/WorkDCT/DitBlock/kernel.cpp:3490]   --->   Operation 77 'alloca' 'local_B1_1' <Predicate = true> <Delay = 1.19>
ST_1 : Operation 78 [1/1] (1.19ns)   --->   "%local_B1_2 = alloca i64 1" [/home/silvenchen/Desktop/DitBlock/WorkDCT/DitBlock/kernel.cpp:3487->/home/silvenchen/Desktop/DitBlock/WorkDCT/DitBlock/kernel.cpp:3490->/home/silvenchen/Desktop/DitBlock/WorkDCT/DitBlock/kernel.cpp:3490]   --->   Operation 78 'alloca' 'local_B1_2' <Predicate = true> <Delay = 1.19>
ST_1 : Operation 79 [1/1] (1.19ns)   --->   "%local_B1_3 = alloca i64 1" [/home/silvenchen/Desktop/DitBlock/WorkDCT/DitBlock/kernel.cpp:3487->/home/silvenchen/Desktop/DitBlock/WorkDCT/DitBlock/kernel.cpp:3490->/home/silvenchen/Desktop/DitBlock/WorkDCT/DitBlock/kernel.cpp:3490]   --->   Operation 79 'alloca' 'local_B1_3' <Predicate = true> <Delay = 1.19>
ST_1 : Operation 80 [1/1] (1.19ns)   --->   "%local_B1_4 = alloca i64 1" [/home/silvenchen/Desktop/DitBlock/WorkDCT/DitBlock/kernel.cpp:3487->/home/silvenchen/Desktop/DitBlock/WorkDCT/DitBlock/kernel.cpp:3490->/home/silvenchen/Desktop/DitBlock/WorkDCT/DitBlock/kernel.cpp:3490]   --->   Operation 80 'alloca' 'local_B1_4' <Predicate = true> <Delay = 1.19>
ST_1 : Operation 81 [1/1] (1.19ns)   --->   "%local_B1_5 = alloca i64 1" [/home/silvenchen/Desktop/DitBlock/WorkDCT/DitBlock/kernel.cpp:3487->/home/silvenchen/Desktop/DitBlock/WorkDCT/DitBlock/kernel.cpp:3490->/home/silvenchen/Desktop/DitBlock/WorkDCT/DitBlock/kernel.cpp:3490]   --->   Operation 81 'alloca' 'local_B1_5' <Predicate = true> <Delay = 1.19>
ST_1 : Operation 82 [1/1] (1.19ns)   --->   "%local_B1_6 = alloca i64 1" [/home/silvenchen/Desktop/DitBlock/WorkDCT/DitBlock/kernel.cpp:3487->/home/silvenchen/Desktop/DitBlock/WorkDCT/DitBlock/kernel.cpp:3490->/home/silvenchen/Desktop/DitBlock/WorkDCT/DitBlock/kernel.cpp:3490]   --->   Operation 82 'alloca' 'local_B1_6' <Predicate = true> <Delay = 1.19>
ST_1 : Operation 83 [1/1] (1.19ns)   --->   "%local_B1_7 = alloca i64 1" [/home/silvenchen/Desktop/DitBlock/WorkDCT/DitBlock/kernel.cpp:3487->/home/silvenchen/Desktop/DitBlock/WorkDCT/DitBlock/kernel.cpp:3490->/home/silvenchen/Desktop/DitBlock/WorkDCT/DitBlock/kernel.cpp:3490]   --->   Operation 83 'alloca' 'local_B1_7' <Predicate = true> <Delay = 1.19>
ST_1 : Operation 84 [1/1] (1.19ns)   --->   "%local_A1 = alloca i64 1" [/home/silvenchen/Desktop/DitBlock/WorkDCT/DitBlock/kernel.cpp:3484->/home/silvenchen/Desktop/DitBlock/WorkDCT/DitBlock/kernel.cpp:3490->/home/silvenchen/Desktop/DitBlock/WorkDCT/DitBlock/kernel.cpp:3490]   --->   Operation 84 'alloca' 'local_A1' <Predicate = true> <Delay = 1.19>
ST_1 : Operation 85 [1/1] (1.19ns)   --->   "%local_A1_1 = alloca i64 1" [/home/silvenchen/Desktop/DitBlock/WorkDCT/DitBlock/kernel.cpp:3484->/home/silvenchen/Desktop/DitBlock/WorkDCT/DitBlock/kernel.cpp:3490->/home/silvenchen/Desktop/DitBlock/WorkDCT/DitBlock/kernel.cpp:3490]   --->   Operation 85 'alloca' 'local_A1_1' <Predicate = true> <Delay = 1.19>
ST_1 : Operation 86 [1/1] (1.19ns)   --->   "%local_A1_2 = alloca i64 1" [/home/silvenchen/Desktop/DitBlock/WorkDCT/DitBlock/kernel.cpp:3484->/home/silvenchen/Desktop/DitBlock/WorkDCT/DitBlock/kernel.cpp:3490->/home/silvenchen/Desktop/DitBlock/WorkDCT/DitBlock/kernel.cpp:3490]   --->   Operation 86 'alloca' 'local_A1_2' <Predicate = true> <Delay = 1.19>
ST_1 : Operation 87 [1/1] (1.19ns)   --->   "%local_A1_3 = alloca i64 1" [/home/silvenchen/Desktop/DitBlock/WorkDCT/DitBlock/kernel.cpp:3484->/home/silvenchen/Desktop/DitBlock/WorkDCT/DitBlock/kernel.cpp:3490->/home/silvenchen/Desktop/DitBlock/WorkDCT/DitBlock/kernel.cpp:3490]   --->   Operation 87 'alloca' 'local_A1_3' <Predicate = true> <Delay = 1.19>
ST_1 : Operation 88 [1/1] (1.19ns)   --->   "%local_A1_4 = alloca i64 1" [/home/silvenchen/Desktop/DitBlock/WorkDCT/DitBlock/kernel.cpp:3484->/home/silvenchen/Desktop/DitBlock/WorkDCT/DitBlock/kernel.cpp:3490->/home/silvenchen/Desktop/DitBlock/WorkDCT/DitBlock/kernel.cpp:3490]   --->   Operation 88 'alloca' 'local_A1_4' <Predicate = true> <Delay = 1.19>
ST_1 : Operation 89 [1/1] (1.19ns)   --->   "%local_A1_5 = alloca i64 1" [/home/silvenchen/Desktop/DitBlock/WorkDCT/DitBlock/kernel.cpp:3484->/home/silvenchen/Desktop/DitBlock/WorkDCT/DitBlock/kernel.cpp:3490->/home/silvenchen/Desktop/DitBlock/WorkDCT/DitBlock/kernel.cpp:3490]   --->   Operation 89 'alloca' 'local_A1_5' <Predicate = true> <Delay = 1.19>
ST_1 : Operation 90 [1/1] (1.19ns)   --->   "%local_A1_6 = alloca i64 1" [/home/silvenchen/Desktop/DitBlock/WorkDCT/DitBlock/kernel.cpp:3484->/home/silvenchen/Desktop/DitBlock/WorkDCT/DitBlock/kernel.cpp:3490->/home/silvenchen/Desktop/DitBlock/WorkDCT/DitBlock/kernel.cpp:3490]   --->   Operation 90 'alloca' 'local_A1_6' <Predicate = true> <Delay = 1.19>
ST_1 : Operation 91 [1/1] (1.19ns)   --->   "%local_A1_7 = alloca i64 1" [/home/silvenchen/Desktop/DitBlock/WorkDCT/DitBlock/kernel.cpp:3484->/home/silvenchen/Desktop/DitBlock/WorkDCT/DitBlock/kernel.cpp:3490->/home/silvenchen/Desktop/DitBlock/WorkDCT/DitBlock/kernel.cpp:3490]   --->   Operation 91 'alloca' 'local_A1_7' <Predicate = true> <Delay = 1.19>
ST_1 : Operation 92 [2/2] (6.32ns)   --->   "%call_ln0 = call void @dataflow_in_loop_l_ni1_Loop_l_load_A_tile_ak1_proc4426, i32 %local_A1, i32 %local_A1_1, i32 %local_A1_2, i32 %local_A1_3, i32 %local_A1_4, i32 %local_A1_5, i32 %local_A1_6, i32 %local_A1_7, i6 %empty, i7 %mi1_read, i32 %v1931, i6 %ni1_c_i, i7 %mi1_c_i"   --->   Operation 92 'call' 'call_ln0' <Predicate = true> <Delay = 6.32> <CoreType = "Generic">   --->   Core 0 '' <Latency = 0> <II = 1> <Delay = 1.00> <Generic> <Opcode : >
ST_1 : Operation 93 [2/2] (3.39ns)   --->   "%call_ln0 = call void @dataflow_in_loop_l_ni1_Loop_l_load_B_tile_bk1_proc4527, i32 %local_B1, i32 %local_B1_1, i32 %local_B1_2, i32 %local_B1_3, i32 %local_B1_4, i32 %local_B1_5, i32 %local_B1_6, i32 %local_B1_7, i6 %empty, i32 %v1932"   --->   Operation 93 'call' 'call_ln0' <Predicate = true> <Delay = 3.39> <CoreType = "Generic">   --->   Core 0 '' <Latency = 0> <II = 1> <Delay = 1.00> <Generic> <Opcode : >

State 2 <SV = 1> <Delay = 0.00>
ST_2 : Operation 94 [1/2] (0.00ns)   --->   "%call_ln0 = call void @dataflow_in_loop_l_ni1_Loop_l_load_A_tile_ak1_proc4426, i32 %local_A1, i32 %local_A1_1, i32 %local_A1_2, i32 %local_A1_3, i32 %local_A1_4, i32 %local_A1_5, i32 %local_A1_6, i32 %local_A1_7, i6 %empty, i7 %mi1_read, i32 %v1931, i6 %ni1_c_i, i7 %mi1_c_i"   --->   Operation 94 'call' 'call_ln0' <Predicate = true> <Delay = 0.00> <CoreType = "Generic">   --->   Core 0 '' <Latency = 0> <II = 1> <Delay = 1.00> <Generic> <Opcode : >
ST_2 : Operation 95 [1/2] (0.00ns)   --->   "%call_ln0 = call void @dataflow_in_loop_l_ni1_Loop_l_load_B_tile_bk1_proc4527, i32 %local_B1, i32 %local_B1_1, i32 %local_B1_2, i32 %local_B1_3, i32 %local_B1_4, i32 %local_B1_5, i32 %local_B1_6, i32 %local_B1_7, i6 %empty, i32 %v1932"   --->   Operation 95 'call' 'call_ln0' <Predicate = true> <Delay = 0.00> <CoreType = "Generic">   --->   Core 0 '' <Latency = 0> <II = 1> <Delay = 1.00> <Generic> <Opcode : >

State 3 <SV = 2> <Delay = 0.00>
ST_3 : Operation 96 [2/2] (0.00ns)   --->   "%call_ln3515 = call void @systolic_tile_Q46, i32 %local_A1_7, i32 %local_A1_6, i32 %local_A1_5, i32 %local_A1_4, i32 %local_A1_3, i32 %local_A1_2, i32 %local_A1_1, i32 %local_A1, i32 %local_B1_7, i32 %local_B1_6, i32 %local_B1_5, i32 %local_B1_4, i32 %local_B1_3, i32 %local_B1_2, i32 %local_B1_1, i32 %local_B1, i32 %local_C1_63, i32 %local_C1_62, i32 %local_C1_61, i32 %local_C1_60, i32 %local_C1_59, i32 %local_C1_58, i32 %local_C1_57, i32 %local_C1_56, i32 %local_C1_55, i32 %local_C1_54, i32 %local_C1_53, i32 %local_C1_52, i32 %local_C1_51, i32 %local_C1_50, i32 %local_C1_49, i32 %local_C1_48, i32 %local_C1_47, i32 %local_C1_46, i32 %local_C1_45, i32 %local_C1_44, i32 %local_C1_43, i32 %local_C1_42, i32 %local_C1_41, i32 %local_C1_40, i32 %local_C1_39, i32 %local_C1_38, i32 %local_C1_37, i32 %local_C1_36, i32 %local_C1_35, i32 %local_C1_34, i32 %local_C1_33, i32 %local_C1_32, i32 %local_C1_31, i32 %local_C1_30, i32 %local_C1_29, i32 %local_C1_28, i32 %local_C1_27, i32 %local_C1_26, i32 %local_C1_25, i32 %local_C1_24, i32 %local_C1_23, i32 %local_C1_22, i32 %local_C1_21, i32 %local_C1_20, i32 %local_C1_19, i32 %local_C1_18, i32 %local_C1_17, i32 %local_C1_16, i32 %local_C1_15, i32 %local_C1_14, i32 %local_C1_13, i32 %local_C1_12, i32 %local_C1_11, i32 %local_C1_10, i32 %local_C1_9, i32 %local_C1_8, i32 %local_C1_7, i32 %local_C1_6, i32 %local_C1_5, i32 %local_C1_4, i32 %local_C1_3, i32 %local_C1_2, i32 %local_C1_1, i32 %local_C1" [/home/silvenchen/Desktop/DitBlock/WorkDCT/DitBlock/kernel.cpp:3515->/home/silvenchen/Desktop/DitBlock/WorkDCT/DitBlock/kernel.cpp:3490->/home/silvenchen/Desktop/DitBlock/WorkDCT/DitBlock/kernel.cpp:3490]   --->   Operation 96 'call' 'call_ln3515' <Predicate = true> <Delay = 0.00> <CoreType = "Generic">   --->   Core 0 '' <Latency = 0> <II = 1> <Delay = 1.00> <Generic> <Opcode : >

State 4 <SV = 3> <Delay = 0.00>
ST_4 : Operation 97 [1/2] (0.00ns)   --->   "%call_ln3515 = call void @systolic_tile_Q46, i32 %local_A1_7, i32 %local_A1_6, i32 %local_A1_5, i32 %local_A1_4, i32 %local_A1_3, i32 %local_A1_2, i32 %local_A1_1, i32 %local_A1, i32 %local_B1_7, i32 %local_B1_6, i32 %local_B1_5, i32 %local_B1_4, i32 %local_B1_3, i32 %local_B1_2, i32 %local_B1_1, i32 %local_B1, i32 %local_C1_63, i32 %local_C1_62, i32 %local_C1_61, i32 %local_C1_60, i32 %local_C1_59, i32 %local_C1_58, i32 %local_C1_57, i32 %local_C1_56, i32 %local_C1_55, i32 %local_C1_54, i32 %local_C1_53, i32 %local_C1_52, i32 %local_C1_51, i32 %local_C1_50, i32 %local_C1_49, i32 %local_C1_48, i32 %local_C1_47, i32 %local_C1_46, i32 %local_C1_45, i32 %local_C1_44, i32 %local_C1_43, i32 %local_C1_42, i32 %local_C1_41, i32 %local_C1_40, i32 %local_C1_39, i32 %local_C1_38, i32 %local_C1_37, i32 %local_C1_36, i32 %local_C1_35, i32 %local_C1_34, i32 %local_C1_33, i32 %local_C1_32, i32 %local_C1_31, i32 %local_C1_30, i32 %local_C1_29, i32 %local_C1_28, i32 %local_C1_27, i32 %local_C1_26, i32 %local_C1_25, i32 %local_C1_24, i32 %local_C1_23, i32 %local_C1_22, i32 %local_C1_21, i32 %local_C1_20, i32 %local_C1_19, i32 %local_C1_18, i32 %local_C1_17, i32 %local_C1_16, i32 %local_C1_15, i32 %local_C1_14, i32 %local_C1_13, i32 %local_C1_12, i32 %local_C1_11, i32 %local_C1_10, i32 %local_C1_9, i32 %local_C1_8, i32 %local_C1_7, i32 %local_C1_6, i32 %local_C1_5, i32 %local_C1_4, i32 %local_C1_3, i32 %local_C1_2, i32 %local_C1_1, i32 %local_C1" [/home/silvenchen/Desktop/DitBlock/WorkDCT/DitBlock/kernel.cpp:3515->/home/silvenchen/Desktop/DitBlock/WorkDCT/DitBlock/kernel.cpp:3490->/home/silvenchen/Desktop/DitBlock/WorkDCT/DitBlock/kernel.cpp:3490]   --->   Operation 97 'call' 'call_ln3515' <Predicate = true> <Delay = 0.00> <CoreType = "Generic">   --->   Core 0 '' <Latency = 0> <II = 1> <Delay = 1.00> <Generic> <Opcode : >

State 5 <SV = 4> <Delay = 5.62>
ST_5 : Operation 98 [2/2] (5.62ns)   --->   "%call_ln0 = call void @dataflow_in_loop_l_ni1_Loop_l_store_C_tile_sj1_proc47, i6 %ni1_c_i, i32 %local_C1_63, i32 %local_C1_62, i32 %local_C1_61, i32 %local_C1_60, i32 %local_C1_59, i32 %local_C1_58, i32 %local_C1_57, i32 %local_C1_56, i32 %local_C1_55, i32 %local_C1_54, i32 %local_C1_53, i32 %local_C1_52, i32 %local_C1_51, i32 %local_C1_50, i32 %local_C1_49, i32 %local_C1_48, i32 %local_C1_47, i32 %local_C1_46, i32 %local_C1_45, i32 %local_C1_44, i32 %local_C1_43, i32 %local_C1_42, i32 %local_C1_41, i32 %local_C1_40, i32 %local_C1_39, i32 %local_C1_38, i32 %local_C1_37, i32 %local_C1_36, i32 %local_C1_35, i32 %local_C1_34, i32 %local_C1_33, i32 %local_C1_32, i32 %local_C1_31, i32 %local_C1_30, i32 %local_C1_29, i32 %local_C1_28, i32 %local_C1_27, i32 %local_C1_26, i32 %local_C1_25, i32 %local_C1_24, i32 %local_C1_23, i32 %local_C1_22, i32 %local_C1_21, i32 %local_C1_20, i32 %local_C1_19, i32 %local_C1_18, i32 %local_C1_17, i32 %local_C1_16, i32 %local_C1_15, i32 %local_C1_14, i32 %local_C1_13, i32 %local_C1_12, i32 %local_C1_11, i32 %local_C1_10, i32 %local_C1_9, i32 %local_C1_8, i32 %local_C1_7, i32 %local_C1_6, i32 %local_C1_5, i32 %local_C1_4, i32 %local_C1_3, i32 %local_C1_2, i32 %local_C1_1, i32 %local_C1, i7 %mi1_c_i, i32 %v1933"   --->   Operation 98 'call' 'call_ln0' <Predicate = true> <Delay = 5.62> <CoreType = "Generic">   --->   Core 0 '' <Latency = 0> <II = 1> <Delay = 1.00> <Generic> <Opcode : >

State 6 <SV = 5> <Delay = 0.00>
ST_6 : Operation 99 [1/1] (0.00ns)   --->   "%empty_755 = specchannel i32 @_ssdm_op_SpecChannel, void @mi1_c_str, i32 1, void @p_str, void @p_str, i32 3, i32 0, i7 %mi1_c_i, i7 %mi1_c_i"   --->   Operation 99 'specchannel' 'empty_755' <Predicate = true> <Delay = 0.00>
ST_6 : Operation 100 [1/1] (0.00ns)   --->   "%specinterface_ln0 = specinterface void @_ssdm_op_SpecInterface, i7 %mi1_c_i, void @ap_fifo_str, i32 0, i32 0, void @p_str, i32 0, i32 0, void @p_str, void @p_str, void @p_str, i32 2, i32 2, i32 16, i32 16, void @p_str, void @p_str, i32 4294967295, i32 0"   --->   Operation 100 'specinterface' 'specinterface_ln0' <Predicate = true> <Delay = 0.00>
ST_6 : Operation 101 [1/1] (0.00ns)   --->   "%empty_756 = specchannel i32 @_ssdm_op_SpecChannel, void @ni1_c_str, i32 1, void @p_str, void @p_str, i32 3, i32 0, i6 %ni1_c_i, i6 %ni1_c_i"   --->   Operation 101 'specchannel' 'empty_756' <Predicate = true> <Delay = 0.00>
ST_6 : Operation 102 [1/1] (0.00ns)   --->   "%specinterface_ln0 = specinterface void @_ssdm_op_SpecInterface, i6 %ni1_c_i, void @ap_fifo_str, i32 0, i32 0, void @p_str, i32 0, i32 0, void @p_str, void @p_str, void @p_str, i32 2, i32 2, i32 16, i32 16, void @p_str, void @p_str, i32 4294967295, i32 0"   --->   Operation 102 'specinterface' 'specinterface_ln0' <Predicate = true> <Delay = 0.00>
ST_6 : Operation 103 [1/1] (0.00ns)   --->   "%specdataflowpipeline_ln0 = specdataflowpipeline void @_ssdm_op_SpecDataflowPipeline, i32 4294967295, i32 0, void @empty_191"   --->   Operation 103 'specdataflowpipeline' 'specdataflowpipeline_ln0' <Predicate = true> <Delay = 0.00>
ST_6 : Operation 104 [1/1] (0.00ns)   --->   "%specmemcore_ln0 = specmemcore void @_ssdm_op_SpecMemCore, i32 %v1933, i64 666, i64 24, i64 18446744073709551615"   --->   Operation 104 'specmemcore' 'specmemcore_ln0' <Predicate = true> <Delay = 0.00>
ST_6 : Operation 105 [1/1] (0.00ns)   --->   "%specmemcore_ln0 = specmemcore void @_ssdm_op_SpecMemCore, i32 %v1931, i64 666, i64 24, i64 18446744073709551615"   --->   Operation 105 'specmemcore' 'specmemcore_ln0' <Predicate = true> <Delay = 0.00>
ST_6 : Operation 106 [1/2] (0.00ns)   --->   "%call_ln0 = call void @dataflow_in_loop_l_ni1_Loop_l_store_C_tile_sj1_proc47, i6 %ni1_c_i, i32 %local_C1_63, i32 %local_C1_62, i32 %local_C1_61, i32 %local_C1_60, i32 %local_C1_59, i32 %local_C1_58, i32 %local_C1_57, i32 %local_C1_56, i32 %local_C1_55, i32 %local_C1_54, i32 %local_C1_53, i32 %local_C1_52, i32 %local_C1_51, i32 %local_C1_50, i32 %local_C1_49, i32 %local_C1_48, i32 %local_C1_47, i32 %local_C1_46, i32 %local_C1_45, i32 %local_C1_44, i32 %local_C1_43, i32 %local_C1_42, i32 %local_C1_41, i32 %local_C1_40, i32 %local_C1_39, i32 %local_C1_38, i32 %local_C1_37, i32 %local_C1_36, i32 %local_C1_35, i32 %local_C1_34, i32 %local_C1_33, i32 %local_C1_32, i32 %local_C1_31, i32 %local_C1_30, i32 %local_C1_29, i32 %local_C1_28, i32 %local_C1_27, i32 %local_C1_26, i32 %local_C1_25, i32 %local_C1_24, i32 %local_C1_23, i32 %local_C1_22, i32 %local_C1_21, i32 %local_C1_20, i32 %local_C1_19, i32 %local_C1_18, i32 %local_C1_17, i32 %local_C1_16, i32 %local_C1_15, i32 %local_C1_14, i32 %local_C1_13, i32 %local_C1_12, i32 %local_C1_11, i32 %local_C1_10, i32 %local_C1_9, i32 %local_C1_8, i32 %local_C1_7, i32 %local_C1_6, i32 %local_C1_5, i32 %local_C1_4, i32 %local_C1_3, i32 %local_C1_2, i32 %local_C1_1, i32 %local_C1, i7 %mi1_c_i, i32 %v1933"   --->   Operation 106 'call' 'call_ln0' <Predicate = true> <Delay = 0.00> <CoreType = "Generic">   --->   Core 0 '' <Latency = 0> <II = 1> <Delay = 1.00> <Generic> <Opcode : >
ST_6 : Operation 107 [1/1] (0.00ns)   --->   "%ret_ln3490 = ret" [/home/silvenchen/Desktop/DitBlock/WorkDCT/DitBlock/kernel.cpp:3490]   --->   Operation 107 'ret' 'ret_ln3490' <Predicate = true> <Delay = 0.00>


============================================================
+ Verbose Summary: Binding
============================================================
STG Binding: 
---------------- STG Properties BEGIN ----------------
- Is combinational: 0
- Is one-state seq: 0
- Is datapath-only: 0
- Is pipelined: 0
- Is top level: 0
Port [ Return ] is wired: 1; IO mode=ap_ctrl_hs:ce=0
Port [ ni1]:  wired=1; compound=0; hidden=0; nouse=0; global=0; static=0; extern=0; dir=0; type=0; pingpong=0; private_global=0; IO mode=ap_none:ce=0
Port [ mi1]:  wired=1; compound=0; hidden=0; nouse=0; global=0; static=0; extern=0; dir=0; type=0; pingpong=0; private_global=0; IO mode=ap_none:ce=0
Port [ v1933]:  wired=1; compound=1; hidden=0; nouse=0; global=0; static=0; extern=0; dir=1; type=1; pingpong=0; private_global=0; MemPort=[30]; IO mode=ap_memory:ce=0
Port [ v1932]:  wired=1; compound=1; hidden=0; nouse=0; global=0; static=0; extern=0; dir=0; type=1; pingpong=0; private_global=0; MemPort=[13]; IO mode=ap_memory:ce=0
Port [ v1931]:  wired=1; compound=1; hidden=0; nouse=0; global=0; static=0; extern=0; dir=0; type=1; pingpong=0; private_global=0; MemPort=[13]; IO mode=ap_memory:ce=0
---------------- STG Properties END ------------------

---------------- Datapath Model BEGIN ----------------

<LifeTime>
<method=bitvector/>
mi1_read                 (read                ) [ 0010000]
ni1_read                 (read                ) [ 0000000]
empty                    (trunc               ) [ 0010000]
local_C1                 (alloca              ) [ 0011111]
local_C1_1               (alloca              ) [ 0011111]
local_C1_2               (alloca              ) [ 0011111]
local_C1_3               (alloca              ) [ 0011111]
local_C1_4               (alloca              ) [ 0011111]
local_C1_5               (alloca              ) [ 0011111]
local_C1_6               (alloca              ) [ 0011111]
local_C1_7               (alloca              ) [ 0011111]
local_C1_8               (alloca              ) [ 0011111]
local_C1_9               (alloca              ) [ 0011111]
local_C1_10              (alloca              ) [ 0011111]
local_C1_11              (alloca              ) [ 0011111]
local_C1_12              (alloca              ) [ 0011111]
local_C1_13              (alloca              ) [ 0011111]
local_C1_14              (alloca              ) [ 0011111]
local_C1_15              (alloca              ) [ 0011111]
local_C1_16              (alloca              ) [ 0011111]
local_C1_17              (alloca              ) [ 0011111]
local_C1_18              (alloca              ) [ 0011111]
local_C1_19              (alloca              ) [ 0011111]
local_C1_20              (alloca              ) [ 0011111]
local_C1_21              (alloca              ) [ 0011111]
local_C1_22              (alloca              ) [ 0011111]
local_C1_23              (alloca              ) [ 0011111]
local_C1_24              (alloca              ) [ 0011111]
local_C1_25              (alloca              ) [ 0011111]
local_C1_26              (alloca              ) [ 0011111]
local_C1_27              (alloca              ) [ 0011111]
local_C1_28              (alloca              ) [ 0011111]
local_C1_29              (alloca              ) [ 0011111]
local_C1_30              (alloca              ) [ 0011111]
local_C1_31              (alloca              ) [ 0011111]
local_C1_32              (alloca              ) [ 0011111]
local_C1_33              (alloca              ) [ 0011111]
local_C1_34              (alloca              ) [ 0011111]
local_C1_35              (alloca              ) [ 0011111]
local_C1_36              (alloca              ) [ 0011111]
local_C1_37              (alloca              ) [ 0011111]
local_C1_38              (alloca              ) [ 0011111]
local_C1_39              (alloca              ) [ 0011111]
local_C1_40              (alloca              ) [ 0011111]
local_C1_41              (alloca              ) [ 0011111]
local_C1_42              (alloca              ) [ 0011111]
local_C1_43              (alloca              ) [ 0011111]
local_C1_44              (alloca              ) [ 0011111]
local_C1_45              (alloca              ) [ 0011111]
local_C1_46              (alloca              ) [ 0011111]
local_C1_47              (alloca              ) [ 0011111]
local_C1_48              (alloca              ) [ 0011111]
local_C1_49              (alloca              ) [ 0011111]
local_C1_50              (alloca              ) [ 0011111]
local_C1_51              (alloca              ) [ 0011111]
local_C1_52              (alloca              ) [ 0011111]
local_C1_53              (alloca              ) [ 0011111]
local_C1_54              (alloca              ) [ 0011111]
local_C1_55              (alloca              ) [ 0011111]
local_C1_56              (alloca              ) [ 0011111]
local_C1_57              (alloca              ) [ 0011111]
local_C1_58              (alloca              ) [ 0011111]
local_C1_59              (alloca              ) [ 0011111]
local_C1_60              (alloca              ) [ 0011111]
local_C1_61              (alloca              ) [ 0011111]
local_C1_62              (alloca              ) [ 0011111]
local_C1_63              (alloca              ) [ 0011111]
mi1_c_i                  (alloca              ) [ 0111111]
ni1_c_i                  (alloca              ) [ 0111111]
local_B1                 (alloca              ) [ 0011100]
local_B1_1               (alloca              ) [ 0011100]
local_B1_2               (alloca              ) [ 0011100]
local_B1_3               (alloca              ) [ 0011100]
local_B1_4               (alloca              ) [ 0011100]
local_B1_5               (alloca              ) [ 0011100]
local_B1_6               (alloca              ) [ 0011100]
local_B1_7               (alloca              ) [ 0011100]
local_A1                 (alloca              ) [ 0011100]
local_A1_1               (alloca              ) [ 0011100]
local_A1_2               (alloca              ) [ 0011100]
local_A1_3               (alloca              ) [ 0011100]
local_A1_4               (alloca              ) [ 0011100]
local_A1_5               (alloca              ) [ 0011100]
local_A1_6               (alloca              ) [ 0011100]
local_A1_7               (alloca              ) [ 0011100]
call_ln0                 (call                ) [ 0000000]
call_ln0                 (call                ) [ 0000000]
call_ln3515              (call                ) [ 0000000]
empty_755                (specchannel         ) [ 0000000]
specinterface_ln0        (specinterface       ) [ 0000000]
empty_756                (specchannel         ) [ 0000000]
specinterface_ln0        (specinterface       ) [ 0000000]
specdataflowpipeline_ln0 (specdataflowpipeline) [ 0000000]
specmemcore_ln0          (specmemcore         ) [ 0000000]
specmemcore_ln0          (specmemcore         ) [ 0000000]
call_ln0                 (call                ) [ 0000000]
ret_ln3490               (ret                 ) [ 0000000]
</LifeTime>

<model>

<comp_list>
<comp id="0" class="1000" name="ni1">
<pin_list>
<pin id="1" dir="1" index="0" bw="1" slack="0"/>
</pin_list>
<bind>
<StgValue><ssdm name="ni1"/></StgValue>
</bind>
</comp>

<comp id="2" class="1000" name="mi1">
<pin_list>
<pin id="3" dir="1" index="0" bw="1" slack="0"/>
</pin_list>
<bind>
<StgValue><ssdm name="mi1"/></StgValue>
</bind>
</comp>

<comp id="4" class="1000" name="v1933">
<pin_list>
<pin id="5" dir="1" index="0" bw="1" slack="0"/>
</pin_list>
<bind>
<StgValue><ssdm name="v1933"/><MemPortTyVec>3 0 </MemPortTyVec>
</StgValue>
</bind>
</comp>

<comp id="6" class="1000" name="v1932">
<pin_list>
<pin id="7" dir="1" index="0" bw="1" slack="0"/>
</pin_list>
<bind>
<StgValue><ssdm name="v1932"/><MemPortTyVec>1 3 </MemPortTyVec>
</StgValue>
</bind>
</comp>

<comp id="8" class="1000" name="v1931">
<pin_list>
<pin id="9" dir="1" index="0" bw="1" slack="0"/>
</pin_list>
<bind>
<StgValue><ssdm name="v1931"/><MemPortTyVec>1 3 </MemPortTyVec>
</StgValue>
</bind>
</comp>

<comp id="10" class="1001" name="const_10">
<pin_list>
<pin id="11" dir="1" index="0" bw="1" slack="0"/>
</pin_list>
<bind>
<StgValue><ssdm name="_ssdm_op_Read.ap_auto.i7"/></StgValue>
</bind>
</comp>

<comp id="12" class="1001" name="const_12">
<pin_list>
<pin id="13" dir="1" index="0" bw="1" slack="0"/>
</pin_list>
<bind>
<StgValue><ssdm name=""/></StgValue>
</bind>
</comp>

<comp id="14" class="1001" name="const_14">
<pin_list>
<pin id="15" dir="1" index="0" bw="1" slack="0"/>
</pin_list>
<bind>
<StgValue><ssdm name="dataflow_in_loop_l_ni1_Loop_l_load_A_tile_ak1_proc4426"/></StgValue>
</bind>
</comp>

<comp id="16" class="1001" name="const_16">
<pin_list>
<pin id="17" dir="1" index="0" bw="1" slack="0"/>
</pin_list>
<bind>
<StgValue><ssdm name="dataflow_in_loop_l_ni1_Loop_l_load_B_tile_bk1_proc4527"/></StgValue>
</bind>
</comp>

<comp id="18" class="1001" name="const_18">
<pin_list>
<pin id="19" dir="1" index="0" bw="1" slack="0"/>
</pin_list>
<bind>
<StgValue><ssdm name="systolic_tile_Q46"/></StgValue>
</bind>
</comp>

<comp id="20" class="1001" name="const_20">
<pin_list>
<pin id="21" dir="1" index="0" bw="1" slack="0"/>
</pin_list>
<bind>
<StgValue><ssdm name="dataflow_in_loop_l_ni1_Loop_l_store_C_tile_sj1_proc47"/></StgValue>
</bind>
</comp>

<comp id="22" class="1001" name="const_22">
<pin_list>
<pin id="23" dir="1" index="0" bw="1" slack="2147483647"/>
</pin_list>
<bind>
<StgValue><ssdm name="_ssdm_op_SpecChannel"/></StgValue>
</bind>
</comp>

<comp id="24" class="1001" name="const_24">
<pin_list>
<pin id="25" dir="1" index="0" bw="1" slack="2147483647"/>
</pin_list>
<bind>
<StgValue><ssdm name="mi1_c_str"/></StgValue>
</bind>
</comp>

<comp id="26" class="1001" name="const_26">
<pin_list>
<pin id="27" dir="1" index="0" bw="1" slack="2147483647"/>
</pin_list>
<bind>
<StgValue><ssdm name=""/></StgValue>
</bind>
</comp>

<comp id="28" class="1001" name="const_28">
<pin_list>
<pin id="29" dir="1" index="0" bw="1" slack="2147483647"/>
</pin_list>
<bind>
<StgValue><ssdm name="p_str"/></StgValue>
</bind>
</comp>

<comp id="30" class="1001" name="const_30">
<pin_list>
<pin id="31" dir="1" index="0" bw="1" slack="2147483647"/>
</pin_list>
<bind>
<StgValue><ssdm name=""/></StgValue>
</bind>
</comp>

<comp id="32" class="1001" name="const_32">
<pin_list>
<pin id="33" dir="1" index="0" bw="1" slack="2147483647"/>
</pin_list>
<bind>
<StgValue><ssdm name=""/></StgValue>
</bind>
</comp>

<comp id="34" class="1001" name="const_34">
<pin_list>
<pin id="35" dir="1" index="0" bw="1" slack="2147483647"/>
</pin_list>
<bind>
<StgValue><ssdm name="_ssdm_op_SpecInterface"/></StgValue>
</bind>
</comp>

<comp id="36" class="1001" name="const_36">
<pin_list>
<pin id="37" dir="1" index="0" bw="1" slack="2147483647"/>
</pin_list>
<bind>
<StgValue><ssdm name="ap_fifo_str"/></StgValue>
</bind>
</comp>

<comp id="38" class="1001" name="const_38">
<pin_list>
<pin id="39" dir="1" index="0" bw="1" slack="2147483647"/>
</pin_list>
<bind>
<StgValue><ssdm name=""/></StgValue>
</bind>
</comp>

<comp id="40" class="1001" name="const_40">
<pin_list>
<pin id="41" dir="1" index="0" bw="1" slack="2147483647"/>
</pin_list>
<bind>
<StgValue><ssdm name=""/></StgValue>
</bind>
</comp>

<comp id="42" class="1001" name="const_42">
<pin_list>
<pin id="43" dir="1" index="0" bw="1" slack="2147483647"/>
</pin_list>
<bind>
<StgValue><ssdm name=""/></StgValue>
</bind>
</comp>

<comp id="44" class="1001" name="const_44">
<pin_list>
<pin id="45" dir="1" index="0" bw="1" slack="2147483647"/>
</pin_list>
<bind>
<StgValue><ssdm name="ni1_c_str"/></StgValue>
</bind>
</comp>

<comp id="46" class="1001" name="const_46">
<pin_list>
<pin id="47" dir="1" index="0" bw="1" slack="2147483647"/>
</pin_list>
<bind>
<StgValue><ssdm name="_ssdm_op_SpecDataflowPipeline"/></StgValue>
</bind>
</comp>

<comp id="48" class="1001" name="const_48">
<pin_list>
<pin id="49" dir="1" index="0" bw="1" slack="2147483647"/>
</pin_list>
<bind>
<StgValue><ssdm name="empty_191"/></StgValue>
</bind>
</comp>

<comp id="50" class="1001" name="const_50">
<pin_list>
<pin id="51" dir="1" index="0" bw="1" slack="2147483647"/>
</pin_list>
<bind>
<StgValue><ssdm name="_ssdm_op_SpecMemCore"/></StgValue>
</bind>
</comp>

<comp id="52" class="1001" name="const_52">
<pin_list>
<pin id="53" dir="1" index="0" bw="1" slack="2147483647"/>
</pin_list>
<bind>
<StgValue><ssdm name=""/></StgValue>
</bind>
</comp>

<comp id="54" class="1001" name="const_54">
<pin_list>
<pin id="55" dir="1" index="0" bw="1" slack="2147483647"/>
</pin_list>
<bind>
<StgValue><ssdm name=""/></StgValue>
</bind>
</comp>

<comp id="56" class="1001" name="const_56">
<pin_list>
<pin id="57" dir="1" index="0" bw="1" slack="2147483647"/>
</pin_list>
<bind>
<StgValue><ssdm name=""/></StgValue>
</bind>
</comp>

<comp id="58" class="1004" name="local_C1_fu_58">
<pin_list>
<pin id="59" dir="0" index="0" bw="1" slack="0"/>
<pin id="60" dir="1" index="1" bw="32" slack="2"/>
</pin_list>
<bind>
<opcode="alloca(26) " fcode="alloca"/>
<opset="local_C1/1 "/>
</bind>
</comp>

<comp id="62" class="1004" name="local_C1_1_fu_62">
<pin_list>
<pin id="63" dir="0" index="0" bw="1" slack="0"/>
<pin id="64" dir="1" index="1" bw="32" slack="2"/>
</pin_list>
<bind>
<opcode="alloca(26) " fcode="alloca"/>
<opset="local_C1_1/1 "/>
</bind>
</comp>

<comp id="66" class="1004" name="local_C1_2_fu_66">
<pin_list>
<pin id="67" dir="0" index="0" bw="1" slack="0"/>
<pin id="68" dir="1" index="1" bw="32" slack="2"/>
</pin_list>
<bind>
<opcode="alloca(26) " fcode="alloca"/>
<opset="local_C1_2/1 "/>
</bind>
</comp>

<comp id="70" class="1004" name="local_C1_3_fu_70">
<pin_list>
<pin id="71" dir="0" index="0" bw="1" slack="0"/>
<pin id="72" dir="1" index="1" bw="32" slack="2"/>
</pin_list>
<bind>
<opcode="alloca(26) " fcode="alloca"/>
<opset="local_C1_3/1 "/>
</bind>
</comp>

<comp id="74" class="1004" name="local_C1_4_fu_74">
<pin_list>
<pin id="75" dir="0" index="0" bw="1" slack="0"/>
<pin id="76" dir="1" index="1" bw="32" slack="2"/>
</pin_list>
<bind>
<opcode="alloca(26) " fcode="alloca"/>
<opset="local_C1_4/1 "/>
</bind>
</comp>

<comp id="78" class="1004" name="local_C1_5_fu_78">
<pin_list>
<pin id="79" dir="0" index="0" bw="1" slack="0"/>
<pin id="80" dir="1" index="1" bw="32" slack="2"/>
</pin_list>
<bind>
<opcode="alloca(26) " fcode="alloca"/>
<opset="local_C1_5/1 "/>
</bind>
</comp>

<comp id="82" class="1004" name="local_C1_6_fu_82">
<pin_list>
<pin id="83" dir="0" index="0" bw="1" slack="0"/>
<pin id="84" dir="1" index="1" bw="32" slack="2"/>
</pin_list>
<bind>
<opcode="alloca(26) " fcode="alloca"/>
<opset="local_C1_6/1 "/>
</bind>
</comp>

<comp id="86" class="1004" name="local_C1_7_fu_86">
<pin_list>
<pin id="87" dir="0" index="0" bw="1" slack="0"/>
<pin id="88" dir="1" index="1" bw="32" slack="2"/>
</pin_list>
<bind>
<opcode="alloca(26) " fcode="alloca"/>
<opset="local_C1_7/1 "/>
</bind>
</comp>

<comp id="90" class="1004" name="local_C1_8_fu_90">
<pin_list>
<pin id="91" dir="0" index="0" bw="1" slack="0"/>
<pin id="92" dir="1" index="1" bw="32" slack="2"/>
</pin_list>
<bind>
<opcode="alloca(26) " fcode="alloca"/>
<opset="local_C1_8/1 "/>
</bind>
</comp>

<comp id="94" class="1004" name="local_C1_9_fu_94">
<pin_list>
<pin id="95" dir="0" index="0" bw="1" slack="0"/>
<pin id="96" dir="1" index="1" bw="32" slack="2"/>
</pin_list>
<bind>
<opcode="alloca(26) " fcode="alloca"/>
<opset="local_C1_9/1 "/>
</bind>
</comp>

<comp id="98" class="1004" name="local_C1_10_fu_98">
<pin_list>
<pin id="99" dir="0" index="0" bw="1" slack="0"/>
<pin id="100" dir="1" index="1" bw="32" slack="2"/>
</pin_list>
<bind>
<opcode="alloca(26) " fcode="alloca"/>
<opset="local_C1_10/1 "/>
</bind>
</comp>

<comp id="102" class="1004" name="local_C1_11_fu_102">
<pin_list>
<pin id="103" dir="0" index="0" bw="1" slack="0"/>
<pin id="104" dir="1" index="1" bw="32" slack="2"/>
</pin_list>
<bind>
<opcode="alloca(26) " fcode="alloca"/>
<opset="local_C1_11/1 "/>
</bind>
</comp>

<comp id="106" class="1004" name="local_C1_12_fu_106">
<pin_list>
<pin id="107" dir="0" index="0" bw="1" slack="0"/>
<pin id="108" dir="1" index="1" bw="32" slack="2"/>
</pin_list>
<bind>
<opcode="alloca(26) " fcode="alloca"/>
<opset="local_C1_12/1 "/>
</bind>
</comp>

<comp id="110" class="1004" name="local_C1_13_fu_110">
<pin_list>
<pin id="111" dir="0" index="0" bw="1" slack="0"/>
<pin id="112" dir="1" index="1" bw="32" slack="2"/>
</pin_list>
<bind>
<opcode="alloca(26) " fcode="alloca"/>
<opset="local_C1_13/1 "/>
</bind>
</comp>

<comp id="114" class="1004" name="local_C1_14_fu_114">
<pin_list>
<pin id="115" dir="0" index="0" bw="1" slack="0"/>
<pin id="116" dir="1" index="1" bw="32" slack="2"/>
</pin_list>
<bind>
<opcode="alloca(26) " fcode="alloca"/>
<opset="local_C1_14/1 "/>
</bind>
</comp>

<comp id="118" class="1004" name="local_C1_15_fu_118">
<pin_list>
<pin id="119" dir="0" index="0" bw="1" slack="0"/>
<pin id="120" dir="1" index="1" bw="32" slack="2"/>
</pin_list>
<bind>
<opcode="alloca(26) " fcode="alloca"/>
<opset="local_C1_15/1 "/>
</bind>
</comp>

<comp id="122" class="1004" name="local_C1_16_fu_122">
<pin_list>
<pin id="123" dir="0" index="0" bw="1" slack="0"/>
<pin id="124" dir="1" index="1" bw="32" slack="2"/>
</pin_list>
<bind>
<opcode="alloca(26) " fcode="alloca"/>
<opset="local_C1_16/1 "/>
</bind>
</comp>

<comp id="126" class="1004" name="local_C1_17_fu_126">
<pin_list>
<pin id="127" dir="0" index="0" bw="1" slack="0"/>
<pin id="128" dir="1" index="1" bw="32" slack="2"/>
</pin_list>
<bind>
<opcode="alloca(26) " fcode="alloca"/>
<opset="local_C1_17/1 "/>
</bind>
</comp>

<comp id="130" class="1004" name="local_C1_18_fu_130">
<pin_list>
<pin id="131" dir="0" index="0" bw="1" slack="0"/>
<pin id="132" dir="1" index="1" bw="32" slack="2"/>
</pin_list>
<bind>
<opcode="alloca(26) " fcode="alloca"/>
<opset="local_C1_18/1 "/>
</bind>
</comp>

<comp id="134" class="1004" name="local_C1_19_fu_134">
<pin_list>
<pin id="135" dir="0" index="0" bw="1" slack="0"/>
<pin id="136" dir="1" index="1" bw="32" slack="2"/>
</pin_list>
<bind>
<opcode="alloca(26) " fcode="alloca"/>
<opset="local_C1_19/1 "/>
</bind>
</comp>

<comp id="138" class="1004" name="local_C1_20_fu_138">
<pin_list>
<pin id="139" dir="0" index="0" bw="1" slack="0"/>
<pin id="140" dir="1" index="1" bw="32" slack="2"/>
</pin_list>
<bind>
<opcode="alloca(26) " fcode="alloca"/>
<opset="local_C1_20/1 "/>
</bind>
</comp>

<comp id="142" class="1004" name="local_C1_21_fu_142">
<pin_list>
<pin id="143" dir="0" index="0" bw="1" slack="0"/>
<pin id="144" dir="1" index="1" bw="32" slack="2"/>
</pin_list>
<bind>
<opcode="alloca(26) " fcode="alloca"/>
<opset="local_C1_21/1 "/>
</bind>
</comp>

<comp id="146" class="1004" name="local_C1_22_fu_146">
<pin_list>
<pin id="147" dir="0" index="0" bw="1" slack="0"/>
<pin id="148" dir="1" index="1" bw="32" slack="2"/>
</pin_list>
<bind>
<opcode="alloca(26) " fcode="alloca"/>
<opset="local_C1_22/1 "/>
</bind>
</comp>

<comp id="150" class="1004" name="local_C1_23_fu_150">
<pin_list>
<pin id="151" dir="0" index="0" bw="1" slack="0"/>
<pin id="152" dir="1" index="1" bw="32" slack="2"/>
</pin_list>
<bind>
<opcode="alloca(26) " fcode="alloca"/>
<opset="local_C1_23/1 "/>
</bind>
</comp>

<comp id="154" class="1004" name="local_C1_24_fu_154">
<pin_list>
<pin id="155" dir="0" index="0" bw="1" slack="0"/>
<pin id="156" dir="1" index="1" bw="32" slack="2"/>
</pin_list>
<bind>
<opcode="alloca(26) " fcode="alloca"/>
<opset="local_C1_24/1 "/>
</bind>
</comp>

<comp id="158" class="1004" name="local_C1_25_fu_158">
<pin_list>
<pin id="159" dir="0" index="0" bw="1" slack="0"/>
<pin id="160" dir="1" index="1" bw="32" slack="2"/>
</pin_list>
<bind>
<opcode="alloca(26) " fcode="alloca"/>
<opset="local_C1_25/1 "/>
</bind>
</comp>

<comp id="162" class="1004" name="local_C1_26_fu_162">
<pin_list>
<pin id="163" dir="0" index="0" bw="1" slack="0"/>
<pin id="164" dir="1" index="1" bw="32" slack="2"/>
</pin_list>
<bind>
<opcode="alloca(26) " fcode="alloca"/>
<opset="local_C1_26/1 "/>
</bind>
</comp>

<comp id="166" class="1004" name="local_C1_27_fu_166">
<pin_list>
<pin id="167" dir="0" index="0" bw="1" slack="0"/>
<pin id="168" dir="1" index="1" bw="32" slack="2"/>
</pin_list>
<bind>
<opcode="alloca(26) " fcode="alloca"/>
<opset="local_C1_27/1 "/>
</bind>
</comp>

<comp id="170" class="1004" name="local_C1_28_fu_170">
<pin_list>
<pin id="171" dir="0" index="0" bw="1" slack="0"/>
<pin id="172" dir="1" index="1" bw="32" slack="2"/>
</pin_list>
<bind>
<opcode="alloca(26) " fcode="alloca"/>
<opset="local_C1_28/1 "/>
</bind>
</comp>

<comp id="174" class="1004" name="local_C1_29_fu_174">
<pin_list>
<pin id="175" dir="0" index="0" bw="1" slack="0"/>
<pin id="176" dir="1" index="1" bw="32" slack="2"/>
</pin_list>
<bind>
<opcode="alloca(26) " fcode="alloca"/>
<opset="local_C1_29/1 "/>
</bind>
</comp>

<comp id="178" class="1004" name="local_C1_30_fu_178">
<pin_list>
<pin id="179" dir="0" index="0" bw="1" slack="0"/>
<pin id="180" dir="1" index="1" bw="32" slack="2"/>
</pin_list>
<bind>
<opcode="alloca(26) " fcode="alloca"/>
<opset="local_C1_30/1 "/>
</bind>
</comp>

<comp id="182" class="1004" name="local_C1_31_fu_182">
<pin_list>
<pin id="183" dir="0" index="0" bw="1" slack="0"/>
<pin id="184" dir="1" index="1" bw="32" slack="2"/>
</pin_list>
<bind>
<opcode="alloca(26) " fcode="alloca"/>
<opset="local_C1_31/1 "/>
</bind>
</comp>

<comp id="186" class="1004" name="local_C1_32_fu_186">
<pin_list>
<pin id="187" dir="0" index="0" bw="1" slack="0"/>
<pin id="188" dir="1" index="1" bw="32" slack="2"/>
</pin_list>
<bind>
<opcode="alloca(26) " fcode="alloca"/>
<opset="local_C1_32/1 "/>
</bind>
</comp>

<comp id="190" class="1004" name="local_C1_33_fu_190">
<pin_list>
<pin id="191" dir="0" index="0" bw="1" slack="0"/>
<pin id="192" dir="1" index="1" bw="32" slack="2"/>
</pin_list>
<bind>
<opcode="alloca(26) " fcode="alloca"/>
<opset="local_C1_33/1 "/>
</bind>
</comp>

<comp id="194" class="1004" name="local_C1_34_fu_194">
<pin_list>
<pin id="195" dir="0" index="0" bw="1" slack="0"/>
<pin id="196" dir="1" index="1" bw="32" slack="2"/>
</pin_list>
<bind>
<opcode="alloca(26) " fcode="alloca"/>
<opset="local_C1_34/1 "/>
</bind>
</comp>

<comp id="198" class="1004" name="local_C1_35_fu_198">
<pin_list>
<pin id="199" dir="0" index="0" bw="1" slack="0"/>
<pin id="200" dir="1" index="1" bw="32" slack="2"/>
</pin_list>
<bind>
<opcode="alloca(26) " fcode="alloca"/>
<opset="local_C1_35/1 "/>
</bind>
</comp>

<comp id="202" class="1004" name="local_C1_36_fu_202">
<pin_list>
<pin id="203" dir="0" index="0" bw="1" slack="0"/>
<pin id="204" dir="1" index="1" bw="32" slack="2"/>
</pin_list>
<bind>
<opcode="alloca(26) " fcode="alloca"/>
<opset="local_C1_36/1 "/>
</bind>
</comp>

<comp id="206" class="1004" name="local_C1_37_fu_206">
<pin_list>
<pin id="207" dir="0" index="0" bw="1" slack="0"/>
<pin id="208" dir="1" index="1" bw="32" slack="2"/>
</pin_list>
<bind>
<opcode="alloca(26) " fcode="alloca"/>
<opset="local_C1_37/1 "/>
</bind>
</comp>

<comp id="210" class="1004" name="local_C1_38_fu_210">
<pin_list>
<pin id="211" dir="0" index="0" bw="1" slack="0"/>
<pin id="212" dir="1" index="1" bw="32" slack="2"/>
</pin_list>
<bind>
<opcode="alloca(26) " fcode="alloca"/>
<opset="local_C1_38/1 "/>
</bind>
</comp>

<comp id="214" class="1004" name="local_C1_39_fu_214">
<pin_list>
<pin id="215" dir="0" index="0" bw="1" slack="0"/>
<pin id="216" dir="1" index="1" bw="32" slack="2"/>
</pin_list>
<bind>
<opcode="alloca(26) " fcode="alloca"/>
<opset="local_C1_39/1 "/>
</bind>
</comp>

<comp id="218" class="1004" name="local_C1_40_fu_218">
<pin_list>
<pin id="219" dir="0" index="0" bw="1" slack="0"/>
<pin id="220" dir="1" index="1" bw="32" slack="2"/>
</pin_list>
<bind>
<opcode="alloca(26) " fcode="alloca"/>
<opset="local_C1_40/1 "/>
</bind>
</comp>

<comp id="222" class="1004" name="local_C1_41_fu_222">
<pin_list>
<pin id="223" dir="0" index="0" bw="1" slack="0"/>
<pin id="224" dir="1" index="1" bw="32" slack="2"/>
</pin_list>
<bind>
<opcode="alloca(26) " fcode="alloca"/>
<opset="local_C1_41/1 "/>
</bind>
</comp>

<comp id="226" class="1004" name="local_C1_42_fu_226">
<pin_list>
<pin id="227" dir="0" index="0" bw="1" slack="0"/>
<pin id="228" dir="1" index="1" bw="32" slack="2"/>
</pin_list>
<bind>
<opcode="alloca(26) " fcode="alloca"/>
<opset="local_C1_42/1 "/>
</bind>
</comp>

<comp id="230" class="1004" name="local_C1_43_fu_230">
<pin_list>
<pin id="231" dir="0" index="0" bw="1" slack="0"/>
<pin id="232" dir="1" index="1" bw="32" slack="2"/>
</pin_list>
<bind>
<opcode="alloca(26) " fcode="alloca"/>
<opset="local_C1_43/1 "/>
</bind>
</comp>

<comp id="234" class="1004" name="local_C1_44_fu_234">
<pin_list>
<pin id="235" dir="0" index="0" bw="1" slack="0"/>
<pin id="236" dir="1" index="1" bw="32" slack="2"/>
</pin_list>
<bind>
<opcode="alloca(26) " fcode="alloca"/>
<opset="local_C1_44/1 "/>
</bind>
</comp>

<comp id="238" class="1004" name="local_C1_45_fu_238">
<pin_list>
<pin id="239" dir="0" index="0" bw="1" slack="0"/>
<pin id="240" dir="1" index="1" bw="32" slack="2"/>
</pin_list>
<bind>
<opcode="alloca(26) " fcode="alloca"/>
<opset="local_C1_45/1 "/>
</bind>
</comp>

<comp id="242" class="1004" name="local_C1_46_fu_242">
<pin_list>
<pin id="243" dir="0" index="0" bw="1" slack="0"/>
<pin id="244" dir="1" index="1" bw="32" slack="2"/>
</pin_list>
<bind>
<opcode="alloca(26) " fcode="alloca"/>
<opset="local_C1_46/1 "/>
</bind>
</comp>

<comp id="246" class="1004" name="local_C1_47_fu_246">
<pin_list>
<pin id="247" dir="0" index="0" bw="1" slack="0"/>
<pin id="248" dir="1" index="1" bw="32" slack="2"/>
</pin_list>
<bind>
<opcode="alloca(26) " fcode="alloca"/>
<opset="local_C1_47/1 "/>
</bind>
</comp>

<comp id="250" class="1004" name="local_C1_48_fu_250">
<pin_list>
<pin id="251" dir="0" index="0" bw="1" slack="0"/>
<pin id="252" dir="1" index="1" bw="32" slack="2"/>
</pin_list>
<bind>
<opcode="alloca(26) " fcode="alloca"/>
<opset="local_C1_48/1 "/>
</bind>
</comp>

<comp id="254" class="1004" name="local_C1_49_fu_254">
<pin_list>
<pin id="255" dir="0" index="0" bw="1" slack="0"/>
<pin id="256" dir="1" index="1" bw="32" slack="2"/>
</pin_list>
<bind>
<opcode="alloca(26) " fcode="alloca"/>
<opset="local_C1_49/1 "/>
</bind>
</comp>

<comp id="258" class="1004" name="local_C1_50_fu_258">
<pin_list>
<pin id="259" dir="0" index="0" bw="1" slack="0"/>
<pin id="260" dir="1" index="1" bw="32" slack="2"/>
</pin_list>
<bind>
<opcode="alloca(26) " fcode="alloca"/>
<opset="local_C1_50/1 "/>
</bind>
</comp>

<comp id="262" class="1004" name="local_C1_51_fu_262">
<pin_list>
<pin id="263" dir="0" index="0" bw="1" slack="0"/>
<pin id="264" dir="1" index="1" bw="32" slack="2"/>
</pin_list>
<bind>
<opcode="alloca(26) " fcode="alloca"/>
<opset="local_C1_51/1 "/>
</bind>
</comp>

<comp id="266" class="1004" name="local_C1_52_fu_266">
<pin_list>
<pin id="267" dir="0" index="0" bw="1" slack="0"/>
<pin id="268" dir="1" index="1" bw="32" slack="2"/>
</pin_list>
<bind>
<opcode="alloca(26) " fcode="alloca"/>
<opset="local_C1_52/1 "/>
</bind>
</comp>

<comp id="270" class="1004" name="local_C1_53_fu_270">
<pin_list>
<pin id="271" dir="0" index="0" bw="1" slack="0"/>
<pin id="272" dir="1" index="1" bw="32" slack="2"/>
</pin_list>
<bind>
<opcode="alloca(26) " fcode="alloca"/>
<opset="local_C1_53/1 "/>
</bind>
</comp>

<comp id="274" class="1004" name="local_C1_54_fu_274">
<pin_list>
<pin id="275" dir="0" index="0" bw="1" slack="0"/>
<pin id="276" dir="1" index="1" bw="32" slack="2"/>
</pin_list>
<bind>
<opcode="alloca(26) " fcode="alloca"/>
<opset="local_C1_54/1 "/>
</bind>
</comp>

<comp id="278" class="1004" name="local_C1_55_fu_278">
<pin_list>
<pin id="279" dir="0" index="0" bw="1" slack="0"/>
<pin id="280" dir="1" index="1" bw="32" slack="2"/>
</pin_list>
<bind>
<opcode="alloca(26) " fcode="alloca"/>
<opset="local_C1_55/1 "/>
</bind>
</comp>

<comp id="282" class="1004" name="local_C1_56_fu_282">
<pin_list>
<pin id="283" dir="0" index="0" bw="1" slack="0"/>
<pin id="284" dir="1" index="1" bw="32" slack="2"/>
</pin_list>
<bind>
<opcode="alloca(26) " fcode="alloca"/>
<opset="local_C1_56/1 "/>
</bind>
</comp>

<comp id="286" class="1004" name="local_C1_57_fu_286">
<pin_list>
<pin id="287" dir="0" index="0" bw="1" slack="0"/>
<pin id="288" dir="1" index="1" bw="32" slack="2"/>
</pin_list>
<bind>
<opcode="alloca(26) " fcode="alloca"/>
<opset="local_C1_57/1 "/>
</bind>
</comp>

<comp id="290" class="1004" name="local_C1_58_fu_290">
<pin_list>
<pin id="291" dir="0" index="0" bw="1" slack="0"/>
<pin id="292" dir="1" index="1" bw="32" slack="2"/>
</pin_list>
<bind>
<opcode="alloca(26) " fcode="alloca"/>
<opset="local_C1_58/1 "/>
</bind>
</comp>

<comp id="294" class="1004" name="local_C1_59_fu_294">
<pin_list>
<pin id="295" dir="0" index="0" bw="1" slack="0"/>
<pin id="296" dir="1" index="1" bw="32" slack="2"/>
</pin_list>
<bind>
<opcode="alloca(26) " fcode="alloca"/>
<opset="local_C1_59/1 "/>
</bind>
</comp>

<comp id="298" class="1004" name="local_C1_60_fu_298">
<pin_list>
<pin id="299" dir="0" index="0" bw="1" slack="0"/>
<pin id="300" dir="1" index="1" bw="32" slack="2"/>
</pin_list>
<bind>
<opcode="alloca(26) " fcode="alloca"/>
<opset="local_C1_60/1 "/>
</bind>
</comp>

<comp id="302" class="1004" name="local_C1_61_fu_302">
<pin_list>
<pin id="303" dir="0" index="0" bw="1" slack="0"/>
<pin id="304" dir="1" index="1" bw="32" slack="2"/>
</pin_list>
<bind>
<opcode="alloca(26) " fcode="alloca"/>
<opset="local_C1_61/1 "/>
</bind>
</comp>

<comp id="306" class="1004" name="local_C1_62_fu_306">
<pin_list>
<pin id="307" dir="0" index="0" bw="1" slack="0"/>
<pin id="308" dir="1" index="1" bw="32" slack="2"/>
</pin_list>
<bind>
<opcode="alloca(26) " fcode="alloca"/>
<opset="local_C1_62/1 "/>
</bind>
</comp>

<comp id="310" class="1004" name="local_C1_63_fu_310">
<pin_list>
<pin id="311" dir="0" index="0" bw="1" slack="0"/>
<pin id="312" dir="1" index="1" bw="32" slack="2"/>
</pin_list>
<bind>
<opcode="alloca(26) " fcode="alloca"/>
<opset="local_C1_63/1 "/>
</bind>
</comp>

<comp id="314" class="1004" name="mi1_c_i_fu_314">
<pin_list>
<pin id="315" dir="0" index="0" bw="1" slack="0"/>
<pin id="316" dir="1" index="1" bw="7" slack="0"/>
</pin_list>
<bind>
<opcode="alloca(26) " fcode="alloca"/>
<opset="mi1_c_i/1 "/>
</bind>
</comp>

<comp id="318" class="1004" name="ni1_c_i_fu_318">
<pin_list>
<pin id="319" dir="0" index="0" bw="1" slack="0"/>
<pin id="320" dir="1" index="1" bw="6" slack="0"/>
</pin_list>
<bind>
<opcode="alloca(26) " fcode="alloca"/>
<opset="ni1_c_i/1 "/>
</bind>
</comp>

<comp id="322" class="1004" name="local_B1_alloca_fu_322">
<pin_list>
<pin id="323" dir="0" index="0" bw="1" slack="0"/>
<pin id="324" dir="1" index="1" bw="32" slack="0"/>
</pin_list>
<bind>
<opcode="alloca(26) " fcode="alloca"/>
<opset="local_B1/1 "/>
</bind>
</comp>

<comp id="326" class="1004" name="local_B1_1_alloca_fu_326">
<pin_list>
<pin id="327" dir="0" index="0" bw="1" slack="0"/>
<pin id="328" dir="1" index="1" bw="32" slack="0"/>
</pin_list>
<bind>
<opcode="alloca(26) " fcode="alloca"/>
<opset="local_B1_1/1 "/>
</bind>
</comp>

<comp id="330" class="1004" name="local_B1_2_alloca_fu_330">
<pin_list>
<pin id="331" dir="0" index="0" bw="1" slack="0"/>
<pin id="332" dir="1" index="1" bw="32" slack="0"/>
</pin_list>
<bind>
<opcode="alloca(26) " fcode="alloca"/>
<opset="local_B1_2/1 "/>
</bind>
</comp>

<comp id="334" class="1004" name="local_B1_3_alloca_fu_334">
<pin_list>
<pin id="335" dir="0" index="0" bw="1" slack="0"/>
<pin id="336" dir="1" index="1" bw="32" slack="0"/>
</pin_list>
<bind>
<opcode="alloca(26) " fcode="alloca"/>
<opset="local_B1_3/1 "/>
</bind>
</comp>

<comp id="338" class="1004" name="local_B1_4_alloca_fu_338">
<pin_list>
<pin id="339" dir="0" index="0" bw="1" slack="0"/>
<pin id="340" dir="1" index="1" bw="32" slack="0"/>
</pin_list>
<bind>
<opcode="alloca(26) " fcode="alloca"/>
<opset="local_B1_4/1 "/>
</bind>
</comp>

<comp id="342" class="1004" name="local_B1_5_alloca_fu_342">
<pin_list>
<pin id="343" dir="0" index="0" bw="1" slack="0"/>
<pin id="344" dir="1" index="1" bw="32" slack="0"/>
</pin_list>
<bind>
<opcode="alloca(26) " fcode="alloca"/>
<opset="local_B1_5/1 "/>
</bind>
</comp>

<comp id="346" class="1004" name="local_B1_6_alloca_fu_346">
<pin_list>
<pin id="347" dir="0" index="0" bw="1" slack="0"/>
<pin id="348" dir="1" index="1" bw="32" slack="0"/>
</pin_list>
<bind>
<opcode="alloca(26) " fcode="alloca"/>
<opset="local_B1_6/1 "/>
</bind>
</comp>

<comp id="350" class="1004" name="local_B1_7_alloca_fu_350">
<pin_list>
<pin id="351" dir="0" index="0" bw="1" slack="0"/>
<pin id="352" dir="1" index="1" bw="32" slack="0"/>
</pin_list>
<bind>
<opcode="alloca(26) " fcode="alloca"/>
<opset="local_B1_7/1 "/>
</bind>
</comp>

<comp id="354" class="1004" name="local_A1_alloca_fu_354">
<pin_list>
<pin id="355" dir="0" index="0" bw="1" slack="0"/>
<pin id="356" dir="1" index="1" bw="32" slack="0"/>
</pin_list>
<bind>
<opcode="alloca(26) " fcode="alloca"/>
<opset="local_A1/1 "/>
</bind>
</comp>

<comp id="358" class="1004" name="local_A1_1_alloca_fu_358">
<pin_list>
<pin id="359" dir="0" index="0" bw="1" slack="0"/>
<pin id="360" dir="1" index="1" bw="32" slack="0"/>
</pin_list>
<bind>
<opcode="alloca(26) " fcode="alloca"/>
<opset="local_A1_1/1 "/>
</bind>
</comp>

<comp id="362" class="1004" name="local_A1_2_alloca_fu_362">
<pin_list>
<pin id="363" dir="0" index="0" bw="1" slack="0"/>
<pin id="364" dir="1" index="1" bw="32" slack="0"/>
</pin_list>
<bind>
<opcode="alloca(26) " fcode="alloca"/>
<opset="local_A1_2/1 "/>
</bind>
</comp>

<comp id="366" class="1004" name="local_A1_3_alloca_fu_366">
<pin_list>
<pin id="367" dir="0" index="0" bw="1" slack="0"/>
<pin id="368" dir="1" index="1" bw="32" slack="0"/>
</pin_list>
<bind>
<opcode="alloca(26) " fcode="alloca"/>
<opset="local_A1_3/1 "/>
</bind>
</comp>

<comp id="370" class="1004" name="local_A1_4_alloca_fu_370">
<pin_list>
<pin id="371" dir="0" index="0" bw="1" slack="0"/>
<pin id="372" dir="1" index="1" bw="32" slack="0"/>
</pin_list>
<bind>
<opcode="alloca(26) " fcode="alloca"/>
<opset="local_A1_4/1 "/>
</bind>
</comp>

<comp id="374" class="1004" name="local_A1_5_alloca_fu_374">
<pin_list>
<pin id="375" dir="0" index="0" bw="1" slack="0"/>
<pin id="376" dir="1" index="1" bw="32" slack="0"/>
</pin_list>
<bind>
<opcode="alloca(26) " fcode="alloca"/>
<opset="local_A1_5/1 "/>
</bind>
</comp>

<comp id="378" class="1004" name="local_A1_6_alloca_fu_378">
<pin_list>
<pin id="379" dir="0" index="0" bw="1" slack="0"/>
<pin id="380" dir="1" index="1" bw="32" slack="0"/>
</pin_list>
<bind>
<opcode="alloca(26) " fcode="alloca"/>
<opset="local_A1_6/1 "/>
</bind>
</comp>

<comp id="382" class="1004" name="local_A1_7_alloca_fu_382">
<pin_list>
<pin id="383" dir="0" index="0" bw="1" slack="0"/>
<pin id="384" dir="1" index="1" bw="32" slack="0"/>
</pin_list>
<bind>
<opcode="alloca(26) " fcode="alloca"/>
<opset="local_A1_7/1 "/>
</bind>
</comp>

<comp id="386" class="1004" name="mi1_read_read_fu_386">
<pin_list>
<pin id="387" dir="0" index="0" bw="7" slack="0"/>
<pin id="388" dir="0" index="1" bw="7" slack="0"/>
<pin id="389" dir="1" index="2" bw="7" slack="0"/>
</pin_list>
<bind>
<opcode="read(1150) " fcode="read"/>
<opset="mi1_read/1 "/>
</bind>
</comp>

<comp id="392" class="1004" name="ni1_read_read_fu_392">
<pin_list>
<pin id="393" dir="0" index="0" bw="7" slack="0"/>
<pin id="394" dir="0" index="1" bw="7" slack="0"/>
<pin id="395" dir="1" index="2" bw="7" slack="0"/>
</pin_list>
<bind>
<opcode="read(1150) " fcode="read"/>
<opset="ni1_read/1 "/>
</bind>
</comp>

<comp id="398" class="1004" name="grp_dataflow_in_loop_l_ni1_Loop_l_load_A_tile_ak1_proc4426_fu_398">
<pin_list>
<pin id="399" dir="0" index="0" bw="0" slack="0"/>
<pin id="400" dir="0" index="1" bw="32" slack="0"/>
<pin id="401" dir="0" index="2" bw="32" slack="0"/>
<pin id="402" dir="0" index="3" bw="32" slack="0"/>
<pin id="403" dir="0" index="4" bw="32" slack="0"/>
<pin id="404" dir="0" index="5" bw="32" slack="0"/>
<pin id="405" dir="0" index="6" bw="32" slack="0"/>
<pin id="406" dir="0" index="7" bw="32" slack="0"/>
<pin id="407" dir="0" index="8" bw="32" slack="0"/>
<pin id="408" dir="0" index="9" bw="6" slack="0"/>
<pin id="409" dir="0" index="10" bw="7" slack="0"/>
<pin id="410" dir="0" index="11" bw="32" slack="0"/>
<pin id="411" dir="0" index="12" bw="6" slack="0"/>
<pin id="412" dir="0" index="13" bw="7" slack="0"/>
<pin id="413" dir="1" index="14" bw="0" slack="2147483647"/>
</pin_list>
<bind>
<opcode="call(48) " fcode="call"/>
<opset="call_ln0/1 "/>
</bind>
</comp>

<comp id="425" class="1004" name="grp_dataflow_in_loop_l_ni1_Loop_l_load_B_tile_bk1_proc4527_fu_425">
<pin_list>
<pin id="426" dir="0" index="0" bw="0" slack="0"/>
<pin id="427" dir="0" index="1" bw="32" slack="0"/>
<pin id="428" dir="0" index="2" bw="32" slack="0"/>
<pin id="429" dir="0" index="3" bw="32" slack="0"/>
<pin id="430" dir="0" index="4" bw="32" slack="0"/>
<pin id="431" dir="0" index="5" bw="32" slack="0"/>
<pin id="432" dir="0" index="6" bw="32" slack="0"/>
<pin id="433" dir="0" index="7" bw="32" slack="0"/>
<pin id="434" dir="0" index="8" bw="32" slack="0"/>
<pin id="435" dir="0" index="9" bw="6" slack="0"/>
<pin id="436" dir="0" index="10" bw="32" slack="0"/>
<pin id="437" dir="1" index="11" bw="0" slack="2147483647"/>
</pin_list>
<bind>
<opcode="call(48) " fcode="call"/>
<opset="call_ln0/1 "/>
</bind>
</comp>

<comp id="448" class="1004" name="grp_systolic_tile_Q46_fu_448">
<pin_list>
<pin id="449" dir="0" index="0" bw="0" slack="0"/>
<pin id="450" dir="0" index="1" bw="32" slack="2147483647"/>
<pin id="451" dir="0" index="2" bw="32" slack="2147483647"/>
<pin id="452" dir="0" index="3" bw="32" slack="2147483647"/>
<pin id="453" dir="0" index="4" bw="32" slack="2147483647"/>
<pin id="454" dir="0" index="5" bw="32" slack="2147483647"/>
<pin id="455" dir="0" index="6" bw="32" slack="2147483647"/>
<pin id="456" dir="0" index="7" bw="32" slack="2147483647"/>
<pin id="457" dir="0" index="8" bw="32" slack="2147483647"/>
<pin id="458" dir="0" index="9" bw="32" slack="2147483647"/>
<pin id="459" dir="0" index="10" bw="32" slack="2147483647"/>
<pin id="460" dir="0" index="11" bw="32" slack="2147483647"/>
<pin id="461" dir="0" index="12" bw="32" slack="2147483647"/>
<pin id="462" dir="0" index="13" bw="32" slack="2147483647"/>
<pin id="463" dir="0" index="14" bw="32" slack="2147483647"/>
<pin id="464" dir="0" index="15" bw="32" slack="2147483647"/>
<pin id="465" dir="0" index="16" bw="32" slack="2147483647"/>
<pin id="466" dir="0" index="17" bw="32" slack="2"/>
<pin id="467" dir="0" index="18" bw="32" slack="2"/>
<pin id="468" dir="0" index="19" bw="32" slack="2"/>
<pin id="469" dir="0" index="20" bw="32" slack="2"/>
<pin id="470" dir="0" index="21" bw="32" slack="2"/>
<pin id="471" dir="0" index="22" bw="32" slack="2"/>
<pin id="472" dir="0" index="23" bw="32" slack="2"/>
<pin id="473" dir="0" index="24" bw="32" slack="2"/>
<pin id="474" dir="0" index="25" bw="32" slack="2"/>
<pin id="475" dir="0" index="26" bw="32" slack="2"/>
<pin id="476" dir="0" index="27" bw="32" slack="2"/>
<pin id="477" dir="0" index="28" bw="32" slack="2"/>
<pin id="478" dir="0" index="29" bw="32" slack="2"/>
<pin id="479" dir="0" index="30" bw="32" slack="2"/>
<pin id="480" dir="0" index="31" bw="32" slack="2"/>
<pin id="481" dir="0" index="32" bw="32" slack="2"/>
<pin id="482" dir="0" index="33" bw="32" slack="2"/>
<pin id="483" dir="0" index="34" bw="32" slack="2"/>
<pin id="484" dir="0" index="35" bw="32" slack="2"/>
<pin id="485" dir="0" index="36" bw="32" slack="2"/>
<pin id="486" dir="0" index="37" bw="32" slack="2"/>
<pin id="487" dir="0" index="38" bw="32" slack="2"/>
<pin id="488" dir="0" index="39" bw="32" slack="2"/>
<pin id="489" dir="0" index="40" bw="32" slack="2"/>
<pin id="490" dir="0" index="41" bw="32" slack="2"/>
<pin id="491" dir="0" index="42" bw="32" slack="2"/>
<pin id="492" dir="0" index="43" bw="32" slack="2"/>
<pin id="493" dir="0" index="44" bw="32" slack="2"/>
<pin id="494" dir="0" index="45" bw="32" slack="2"/>
<pin id="495" dir="0" index="46" bw="32" slack="2"/>
<pin id="496" dir="0" index="47" bw="32" slack="2"/>
<pin id="497" dir="0" index="48" bw="32" slack="2"/>
<pin id="498" dir="0" index="49" bw="32" slack="2"/>
<pin id="499" dir="0" index="50" bw="32" slack="2"/>
<pin id="500" dir="0" index="51" bw="32" slack="2"/>
<pin id="501" dir="0" index="52" bw="32" slack="2"/>
<pin id="502" dir="0" index="53" bw="32" slack="2"/>
<pin id="503" dir="0" index="54" bw="32" slack="2"/>
<pin id="504" dir="0" index="55" bw="32" slack="2"/>
<pin id="505" dir="0" index="56" bw="32" slack="2"/>
<pin id="506" dir="0" index="57" bw="32" slack="2"/>
<pin id="507" dir="0" index="58" bw="32" slack="2"/>
<pin id="508" dir="0" index="59" bw="32" slack="2"/>
<pin id="509" dir="0" index="60" bw="32" slack="2"/>
<pin id="510" dir="0" index="61" bw="32" slack="2"/>
<pin id="511" dir="0" index="62" bw="32" slack="2"/>
<pin id="512" dir="0" index="63" bw="32" slack="2"/>
<pin id="513" dir="0" index="64" bw="32" slack="2"/>
<pin id="514" dir="0" index="65" bw="32" slack="2"/>
<pin id="515" dir="0" index="66" bw="32" slack="2"/>
<pin id="516" dir="0" index="67" bw="32" slack="2"/>
<pin id="517" dir="0" index="68" bw="32" slack="2"/>
<pin id="518" dir="0" index="69" bw="32" slack="2"/>
<pin id="519" dir="0" index="70" bw="32" slack="2"/>
<pin id="520" dir="0" index="71" bw="32" slack="2"/>
<pin id="521" dir="0" index="72" bw="32" slack="2"/>
<pin id="522" dir="0" index="73" bw="32" slack="2"/>
<pin id="523" dir="0" index="74" bw="32" slack="2"/>
<pin id="524" dir="0" index="75" bw="32" slack="2"/>
<pin id="525" dir="0" index="76" bw="32" slack="2"/>
<pin id="526" dir="0" index="77" bw="32" slack="2"/>
<pin id="527" dir="0" index="78" bw="32" slack="2"/>
<pin id="528" dir="0" index="79" bw="32" slack="2"/>
<pin id="529" dir="0" index="80" bw="32" slack="2"/>
<pin id="530" dir="1" index="81" bw="0" slack="2147483647"/>
</pin_list>
<bind>
<opcode="call(48) " fcode="call"/>
<opset="call_ln3515/3 "/>
</bind>
</comp>

<comp id="532" class="1004" name="grp_dataflow_in_loop_l_ni1_Loop_l_store_C_tile_sj1_proc47_fu_532">
<pin_list>
<pin id="533" dir="0" index="0" bw="0" slack="0"/>
<pin id="534" dir="0" index="1" bw="6" slack="4"/>
<pin id="535" dir="0" index="2" bw="32" slack="4"/>
<pin id="536" dir="0" index="3" bw="32" slack="4"/>
<pin id="537" dir="0" index="4" bw="32" slack="4"/>
<pin id="538" dir="0" index="5" bw="32" slack="4"/>
<pin id="539" dir="0" index="6" bw="32" slack="4"/>
<pin id="540" dir="0" index="7" bw="32" slack="4"/>
<pin id="541" dir="0" index="8" bw="32" slack="4"/>
<pin id="542" dir="0" index="9" bw="32" slack="4"/>
<pin id="543" dir="0" index="10" bw="32" slack="4"/>
<pin id="544" dir="0" index="11" bw="32" slack="4"/>
<pin id="545" dir="0" index="12" bw="32" slack="4"/>
<pin id="546" dir="0" index="13" bw="32" slack="4"/>
<pin id="547" dir="0" index="14" bw="32" slack="4"/>
<pin id="548" dir="0" index="15" bw="32" slack="4"/>
<pin id="549" dir="0" index="16" bw="32" slack="4"/>
<pin id="550" dir="0" index="17" bw="32" slack="4"/>
<pin id="551" dir="0" index="18" bw="32" slack="4"/>
<pin id="552" dir="0" index="19" bw="32" slack="4"/>
<pin id="553" dir="0" index="20" bw="32" slack="4"/>
<pin id="554" dir="0" index="21" bw="32" slack="4"/>
<pin id="555" dir="0" index="22" bw="32" slack="4"/>
<pin id="556" dir="0" index="23" bw="32" slack="4"/>
<pin id="557" dir="0" index="24" bw="32" slack="4"/>
<pin id="558" dir="0" index="25" bw="32" slack="4"/>
<pin id="559" dir="0" index="26" bw="32" slack="4"/>
<pin id="560" dir="0" index="27" bw="32" slack="4"/>
<pin id="561" dir="0" index="28" bw="32" slack="4"/>
<pin id="562" dir="0" index="29" bw="32" slack="4"/>
<pin id="563" dir="0" index="30" bw="32" slack="4"/>
<pin id="564" dir="0" index="31" bw="32" slack="4"/>
<pin id="565" dir="0" index="32" bw="32" slack="4"/>
<pin id="566" dir="0" index="33" bw="32" slack="4"/>
<pin id="567" dir="0" index="34" bw="32" slack="4"/>
<pin id="568" dir="0" index="35" bw="32" slack="4"/>
<pin id="569" dir="0" index="36" bw="32" slack="4"/>
<pin id="570" dir="0" index="37" bw="32" slack="4"/>
<pin id="571" dir="0" index="38" bw="32" slack="4"/>
<pin id="572" dir="0" index="39" bw="32" slack="4"/>
<pin id="573" dir="0" index="40" bw="32" slack="4"/>
<pin id="574" dir="0" index="41" bw="32" slack="4"/>
<pin id="575" dir="0" index="42" bw="32" slack="4"/>
<pin id="576" dir="0" index="43" bw="32" slack="4"/>
<pin id="577" dir="0" index="44" bw="32" slack="4"/>
<pin id="578" dir="0" index="45" bw="32" slack="4"/>
<pin id="579" dir="0" index="46" bw="32" slack="4"/>
<pin id="580" dir="0" index="47" bw="32" slack="4"/>
<pin id="581" dir="0" index="48" bw="32" slack="4"/>
<pin id="582" dir="0" index="49" bw="32" slack="4"/>
<pin id="583" dir="0" index="50" bw="32" slack="4"/>
<pin id="584" dir="0" index="51" bw="32" slack="4"/>
<pin id="585" dir="0" index="52" bw="32" slack="4"/>
<pin id="586" dir="0" index="53" bw="32" slack="4"/>
<pin id="587" dir="0" index="54" bw="32" slack="4"/>
<pin id="588" dir="0" index="55" bw="32" slack="4"/>
<pin id="589" dir="0" index="56" bw="32" slack="4"/>
<pin id="590" dir="0" index="57" bw="32" slack="4"/>
<pin id="591" dir="0" index="58" bw="32" slack="4"/>
<pin id="592" dir="0" index="59" bw="32" slack="4"/>
<pin id="593" dir="0" index="60" bw="32" slack="4"/>
<pin id="594" dir="0" index="61" bw="32" slack="4"/>
<pin id="595" dir="0" index="62" bw="32" slack="4"/>
<pin id="596" dir="0" index="63" bw="32" slack="4"/>
<pin id="597" dir="0" index="64" bw="32" slack="4"/>
<pin id="598" dir="0" index="65" bw="32" slack="4"/>
<pin id="599" dir="0" index="66" bw="7" slack="4"/>
<pin id="600" dir="0" index="67" bw="32" slack="0"/>
<pin id="601" dir="1" index="68" bw="0" slack="2147483647"/>
</pin_list>
<bind>
<opcode="call(48) " fcode="call"/>
<opset="call_ln0/5 "/>
</bind>
</comp>

<comp id="604" class="1004" name="empty_fu_604">
<pin_list>
<pin id="605" dir="0" index="0" bw="7" slack="0"/>
<pin id="606" dir="1" index="1" bw="6" slack="0"/>
</pin_list>
<bind>
<opcode="trunc(33) " fcode="trunc"/>
<opset="empty/1 "/>
</bind>
</comp>

<comp id="610" class="1005" name="mi1_read_reg_610">
<pin_list>
<pin id="611" dir="0" index="0" bw="7" slack="1"/>
<pin id="612" dir="1" index="1" bw="7" slack="1"/>
</pin_list>
<bind>
<opset="mi1_read "/>
</bind>
</comp>

<comp id="615" class="1005" name="empty_reg_615">
<pin_list>
<pin id="616" dir="0" index="0" bw="6" slack="1"/>
<pin id="617" dir="1" index="1" bw="6" slack="1"/>
</pin_list>
<bind>
<opset="empty "/>
</bind>
</comp>

<comp id="621" class="1005" name="local_C1_reg_621">
<pin_list>
<pin id="622" dir="0" index="0" bw="32" slack="2"/>
<pin id="623" dir="1" index="1" bw="32" slack="2"/>
</pin_list>
<bind>
<opset="local_C1 "/>
</bind>
</comp>

<comp id="627" class="1005" name="local_C1_1_reg_627">
<pin_list>
<pin id="628" dir="0" index="0" bw="32" slack="2"/>
<pin id="629" dir="1" index="1" bw="32" slack="2"/>
</pin_list>
<bind>
<opset="local_C1_1 "/>
</bind>
</comp>

<comp id="633" class="1005" name="local_C1_2_reg_633">
<pin_list>
<pin id="634" dir="0" index="0" bw="32" slack="2"/>
<pin id="635" dir="1" index="1" bw="32" slack="2"/>
</pin_list>
<bind>
<opset="local_C1_2 "/>
</bind>
</comp>

<comp id="639" class="1005" name="local_C1_3_reg_639">
<pin_list>
<pin id="640" dir="0" index="0" bw="32" slack="2"/>
<pin id="641" dir="1" index="1" bw="32" slack="2"/>
</pin_list>
<bind>
<opset="local_C1_3 "/>
</bind>
</comp>

<comp id="645" class="1005" name="local_C1_4_reg_645">
<pin_list>
<pin id="646" dir="0" index="0" bw="32" slack="2"/>
<pin id="647" dir="1" index="1" bw="32" slack="2"/>
</pin_list>
<bind>
<opset="local_C1_4 "/>
</bind>
</comp>

<comp id="651" class="1005" name="local_C1_5_reg_651">
<pin_list>
<pin id="652" dir="0" index="0" bw="32" slack="2"/>
<pin id="653" dir="1" index="1" bw="32" slack="2"/>
</pin_list>
<bind>
<opset="local_C1_5 "/>
</bind>
</comp>

<comp id="657" class="1005" name="local_C1_6_reg_657">
<pin_list>
<pin id="658" dir="0" index="0" bw="32" slack="2"/>
<pin id="659" dir="1" index="1" bw="32" slack="2"/>
</pin_list>
<bind>
<opset="local_C1_6 "/>
</bind>
</comp>

<comp id="663" class="1005" name="local_C1_7_reg_663">
<pin_list>
<pin id="664" dir="0" index="0" bw="32" slack="2"/>
<pin id="665" dir="1" index="1" bw="32" slack="2"/>
</pin_list>
<bind>
<opset="local_C1_7 "/>
</bind>
</comp>

<comp id="669" class="1005" name="local_C1_8_reg_669">
<pin_list>
<pin id="670" dir="0" index="0" bw="32" slack="2"/>
<pin id="671" dir="1" index="1" bw="32" slack="2"/>
</pin_list>
<bind>
<opset="local_C1_8 "/>
</bind>
</comp>

<comp id="675" class="1005" name="local_C1_9_reg_675">
<pin_list>
<pin id="676" dir="0" index="0" bw="32" slack="2"/>
<pin id="677" dir="1" index="1" bw="32" slack="2"/>
</pin_list>
<bind>
<opset="local_C1_9 "/>
</bind>
</comp>

<comp id="681" class="1005" name="local_C1_10_reg_681">
<pin_list>
<pin id="682" dir="0" index="0" bw="32" slack="2"/>
<pin id="683" dir="1" index="1" bw="32" slack="2"/>
</pin_list>
<bind>
<opset="local_C1_10 "/>
</bind>
</comp>

<comp id="687" class="1005" name="local_C1_11_reg_687">
<pin_list>
<pin id="688" dir="0" index="0" bw="32" slack="2"/>
<pin id="689" dir="1" index="1" bw="32" slack="2"/>
</pin_list>
<bind>
<opset="local_C1_11 "/>
</bind>
</comp>

<comp id="693" class="1005" name="local_C1_12_reg_693">
<pin_list>
<pin id="694" dir="0" index="0" bw="32" slack="2"/>
<pin id="695" dir="1" index="1" bw="32" slack="2"/>
</pin_list>
<bind>
<opset="local_C1_12 "/>
</bind>
</comp>

<comp id="699" class="1005" name="local_C1_13_reg_699">
<pin_list>
<pin id="700" dir="0" index="0" bw="32" slack="2"/>
<pin id="701" dir="1" index="1" bw="32" slack="2"/>
</pin_list>
<bind>
<opset="local_C1_13 "/>
</bind>
</comp>

<comp id="705" class="1005" name="local_C1_14_reg_705">
<pin_list>
<pin id="706" dir="0" index="0" bw="32" slack="2"/>
<pin id="707" dir="1" index="1" bw="32" slack="2"/>
</pin_list>
<bind>
<opset="local_C1_14 "/>
</bind>
</comp>

<comp id="711" class="1005" name="local_C1_15_reg_711">
<pin_list>
<pin id="712" dir="0" index="0" bw="32" slack="2"/>
<pin id="713" dir="1" index="1" bw="32" slack="2"/>
</pin_list>
<bind>
<opset="local_C1_15 "/>
</bind>
</comp>

<comp id="717" class="1005" name="local_C1_16_reg_717">
<pin_list>
<pin id="718" dir="0" index="0" bw="32" slack="2"/>
<pin id="719" dir="1" index="1" bw="32" slack="2"/>
</pin_list>
<bind>
<opset="local_C1_16 "/>
</bind>
</comp>

<comp id="723" class="1005" name="local_C1_17_reg_723">
<pin_list>
<pin id="724" dir="0" index="0" bw="32" slack="2"/>
<pin id="725" dir="1" index="1" bw="32" slack="2"/>
</pin_list>
<bind>
<opset="local_C1_17 "/>
</bind>
</comp>

<comp id="729" class="1005" name="local_C1_18_reg_729">
<pin_list>
<pin id="730" dir="0" index="0" bw="32" slack="2"/>
<pin id="731" dir="1" index="1" bw="32" slack="2"/>
</pin_list>
<bind>
<opset="local_C1_18 "/>
</bind>
</comp>

<comp id="735" class="1005" name="local_C1_19_reg_735">
<pin_list>
<pin id="736" dir="0" index="0" bw="32" slack="2"/>
<pin id="737" dir="1" index="1" bw="32" slack="2"/>
</pin_list>
<bind>
<opset="local_C1_19 "/>
</bind>
</comp>

<comp id="741" class="1005" name="local_C1_20_reg_741">
<pin_list>
<pin id="742" dir="0" index="0" bw="32" slack="2"/>
<pin id="743" dir="1" index="1" bw="32" slack="2"/>
</pin_list>
<bind>
<opset="local_C1_20 "/>
</bind>
</comp>

<comp id="747" class="1005" name="local_C1_21_reg_747">
<pin_list>
<pin id="748" dir="0" index="0" bw="32" slack="2"/>
<pin id="749" dir="1" index="1" bw="32" slack="2"/>
</pin_list>
<bind>
<opset="local_C1_21 "/>
</bind>
</comp>

<comp id="753" class="1005" name="local_C1_22_reg_753">
<pin_list>
<pin id="754" dir="0" index="0" bw="32" slack="2"/>
<pin id="755" dir="1" index="1" bw="32" slack="2"/>
</pin_list>
<bind>
<opset="local_C1_22 "/>
</bind>
</comp>

<comp id="759" class="1005" name="local_C1_23_reg_759">
<pin_list>
<pin id="760" dir="0" index="0" bw="32" slack="2"/>
<pin id="761" dir="1" index="1" bw="32" slack="2"/>
</pin_list>
<bind>
<opset="local_C1_23 "/>
</bind>
</comp>

<comp id="765" class="1005" name="local_C1_24_reg_765">
<pin_list>
<pin id="766" dir="0" index="0" bw="32" slack="2"/>
<pin id="767" dir="1" index="1" bw="32" slack="2"/>
</pin_list>
<bind>
<opset="local_C1_24 "/>
</bind>
</comp>

<comp id="771" class="1005" name="local_C1_25_reg_771">
<pin_list>
<pin id="772" dir="0" index="0" bw="32" slack="2"/>
<pin id="773" dir="1" index="1" bw="32" slack="2"/>
</pin_list>
<bind>
<opset="local_C1_25 "/>
</bind>
</comp>

<comp id="777" class="1005" name="local_C1_26_reg_777">
<pin_list>
<pin id="778" dir="0" index="0" bw="32" slack="2"/>
<pin id="779" dir="1" index="1" bw="32" slack="2"/>
</pin_list>
<bind>
<opset="local_C1_26 "/>
</bind>
</comp>

<comp id="783" class="1005" name="local_C1_27_reg_783">
<pin_list>
<pin id="784" dir="0" index="0" bw="32" slack="2"/>
<pin id="785" dir="1" index="1" bw="32" slack="2"/>
</pin_list>
<bind>
<opset="local_C1_27 "/>
</bind>
</comp>

<comp id="789" class="1005" name="local_C1_28_reg_789">
<pin_list>
<pin id="790" dir="0" index="0" bw="32" slack="2"/>
<pin id="791" dir="1" index="1" bw="32" slack="2"/>
</pin_list>
<bind>
<opset="local_C1_28 "/>
</bind>
</comp>

<comp id="795" class="1005" name="local_C1_29_reg_795">
<pin_list>
<pin id="796" dir="0" index="0" bw="32" slack="2"/>
<pin id="797" dir="1" index="1" bw="32" slack="2"/>
</pin_list>
<bind>
<opset="local_C1_29 "/>
</bind>
</comp>

<comp id="801" class="1005" name="local_C1_30_reg_801">
<pin_list>
<pin id="802" dir="0" index="0" bw="32" slack="2"/>
<pin id="803" dir="1" index="1" bw="32" slack="2"/>
</pin_list>
<bind>
<opset="local_C1_30 "/>
</bind>
</comp>

<comp id="807" class="1005" name="local_C1_31_reg_807">
<pin_list>
<pin id="808" dir="0" index="0" bw="32" slack="2"/>
<pin id="809" dir="1" index="1" bw="32" slack="2"/>
</pin_list>
<bind>
<opset="local_C1_31 "/>
</bind>
</comp>

<comp id="813" class="1005" name="local_C1_32_reg_813">
<pin_list>
<pin id="814" dir="0" index="0" bw="32" slack="2"/>
<pin id="815" dir="1" index="1" bw="32" slack="2"/>
</pin_list>
<bind>
<opset="local_C1_32 "/>
</bind>
</comp>

<comp id="819" class="1005" name="local_C1_33_reg_819">
<pin_list>
<pin id="820" dir="0" index="0" bw="32" slack="2"/>
<pin id="821" dir="1" index="1" bw="32" slack="2"/>
</pin_list>
<bind>
<opset="local_C1_33 "/>
</bind>
</comp>

<comp id="825" class="1005" name="local_C1_34_reg_825">
<pin_list>
<pin id="826" dir="0" index="0" bw="32" slack="2"/>
<pin id="827" dir="1" index="1" bw="32" slack="2"/>
</pin_list>
<bind>
<opset="local_C1_34 "/>
</bind>
</comp>

<comp id="831" class="1005" name="local_C1_35_reg_831">
<pin_list>
<pin id="832" dir="0" index="0" bw="32" slack="2"/>
<pin id="833" dir="1" index="1" bw="32" slack="2"/>
</pin_list>
<bind>
<opset="local_C1_35 "/>
</bind>
</comp>

<comp id="837" class="1005" name="local_C1_36_reg_837">
<pin_list>
<pin id="838" dir="0" index="0" bw="32" slack="2"/>
<pin id="839" dir="1" index="1" bw="32" slack="2"/>
</pin_list>
<bind>
<opset="local_C1_36 "/>
</bind>
</comp>

<comp id="843" class="1005" name="local_C1_37_reg_843">
<pin_list>
<pin id="844" dir="0" index="0" bw="32" slack="2"/>
<pin id="845" dir="1" index="1" bw="32" slack="2"/>
</pin_list>
<bind>
<opset="local_C1_37 "/>
</bind>
</comp>

<comp id="849" class="1005" name="local_C1_38_reg_849">
<pin_list>
<pin id="850" dir="0" index="0" bw="32" slack="2"/>
<pin id="851" dir="1" index="1" bw="32" slack="2"/>
</pin_list>
<bind>
<opset="local_C1_38 "/>
</bind>
</comp>

<comp id="855" class="1005" name="local_C1_39_reg_855">
<pin_list>
<pin id="856" dir="0" index="0" bw="32" slack="2"/>
<pin id="857" dir="1" index="1" bw="32" slack="2"/>
</pin_list>
<bind>
<opset="local_C1_39 "/>
</bind>
</comp>

<comp id="861" class="1005" name="local_C1_40_reg_861">
<pin_list>
<pin id="862" dir="0" index="0" bw="32" slack="2"/>
<pin id="863" dir="1" index="1" bw="32" slack="2"/>
</pin_list>
<bind>
<opset="local_C1_40 "/>
</bind>
</comp>

<comp id="867" class="1005" name="local_C1_41_reg_867">
<pin_list>
<pin id="868" dir="0" index="0" bw="32" slack="2"/>
<pin id="869" dir="1" index="1" bw="32" slack="2"/>
</pin_list>
<bind>
<opset="local_C1_41 "/>
</bind>
</comp>

<comp id="873" class="1005" name="local_C1_42_reg_873">
<pin_list>
<pin id="874" dir="0" index="0" bw="32" slack="2"/>
<pin id="875" dir="1" index="1" bw="32" slack="2"/>
</pin_list>
<bind>
<opset="local_C1_42 "/>
</bind>
</comp>

<comp id="879" class="1005" name="local_C1_43_reg_879">
<pin_list>
<pin id="880" dir="0" index="0" bw="32" slack="2"/>
<pin id="881" dir="1" index="1" bw="32" slack="2"/>
</pin_list>
<bind>
<opset="local_C1_43 "/>
</bind>
</comp>

<comp id="885" class="1005" name="local_C1_44_reg_885">
<pin_list>
<pin id="886" dir="0" index="0" bw="32" slack="2"/>
<pin id="887" dir="1" index="1" bw="32" slack="2"/>
</pin_list>
<bind>
<opset="local_C1_44 "/>
</bind>
</comp>

<comp id="891" class="1005" name="local_C1_45_reg_891">
<pin_list>
<pin id="892" dir="0" index="0" bw="32" slack="2"/>
<pin id="893" dir="1" index="1" bw="32" slack="2"/>
</pin_list>
<bind>
<opset="local_C1_45 "/>
</bind>
</comp>

<comp id="897" class="1005" name="local_C1_46_reg_897">
<pin_list>
<pin id="898" dir="0" index="0" bw="32" slack="2"/>
<pin id="899" dir="1" index="1" bw="32" slack="2"/>
</pin_list>
<bind>
<opset="local_C1_46 "/>
</bind>
</comp>

<comp id="903" class="1005" name="local_C1_47_reg_903">
<pin_list>
<pin id="904" dir="0" index="0" bw="32" slack="2"/>
<pin id="905" dir="1" index="1" bw="32" slack="2"/>
</pin_list>
<bind>
<opset="local_C1_47 "/>
</bind>
</comp>

<comp id="909" class="1005" name="local_C1_48_reg_909">
<pin_list>
<pin id="910" dir="0" index="0" bw="32" slack="2"/>
<pin id="911" dir="1" index="1" bw="32" slack="2"/>
</pin_list>
<bind>
<opset="local_C1_48 "/>
</bind>
</comp>

<comp id="915" class="1005" name="local_C1_49_reg_915">
<pin_list>
<pin id="916" dir="0" index="0" bw="32" slack="2"/>
<pin id="917" dir="1" index="1" bw="32" slack="2"/>
</pin_list>
<bind>
<opset="local_C1_49 "/>
</bind>
</comp>

<comp id="921" class="1005" name="local_C1_50_reg_921">
<pin_list>
<pin id="922" dir="0" index="0" bw="32" slack="2"/>
<pin id="923" dir="1" index="1" bw="32" slack="2"/>
</pin_list>
<bind>
<opset="local_C1_50 "/>
</bind>
</comp>

<comp id="927" class="1005" name="local_C1_51_reg_927">
<pin_list>
<pin id="928" dir="0" index="0" bw="32" slack="2"/>
<pin id="929" dir="1" index="1" bw="32" slack="2"/>
</pin_list>
<bind>
<opset="local_C1_51 "/>
</bind>
</comp>

<comp id="933" class="1005" name="local_C1_52_reg_933">
<pin_list>
<pin id="934" dir="0" index="0" bw="32" slack="2"/>
<pin id="935" dir="1" index="1" bw="32" slack="2"/>
</pin_list>
<bind>
<opset="local_C1_52 "/>
</bind>
</comp>

<comp id="939" class="1005" name="local_C1_53_reg_939">
<pin_list>
<pin id="940" dir="0" index="0" bw="32" slack="2"/>
<pin id="941" dir="1" index="1" bw="32" slack="2"/>
</pin_list>
<bind>
<opset="local_C1_53 "/>
</bind>
</comp>

<comp id="945" class="1005" name="local_C1_54_reg_945">
<pin_list>
<pin id="946" dir="0" index="0" bw="32" slack="2"/>
<pin id="947" dir="1" index="1" bw="32" slack="2"/>
</pin_list>
<bind>
<opset="local_C1_54 "/>
</bind>
</comp>

<comp id="951" class="1005" name="local_C1_55_reg_951">
<pin_list>
<pin id="952" dir="0" index="0" bw="32" slack="2"/>
<pin id="953" dir="1" index="1" bw="32" slack="2"/>
</pin_list>
<bind>
<opset="local_C1_55 "/>
</bind>
</comp>

<comp id="957" class="1005" name="local_C1_56_reg_957">
<pin_list>
<pin id="958" dir="0" index="0" bw="32" slack="2"/>
<pin id="959" dir="1" index="1" bw="32" slack="2"/>
</pin_list>
<bind>
<opset="local_C1_56 "/>
</bind>
</comp>

<comp id="963" class="1005" name="local_C1_57_reg_963">
<pin_list>
<pin id="964" dir="0" index="0" bw="32" slack="2"/>
<pin id="965" dir="1" index="1" bw="32" slack="2"/>
</pin_list>
<bind>
<opset="local_C1_57 "/>
</bind>
</comp>

<comp id="969" class="1005" name="local_C1_58_reg_969">
<pin_list>
<pin id="970" dir="0" index="0" bw="32" slack="2"/>
<pin id="971" dir="1" index="1" bw="32" slack="2"/>
</pin_list>
<bind>
<opset="local_C1_58 "/>
</bind>
</comp>

<comp id="975" class="1005" name="local_C1_59_reg_975">
<pin_list>
<pin id="976" dir="0" index="0" bw="32" slack="2"/>
<pin id="977" dir="1" index="1" bw="32" slack="2"/>
</pin_list>
<bind>
<opset="local_C1_59 "/>
</bind>
</comp>

<comp id="981" class="1005" name="local_C1_60_reg_981">
<pin_list>
<pin id="982" dir="0" index="0" bw="32" slack="2"/>
<pin id="983" dir="1" index="1" bw="32" slack="2"/>
</pin_list>
<bind>
<opset="local_C1_60 "/>
</bind>
</comp>

<comp id="987" class="1005" name="local_C1_61_reg_987">
<pin_list>
<pin id="988" dir="0" index="0" bw="32" slack="2"/>
<pin id="989" dir="1" index="1" bw="32" slack="2"/>
</pin_list>
<bind>
<opset="local_C1_61 "/>
</bind>
</comp>

<comp id="993" class="1005" name="local_C1_62_reg_993">
<pin_list>
<pin id="994" dir="0" index="0" bw="32" slack="2"/>
<pin id="995" dir="1" index="1" bw="32" slack="2"/>
</pin_list>
<bind>
<opset="local_C1_62 "/>
</bind>
</comp>

<comp id="999" class="1005" name="local_C1_63_reg_999">
<pin_list>
<pin id="1000" dir="0" index="0" bw="32" slack="2"/>
<pin id="1001" dir="1" index="1" bw="32" slack="2"/>
</pin_list>
<bind>
<opset="local_C1_63 "/>
</bind>
</comp>

<comp id="1005" class="1005" name="mi1_c_i_reg_1005">
<pin_list>
<pin id="1006" dir="0" index="0" bw="7" slack="0"/>
<pin id="1007" dir="1" index="1" bw="7" slack="0"/>
</pin_list>
<bind>
<opset="mi1_c_i "/>
</bind>
</comp>

<comp id="1011" class="1005" name="ni1_c_i_reg_1011">
<pin_list>
<pin id="1012" dir="0" index="0" bw="6" slack="0"/>
<pin id="1013" dir="1" index="1" bw="6" slack="0"/>
</pin_list>
<bind>
<opset="ni1_c_i "/>
</bind>
</comp>

</comp_list>

<net_list>
<net id="61"><net_src comp="12" pin="0"/><net_sink comp="58" pin=0"/></net>

<net id="65"><net_src comp="12" pin="0"/><net_sink comp="62" pin=0"/></net>

<net id="69"><net_src comp="12" pin="0"/><net_sink comp="66" pin=0"/></net>

<net id="73"><net_src comp="12" pin="0"/><net_sink comp="70" pin=0"/></net>

<net id="77"><net_src comp="12" pin="0"/><net_sink comp="74" pin=0"/></net>

<net id="81"><net_src comp="12" pin="0"/><net_sink comp="78" pin=0"/></net>

<net id="85"><net_src comp="12" pin="0"/><net_sink comp="82" pin=0"/></net>

<net id="89"><net_src comp="12" pin="0"/><net_sink comp="86" pin=0"/></net>

<net id="93"><net_src comp="12" pin="0"/><net_sink comp="90" pin=0"/></net>

<net id="97"><net_src comp="12" pin="0"/><net_sink comp="94" pin=0"/></net>

<net id="101"><net_src comp="12" pin="0"/><net_sink comp="98" pin=0"/></net>

<net id="105"><net_src comp="12" pin="0"/><net_sink comp="102" pin=0"/></net>

<net id="109"><net_src comp="12" pin="0"/><net_sink comp="106" pin=0"/></net>

<net id="113"><net_src comp="12" pin="0"/><net_sink comp="110" pin=0"/></net>

<net id="117"><net_src comp="12" pin="0"/><net_sink comp="114" pin=0"/></net>

<net id="121"><net_src comp="12" pin="0"/><net_sink comp="118" pin=0"/></net>

<net id="125"><net_src comp="12" pin="0"/><net_sink comp="122" pin=0"/></net>

<net id="129"><net_src comp="12" pin="0"/><net_sink comp="126" pin=0"/></net>

<net id="133"><net_src comp="12" pin="0"/><net_sink comp="130" pin=0"/></net>

<net id="137"><net_src comp="12" pin="0"/><net_sink comp="134" pin=0"/></net>

<net id="141"><net_src comp="12" pin="0"/><net_sink comp="138" pin=0"/></net>

<net id="145"><net_src comp="12" pin="0"/><net_sink comp="142" pin=0"/></net>

<net id="149"><net_src comp="12" pin="0"/><net_sink comp="146" pin=0"/></net>

<net id="153"><net_src comp="12" pin="0"/><net_sink comp="150" pin=0"/></net>

<net id="157"><net_src comp="12" pin="0"/><net_sink comp="154" pin=0"/></net>

<net id="161"><net_src comp="12" pin="0"/><net_sink comp="158" pin=0"/></net>

<net id="165"><net_src comp="12" pin="0"/><net_sink comp="162" pin=0"/></net>

<net id="169"><net_src comp="12" pin="0"/><net_sink comp="166" pin=0"/></net>

<net id="173"><net_src comp="12" pin="0"/><net_sink comp="170" pin=0"/></net>

<net id="177"><net_src comp="12" pin="0"/><net_sink comp="174" pin=0"/></net>

<net id="181"><net_src comp="12" pin="0"/><net_sink comp="178" pin=0"/></net>

<net id="185"><net_src comp="12" pin="0"/><net_sink comp="182" pin=0"/></net>

<net id="189"><net_src comp="12" pin="0"/><net_sink comp="186" pin=0"/></net>

<net id="193"><net_src comp="12" pin="0"/><net_sink comp="190" pin=0"/></net>

<net id="197"><net_src comp="12" pin="0"/><net_sink comp="194" pin=0"/></net>

<net id="201"><net_src comp="12" pin="0"/><net_sink comp="198" pin=0"/></net>

<net id="205"><net_src comp="12" pin="0"/><net_sink comp="202" pin=0"/></net>

<net id="209"><net_src comp="12" pin="0"/><net_sink comp="206" pin=0"/></net>

<net id="213"><net_src comp="12" pin="0"/><net_sink comp="210" pin=0"/></net>

<net id="217"><net_src comp="12" pin="0"/><net_sink comp="214" pin=0"/></net>

<net id="221"><net_src comp="12" pin="0"/><net_sink comp="218" pin=0"/></net>

<net id="225"><net_src comp="12" pin="0"/><net_sink comp="222" pin=0"/></net>

<net id="229"><net_src comp="12" pin="0"/><net_sink comp="226" pin=0"/></net>

<net id="233"><net_src comp="12" pin="0"/><net_sink comp="230" pin=0"/></net>

<net id="237"><net_src comp="12" pin="0"/><net_sink comp="234" pin=0"/></net>

<net id="241"><net_src comp="12" pin="0"/><net_sink comp="238" pin=0"/></net>

<net id="245"><net_src comp="12" pin="0"/><net_sink comp="242" pin=0"/></net>

<net id="249"><net_src comp="12" pin="0"/><net_sink comp="246" pin=0"/></net>

<net id="253"><net_src comp="12" pin="0"/><net_sink comp="250" pin=0"/></net>

<net id="257"><net_src comp="12" pin="0"/><net_sink comp="254" pin=0"/></net>

<net id="261"><net_src comp="12" pin="0"/><net_sink comp="258" pin=0"/></net>

<net id="265"><net_src comp="12" pin="0"/><net_sink comp="262" pin=0"/></net>

<net id="269"><net_src comp="12" pin="0"/><net_sink comp="266" pin=0"/></net>

<net id="273"><net_src comp="12" pin="0"/><net_sink comp="270" pin=0"/></net>

<net id="277"><net_src comp="12" pin="0"/><net_sink comp="274" pin=0"/></net>

<net id="281"><net_src comp="12" pin="0"/><net_sink comp="278" pin=0"/></net>

<net id="285"><net_src comp="12" pin="0"/><net_sink comp="282" pin=0"/></net>

<net id="289"><net_src comp="12" pin="0"/><net_sink comp="286" pin=0"/></net>

<net id="293"><net_src comp="12" pin="0"/><net_sink comp="290" pin=0"/></net>

<net id="297"><net_src comp="12" pin="0"/><net_sink comp="294" pin=0"/></net>

<net id="301"><net_src comp="12" pin="0"/><net_sink comp="298" pin=0"/></net>

<net id="305"><net_src comp="12" pin="0"/><net_sink comp="302" pin=0"/></net>

<net id="309"><net_src comp="12" pin="0"/><net_sink comp="306" pin=0"/></net>

<net id="313"><net_src comp="12" pin="0"/><net_sink comp="310" pin=0"/></net>

<net id="317"><net_src comp="12" pin="0"/><net_sink comp="314" pin=0"/></net>

<net id="321"><net_src comp="12" pin="0"/><net_sink comp="318" pin=0"/></net>

<net id="325"><net_src comp="12" pin="0"/><net_sink comp="322" pin=0"/></net>

<net id="329"><net_src comp="12" pin="0"/><net_sink comp="326" pin=0"/></net>

<net id="333"><net_src comp="12" pin="0"/><net_sink comp="330" pin=0"/></net>

<net id="337"><net_src comp="12" pin="0"/><net_sink comp="334" pin=0"/></net>

<net id="341"><net_src comp="12" pin="0"/><net_sink comp="338" pin=0"/></net>

<net id="345"><net_src comp="12" pin="0"/><net_sink comp="342" pin=0"/></net>

<net id="349"><net_src comp="12" pin="0"/><net_sink comp="346" pin=0"/></net>

<net id="353"><net_src comp="12" pin="0"/><net_sink comp="350" pin=0"/></net>

<net id="357"><net_src comp="12" pin="0"/><net_sink comp="354" pin=0"/></net>

<net id="361"><net_src comp="12" pin="0"/><net_sink comp="358" pin=0"/></net>

<net id="365"><net_src comp="12" pin="0"/><net_sink comp="362" pin=0"/></net>

<net id="369"><net_src comp="12" pin="0"/><net_sink comp="366" pin=0"/></net>

<net id="373"><net_src comp="12" pin="0"/><net_sink comp="370" pin=0"/></net>

<net id="377"><net_src comp="12" pin="0"/><net_sink comp="374" pin=0"/></net>

<net id="381"><net_src comp="12" pin="0"/><net_sink comp="378" pin=0"/></net>

<net id="385"><net_src comp="12" pin="0"/><net_sink comp="382" pin=0"/></net>

<net id="390"><net_src comp="10" pin="0"/><net_sink comp="386" pin=0"/></net>

<net id="391"><net_src comp="2" pin="0"/><net_sink comp="386" pin=1"/></net>

<net id="396"><net_src comp="10" pin="0"/><net_sink comp="392" pin=0"/></net>

<net id="397"><net_src comp="0" pin="0"/><net_sink comp="392" pin=1"/></net>

<net id="414"><net_src comp="14" pin="0"/><net_sink comp="398" pin=0"/></net>

<net id="415"><net_src comp="354" pin="1"/><net_sink comp="398" pin=1"/></net>

<net id="416"><net_src comp="358" pin="1"/><net_sink comp="398" pin=2"/></net>

<net id="417"><net_src comp="362" pin="1"/><net_sink comp="398" pin=3"/></net>

<net id="418"><net_src comp="366" pin="1"/><net_sink comp="398" pin=4"/></net>

<net id="419"><net_src comp="370" pin="1"/><net_sink comp="398" pin=5"/></net>

<net id="420"><net_src comp="374" pin="1"/><net_sink comp="398" pin=6"/></net>

<net id="421"><net_src comp="378" pin="1"/><net_sink comp="398" pin=7"/></net>

<net id="422"><net_src comp="382" pin="1"/><net_sink comp="398" pin=8"/></net>

<net id="423"><net_src comp="386" pin="2"/><net_sink comp="398" pin=10"/></net>

<net id="424"><net_src comp="8" pin="0"/><net_sink comp="398" pin=11"/></net>

<net id="438"><net_src comp="16" pin="0"/><net_sink comp="425" pin=0"/></net>

<net id="439"><net_src comp="322" pin="1"/><net_sink comp="425" pin=1"/></net>

<net id="440"><net_src comp="326" pin="1"/><net_sink comp="425" pin=2"/></net>

<net id="441"><net_src comp="330" pin="1"/><net_sink comp="425" pin=3"/></net>

<net id="442"><net_src comp="334" pin="1"/><net_sink comp="425" pin=4"/></net>

<net id="443"><net_src comp="338" pin="1"/><net_sink comp="425" pin=5"/></net>

<net id="444"><net_src comp="342" pin="1"/><net_sink comp="425" pin=6"/></net>

<net id="445"><net_src comp="346" pin="1"/><net_sink comp="425" pin=7"/></net>

<net id="446"><net_src comp="350" pin="1"/><net_sink comp="425" pin=8"/></net>

<net id="447"><net_src comp="6" pin="0"/><net_sink comp="425" pin=10"/></net>

<net id="531"><net_src comp="18" pin="0"/><net_sink comp="448" pin=0"/></net>

<net id="602"><net_src comp="20" pin="0"/><net_sink comp="532" pin=0"/></net>

<net id="603"><net_src comp="4" pin="0"/><net_sink comp="532" pin=67"/></net>

<net id="607"><net_src comp="392" pin="2"/><net_sink comp="604" pin=0"/></net>

<net id="608"><net_src comp="604" pin="1"/><net_sink comp="398" pin=9"/></net>

<net id="609"><net_src comp="604" pin="1"/><net_sink comp="425" pin=9"/></net>

<net id="613"><net_src comp="386" pin="2"/><net_sink comp="610" pin=0"/></net>

<net id="614"><net_src comp="610" pin="1"/><net_sink comp="398" pin=10"/></net>

<net id="618"><net_src comp="604" pin="1"/><net_sink comp="615" pin=0"/></net>

<net id="619"><net_src comp="615" pin="1"/><net_sink comp="398" pin=9"/></net>

<net id="620"><net_src comp="615" pin="1"/><net_sink comp="425" pin=9"/></net>

<net id="624"><net_src comp="58" pin="1"/><net_sink comp="621" pin=0"/></net>

<net id="625"><net_src comp="621" pin="1"/><net_sink comp="448" pin=80"/></net>

<net id="626"><net_src comp="621" pin="1"/><net_sink comp="532" pin=65"/></net>

<net id="630"><net_src comp="62" pin="1"/><net_sink comp="627" pin=0"/></net>

<net id="631"><net_src comp="627" pin="1"/><net_sink comp="448" pin=79"/></net>

<net id="632"><net_src comp="627" pin="1"/><net_sink comp="532" pin=64"/></net>

<net id="636"><net_src comp="66" pin="1"/><net_sink comp="633" pin=0"/></net>

<net id="637"><net_src comp="633" pin="1"/><net_sink comp="448" pin=78"/></net>

<net id="638"><net_src comp="633" pin="1"/><net_sink comp="532" pin=63"/></net>

<net id="642"><net_src comp="70" pin="1"/><net_sink comp="639" pin=0"/></net>

<net id="643"><net_src comp="639" pin="1"/><net_sink comp="448" pin=77"/></net>

<net id="644"><net_src comp="639" pin="1"/><net_sink comp="532" pin=62"/></net>

<net id="648"><net_src comp="74" pin="1"/><net_sink comp="645" pin=0"/></net>

<net id="649"><net_src comp="645" pin="1"/><net_sink comp="448" pin=76"/></net>

<net id="650"><net_src comp="645" pin="1"/><net_sink comp="532" pin=61"/></net>

<net id="654"><net_src comp="78" pin="1"/><net_sink comp="651" pin=0"/></net>

<net id="655"><net_src comp="651" pin="1"/><net_sink comp="448" pin=75"/></net>

<net id="656"><net_src comp="651" pin="1"/><net_sink comp="532" pin=60"/></net>

<net id="660"><net_src comp="82" pin="1"/><net_sink comp="657" pin=0"/></net>

<net id="661"><net_src comp="657" pin="1"/><net_sink comp="448" pin=74"/></net>

<net id="662"><net_src comp="657" pin="1"/><net_sink comp="532" pin=59"/></net>

<net id="666"><net_src comp="86" pin="1"/><net_sink comp="663" pin=0"/></net>

<net id="667"><net_src comp="663" pin="1"/><net_sink comp="448" pin=73"/></net>

<net id="668"><net_src comp="663" pin="1"/><net_sink comp="532" pin=58"/></net>

<net id="672"><net_src comp="90" pin="1"/><net_sink comp="669" pin=0"/></net>

<net id="673"><net_src comp="669" pin="1"/><net_sink comp="448" pin=72"/></net>

<net id="674"><net_src comp="669" pin="1"/><net_sink comp="532" pin=57"/></net>

<net id="678"><net_src comp="94" pin="1"/><net_sink comp="675" pin=0"/></net>

<net id="679"><net_src comp="675" pin="1"/><net_sink comp="448" pin=71"/></net>

<net id="680"><net_src comp="675" pin="1"/><net_sink comp="532" pin=56"/></net>

<net id="684"><net_src comp="98" pin="1"/><net_sink comp="681" pin=0"/></net>

<net id="685"><net_src comp="681" pin="1"/><net_sink comp="448" pin=70"/></net>

<net id="686"><net_src comp="681" pin="1"/><net_sink comp="532" pin=55"/></net>

<net id="690"><net_src comp="102" pin="1"/><net_sink comp="687" pin=0"/></net>

<net id="691"><net_src comp="687" pin="1"/><net_sink comp="448" pin=69"/></net>

<net id="692"><net_src comp="687" pin="1"/><net_sink comp="532" pin=54"/></net>

<net id="696"><net_src comp="106" pin="1"/><net_sink comp="693" pin=0"/></net>

<net id="697"><net_src comp="693" pin="1"/><net_sink comp="448" pin=68"/></net>

<net id="698"><net_src comp="693" pin="1"/><net_sink comp="532" pin=53"/></net>

<net id="702"><net_src comp="110" pin="1"/><net_sink comp="699" pin=0"/></net>

<net id="703"><net_src comp="699" pin="1"/><net_sink comp="448" pin=67"/></net>

<net id="704"><net_src comp="699" pin="1"/><net_sink comp="532" pin=52"/></net>

<net id="708"><net_src comp="114" pin="1"/><net_sink comp="705" pin=0"/></net>

<net id="709"><net_src comp="705" pin="1"/><net_sink comp="448" pin=66"/></net>

<net id="710"><net_src comp="705" pin="1"/><net_sink comp="532" pin=51"/></net>

<net id="714"><net_src comp="118" pin="1"/><net_sink comp="711" pin=0"/></net>

<net id="715"><net_src comp="711" pin="1"/><net_sink comp="448" pin=65"/></net>

<net id="716"><net_src comp="711" pin="1"/><net_sink comp="532" pin=50"/></net>

<net id="720"><net_src comp="122" pin="1"/><net_sink comp="717" pin=0"/></net>

<net id="721"><net_src comp="717" pin="1"/><net_sink comp="448" pin=64"/></net>

<net id="722"><net_src comp="717" pin="1"/><net_sink comp="532" pin=49"/></net>

<net id="726"><net_src comp="126" pin="1"/><net_sink comp="723" pin=0"/></net>

<net id="727"><net_src comp="723" pin="1"/><net_sink comp="448" pin=63"/></net>

<net id="728"><net_src comp="723" pin="1"/><net_sink comp="532" pin=48"/></net>

<net id="732"><net_src comp="130" pin="1"/><net_sink comp="729" pin=0"/></net>

<net id="733"><net_src comp="729" pin="1"/><net_sink comp="448" pin=62"/></net>

<net id="734"><net_src comp="729" pin="1"/><net_sink comp="532" pin=47"/></net>

<net id="738"><net_src comp="134" pin="1"/><net_sink comp="735" pin=0"/></net>

<net id="739"><net_src comp="735" pin="1"/><net_sink comp="448" pin=61"/></net>

<net id="740"><net_src comp="735" pin="1"/><net_sink comp="532" pin=46"/></net>

<net id="744"><net_src comp="138" pin="1"/><net_sink comp="741" pin=0"/></net>

<net id="745"><net_src comp="741" pin="1"/><net_sink comp="448" pin=60"/></net>

<net id="746"><net_src comp="741" pin="1"/><net_sink comp="532" pin=45"/></net>

<net id="750"><net_src comp="142" pin="1"/><net_sink comp="747" pin=0"/></net>

<net id="751"><net_src comp="747" pin="1"/><net_sink comp="448" pin=59"/></net>

<net id="752"><net_src comp="747" pin="1"/><net_sink comp="532" pin=44"/></net>

<net id="756"><net_src comp="146" pin="1"/><net_sink comp="753" pin=0"/></net>

<net id="757"><net_src comp="753" pin="1"/><net_sink comp="448" pin=58"/></net>

<net id="758"><net_src comp="753" pin="1"/><net_sink comp="532" pin=43"/></net>

<net id="762"><net_src comp="150" pin="1"/><net_sink comp="759" pin=0"/></net>

<net id="763"><net_src comp="759" pin="1"/><net_sink comp="448" pin=57"/></net>

<net id="764"><net_src comp="759" pin="1"/><net_sink comp="532" pin=42"/></net>

<net id="768"><net_src comp="154" pin="1"/><net_sink comp="765" pin=0"/></net>

<net id="769"><net_src comp="765" pin="1"/><net_sink comp="448" pin=56"/></net>

<net id="770"><net_src comp="765" pin="1"/><net_sink comp="532" pin=41"/></net>

<net id="774"><net_src comp="158" pin="1"/><net_sink comp="771" pin=0"/></net>

<net id="775"><net_src comp="771" pin="1"/><net_sink comp="448" pin=55"/></net>

<net id="776"><net_src comp="771" pin="1"/><net_sink comp="532" pin=40"/></net>

<net id="780"><net_src comp="162" pin="1"/><net_sink comp="777" pin=0"/></net>

<net id="781"><net_src comp="777" pin="1"/><net_sink comp="448" pin=54"/></net>

<net id="782"><net_src comp="777" pin="1"/><net_sink comp="532" pin=39"/></net>

<net id="786"><net_src comp="166" pin="1"/><net_sink comp="783" pin=0"/></net>

<net id="787"><net_src comp="783" pin="1"/><net_sink comp="448" pin=53"/></net>

<net id="788"><net_src comp="783" pin="1"/><net_sink comp="532" pin=38"/></net>

<net id="792"><net_src comp="170" pin="1"/><net_sink comp="789" pin=0"/></net>

<net id="793"><net_src comp="789" pin="1"/><net_sink comp="448" pin=52"/></net>

<net id="794"><net_src comp="789" pin="1"/><net_sink comp="532" pin=37"/></net>

<net id="798"><net_src comp="174" pin="1"/><net_sink comp="795" pin=0"/></net>

<net id="799"><net_src comp="795" pin="1"/><net_sink comp="448" pin=51"/></net>

<net id="800"><net_src comp="795" pin="1"/><net_sink comp="532" pin=36"/></net>

<net id="804"><net_src comp="178" pin="1"/><net_sink comp="801" pin=0"/></net>

<net id="805"><net_src comp="801" pin="1"/><net_sink comp="448" pin=50"/></net>

<net id="806"><net_src comp="801" pin="1"/><net_sink comp="532" pin=35"/></net>

<net id="810"><net_src comp="182" pin="1"/><net_sink comp="807" pin=0"/></net>

<net id="811"><net_src comp="807" pin="1"/><net_sink comp="448" pin=49"/></net>

<net id="812"><net_src comp="807" pin="1"/><net_sink comp="532" pin=34"/></net>

<net id="816"><net_src comp="186" pin="1"/><net_sink comp="813" pin=0"/></net>

<net id="817"><net_src comp="813" pin="1"/><net_sink comp="448" pin=48"/></net>

<net id="818"><net_src comp="813" pin="1"/><net_sink comp="532" pin=33"/></net>

<net id="822"><net_src comp="190" pin="1"/><net_sink comp="819" pin=0"/></net>

<net id="823"><net_src comp="819" pin="1"/><net_sink comp="448" pin=47"/></net>

<net id="824"><net_src comp="819" pin="1"/><net_sink comp="532" pin=32"/></net>

<net id="828"><net_src comp="194" pin="1"/><net_sink comp="825" pin=0"/></net>

<net id="829"><net_src comp="825" pin="1"/><net_sink comp="448" pin=46"/></net>

<net id="830"><net_src comp="825" pin="1"/><net_sink comp="532" pin=31"/></net>

<net id="834"><net_src comp="198" pin="1"/><net_sink comp="831" pin=0"/></net>

<net id="835"><net_src comp="831" pin="1"/><net_sink comp="448" pin=45"/></net>

<net id="836"><net_src comp="831" pin="1"/><net_sink comp="532" pin=30"/></net>

<net id="840"><net_src comp="202" pin="1"/><net_sink comp="837" pin=0"/></net>

<net id="841"><net_src comp="837" pin="1"/><net_sink comp="448" pin=44"/></net>

<net id="842"><net_src comp="837" pin="1"/><net_sink comp="532" pin=29"/></net>

<net id="846"><net_src comp="206" pin="1"/><net_sink comp="843" pin=0"/></net>

<net id="847"><net_src comp="843" pin="1"/><net_sink comp="448" pin=43"/></net>

<net id="848"><net_src comp="843" pin="1"/><net_sink comp="532" pin=28"/></net>

<net id="852"><net_src comp="210" pin="1"/><net_sink comp="849" pin=0"/></net>

<net id="853"><net_src comp="849" pin="1"/><net_sink comp="448" pin=42"/></net>

<net id="854"><net_src comp="849" pin="1"/><net_sink comp="532" pin=27"/></net>

<net id="858"><net_src comp="214" pin="1"/><net_sink comp="855" pin=0"/></net>

<net id="859"><net_src comp="855" pin="1"/><net_sink comp="448" pin=41"/></net>

<net id="860"><net_src comp="855" pin="1"/><net_sink comp="532" pin=26"/></net>

<net id="864"><net_src comp="218" pin="1"/><net_sink comp="861" pin=0"/></net>

<net id="865"><net_src comp="861" pin="1"/><net_sink comp="448" pin=40"/></net>

<net id="866"><net_src comp="861" pin="1"/><net_sink comp="532" pin=25"/></net>

<net id="870"><net_src comp="222" pin="1"/><net_sink comp="867" pin=0"/></net>

<net id="871"><net_src comp="867" pin="1"/><net_sink comp="448" pin=39"/></net>

<net id="872"><net_src comp="867" pin="1"/><net_sink comp="532" pin=24"/></net>

<net id="876"><net_src comp="226" pin="1"/><net_sink comp="873" pin=0"/></net>

<net id="877"><net_src comp="873" pin="1"/><net_sink comp="448" pin=38"/></net>

<net id="878"><net_src comp="873" pin="1"/><net_sink comp="532" pin=23"/></net>

<net id="882"><net_src comp="230" pin="1"/><net_sink comp="879" pin=0"/></net>

<net id="883"><net_src comp="879" pin="1"/><net_sink comp="448" pin=37"/></net>

<net id="884"><net_src comp="879" pin="1"/><net_sink comp="532" pin=22"/></net>

<net id="888"><net_src comp="234" pin="1"/><net_sink comp="885" pin=0"/></net>

<net id="889"><net_src comp="885" pin="1"/><net_sink comp="448" pin=36"/></net>

<net id="890"><net_src comp="885" pin="1"/><net_sink comp="532" pin=21"/></net>

<net id="894"><net_src comp="238" pin="1"/><net_sink comp="891" pin=0"/></net>

<net id="895"><net_src comp="891" pin="1"/><net_sink comp="448" pin=35"/></net>

<net id="896"><net_src comp="891" pin="1"/><net_sink comp="532" pin=20"/></net>

<net id="900"><net_src comp="242" pin="1"/><net_sink comp="897" pin=0"/></net>

<net id="901"><net_src comp="897" pin="1"/><net_sink comp="448" pin=34"/></net>

<net id="902"><net_src comp="897" pin="1"/><net_sink comp="532" pin=19"/></net>

<net id="906"><net_src comp="246" pin="1"/><net_sink comp="903" pin=0"/></net>

<net id="907"><net_src comp="903" pin="1"/><net_sink comp="448" pin=33"/></net>

<net id="908"><net_src comp="903" pin="1"/><net_sink comp="532" pin=18"/></net>

<net id="912"><net_src comp="250" pin="1"/><net_sink comp="909" pin=0"/></net>

<net id="913"><net_src comp="909" pin="1"/><net_sink comp="448" pin=32"/></net>

<net id="914"><net_src comp="909" pin="1"/><net_sink comp="532" pin=17"/></net>

<net id="918"><net_src comp="254" pin="1"/><net_sink comp="915" pin=0"/></net>

<net id="919"><net_src comp="915" pin="1"/><net_sink comp="448" pin=31"/></net>

<net id="920"><net_src comp="915" pin="1"/><net_sink comp="532" pin=16"/></net>

<net id="924"><net_src comp="258" pin="1"/><net_sink comp="921" pin=0"/></net>

<net id="925"><net_src comp="921" pin="1"/><net_sink comp="448" pin=30"/></net>

<net id="926"><net_src comp="921" pin="1"/><net_sink comp="532" pin=15"/></net>

<net id="930"><net_src comp="262" pin="1"/><net_sink comp="927" pin=0"/></net>

<net id="931"><net_src comp="927" pin="1"/><net_sink comp="448" pin=29"/></net>

<net id="932"><net_src comp="927" pin="1"/><net_sink comp="532" pin=14"/></net>

<net id="936"><net_src comp="266" pin="1"/><net_sink comp="933" pin=0"/></net>

<net id="937"><net_src comp="933" pin="1"/><net_sink comp="448" pin=28"/></net>

<net id="938"><net_src comp="933" pin="1"/><net_sink comp="532" pin=13"/></net>

<net id="942"><net_src comp="270" pin="1"/><net_sink comp="939" pin=0"/></net>

<net id="943"><net_src comp="939" pin="1"/><net_sink comp="448" pin=27"/></net>

<net id="944"><net_src comp="939" pin="1"/><net_sink comp="532" pin=12"/></net>

<net id="948"><net_src comp="274" pin="1"/><net_sink comp="945" pin=0"/></net>

<net id="949"><net_src comp="945" pin="1"/><net_sink comp="448" pin=26"/></net>

<net id="950"><net_src comp="945" pin="1"/><net_sink comp="532" pin=11"/></net>

<net id="954"><net_src comp="278" pin="1"/><net_sink comp="951" pin=0"/></net>

<net id="955"><net_src comp="951" pin="1"/><net_sink comp="448" pin=25"/></net>

<net id="956"><net_src comp="951" pin="1"/><net_sink comp="532" pin=10"/></net>

<net id="960"><net_src comp="282" pin="1"/><net_sink comp="957" pin=0"/></net>

<net id="961"><net_src comp="957" pin="1"/><net_sink comp="448" pin=24"/></net>

<net id="962"><net_src comp="957" pin="1"/><net_sink comp="532" pin=9"/></net>

<net id="966"><net_src comp="286" pin="1"/><net_sink comp="963" pin=0"/></net>

<net id="967"><net_src comp="963" pin="1"/><net_sink comp="448" pin=23"/></net>

<net id="968"><net_src comp="963" pin="1"/><net_sink comp="532" pin=8"/></net>

<net id="972"><net_src comp="290" pin="1"/><net_sink comp="969" pin=0"/></net>

<net id="973"><net_src comp="969" pin="1"/><net_sink comp="448" pin=22"/></net>

<net id="974"><net_src comp="969" pin="1"/><net_sink comp="532" pin=7"/></net>

<net id="978"><net_src comp="294" pin="1"/><net_sink comp="975" pin=0"/></net>

<net id="979"><net_src comp="975" pin="1"/><net_sink comp="448" pin=21"/></net>

<net id="980"><net_src comp="975" pin="1"/><net_sink comp="532" pin=6"/></net>

<net id="984"><net_src comp="298" pin="1"/><net_sink comp="981" pin=0"/></net>

<net id="985"><net_src comp="981" pin="1"/><net_sink comp="448" pin=20"/></net>

<net id="986"><net_src comp="981" pin="1"/><net_sink comp="532" pin=5"/></net>

<net id="990"><net_src comp="302" pin="1"/><net_sink comp="987" pin=0"/></net>

<net id="991"><net_src comp="987" pin="1"/><net_sink comp="448" pin=19"/></net>

<net id="992"><net_src comp="987" pin="1"/><net_sink comp="532" pin=4"/></net>

<net id="996"><net_src comp="306" pin="1"/><net_sink comp="993" pin=0"/></net>

<net id="997"><net_src comp="993" pin="1"/><net_sink comp="448" pin=18"/></net>

<net id="998"><net_src comp="993" pin="1"/><net_sink comp="532" pin=3"/></net>

<net id="1002"><net_src comp="310" pin="1"/><net_sink comp="999" pin=0"/></net>

<net id="1003"><net_src comp="999" pin="1"/><net_sink comp="448" pin=17"/></net>

<net id="1004"><net_src comp="999" pin="1"/><net_sink comp="532" pin=2"/></net>

<net id="1008"><net_src comp="314" pin="1"/><net_sink comp="1005" pin=0"/></net>

<net id="1009"><net_src comp="1005" pin="1"/><net_sink comp="398" pin=13"/></net>

<net id="1010"><net_src comp="1005" pin="1"/><net_sink comp="532" pin=66"/></net>

<net id="1014"><net_src comp="318" pin="1"/><net_sink comp="1011" pin=0"/></net>

<net id="1015"><net_src comp="1011" pin="1"/><net_sink comp="398" pin=12"/></net>

<net id="1016"><net_src comp="1011" pin="1"/><net_sink comp="532" pin=1"/></net>

</net_list>

</model> 
---------------- Datapath Model END ------------------

* FSMD analyzer results:
  - Output states:
	Port: v1933 | {5 6 }
	Port: v1932 | {}
	Port: v1931 | {}
 - Input state : 
	Port: dataflow_in_loop_l_ni1 : ni1 | {1 }
	Port: dataflow_in_loop_l_ni1 : mi1 | {1 }
	Port: dataflow_in_loop_l_ni1 : v1933 | {}
	Port: dataflow_in_loop_l_ni1 : v1932 | {1 2 }
	Port: dataflow_in_loop_l_ni1 : v1931 | {1 2 }
  - Chain level:
	State 1
		call_ln0 : 1
		call_ln0 : 1
	State 2
	State 3
	State 4
	State 5
	State 6


============================================================
+ Verbose Summary: Datapath Resource usage 
============================================================

* Functional unit list:
|----------|-------------------------------------------------------------------|---------|---------|---------|---------|
| Operation|                          Functional Unit                          |   DSP   |  Delay  |    FF   |   LUT   |
|----------|-------------------------------------------------------------------|---------|---------|---------|---------|
|          | grp_dataflow_in_loop_l_ni1_Loop_l_load_A_tile_ak1_proc4426_fu_398 |    0    |  1.161  |    71   |   178   |
|   call   | grp_dataflow_in_loop_l_ni1_Loop_l_load_B_tile_bk1_proc4527_fu_425 |    0    |  0.387  |    58   |   120   |
|          |                    grp_systolic_tile_Q46_fu_448                   |   320   |  80.496 |  35876  |  23508  |
|          |  grp_dataflow_in_loop_l_ni1_Loop_l_store_C_tile_sj1_proc47_fu_532 |    0    |  25.542 |   2082  |   1112  |
|----------|-------------------------------------------------------------------|---------|---------|---------|---------|
|   read   |                        mi1_read_read_fu_386                       |    0    |    0    |    0    |    0    |
|          |                        ni1_read_read_fu_392                       |    0    |    0    |    0    |    0    |
|----------|-------------------------------------------------------------------|---------|---------|---------|---------|
|   trunc  |                            empty_fu_604                           |    0    |    0    |    0    |    0    |
|----------|-------------------------------------------------------------------|---------|---------|---------|---------|
|   Total  |                                                                   |   320   | 107.586 |  38087  |  24918  |
|----------|-------------------------------------------------------------------|---------|---------|---------|---------|

Memories:
+----------+--------+--------+--------+--------+
|          |  BRAM  |   FF   |   LUT  |  URAM  |
+----------+--------+--------+--------+--------+
| local_A1 |    2   |    0   |    0   |    0   |
|local_A1_1|    2   |    0   |    0   |    0   |
|local_A1_2|    2   |    0   |    0   |    0   |
|local_A1_3|    2   |    0   |    0   |    0   |
|local_A1_4|    2   |    0   |    0   |    0   |
|local_A1_5|    2   |    0   |    0   |    0   |
|local_A1_6|    2   |    0   |    0   |    0   |
|local_A1_7|    2   |    0   |    0   |    0   |
| local_B1 |    2   |    0   |    0   |    0   |
|local_B1_1|    2   |    0   |    0   |    0   |
|local_B1_2|    2   |    0   |    0   |    0   |
|local_B1_3|    2   |    0   |    0   |    0   |
|local_B1_4|    2   |    0   |    0   |    0   |
|local_B1_5|    2   |    0   |    0   |    0   |
|local_B1_6|    2   |    0   |    0   |    0   |
|local_B1_7|    2   |    0   |    0   |    0   |
+----------+--------+--------+--------+--------+
|   Total  |   32   |    0   |    0   |    0   |
+----------+--------+--------+--------+--------+

* Register list:
+-------------------+--------+
|                   |   FF   |
+-------------------+--------+
|   empty_reg_615   |    6   |
|local_C1_10_reg_681|   32   |
|local_C1_11_reg_687|   32   |
|local_C1_12_reg_693|   32   |
|local_C1_13_reg_699|   32   |
|local_C1_14_reg_705|   32   |
|local_C1_15_reg_711|   32   |
|local_C1_16_reg_717|   32   |
|local_C1_17_reg_723|   32   |
|local_C1_18_reg_729|   32   |
|local_C1_19_reg_735|   32   |
| local_C1_1_reg_627|   32   |
|local_C1_20_reg_741|   32   |
|local_C1_21_reg_747|   32   |
|local_C1_22_reg_753|   32   |
|local_C1_23_reg_759|   32   |
|local_C1_24_reg_765|   32   |
|local_C1_25_reg_771|   32   |
|local_C1_26_reg_777|   32   |
|local_C1_27_reg_783|   32   |
|local_C1_28_reg_789|   32   |
|local_C1_29_reg_795|   32   |
| local_C1_2_reg_633|   32   |
|local_C1_30_reg_801|   32   |
|local_C1_31_reg_807|   32   |
|local_C1_32_reg_813|   32   |
|local_C1_33_reg_819|   32   |
|local_C1_34_reg_825|   32   |
|local_C1_35_reg_831|   32   |
|local_C1_36_reg_837|   32   |
|local_C1_37_reg_843|   32   |
|local_C1_38_reg_849|   32   |
|local_C1_39_reg_855|   32   |
| local_C1_3_reg_639|   32   |
|local_C1_40_reg_861|   32   |
|local_C1_41_reg_867|   32   |
|local_C1_42_reg_873|   32   |
|local_C1_43_reg_879|   32   |
|local_C1_44_reg_885|   32   |
|local_C1_45_reg_891|   32   |
|local_C1_46_reg_897|   32   |
|local_C1_47_reg_903|   32   |
|local_C1_48_reg_909|   32   |
|local_C1_49_reg_915|   32   |
| local_C1_4_reg_645|   32   |
|local_C1_50_reg_921|   32   |
|local_C1_51_reg_927|   32   |
|local_C1_52_reg_933|   32   |
|local_C1_53_reg_939|   32   |
|local_C1_54_reg_945|   32   |
|local_C1_55_reg_951|   32   |
|local_C1_56_reg_957|   32   |
|local_C1_57_reg_963|   32   |
|local_C1_58_reg_969|   32   |
|local_C1_59_reg_975|   32   |
| local_C1_5_reg_651|   32   |
|local_C1_60_reg_981|   32   |
|local_C1_61_reg_987|   32   |
|local_C1_62_reg_993|   32   |
|local_C1_63_reg_999|   32   |
| local_C1_6_reg_657|   32   |
| local_C1_7_reg_663|   32   |
| local_C1_8_reg_669|   32   |
| local_C1_9_reg_675|   32   |
|  local_C1_reg_621 |   32   |
|  mi1_c_i_reg_1005 |    7   |
|  mi1_read_reg_610 |    7   |
|  ni1_c_i_reg_1011 |    6   |
+-------------------+--------+
|       Total       |  2074  |
+-------------------+--------+

* Multiplexer (MUX) list: 
|-------------------------------------------------------------------|------|------|------|--------||---------||---------|
|                                Comp                               |  Pin | Size |  BW  | S x BW ||  Delay  ||   LUT   |
|-------------------------------------------------------------------|------|------|------|--------||---------||---------|
| grp_dataflow_in_loop_l_ni1_Loop_l_load_A_tile_ak1_proc4426_fu_398 |  p9  |   2  |   6  |   12   ||    9    |
| grp_dataflow_in_loop_l_ni1_Loop_l_load_A_tile_ak1_proc4426_fu_398 |  p10 |   2  |   7  |   14   ||    9    |
| grp_dataflow_in_loop_l_ni1_Loop_l_load_B_tile_bk1_proc4527_fu_425 |  p9  |   2  |   6  |   12   ||    9    |
|-------------------------------------------------------------------|------|------|------|--------||---------||---------|
|                               Total                               |      |      |      |   38   ||  1.161  ||    27   |
|-------------------------------------------------------------------|------|------|------|--------||---------||---------|



* Summary:
+-----------+--------+--------+--------+--------+--------+--------+
|           |  BRAM  |   DSP  |  Delay |   FF   |   LUT  |  URAM  |
+-----------+--------+--------+--------+--------+--------+--------+
|  Function |    -   |   320  |   107  |  38087 |  24918 |    -   |
|   Memory  |   32   |    -   |    -   |    0   |    0   |    0   |
|Multiplexer|    -   |    -   |    1   |    -   |   27   |    -   |
|  Register |    -   |    -   |    -   |  2074  |    -   |    -   |
+-----------+--------+--------+--------+--------+--------+--------+
|   Total   |   32   |   320  |   108  |  40161 |  24945 |    0   |
+-----------+--------+--------+--------+--------+--------+--------+
