

================================================================
== Vitis HLS Report for 'dataflow_in_loop_l_ni1_Loop_l_store_C_tile_sj1_proc47'
================================================================
* Date:           Mon Feb 17 20:38:02 2025

* Version:        2023.2 (Build 4023990 on Oct 11 2023)
* Project:        DitBlock
* Solution:       hls (Vivado IP Flow Target)
* Product family: virtexuplusHBM
* Target device:  xcu280-fsvh2892-2L-e


================================================================
== Performance Estimates
================================================================
+ Timing: 
    * Summary: 
    +--------+----------+----------+------------+
    |  Clock |  Target  | Estimated| Uncertainty|
    +--------+----------+----------+------------+
    |ap_clk  |  10.00 ns|  5.638 ns|     2.70 ns|
    +--------+----------+----------+------------+

+ Latency: 
    * Summary: 
    +---------+---------+----------+----------+-----+-----+---------+
    |  Latency (cycles) |  Latency (absolute) |  Interval | Pipeline|
    |   min   |   max   |    min   |    max   | min | max |   Type  |
    +---------+---------+----------+----------+-----+-----+---------+
    |       67|       67|  0.670 us|  0.670 us|   67|   67|       no|
    +---------+---------+----------+----------+-----+-----+---------+

    + Detail: 
        * Instance: 
        +---------------------------------------------------------------------------------------------+----------------------------------------------------------------------------------+---------+---------+----------+----------+-----+-----+---------+
        |                                                                                             |                                                                                  |  Latency (cycles) |  Latency (absolute) |  Interval | Pipeline|
        |                                           Instance                                          |                                      Module                                      |   min   |   max   |    min   |    max   | min | max |   Type  |
        +---------------------------------------------------------------------------------------------+----------------------------------------------------------------------------------+---------+---------+----------+----------+-----+-----+---------+
        |grp_dataflow_in_loop_l_ni1_Loop_l_store_C_tile_sj1_proc47_Pipeline_l_store_C_tile_sj_fu_568  |dataflow_in_loop_l_ni1_Loop_l_store_C_tile_sj1_proc47_Pipeline_l_store_C_tile_sj  |       66|       66|  0.660 us|  0.660 us|   66|   66|       no|
        +---------------------------------------------------------------------------------------------+----------------------------------------------------------------------------------+---------+---------+----------+----------+-----+-----+---------+

        * Loop: 
        N/A



================================================================
== Utilization Estimates
================================================================
* Summary: 
+---------------------+---------+------+---------+---------+-----+
|         Name        | BRAM_18K|  DSP |    FF   |   LUT   | URAM|
+---------------------+---------+------+---------+---------+-----+
|DSP                  |        -|     -|        -|        -|    -|
|Expression           |        -|     -|        0|        2|    -|
|FIFO                 |        -|     -|        -|        -|    -|
|Instance             |        -|     -|       17|      583|    -|
|Memory               |        -|     -|        -|        -|    -|
|Multiplexer          |        -|     -|        -|       41|    -|
|Register             |        -|     -|       17|        -|    -|
+---------------------+---------+------+---------+---------+-----+
|Total                |        0|     0|       34|      626|    0|
+---------------------+---------+------+---------+---------+-----+
|Available SLR        |     1344|  3008|   869120|   434560|  320|
+---------------------+---------+------+---------+---------+-----+
|Utilization SLR (%)  |        0|     0|       ~0|       ~0|    0|
+---------------------+---------+------+---------+---------+-----+
|Available            |     4032|  9024|  2607360|  1303680|  960|
+---------------------+---------+------+---------+---------+-----+
|Utilization (%)      |        0|     0|       ~0|       ~0|    0|
+---------------------+---------+------+---------+---------+-----+

+ Detail: 
    * Instance: 
    +---------------------------------------------------------------------------------------------+----------------------------------------------------------------------------------+---------+----+----+-----+-----+
    |                                           Instance                                          |                                      Module                                      | BRAM_18K| DSP| FF | LUT | URAM|
    +---------------------------------------------------------------------------------------------+----------------------------------------------------------------------------------+---------+----+----+-----+-----+
    |grp_dataflow_in_loop_l_ni1_Loop_l_store_C_tile_sj1_proc47_Pipeline_l_store_C_tile_sj_fu_568  |dataflow_in_loop_l_ni1_Loop_l_store_C_tile_sj1_proc47_Pipeline_l_store_C_tile_sj  |        0|   0|  17|  583|    0|
    +---------------------------------------------------------------------------------------------+----------------------------------------------------------------------------------+---------+----+----+-----+-----+
    |Total                                                                                        |                                                                                  |        0|   0|  17|  583|    0|
    +---------------------------------------------------------------------------------------------+----------------------------------------------------------------------------------+---------+----+----+-----+-----+

    * DSP: 
    N/A

    * Memory: 
    N/A

    * FIFO: 
    N/A

    * Expression: 
    +-----------------+----------+----+---+----+------------+------------+
    |  Variable Name  | Operation| DSP| FF| LUT| Bitwidth P0| Bitwidth P1|
    +-----------------+----------+----+---+----+------------+------------+
    |ap_block_state1  |        or|   0|  0|   2|           1|           1|
    +-----------------+----------+----+---+----+------------+------------+
    |Total            |          |   0|  0|   2|           1|           1|
    +-----------------+----------+----+---+----+------------+------------+

    * Multiplexer: 
    +-----------+----+-----------+-----+-----------+
    |    Name   | LUT| Input Size| Bits| Total Bits|
    +-----------+----+-----------+-----+-----------+
    |ap_NS_fsm  |  14|          3|    1|          3|
    |ap_done    |   9|          2|    1|          2|
    |mi1_blk_n  |   9|          2|    1|          2|
    |ni1_blk_n  |   9|          2|    1|          2|
    +-----------+----+-----------+-----+-----------+
    |Total      |  41|          9|    4|          9|
    +-----------+----+-----------+-----+-----------+

    * Register: 
    +----------------------------------------------------------------------------------------------------------+---+----+-----+-----------+
    |                                                   Name                                                   | FF| LUT| Bits| Const Bits|
    +----------------------------------------------------------------------------------------------------------+---+----+-----+-----------+
    |ap_CS_fsm                                                                                                 |  2|   0|    2|          0|
    |ap_done_reg                                                                                               |  1|   0|    1|          0|
    |grp_dataflow_in_loop_l_ni1_Loop_l_store_C_tile_sj1_proc47_Pipeline_l_store_C_tile_sj_fu_568_ap_start_reg  |  1|   0|    1|          0|
    |tmp_reg_722                                                                                               |  7|   0|   10|          3|
    |tmp_s_reg_727                                                                                             |  6|   0|    9|          3|
    +----------------------------------------------------------------------------------------------------------+---+----+-----+-----------+
    |Total                                                                                                     | 17|   0|   23|          6|
    +----------------------------------------------------------------------------------------------------------+---+----+-----+-----------+



================================================================
== Interface
================================================================
* Summary: 
+--------------------+-----+-----+------------+-------------------------------------------------------+--------------+
|      RTL Ports     | Dir | Bits|  Protocol  |                     Source Object                     |    C Type    |
+--------------------+-----+-----+------------+-------------------------------------------------------+--------------+
|ap_clk              |   in|    1|  ap_ctrl_hs|  dataflow_in_loop_l_ni1_Loop_l_store_C_tile_sj1_proc47|  return value|
|ap_rst              |   in|    1|  ap_ctrl_hs|  dataflow_in_loop_l_ni1_Loop_l_store_C_tile_sj1_proc47|  return value|
|ap_start            |   in|    1|  ap_ctrl_hs|  dataflow_in_loop_l_ni1_Loop_l_store_C_tile_sj1_proc47|  return value|
|ap_done             |  out|    1|  ap_ctrl_hs|  dataflow_in_loop_l_ni1_Loop_l_store_C_tile_sj1_proc47|  return value|
|ap_continue         |   in|    1|  ap_ctrl_hs|  dataflow_in_loop_l_ni1_Loop_l_store_C_tile_sj1_proc47|  return value|
|ap_idle             |  out|    1|  ap_ctrl_hs|  dataflow_in_loop_l_ni1_Loop_l_store_C_tile_sj1_proc47|  return value|
|ap_ready            |  out|    1|  ap_ctrl_hs|  dataflow_in_loop_l_ni1_Loop_l_store_C_tile_sj1_proc47|  return value|
|ni1_dout            |   in|    6|     ap_fifo|                                                    ni1|       pointer|
|ni1_num_data_valid  |   in|    3|     ap_fifo|                                                    ni1|       pointer|
|ni1_fifo_cap        |   in|    3|     ap_fifo|                                                    ni1|       pointer|
|ni1_empty_n         |   in|    1|     ap_fifo|                                                    ni1|       pointer|
|ni1_read            |  out|    1|     ap_fifo|                                                    ni1|       pointer|
|local_C1_63_i       |   in|   32|     ap_none|                                          local_C1_63_i|       pointer|
|local_C1_62_i       |   in|   32|     ap_none|                                          local_C1_62_i|       pointer|
|local_C1_61_i       |   in|   32|     ap_none|                                          local_C1_61_i|       pointer|
|local_C1_60_i       |   in|   32|     ap_none|                                          local_C1_60_i|       pointer|
|local_C1_59_i       |   in|   32|     ap_none|                                          local_C1_59_i|       pointer|
|local_C1_58_i       |   in|   32|     ap_none|                                          local_C1_58_i|       pointer|
|local_C1_57_i       |   in|   32|     ap_none|                                          local_C1_57_i|       pointer|
|local_C1_56_i       |   in|   32|     ap_none|                                          local_C1_56_i|       pointer|
|local_C1_55_i       |   in|   32|     ap_none|                                          local_C1_55_i|       pointer|
|local_C1_54_i       |   in|   32|     ap_none|                                          local_C1_54_i|       pointer|
|local_C1_53_i       |   in|   32|     ap_none|                                          local_C1_53_i|       pointer|
|local_C1_52_i       |   in|   32|     ap_none|                                          local_C1_52_i|       pointer|
|local_C1_51_i       |   in|   32|     ap_none|                                          local_C1_51_i|       pointer|
|local_C1_50_i       |   in|   32|     ap_none|                                          local_C1_50_i|       pointer|
|local_C1_49_i       |   in|   32|     ap_none|                                          local_C1_49_i|       pointer|
|local_C1_48_i       |   in|   32|     ap_none|                                          local_C1_48_i|       pointer|
|local_C1_47_i       |   in|   32|     ap_none|                                          local_C1_47_i|       pointer|
|local_C1_46_i       |   in|   32|     ap_none|                                          local_C1_46_i|       pointer|
|local_C1_45_i       |   in|   32|     ap_none|                                          local_C1_45_i|       pointer|
|local_C1_44_i       |   in|   32|     ap_none|                                          local_C1_44_i|       pointer|
|local_C1_43_i       |   in|   32|     ap_none|                                          local_C1_43_i|       pointer|
|local_C1_42_i       |   in|   32|     ap_none|                                          local_C1_42_i|       pointer|
|local_C1_41_i       |   in|   32|     ap_none|                                          local_C1_41_i|       pointer|
|local_C1_40_i       |   in|   32|     ap_none|                                          local_C1_40_i|       pointer|
|local_C1_39_i       |   in|   32|     ap_none|                                          local_C1_39_i|       pointer|
|local_C1_38_i       |   in|   32|     ap_none|                                          local_C1_38_i|       pointer|
|local_C1_37_i       |   in|   32|     ap_none|                                          local_C1_37_i|       pointer|
|local_C1_36_i       |   in|   32|     ap_none|                                          local_C1_36_i|       pointer|
|local_C1_35_i       |   in|   32|     ap_none|                                          local_C1_35_i|       pointer|
|local_C1_34_i       |   in|   32|     ap_none|                                          local_C1_34_i|       pointer|
|local_C1_33_i       |   in|   32|     ap_none|                                          local_C1_33_i|       pointer|
|local_C1_32_i       |   in|   32|     ap_none|                                          local_C1_32_i|       pointer|
|local_C1_31_i       |   in|   32|     ap_none|                                          local_C1_31_i|       pointer|
|local_C1_30_i       |   in|   32|     ap_none|                                          local_C1_30_i|       pointer|
|local_C1_29_i       |   in|   32|     ap_none|                                          local_C1_29_i|       pointer|
|local_C1_28_i       |   in|   32|     ap_none|                                          local_C1_28_i|       pointer|
|local_C1_27_i       |   in|   32|     ap_none|                                          local_C1_27_i|       pointer|
|local_C1_26_i       |   in|   32|     ap_none|                                          local_C1_26_i|       pointer|
|local_C1_25_i       |   in|   32|     ap_none|                                          local_C1_25_i|       pointer|
|local_C1_24_i       |   in|   32|     ap_none|                                          local_C1_24_i|       pointer|
|local_C1_23_i       |   in|   32|     ap_none|                                          local_C1_23_i|       pointer|
|local_C1_22_i       |   in|   32|     ap_none|                                          local_C1_22_i|       pointer|
|local_C1_21_i       |   in|   32|     ap_none|                                          local_C1_21_i|       pointer|
|local_C1_20_i       |   in|   32|     ap_none|                                          local_C1_20_i|       pointer|
|local_C1_19_i       |   in|   32|     ap_none|                                          local_C1_19_i|       pointer|
|local_C1_18_i       |   in|   32|     ap_none|                                          local_C1_18_i|       pointer|
|local_C1_17_i       |   in|   32|     ap_none|                                          local_C1_17_i|       pointer|
|local_C1_16_i       |   in|   32|     ap_none|                                          local_C1_16_i|       pointer|
|local_C1_15_i       |   in|   32|     ap_none|                                          local_C1_15_i|       pointer|
|local_C1_14_i       |   in|   32|     ap_none|                                          local_C1_14_i|       pointer|
|local_C1_13_i       |   in|   32|     ap_none|                                          local_C1_13_i|       pointer|
|local_C1_12_i       |   in|   32|     ap_none|                                          local_C1_12_i|       pointer|
|local_C1_11_i       |   in|   32|     ap_none|                                          local_C1_11_i|       pointer|
|local_C1_10_i       |   in|   32|     ap_none|                                          local_C1_10_i|       pointer|
|local_C1_9_i        |   in|   32|     ap_none|                                           local_C1_9_i|       pointer|
|local_C1_8_i        |   in|   32|     ap_none|                                           local_C1_8_i|       pointer|
|local_C1_7_i        |   in|   32|     ap_none|                                           local_C1_7_i|       pointer|
|local_C1_6_i        |   in|   32|     ap_none|                                           local_C1_6_i|       pointer|
|local_C1_5_i        |   in|   32|     ap_none|                                           local_C1_5_i|       pointer|
|local_C1_4_i        |   in|   32|     ap_none|                                           local_C1_4_i|       pointer|
|local_C1_3_i        |   in|   32|     ap_none|                                           local_C1_3_i|       pointer|
|local_C1_2_i        |   in|   32|     ap_none|                                           local_C1_2_i|       pointer|
|local_C1_1_i        |   in|   32|     ap_none|                                           local_C1_1_i|       pointer|
|local_C1_i          |   in|   32|     ap_none|                                             local_C1_i|       pointer|
|mi1_dout            |   in|    7|     ap_fifo|                                                    mi1|       pointer|
|mi1_num_data_valid  |   in|    3|     ap_fifo|                                                    mi1|       pointer|
|mi1_fifo_cap        |   in|    3|     ap_fifo|                                                    mi1|       pointer|
|mi1_empty_n         |   in|    1|     ap_fifo|                                                    mi1|       pointer|
|mi1_read            |  out|    1|     ap_fifo|                                                    mi1|       pointer|
|v1933_address1      |  out|   19|   ap_memory|                                                  v1933|         array|
|v1933_ce1           |  out|    1|   ap_memory|                                                  v1933|         array|
|v1933_we1           |  out|    1|   ap_memory|                                                  v1933|         array|
|v1933_d1            |  out|   32|   ap_memory|                                                  v1933|         array|
+--------------------+-----+-----+------------+-------------------------------------------------------+--------------+

============================================================
+ Verbose Summary: Synthesis Manager
============================================================
InlineROM: 1
ExposeGlobal: 0
============================================================
+ Verbose Summary: CDFG Model
============================================================
IsTopModel: 0
ResetActiveHigh: 1
IsCombinational: 2
IsDatapathOnly: 0
HasWiredReturn: 1
HasMFsm: 0
HasVarLatency: 1
IsPipeline: 0
IsRtlPipelined: 0
IsInstanceOverlapped: 0
IsDontTouch: 0
HasImplIP: 0
IsGatedGlobalClock: 0


============================================================
+ Verbose Summary: Schedule
============================================================
* Number of FSM states : 2
* Pipeline : 0
* Dataflow Pipeline: 0

* FSM state transitions: 
1 --> 2 
2 --> 

* FSM state operations: 

State 1 <SV = 0> <Delay = 5.62>
ST_1 : Operation 3 [1/1] (1.36ns)   --->   "%mi1_read = read i7 @_ssdm_op_Read.ap_fifo.i7P0A, i7 %mi1"   --->   Operation 3 'read' 'mi1_read' <Predicate = true> <Delay = 1.36> <CoreInst = "FIFO_SRL">   --->   Core 81 'FIFO_SRL' <Latency = 0> <II = 1> <Delay = 1.36> <Storage> <Opcode : 'read' 'write' 'nbread' 'nbwrite'> <Ports = 0> <Width = 7> <Depth = 3> <FIFO>
ST_1 : Operation 4 [1/1] (1.36ns)   --->   "%ni1_read = read i6 @_ssdm_op_Read.ap_fifo.i6P0A, i6 %ni1"   --->   Operation 4 'read' 'ni1_read' <Predicate = true> <Delay = 1.36> <CoreInst = "FIFO_SRL">   --->   Core 81 'FIFO_SRL' <Latency = 0> <II = 1> <Delay = 1.36> <Storage> <Opcode : 'read' 'write' 'nbread' 'nbwrite'> <Ports = 0> <Width = 6> <Depth = 3> <FIFO>
ST_1 : Operation 5 [1/1] (0.00ns)   --->   "%tmp = bitconcatenate i10 @_ssdm_op_BitConcatenate.i10.i7.i3, i7 %mi1_read, i3 0"   --->   Operation 5 'bitconcatenate' 'tmp' <Predicate = true> <Delay = 0.00>
ST_1 : Operation 6 [1/1] (0.00ns)   --->   "%tmp_s = bitconcatenate i9 @_ssdm_op_BitConcatenate.i9.i6.i3, i6 %ni1_read, i3 0"   --->   Operation 6 'bitconcatenate' 'tmp_s' <Predicate = true> <Delay = 0.00>
ST_1 : Operation 7 [1/1] (1.42ns)   --->   "%local_C1_63_i_read = read i32 @_ssdm_op_Read.ap_auto.floatP0A, i32 %local_C1_63_i"   --->   Operation 7 'read' 'local_C1_63_i_read' <Predicate = true> <Delay = 1.42> <CoreInst = "FIFO_SRL">   --->   Core 81 'FIFO_SRL' <Latency = 0> <II = 1> <Delay = 1.42> <Storage> <Opcode : 'read' 'write' 'nbread' 'nbwrite'> <Ports = 0> <Width = -1> <Depth = -1> <FIFO>
ST_1 : Operation 8 [1/1] (1.42ns)   --->   "%local_C1_62_i_read = read i32 @_ssdm_op_Read.ap_auto.floatP0A, i32 %local_C1_62_i"   --->   Operation 8 'read' 'local_C1_62_i_read' <Predicate = true> <Delay = 1.42> <CoreInst = "FIFO_SRL">   --->   Core 81 'FIFO_SRL' <Latency = 0> <II = 1> <Delay = 1.42> <Storage> <Opcode : 'read' 'write' 'nbread' 'nbwrite'> <Ports = 0> <Width = -1> <Depth = -1> <FIFO>
ST_1 : Operation 9 [1/1] (1.42ns)   --->   "%local_C1_61_i_read = read i32 @_ssdm_op_Read.ap_auto.floatP0A, i32 %local_C1_61_i"   --->   Operation 9 'read' 'local_C1_61_i_read' <Predicate = true> <Delay = 1.42> <CoreInst = "FIFO_SRL">   --->   Core 81 'FIFO_SRL' <Latency = 0> <II = 1> <Delay = 1.42> <Storage> <Opcode : 'read' 'write' 'nbread' 'nbwrite'> <Ports = 0> <Width = -1> <Depth = -1> <FIFO>
ST_1 : Operation 10 [1/1] (1.42ns)   --->   "%local_C1_60_i_read = read i32 @_ssdm_op_Read.ap_auto.floatP0A, i32 %local_C1_60_i"   --->   Operation 10 'read' 'local_C1_60_i_read' <Predicate = true> <Delay = 1.42> <CoreInst = "FIFO_SRL">   --->   Core 81 'FIFO_SRL' <Latency = 0> <II = 1> <Delay = 1.42> <Storage> <Opcode : 'read' 'write' 'nbread' 'nbwrite'> <Ports = 0> <Width = -1> <Depth = -1> <FIFO>
ST_1 : Operation 11 [1/1] (1.42ns)   --->   "%local_C1_59_i_read = read i32 @_ssdm_op_Read.ap_auto.floatP0A, i32 %local_C1_59_i"   --->   Operation 11 'read' 'local_C1_59_i_read' <Predicate = true> <Delay = 1.42> <CoreInst = "FIFO_SRL">   --->   Core 81 'FIFO_SRL' <Latency = 0> <II = 1> <Delay = 1.42> <Storage> <Opcode : 'read' 'write' 'nbread' 'nbwrite'> <Ports = 0> <Width = -1> <Depth = -1> <FIFO>
ST_1 : Operation 12 [1/1] (1.42ns)   --->   "%local_C1_58_i_read = read i32 @_ssdm_op_Read.ap_auto.floatP0A, i32 %local_C1_58_i"   --->   Operation 12 'read' 'local_C1_58_i_read' <Predicate = true> <Delay = 1.42> <CoreInst = "FIFO_SRL">   --->   Core 81 'FIFO_SRL' <Latency = 0> <II = 1> <Delay = 1.42> <Storage> <Opcode : 'read' 'write' 'nbread' 'nbwrite'> <Ports = 0> <Width = -1> <Depth = -1> <FIFO>
ST_1 : Operation 13 [1/1] (1.42ns)   --->   "%local_C1_57_i_read = read i32 @_ssdm_op_Read.ap_auto.floatP0A, i32 %local_C1_57_i"   --->   Operation 13 'read' 'local_C1_57_i_read' <Predicate = true> <Delay = 1.42> <CoreInst = "FIFO_SRL">   --->   Core 81 'FIFO_SRL' <Latency = 0> <II = 1> <Delay = 1.42> <Storage> <Opcode : 'read' 'write' 'nbread' 'nbwrite'> <Ports = 0> <Width = -1> <Depth = -1> <FIFO>
ST_1 : Operation 14 [1/1] (1.42ns)   --->   "%local_C1_56_i_read = read i32 @_ssdm_op_Read.ap_auto.floatP0A, i32 %local_C1_56_i"   --->   Operation 14 'read' 'local_C1_56_i_read' <Predicate = true> <Delay = 1.42> <CoreInst = "FIFO_SRL">   --->   Core 81 'FIFO_SRL' <Latency = 0> <II = 1> <Delay = 1.42> <Storage> <Opcode : 'read' 'write' 'nbread' 'nbwrite'> <Ports = 0> <Width = -1> <Depth = -1> <FIFO>
ST_1 : Operation 15 [1/1] (1.42ns)   --->   "%local_C1_55_i_read = read i32 @_ssdm_op_Read.ap_auto.floatP0A, i32 %local_C1_55_i"   --->   Operation 15 'read' 'local_C1_55_i_read' <Predicate = true> <Delay = 1.42> <CoreInst = "FIFO_SRL">   --->   Core 81 'FIFO_SRL' <Latency = 0> <II = 1> <Delay = 1.42> <Storage> <Opcode : 'read' 'write' 'nbread' 'nbwrite'> <Ports = 0> <Width = -1> <Depth = -1> <FIFO>
ST_1 : Operation 16 [1/1] (1.42ns)   --->   "%local_C1_54_i_read = read i32 @_ssdm_op_Read.ap_auto.floatP0A, i32 %local_C1_54_i"   --->   Operation 16 'read' 'local_C1_54_i_read' <Predicate = true> <Delay = 1.42> <CoreInst = "FIFO_SRL">   --->   Core 81 'FIFO_SRL' <Latency = 0> <II = 1> <Delay = 1.42> <Storage> <Opcode : 'read' 'write' 'nbread' 'nbwrite'> <Ports = 0> <Width = -1> <Depth = -1> <FIFO>
ST_1 : Operation 17 [1/1] (1.42ns)   --->   "%local_C1_53_i_read = read i32 @_ssdm_op_Read.ap_auto.floatP0A, i32 %local_C1_53_i"   --->   Operation 17 'read' 'local_C1_53_i_read' <Predicate = true> <Delay = 1.42> <CoreInst = "FIFO_SRL">   --->   Core 81 'FIFO_SRL' <Latency = 0> <II = 1> <Delay = 1.42> <Storage> <Opcode : 'read' 'write' 'nbread' 'nbwrite'> <Ports = 0> <Width = -1> <Depth = -1> <FIFO>
ST_1 : Operation 18 [1/1] (1.42ns)   --->   "%local_C1_52_i_read = read i32 @_ssdm_op_Read.ap_auto.floatP0A, i32 %local_C1_52_i"   --->   Operation 18 'read' 'local_C1_52_i_read' <Predicate = true> <Delay = 1.42> <CoreInst = "FIFO_SRL">   --->   Core 81 'FIFO_SRL' <Latency = 0> <II = 1> <Delay = 1.42> <Storage> <Opcode : 'read' 'write' 'nbread' 'nbwrite'> <Ports = 0> <Width = -1> <Depth = -1> <FIFO>
ST_1 : Operation 19 [1/1] (1.42ns)   --->   "%local_C1_51_i_read = read i32 @_ssdm_op_Read.ap_auto.floatP0A, i32 %local_C1_51_i"   --->   Operation 19 'read' 'local_C1_51_i_read' <Predicate = true> <Delay = 1.42> <CoreInst = "FIFO_SRL">   --->   Core 81 'FIFO_SRL' <Latency = 0> <II = 1> <Delay = 1.42> <Storage> <Opcode : 'read' 'write' 'nbread' 'nbwrite'> <Ports = 0> <Width = -1> <Depth = -1> <FIFO>
ST_1 : Operation 20 [1/1] (1.42ns)   --->   "%local_C1_50_i_read = read i32 @_ssdm_op_Read.ap_auto.floatP0A, i32 %local_C1_50_i"   --->   Operation 20 'read' 'local_C1_50_i_read' <Predicate = true> <Delay = 1.42> <CoreInst = "FIFO_SRL">   --->   Core 81 'FIFO_SRL' <Latency = 0> <II = 1> <Delay = 1.42> <Storage> <Opcode : 'read' 'write' 'nbread' 'nbwrite'> <Ports = 0> <Width = -1> <Depth = -1> <FIFO>
ST_1 : Operation 21 [1/1] (1.42ns)   --->   "%local_C1_49_i_read = read i32 @_ssdm_op_Read.ap_auto.floatP0A, i32 %local_C1_49_i"   --->   Operation 21 'read' 'local_C1_49_i_read' <Predicate = true> <Delay = 1.42> <CoreInst = "FIFO_SRL">   --->   Core 81 'FIFO_SRL' <Latency = 0> <II = 1> <Delay = 1.42> <Storage> <Opcode : 'read' 'write' 'nbread' 'nbwrite'> <Ports = 0> <Width = -1> <Depth = -1> <FIFO>
ST_1 : Operation 22 [1/1] (1.42ns)   --->   "%local_C1_48_i_read = read i32 @_ssdm_op_Read.ap_auto.floatP0A, i32 %local_C1_48_i"   --->   Operation 22 'read' 'local_C1_48_i_read' <Predicate = true> <Delay = 1.42> <CoreInst = "FIFO_SRL">   --->   Core 81 'FIFO_SRL' <Latency = 0> <II = 1> <Delay = 1.42> <Storage> <Opcode : 'read' 'write' 'nbread' 'nbwrite'> <Ports = 0> <Width = -1> <Depth = -1> <FIFO>
ST_1 : Operation 23 [1/1] (1.42ns)   --->   "%local_C1_47_i_read = read i32 @_ssdm_op_Read.ap_auto.floatP0A, i32 %local_C1_47_i"   --->   Operation 23 'read' 'local_C1_47_i_read' <Predicate = true> <Delay = 1.42> <CoreInst = "FIFO_SRL">   --->   Core 81 'FIFO_SRL' <Latency = 0> <II = 1> <Delay = 1.42> <Storage> <Opcode : 'read' 'write' 'nbread' 'nbwrite'> <Ports = 0> <Width = -1> <Depth = -1> <FIFO>
ST_1 : Operation 24 [1/1] (1.42ns)   --->   "%local_C1_46_i_read = read i32 @_ssdm_op_Read.ap_auto.floatP0A, i32 %local_C1_46_i"   --->   Operation 24 'read' 'local_C1_46_i_read' <Predicate = true> <Delay = 1.42> <CoreInst = "FIFO_SRL">   --->   Core 81 'FIFO_SRL' <Latency = 0> <II = 1> <Delay = 1.42> <Storage> <Opcode : 'read' 'write' 'nbread' 'nbwrite'> <Ports = 0> <Width = -1> <Depth = -1> <FIFO>
ST_1 : Operation 25 [1/1] (1.42ns)   --->   "%local_C1_45_i_read = read i32 @_ssdm_op_Read.ap_auto.floatP0A, i32 %local_C1_45_i"   --->   Operation 25 'read' 'local_C1_45_i_read' <Predicate = true> <Delay = 1.42> <CoreInst = "FIFO_SRL">   --->   Core 81 'FIFO_SRL' <Latency = 0> <II = 1> <Delay = 1.42> <Storage> <Opcode : 'read' 'write' 'nbread' 'nbwrite'> <Ports = 0> <Width = -1> <Depth = -1> <FIFO>
ST_1 : Operation 26 [1/1] (1.42ns)   --->   "%local_C1_44_i_read = read i32 @_ssdm_op_Read.ap_auto.floatP0A, i32 %local_C1_44_i"   --->   Operation 26 'read' 'local_C1_44_i_read' <Predicate = true> <Delay = 1.42> <CoreInst = "FIFO_SRL">   --->   Core 81 'FIFO_SRL' <Latency = 0> <II = 1> <Delay = 1.42> <Storage> <Opcode : 'read' 'write' 'nbread' 'nbwrite'> <Ports = 0> <Width = -1> <Depth = -1> <FIFO>
ST_1 : Operation 27 [1/1] (1.42ns)   --->   "%local_C1_43_i_read = read i32 @_ssdm_op_Read.ap_auto.floatP0A, i32 %local_C1_43_i"   --->   Operation 27 'read' 'local_C1_43_i_read' <Predicate = true> <Delay = 1.42> <CoreInst = "FIFO_SRL">   --->   Core 81 'FIFO_SRL' <Latency = 0> <II = 1> <Delay = 1.42> <Storage> <Opcode : 'read' 'write' 'nbread' 'nbwrite'> <Ports = 0> <Width = -1> <Depth = -1> <FIFO>
ST_1 : Operation 28 [1/1] (1.42ns)   --->   "%local_C1_42_i_read = read i32 @_ssdm_op_Read.ap_auto.floatP0A, i32 %local_C1_42_i"   --->   Operation 28 'read' 'local_C1_42_i_read' <Predicate = true> <Delay = 1.42> <CoreInst = "FIFO_SRL">   --->   Core 81 'FIFO_SRL' <Latency = 0> <II = 1> <Delay = 1.42> <Storage> <Opcode : 'read' 'write' 'nbread' 'nbwrite'> <Ports = 0> <Width = -1> <Depth = -1> <FIFO>
ST_1 : Operation 29 [1/1] (1.42ns)   --->   "%local_C1_41_i_read = read i32 @_ssdm_op_Read.ap_auto.floatP0A, i32 %local_C1_41_i"   --->   Operation 29 'read' 'local_C1_41_i_read' <Predicate = true> <Delay = 1.42> <CoreInst = "FIFO_SRL">   --->   Core 81 'FIFO_SRL' <Latency = 0> <II = 1> <Delay = 1.42> <Storage> <Opcode : 'read' 'write' 'nbread' 'nbwrite'> <Ports = 0> <Width = -1> <Depth = -1> <FIFO>
ST_1 : Operation 30 [1/1] (1.42ns)   --->   "%local_C1_40_i_read = read i32 @_ssdm_op_Read.ap_auto.floatP0A, i32 %local_C1_40_i"   --->   Operation 30 'read' 'local_C1_40_i_read' <Predicate = true> <Delay = 1.42> <CoreInst = "FIFO_SRL">   --->   Core 81 'FIFO_SRL' <Latency = 0> <II = 1> <Delay = 1.42> <Storage> <Opcode : 'read' 'write' 'nbread' 'nbwrite'> <Ports = 0> <Width = -1> <Depth = -1> <FIFO>
ST_1 : Operation 31 [1/1] (1.42ns)   --->   "%local_C1_39_i_read = read i32 @_ssdm_op_Read.ap_auto.floatP0A, i32 %local_C1_39_i"   --->   Operation 31 'read' 'local_C1_39_i_read' <Predicate = true> <Delay = 1.42> <CoreInst = "FIFO_SRL">   --->   Core 81 'FIFO_SRL' <Latency = 0> <II = 1> <Delay = 1.42> <Storage> <Opcode : 'read' 'write' 'nbread' 'nbwrite'> <Ports = 0> <Width = -1> <Depth = -1> <FIFO>
ST_1 : Operation 32 [1/1] (1.42ns)   --->   "%local_C1_38_i_read = read i32 @_ssdm_op_Read.ap_auto.floatP0A, i32 %local_C1_38_i"   --->   Operation 32 'read' 'local_C1_38_i_read' <Predicate = true> <Delay = 1.42> <CoreInst = "FIFO_SRL">   --->   Core 81 'FIFO_SRL' <Latency = 0> <II = 1> <Delay = 1.42> <Storage> <Opcode : 'read' 'write' 'nbread' 'nbwrite'> <Ports = 0> <Width = -1> <Depth = -1> <FIFO>
ST_1 : Operation 33 [1/1] (1.42ns)   --->   "%local_C1_37_i_read = read i32 @_ssdm_op_Read.ap_auto.floatP0A, i32 %local_C1_37_i"   --->   Operation 33 'read' 'local_C1_37_i_read' <Predicate = true> <Delay = 1.42> <CoreInst = "FIFO_SRL">   --->   Core 81 'FIFO_SRL' <Latency = 0> <II = 1> <Delay = 1.42> <Storage> <Opcode : 'read' 'write' 'nbread' 'nbwrite'> <Ports = 0> <Width = -1> <Depth = -1> <FIFO>
ST_1 : Operation 34 [1/1] (1.42ns)   --->   "%local_C1_36_i_read = read i32 @_ssdm_op_Read.ap_auto.floatP0A, i32 %local_C1_36_i"   --->   Operation 34 'read' 'local_C1_36_i_read' <Predicate = true> <Delay = 1.42> <CoreInst = "FIFO_SRL">   --->   Core 81 'FIFO_SRL' <Latency = 0> <II = 1> <Delay = 1.42> <Storage> <Opcode : 'read' 'write' 'nbread' 'nbwrite'> <Ports = 0> <Width = -1> <Depth = -1> <FIFO>
ST_1 : Operation 35 [1/1] (1.42ns)   --->   "%local_C1_35_i_read = read i32 @_ssdm_op_Read.ap_auto.floatP0A, i32 %local_C1_35_i"   --->   Operation 35 'read' 'local_C1_35_i_read' <Predicate = true> <Delay = 1.42> <CoreInst = "FIFO_SRL">   --->   Core 81 'FIFO_SRL' <Latency = 0> <II = 1> <Delay = 1.42> <Storage> <Opcode : 'read' 'write' 'nbread' 'nbwrite'> <Ports = 0> <Width = -1> <Depth = -1> <FIFO>
ST_1 : Operation 36 [1/1] (1.42ns)   --->   "%local_C1_34_i_read = read i32 @_ssdm_op_Read.ap_auto.floatP0A, i32 %local_C1_34_i"   --->   Operation 36 'read' 'local_C1_34_i_read' <Predicate = true> <Delay = 1.42> <CoreInst = "FIFO_SRL">   --->   Core 81 'FIFO_SRL' <Latency = 0> <II = 1> <Delay = 1.42> <Storage> <Opcode : 'read' 'write' 'nbread' 'nbwrite'> <Ports = 0> <Width = -1> <Depth = -1> <FIFO>
ST_1 : Operation 37 [1/1] (1.42ns)   --->   "%local_C1_33_i_read = read i32 @_ssdm_op_Read.ap_auto.floatP0A, i32 %local_C1_33_i"   --->   Operation 37 'read' 'local_C1_33_i_read' <Predicate = true> <Delay = 1.42> <CoreInst = "FIFO_SRL">   --->   Core 81 'FIFO_SRL' <Latency = 0> <II = 1> <Delay = 1.42> <Storage> <Opcode : 'read' 'write' 'nbread' 'nbwrite'> <Ports = 0> <Width = -1> <Depth = -1> <FIFO>
ST_1 : Operation 38 [1/1] (1.42ns)   --->   "%local_C1_32_i_read = read i32 @_ssdm_op_Read.ap_auto.floatP0A, i32 %local_C1_32_i"   --->   Operation 38 'read' 'local_C1_32_i_read' <Predicate = true> <Delay = 1.42> <CoreInst = "FIFO_SRL">   --->   Core 81 'FIFO_SRL' <Latency = 0> <II = 1> <Delay = 1.42> <Storage> <Opcode : 'read' 'write' 'nbread' 'nbwrite'> <Ports = 0> <Width = -1> <Depth = -1> <FIFO>
ST_1 : Operation 39 [1/1] (1.42ns)   --->   "%local_C1_31_i_read = read i32 @_ssdm_op_Read.ap_auto.floatP0A, i32 %local_C1_31_i"   --->   Operation 39 'read' 'local_C1_31_i_read' <Predicate = true> <Delay = 1.42> <CoreInst = "FIFO_SRL">   --->   Core 81 'FIFO_SRL' <Latency = 0> <II = 1> <Delay = 1.42> <Storage> <Opcode : 'read' 'write' 'nbread' 'nbwrite'> <Ports = 0> <Width = -1> <Depth = -1> <FIFO>
ST_1 : Operation 40 [1/1] (1.42ns)   --->   "%local_C1_30_i_read = read i32 @_ssdm_op_Read.ap_auto.floatP0A, i32 %local_C1_30_i"   --->   Operation 40 'read' 'local_C1_30_i_read' <Predicate = true> <Delay = 1.42> <CoreInst = "FIFO_SRL">   --->   Core 81 'FIFO_SRL' <Latency = 0> <II = 1> <Delay = 1.42> <Storage> <Opcode : 'read' 'write' 'nbread' 'nbwrite'> <Ports = 0> <Width = -1> <Depth = -1> <FIFO>
ST_1 : Operation 41 [1/1] (1.42ns)   --->   "%local_C1_29_i_read = read i32 @_ssdm_op_Read.ap_auto.floatP0A, i32 %local_C1_29_i"   --->   Operation 41 'read' 'local_C1_29_i_read' <Predicate = true> <Delay = 1.42> <CoreInst = "FIFO_SRL">   --->   Core 81 'FIFO_SRL' <Latency = 0> <II = 1> <Delay = 1.42> <Storage> <Opcode : 'read' 'write' 'nbread' 'nbwrite'> <Ports = 0> <Width = -1> <Depth = -1> <FIFO>
ST_1 : Operation 42 [1/1] (1.42ns)   --->   "%local_C1_28_i_read = read i32 @_ssdm_op_Read.ap_auto.floatP0A, i32 %local_C1_28_i"   --->   Operation 42 'read' 'local_C1_28_i_read' <Predicate = true> <Delay = 1.42> <CoreInst = "FIFO_SRL">   --->   Core 81 'FIFO_SRL' <Latency = 0> <II = 1> <Delay = 1.42> <Storage> <Opcode : 'read' 'write' 'nbread' 'nbwrite'> <Ports = 0> <Width = -1> <Depth = -1> <FIFO>
ST_1 : Operation 43 [1/1] (1.42ns)   --->   "%local_C1_27_i_read = read i32 @_ssdm_op_Read.ap_auto.floatP0A, i32 %local_C1_27_i"   --->   Operation 43 'read' 'local_C1_27_i_read' <Predicate = true> <Delay = 1.42> <CoreInst = "FIFO_SRL">   --->   Core 81 'FIFO_SRL' <Latency = 0> <II = 1> <Delay = 1.42> <Storage> <Opcode : 'read' 'write' 'nbread' 'nbwrite'> <Ports = 0> <Width = -1> <Depth = -1> <FIFO>
ST_1 : Operation 44 [1/1] (1.42ns)   --->   "%local_C1_26_i_read = read i32 @_ssdm_op_Read.ap_auto.floatP0A, i32 %local_C1_26_i"   --->   Operation 44 'read' 'local_C1_26_i_read' <Predicate = true> <Delay = 1.42> <CoreInst = "FIFO_SRL">   --->   Core 81 'FIFO_SRL' <Latency = 0> <II = 1> <Delay = 1.42> <Storage> <Opcode : 'read' 'write' 'nbread' 'nbwrite'> <Ports = 0> <Width = -1> <Depth = -1> <FIFO>
ST_1 : Operation 45 [1/1] (1.42ns)   --->   "%local_C1_25_i_read = read i32 @_ssdm_op_Read.ap_auto.floatP0A, i32 %local_C1_25_i"   --->   Operation 45 'read' 'local_C1_25_i_read' <Predicate = true> <Delay = 1.42> <CoreInst = "FIFO_SRL">   --->   Core 81 'FIFO_SRL' <Latency = 0> <II = 1> <Delay = 1.42> <Storage> <Opcode : 'read' 'write' 'nbread' 'nbwrite'> <Ports = 0> <Width = -1> <Depth = -1> <FIFO>
ST_1 : Operation 46 [1/1] (1.42ns)   --->   "%local_C1_24_i_read = read i32 @_ssdm_op_Read.ap_auto.floatP0A, i32 %local_C1_24_i"   --->   Operation 46 'read' 'local_C1_24_i_read' <Predicate = true> <Delay = 1.42> <CoreInst = "FIFO_SRL">   --->   Core 81 'FIFO_SRL' <Latency = 0> <II = 1> <Delay = 1.42> <Storage> <Opcode : 'read' 'write' 'nbread' 'nbwrite'> <Ports = 0> <Width = -1> <Depth = -1> <FIFO>
ST_1 : Operation 47 [1/1] (1.42ns)   --->   "%local_C1_23_i_read = read i32 @_ssdm_op_Read.ap_auto.floatP0A, i32 %local_C1_23_i"   --->   Operation 47 'read' 'local_C1_23_i_read' <Predicate = true> <Delay = 1.42> <CoreInst = "FIFO_SRL">   --->   Core 81 'FIFO_SRL' <Latency = 0> <II = 1> <Delay = 1.42> <Storage> <Opcode : 'read' 'write' 'nbread' 'nbwrite'> <Ports = 0> <Width = -1> <Depth = -1> <FIFO>
ST_1 : Operation 48 [1/1] (1.42ns)   --->   "%local_C1_22_i_read = read i32 @_ssdm_op_Read.ap_auto.floatP0A, i32 %local_C1_22_i"   --->   Operation 48 'read' 'local_C1_22_i_read' <Predicate = true> <Delay = 1.42> <CoreInst = "FIFO_SRL">   --->   Core 81 'FIFO_SRL' <Latency = 0> <II = 1> <Delay = 1.42> <Storage> <Opcode : 'read' 'write' 'nbread' 'nbwrite'> <Ports = 0> <Width = -1> <Depth = -1> <FIFO>
ST_1 : Operation 49 [1/1] (1.42ns)   --->   "%local_C1_21_i_read = read i32 @_ssdm_op_Read.ap_auto.floatP0A, i32 %local_C1_21_i"   --->   Operation 49 'read' 'local_C1_21_i_read' <Predicate = true> <Delay = 1.42> <CoreInst = "FIFO_SRL">   --->   Core 81 'FIFO_SRL' <Latency = 0> <II = 1> <Delay = 1.42> <Storage> <Opcode : 'read' 'write' 'nbread' 'nbwrite'> <Ports = 0> <Width = -1> <Depth = -1> <FIFO>
ST_1 : Operation 50 [1/1] (1.42ns)   --->   "%local_C1_20_i_read = read i32 @_ssdm_op_Read.ap_auto.floatP0A, i32 %local_C1_20_i"   --->   Operation 50 'read' 'local_C1_20_i_read' <Predicate = true> <Delay = 1.42> <CoreInst = "FIFO_SRL">   --->   Core 81 'FIFO_SRL' <Latency = 0> <II = 1> <Delay = 1.42> <Storage> <Opcode : 'read' 'write' 'nbread' 'nbwrite'> <Ports = 0> <Width = -1> <Depth = -1> <FIFO>
ST_1 : Operation 51 [1/1] (1.42ns)   --->   "%local_C1_19_i_read = read i32 @_ssdm_op_Read.ap_auto.floatP0A, i32 %local_C1_19_i"   --->   Operation 51 'read' 'local_C1_19_i_read' <Predicate = true> <Delay = 1.42> <CoreInst = "FIFO_SRL">   --->   Core 81 'FIFO_SRL' <Latency = 0> <II = 1> <Delay = 1.42> <Storage> <Opcode : 'read' 'write' 'nbread' 'nbwrite'> <Ports = 0> <Width = -1> <Depth = -1> <FIFO>
ST_1 : Operation 52 [1/1] (1.42ns)   --->   "%local_C1_18_i_read = read i32 @_ssdm_op_Read.ap_auto.floatP0A, i32 %local_C1_18_i"   --->   Operation 52 'read' 'local_C1_18_i_read' <Predicate = true> <Delay = 1.42> <CoreInst = "FIFO_SRL">   --->   Core 81 'FIFO_SRL' <Latency = 0> <II = 1> <Delay = 1.42> <Storage> <Opcode : 'read' 'write' 'nbread' 'nbwrite'> <Ports = 0> <Width = -1> <Depth = -1> <FIFO>
ST_1 : Operation 53 [1/1] (1.42ns)   --->   "%local_C1_17_i_read = read i32 @_ssdm_op_Read.ap_auto.floatP0A, i32 %local_C1_17_i"   --->   Operation 53 'read' 'local_C1_17_i_read' <Predicate = true> <Delay = 1.42> <CoreInst = "FIFO_SRL">   --->   Core 81 'FIFO_SRL' <Latency = 0> <II = 1> <Delay = 1.42> <Storage> <Opcode : 'read' 'write' 'nbread' 'nbwrite'> <Ports = 0> <Width = -1> <Depth = -1> <FIFO>
ST_1 : Operation 54 [1/1] (1.42ns)   --->   "%local_C1_16_i_read = read i32 @_ssdm_op_Read.ap_auto.floatP0A, i32 %local_C1_16_i"   --->   Operation 54 'read' 'local_C1_16_i_read' <Predicate = true> <Delay = 1.42> <CoreInst = "FIFO_SRL">   --->   Core 81 'FIFO_SRL' <Latency = 0> <II = 1> <Delay = 1.42> <Storage> <Opcode : 'read' 'write' 'nbread' 'nbwrite'> <Ports = 0> <Width = -1> <Depth = -1> <FIFO>
ST_1 : Operation 55 [1/1] (1.42ns)   --->   "%local_C1_15_i_read = read i32 @_ssdm_op_Read.ap_auto.floatP0A, i32 %local_C1_15_i"   --->   Operation 55 'read' 'local_C1_15_i_read' <Predicate = true> <Delay = 1.42> <CoreInst = "FIFO_SRL">   --->   Core 81 'FIFO_SRL' <Latency = 0> <II = 1> <Delay = 1.42> <Storage> <Opcode : 'read' 'write' 'nbread' 'nbwrite'> <Ports = 0> <Width = -1> <Depth = -1> <FIFO>
ST_1 : Operation 56 [1/1] (1.42ns)   --->   "%local_C1_14_i_read = read i32 @_ssdm_op_Read.ap_auto.floatP0A, i32 %local_C1_14_i"   --->   Operation 56 'read' 'local_C1_14_i_read' <Predicate = true> <Delay = 1.42> <CoreInst = "FIFO_SRL">   --->   Core 81 'FIFO_SRL' <Latency = 0> <II = 1> <Delay = 1.42> <Storage> <Opcode : 'read' 'write' 'nbread' 'nbwrite'> <Ports = 0> <Width = -1> <Depth = -1> <FIFO>
ST_1 : Operation 57 [1/1] (1.42ns)   --->   "%local_C1_13_i_read = read i32 @_ssdm_op_Read.ap_auto.floatP0A, i32 %local_C1_13_i"   --->   Operation 57 'read' 'local_C1_13_i_read' <Predicate = true> <Delay = 1.42> <CoreInst = "FIFO_SRL">   --->   Core 81 'FIFO_SRL' <Latency = 0> <II = 1> <Delay = 1.42> <Storage> <Opcode : 'read' 'write' 'nbread' 'nbwrite'> <Ports = 0> <Width = -1> <Depth = -1> <FIFO>
ST_1 : Operation 58 [1/1] (1.42ns)   --->   "%local_C1_12_i_read = read i32 @_ssdm_op_Read.ap_auto.floatP0A, i32 %local_C1_12_i"   --->   Operation 58 'read' 'local_C1_12_i_read' <Predicate = true> <Delay = 1.42> <CoreInst = "FIFO_SRL">   --->   Core 81 'FIFO_SRL' <Latency = 0> <II = 1> <Delay = 1.42> <Storage> <Opcode : 'read' 'write' 'nbread' 'nbwrite'> <Ports = 0> <Width = -1> <Depth = -1> <FIFO>
ST_1 : Operation 59 [1/1] (1.42ns)   --->   "%local_C1_11_i_read = read i32 @_ssdm_op_Read.ap_auto.floatP0A, i32 %local_C1_11_i"   --->   Operation 59 'read' 'local_C1_11_i_read' <Predicate = true> <Delay = 1.42> <CoreInst = "FIFO_SRL">   --->   Core 81 'FIFO_SRL' <Latency = 0> <II = 1> <Delay = 1.42> <Storage> <Opcode : 'read' 'write' 'nbread' 'nbwrite'> <Ports = 0> <Width = -1> <Depth = -1> <FIFO>
ST_1 : Operation 60 [1/1] (1.42ns)   --->   "%local_C1_10_i_read = read i32 @_ssdm_op_Read.ap_auto.floatP0A, i32 %local_C1_10_i"   --->   Operation 60 'read' 'local_C1_10_i_read' <Predicate = true> <Delay = 1.42> <CoreInst = "FIFO_SRL">   --->   Core 81 'FIFO_SRL' <Latency = 0> <II = 1> <Delay = 1.42> <Storage> <Opcode : 'read' 'write' 'nbread' 'nbwrite'> <Ports = 0> <Width = -1> <Depth = -1> <FIFO>
ST_1 : Operation 61 [1/1] (1.42ns)   --->   "%local_C1_9_i_read = read i32 @_ssdm_op_Read.ap_auto.floatP0A, i32 %local_C1_9_i"   --->   Operation 61 'read' 'local_C1_9_i_read' <Predicate = true> <Delay = 1.42> <CoreInst = "FIFO_SRL">   --->   Core 81 'FIFO_SRL' <Latency = 0> <II = 1> <Delay = 1.42> <Storage> <Opcode : 'read' 'write' 'nbread' 'nbwrite'> <Ports = 0> <Width = -1> <Depth = -1> <FIFO>
ST_1 : Operation 62 [1/1] (1.42ns)   --->   "%local_C1_8_i_read = read i32 @_ssdm_op_Read.ap_auto.floatP0A, i32 %local_C1_8_i"   --->   Operation 62 'read' 'local_C1_8_i_read' <Predicate = true> <Delay = 1.42> <CoreInst = "FIFO_SRL">   --->   Core 81 'FIFO_SRL' <Latency = 0> <II = 1> <Delay = 1.42> <Storage> <Opcode : 'read' 'write' 'nbread' 'nbwrite'> <Ports = 0> <Width = -1> <Depth = -1> <FIFO>
ST_1 : Operation 63 [1/1] (1.42ns)   --->   "%local_C1_7_i_read = read i32 @_ssdm_op_Read.ap_auto.floatP0A, i32 %local_C1_7_i"   --->   Operation 63 'read' 'local_C1_7_i_read' <Predicate = true> <Delay = 1.42> <CoreInst = "FIFO_SRL">   --->   Core 81 'FIFO_SRL' <Latency = 0> <II = 1> <Delay = 1.42> <Storage> <Opcode : 'read' 'write' 'nbread' 'nbwrite'> <Ports = 0> <Width = -1> <Depth = -1> <FIFO>
ST_1 : Operation 64 [1/1] (1.42ns)   --->   "%local_C1_6_i_read = read i32 @_ssdm_op_Read.ap_auto.floatP0A, i32 %local_C1_6_i"   --->   Operation 64 'read' 'local_C1_6_i_read' <Predicate = true> <Delay = 1.42> <CoreInst = "FIFO_SRL">   --->   Core 81 'FIFO_SRL' <Latency = 0> <II = 1> <Delay = 1.42> <Storage> <Opcode : 'read' 'write' 'nbread' 'nbwrite'> <Ports = 0> <Width = -1> <Depth = -1> <FIFO>
ST_1 : Operation 65 [1/1] (1.42ns)   --->   "%local_C1_5_i_read = read i32 @_ssdm_op_Read.ap_auto.floatP0A, i32 %local_C1_5_i"   --->   Operation 65 'read' 'local_C1_5_i_read' <Predicate = true> <Delay = 1.42> <CoreInst = "FIFO_SRL">   --->   Core 81 'FIFO_SRL' <Latency = 0> <II = 1> <Delay = 1.42> <Storage> <Opcode : 'read' 'write' 'nbread' 'nbwrite'> <Ports = 0> <Width = -1> <Depth = -1> <FIFO>
ST_1 : Operation 66 [1/1] (1.42ns)   --->   "%local_C1_4_i_read = read i32 @_ssdm_op_Read.ap_auto.floatP0A, i32 %local_C1_4_i"   --->   Operation 66 'read' 'local_C1_4_i_read' <Predicate = true> <Delay = 1.42> <CoreInst = "FIFO_SRL">   --->   Core 81 'FIFO_SRL' <Latency = 0> <II = 1> <Delay = 1.42> <Storage> <Opcode : 'read' 'write' 'nbread' 'nbwrite'> <Ports = 0> <Width = -1> <Depth = -1> <FIFO>
ST_1 : Operation 67 [1/1] (1.42ns)   --->   "%local_C1_3_i_read = read i32 @_ssdm_op_Read.ap_auto.floatP0A, i32 %local_C1_3_i"   --->   Operation 67 'read' 'local_C1_3_i_read' <Predicate = true> <Delay = 1.42> <CoreInst = "FIFO_SRL">   --->   Core 81 'FIFO_SRL' <Latency = 0> <II = 1> <Delay = 1.42> <Storage> <Opcode : 'read' 'write' 'nbread' 'nbwrite'> <Ports = 0> <Width = -1> <Depth = -1> <FIFO>
ST_1 : Operation 68 [1/1] (1.42ns)   --->   "%local_C1_2_i_read = read i32 @_ssdm_op_Read.ap_auto.floatP0A, i32 %local_C1_2_i"   --->   Operation 68 'read' 'local_C1_2_i_read' <Predicate = true> <Delay = 1.42> <CoreInst = "FIFO_SRL">   --->   Core 81 'FIFO_SRL' <Latency = 0> <II = 1> <Delay = 1.42> <Storage> <Opcode : 'read' 'write' 'nbread' 'nbwrite'> <Ports = 0> <Width = -1> <Depth = -1> <FIFO>
ST_1 : Operation 69 [1/1] (1.42ns)   --->   "%local_C1_1_i_read = read i32 @_ssdm_op_Read.ap_auto.floatP0A, i32 %local_C1_1_i"   --->   Operation 69 'read' 'local_C1_1_i_read' <Predicate = true> <Delay = 1.42> <CoreInst = "FIFO_SRL">   --->   Core 81 'FIFO_SRL' <Latency = 0> <II = 1> <Delay = 1.42> <Storage> <Opcode : 'read' 'write' 'nbread' 'nbwrite'> <Ports = 0> <Width = -1> <Depth = -1> <FIFO>
ST_1 : Operation 70 [1/1] (1.42ns)   --->   "%local_C1_i_read = read i32 @_ssdm_op_Read.ap_auto.floatP0A, i32 %local_C1_i"   --->   Operation 70 'read' 'local_C1_i_read' <Predicate = true> <Delay = 1.42> <CoreInst = "FIFO_SRL">   --->   Core 81 'FIFO_SRL' <Latency = 0> <II = 1> <Delay = 1.42> <Storage> <Opcode : 'read' 'write' 'nbread' 'nbwrite'> <Ports = 0> <Width = -1> <Depth = -1> <FIFO>
ST_1 : Operation 71 [2/2] (4.19ns)   --->   "%call_ln0 = call void @dataflow_in_loop_l_ni1_Loop_l_store_C_tile_sj1_proc47_Pipeline_l_store_C_tile_sj, i9 %tmp_s, i32 %local_C1_63_i_read, i32 %local_C1_62_i_read, i32 %local_C1_61_i_read, i32 %local_C1_60_i_read, i32 %local_C1_59_i_read, i32 %local_C1_58_i_read, i32 %local_C1_57_i_read, i32 %local_C1_56_i_read, i32 %local_C1_55_i_read, i32 %local_C1_54_i_read, i32 %local_C1_53_i_read, i32 %local_C1_52_i_read, i32 %local_C1_51_i_read, i32 %local_C1_50_i_read, i32 %local_C1_49_i_read, i32 %local_C1_48_i_read, i32 %local_C1_47_i_read, i32 %local_C1_46_i_read, i32 %local_C1_45_i_read, i32 %local_C1_44_i_read, i32 %local_C1_43_i_read, i32 %local_C1_42_i_read, i32 %local_C1_41_i_read, i32 %local_C1_40_i_read, i32 %local_C1_39_i_read, i32 %local_C1_38_i_read, i32 %local_C1_37_i_read, i32 %local_C1_36_i_read, i32 %local_C1_35_i_read, i32 %local_C1_34_i_read, i32 %local_C1_33_i_read, i32 %local_C1_32_i_read, i32 %local_C1_31_i_read, i32 %local_C1_30_i_read, i32 %local_C1_29_i_read, i32 %local_C1_28_i_read, i32 %local_C1_27_i_read, i32 %local_C1_26_i_read, i32 %local_C1_25_i_read, i32 %local_C1_24_i_read, i32 %local_C1_23_i_read, i32 %local_C1_22_i_read, i32 %local_C1_21_i_read, i32 %local_C1_20_i_read, i32 %local_C1_19_i_read, i32 %local_C1_18_i_read, i32 %local_C1_17_i_read, i32 %local_C1_16_i_read, i32 %local_C1_15_i_read, i32 %local_C1_14_i_read, i32 %local_C1_13_i_read, i32 %local_C1_12_i_read, i32 %local_C1_11_i_read, i32 %local_C1_10_i_read, i32 %local_C1_9_i_read, i32 %local_C1_8_i_read, i32 %local_C1_7_i_read, i32 %local_C1_6_i_read, i32 %local_C1_5_i_read, i32 %local_C1_4_i_read, i32 %local_C1_3_i_read, i32 %local_C1_2_i_read, i32 %local_C1_1_i_read, i32 %local_C1_i_read, i10 %tmp, i32 %v1933"   --->   Operation 71 'call' 'call_ln0' <Predicate = true> <Delay = 4.19> <CoreType = "Generic">   --->   Core 0 '' <Latency = 0> <II = 1> <Delay = 1.00> <Generic> <Opcode : >

State 2 <SV = 1> <Delay = 0.00>
ST_2 : Operation 72 [1/1] (0.00ns)   --->   "%specinterface_ln0 = specinterface void @_ssdm_op_SpecInterface, i7 %mi1, void @ap_fifo_str, i32 0, i32 0, void @p_str, i32 0, i32 0, void @p_str, void @p_str, void @p_str, i32 2, i32 2, i32 16, i32 16, void @p_str, void @ScalarProp_str, i32 4294967295, i32 0"   --->   Operation 72 'specinterface' 'specinterface_ln0' <Predicate = true> <Delay = 0.00>
ST_2 : Operation 73 [1/1] (0.00ns)   --->   "%specinterface_ln0 = specinterface void @_ssdm_op_SpecInterface, i6 %ni1, void @ap_fifo_str, i32 0, i32 0, void @p_str, i32 0, i32 0, void @p_str, void @p_str, void @p_str, i32 2, i32 2, i32 16, i32 16, void @p_str, void @ScalarProp_str, i32 4294967295, i32 0"   --->   Operation 73 'specinterface' 'specinterface_ln0' <Predicate = true> <Delay = 0.00>
ST_2 : Operation 74 [1/1] (0.00ns)   --->   "%specmemcore_ln0 = specmemcore void @_ssdm_op_SpecMemCore, i32 %v1933, i64 666, i64 24, i64 18446744073709551615"   --->   Operation 74 'specmemcore' 'specmemcore_ln0' <Predicate = true> <Delay = 0.00>
ST_2 : Operation 75 [1/2] (0.00ns)   --->   "%call_ln0 = call void @dataflow_in_loop_l_ni1_Loop_l_store_C_tile_sj1_proc47_Pipeline_l_store_C_tile_sj, i9 %tmp_s, i32 %local_C1_63_i_read, i32 %local_C1_62_i_read, i32 %local_C1_61_i_read, i32 %local_C1_60_i_read, i32 %local_C1_59_i_read, i32 %local_C1_58_i_read, i32 %local_C1_57_i_read, i32 %local_C1_56_i_read, i32 %local_C1_55_i_read, i32 %local_C1_54_i_read, i32 %local_C1_53_i_read, i32 %local_C1_52_i_read, i32 %local_C1_51_i_read, i32 %local_C1_50_i_read, i32 %local_C1_49_i_read, i32 %local_C1_48_i_read, i32 %local_C1_47_i_read, i32 %local_C1_46_i_read, i32 %local_C1_45_i_read, i32 %local_C1_44_i_read, i32 %local_C1_43_i_read, i32 %local_C1_42_i_read, i32 %local_C1_41_i_read, i32 %local_C1_40_i_read, i32 %local_C1_39_i_read, i32 %local_C1_38_i_read, i32 %local_C1_37_i_read, i32 %local_C1_36_i_read, i32 %local_C1_35_i_read, i32 %local_C1_34_i_read, i32 %local_C1_33_i_read, i32 %local_C1_32_i_read, i32 %local_C1_31_i_read, i32 %local_C1_30_i_read, i32 %local_C1_29_i_read, i32 %local_C1_28_i_read, i32 %local_C1_27_i_read, i32 %local_C1_26_i_read, i32 %local_C1_25_i_read, i32 %local_C1_24_i_read, i32 %local_C1_23_i_read, i32 %local_C1_22_i_read, i32 %local_C1_21_i_read, i32 %local_C1_20_i_read, i32 %local_C1_19_i_read, i32 %local_C1_18_i_read, i32 %local_C1_17_i_read, i32 %local_C1_16_i_read, i32 %local_C1_15_i_read, i32 %local_C1_14_i_read, i32 %local_C1_13_i_read, i32 %local_C1_12_i_read, i32 %local_C1_11_i_read, i32 %local_C1_10_i_read, i32 %local_C1_9_i_read, i32 %local_C1_8_i_read, i32 %local_C1_7_i_read, i32 %local_C1_6_i_read, i32 %local_C1_5_i_read, i32 %local_C1_4_i_read, i32 %local_C1_3_i_read, i32 %local_C1_2_i_read, i32 %local_C1_1_i_read, i32 %local_C1_i_read, i10 %tmp, i32 %v1933"   --->   Operation 75 'call' 'call_ln0' <Predicate = true> <Delay = 0.00> <CoreType = "Generic">   --->   Core 0 '' <Latency = 0> <II = 1> <Delay = 1.00> <Generic> <Opcode : >
ST_2 : Operation 76 [1/1] (0.00ns)   --->   "%ret_ln0 = ret"   --->   Operation 76 'ret' 'ret_ln0' <Predicate = true> <Delay = 0.00>


============================================================
+ Verbose Summary: Binding
============================================================
STG Binding: 
---------------- STG Properties BEGIN ----------------
- Is combinational: 0
- Is one-state seq: 0
- Is datapath-only: 0
- Is pipelined: 0
- Is top level: 0
Port [ Return ] is wired: 1; IO mode=ap_ctrl_hs:ce=0
Port [ ni1]:  wired=1; compound=1; hidden=0; nouse=0; global=0; static=0; extern=0; dir=0; type=3; pingpong=0; private_global=0; IO mode=ap_fifo:ce=0
Port [ local_C1_63_i]:  wired=1; compound=0; hidden=0; nouse=0; global=0; static=0; extern=0; dir=0; type=0; pingpong=0; private_global=0; IO mode=ap_none:ce=0
Port [ local_C1_62_i]:  wired=1; compound=0; hidden=0; nouse=0; global=0; static=0; extern=0; dir=0; type=0; pingpong=0; private_global=0; IO mode=ap_none:ce=0
Port [ local_C1_61_i]:  wired=1; compound=0; hidden=0; nouse=0; global=0; static=0; extern=0; dir=0; type=0; pingpong=0; private_global=0; IO mode=ap_none:ce=0
Port [ local_C1_60_i]:  wired=1; compound=0; hidden=0; nouse=0; global=0; static=0; extern=0; dir=0; type=0; pingpong=0; private_global=0; IO mode=ap_none:ce=0
Port [ local_C1_59_i]:  wired=1; compound=0; hidden=0; nouse=0; global=0; static=0; extern=0; dir=0; type=0; pingpong=0; private_global=0; IO mode=ap_none:ce=0
Port [ local_C1_58_i]:  wired=1; compound=0; hidden=0; nouse=0; global=0; static=0; extern=0; dir=0; type=0; pingpong=0; private_global=0; IO mode=ap_none:ce=0
Port [ local_C1_57_i]:  wired=1; compound=0; hidden=0; nouse=0; global=0; static=0; extern=0; dir=0; type=0; pingpong=0; private_global=0; IO mode=ap_none:ce=0
Port [ local_C1_56_i]:  wired=1; compound=0; hidden=0; nouse=0; global=0; static=0; extern=0; dir=0; type=0; pingpong=0; private_global=0; IO mode=ap_none:ce=0
Port [ local_C1_55_i]:  wired=1; compound=0; hidden=0; nouse=0; global=0; static=0; extern=0; dir=0; type=0; pingpong=0; private_global=0; IO mode=ap_none:ce=0
Port [ local_C1_54_i]:  wired=1; compound=0; hidden=0; nouse=0; global=0; static=0; extern=0; dir=0; type=0; pingpong=0; private_global=0; IO mode=ap_none:ce=0
Port [ local_C1_53_i]:  wired=1; compound=0; hidden=0; nouse=0; global=0; static=0; extern=0; dir=0; type=0; pingpong=0; private_global=0; IO mode=ap_none:ce=0
Port [ local_C1_52_i]:  wired=1; compound=0; hidden=0; nouse=0; global=0; static=0; extern=0; dir=0; type=0; pingpong=0; private_global=0; IO mode=ap_none:ce=0
Port [ local_C1_51_i]:  wired=1; compound=0; hidden=0; nouse=0; global=0; static=0; extern=0; dir=0; type=0; pingpong=0; private_global=0; IO mode=ap_none:ce=0
Port [ local_C1_50_i]:  wired=1; compound=0; hidden=0; nouse=0; global=0; static=0; extern=0; dir=0; type=0; pingpong=0; private_global=0; IO mode=ap_none:ce=0
Port [ local_C1_49_i]:  wired=1; compound=0; hidden=0; nouse=0; global=0; static=0; extern=0; dir=0; type=0; pingpong=0; private_global=0; IO mode=ap_none:ce=0
Port [ local_C1_48_i]:  wired=1; compound=0; hidden=0; nouse=0; global=0; static=0; extern=0; dir=0; type=0; pingpong=0; private_global=0; IO mode=ap_none:ce=0
Port [ local_C1_47_i]:  wired=1; compound=0; hidden=0; nouse=0; global=0; static=0; extern=0; dir=0; type=0; pingpong=0; private_global=0; IO mode=ap_none:ce=0
Port [ local_C1_46_i]:  wired=1; compound=0; hidden=0; nouse=0; global=0; static=0; extern=0; dir=0; type=0; pingpong=0; private_global=0; IO mode=ap_none:ce=0
Port [ local_C1_45_i]:  wired=1; compound=0; hidden=0; nouse=0; global=0; static=0; extern=0; dir=0; type=0; pingpong=0; private_global=0; IO mode=ap_none:ce=0
Port [ local_C1_44_i]:  wired=1; compound=0; hidden=0; nouse=0; global=0; static=0; extern=0; dir=0; type=0; pingpong=0; private_global=0; IO mode=ap_none:ce=0
Port [ local_C1_43_i]:  wired=1; compound=0; hidden=0; nouse=0; global=0; static=0; extern=0; dir=0; type=0; pingpong=0; private_global=0; IO mode=ap_none:ce=0
Port [ local_C1_42_i]:  wired=1; compound=0; hidden=0; nouse=0; global=0; static=0; extern=0; dir=0; type=0; pingpong=0; private_global=0; IO mode=ap_none:ce=0
Port [ local_C1_41_i]:  wired=1; compound=0; hidden=0; nouse=0; global=0; static=0; extern=0; dir=0; type=0; pingpong=0; private_global=0; IO mode=ap_none:ce=0
Port [ local_C1_40_i]:  wired=1; compound=0; hidden=0; nouse=0; global=0; static=0; extern=0; dir=0; type=0; pingpong=0; private_global=0; IO mode=ap_none:ce=0
Port [ local_C1_39_i]:  wired=1; compound=0; hidden=0; nouse=0; global=0; static=0; extern=0; dir=0; type=0; pingpong=0; private_global=0; IO mode=ap_none:ce=0
Port [ local_C1_38_i]:  wired=1; compound=0; hidden=0; nouse=0; global=0; static=0; extern=0; dir=0; type=0; pingpong=0; private_global=0; IO mode=ap_none:ce=0
Port [ local_C1_37_i]:  wired=1; compound=0; hidden=0; nouse=0; global=0; static=0; extern=0; dir=0; type=0; pingpong=0; private_global=0; IO mode=ap_none:ce=0
Port [ local_C1_36_i]:  wired=1; compound=0; hidden=0; nouse=0; global=0; static=0; extern=0; dir=0; type=0; pingpong=0; private_global=0; IO mode=ap_none:ce=0
Port [ local_C1_35_i]:  wired=1; compound=0; hidden=0; nouse=0; global=0; static=0; extern=0; dir=0; type=0; pingpong=0; private_global=0; IO mode=ap_none:ce=0
Port [ local_C1_34_i]:  wired=1; compound=0; hidden=0; nouse=0; global=0; static=0; extern=0; dir=0; type=0; pingpong=0; private_global=0; IO mode=ap_none:ce=0
Port [ local_C1_33_i]:  wired=1; compound=0; hidden=0; nouse=0; global=0; static=0; extern=0; dir=0; type=0; pingpong=0; private_global=0; IO mode=ap_none:ce=0
Port [ local_C1_32_i]:  wired=1; compound=0; hidden=0; nouse=0; global=0; static=0; extern=0; dir=0; type=0; pingpong=0; private_global=0; IO mode=ap_none:ce=0
Port [ local_C1_31_i]:  wired=1; compound=0; hidden=0; nouse=0; global=0; static=0; extern=0; dir=0; type=0; pingpong=0; private_global=0; IO mode=ap_none:ce=0
Port [ local_C1_30_i]:  wired=1; compound=0; hidden=0; nouse=0; global=0; static=0; extern=0; dir=0; type=0; pingpong=0; private_global=0; IO mode=ap_none:ce=0
Port [ local_C1_29_i]:  wired=1; compound=0; hidden=0; nouse=0; global=0; static=0; extern=0; dir=0; type=0; pingpong=0; private_global=0; IO mode=ap_none:ce=0
Port [ local_C1_28_i]:  wired=1; compound=0; hidden=0; nouse=0; global=0; static=0; extern=0; dir=0; type=0; pingpong=0; private_global=0; IO mode=ap_none:ce=0
Port [ local_C1_27_i]:  wired=1; compound=0; hidden=0; nouse=0; global=0; static=0; extern=0; dir=0; type=0; pingpong=0; private_global=0; IO mode=ap_none:ce=0
Port [ local_C1_26_i]:  wired=1; compound=0; hidden=0; nouse=0; global=0; static=0; extern=0; dir=0; type=0; pingpong=0; private_global=0; IO mode=ap_none:ce=0
Port [ local_C1_25_i]:  wired=1; compound=0; hidden=0; nouse=0; global=0; static=0; extern=0; dir=0; type=0; pingpong=0; private_global=0; IO mode=ap_none:ce=0
Port [ local_C1_24_i]:  wired=1; compound=0; hidden=0; nouse=0; global=0; static=0; extern=0; dir=0; type=0; pingpong=0; private_global=0; IO mode=ap_none:ce=0
Port [ local_C1_23_i]:  wired=1; compound=0; hidden=0; nouse=0; global=0; static=0; extern=0; dir=0; type=0; pingpong=0; private_global=0; IO mode=ap_none:ce=0
Port [ local_C1_22_i]:  wired=1; compound=0; hidden=0; nouse=0; global=0; static=0; extern=0; dir=0; type=0; pingpong=0; private_global=0; IO mode=ap_none:ce=0
Port [ local_C1_21_i]:  wired=1; compound=0; hidden=0; nouse=0; global=0; static=0; extern=0; dir=0; type=0; pingpong=0; private_global=0; IO mode=ap_none:ce=0
Port [ local_C1_20_i]:  wired=1; compound=0; hidden=0; nouse=0; global=0; static=0; extern=0; dir=0; type=0; pingpong=0; private_global=0; IO mode=ap_none:ce=0
Port [ local_C1_19_i]:  wired=1; compound=0; hidden=0; nouse=0; global=0; static=0; extern=0; dir=0; type=0; pingpong=0; private_global=0; IO mode=ap_none:ce=0
Port [ local_C1_18_i]:  wired=1; compound=0; hidden=0; nouse=0; global=0; static=0; extern=0; dir=0; type=0; pingpong=0; private_global=0; IO mode=ap_none:ce=0
Port [ local_C1_17_i]:  wired=1; compound=0; hidden=0; nouse=0; global=0; static=0; extern=0; dir=0; type=0; pingpong=0; private_global=0; IO mode=ap_none:ce=0
Port [ local_C1_16_i]:  wired=1; compound=0; hidden=0; nouse=0; global=0; static=0; extern=0; dir=0; type=0; pingpong=0; private_global=0; IO mode=ap_none:ce=0
Port [ local_C1_15_i]:  wired=1; compound=0; hidden=0; nouse=0; global=0; static=0; extern=0; dir=0; type=0; pingpong=0; private_global=0; IO mode=ap_none:ce=0
Port [ local_C1_14_i]:  wired=1; compound=0; hidden=0; nouse=0; global=0; static=0; extern=0; dir=0; type=0; pingpong=0; private_global=0; IO mode=ap_none:ce=0
Port [ local_C1_13_i]:  wired=1; compound=0; hidden=0; nouse=0; global=0; static=0; extern=0; dir=0; type=0; pingpong=0; private_global=0; IO mode=ap_none:ce=0
Port [ local_C1_12_i]:  wired=1; compound=0; hidden=0; nouse=0; global=0; static=0; extern=0; dir=0; type=0; pingpong=0; private_global=0; IO mode=ap_none:ce=0
Port [ local_C1_11_i]:  wired=1; compound=0; hidden=0; nouse=0; global=0; static=0; extern=0; dir=0; type=0; pingpong=0; private_global=0; IO mode=ap_none:ce=0
Port [ local_C1_10_i]:  wired=1; compound=0; hidden=0; nouse=0; global=0; static=0; extern=0; dir=0; type=0; pingpong=0; private_global=0; IO mode=ap_none:ce=0
Port [ local_C1_9_i]:  wired=1; compound=0; hidden=0; nouse=0; global=0; static=0; extern=0; dir=0; type=0; pingpong=0; private_global=0; IO mode=ap_none:ce=0
Port [ local_C1_8_i]:  wired=1; compound=0; hidden=0; nouse=0; global=0; static=0; extern=0; dir=0; type=0; pingpong=0; private_global=0; IO mode=ap_none:ce=0
Port [ local_C1_7_i]:  wired=1; compound=0; hidden=0; nouse=0; global=0; static=0; extern=0; dir=0; type=0; pingpong=0; private_global=0; IO mode=ap_none:ce=0
Port [ local_C1_6_i]:  wired=1; compound=0; hidden=0; nouse=0; global=0; static=0; extern=0; dir=0; type=0; pingpong=0; private_global=0; IO mode=ap_none:ce=0
Port [ local_C1_5_i]:  wired=1; compound=0; hidden=0; nouse=0; global=0; static=0; extern=0; dir=0; type=0; pingpong=0; private_global=0; IO mode=ap_none:ce=0
Port [ local_C1_4_i]:  wired=1; compound=0; hidden=0; nouse=0; global=0; static=0; extern=0; dir=0; type=0; pingpong=0; private_global=0; IO mode=ap_none:ce=0
Port [ local_C1_3_i]:  wired=1; compound=0; hidden=0; nouse=0; global=0; static=0; extern=0; dir=0; type=0; pingpong=0; private_global=0; IO mode=ap_none:ce=0
Port [ local_C1_2_i]:  wired=1; compound=0; hidden=0; nouse=0; global=0; static=0; extern=0; dir=0; type=0; pingpong=0; private_global=0; IO mode=ap_none:ce=0
Port [ local_C1_1_i]:  wired=1; compound=0; hidden=0; nouse=0; global=0; static=0; extern=0; dir=0; type=0; pingpong=0; private_global=0; IO mode=ap_none:ce=0
Port [ local_C1_i]:  wired=1; compound=0; hidden=0; nouse=0; global=0; static=0; extern=0; dir=0; type=0; pingpong=0; private_global=0; IO mode=ap_none:ce=0
Port [ mi1]:  wired=1; compound=1; hidden=0; nouse=0; global=0; static=0; extern=0; dir=0; type=3; pingpong=0; private_global=0; IO mode=ap_fifo:ce=0
Port [ v1933]:  wired=1; compound=1; hidden=0; nouse=0; global=0; static=0; extern=0; dir=1; type=1; pingpong=0; private_global=0; MemPort=[30]; IO mode=ap_memory:ce=0
---------------- STG Properties END ------------------

---------------- Datapath Model BEGIN ----------------

<LifeTime>
<method=bitvector/>
mi1_read           (read          ) [ 000]
ni1_read           (read          ) [ 000]
tmp                (bitconcatenate) [ 001]
tmp_s              (bitconcatenate) [ 001]
local_C1_63_i_read (read          ) [ 001]
local_C1_62_i_read (read          ) [ 001]
local_C1_61_i_read (read          ) [ 001]
local_C1_60_i_read (read          ) [ 001]
local_C1_59_i_read (read          ) [ 001]
local_C1_58_i_read (read          ) [ 001]
local_C1_57_i_read (read          ) [ 001]
local_C1_56_i_read (read          ) [ 001]
local_C1_55_i_read (read          ) [ 001]
local_C1_54_i_read (read          ) [ 001]
local_C1_53_i_read (read          ) [ 001]
local_C1_52_i_read (read          ) [ 001]
local_C1_51_i_read (read          ) [ 001]
local_C1_50_i_read (read          ) [ 001]
local_C1_49_i_read (read          ) [ 001]
local_C1_48_i_read (read          ) [ 001]
local_C1_47_i_read (read          ) [ 001]
local_C1_46_i_read (read          ) [ 001]
local_C1_45_i_read (read          ) [ 001]
local_C1_44_i_read (read          ) [ 001]
local_C1_43_i_read (read          ) [ 001]
local_C1_42_i_read (read          ) [ 001]
local_C1_41_i_read (read          ) [ 001]
local_C1_40_i_read (read          ) [ 001]
local_C1_39_i_read (read          ) [ 001]
local_C1_38_i_read (read          ) [ 001]
local_C1_37_i_read (read          ) [ 001]
local_C1_36_i_read (read          ) [ 001]
local_C1_35_i_read (read          ) [ 001]
local_C1_34_i_read (read          ) [ 001]
local_C1_33_i_read (read          ) [ 001]
local_C1_32_i_read (read          ) [ 001]
local_C1_31_i_read (read          ) [ 001]
local_C1_30_i_read (read          ) [ 001]
local_C1_29_i_read (read          ) [ 001]
local_C1_28_i_read (read          ) [ 001]
local_C1_27_i_read (read          ) [ 001]
local_C1_26_i_read (read          ) [ 001]
local_C1_25_i_read (read          ) [ 001]
local_C1_24_i_read (read          ) [ 001]
local_C1_23_i_read (read          ) [ 001]
local_C1_22_i_read (read          ) [ 001]
local_C1_21_i_read (read          ) [ 001]
local_C1_20_i_read (read          ) [ 001]
local_C1_19_i_read (read          ) [ 001]
local_C1_18_i_read (read          ) [ 001]
local_C1_17_i_read (read          ) [ 001]
local_C1_16_i_read (read          ) [ 001]
local_C1_15_i_read (read          ) [ 001]
local_C1_14_i_read (read          ) [ 001]
local_C1_13_i_read (read          ) [ 001]
local_C1_12_i_read (read          ) [ 001]
local_C1_11_i_read (read          ) [ 001]
local_C1_10_i_read (read          ) [ 001]
local_C1_9_i_read  (read          ) [ 001]
local_C1_8_i_read  (read          ) [ 001]
local_C1_7_i_read  (read          ) [ 001]
local_C1_6_i_read  (read          ) [ 001]
local_C1_5_i_read  (read          ) [ 001]
local_C1_4_i_read  (read          ) [ 001]
local_C1_3_i_read  (read          ) [ 001]
local_C1_2_i_read  (read          ) [ 001]
local_C1_1_i_read  (read          ) [ 001]
local_C1_i_read    (read          ) [ 001]
specinterface_ln0  (specinterface ) [ 000]
specinterface_ln0  (specinterface ) [ 000]
specmemcore_ln0    (specmemcore   ) [ 000]
call_ln0           (call          ) [ 000]
ret_ln0            (ret           ) [ 000]
</LifeTime>

<model>

<comp_list>
<comp id="0" class="1000" name="ni1">
<pin_list>
<pin id="1" dir="1" index="0" bw="1" slack="0"/>
</pin_list>
<bind>
<StgValue><ssdm name="ni1"/></StgValue>
</bind>
</comp>

<comp id="2" class="1000" name="local_C1_63_i">
<pin_list>
<pin id="3" dir="1" index="0" bw="1" slack="0"/>
</pin_list>
<bind>
<StgValue><ssdm name="local_C1_63_i"/></StgValue>
</bind>
</comp>

<comp id="4" class="1000" name="local_C1_62_i">
<pin_list>
<pin id="5" dir="1" index="0" bw="1" slack="0"/>
</pin_list>
<bind>
<StgValue><ssdm name="local_C1_62_i"/></StgValue>
</bind>
</comp>

<comp id="6" class="1000" name="local_C1_61_i">
<pin_list>
<pin id="7" dir="1" index="0" bw="1" slack="0"/>
</pin_list>
<bind>
<StgValue><ssdm name="local_C1_61_i"/></StgValue>
</bind>
</comp>

<comp id="8" class="1000" name="local_C1_60_i">
<pin_list>
<pin id="9" dir="1" index="0" bw="1" slack="0"/>
</pin_list>
<bind>
<StgValue><ssdm name="local_C1_60_i"/></StgValue>
</bind>
</comp>

<comp id="10" class="1000" name="local_C1_59_i">
<pin_list>
<pin id="11" dir="1" index="0" bw="1" slack="0"/>
</pin_list>
<bind>
<StgValue><ssdm name="local_C1_59_i"/></StgValue>
</bind>
</comp>

<comp id="12" class="1000" name="local_C1_58_i">
<pin_list>
<pin id="13" dir="1" index="0" bw="1" slack="0"/>
</pin_list>
<bind>
<StgValue><ssdm name="local_C1_58_i"/></StgValue>
</bind>
</comp>

<comp id="14" class="1000" name="local_C1_57_i">
<pin_list>
<pin id="15" dir="1" index="0" bw="1" slack="0"/>
</pin_list>
<bind>
<StgValue><ssdm name="local_C1_57_i"/></StgValue>
</bind>
</comp>

<comp id="16" class="1000" name="local_C1_56_i">
<pin_list>
<pin id="17" dir="1" index="0" bw="1" slack="0"/>
</pin_list>
<bind>
<StgValue><ssdm name="local_C1_56_i"/></StgValue>
</bind>
</comp>

<comp id="18" class="1000" name="local_C1_55_i">
<pin_list>
<pin id="19" dir="1" index="0" bw="1" slack="0"/>
</pin_list>
<bind>
<StgValue><ssdm name="local_C1_55_i"/></StgValue>
</bind>
</comp>

<comp id="20" class="1000" name="local_C1_54_i">
<pin_list>
<pin id="21" dir="1" index="0" bw="1" slack="0"/>
</pin_list>
<bind>
<StgValue><ssdm name="local_C1_54_i"/></StgValue>
</bind>
</comp>

<comp id="22" class="1000" name="local_C1_53_i">
<pin_list>
<pin id="23" dir="1" index="0" bw="1" slack="0"/>
</pin_list>
<bind>
<StgValue><ssdm name="local_C1_53_i"/></StgValue>
</bind>
</comp>

<comp id="24" class="1000" name="local_C1_52_i">
<pin_list>
<pin id="25" dir="1" index="0" bw="1" slack="0"/>
</pin_list>
<bind>
<StgValue><ssdm name="local_C1_52_i"/></StgValue>
</bind>
</comp>

<comp id="26" class="1000" name="local_C1_51_i">
<pin_list>
<pin id="27" dir="1" index="0" bw="1" slack="0"/>
</pin_list>
<bind>
<StgValue><ssdm name="local_C1_51_i"/></StgValue>
</bind>
</comp>

<comp id="28" class="1000" name="local_C1_50_i">
<pin_list>
<pin id="29" dir="1" index="0" bw="1" slack="0"/>
</pin_list>
<bind>
<StgValue><ssdm name="local_C1_50_i"/></StgValue>
</bind>
</comp>

<comp id="30" class="1000" name="local_C1_49_i">
<pin_list>
<pin id="31" dir="1" index="0" bw="1" slack="0"/>
</pin_list>
<bind>
<StgValue><ssdm name="local_C1_49_i"/></StgValue>
</bind>
</comp>

<comp id="32" class="1000" name="local_C1_48_i">
<pin_list>
<pin id="33" dir="1" index="0" bw="1" slack="0"/>
</pin_list>
<bind>
<StgValue><ssdm name="local_C1_48_i"/></StgValue>
</bind>
</comp>

<comp id="34" class="1000" name="local_C1_47_i">
<pin_list>
<pin id="35" dir="1" index="0" bw="1" slack="0"/>
</pin_list>
<bind>
<StgValue><ssdm name="local_C1_47_i"/></StgValue>
</bind>
</comp>

<comp id="36" class="1000" name="local_C1_46_i">
<pin_list>
<pin id="37" dir="1" index="0" bw="1" slack="0"/>
</pin_list>
<bind>
<StgValue><ssdm name="local_C1_46_i"/></StgValue>
</bind>
</comp>

<comp id="38" class="1000" name="local_C1_45_i">
<pin_list>
<pin id="39" dir="1" index="0" bw="1" slack="0"/>
</pin_list>
<bind>
<StgValue><ssdm name="local_C1_45_i"/></StgValue>
</bind>
</comp>

<comp id="40" class="1000" name="local_C1_44_i">
<pin_list>
<pin id="41" dir="1" index="0" bw="1" slack="0"/>
</pin_list>
<bind>
<StgValue><ssdm name="local_C1_44_i"/></StgValue>
</bind>
</comp>

<comp id="42" class="1000" name="local_C1_43_i">
<pin_list>
<pin id="43" dir="1" index="0" bw="1" slack="0"/>
</pin_list>
<bind>
<StgValue><ssdm name="local_C1_43_i"/></StgValue>
</bind>
</comp>

<comp id="44" class="1000" name="local_C1_42_i">
<pin_list>
<pin id="45" dir="1" index="0" bw="1" slack="0"/>
</pin_list>
<bind>
<StgValue><ssdm name="local_C1_42_i"/></StgValue>
</bind>
</comp>

<comp id="46" class="1000" name="local_C1_41_i">
<pin_list>
<pin id="47" dir="1" index="0" bw="1" slack="0"/>
</pin_list>
<bind>
<StgValue><ssdm name="local_C1_41_i"/></StgValue>
</bind>
</comp>

<comp id="48" class="1000" name="local_C1_40_i">
<pin_list>
<pin id="49" dir="1" index="0" bw="1" slack="0"/>
</pin_list>
<bind>
<StgValue><ssdm name="local_C1_40_i"/></StgValue>
</bind>
</comp>

<comp id="50" class="1000" name="local_C1_39_i">
<pin_list>
<pin id="51" dir="1" index="0" bw="1" slack="0"/>
</pin_list>
<bind>
<StgValue><ssdm name="local_C1_39_i"/></StgValue>
</bind>
</comp>

<comp id="52" class="1000" name="local_C1_38_i">
<pin_list>
<pin id="53" dir="1" index="0" bw="1" slack="0"/>
</pin_list>
<bind>
<StgValue><ssdm name="local_C1_38_i"/></StgValue>
</bind>
</comp>

<comp id="54" class="1000" name="local_C1_37_i">
<pin_list>
<pin id="55" dir="1" index="0" bw="1" slack="0"/>
</pin_list>
<bind>
<StgValue><ssdm name="local_C1_37_i"/></StgValue>
</bind>
</comp>

<comp id="56" class="1000" name="local_C1_36_i">
<pin_list>
<pin id="57" dir="1" index="0" bw="1" slack="0"/>
</pin_list>
<bind>
<StgValue><ssdm name="local_C1_36_i"/></StgValue>
</bind>
</comp>

<comp id="58" class="1000" name="local_C1_35_i">
<pin_list>
<pin id="59" dir="1" index="0" bw="1" slack="0"/>
</pin_list>
<bind>
<StgValue><ssdm name="local_C1_35_i"/></StgValue>
</bind>
</comp>

<comp id="60" class="1000" name="local_C1_34_i">
<pin_list>
<pin id="61" dir="1" index="0" bw="1" slack="0"/>
</pin_list>
<bind>
<StgValue><ssdm name="local_C1_34_i"/></StgValue>
</bind>
</comp>

<comp id="62" class="1000" name="local_C1_33_i">
<pin_list>
<pin id="63" dir="1" index="0" bw="1" slack="0"/>
</pin_list>
<bind>
<StgValue><ssdm name="local_C1_33_i"/></StgValue>
</bind>
</comp>

<comp id="64" class="1000" name="local_C1_32_i">
<pin_list>
<pin id="65" dir="1" index="0" bw="1" slack="0"/>
</pin_list>
<bind>
<StgValue><ssdm name="local_C1_32_i"/></StgValue>
</bind>
</comp>

<comp id="66" class="1000" name="local_C1_31_i">
<pin_list>
<pin id="67" dir="1" index="0" bw="1" slack="0"/>
</pin_list>
<bind>
<StgValue><ssdm name="local_C1_31_i"/></StgValue>
</bind>
</comp>

<comp id="68" class="1000" name="local_C1_30_i">
<pin_list>
<pin id="69" dir="1" index="0" bw="1" slack="0"/>
</pin_list>
<bind>
<StgValue><ssdm name="local_C1_30_i"/></StgValue>
</bind>
</comp>

<comp id="70" class="1000" name="local_C1_29_i">
<pin_list>
<pin id="71" dir="1" index="0" bw="1" slack="0"/>
</pin_list>
<bind>
<StgValue><ssdm name="local_C1_29_i"/></StgValue>
</bind>
</comp>

<comp id="72" class="1000" name="local_C1_28_i">
<pin_list>
<pin id="73" dir="1" index="0" bw="1" slack="0"/>
</pin_list>
<bind>
<StgValue><ssdm name="local_C1_28_i"/></StgValue>
</bind>
</comp>

<comp id="74" class="1000" name="local_C1_27_i">
<pin_list>
<pin id="75" dir="1" index="0" bw="1" slack="0"/>
</pin_list>
<bind>
<StgValue><ssdm name="local_C1_27_i"/></StgValue>
</bind>
</comp>

<comp id="76" class="1000" name="local_C1_26_i">
<pin_list>
<pin id="77" dir="1" index="0" bw="1" slack="0"/>
</pin_list>
<bind>
<StgValue><ssdm name="local_C1_26_i"/></StgValue>
</bind>
</comp>

<comp id="78" class="1000" name="local_C1_25_i">
<pin_list>
<pin id="79" dir="1" index="0" bw="1" slack="0"/>
</pin_list>
<bind>
<StgValue><ssdm name="local_C1_25_i"/></StgValue>
</bind>
</comp>

<comp id="80" class="1000" name="local_C1_24_i">
<pin_list>
<pin id="81" dir="1" index="0" bw="1" slack="0"/>
</pin_list>
<bind>
<StgValue><ssdm name="local_C1_24_i"/></StgValue>
</bind>
</comp>

<comp id="82" class="1000" name="local_C1_23_i">
<pin_list>
<pin id="83" dir="1" index="0" bw="1" slack="0"/>
</pin_list>
<bind>
<StgValue><ssdm name="local_C1_23_i"/></StgValue>
</bind>
</comp>

<comp id="84" class="1000" name="local_C1_22_i">
<pin_list>
<pin id="85" dir="1" index="0" bw="1" slack="0"/>
</pin_list>
<bind>
<StgValue><ssdm name="local_C1_22_i"/></StgValue>
</bind>
</comp>

<comp id="86" class="1000" name="local_C1_21_i">
<pin_list>
<pin id="87" dir="1" index="0" bw="1" slack="0"/>
</pin_list>
<bind>
<StgValue><ssdm name="local_C1_21_i"/></StgValue>
</bind>
</comp>

<comp id="88" class="1000" name="local_C1_20_i">
<pin_list>
<pin id="89" dir="1" index="0" bw="1" slack="0"/>
</pin_list>
<bind>
<StgValue><ssdm name="local_C1_20_i"/></StgValue>
</bind>
</comp>

<comp id="90" class="1000" name="local_C1_19_i">
<pin_list>
<pin id="91" dir="1" index="0" bw="1" slack="0"/>
</pin_list>
<bind>
<StgValue><ssdm name="local_C1_19_i"/></StgValue>
</bind>
</comp>

<comp id="92" class="1000" name="local_C1_18_i">
<pin_list>
<pin id="93" dir="1" index="0" bw="1" slack="0"/>
</pin_list>
<bind>
<StgValue><ssdm name="local_C1_18_i"/></StgValue>
</bind>
</comp>

<comp id="94" class="1000" name="local_C1_17_i">
<pin_list>
<pin id="95" dir="1" index="0" bw="1" slack="0"/>
</pin_list>
<bind>
<StgValue><ssdm name="local_C1_17_i"/></StgValue>
</bind>
</comp>

<comp id="96" class="1000" name="local_C1_16_i">
<pin_list>
<pin id="97" dir="1" index="0" bw="1" slack="0"/>
</pin_list>
<bind>
<StgValue><ssdm name="local_C1_16_i"/></StgValue>
</bind>
</comp>

<comp id="98" class="1000" name="local_C1_15_i">
<pin_list>
<pin id="99" dir="1" index="0" bw="1" slack="0"/>
</pin_list>
<bind>
<StgValue><ssdm name="local_C1_15_i"/></StgValue>
</bind>
</comp>

<comp id="100" class="1000" name="local_C1_14_i">
<pin_list>
<pin id="101" dir="1" index="0" bw="1" slack="0"/>
</pin_list>
<bind>
<StgValue><ssdm name="local_C1_14_i"/></StgValue>
</bind>
</comp>

<comp id="102" class="1000" name="local_C1_13_i">
<pin_list>
<pin id="103" dir="1" index="0" bw="1" slack="0"/>
</pin_list>
<bind>
<StgValue><ssdm name="local_C1_13_i"/></StgValue>
</bind>
</comp>

<comp id="104" class="1000" name="local_C1_12_i">
<pin_list>
<pin id="105" dir="1" index="0" bw="1" slack="0"/>
</pin_list>
<bind>
<StgValue><ssdm name="local_C1_12_i"/></StgValue>
</bind>
</comp>

<comp id="106" class="1000" name="local_C1_11_i">
<pin_list>
<pin id="107" dir="1" index="0" bw="1" slack="0"/>
</pin_list>
<bind>
<StgValue><ssdm name="local_C1_11_i"/></StgValue>
</bind>
</comp>

<comp id="108" class="1000" name="local_C1_10_i">
<pin_list>
<pin id="109" dir="1" index="0" bw="1" slack="0"/>
</pin_list>
<bind>
<StgValue><ssdm name="local_C1_10_i"/></StgValue>
</bind>
</comp>

<comp id="110" class="1000" name="local_C1_9_i">
<pin_list>
<pin id="111" dir="1" index="0" bw="1" slack="0"/>
</pin_list>
<bind>
<StgValue><ssdm name="local_C1_9_i"/></StgValue>
</bind>
</comp>

<comp id="112" class="1000" name="local_C1_8_i">
<pin_list>
<pin id="113" dir="1" index="0" bw="1" slack="0"/>
</pin_list>
<bind>
<StgValue><ssdm name="local_C1_8_i"/></StgValue>
</bind>
</comp>

<comp id="114" class="1000" name="local_C1_7_i">
<pin_list>
<pin id="115" dir="1" index="0" bw="1" slack="0"/>
</pin_list>
<bind>
<StgValue><ssdm name="local_C1_7_i"/></StgValue>
</bind>
</comp>

<comp id="116" class="1000" name="local_C1_6_i">
<pin_list>
<pin id="117" dir="1" index="0" bw="1" slack="0"/>
</pin_list>
<bind>
<StgValue><ssdm name="local_C1_6_i"/></StgValue>
</bind>
</comp>

<comp id="118" class="1000" name="local_C1_5_i">
<pin_list>
<pin id="119" dir="1" index="0" bw="1" slack="0"/>
</pin_list>
<bind>
<StgValue><ssdm name="local_C1_5_i"/></StgValue>
</bind>
</comp>

<comp id="120" class="1000" name="local_C1_4_i">
<pin_list>
<pin id="121" dir="1" index="0" bw="1" slack="0"/>
</pin_list>
<bind>
<StgValue><ssdm name="local_C1_4_i"/></StgValue>
</bind>
</comp>

<comp id="122" class="1000" name="local_C1_3_i">
<pin_list>
<pin id="123" dir="1" index="0" bw="1" slack="0"/>
</pin_list>
<bind>
<StgValue><ssdm name="local_C1_3_i"/></StgValue>
</bind>
</comp>

<comp id="124" class="1000" name="local_C1_2_i">
<pin_list>
<pin id="125" dir="1" index="0" bw="1" slack="0"/>
</pin_list>
<bind>
<StgValue><ssdm name="local_C1_2_i"/></StgValue>
</bind>
</comp>

<comp id="126" class="1000" name="local_C1_1_i">
<pin_list>
<pin id="127" dir="1" index="0" bw="1" slack="0"/>
</pin_list>
<bind>
<StgValue><ssdm name="local_C1_1_i"/></StgValue>
</bind>
</comp>

<comp id="128" class="1000" name="local_C1_i">
<pin_list>
<pin id="129" dir="1" index="0" bw="1" slack="0"/>
</pin_list>
<bind>
<StgValue><ssdm name="local_C1_i"/></StgValue>
</bind>
</comp>

<comp id="130" class="1000" name="mi1">
<pin_list>
<pin id="131" dir="1" index="0" bw="1" slack="0"/>
</pin_list>
<bind>
<StgValue><ssdm name="mi1"/></StgValue>
</bind>
</comp>

<comp id="132" class="1000" name="v1933">
<pin_list>
<pin id="133" dir="1" index="0" bw="1" slack="0"/>
</pin_list>
<bind>
<StgValue><ssdm name="v1933"/><MemPortTyVec>3 0 </MemPortTyVec>
</StgValue>
</bind>
</comp>

<comp id="134" class="1001" name="const_134">
<pin_list>
<pin id="135" dir="1" index="0" bw="1" slack="0"/>
</pin_list>
<bind>
<StgValue><ssdm name="_ssdm_op_Read.ap_fifo.i7P0A"/></StgValue>
</bind>
</comp>

<comp id="136" class="1001" name="const_136">
<pin_list>
<pin id="137" dir="1" index="0" bw="1" slack="0"/>
</pin_list>
<bind>
<StgValue><ssdm name="_ssdm_op_Read.ap_fifo.i6P0A"/></StgValue>
</bind>
</comp>

<comp id="138" class="1001" name="const_138">
<pin_list>
<pin id="139" dir="1" index="0" bw="1" slack="0"/>
</pin_list>
<bind>
<StgValue><ssdm name="_ssdm_op_BitConcatenate.i10.i7.i3"/></StgValue>
</bind>
</comp>

<comp id="140" class="1001" name="const_140">
<pin_list>
<pin id="141" dir="1" index="0" bw="1" slack="0"/>
</pin_list>
<bind>
<StgValue><ssdm name=""/></StgValue>
</bind>
</comp>

<comp id="142" class="1001" name="const_142">
<pin_list>
<pin id="143" dir="1" index="0" bw="1" slack="0"/>
</pin_list>
<bind>
<StgValue><ssdm name="_ssdm_op_BitConcatenate.i9.i6.i3"/></StgValue>
</bind>
</comp>

<comp id="144" class="1001" name="const_144">
<pin_list>
<pin id="145" dir="1" index="0" bw="1" slack="0"/>
</pin_list>
<bind>
<StgValue><ssdm name="_ssdm_op_Read.ap_auto.floatP0A"/></StgValue>
</bind>
</comp>

<comp id="146" class="1001" name="const_146">
<pin_list>
<pin id="147" dir="1" index="0" bw="1" slack="0"/>
</pin_list>
<bind>
<StgValue><ssdm name="dataflow_in_loop_l_ni1_Loop_l_store_C_tile_sj1_proc47_Pipeline_l_store_C_tile_sj"/></StgValue>
</bind>
</comp>

<comp id="148" class="1001" name="const_148">
<pin_list>
<pin id="149" dir="1" index="0" bw="1" slack="2147483647"/>
</pin_list>
<bind>
<StgValue><ssdm name="_ssdm_op_SpecInterface"/></StgValue>
</bind>
</comp>

<comp id="150" class="1001" name="const_150">
<pin_list>
<pin id="151" dir="1" index="0" bw="1" slack="2147483647"/>
</pin_list>
<bind>
<StgValue><ssdm name="ap_fifo_str"/></StgValue>
</bind>
</comp>

<comp id="152" class="1001" name="const_152">
<pin_list>
<pin id="153" dir="1" index="0" bw="1" slack="2147483647"/>
</pin_list>
<bind>
<StgValue><ssdm name=""/></StgValue>
</bind>
</comp>

<comp id="154" class="1001" name="const_154">
<pin_list>
<pin id="155" dir="1" index="0" bw="1" slack="2147483647"/>
</pin_list>
<bind>
<StgValue><ssdm name="p_str"/></StgValue>
</bind>
</comp>

<comp id="156" class="1001" name="const_156">
<pin_list>
<pin id="157" dir="1" index="0" bw="1" slack="2147483647"/>
</pin_list>
<bind>
<StgValue><ssdm name=""/></StgValue>
</bind>
</comp>

<comp id="158" class="1001" name="const_158">
<pin_list>
<pin id="159" dir="1" index="0" bw="1" slack="2147483647"/>
</pin_list>
<bind>
<StgValue><ssdm name=""/></StgValue>
</bind>
</comp>

<comp id="160" class="1001" name="const_160">
<pin_list>
<pin id="161" dir="1" index="0" bw="1" slack="2147483647"/>
</pin_list>
<bind>
<StgValue><ssdm name="ScalarProp_str"/></StgValue>
</bind>
</comp>

<comp id="162" class="1001" name="const_162">
<pin_list>
<pin id="163" dir="1" index="0" bw="1" slack="2147483647"/>
</pin_list>
<bind>
<StgValue><ssdm name=""/></StgValue>
</bind>
</comp>

<comp id="164" class="1001" name="const_164">
<pin_list>
<pin id="165" dir="1" index="0" bw="1" slack="2147483647"/>
</pin_list>
<bind>
<StgValue><ssdm name="_ssdm_op_SpecMemCore"/></StgValue>
</bind>
</comp>

<comp id="166" class="1001" name="const_166">
<pin_list>
<pin id="167" dir="1" index="0" bw="1" slack="2147483647"/>
</pin_list>
<bind>
<StgValue><ssdm name=""/></StgValue>
</bind>
</comp>

<comp id="168" class="1001" name="const_168">
<pin_list>
<pin id="169" dir="1" index="0" bw="1" slack="2147483647"/>
</pin_list>
<bind>
<StgValue><ssdm name=""/></StgValue>
</bind>
</comp>

<comp id="170" class="1001" name="const_170">
<pin_list>
<pin id="171" dir="1" index="0" bw="1" slack="2147483647"/>
</pin_list>
<bind>
<StgValue><ssdm name=""/></StgValue>
</bind>
</comp>

<comp id="172" class="1004" name="mi1_read_read_fu_172">
<pin_list>
<pin id="173" dir="0" index="0" bw="7" slack="0"/>
<pin id="174" dir="0" index="1" bw="7" slack="0"/>
<pin id="175" dir="1" index="2" bw="7" slack="0"/>
</pin_list>
<bind>
<opcode="read(1150) " fcode="read"/>
<opset="mi1_read/1 "/>
</bind>
</comp>

<comp id="178" class="1004" name="ni1_read_read_fu_178">
<pin_list>
<pin id="179" dir="0" index="0" bw="6" slack="0"/>
<pin id="180" dir="0" index="1" bw="6" slack="0"/>
<pin id="181" dir="1" index="2" bw="6" slack="0"/>
</pin_list>
<bind>
<opcode="read(1150) " fcode="read"/>
<opset="ni1_read/1 "/>
</bind>
</comp>

<comp id="184" class="1004" name="local_C1_63_i_read_read_fu_184">
<pin_list>
<pin id="185" dir="0" index="0" bw="32" slack="0"/>
<pin id="186" dir="0" index="1" bw="32" slack="0"/>
<pin id="187" dir="1" index="2" bw="32" slack="0"/>
</pin_list>
<bind>
<opcode="read(1150) " fcode="read"/>
<opset="local_C1_63_i_read/1 "/>
</bind>
</comp>

<comp id="190" class="1004" name="local_C1_62_i_read_read_fu_190">
<pin_list>
<pin id="191" dir="0" index="0" bw="32" slack="0"/>
<pin id="192" dir="0" index="1" bw="32" slack="0"/>
<pin id="193" dir="1" index="2" bw="32" slack="0"/>
</pin_list>
<bind>
<opcode="read(1150) " fcode="read"/>
<opset="local_C1_62_i_read/1 "/>
</bind>
</comp>

<comp id="196" class="1004" name="local_C1_61_i_read_read_fu_196">
<pin_list>
<pin id="197" dir="0" index="0" bw="32" slack="0"/>
<pin id="198" dir="0" index="1" bw="32" slack="0"/>
<pin id="199" dir="1" index="2" bw="32" slack="0"/>
</pin_list>
<bind>
<opcode="read(1150) " fcode="read"/>
<opset="local_C1_61_i_read/1 "/>
</bind>
</comp>

<comp id="202" class="1004" name="local_C1_60_i_read_read_fu_202">
<pin_list>
<pin id="203" dir="0" index="0" bw="32" slack="0"/>
<pin id="204" dir="0" index="1" bw="32" slack="0"/>
<pin id="205" dir="1" index="2" bw="32" slack="0"/>
</pin_list>
<bind>
<opcode="read(1150) " fcode="read"/>
<opset="local_C1_60_i_read/1 "/>
</bind>
</comp>

<comp id="208" class="1004" name="local_C1_59_i_read_read_fu_208">
<pin_list>
<pin id="209" dir="0" index="0" bw="32" slack="0"/>
<pin id="210" dir="0" index="1" bw="32" slack="0"/>
<pin id="211" dir="1" index="2" bw="32" slack="0"/>
</pin_list>
<bind>
<opcode="read(1150) " fcode="read"/>
<opset="local_C1_59_i_read/1 "/>
</bind>
</comp>

<comp id="214" class="1004" name="local_C1_58_i_read_read_fu_214">
<pin_list>
<pin id="215" dir="0" index="0" bw="32" slack="0"/>
<pin id="216" dir="0" index="1" bw="32" slack="0"/>
<pin id="217" dir="1" index="2" bw="32" slack="0"/>
</pin_list>
<bind>
<opcode="read(1150) " fcode="read"/>
<opset="local_C1_58_i_read/1 "/>
</bind>
</comp>

<comp id="220" class="1004" name="local_C1_57_i_read_read_fu_220">
<pin_list>
<pin id="221" dir="0" index="0" bw="32" slack="0"/>
<pin id="222" dir="0" index="1" bw="32" slack="0"/>
<pin id="223" dir="1" index="2" bw="32" slack="0"/>
</pin_list>
<bind>
<opcode="read(1150) " fcode="read"/>
<opset="local_C1_57_i_read/1 "/>
</bind>
</comp>

<comp id="226" class="1004" name="local_C1_56_i_read_read_fu_226">
<pin_list>
<pin id="227" dir="0" index="0" bw="32" slack="0"/>
<pin id="228" dir="0" index="1" bw="32" slack="0"/>
<pin id="229" dir="1" index="2" bw="32" slack="0"/>
</pin_list>
<bind>
<opcode="read(1150) " fcode="read"/>
<opset="local_C1_56_i_read/1 "/>
</bind>
</comp>

<comp id="232" class="1004" name="local_C1_55_i_read_read_fu_232">
<pin_list>
<pin id="233" dir="0" index="0" bw="32" slack="0"/>
<pin id="234" dir="0" index="1" bw="32" slack="0"/>
<pin id="235" dir="1" index="2" bw="32" slack="0"/>
</pin_list>
<bind>
<opcode="read(1150) " fcode="read"/>
<opset="local_C1_55_i_read/1 "/>
</bind>
</comp>

<comp id="238" class="1004" name="local_C1_54_i_read_read_fu_238">
<pin_list>
<pin id="239" dir="0" index="0" bw="32" slack="0"/>
<pin id="240" dir="0" index="1" bw="32" slack="0"/>
<pin id="241" dir="1" index="2" bw="32" slack="0"/>
</pin_list>
<bind>
<opcode="read(1150) " fcode="read"/>
<opset="local_C1_54_i_read/1 "/>
</bind>
</comp>

<comp id="244" class="1004" name="local_C1_53_i_read_read_fu_244">
<pin_list>
<pin id="245" dir="0" index="0" bw="32" slack="0"/>
<pin id="246" dir="0" index="1" bw="32" slack="0"/>
<pin id="247" dir="1" index="2" bw="32" slack="0"/>
</pin_list>
<bind>
<opcode="read(1150) " fcode="read"/>
<opset="local_C1_53_i_read/1 "/>
</bind>
</comp>

<comp id="250" class="1004" name="local_C1_52_i_read_read_fu_250">
<pin_list>
<pin id="251" dir="0" index="0" bw="32" slack="0"/>
<pin id="252" dir="0" index="1" bw="32" slack="0"/>
<pin id="253" dir="1" index="2" bw="32" slack="0"/>
</pin_list>
<bind>
<opcode="read(1150) " fcode="read"/>
<opset="local_C1_52_i_read/1 "/>
</bind>
</comp>

<comp id="256" class="1004" name="local_C1_51_i_read_read_fu_256">
<pin_list>
<pin id="257" dir="0" index="0" bw="32" slack="0"/>
<pin id="258" dir="0" index="1" bw="32" slack="0"/>
<pin id="259" dir="1" index="2" bw="32" slack="0"/>
</pin_list>
<bind>
<opcode="read(1150) " fcode="read"/>
<opset="local_C1_51_i_read/1 "/>
</bind>
</comp>

<comp id="262" class="1004" name="local_C1_50_i_read_read_fu_262">
<pin_list>
<pin id="263" dir="0" index="0" bw="32" slack="0"/>
<pin id="264" dir="0" index="1" bw="32" slack="0"/>
<pin id="265" dir="1" index="2" bw="32" slack="0"/>
</pin_list>
<bind>
<opcode="read(1150) " fcode="read"/>
<opset="local_C1_50_i_read/1 "/>
</bind>
</comp>

<comp id="268" class="1004" name="local_C1_49_i_read_read_fu_268">
<pin_list>
<pin id="269" dir="0" index="0" bw="32" slack="0"/>
<pin id="270" dir="0" index="1" bw="32" slack="0"/>
<pin id="271" dir="1" index="2" bw="32" slack="0"/>
</pin_list>
<bind>
<opcode="read(1150) " fcode="read"/>
<opset="local_C1_49_i_read/1 "/>
</bind>
</comp>

<comp id="274" class="1004" name="local_C1_48_i_read_read_fu_274">
<pin_list>
<pin id="275" dir="0" index="0" bw="32" slack="0"/>
<pin id="276" dir="0" index="1" bw="32" slack="0"/>
<pin id="277" dir="1" index="2" bw="32" slack="0"/>
</pin_list>
<bind>
<opcode="read(1150) " fcode="read"/>
<opset="local_C1_48_i_read/1 "/>
</bind>
</comp>

<comp id="280" class="1004" name="local_C1_47_i_read_read_fu_280">
<pin_list>
<pin id="281" dir="0" index="0" bw="32" slack="0"/>
<pin id="282" dir="0" index="1" bw="32" slack="0"/>
<pin id="283" dir="1" index="2" bw="32" slack="0"/>
</pin_list>
<bind>
<opcode="read(1150) " fcode="read"/>
<opset="local_C1_47_i_read/1 "/>
</bind>
</comp>

<comp id="286" class="1004" name="local_C1_46_i_read_read_fu_286">
<pin_list>
<pin id="287" dir="0" index="0" bw="32" slack="0"/>
<pin id="288" dir="0" index="1" bw="32" slack="0"/>
<pin id="289" dir="1" index="2" bw="32" slack="0"/>
</pin_list>
<bind>
<opcode="read(1150) " fcode="read"/>
<opset="local_C1_46_i_read/1 "/>
</bind>
</comp>

<comp id="292" class="1004" name="local_C1_45_i_read_read_fu_292">
<pin_list>
<pin id="293" dir="0" index="0" bw="32" slack="0"/>
<pin id="294" dir="0" index="1" bw="32" slack="0"/>
<pin id="295" dir="1" index="2" bw="32" slack="0"/>
</pin_list>
<bind>
<opcode="read(1150) " fcode="read"/>
<opset="local_C1_45_i_read/1 "/>
</bind>
</comp>

<comp id="298" class="1004" name="local_C1_44_i_read_read_fu_298">
<pin_list>
<pin id="299" dir="0" index="0" bw="32" slack="0"/>
<pin id="300" dir="0" index="1" bw="32" slack="0"/>
<pin id="301" dir="1" index="2" bw="32" slack="0"/>
</pin_list>
<bind>
<opcode="read(1150) " fcode="read"/>
<opset="local_C1_44_i_read/1 "/>
</bind>
</comp>

<comp id="304" class="1004" name="local_C1_43_i_read_read_fu_304">
<pin_list>
<pin id="305" dir="0" index="0" bw="32" slack="0"/>
<pin id="306" dir="0" index="1" bw="32" slack="0"/>
<pin id="307" dir="1" index="2" bw="32" slack="0"/>
</pin_list>
<bind>
<opcode="read(1150) " fcode="read"/>
<opset="local_C1_43_i_read/1 "/>
</bind>
</comp>

<comp id="310" class="1004" name="local_C1_42_i_read_read_fu_310">
<pin_list>
<pin id="311" dir="0" index="0" bw="32" slack="0"/>
<pin id="312" dir="0" index="1" bw="32" slack="0"/>
<pin id="313" dir="1" index="2" bw="32" slack="0"/>
</pin_list>
<bind>
<opcode="read(1150) " fcode="read"/>
<opset="local_C1_42_i_read/1 "/>
</bind>
</comp>

<comp id="316" class="1004" name="local_C1_41_i_read_read_fu_316">
<pin_list>
<pin id="317" dir="0" index="0" bw="32" slack="0"/>
<pin id="318" dir="0" index="1" bw="32" slack="0"/>
<pin id="319" dir="1" index="2" bw="32" slack="0"/>
</pin_list>
<bind>
<opcode="read(1150) " fcode="read"/>
<opset="local_C1_41_i_read/1 "/>
</bind>
</comp>

<comp id="322" class="1004" name="local_C1_40_i_read_read_fu_322">
<pin_list>
<pin id="323" dir="0" index="0" bw="32" slack="0"/>
<pin id="324" dir="0" index="1" bw="32" slack="0"/>
<pin id="325" dir="1" index="2" bw="32" slack="0"/>
</pin_list>
<bind>
<opcode="read(1150) " fcode="read"/>
<opset="local_C1_40_i_read/1 "/>
</bind>
</comp>

<comp id="328" class="1004" name="local_C1_39_i_read_read_fu_328">
<pin_list>
<pin id="329" dir="0" index="0" bw="32" slack="0"/>
<pin id="330" dir="0" index="1" bw="32" slack="0"/>
<pin id="331" dir="1" index="2" bw="32" slack="0"/>
</pin_list>
<bind>
<opcode="read(1150) " fcode="read"/>
<opset="local_C1_39_i_read/1 "/>
</bind>
</comp>

<comp id="334" class="1004" name="local_C1_38_i_read_read_fu_334">
<pin_list>
<pin id="335" dir="0" index="0" bw="32" slack="0"/>
<pin id="336" dir="0" index="1" bw="32" slack="0"/>
<pin id="337" dir="1" index="2" bw="32" slack="0"/>
</pin_list>
<bind>
<opcode="read(1150) " fcode="read"/>
<opset="local_C1_38_i_read/1 "/>
</bind>
</comp>

<comp id="340" class="1004" name="local_C1_37_i_read_read_fu_340">
<pin_list>
<pin id="341" dir="0" index="0" bw="32" slack="0"/>
<pin id="342" dir="0" index="1" bw="32" slack="0"/>
<pin id="343" dir="1" index="2" bw="32" slack="0"/>
</pin_list>
<bind>
<opcode="read(1150) " fcode="read"/>
<opset="local_C1_37_i_read/1 "/>
</bind>
</comp>

<comp id="346" class="1004" name="local_C1_36_i_read_read_fu_346">
<pin_list>
<pin id="347" dir="0" index="0" bw="32" slack="0"/>
<pin id="348" dir="0" index="1" bw="32" slack="0"/>
<pin id="349" dir="1" index="2" bw="32" slack="0"/>
</pin_list>
<bind>
<opcode="read(1150) " fcode="read"/>
<opset="local_C1_36_i_read/1 "/>
</bind>
</comp>

<comp id="352" class="1004" name="local_C1_35_i_read_read_fu_352">
<pin_list>
<pin id="353" dir="0" index="0" bw="32" slack="0"/>
<pin id="354" dir="0" index="1" bw="32" slack="0"/>
<pin id="355" dir="1" index="2" bw="32" slack="0"/>
</pin_list>
<bind>
<opcode="read(1150) " fcode="read"/>
<opset="local_C1_35_i_read/1 "/>
</bind>
</comp>

<comp id="358" class="1004" name="local_C1_34_i_read_read_fu_358">
<pin_list>
<pin id="359" dir="0" index="0" bw="32" slack="0"/>
<pin id="360" dir="0" index="1" bw="32" slack="0"/>
<pin id="361" dir="1" index="2" bw="32" slack="0"/>
</pin_list>
<bind>
<opcode="read(1150) " fcode="read"/>
<opset="local_C1_34_i_read/1 "/>
</bind>
</comp>

<comp id="364" class="1004" name="local_C1_33_i_read_read_fu_364">
<pin_list>
<pin id="365" dir="0" index="0" bw="32" slack="0"/>
<pin id="366" dir="0" index="1" bw="32" slack="0"/>
<pin id="367" dir="1" index="2" bw="32" slack="0"/>
</pin_list>
<bind>
<opcode="read(1150) " fcode="read"/>
<opset="local_C1_33_i_read/1 "/>
</bind>
</comp>

<comp id="370" class="1004" name="local_C1_32_i_read_read_fu_370">
<pin_list>
<pin id="371" dir="0" index="0" bw="32" slack="0"/>
<pin id="372" dir="0" index="1" bw="32" slack="0"/>
<pin id="373" dir="1" index="2" bw="32" slack="0"/>
</pin_list>
<bind>
<opcode="read(1150) " fcode="read"/>
<opset="local_C1_32_i_read/1 "/>
</bind>
</comp>

<comp id="376" class="1004" name="local_C1_31_i_read_read_fu_376">
<pin_list>
<pin id="377" dir="0" index="0" bw="32" slack="0"/>
<pin id="378" dir="0" index="1" bw="32" slack="0"/>
<pin id="379" dir="1" index="2" bw="32" slack="0"/>
</pin_list>
<bind>
<opcode="read(1150) " fcode="read"/>
<opset="local_C1_31_i_read/1 "/>
</bind>
</comp>

<comp id="382" class="1004" name="local_C1_30_i_read_read_fu_382">
<pin_list>
<pin id="383" dir="0" index="0" bw="32" slack="0"/>
<pin id="384" dir="0" index="1" bw="32" slack="0"/>
<pin id="385" dir="1" index="2" bw="32" slack="0"/>
</pin_list>
<bind>
<opcode="read(1150) " fcode="read"/>
<opset="local_C1_30_i_read/1 "/>
</bind>
</comp>

<comp id="388" class="1004" name="local_C1_29_i_read_read_fu_388">
<pin_list>
<pin id="389" dir="0" index="0" bw="32" slack="0"/>
<pin id="390" dir="0" index="1" bw="32" slack="0"/>
<pin id="391" dir="1" index="2" bw="32" slack="0"/>
</pin_list>
<bind>
<opcode="read(1150) " fcode="read"/>
<opset="local_C1_29_i_read/1 "/>
</bind>
</comp>

<comp id="394" class="1004" name="local_C1_28_i_read_read_fu_394">
<pin_list>
<pin id="395" dir="0" index="0" bw="32" slack="0"/>
<pin id="396" dir="0" index="1" bw="32" slack="0"/>
<pin id="397" dir="1" index="2" bw="32" slack="0"/>
</pin_list>
<bind>
<opcode="read(1150) " fcode="read"/>
<opset="local_C1_28_i_read/1 "/>
</bind>
</comp>

<comp id="400" class="1004" name="local_C1_27_i_read_read_fu_400">
<pin_list>
<pin id="401" dir="0" index="0" bw="32" slack="0"/>
<pin id="402" dir="0" index="1" bw="32" slack="0"/>
<pin id="403" dir="1" index="2" bw="32" slack="0"/>
</pin_list>
<bind>
<opcode="read(1150) " fcode="read"/>
<opset="local_C1_27_i_read/1 "/>
</bind>
</comp>

<comp id="406" class="1004" name="local_C1_26_i_read_read_fu_406">
<pin_list>
<pin id="407" dir="0" index="0" bw="32" slack="0"/>
<pin id="408" dir="0" index="1" bw="32" slack="0"/>
<pin id="409" dir="1" index="2" bw="32" slack="0"/>
</pin_list>
<bind>
<opcode="read(1150) " fcode="read"/>
<opset="local_C1_26_i_read/1 "/>
</bind>
</comp>

<comp id="412" class="1004" name="local_C1_25_i_read_read_fu_412">
<pin_list>
<pin id="413" dir="0" index="0" bw="32" slack="0"/>
<pin id="414" dir="0" index="1" bw="32" slack="0"/>
<pin id="415" dir="1" index="2" bw="32" slack="0"/>
</pin_list>
<bind>
<opcode="read(1150) " fcode="read"/>
<opset="local_C1_25_i_read/1 "/>
</bind>
</comp>

<comp id="418" class="1004" name="local_C1_24_i_read_read_fu_418">
<pin_list>
<pin id="419" dir="0" index="0" bw="32" slack="0"/>
<pin id="420" dir="0" index="1" bw="32" slack="0"/>
<pin id="421" dir="1" index="2" bw="32" slack="0"/>
</pin_list>
<bind>
<opcode="read(1150) " fcode="read"/>
<opset="local_C1_24_i_read/1 "/>
</bind>
</comp>

<comp id="424" class="1004" name="local_C1_23_i_read_read_fu_424">
<pin_list>
<pin id="425" dir="0" index="0" bw="32" slack="0"/>
<pin id="426" dir="0" index="1" bw="32" slack="0"/>
<pin id="427" dir="1" index="2" bw="32" slack="0"/>
</pin_list>
<bind>
<opcode="read(1150) " fcode="read"/>
<opset="local_C1_23_i_read/1 "/>
</bind>
</comp>

<comp id="430" class="1004" name="local_C1_22_i_read_read_fu_430">
<pin_list>
<pin id="431" dir="0" index="0" bw="32" slack="0"/>
<pin id="432" dir="0" index="1" bw="32" slack="0"/>
<pin id="433" dir="1" index="2" bw="32" slack="0"/>
</pin_list>
<bind>
<opcode="read(1150) " fcode="read"/>
<opset="local_C1_22_i_read/1 "/>
</bind>
</comp>

<comp id="436" class="1004" name="local_C1_21_i_read_read_fu_436">
<pin_list>
<pin id="437" dir="0" index="0" bw="32" slack="0"/>
<pin id="438" dir="0" index="1" bw="32" slack="0"/>
<pin id="439" dir="1" index="2" bw="32" slack="0"/>
</pin_list>
<bind>
<opcode="read(1150) " fcode="read"/>
<opset="local_C1_21_i_read/1 "/>
</bind>
</comp>

<comp id="442" class="1004" name="local_C1_20_i_read_read_fu_442">
<pin_list>
<pin id="443" dir="0" index="0" bw="32" slack="0"/>
<pin id="444" dir="0" index="1" bw="32" slack="0"/>
<pin id="445" dir="1" index="2" bw="32" slack="0"/>
</pin_list>
<bind>
<opcode="read(1150) " fcode="read"/>
<opset="local_C1_20_i_read/1 "/>
</bind>
</comp>

<comp id="448" class="1004" name="local_C1_19_i_read_read_fu_448">
<pin_list>
<pin id="449" dir="0" index="0" bw="32" slack="0"/>
<pin id="450" dir="0" index="1" bw="32" slack="0"/>
<pin id="451" dir="1" index="2" bw="32" slack="0"/>
</pin_list>
<bind>
<opcode="read(1150) " fcode="read"/>
<opset="local_C1_19_i_read/1 "/>
</bind>
</comp>

<comp id="454" class="1004" name="local_C1_18_i_read_read_fu_454">
<pin_list>
<pin id="455" dir="0" index="0" bw="32" slack="0"/>
<pin id="456" dir="0" index="1" bw="32" slack="0"/>
<pin id="457" dir="1" index="2" bw="32" slack="0"/>
</pin_list>
<bind>
<opcode="read(1150) " fcode="read"/>
<opset="local_C1_18_i_read/1 "/>
</bind>
</comp>

<comp id="460" class="1004" name="local_C1_17_i_read_read_fu_460">
<pin_list>
<pin id="461" dir="0" index="0" bw="32" slack="0"/>
<pin id="462" dir="0" index="1" bw="32" slack="0"/>
<pin id="463" dir="1" index="2" bw="32" slack="0"/>
</pin_list>
<bind>
<opcode="read(1150) " fcode="read"/>
<opset="local_C1_17_i_read/1 "/>
</bind>
</comp>

<comp id="466" class="1004" name="local_C1_16_i_read_read_fu_466">
<pin_list>
<pin id="467" dir="0" index="0" bw="32" slack="0"/>
<pin id="468" dir="0" index="1" bw="32" slack="0"/>
<pin id="469" dir="1" index="2" bw="32" slack="0"/>
</pin_list>
<bind>
<opcode="read(1150) " fcode="read"/>
<opset="local_C1_16_i_read/1 "/>
</bind>
</comp>

<comp id="472" class="1004" name="local_C1_15_i_read_read_fu_472">
<pin_list>
<pin id="473" dir="0" index="0" bw="32" slack="0"/>
<pin id="474" dir="0" index="1" bw="32" slack="0"/>
<pin id="475" dir="1" index="2" bw="32" slack="0"/>
</pin_list>
<bind>
<opcode="read(1150) " fcode="read"/>
<opset="local_C1_15_i_read/1 "/>
</bind>
</comp>

<comp id="478" class="1004" name="local_C1_14_i_read_read_fu_478">
<pin_list>
<pin id="479" dir="0" index="0" bw="32" slack="0"/>
<pin id="480" dir="0" index="1" bw="32" slack="0"/>
<pin id="481" dir="1" index="2" bw="32" slack="0"/>
</pin_list>
<bind>
<opcode="read(1150) " fcode="read"/>
<opset="local_C1_14_i_read/1 "/>
</bind>
</comp>

<comp id="484" class="1004" name="local_C1_13_i_read_read_fu_484">
<pin_list>
<pin id="485" dir="0" index="0" bw="32" slack="0"/>
<pin id="486" dir="0" index="1" bw="32" slack="0"/>
<pin id="487" dir="1" index="2" bw="32" slack="0"/>
</pin_list>
<bind>
<opcode="read(1150) " fcode="read"/>
<opset="local_C1_13_i_read/1 "/>
</bind>
</comp>

<comp id="490" class="1004" name="local_C1_12_i_read_read_fu_490">
<pin_list>
<pin id="491" dir="0" index="0" bw="32" slack="0"/>
<pin id="492" dir="0" index="1" bw="32" slack="0"/>
<pin id="493" dir="1" index="2" bw="32" slack="0"/>
</pin_list>
<bind>
<opcode="read(1150) " fcode="read"/>
<opset="local_C1_12_i_read/1 "/>
</bind>
</comp>

<comp id="496" class="1004" name="local_C1_11_i_read_read_fu_496">
<pin_list>
<pin id="497" dir="0" index="0" bw="32" slack="0"/>
<pin id="498" dir="0" index="1" bw="32" slack="0"/>
<pin id="499" dir="1" index="2" bw="32" slack="0"/>
</pin_list>
<bind>
<opcode="read(1150) " fcode="read"/>
<opset="local_C1_11_i_read/1 "/>
</bind>
</comp>

<comp id="502" class="1004" name="local_C1_10_i_read_read_fu_502">
<pin_list>
<pin id="503" dir="0" index="0" bw="32" slack="0"/>
<pin id="504" dir="0" index="1" bw="32" slack="0"/>
<pin id="505" dir="1" index="2" bw="32" slack="0"/>
</pin_list>
<bind>
<opcode="read(1150) " fcode="read"/>
<opset="local_C1_10_i_read/1 "/>
</bind>
</comp>

<comp id="508" class="1004" name="local_C1_9_i_read_read_fu_508">
<pin_list>
<pin id="509" dir="0" index="0" bw="32" slack="0"/>
<pin id="510" dir="0" index="1" bw="32" slack="0"/>
<pin id="511" dir="1" index="2" bw="32" slack="0"/>
</pin_list>
<bind>
<opcode="read(1150) " fcode="read"/>
<opset="local_C1_9_i_read/1 "/>
</bind>
</comp>

<comp id="514" class="1004" name="local_C1_8_i_read_read_fu_514">
<pin_list>
<pin id="515" dir="0" index="0" bw="32" slack="0"/>
<pin id="516" dir="0" index="1" bw="32" slack="0"/>
<pin id="517" dir="1" index="2" bw="32" slack="0"/>
</pin_list>
<bind>
<opcode="read(1150) " fcode="read"/>
<opset="local_C1_8_i_read/1 "/>
</bind>
</comp>

<comp id="520" class="1004" name="local_C1_7_i_read_read_fu_520">
<pin_list>
<pin id="521" dir="0" index="0" bw="32" slack="0"/>
<pin id="522" dir="0" index="1" bw="32" slack="0"/>
<pin id="523" dir="1" index="2" bw="32" slack="0"/>
</pin_list>
<bind>
<opcode="read(1150) " fcode="read"/>
<opset="local_C1_7_i_read/1 "/>
</bind>
</comp>

<comp id="526" class="1004" name="local_C1_6_i_read_read_fu_526">
<pin_list>
<pin id="527" dir="0" index="0" bw="32" slack="0"/>
<pin id="528" dir="0" index="1" bw="32" slack="0"/>
<pin id="529" dir="1" index="2" bw="32" slack="0"/>
</pin_list>
<bind>
<opcode="read(1150) " fcode="read"/>
<opset="local_C1_6_i_read/1 "/>
</bind>
</comp>

<comp id="532" class="1004" name="local_C1_5_i_read_read_fu_532">
<pin_list>
<pin id="533" dir="0" index="0" bw="32" slack="0"/>
<pin id="534" dir="0" index="1" bw="32" slack="0"/>
<pin id="535" dir="1" index="2" bw="32" slack="0"/>
</pin_list>
<bind>
<opcode="read(1150) " fcode="read"/>
<opset="local_C1_5_i_read/1 "/>
</bind>
</comp>

<comp id="538" class="1004" name="local_C1_4_i_read_read_fu_538">
<pin_list>
<pin id="539" dir="0" index="0" bw="32" slack="0"/>
<pin id="540" dir="0" index="1" bw="32" slack="0"/>
<pin id="541" dir="1" index="2" bw="32" slack="0"/>
</pin_list>
<bind>
<opcode="read(1150) " fcode="read"/>
<opset="local_C1_4_i_read/1 "/>
</bind>
</comp>

<comp id="544" class="1004" name="local_C1_3_i_read_read_fu_544">
<pin_list>
<pin id="545" dir="0" index="0" bw="32" slack="0"/>
<pin id="546" dir="0" index="1" bw="32" slack="0"/>
<pin id="547" dir="1" index="2" bw="32" slack="0"/>
</pin_list>
<bind>
<opcode="read(1150) " fcode="read"/>
<opset="local_C1_3_i_read/1 "/>
</bind>
</comp>

<comp id="550" class="1004" name="local_C1_2_i_read_read_fu_550">
<pin_list>
<pin id="551" dir="0" index="0" bw="32" slack="0"/>
<pin id="552" dir="0" index="1" bw="32" slack="0"/>
<pin id="553" dir="1" index="2" bw="32" slack="0"/>
</pin_list>
<bind>
<opcode="read(1150) " fcode="read"/>
<opset="local_C1_2_i_read/1 "/>
</bind>
</comp>

<comp id="556" class="1004" name="local_C1_1_i_read_read_fu_556">
<pin_list>
<pin id="557" dir="0" index="0" bw="32" slack="0"/>
<pin id="558" dir="0" index="1" bw="32" slack="0"/>
<pin id="559" dir="1" index="2" bw="32" slack="0"/>
</pin_list>
<bind>
<opcode="read(1150) " fcode="read"/>
<opset="local_C1_1_i_read/1 "/>
</bind>
</comp>

<comp id="562" class="1004" name="local_C1_i_read_read_fu_562">
<pin_list>
<pin id="563" dir="0" index="0" bw="32" slack="0"/>
<pin id="564" dir="0" index="1" bw="32" slack="0"/>
<pin id="565" dir="1" index="2" bw="32" slack="0"/>
</pin_list>
<bind>
<opcode="read(1150) " fcode="read"/>
<opset="local_C1_i_read/1 "/>
</bind>
</comp>

<comp id="568" class="1004" name="grp_dataflow_in_loop_l_ni1_Loop_l_store_C_tile_sj1_proc47_Pipeline_l_store_C_tile_sj_fu_568">
<pin_list>
<pin id="569" dir="0" index="0" bw="0" slack="0"/>
<pin id="570" dir="0" index="1" bw="9" slack="0"/>
<pin id="571" dir="0" index="2" bw="32" slack="0"/>
<pin id="572" dir="0" index="3" bw="32" slack="0"/>
<pin id="573" dir="0" index="4" bw="32" slack="0"/>
<pin id="574" dir="0" index="5" bw="32" slack="0"/>
<pin id="575" dir="0" index="6" bw="32" slack="0"/>
<pin id="576" dir="0" index="7" bw="32" slack="0"/>
<pin id="577" dir="0" index="8" bw="32" slack="0"/>
<pin id="578" dir="0" index="9" bw="32" slack="0"/>
<pin id="579" dir="0" index="10" bw="32" slack="0"/>
<pin id="580" dir="0" index="11" bw="32" slack="0"/>
<pin id="581" dir="0" index="12" bw="32" slack="0"/>
<pin id="582" dir="0" index="13" bw="32" slack="0"/>
<pin id="583" dir="0" index="14" bw="32" slack="0"/>
<pin id="584" dir="0" index="15" bw="32" slack="0"/>
<pin id="585" dir="0" index="16" bw="32" slack="0"/>
<pin id="586" dir="0" index="17" bw="32" slack="0"/>
<pin id="587" dir="0" index="18" bw="32" slack="0"/>
<pin id="588" dir="0" index="19" bw="32" slack="0"/>
<pin id="589" dir="0" index="20" bw="32" slack="0"/>
<pin id="590" dir="0" index="21" bw="32" slack="0"/>
<pin id="591" dir="0" index="22" bw="32" slack="0"/>
<pin id="592" dir="0" index="23" bw="32" slack="0"/>
<pin id="593" dir="0" index="24" bw="32" slack="0"/>
<pin id="594" dir="0" index="25" bw="32" slack="0"/>
<pin id="595" dir="0" index="26" bw="32" slack="0"/>
<pin id="596" dir="0" index="27" bw="32" slack="0"/>
<pin id="597" dir="0" index="28" bw="32" slack="0"/>
<pin id="598" dir="0" index="29" bw="32" slack="0"/>
<pin id="599" dir="0" index="30" bw="32" slack="0"/>
<pin id="600" dir="0" index="31" bw="32" slack="0"/>
<pin id="601" dir="0" index="32" bw="32" slack="0"/>
<pin id="602" dir="0" index="33" bw="32" slack="0"/>
<pin id="603" dir="0" index="34" bw="32" slack="0"/>
<pin id="604" dir="0" index="35" bw="32" slack="0"/>
<pin id="605" dir="0" index="36" bw="32" slack="0"/>
<pin id="606" dir="0" index="37" bw="32" slack="0"/>
<pin id="607" dir="0" index="38" bw="32" slack="0"/>
<pin id="608" dir="0" index="39" bw="32" slack="0"/>
<pin id="609" dir="0" index="40" bw="32" slack="0"/>
<pin id="610" dir="0" index="41" bw="32" slack="0"/>
<pin id="611" dir="0" index="42" bw="32" slack="0"/>
<pin id="612" dir="0" index="43" bw="32" slack="0"/>
<pin id="613" dir="0" index="44" bw="32" slack="0"/>
<pin id="614" dir="0" index="45" bw="32" slack="0"/>
<pin id="615" dir="0" index="46" bw="32" slack="0"/>
<pin id="616" dir="0" index="47" bw="32" slack="0"/>
<pin id="617" dir="0" index="48" bw="32" slack="0"/>
<pin id="618" dir="0" index="49" bw="32" slack="0"/>
<pin id="619" dir="0" index="50" bw="32" slack="0"/>
<pin id="620" dir="0" index="51" bw="32" slack="0"/>
<pin id="621" dir="0" index="52" bw="32" slack="0"/>
<pin id="622" dir="0" index="53" bw="32" slack="0"/>
<pin id="623" dir="0" index="54" bw="32" slack="0"/>
<pin id="624" dir="0" index="55" bw="32" slack="0"/>
<pin id="625" dir="0" index="56" bw="32" slack="0"/>
<pin id="626" dir="0" index="57" bw="32" slack="0"/>
<pin id="627" dir="0" index="58" bw="32" slack="0"/>
<pin id="628" dir="0" index="59" bw="32" slack="0"/>
<pin id="629" dir="0" index="60" bw="32" slack="0"/>
<pin id="630" dir="0" index="61" bw="32" slack="0"/>
<pin id="631" dir="0" index="62" bw="32" slack="0"/>
<pin id="632" dir="0" index="63" bw="32" slack="0"/>
<pin id="633" dir="0" index="64" bw="32" slack="0"/>
<pin id="634" dir="0" index="65" bw="32" slack="0"/>
<pin id="635" dir="0" index="66" bw="10" slack="0"/>
<pin id="636" dir="0" index="67" bw="32" slack="0"/>
<pin id="637" dir="1" index="68" bw="0" slack="2147483647"/>
</pin_list>
<bind>
<opcode="call(48) " fcode="call"/>
<opset="call_ln0/1 "/>
</bind>
</comp>

<comp id="704" class="1004" name="tmp_fu_704">
<pin_list>
<pin id="705" dir="0" index="0" bw="10" slack="0"/>
<pin id="706" dir="0" index="1" bw="7" slack="0"/>
<pin id="707" dir="0" index="2" bw="1" slack="0"/>
<pin id="708" dir="1" index="3" bw="10" slack="0"/>
</pin_list>
<bind>
<opcode="bitconcatenate(1004) " fcode="bitconcatenate"/>
<opset="tmp/1 "/>
</bind>
</comp>

<comp id="713" class="1004" name="tmp_s_fu_713">
<pin_list>
<pin id="714" dir="0" index="0" bw="9" slack="0"/>
<pin id="715" dir="0" index="1" bw="6" slack="0"/>
<pin id="716" dir="0" index="2" bw="1" slack="0"/>
<pin id="717" dir="1" index="3" bw="9" slack="0"/>
</pin_list>
<bind>
<opcode="bitconcatenate(1004) " fcode="bitconcatenate"/>
<opset="tmp_s/1 "/>
</bind>
</comp>

<comp id="722" class="1005" name="tmp_reg_722">
<pin_list>
<pin id="723" dir="0" index="0" bw="10" slack="1"/>
<pin id="724" dir="1" index="1" bw="10" slack="1"/>
</pin_list>
<bind>
<opset="tmp "/>
</bind>
</comp>

<comp id="727" class="1005" name="tmp_s_reg_727">
<pin_list>
<pin id="728" dir="0" index="0" bw="9" slack="1"/>
<pin id="729" dir="1" index="1" bw="9" slack="1"/>
</pin_list>
<bind>
<opset="tmp_s "/>
</bind>
</comp>

<comp id="732" class="1005" name="local_C1_63_i_read_reg_732">
<pin_list>
<pin id="733" dir="0" index="0" bw="32" slack="1"/>
<pin id="734" dir="1" index="1" bw="32" slack="1"/>
</pin_list>
<bind>
<opset="local_C1_63_i_read "/>
</bind>
</comp>

<comp id="737" class="1005" name="local_C1_62_i_read_reg_737">
<pin_list>
<pin id="738" dir="0" index="0" bw="32" slack="1"/>
<pin id="739" dir="1" index="1" bw="32" slack="1"/>
</pin_list>
<bind>
<opset="local_C1_62_i_read "/>
</bind>
</comp>

<comp id="742" class="1005" name="local_C1_61_i_read_reg_742">
<pin_list>
<pin id="743" dir="0" index="0" bw="32" slack="1"/>
<pin id="744" dir="1" index="1" bw="32" slack="1"/>
</pin_list>
<bind>
<opset="local_C1_61_i_read "/>
</bind>
</comp>

<comp id="747" class="1005" name="local_C1_60_i_read_reg_747">
<pin_list>
<pin id="748" dir="0" index="0" bw="32" slack="1"/>
<pin id="749" dir="1" index="1" bw="32" slack="1"/>
</pin_list>
<bind>
<opset="local_C1_60_i_read "/>
</bind>
</comp>

<comp id="752" class="1005" name="local_C1_59_i_read_reg_752">
<pin_list>
<pin id="753" dir="0" index="0" bw="32" slack="1"/>
<pin id="754" dir="1" index="1" bw="32" slack="1"/>
</pin_list>
<bind>
<opset="local_C1_59_i_read "/>
</bind>
</comp>

<comp id="757" class="1005" name="local_C1_58_i_read_reg_757">
<pin_list>
<pin id="758" dir="0" index="0" bw="32" slack="1"/>
<pin id="759" dir="1" index="1" bw="32" slack="1"/>
</pin_list>
<bind>
<opset="local_C1_58_i_read "/>
</bind>
</comp>

<comp id="762" class="1005" name="local_C1_57_i_read_reg_762">
<pin_list>
<pin id="763" dir="0" index="0" bw="32" slack="1"/>
<pin id="764" dir="1" index="1" bw="32" slack="1"/>
</pin_list>
<bind>
<opset="local_C1_57_i_read "/>
</bind>
</comp>

<comp id="767" class="1005" name="local_C1_56_i_read_reg_767">
<pin_list>
<pin id="768" dir="0" index="0" bw="32" slack="1"/>
<pin id="769" dir="1" index="1" bw="32" slack="1"/>
</pin_list>
<bind>
<opset="local_C1_56_i_read "/>
</bind>
</comp>

<comp id="772" class="1005" name="local_C1_55_i_read_reg_772">
<pin_list>
<pin id="773" dir="0" index="0" bw="32" slack="1"/>
<pin id="774" dir="1" index="1" bw="32" slack="1"/>
</pin_list>
<bind>
<opset="local_C1_55_i_read "/>
</bind>
</comp>

<comp id="777" class="1005" name="local_C1_54_i_read_reg_777">
<pin_list>
<pin id="778" dir="0" index="0" bw="32" slack="1"/>
<pin id="779" dir="1" index="1" bw="32" slack="1"/>
</pin_list>
<bind>
<opset="local_C1_54_i_read "/>
</bind>
</comp>

<comp id="782" class="1005" name="local_C1_53_i_read_reg_782">
<pin_list>
<pin id="783" dir="0" index="0" bw="32" slack="1"/>
<pin id="784" dir="1" index="1" bw="32" slack="1"/>
</pin_list>
<bind>
<opset="local_C1_53_i_read "/>
</bind>
</comp>

<comp id="787" class="1005" name="local_C1_52_i_read_reg_787">
<pin_list>
<pin id="788" dir="0" index="0" bw="32" slack="1"/>
<pin id="789" dir="1" index="1" bw="32" slack="1"/>
</pin_list>
<bind>
<opset="local_C1_52_i_read "/>
</bind>
</comp>

<comp id="792" class="1005" name="local_C1_51_i_read_reg_792">
<pin_list>
<pin id="793" dir="0" index="0" bw="32" slack="1"/>
<pin id="794" dir="1" index="1" bw="32" slack="1"/>
</pin_list>
<bind>
<opset="local_C1_51_i_read "/>
</bind>
</comp>

<comp id="797" class="1005" name="local_C1_50_i_read_reg_797">
<pin_list>
<pin id="798" dir="0" index="0" bw="32" slack="1"/>
<pin id="799" dir="1" index="1" bw="32" slack="1"/>
</pin_list>
<bind>
<opset="local_C1_50_i_read "/>
</bind>
</comp>

<comp id="802" class="1005" name="local_C1_49_i_read_reg_802">
<pin_list>
<pin id="803" dir="0" index="0" bw="32" slack="1"/>
<pin id="804" dir="1" index="1" bw="32" slack="1"/>
</pin_list>
<bind>
<opset="local_C1_49_i_read "/>
</bind>
</comp>

<comp id="807" class="1005" name="local_C1_48_i_read_reg_807">
<pin_list>
<pin id="808" dir="0" index="0" bw="32" slack="1"/>
<pin id="809" dir="1" index="1" bw="32" slack="1"/>
</pin_list>
<bind>
<opset="local_C1_48_i_read "/>
</bind>
</comp>

<comp id="812" class="1005" name="local_C1_47_i_read_reg_812">
<pin_list>
<pin id="813" dir="0" index="0" bw="32" slack="1"/>
<pin id="814" dir="1" index="1" bw="32" slack="1"/>
</pin_list>
<bind>
<opset="local_C1_47_i_read "/>
</bind>
</comp>

<comp id="817" class="1005" name="local_C1_46_i_read_reg_817">
<pin_list>
<pin id="818" dir="0" index="0" bw="32" slack="1"/>
<pin id="819" dir="1" index="1" bw="32" slack="1"/>
</pin_list>
<bind>
<opset="local_C1_46_i_read "/>
</bind>
</comp>

<comp id="822" class="1005" name="local_C1_45_i_read_reg_822">
<pin_list>
<pin id="823" dir="0" index="0" bw="32" slack="1"/>
<pin id="824" dir="1" index="1" bw="32" slack="1"/>
</pin_list>
<bind>
<opset="local_C1_45_i_read "/>
</bind>
</comp>

<comp id="827" class="1005" name="local_C1_44_i_read_reg_827">
<pin_list>
<pin id="828" dir="0" index="0" bw="32" slack="1"/>
<pin id="829" dir="1" index="1" bw="32" slack="1"/>
</pin_list>
<bind>
<opset="local_C1_44_i_read "/>
</bind>
</comp>

<comp id="832" class="1005" name="local_C1_43_i_read_reg_832">
<pin_list>
<pin id="833" dir="0" index="0" bw="32" slack="1"/>
<pin id="834" dir="1" index="1" bw="32" slack="1"/>
</pin_list>
<bind>
<opset="local_C1_43_i_read "/>
</bind>
</comp>

<comp id="837" class="1005" name="local_C1_42_i_read_reg_837">
<pin_list>
<pin id="838" dir="0" index="0" bw="32" slack="1"/>
<pin id="839" dir="1" index="1" bw="32" slack="1"/>
</pin_list>
<bind>
<opset="local_C1_42_i_read "/>
</bind>
</comp>

<comp id="842" class="1005" name="local_C1_41_i_read_reg_842">
<pin_list>
<pin id="843" dir="0" index="0" bw="32" slack="1"/>
<pin id="844" dir="1" index="1" bw="32" slack="1"/>
</pin_list>
<bind>
<opset="local_C1_41_i_read "/>
</bind>
</comp>

<comp id="847" class="1005" name="local_C1_40_i_read_reg_847">
<pin_list>
<pin id="848" dir="0" index="0" bw="32" slack="1"/>
<pin id="849" dir="1" index="1" bw="32" slack="1"/>
</pin_list>
<bind>
<opset="local_C1_40_i_read "/>
</bind>
</comp>

<comp id="852" class="1005" name="local_C1_39_i_read_reg_852">
<pin_list>
<pin id="853" dir="0" index="0" bw="32" slack="1"/>
<pin id="854" dir="1" index="1" bw="32" slack="1"/>
</pin_list>
<bind>
<opset="local_C1_39_i_read "/>
</bind>
</comp>

<comp id="857" class="1005" name="local_C1_38_i_read_reg_857">
<pin_list>
<pin id="858" dir="0" index="0" bw="32" slack="1"/>
<pin id="859" dir="1" index="1" bw="32" slack="1"/>
</pin_list>
<bind>
<opset="local_C1_38_i_read "/>
</bind>
</comp>

<comp id="862" class="1005" name="local_C1_37_i_read_reg_862">
<pin_list>
<pin id="863" dir="0" index="0" bw="32" slack="1"/>
<pin id="864" dir="1" index="1" bw="32" slack="1"/>
</pin_list>
<bind>
<opset="local_C1_37_i_read "/>
</bind>
</comp>

<comp id="867" class="1005" name="local_C1_36_i_read_reg_867">
<pin_list>
<pin id="868" dir="0" index="0" bw="32" slack="1"/>
<pin id="869" dir="1" index="1" bw="32" slack="1"/>
</pin_list>
<bind>
<opset="local_C1_36_i_read "/>
</bind>
</comp>

<comp id="872" class="1005" name="local_C1_35_i_read_reg_872">
<pin_list>
<pin id="873" dir="0" index="0" bw="32" slack="1"/>
<pin id="874" dir="1" index="1" bw="32" slack="1"/>
</pin_list>
<bind>
<opset="local_C1_35_i_read "/>
</bind>
</comp>

<comp id="877" class="1005" name="local_C1_34_i_read_reg_877">
<pin_list>
<pin id="878" dir="0" index="0" bw="32" slack="1"/>
<pin id="879" dir="1" index="1" bw="32" slack="1"/>
</pin_list>
<bind>
<opset="local_C1_34_i_read "/>
</bind>
</comp>

<comp id="882" class="1005" name="local_C1_33_i_read_reg_882">
<pin_list>
<pin id="883" dir="0" index="0" bw="32" slack="1"/>
<pin id="884" dir="1" index="1" bw="32" slack="1"/>
</pin_list>
<bind>
<opset="local_C1_33_i_read "/>
</bind>
</comp>

<comp id="887" class="1005" name="local_C1_32_i_read_reg_887">
<pin_list>
<pin id="888" dir="0" index="0" bw="32" slack="1"/>
<pin id="889" dir="1" index="1" bw="32" slack="1"/>
</pin_list>
<bind>
<opset="local_C1_32_i_read "/>
</bind>
</comp>

<comp id="892" class="1005" name="local_C1_31_i_read_reg_892">
<pin_list>
<pin id="893" dir="0" index="0" bw="32" slack="1"/>
<pin id="894" dir="1" index="1" bw="32" slack="1"/>
</pin_list>
<bind>
<opset="local_C1_31_i_read "/>
</bind>
</comp>

<comp id="897" class="1005" name="local_C1_30_i_read_reg_897">
<pin_list>
<pin id="898" dir="0" index="0" bw="32" slack="1"/>
<pin id="899" dir="1" index="1" bw="32" slack="1"/>
</pin_list>
<bind>
<opset="local_C1_30_i_read "/>
</bind>
</comp>

<comp id="902" class="1005" name="local_C1_29_i_read_reg_902">
<pin_list>
<pin id="903" dir="0" index="0" bw="32" slack="1"/>
<pin id="904" dir="1" index="1" bw="32" slack="1"/>
</pin_list>
<bind>
<opset="local_C1_29_i_read "/>
</bind>
</comp>

<comp id="907" class="1005" name="local_C1_28_i_read_reg_907">
<pin_list>
<pin id="908" dir="0" index="0" bw="32" slack="1"/>
<pin id="909" dir="1" index="1" bw="32" slack="1"/>
</pin_list>
<bind>
<opset="local_C1_28_i_read "/>
</bind>
</comp>

<comp id="912" class="1005" name="local_C1_27_i_read_reg_912">
<pin_list>
<pin id="913" dir="0" index="0" bw="32" slack="1"/>
<pin id="914" dir="1" index="1" bw="32" slack="1"/>
</pin_list>
<bind>
<opset="local_C1_27_i_read "/>
</bind>
</comp>

<comp id="917" class="1005" name="local_C1_26_i_read_reg_917">
<pin_list>
<pin id="918" dir="0" index="0" bw="32" slack="1"/>
<pin id="919" dir="1" index="1" bw="32" slack="1"/>
</pin_list>
<bind>
<opset="local_C1_26_i_read "/>
</bind>
</comp>

<comp id="922" class="1005" name="local_C1_25_i_read_reg_922">
<pin_list>
<pin id="923" dir="0" index="0" bw="32" slack="1"/>
<pin id="924" dir="1" index="1" bw="32" slack="1"/>
</pin_list>
<bind>
<opset="local_C1_25_i_read "/>
</bind>
</comp>

<comp id="927" class="1005" name="local_C1_24_i_read_reg_927">
<pin_list>
<pin id="928" dir="0" index="0" bw="32" slack="1"/>
<pin id="929" dir="1" index="1" bw="32" slack="1"/>
</pin_list>
<bind>
<opset="local_C1_24_i_read "/>
</bind>
</comp>

<comp id="932" class="1005" name="local_C1_23_i_read_reg_932">
<pin_list>
<pin id="933" dir="0" index="0" bw="32" slack="1"/>
<pin id="934" dir="1" index="1" bw="32" slack="1"/>
</pin_list>
<bind>
<opset="local_C1_23_i_read "/>
</bind>
</comp>

<comp id="937" class="1005" name="local_C1_22_i_read_reg_937">
<pin_list>
<pin id="938" dir="0" index="0" bw="32" slack="1"/>
<pin id="939" dir="1" index="1" bw="32" slack="1"/>
</pin_list>
<bind>
<opset="local_C1_22_i_read "/>
</bind>
</comp>

<comp id="942" class="1005" name="local_C1_21_i_read_reg_942">
<pin_list>
<pin id="943" dir="0" index="0" bw="32" slack="1"/>
<pin id="944" dir="1" index="1" bw="32" slack="1"/>
</pin_list>
<bind>
<opset="local_C1_21_i_read "/>
</bind>
</comp>

<comp id="947" class="1005" name="local_C1_20_i_read_reg_947">
<pin_list>
<pin id="948" dir="0" index="0" bw="32" slack="1"/>
<pin id="949" dir="1" index="1" bw="32" slack="1"/>
</pin_list>
<bind>
<opset="local_C1_20_i_read "/>
</bind>
</comp>

<comp id="952" class="1005" name="local_C1_19_i_read_reg_952">
<pin_list>
<pin id="953" dir="0" index="0" bw="32" slack="1"/>
<pin id="954" dir="1" index="1" bw="32" slack="1"/>
</pin_list>
<bind>
<opset="local_C1_19_i_read "/>
</bind>
</comp>

<comp id="957" class="1005" name="local_C1_18_i_read_reg_957">
<pin_list>
<pin id="958" dir="0" index="0" bw="32" slack="1"/>
<pin id="959" dir="1" index="1" bw="32" slack="1"/>
</pin_list>
<bind>
<opset="local_C1_18_i_read "/>
</bind>
</comp>

<comp id="962" class="1005" name="local_C1_17_i_read_reg_962">
<pin_list>
<pin id="963" dir="0" index="0" bw="32" slack="1"/>
<pin id="964" dir="1" index="1" bw="32" slack="1"/>
</pin_list>
<bind>
<opset="local_C1_17_i_read "/>
</bind>
</comp>

<comp id="967" class="1005" name="local_C1_16_i_read_reg_967">
<pin_list>
<pin id="968" dir="0" index="0" bw="32" slack="1"/>
<pin id="969" dir="1" index="1" bw="32" slack="1"/>
</pin_list>
<bind>
<opset="local_C1_16_i_read "/>
</bind>
</comp>

<comp id="972" class="1005" name="local_C1_15_i_read_reg_972">
<pin_list>
<pin id="973" dir="0" index="0" bw="32" slack="1"/>
<pin id="974" dir="1" index="1" bw="32" slack="1"/>
</pin_list>
<bind>
<opset="local_C1_15_i_read "/>
</bind>
</comp>

<comp id="977" class="1005" name="local_C1_14_i_read_reg_977">
<pin_list>
<pin id="978" dir="0" index="0" bw="32" slack="1"/>
<pin id="979" dir="1" index="1" bw="32" slack="1"/>
</pin_list>
<bind>
<opset="local_C1_14_i_read "/>
</bind>
</comp>

<comp id="982" class="1005" name="local_C1_13_i_read_reg_982">
<pin_list>
<pin id="983" dir="0" index="0" bw="32" slack="1"/>
<pin id="984" dir="1" index="1" bw="32" slack="1"/>
</pin_list>
<bind>
<opset="local_C1_13_i_read "/>
</bind>
</comp>

<comp id="987" class="1005" name="local_C1_12_i_read_reg_987">
<pin_list>
<pin id="988" dir="0" index="0" bw="32" slack="1"/>
<pin id="989" dir="1" index="1" bw="32" slack="1"/>
</pin_list>
<bind>
<opset="local_C1_12_i_read "/>
</bind>
</comp>

<comp id="992" class="1005" name="local_C1_11_i_read_reg_992">
<pin_list>
<pin id="993" dir="0" index="0" bw="32" slack="1"/>
<pin id="994" dir="1" index="1" bw="32" slack="1"/>
</pin_list>
<bind>
<opset="local_C1_11_i_read "/>
</bind>
</comp>

<comp id="997" class="1005" name="local_C1_10_i_read_reg_997">
<pin_list>
<pin id="998" dir="0" index="0" bw="32" slack="1"/>
<pin id="999" dir="1" index="1" bw="32" slack="1"/>
</pin_list>
<bind>
<opset="local_C1_10_i_read "/>
</bind>
</comp>

<comp id="1002" class="1005" name="local_C1_9_i_read_reg_1002">
<pin_list>
<pin id="1003" dir="0" index="0" bw="32" slack="1"/>
<pin id="1004" dir="1" index="1" bw="32" slack="1"/>
</pin_list>
<bind>
<opset="local_C1_9_i_read "/>
</bind>
</comp>

<comp id="1007" class="1005" name="local_C1_8_i_read_reg_1007">
<pin_list>
<pin id="1008" dir="0" index="0" bw="32" slack="1"/>
<pin id="1009" dir="1" index="1" bw="32" slack="1"/>
</pin_list>
<bind>
<opset="local_C1_8_i_read "/>
</bind>
</comp>

<comp id="1012" class="1005" name="local_C1_7_i_read_reg_1012">
<pin_list>
<pin id="1013" dir="0" index="0" bw="32" slack="1"/>
<pin id="1014" dir="1" index="1" bw="32" slack="1"/>
</pin_list>
<bind>
<opset="local_C1_7_i_read "/>
</bind>
</comp>

<comp id="1017" class="1005" name="local_C1_6_i_read_reg_1017">
<pin_list>
<pin id="1018" dir="0" index="0" bw="32" slack="1"/>
<pin id="1019" dir="1" index="1" bw="32" slack="1"/>
</pin_list>
<bind>
<opset="local_C1_6_i_read "/>
</bind>
</comp>

<comp id="1022" class="1005" name="local_C1_5_i_read_reg_1022">
<pin_list>
<pin id="1023" dir="0" index="0" bw="32" slack="1"/>
<pin id="1024" dir="1" index="1" bw="32" slack="1"/>
</pin_list>
<bind>
<opset="local_C1_5_i_read "/>
</bind>
</comp>

<comp id="1027" class="1005" name="local_C1_4_i_read_reg_1027">
<pin_list>
<pin id="1028" dir="0" index="0" bw="32" slack="1"/>
<pin id="1029" dir="1" index="1" bw="32" slack="1"/>
</pin_list>
<bind>
<opset="local_C1_4_i_read "/>
</bind>
</comp>

<comp id="1032" class="1005" name="local_C1_3_i_read_reg_1032">
<pin_list>
<pin id="1033" dir="0" index="0" bw="32" slack="1"/>
<pin id="1034" dir="1" index="1" bw="32" slack="1"/>
</pin_list>
<bind>
<opset="local_C1_3_i_read "/>
</bind>
</comp>

<comp id="1037" class="1005" name="local_C1_2_i_read_reg_1037">
<pin_list>
<pin id="1038" dir="0" index="0" bw="32" slack="1"/>
<pin id="1039" dir="1" index="1" bw="32" slack="1"/>
</pin_list>
<bind>
<opset="local_C1_2_i_read "/>
</bind>
</comp>

<comp id="1042" class="1005" name="local_C1_1_i_read_reg_1042">
<pin_list>
<pin id="1043" dir="0" index="0" bw="32" slack="1"/>
<pin id="1044" dir="1" index="1" bw="32" slack="1"/>
</pin_list>
<bind>
<opset="local_C1_1_i_read "/>
</bind>
</comp>

<comp id="1047" class="1005" name="local_C1_i_read_reg_1047">
<pin_list>
<pin id="1048" dir="0" index="0" bw="32" slack="1"/>
<pin id="1049" dir="1" index="1" bw="32" slack="1"/>
</pin_list>
<bind>
<opset="local_C1_i_read "/>
</bind>
</comp>

</comp_list>

<net_list>
<net id="176"><net_src comp="134" pin="0"/><net_sink comp="172" pin=0"/></net>

<net id="177"><net_src comp="130" pin="0"/><net_sink comp="172" pin=1"/></net>

<net id="182"><net_src comp="136" pin="0"/><net_sink comp="178" pin=0"/></net>

<net id="183"><net_src comp="0" pin="0"/><net_sink comp="178" pin=1"/></net>

<net id="188"><net_src comp="144" pin="0"/><net_sink comp="184" pin=0"/></net>

<net id="189"><net_src comp="2" pin="0"/><net_sink comp="184" pin=1"/></net>

<net id="194"><net_src comp="144" pin="0"/><net_sink comp="190" pin=0"/></net>

<net id="195"><net_src comp="4" pin="0"/><net_sink comp="190" pin=1"/></net>

<net id="200"><net_src comp="144" pin="0"/><net_sink comp="196" pin=0"/></net>

<net id="201"><net_src comp="6" pin="0"/><net_sink comp="196" pin=1"/></net>

<net id="206"><net_src comp="144" pin="0"/><net_sink comp="202" pin=0"/></net>

<net id="207"><net_src comp="8" pin="0"/><net_sink comp="202" pin=1"/></net>

<net id="212"><net_src comp="144" pin="0"/><net_sink comp="208" pin=0"/></net>

<net id="213"><net_src comp="10" pin="0"/><net_sink comp="208" pin=1"/></net>

<net id="218"><net_src comp="144" pin="0"/><net_sink comp="214" pin=0"/></net>

<net id="219"><net_src comp="12" pin="0"/><net_sink comp="214" pin=1"/></net>

<net id="224"><net_src comp="144" pin="0"/><net_sink comp="220" pin=0"/></net>

<net id="225"><net_src comp="14" pin="0"/><net_sink comp="220" pin=1"/></net>

<net id="230"><net_src comp="144" pin="0"/><net_sink comp="226" pin=0"/></net>

<net id="231"><net_src comp="16" pin="0"/><net_sink comp="226" pin=1"/></net>

<net id="236"><net_src comp="144" pin="0"/><net_sink comp="232" pin=0"/></net>

<net id="237"><net_src comp="18" pin="0"/><net_sink comp="232" pin=1"/></net>

<net id="242"><net_src comp="144" pin="0"/><net_sink comp="238" pin=0"/></net>

<net id="243"><net_src comp="20" pin="0"/><net_sink comp="238" pin=1"/></net>

<net id="248"><net_src comp="144" pin="0"/><net_sink comp="244" pin=0"/></net>

<net id="249"><net_src comp="22" pin="0"/><net_sink comp="244" pin=1"/></net>

<net id="254"><net_src comp="144" pin="0"/><net_sink comp="250" pin=0"/></net>

<net id="255"><net_src comp="24" pin="0"/><net_sink comp="250" pin=1"/></net>

<net id="260"><net_src comp="144" pin="0"/><net_sink comp="256" pin=0"/></net>

<net id="261"><net_src comp="26" pin="0"/><net_sink comp="256" pin=1"/></net>

<net id="266"><net_src comp="144" pin="0"/><net_sink comp="262" pin=0"/></net>

<net id="267"><net_src comp="28" pin="0"/><net_sink comp="262" pin=1"/></net>

<net id="272"><net_src comp="144" pin="0"/><net_sink comp="268" pin=0"/></net>

<net id="273"><net_src comp="30" pin="0"/><net_sink comp="268" pin=1"/></net>

<net id="278"><net_src comp="144" pin="0"/><net_sink comp="274" pin=0"/></net>

<net id="279"><net_src comp="32" pin="0"/><net_sink comp="274" pin=1"/></net>

<net id="284"><net_src comp="144" pin="0"/><net_sink comp="280" pin=0"/></net>

<net id="285"><net_src comp="34" pin="0"/><net_sink comp="280" pin=1"/></net>

<net id="290"><net_src comp="144" pin="0"/><net_sink comp="286" pin=0"/></net>

<net id="291"><net_src comp="36" pin="0"/><net_sink comp="286" pin=1"/></net>

<net id="296"><net_src comp="144" pin="0"/><net_sink comp="292" pin=0"/></net>

<net id="297"><net_src comp="38" pin="0"/><net_sink comp="292" pin=1"/></net>

<net id="302"><net_src comp="144" pin="0"/><net_sink comp="298" pin=0"/></net>

<net id="303"><net_src comp="40" pin="0"/><net_sink comp="298" pin=1"/></net>

<net id="308"><net_src comp="144" pin="0"/><net_sink comp="304" pin=0"/></net>

<net id="309"><net_src comp="42" pin="0"/><net_sink comp="304" pin=1"/></net>

<net id="314"><net_src comp="144" pin="0"/><net_sink comp="310" pin=0"/></net>

<net id="315"><net_src comp="44" pin="0"/><net_sink comp="310" pin=1"/></net>

<net id="320"><net_src comp="144" pin="0"/><net_sink comp="316" pin=0"/></net>

<net id="321"><net_src comp="46" pin="0"/><net_sink comp="316" pin=1"/></net>

<net id="326"><net_src comp="144" pin="0"/><net_sink comp="322" pin=0"/></net>

<net id="327"><net_src comp="48" pin="0"/><net_sink comp="322" pin=1"/></net>

<net id="332"><net_src comp="144" pin="0"/><net_sink comp="328" pin=0"/></net>

<net id="333"><net_src comp="50" pin="0"/><net_sink comp="328" pin=1"/></net>

<net id="338"><net_src comp="144" pin="0"/><net_sink comp="334" pin=0"/></net>

<net id="339"><net_src comp="52" pin="0"/><net_sink comp="334" pin=1"/></net>

<net id="344"><net_src comp="144" pin="0"/><net_sink comp="340" pin=0"/></net>

<net id="345"><net_src comp="54" pin="0"/><net_sink comp="340" pin=1"/></net>

<net id="350"><net_src comp="144" pin="0"/><net_sink comp="346" pin=0"/></net>

<net id="351"><net_src comp="56" pin="0"/><net_sink comp="346" pin=1"/></net>

<net id="356"><net_src comp="144" pin="0"/><net_sink comp="352" pin=0"/></net>

<net id="357"><net_src comp="58" pin="0"/><net_sink comp="352" pin=1"/></net>

<net id="362"><net_src comp="144" pin="0"/><net_sink comp="358" pin=0"/></net>

<net id="363"><net_src comp="60" pin="0"/><net_sink comp="358" pin=1"/></net>

<net id="368"><net_src comp="144" pin="0"/><net_sink comp="364" pin=0"/></net>

<net id="369"><net_src comp="62" pin="0"/><net_sink comp="364" pin=1"/></net>

<net id="374"><net_src comp="144" pin="0"/><net_sink comp="370" pin=0"/></net>

<net id="375"><net_src comp="64" pin="0"/><net_sink comp="370" pin=1"/></net>

<net id="380"><net_src comp="144" pin="0"/><net_sink comp="376" pin=0"/></net>

<net id="381"><net_src comp="66" pin="0"/><net_sink comp="376" pin=1"/></net>

<net id="386"><net_src comp="144" pin="0"/><net_sink comp="382" pin=0"/></net>

<net id="387"><net_src comp="68" pin="0"/><net_sink comp="382" pin=1"/></net>

<net id="392"><net_src comp="144" pin="0"/><net_sink comp="388" pin=0"/></net>

<net id="393"><net_src comp="70" pin="0"/><net_sink comp="388" pin=1"/></net>

<net id="398"><net_src comp="144" pin="0"/><net_sink comp="394" pin=0"/></net>

<net id="399"><net_src comp="72" pin="0"/><net_sink comp="394" pin=1"/></net>

<net id="404"><net_src comp="144" pin="0"/><net_sink comp="400" pin=0"/></net>

<net id="405"><net_src comp="74" pin="0"/><net_sink comp="400" pin=1"/></net>

<net id="410"><net_src comp="144" pin="0"/><net_sink comp="406" pin=0"/></net>

<net id="411"><net_src comp="76" pin="0"/><net_sink comp="406" pin=1"/></net>

<net id="416"><net_src comp="144" pin="0"/><net_sink comp="412" pin=0"/></net>

<net id="417"><net_src comp="78" pin="0"/><net_sink comp="412" pin=1"/></net>

<net id="422"><net_src comp="144" pin="0"/><net_sink comp="418" pin=0"/></net>

<net id="423"><net_src comp="80" pin="0"/><net_sink comp="418" pin=1"/></net>

<net id="428"><net_src comp="144" pin="0"/><net_sink comp="424" pin=0"/></net>

<net id="429"><net_src comp="82" pin="0"/><net_sink comp="424" pin=1"/></net>

<net id="434"><net_src comp="144" pin="0"/><net_sink comp="430" pin=0"/></net>

<net id="435"><net_src comp="84" pin="0"/><net_sink comp="430" pin=1"/></net>

<net id="440"><net_src comp="144" pin="0"/><net_sink comp="436" pin=0"/></net>

<net id="441"><net_src comp="86" pin="0"/><net_sink comp="436" pin=1"/></net>

<net id="446"><net_src comp="144" pin="0"/><net_sink comp="442" pin=0"/></net>

<net id="447"><net_src comp="88" pin="0"/><net_sink comp="442" pin=1"/></net>

<net id="452"><net_src comp="144" pin="0"/><net_sink comp="448" pin=0"/></net>

<net id="453"><net_src comp="90" pin="0"/><net_sink comp="448" pin=1"/></net>

<net id="458"><net_src comp="144" pin="0"/><net_sink comp="454" pin=0"/></net>

<net id="459"><net_src comp="92" pin="0"/><net_sink comp="454" pin=1"/></net>

<net id="464"><net_src comp="144" pin="0"/><net_sink comp="460" pin=0"/></net>

<net id="465"><net_src comp="94" pin="0"/><net_sink comp="460" pin=1"/></net>

<net id="470"><net_src comp="144" pin="0"/><net_sink comp="466" pin=0"/></net>

<net id="471"><net_src comp="96" pin="0"/><net_sink comp="466" pin=1"/></net>

<net id="476"><net_src comp="144" pin="0"/><net_sink comp="472" pin=0"/></net>

<net id="477"><net_src comp="98" pin="0"/><net_sink comp="472" pin=1"/></net>

<net id="482"><net_src comp="144" pin="0"/><net_sink comp="478" pin=0"/></net>

<net id="483"><net_src comp="100" pin="0"/><net_sink comp="478" pin=1"/></net>

<net id="488"><net_src comp="144" pin="0"/><net_sink comp="484" pin=0"/></net>

<net id="489"><net_src comp="102" pin="0"/><net_sink comp="484" pin=1"/></net>

<net id="494"><net_src comp="144" pin="0"/><net_sink comp="490" pin=0"/></net>

<net id="495"><net_src comp="104" pin="0"/><net_sink comp="490" pin=1"/></net>

<net id="500"><net_src comp="144" pin="0"/><net_sink comp="496" pin=0"/></net>

<net id="501"><net_src comp="106" pin="0"/><net_sink comp="496" pin=1"/></net>

<net id="506"><net_src comp="144" pin="0"/><net_sink comp="502" pin=0"/></net>

<net id="507"><net_src comp="108" pin="0"/><net_sink comp="502" pin=1"/></net>

<net id="512"><net_src comp="144" pin="0"/><net_sink comp="508" pin=0"/></net>

<net id="513"><net_src comp="110" pin="0"/><net_sink comp="508" pin=1"/></net>

<net id="518"><net_src comp="144" pin="0"/><net_sink comp="514" pin=0"/></net>

<net id="519"><net_src comp="112" pin="0"/><net_sink comp="514" pin=1"/></net>

<net id="524"><net_src comp="144" pin="0"/><net_sink comp="520" pin=0"/></net>

<net id="525"><net_src comp="114" pin="0"/><net_sink comp="520" pin=1"/></net>

<net id="530"><net_src comp="144" pin="0"/><net_sink comp="526" pin=0"/></net>

<net id="531"><net_src comp="116" pin="0"/><net_sink comp="526" pin=1"/></net>

<net id="536"><net_src comp="144" pin="0"/><net_sink comp="532" pin=0"/></net>

<net id="537"><net_src comp="118" pin="0"/><net_sink comp="532" pin=1"/></net>

<net id="542"><net_src comp="144" pin="0"/><net_sink comp="538" pin=0"/></net>

<net id="543"><net_src comp="120" pin="0"/><net_sink comp="538" pin=1"/></net>

<net id="548"><net_src comp="144" pin="0"/><net_sink comp="544" pin=0"/></net>

<net id="549"><net_src comp="122" pin="0"/><net_sink comp="544" pin=1"/></net>

<net id="554"><net_src comp="144" pin="0"/><net_sink comp="550" pin=0"/></net>

<net id="555"><net_src comp="124" pin="0"/><net_sink comp="550" pin=1"/></net>

<net id="560"><net_src comp="144" pin="0"/><net_sink comp="556" pin=0"/></net>

<net id="561"><net_src comp="126" pin="0"/><net_sink comp="556" pin=1"/></net>

<net id="566"><net_src comp="144" pin="0"/><net_sink comp="562" pin=0"/></net>

<net id="567"><net_src comp="128" pin="0"/><net_sink comp="562" pin=1"/></net>

<net id="638"><net_src comp="146" pin="0"/><net_sink comp="568" pin=0"/></net>

<net id="639"><net_src comp="184" pin="2"/><net_sink comp="568" pin=2"/></net>

<net id="640"><net_src comp="190" pin="2"/><net_sink comp="568" pin=3"/></net>

<net id="641"><net_src comp="196" pin="2"/><net_sink comp="568" pin=4"/></net>

<net id="642"><net_src comp="202" pin="2"/><net_sink comp="568" pin=5"/></net>

<net id="643"><net_src comp="208" pin="2"/><net_sink comp="568" pin=6"/></net>

<net id="644"><net_src comp="214" pin="2"/><net_sink comp="568" pin=7"/></net>

<net id="645"><net_src comp="220" pin="2"/><net_sink comp="568" pin=8"/></net>

<net id="646"><net_src comp="226" pin="2"/><net_sink comp="568" pin=9"/></net>

<net id="647"><net_src comp="232" pin="2"/><net_sink comp="568" pin=10"/></net>

<net id="648"><net_src comp="238" pin="2"/><net_sink comp="568" pin=11"/></net>

<net id="649"><net_src comp="244" pin="2"/><net_sink comp="568" pin=12"/></net>

<net id="650"><net_src comp="250" pin="2"/><net_sink comp="568" pin=13"/></net>

<net id="651"><net_src comp="256" pin="2"/><net_sink comp="568" pin=14"/></net>

<net id="652"><net_src comp="262" pin="2"/><net_sink comp="568" pin=15"/></net>

<net id="653"><net_src comp="268" pin="2"/><net_sink comp="568" pin=16"/></net>

<net id="654"><net_src comp="274" pin="2"/><net_sink comp="568" pin=17"/></net>

<net id="655"><net_src comp="280" pin="2"/><net_sink comp="568" pin=18"/></net>

<net id="656"><net_src comp="286" pin="2"/><net_sink comp="568" pin=19"/></net>

<net id="657"><net_src comp="292" pin="2"/><net_sink comp="568" pin=20"/></net>

<net id="658"><net_src comp="298" pin="2"/><net_sink comp="568" pin=21"/></net>

<net id="659"><net_src comp="304" pin="2"/><net_sink comp="568" pin=22"/></net>

<net id="660"><net_src comp="310" pin="2"/><net_sink comp="568" pin=23"/></net>

<net id="661"><net_src comp="316" pin="2"/><net_sink comp="568" pin=24"/></net>

<net id="662"><net_src comp="322" pin="2"/><net_sink comp="568" pin=25"/></net>

<net id="663"><net_src comp="328" pin="2"/><net_sink comp="568" pin=26"/></net>

<net id="664"><net_src comp="334" pin="2"/><net_sink comp="568" pin=27"/></net>

<net id="665"><net_src comp="340" pin="2"/><net_sink comp="568" pin=28"/></net>

<net id="666"><net_src comp="346" pin="2"/><net_sink comp="568" pin=29"/></net>

<net id="667"><net_src comp="352" pin="2"/><net_sink comp="568" pin=30"/></net>

<net id="668"><net_src comp="358" pin="2"/><net_sink comp="568" pin=31"/></net>

<net id="669"><net_src comp="364" pin="2"/><net_sink comp="568" pin=32"/></net>

<net id="670"><net_src comp="370" pin="2"/><net_sink comp="568" pin=33"/></net>

<net id="671"><net_src comp="376" pin="2"/><net_sink comp="568" pin=34"/></net>

<net id="672"><net_src comp="382" pin="2"/><net_sink comp="568" pin=35"/></net>

<net id="673"><net_src comp="388" pin="2"/><net_sink comp="568" pin=36"/></net>

<net id="674"><net_src comp="394" pin="2"/><net_sink comp="568" pin=37"/></net>

<net id="675"><net_src comp="400" pin="2"/><net_sink comp="568" pin=38"/></net>

<net id="676"><net_src comp="406" pin="2"/><net_sink comp="568" pin=39"/></net>

<net id="677"><net_src comp="412" pin="2"/><net_sink comp="568" pin=40"/></net>

<net id="678"><net_src comp="418" pin="2"/><net_sink comp="568" pin=41"/></net>

<net id="679"><net_src comp="424" pin="2"/><net_sink comp="568" pin=42"/></net>

<net id="680"><net_src comp="430" pin="2"/><net_sink comp="568" pin=43"/></net>

<net id="681"><net_src comp="436" pin="2"/><net_sink comp="568" pin=44"/></net>

<net id="682"><net_src comp="442" pin="2"/><net_sink comp="568" pin=45"/></net>

<net id="683"><net_src comp="448" pin="2"/><net_sink comp="568" pin=46"/></net>

<net id="684"><net_src comp="454" pin="2"/><net_sink comp="568" pin=47"/></net>

<net id="685"><net_src comp="460" pin="2"/><net_sink comp="568" pin=48"/></net>

<net id="686"><net_src comp="466" pin="2"/><net_sink comp="568" pin=49"/></net>

<net id="687"><net_src comp="472" pin="2"/><net_sink comp="568" pin=50"/></net>

<net id="688"><net_src comp="478" pin="2"/><net_sink comp="568" pin=51"/></net>

<net id="689"><net_src comp="484" pin="2"/><net_sink comp="568" pin=52"/></net>

<net id="690"><net_src comp="490" pin="2"/><net_sink comp="568" pin=53"/></net>

<net id="691"><net_src comp="496" pin="2"/><net_sink comp="568" pin=54"/></net>

<net id="692"><net_src comp="502" pin="2"/><net_sink comp="568" pin=55"/></net>

<net id="693"><net_src comp="508" pin="2"/><net_sink comp="568" pin=56"/></net>

<net id="694"><net_src comp="514" pin="2"/><net_sink comp="568" pin=57"/></net>

<net id="695"><net_src comp="520" pin="2"/><net_sink comp="568" pin=58"/></net>

<net id="696"><net_src comp="526" pin="2"/><net_sink comp="568" pin=59"/></net>

<net id="697"><net_src comp="532" pin="2"/><net_sink comp="568" pin=60"/></net>

<net id="698"><net_src comp="538" pin="2"/><net_sink comp="568" pin=61"/></net>

<net id="699"><net_src comp="544" pin="2"/><net_sink comp="568" pin=62"/></net>

<net id="700"><net_src comp="550" pin="2"/><net_sink comp="568" pin=63"/></net>

<net id="701"><net_src comp="556" pin="2"/><net_sink comp="568" pin=64"/></net>

<net id="702"><net_src comp="562" pin="2"/><net_sink comp="568" pin=65"/></net>

<net id="703"><net_src comp="132" pin="0"/><net_sink comp="568" pin=67"/></net>

<net id="709"><net_src comp="138" pin="0"/><net_sink comp="704" pin=0"/></net>

<net id="710"><net_src comp="172" pin="2"/><net_sink comp="704" pin=1"/></net>

<net id="711"><net_src comp="140" pin="0"/><net_sink comp="704" pin=2"/></net>

<net id="712"><net_src comp="704" pin="3"/><net_sink comp="568" pin=66"/></net>

<net id="718"><net_src comp="142" pin="0"/><net_sink comp="713" pin=0"/></net>

<net id="719"><net_src comp="178" pin="2"/><net_sink comp="713" pin=1"/></net>

<net id="720"><net_src comp="140" pin="0"/><net_sink comp="713" pin=2"/></net>

<net id="721"><net_src comp="713" pin="3"/><net_sink comp="568" pin=1"/></net>

<net id="725"><net_src comp="704" pin="3"/><net_sink comp="722" pin=0"/></net>

<net id="726"><net_src comp="722" pin="1"/><net_sink comp="568" pin=66"/></net>

<net id="730"><net_src comp="713" pin="3"/><net_sink comp="727" pin=0"/></net>

<net id="731"><net_src comp="727" pin="1"/><net_sink comp="568" pin=1"/></net>

<net id="735"><net_src comp="184" pin="2"/><net_sink comp="732" pin=0"/></net>

<net id="736"><net_src comp="732" pin="1"/><net_sink comp="568" pin=2"/></net>

<net id="740"><net_src comp="190" pin="2"/><net_sink comp="737" pin=0"/></net>

<net id="741"><net_src comp="737" pin="1"/><net_sink comp="568" pin=3"/></net>

<net id="745"><net_src comp="196" pin="2"/><net_sink comp="742" pin=0"/></net>

<net id="746"><net_src comp="742" pin="1"/><net_sink comp="568" pin=4"/></net>

<net id="750"><net_src comp="202" pin="2"/><net_sink comp="747" pin=0"/></net>

<net id="751"><net_src comp="747" pin="1"/><net_sink comp="568" pin=5"/></net>

<net id="755"><net_src comp="208" pin="2"/><net_sink comp="752" pin=0"/></net>

<net id="756"><net_src comp="752" pin="1"/><net_sink comp="568" pin=6"/></net>

<net id="760"><net_src comp="214" pin="2"/><net_sink comp="757" pin=0"/></net>

<net id="761"><net_src comp="757" pin="1"/><net_sink comp="568" pin=7"/></net>

<net id="765"><net_src comp="220" pin="2"/><net_sink comp="762" pin=0"/></net>

<net id="766"><net_src comp="762" pin="1"/><net_sink comp="568" pin=8"/></net>

<net id="770"><net_src comp="226" pin="2"/><net_sink comp="767" pin=0"/></net>

<net id="771"><net_src comp="767" pin="1"/><net_sink comp="568" pin=9"/></net>

<net id="775"><net_src comp="232" pin="2"/><net_sink comp="772" pin=0"/></net>

<net id="776"><net_src comp="772" pin="1"/><net_sink comp="568" pin=10"/></net>

<net id="780"><net_src comp="238" pin="2"/><net_sink comp="777" pin=0"/></net>

<net id="781"><net_src comp="777" pin="1"/><net_sink comp="568" pin=11"/></net>

<net id="785"><net_src comp="244" pin="2"/><net_sink comp="782" pin=0"/></net>

<net id="786"><net_src comp="782" pin="1"/><net_sink comp="568" pin=12"/></net>

<net id="790"><net_src comp="250" pin="2"/><net_sink comp="787" pin=0"/></net>

<net id="791"><net_src comp="787" pin="1"/><net_sink comp="568" pin=13"/></net>

<net id="795"><net_src comp="256" pin="2"/><net_sink comp="792" pin=0"/></net>

<net id="796"><net_src comp="792" pin="1"/><net_sink comp="568" pin=14"/></net>

<net id="800"><net_src comp="262" pin="2"/><net_sink comp="797" pin=0"/></net>

<net id="801"><net_src comp="797" pin="1"/><net_sink comp="568" pin=15"/></net>

<net id="805"><net_src comp="268" pin="2"/><net_sink comp="802" pin=0"/></net>

<net id="806"><net_src comp="802" pin="1"/><net_sink comp="568" pin=16"/></net>

<net id="810"><net_src comp="274" pin="2"/><net_sink comp="807" pin=0"/></net>

<net id="811"><net_src comp="807" pin="1"/><net_sink comp="568" pin=17"/></net>

<net id="815"><net_src comp="280" pin="2"/><net_sink comp="812" pin=0"/></net>

<net id="816"><net_src comp="812" pin="1"/><net_sink comp="568" pin=18"/></net>

<net id="820"><net_src comp="286" pin="2"/><net_sink comp="817" pin=0"/></net>

<net id="821"><net_src comp="817" pin="1"/><net_sink comp="568" pin=19"/></net>

<net id="825"><net_src comp="292" pin="2"/><net_sink comp="822" pin=0"/></net>

<net id="826"><net_src comp="822" pin="1"/><net_sink comp="568" pin=20"/></net>

<net id="830"><net_src comp="298" pin="2"/><net_sink comp="827" pin=0"/></net>

<net id="831"><net_src comp="827" pin="1"/><net_sink comp="568" pin=21"/></net>

<net id="835"><net_src comp="304" pin="2"/><net_sink comp="832" pin=0"/></net>

<net id="836"><net_src comp="832" pin="1"/><net_sink comp="568" pin=22"/></net>

<net id="840"><net_src comp="310" pin="2"/><net_sink comp="837" pin=0"/></net>

<net id="841"><net_src comp="837" pin="1"/><net_sink comp="568" pin=23"/></net>

<net id="845"><net_src comp="316" pin="2"/><net_sink comp="842" pin=0"/></net>

<net id="846"><net_src comp="842" pin="1"/><net_sink comp="568" pin=24"/></net>

<net id="850"><net_src comp="322" pin="2"/><net_sink comp="847" pin=0"/></net>

<net id="851"><net_src comp="847" pin="1"/><net_sink comp="568" pin=25"/></net>

<net id="855"><net_src comp="328" pin="2"/><net_sink comp="852" pin=0"/></net>

<net id="856"><net_src comp="852" pin="1"/><net_sink comp="568" pin=26"/></net>

<net id="860"><net_src comp="334" pin="2"/><net_sink comp="857" pin=0"/></net>

<net id="861"><net_src comp="857" pin="1"/><net_sink comp="568" pin=27"/></net>

<net id="865"><net_src comp="340" pin="2"/><net_sink comp="862" pin=0"/></net>

<net id="866"><net_src comp="862" pin="1"/><net_sink comp="568" pin=28"/></net>

<net id="870"><net_src comp="346" pin="2"/><net_sink comp="867" pin=0"/></net>

<net id="871"><net_src comp="867" pin="1"/><net_sink comp="568" pin=29"/></net>

<net id="875"><net_src comp="352" pin="2"/><net_sink comp="872" pin=0"/></net>

<net id="876"><net_src comp="872" pin="1"/><net_sink comp="568" pin=30"/></net>

<net id="880"><net_src comp="358" pin="2"/><net_sink comp="877" pin=0"/></net>

<net id="881"><net_src comp="877" pin="1"/><net_sink comp="568" pin=31"/></net>

<net id="885"><net_src comp="364" pin="2"/><net_sink comp="882" pin=0"/></net>

<net id="886"><net_src comp="882" pin="1"/><net_sink comp="568" pin=32"/></net>

<net id="890"><net_src comp="370" pin="2"/><net_sink comp="887" pin=0"/></net>

<net id="891"><net_src comp="887" pin="1"/><net_sink comp="568" pin=33"/></net>

<net id="895"><net_src comp="376" pin="2"/><net_sink comp="892" pin=0"/></net>

<net id="896"><net_src comp="892" pin="1"/><net_sink comp="568" pin=34"/></net>

<net id="900"><net_src comp="382" pin="2"/><net_sink comp="897" pin=0"/></net>

<net id="901"><net_src comp="897" pin="1"/><net_sink comp="568" pin=35"/></net>

<net id="905"><net_src comp="388" pin="2"/><net_sink comp="902" pin=0"/></net>

<net id="906"><net_src comp="902" pin="1"/><net_sink comp="568" pin=36"/></net>

<net id="910"><net_src comp="394" pin="2"/><net_sink comp="907" pin=0"/></net>

<net id="911"><net_src comp="907" pin="1"/><net_sink comp="568" pin=37"/></net>

<net id="915"><net_src comp="400" pin="2"/><net_sink comp="912" pin=0"/></net>

<net id="916"><net_src comp="912" pin="1"/><net_sink comp="568" pin=38"/></net>

<net id="920"><net_src comp="406" pin="2"/><net_sink comp="917" pin=0"/></net>

<net id="921"><net_src comp="917" pin="1"/><net_sink comp="568" pin=39"/></net>

<net id="925"><net_src comp="412" pin="2"/><net_sink comp="922" pin=0"/></net>

<net id="926"><net_src comp="922" pin="1"/><net_sink comp="568" pin=40"/></net>

<net id="930"><net_src comp="418" pin="2"/><net_sink comp="927" pin=0"/></net>

<net id="931"><net_src comp="927" pin="1"/><net_sink comp="568" pin=41"/></net>

<net id="935"><net_src comp="424" pin="2"/><net_sink comp="932" pin=0"/></net>

<net id="936"><net_src comp="932" pin="1"/><net_sink comp="568" pin=42"/></net>

<net id="940"><net_src comp="430" pin="2"/><net_sink comp="937" pin=0"/></net>

<net id="941"><net_src comp="937" pin="1"/><net_sink comp="568" pin=43"/></net>

<net id="945"><net_src comp="436" pin="2"/><net_sink comp="942" pin=0"/></net>

<net id="946"><net_src comp="942" pin="1"/><net_sink comp="568" pin=44"/></net>

<net id="950"><net_src comp="442" pin="2"/><net_sink comp="947" pin=0"/></net>

<net id="951"><net_src comp="947" pin="1"/><net_sink comp="568" pin=45"/></net>

<net id="955"><net_src comp="448" pin="2"/><net_sink comp="952" pin=0"/></net>

<net id="956"><net_src comp="952" pin="1"/><net_sink comp="568" pin=46"/></net>

<net id="960"><net_src comp="454" pin="2"/><net_sink comp="957" pin=0"/></net>

<net id="961"><net_src comp="957" pin="1"/><net_sink comp="568" pin=47"/></net>

<net id="965"><net_src comp="460" pin="2"/><net_sink comp="962" pin=0"/></net>

<net id="966"><net_src comp="962" pin="1"/><net_sink comp="568" pin=48"/></net>

<net id="970"><net_src comp="466" pin="2"/><net_sink comp="967" pin=0"/></net>

<net id="971"><net_src comp="967" pin="1"/><net_sink comp="568" pin=49"/></net>

<net id="975"><net_src comp="472" pin="2"/><net_sink comp="972" pin=0"/></net>

<net id="976"><net_src comp="972" pin="1"/><net_sink comp="568" pin=50"/></net>

<net id="980"><net_src comp="478" pin="2"/><net_sink comp="977" pin=0"/></net>

<net id="981"><net_src comp="977" pin="1"/><net_sink comp="568" pin=51"/></net>

<net id="985"><net_src comp="484" pin="2"/><net_sink comp="982" pin=0"/></net>

<net id="986"><net_src comp="982" pin="1"/><net_sink comp="568" pin=52"/></net>

<net id="990"><net_src comp="490" pin="2"/><net_sink comp="987" pin=0"/></net>

<net id="991"><net_src comp="987" pin="1"/><net_sink comp="568" pin=53"/></net>

<net id="995"><net_src comp="496" pin="2"/><net_sink comp="992" pin=0"/></net>

<net id="996"><net_src comp="992" pin="1"/><net_sink comp="568" pin=54"/></net>

<net id="1000"><net_src comp="502" pin="2"/><net_sink comp="997" pin=0"/></net>

<net id="1001"><net_src comp="997" pin="1"/><net_sink comp="568" pin=55"/></net>

<net id="1005"><net_src comp="508" pin="2"/><net_sink comp="1002" pin=0"/></net>

<net id="1006"><net_src comp="1002" pin="1"/><net_sink comp="568" pin=56"/></net>

<net id="1010"><net_src comp="514" pin="2"/><net_sink comp="1007" pin=0"/></net>

<net id="1011"><net_src comp="1007" pin="1"/><net_sink comp="568" pin=57"/></net>

<net id="1015"><net_src comp="520" pin="2"/><net_sink comp="1012" pin=0"/></net>

<net id="1016"><net_src comp="1012" pin="1"/><net_sink comp="568" pin=58"/></net>

<net id="1020"><net_src comp="526" pin="2"/><net_sink comp="1017" pin=0"/></net>

<net id="1021"><net_src comp="1017" pin="1"/><net_sink comp="568" pin=59"/></net>

<net id="1025"><net_src comp="532" pin="2"/><net_sink comp="1022" pin=0"/></net>

<net id="1026"><net_src comp="1022" pin="1"/><net_sink comp="568" pin=60"/></net>

<net id="1030"><net_src comp="538" pin="2"/><net_sink comp="1027" pin=0"/></net>

<net id="1031"><net_src comp="1027" pin="1"/><net_sink comp="568" pin=61"/></net>

<net id="1035"><net_src comp="544" pin="2"/><net_sink comp="1032" pin=0"/></net>

<net id="1036"><net_src comp="1032" pin="1"/><net_sink comp="568" pin=62"/></net>

<net id="1040"><net_src comp="550" pin="2"/><net_sink comp="1037" pin=0"/></net>

<net id="1041"><net_src comp="1037" pin="1"/><net_sink comp="568" pin=63"/></net>

<net id="1045"><net_src comp="556" pin="2"/><net_sink comp="1042" pin=0"/></net>

<net id="1046"><net_src comp="1042" pin="1"/><net_sink comp="568" pin=64"/></net>

<net id="1050"><net_src comp="562" pin="2"/><net_sink comp="1047" pin=0"/></net>

<net id="1051"><net_src comp="1047" pin="1"/><net_sink comp="568" pin=65"/></net>

</net_list>

</model> 
---------------- Datapath Model END ------------------

* FSMD analyzer results:
  - Output states:
	Port: v1933 | {1 2 }
 - Input state : 
	Port: dataflow_in_loop_l_ni1_Loop_l_store_C_tile_sj1_proc47 : ni1 | {1 }
	Port: dataflow_in_loop_l_ni1_Loop_l_store_C_tile_sj1_proc47 : local_C1_63_i | {1 }
	Port: dataflow_in_loop_l_ni1_Loop_l_store_C_tile_sj1_proc47 : local_C1_62_i | {1 }
	Port: dataflow_in_loop_l_ni1_Loop_l_store_C_tile_sj1_proc47 : local_C1_61_i | {1 }
	Port: dataflow_in_loop_l_ni1_Loop_l_store_C_tile_sj1_proc47 : local_C1_60_i | {1 }
	Port: dataflow_in_loop_l_ni1_Loop_l_store_C_tile_sj1_proc47 : local_C1_59_i | {1 }
	Port: dataflow_in_loop_l_ni1_Loop_l_store_C_tile_sj1_proc47 : local_C1_58_i | {1 }
	Port: dataflow_in_loop_l_ni1_Loop_l_store_C_tile_sj1_proc47 : local_C1_57_i | {1 }
	Port: dataflow_in_loop_l_ni1_Loop_l_store_C_tile_sj1_proc47 : local_C1_56_i | {1 }
	Port: dataflow_in_loop_l_ni1_Loop_l_store_C_tile_sj1_proc47 : local_C1_55_i | {1 }
	Port: dataflow_in_loop_l_ni1_Loop_l_store_C_tile_sj1_proc47 : local_C1_54_i | {1 }
	Port: dataflow_in_loop_l_ni1_Loop_l_store_C_tile_sj1_proc47 : local_C1_53_i | {1 }
	Port: dataflow_in_loop_l_ni1_Loop_l_store_C_tile_sj1_proc47 : local_C1_52_i | {1 }
	Port: dataflow_in_loop_l_ni1_Loop_l_store_C_tile_sj1_proc47 : local_C1_51_i | {1 }
	Port: dataflow_in_loop_l_ni1_Loop_l_store_C_tile_sj1_proc47 : local_C1_50_i | {1 }
	Port: dataflow_in_loop_l_ni1_Loop_l_store_C_tile_sj1_proc47 : local_C1_49_i | {1 }
	Port: dataflow_in_loop_l_ni1_Loop_l_store_C_tile_sj1_proc47 : local_C1_48_i | {1 }
	Port: dataflow_in_loop_l_ni1_Loop_l_store_C_tile_sj1_proc47 : local_C1_47_i | {1 }
	Port: dataflow_in_loop_l_ni1_Loop_l_store_C_tile_sj1_proc47 : local_C1_46_i | {1 }
	Port: dataflow_in_loop_l_ni1_Loop_l_store_C_tile_sj1_proc47 : local_C1_45_i | {1 }
	Port: dataflow_in_loop_l_ni1_Loop_l_store_C_tile_sj1_proc47 : local_C1_44_i | {1 }
	Port: dataflow_in_loop_l_ni1_Loop_l_store_C_tile_sj1_proc47 : local_C1_43_i | {1 }
	Port: dataflow_in_loop_l_ni1_Loop_l_store_C_tile_sj1_proc47 : local_C1_42_i | {1 }
	Port: dataflow_in_loop_l_ni1_Loop_l_store_C_tile_sj1_proc47 : local_C1_41_i | {1 }
	Port: dataflow_in_loop_l_ni1_Loop_l_store_C_tile_sj1_proc47 : local_C1_40_i | {1 }
	Port: dataflow_in_loop_l_ni1_Loop_l_store_C_tile_sj1_proc47 : local_C1_39_i | {1 }
	Port: dataflow_in_loop_l_ni1_Loop_l_store_C_tile_sj1_proc47 : local_C1_38_i | {1 }
	Port: dataflow_in_loop_l_ni1_Loop_l_store_C_tile_sj1_proc47 : local_C1_37_i | {1 }
	Port: dataflow_in_loop_l_ni1_Loop_l_store_C_tile_sj1_proc47 : local_C1_36_i | {1 }
	Port: dataflow_in_loop_l_ni1_Loop_l_store_C_tile_sj1_proc47 : local_C1_35_i | {1 }
	Port: dataflow_in_loop_l_ni1_Loop_l_store_C_tile_sj1_proc47 : local_C1_34_i | {1 }
	Port: dataflow_in_loop_l_ni1_Loop_l_store_C_tile_sj1_proc47 : local_C1_33_i | {1 }
	Port: dataflow_in_loop_l_ni1_Loop_l_store_C_tile_sj1_proc47 : local_C1_32_i | {1 }
	Port: dataflow_in_loop_l_ni1_Loop_l_store_C_tile_sj1_proc47 : local_C1_31_i | {1 }
	Port: dataflow_in_loop_l_ni1_Loop_l_store_C_tile_sj1_proc47 : local_C1_30_i | {1 }
	Port: dataflow_in_loop_l_ni1_Loop_l_store_C_tile_sj1_proc47 : local_C1_29_i | {1 }
	Port: dataflow_in_loop_l_ni1_Loop_l_store_C_tile_sj1_proc47 : local_C1_28_i | {1 }
	Port: dataflow_in_loop_l_ni1_Loop_l_store_C_tile_sj1_proc47 : local_C1_27_i | {1 }
	Port: dataflow_in_loop_l_ni1_Loop_l_store_C_tile_sj1_proc47 : local_C1_26_i | {1 }
	Port: dataflow_in_loop_l_ni1_Loop_l_store_C_tile_sj1_proc47 : local_C1_25_i | {1 }
	Port: dataflow_in_loop_l_ni1_Loop_l_store_C_tile_sj1_proc47 : local_C1_24_i | {1 }
	Port: dataflow_in_loop_l_ni1_Loop_l_store_C_tile_sj1_proc47 : local_C1_23_i | {1 }
	Port: dataflow_in_loop_l_ni1_Loop_l_store_C_tile_sj1_proc47 : local_C1_22_i | {1 }
	Port: dataflow_in_loop_l_ni1_Loop_l_store_C_tile_sj1_proc47 : local_C1_21_i | {1 }
	Port: dataflow_in_loop_l_ni1_Loop_l_store_C_tile_sj1_proc47 : local_C1_20_i | {1 }
	Port: dataflow_in_loop_l_ni1_Loop_l_store_C_tile_sj1_proc47 : local_C1_19_i | {1 }
	Port: dataflow_in_loop_l_ni1_Loop_l_store_C_tile_sj1_proc47 : local_C1_18_i | {1 }
	Port: dataflow_in_loop_l_ni1_Loop_l_store_C_tile_sj1_proc47 : local_C1_17_i | {1 }
	Port: dataflow_in_loop_l_ni1_Loop_l_store_C_tile_sj1_proc47 : local_C1_16_i | {1 }
	Port: dataflow_in_loop_l_ni1_Loop_l_store_C_tile_sj1_proc47 : local_C1_15_i | {1 }
	Port: dataflow_in_loop_l_ni1_Loop_l_store_C_tile_sj1_proc47 : local_C1_14_i | {1 }
	Port: dataflow_in_loop_l_ni1_Loop_l_store_C_tile_sj1_proc47 : local_C1_13_i | {1 }
	Port: dataflow_in_loop_l_ni1_Loop_l_store_C_tile_sj1_proc47 : local_C1_12_i | {1 }
	Port: dataflow_in_loop_l_ni1_Loop_l_store_C_tile_sj1_proc47 : local_C1_11_i | {1 }
	Port: dataflow_in_loop_l_ni1_Loop_l_store_C_tile_sj1_proc47 : local_C1_10_i | {1 }
	Port: dataflow_in_loop_l_ni1_Loop_l_store_C_tile_sj1_proc47 : local_C1_9_i | {1 }
	Port: dataflow_in_loop_l_ni1_Loop_l_store_C_tile_sj1_proc47 : local_C1_8_i | {1 }
	Port: dataflow_in_loop_l_ni1_Loop_l_store_C_tile_sj1_proc47 : local_C1_7_i | {1 }
	Port: dataflow_in_loop_l_ni1_Loop_l_store_C_tile_sj1_proc47 : local_C1_6_i | {1 }
	Port: dataflow_in_loop_l_ni1_Loop_l_store_C_tile_sj1_proc47 : local_C1_5_i | {1 }
	Port: dataflow_in_loop_l_ni1_Loop_l_store_C_tile_sj1_proc47 : local_C1_4_i | {1 }
	Port: dataflow_in_loop_l_ni1_Loop_l_store_C_tile_sj1_proc47 : local_C1_3_i | {1 }
	Port: dataflow_in_loop_l_ni1_Loop_l_store_C_tile_sj1_proc47 : local_C1_2_i | {1 }
	Port: dataflow_in_loop_l_ni1_Loop_l_store_C_tile_sj1_proc47 : local_C1_1_i | {1 }
	Port: dataflow_in_loop_l_ni1_Loop_l_store_C_tile_sj1_proc47 : local_C1_i | {1 }
	Port: dataflow_in_loop_l_ni1_Loop_l_store_C_tile_sj1_proc47 : mi1 | {1 }
	Port: dataflow_in_loop_l_ni1_Loop_l_store_C_tile_sj1_proc47 : v1933 | {}
  - Chain level:
	State 1
		call_ln0 : 1
	State 2


============================================================
+ Verbose Summary: Datapath Resource usage 
============================================================

* Functional unit list:
|----------|---------------------------------------------------------------------------------------------|---------|---------|
| Operation|                                       Functional Unit                                       |    FF   |   LUT   |
|----------|---------------------------------------------------------------------------------------------|---------|---------|
|   call   | grp_dataflow_in_loop_l_ni1_Loop_l_store_C_tile_sj1_proc47_Pipeline_l_store_C_tile_sj_fu_568 |    15   |   518   |
|----------|---------------------------------------------------------------------------------------------|---------|---------|
|          |                                     mi1_read_read_fu_172                                    |    0    |    0    |
|          |                                     ni1_read_read_fu_178                                    |    0    |    0    |
|          |                                local_C1_63_i_read_read_fu_184                               |    0    |    0    |
|          |                                local_C1_62_i_read_read_fu_190                               |    0    |    0    |
|          |                                local_C1_61_i_read_read_fu_196                               |    0    |    0    |
|          |                                local_C1_60_i_read_read_fu_202                               |    0    |    0    |
|          |                                local_C1_59_i_read_read_fu_208                               |    0    |    0    |
|          |                                local_C1_58_i_read_read_fu_214                               |    0    |    0    |
|          |                                local_C1_57_i_read_read_fu_220                               |    0    |    0    |
|          |                                local_C1_56_i_read_read_fu_226                               |    0    |    0    |
|          |                                local_C1_55_i_read_read_fu_232                               |    0    |    0    |
|          |                                local_C1_54_i_read_read_fu_238                               |    0    |    0    |
|          |                                local_C1_53_i_read_read_fu_244                               |    0    |    0    |
|          |                                local_C1_52_i_read_read_fu_250                               |    0    |    0    |
|          |                                local_C1_51_i_read_read_fu_256                               |    0    |    0    |
|          |                                local_C1_50_i_read_read_fu_262                               |    0    |    0    |
|          |                                local_C1_49_i_read_read_fu_268                               |    0    |    0    |
|          |                                local_C1_48_i_read_read_fu_274                               |    0    |    0    |
|          |                                local_C1_47_i_read_read_fu_280                               |    0    |    0    |
|          |                                local_C1_46_i_read_read_fu_286                               |    0    |    0    |
|          |                                local_C1_45_i_read_read_fu_292                               |    0    |    0    |
|          |                                local_C1_44_i_read_read_fu_298                               |    0    |    0    |
|          |                                local_C1_43_i_read_read_fu_304                               |    0    |    0    |
|          |                                local_C1_42_i_read_read_fu_310                               |    0    |    0    |
|          |                                local_C1_41_i_read_read_fu_316                               |    0    |    0    |
|          |                                local_C1_40_i_read_read_fu_322                               |    0    |    0    |
|          |                                local_C1_39_i_read_read_fu_328                               |    0    |    0    |
|          |                                local_C1_38_i_read_read_fu_334                               |    0    |    0    |
|          |                                local_C1_37_i_read_read_fu_340                               |    0    |    0    |
|          |                                local_C1_36_i_read_read_fu_346                               |    0    |    0    |
|          |                                local_C1_35_i_read_read_fu_352                               |    0    |    0    |
|          |                                local_C1_34_i_read_read_fu_358                               |    0    |    0    |
|   read   |                                local_C1_33_i_read_read_fu_364                               |    0    |    0    |
|          |                                local_C1_32_i_read_read_fu_370                               |    0    |    0    |
|          |                                local_C1_31_i_read_read_fu_376                               |    0    |    0    |
|          |                                local_C1_30_i_read_read_fu_382                               |    0    |    0    |
|          |                                local_C1_29_i_read_read_fu_388                               |    0    |    0    |
|          |                                local_C1_28_i_read_read_fu_394                               |    0    |    0    |
|          |                                local_C1_27_i_read_read_fu_400                               |    0    |    0    |
|          |                                local_C1_26_i_read_read_fu_406                               |    0    |    0    |
|          |                                local_C1_25_i_read_read_fu_412                               |    0    |    0    |
|          |                                local_C1_24_i_read_read_fu_418                               |    0    |    0    |
|          |                                local_C1_23_i_read_read_fu_424                               |    0    |    0    |
|          |                                local_C1_22_i_read_read_fu_430                               |    0    |    0    |
|          |                                local_C1_21_i_read_read_fu_436                               |    0    |    0    |
|          |                                local_C1_20_i_read_read_fu_442                               |    0    |    0    |
|          |                                local_C1_19_i_read_read_fu_448                               |    0    |    0    |
|          |                                local_C1_18_i_read_read_fu_454                               |    0    |    0    |
|          |                                local_C1_17_i_read_read_fu_460                               |    0    |    0    |
|          |                                local_C1_16_i_read_read_fu_466                               |    0    |    0    |
|          |                                local_C1_15_i_read_read_fu_472                               |    0    |    0    |
|          |                                local_C1_14_i_read_read_fu_478                               |    0    |    0    |
|          |                                local_C1_13_i_read_read_fu_484                               |    0    |    0    |
|          |                                local_C1_12_i_read_read_fu_490                               |    0    |    0    |
|          |                                local_C1_11_i_read_read_fu_496                               |    0    |    0    |
|          |                                local_C1_10_i_read_read_fu_502                               |    0    |    0    |
|          |                                local_C1_9_i_read_read_fu_508                                |    0    |    0    |
|          |                                local_C1_8_i_read_read_fu_514                                |    0    |    0    |
|          |                                local_C1_7_i_read_read_fu_520                                |    0    |    0    |
|          |                                local_C1_6_i_read_read_fu_526                                |    0    |    0    |
|          |                                local_C1_5_i_read_read_fu_532                                |    0    |    0    |
|          |                                local_C1_4_i_read_read_fu_538                                |    0    |    0    |
|          |                                local_C1_3_i_read_read_fu_544                                |    0    |    0    |
|          |                                local_C1_2_i_read_read_fu_550                                |    0    |    0    |
|          |                                local_C1_1_i_read_read_fu_556                                |    0    |    0    |
|          |                                 local_C1_i_read_read_fu_562                                 |    0    |    0    |
|----------|---------------------------------------------------------------------------------------------|---------|---------|
|bitconcatenate|                                          tmp_fu_704                                         |    0    |    0    |
|          |                                         tmp_s_fu_713                                        |    0    |    0    |
|----------|---------------------------------------------------------------------------------------------|---------|---------|
|   Total  |                                                                                             |    15   |   518   |
|----------|---------------------------------------------------------------------------------------------|---------|---------|

Memories:
N/A

* Register list:
+--------------------------+--------+
|                          |   FF   |
+--------------------------+--------+
|local_C1_10_i_read_reg_997|   32   |
|local_C1_11_i_read_reg_992|   32   |
|local_C1_12_i_read_reg_987|   32   |
|local_C1_13_i_read_reg_982|   32   |
|local_C1_14_i_read_reg_977|   32   |
|local_C1_15_i_read_reg_972|   32   |
|local_C1_16_i_read_reg_967|   32   |
|local_C1_17_i_read_reg_962|   32   |
|local_C1_18_i_read_reg_957|   32   |
|local_C1_19_i_read_reg_952|   32   |
|local_C1_1_i_read_reg_1042|   32   |
|local_C1_20_i_read_reg_947|   32   |
|local_C1_21_i_read_reg_942|   32   |
|local_C1_22_i_read_reg_937|   32   |
|local_C1_23_i_read_reg_932|   32   |
|local_C1_24_i_read_reg_927|   32   |
|local_C1_25_i_read_reg_922|   32   |
|local_C1_26_i_read_reg_917|   32   |
|local_C1_27_i_read_reg_912|   32   |
|local_C1_28_i_read_reg_907|   32   |
|local_C1_29_i_read_reg_902|   32   |
|local_C1_2_i_read_reg_1037|   32   |
|local_C1_30_i_read_reg_897|   32   |
|local_C1_31_i_read_reg_892|   32   |
|local_C1_32_i_read_reg_887|   32   |
|local_C1_33_i_read_reg_882|   32   |
|local_C1_34_i_read_reg_877|   32   |
|local_C1_35_i_read_reg_872|   32   |
|local_C1_36_i_read_reg_867|   32   |
|local_C1_37_i_read_reg_862|   32   |
|local_C1_38_i_read_reg_857|   32   |
|local_C1_39_i_read_reg_852|   32   |
|local_C1_3_i_read_reg_1032|   32   |
|local_C1_40_i_read_reg_847|   32   |
|local_C1_41_i_read_reg_842|   32   |
|local_C1_42_i_read_reg_837|   32   |
|local_C1_43_i_read_reg_832|   32   |
|local_C1_44_i_read_reg_827|   32   |
|local_C1_45_i_read_reg_822|   32   |
|local_C1_46_i_read_reg_817|   32   |
|local_C1_47_i_read_reg_812|   32   |
|local_C1_48_i_read_reg_807|   32   |
|local_C1_49_i_read_reg_802|   32   |
|local_C1_4_i_read_reg_1027|   32   |
|local_C1_50_i_read_reg_797|   32   |
|local_C1_51_i_read_reg_792|   32   |
|local_C1_52_i_read_reg_787|   32   |
|local_C1_53_i_read_reg_782|   32   |
|local_C1_54_i_read_reg_777|   32   |
|local_C1_55_i_read_reg_772|   32   |
|local_C1_56_i_read_reg_767|   32   |
|local_C1_57_i_read_reg_762|   32   |
|local_C1_58_i_read_reg_757|   32   |
|local_C1_59_i_read_reg_752|   32   |
|local_C1_5_i_read_reg_1022|   32   |
|local_C1_60_i_read_reg_747|   32   |
|local_C1_61_i_read_reg_742|   32   |
|local_C1_62_i_read_reg_737|   32   |
|local_C1_63_i_read_reg_732|   32   |
|local_C1_6_i_read_reg_1017|   32   |
|local_C1_7_i_read_reg_1012|   32   |
|local_C1_8_i_read_reg_1007|   32   |
|local_C1_9_i_read_reg_1002|   32   |
| local_C1_i_read_reg_1047 |   32   |
|        tmp_reg_722       |   10   |
|       tmp_s_reg_727      |    9   |
+--------------------------+--------+
|           Total          |  2067  |
+--------------------------+--------+

* Multiplexer (MUX) list: 
|---------------------------------------------------------------------------------------------|------|------|------|--------||---------||---------|
|                                             Comp                                            |  Pin | Size |  BW  | S x BW ||  Delay  ||   LUT   |
|---------------------------------------------------------------------------------------------|------|------|------|--------||---------||---------|
| grp_dataflow_in_loop_l_ni1_Loop_l_store_C_tile_sj1_proc47_Pipeline_l_store_C_tile_sj_fu_568 |  p1  |   2  |   9  |   18   ||    9    |
| grp_dataflow_in_loop_l_ni1_Loop_l_store_C_tile_sj1_proc47_Pipeline_l_store_C_tile_sj_fu_568 |  p2  |   2  |  32  |   64   ||    9    |
| grp_dataflow_in_loop_l_ni1_Loop_l_store_C_tile_sj1_proc47_Pipeline_l_store_C_tile_sj_fu_568 |  p3  |   2  |  32  |   64   ||    9    |
| grp_dataflow_in_loop_l_ni1_Loop_l_store_C_tile_sj1_proc47_Pipeline_l_store_C_tile_sj_fu_568 |  p4  |   2  |  32  |   64   ||    9    |
| grp_dataflow_in_loop_l_ni1_Loop_l_store_C_tile_sj1_proc47_Pipeline_l_store_C_tile_sj_fu_568 |  p5  |   2  |  32  |   64   ||    9    |
| grp_dataflow_in_loop_l_ni1_Loop_l_store_C_tile_sj1_proc47_Pipeline_l_store_C_tile_sj_fu_568 |  p6  |   2  |  32  |   64   ||    9    |
| grp_dataflow_in_loop_l_ni1_Loop_l_store_C_tile_sj1_proc47_Pipeline_l_store_C_tile_sj_fu_568 |  p7  |   2  |  32  |   64   ||    9    |
| grp_dataflow_in_loop_l_ni1_Loop_l_store_C_tile_sj1_proc47_Pipeline_l_store_C_tile_sj_fu_568 |  p8  |   2  |  32  |   64   ||    9    |
| grp_dataflow_in_loop_l_ni1_Loop_l_store_C_tile_sj1_proc47_Pipeline_l_store_C_tile_sj_fu_568 |  p9  |   2  |  32  |   64   ||    9    |
| grp_dataflow_in_loop_l_ni1_Loop_l_store_C_tile_sj1_proc47_Pipeline_l_store_C_tile_sj_fu_568 |  p10 |   2  |  32  |   64   ||    9    |
| grp_dataflow_in_loop_l_ni1_Loop_l_store_C_tile_sj1_proc47_Pipeline_l_store_C_tile_sj_fu_568 |  p11 |   2  |  32  |   64   ||    9    |
| grp_dataflow_in_loop_l_ni1_Loop_l_store_C_tile_sj1_proc47_Pipeline_l_store_C_tile_sj_fu_568 |  p12 |   2  |  32  |   64   ||    9    |
| grp_dataflow_in_loop_l_ni1_Loop_l_store_C_tile_sj1_proc47_Pipeline_l_store_C_tile_sj_fu_568 |  p13 |   2  |  32  |   64   ||    9    |
| grp_dataflow_in_loop_l_ni1_Loop_l_store_C_tile_sj1_proc47_Pipeline_l_store_C_tile_sj_fu_568 |  p14 |   2  |  32  |   64   ||    9    |
| grp_dataflow_in_loop_l_ni1_Loop_l_store_C_tile_sj1_proc47_Pipeline_l_store_C_tile_sj_fu_568 |  p15 |   2  |  32  |   64   ||    9    |
| grp_dataflow_in_loop_l_ni1_Loop_l_store_C_tile_sj1_proc47_Pipeline_l_store_C_tile_sj_fu_568 |  p16 |   2  |  32  |   64   ||    9    |
| grp_dataflow_in_loop_l_ni1_Loop_l_store_C_tile_sj1_proc47_Pipeline_l_store_C_tile_sj_fu_568 |  p17 |   2  |  32  |   64   ||    9    |
| grp_dataflow_in_loop_l_ni1_Loop_l_store_C_tile_sj1_proc47_Pipeline_l_store_C_tile_sj_fu_568 |  p18 |   2  |  32  |   64   ||    9    |
| grp_dataflow_in_loop_l_ni1_Loop_l_store_C_tile_sj1_proc47_Pipeline_l_store_C_tile_sj_fu_568 |  p19 |   2  |  32  |   64   ||    9    |
| grp_dataflow_in_loop_l_ni1_Loop_l_store_C_tile_sj1_proc47_Pipeline_l_store_C_tile_sj_fu_568 |  p20 |   2  |  32  |   64   ||    9    |
| grp_dataflow_in_loop_l_ni1_Loop_l_store_C_tile_sj1_proc47_Pipeline_l_store_C_tile_sj_fu_568 |  p21 |   2  |  32  |   64   ||    9    |
| grp_dataflow_in_loop_l_ni1_Loop_l_store_C_tile_sj1_proc47_Pipeline_l_store_C_tile_sj_fu_568 |  p22 |   2  |  32  |   64   ||    9    |
| grp_dataflow_in_loop_l_ni1_Loop_l_store_C_tile_sj1_proc47_Pipeline_l_store_C_tile_sj_fu_568 |  p23 |   2  |  32  |   64   ||    9    |
| grp_dataflow_in_loop_l_ni1_Loop_l_store_C_tile_sj1_proc47_Pipeline_l_store_C_tile_sj_fu_568 |  p24 |   2  |  32  |   64   ||    9    |
| grp_dataflow_in_loop_l_ni1_Loop_l_store_C_tile_sj1_proc47_Pipeline_l_store_C_tile_sj_fu_568 |  p25 |   2  |  32  |   64   ||    9    |
| grp_dataflow_in_loop_l_ni1_Loop_l_store_C_tile_sj1_proc47_Pipeline_l_store_C_tile_sj_fu_568 |  p26 |   2  |  32  |   64   ||    9    |
| grp_dataflow_in_loop_l_ni1_Loop_l_store_C_tile_sj1_proc47_Pipeline_l_store_C_tile_sj_fu_568 |  p27 |   2  |  32  |   64   ||    9    |
| grp_dataflow_in_loop_l_ni1_Loop_l_store_C_tile_sj1_proc47_Pipeline_l_store_C_tile_sj_fu_568 |  p28 |   2  |  32  |   64   ||    9    |
| grp_dataflow_in_loop_l_ni1_Loop_l_store_C_tile_sj1_proc47_Pipeline_l_store_C_tile_sj_fu_568 |  p29 |   2  |  32  |   64   ||    9    |
| grp_dataflow_in_loop_l_ni1_Loop_l_store_C_tile_sj1_proc47_Pipeline_l_store_C_tile_sj_fu_568 |  p30 |   2  |  32  |   64   ||    9    |
| grp_dataflow_in_loop_l_ni1_Loop_l_store_C_tile_sj1_proc47_Pipeline_l_store_C_tile_sj_fu_568 |  p31 |   2  |  32  |   64   ||    9    |
| grp_dataflow_in_loop_l_ni1_Loop_l_store_C_tile_sj1_proc47_Pipeline_l_store_C_tile_sj_fu_568 |  p32 |   2  |  32  |   64   ||    9    |
| grp_dataflow_in_loop_l_ni1_Loop_l_store_C_tile_sj1_proc47_Pipeline_l_store_C_tile_sj_fu_568 |  p33 |   2  |  32  |   64   ||    9    |
| grp_dataflow_in_loop_l_ni1_Loop_l_store_C_tile_sj1_proc47_Pipeline_l_store_C_tile_sj_fu_568 |  p34 |   2  |  32  |   64   ||    9    |
| grp_dataflow_in_loop_l_ni1_Loop_l_store_C_tile_sj1_proc47_Pipeline_l_store_C_tile_sj_fu_568 |  p35 |   2  |  32  |   64   ||    9    |
| grp_dataflow_in_loop_l_ni1_Loop_l_store_C_tile_sj1_proc47_Pipeline_l_store_C_tile_sj_fu_568 |  p36 |   2  |  32  |   64   ||    9    |
| grp_dataflow_in_loop_l_ni1_Loop_l_store_C_tile_sj1_proc47_Pipeline_l_store_C_tile_sj_fu_568 |  p37 |   2  |  32  |   64   ||    9    |
| grp_dataflow_in_loop_l_ni1_Loop_l_store_C_tile_sj1_proc47_Pipeline_l_store_C_tile_sj_fu_568 |  p38 |   2  |  32  |   64   ||    9    |
| grp_dataflow_in_loop_l_ni1_Loop_l_store_C_tile_sj1_proc47_Pipeline_l_store_C_tile_sj_fu_568 |  p39 |   2  |  32  |   64   ||    9    |
| grp_dataflow_in_loop_l_ni1_Loop_l_store_C_tile_sj1_proc47_Pipeline_l_store_C_tile_sj_fu_568 |  p40 |   2  |  32  |   64   ||    9    |
| grp_dataflow_in_loop_l_ni1_Loop_l_store_C_tile_sj1_proc47_Pipeline_l_store_C_tile_sj_fu_568 |  p41 |   2  |  32  |   64   ||    9    |
| grp_dataflow_in_loop_l_ni1_Loop_l_store_C_tile_sj1_proc47_Pipeline_l_store_C_tile_sj_fu_568 |  p42 |   2  |  32  |   64   ||    9    |
| grp_dataflow_in_loop_l_ni1_Loop_l_store_C_tile_sj1_proc47_Pipeline_l_store_C_tile_sj_fu_568 |  p43 |   2  |  32  |   64   ||    9    |
| grp_dataflow_in_loop_l_ni1_Loop_l_store_C_tile_sj1_proc47_Pipeline_l_store_C_tile_sj_fu_568 |  p44 |   2  |  32  |   64   ||    9    |
| grp_dataflow_in_loop_l_ni1_Loop_l_store_C_tile_sj1_proc47_Pipeline_l_store_C_tile_sj_fu_568 |  p45 |   2  |  32  |   64   ||    9    |
| grp_dataflow_in_loop_l_ni1_Loop_l_store_C_tile_sj1_proc47_Pipeline_l_store_C_tile_sj_fu_568 |  p46 |   2  |  32  |   64   ||    9    |
| grp_dataflow_in_loop_l_ni1_Loop_l_store_C_tile_sj1_proc47_Pipeline_l_store_C_tile_sj_fu_568 |  p47 |   2  |  32  |   64   ||    9    |
| grp_dataflow_in_loop_l_ni1_Loop_l_store_C_tile_sj1_proc47_Pipeline_l_store_C_tile_sj_fu_568 |  p48 |   2  |  32  |   64   ||    9    |
| grp_dataflow_in_loop_l_ni1_Loop_l_store_C_tile_sj1_proc47_Pipeline_l_store_C_tile_sj_fu_568 |  p49 |   2  |  32  |   64   ||    9    |
| grp_dataflow_in_loop_l_ni1_Loop_l_store_C_tile_sj1_proc47_Pipeline_l_store_C_tile_sj_fu_568 |  p50 |   2  |  32  |   64   ||    9    |
| grp_dataflow_in_loop_l_ni1_Loop_l_store_C_tile_sj1_proc47_Pipeline_l_store_C_tile_sj_fu_568 |  p51 |   2  |  32  |   64   ||    9    |
| grp_dataflow_in_loop_l_ni1_Loop_l_store_C_tile_sj1_proc47_Pipeline_l_store_C_tile_sj_fu_568 |  p52 |   2  |  32  |   64   ||    9    |
| grp_dataflow_in_loop_l_ni1_Loop_l_store_C_tile_sj1_proc47_Pipeline_l_store_C_tile_sj_fu_568 |  p53 |   2  |  32  |   64   ||    9    |
| grp_dataflow_in_loop_l_ni1_Loop_l_store_C_tile_sj1_proc47_Pipeline_l_store_C_tile_sj_fu_568 |  p54 |   2  |  32  |   64   ||    9    |
| grp_dataflow_in_loop_l_ni1_Loop_l_store_C_tile_sj1_proc47_Pipeline_l_store_C_tile_sj_fu_568 |  p55 |   2  |  32  |   64   ||    9    |
| grp_dataflow_in_loop_l_ni1_Loop_l_store_C_tile_sj1_proc47_Pipeline_l_store_C_tile_sj_fu_568 |  p56 |   2  |  32  |   64   ||    9    |
| grp_dataflow_in_loop_l_ni1_Loop_l_store_C_tile_sj1_proc47_Pipeline_l_store_C_tile_sj_fu_568 |  p57 |   2  |  32  |   64   ||    9    |
| grp_dataflow_in_loop_l_ni1_Loop_l_store_C_tile_sj1_proc47_Pipeline_l_store_C_tile_sj_fu_568 |  p58 |   2  |  32  |   64   ||    9    |
| grp_dataflow_in_loop_l_ni1_Loop_l_store_C_tile_sj1_proc47_Pipeline_l_store_C_tile_sj_fu_568 |  p59 |   2  |  32  |   64   ||    9    |
| grp_dataflow_in_loop_l_ni1_Loop_l_store_C_tile_sj1_proc47_Pipeline_l_store_C_tile_sj_fu_568 |  p60 |   2  |  32  |   64   ||    9    |
| grp_dataflow_in_loop_l_ni1_Loop_l_store_C_tile_sj1_proc47_Pipeline_l_store_C_tile_sj_fu_568 |  p61 |   2  |  32  |   64   ||    9    |
| grp_dataflow_in_loop_l_ni1_Loop_l_store_C_tile_sj1_proc47_Pipeline_l_store_C_tile_sj_fu_568 |  p62 |   2  |  32  |   64   ||    9    |
| grp_dataflow_in_loop_l_ni1_Loop_l_store_C_tile_sj1_proc47_Pipeline_l_store_C_tile_sj_fu_568 |  p63 |   2  |  32  |   64   ||    9    |
| grp_dataflow_in_loop_l_ni1_Loop_l_store_C_tile_sj1_proc47_Pipeline_l_store_C_tile_sj_fu_568 |  p64 |   2  |  32  |   64   ||    9    |
| grp_dataflow_in_loop_l_ni1_Loop_l_store_C_tile_sj1_proc47_Pipeline_l_store_C_tile_sj_fu_568 |  p65 |   2  |  32  |   64   ||    9    |
| grp_dataflow_in_loop_l_ni1_Loop_l_store_C_tile_sj1_proc47_Pipeline_l_store_C_tile_sj_fu_568 |  p66 |   2  |  10  |   20   ||    9    |
|---------------------------------------------------------------------------------------------|------|------|------|--------||---------||---------|
|                                            Total                                            |      |      |      |  4134  ||  25.542 ||   594   |
|---------------------------------------------------------------------------------------------|------|------|------|--------||---------||---------|



* Summary:
+-----------+--------+--------+--------+
|           |  Delay |   FF   |   LUT  |
+-----------+--------+--------+--------+
|  Function |    -   |   15   |   518  |
|   Memory  |    -   |    -   |    -   |
|Multiplexer|   25   |    -   |   594  |
|  Register |    -   |  2067  |    -   |
+-----------+--------+--------+--------+
|   Total   |   25   |  2082  |  1112  |
+-----------+--------+--------+--------+
