

================================================================
== Vitis HLS Report for 'dataflow_in_loop_l_ni5_Loop_l_store_C_tile_sj5_proc55_Pipeline_l_store_C_tile_sj'
================================================================
* Date:           Mon Feb 17 20:37:20 2025

* Version:        2023.2 (Build 4023990 on Oct 11 2023)
* Project:        DitBlock
* Solution:       hls (Vivado IP Flow Target)
* Product family: virtexuplusHBM
* Target device:  xcu280-fsvh2892-2L-e


================================================================
== Performance Estimates
================================================================
+ Timing: 
    * Summary: 
    +--------+----------+----------+------------+
    |  Clock |  Target  | Estimated| Uncertainty|
    +--------+----------+----------+------------+
    |ap_clk  |  10.00 ns|  4.204 ns|     2.70 ns|
    +--------+----------+----------+------------+

+ Latency: 
    * Summary: 
    +---------+---------+----------+----------+-----+-----+---------+
    |  Latency (cycles) |  Latency (absolute) |  Interval | Pipeline|
    |   min   |   max   |    min   |    max   | min | max |   Type  |
    +---------+---------+----------+----------+-----+-----+---------+
    |       66|       66|  0.660 us|  0.660 us|   66|   66|       no|
    +---------+---------+----------+----------+-----+-----+---------+

    + Detail: 
        * Instance: 
        N/A

        * Loop: 
        +----------------------------+---------+---------+----------+-----------+-----------+------+----------+
        |                            |  Latency (cycles) | Iteration|  Initiation Interval  | Trip |          |
        |          Loop Name         |   min   |   max   |  Latency |  achieved |   target  | Count| Pipelined|
        +----------------------------+---------+---------+----------+-----------+-----------+------+----------+
        |- l_store_C_tile_sj5_l_si5  |       64|       64|         1|          1|          1|    64|       yes|
        +----------------------------+---------+---------+----------+-----------+-----------+------+----------+

============================================================
+ Verbose Summary: Synthesis Manager
============================================================
InlineROM: 1
ExposeGlobal: 0
============================================================
+ Verbose Summary: CDFG Model
============================================================
IsTopModel: 0
ResetActiveHigh: 1
IsCombinational: 0
IsDatapathOnly: 0
HasWiredReturn: 1
HasMFsm: 2
HasVarLatency: 1
IsPipeline: 0
IsRtlPipelined: 0
IsInstanceOverlapped: 0
IsDontTouch: 0
HasImplIP: 0
IsGatedGlobalClock: 0

+ Individual pipeline summary: 
  * Pipeline-0: initiation interval (II) = 1, depth = 1


============================================================
+ Verbose Summary: Schedule
============================================================
* Number of FSM states : 1
* Pipeline : 1
  Pipeline-0 : II = 1, D = 1, States = { 1 }
* Dataflow Pipeline: 0

* FSM state transitions: 
1 --> 

* FSM state operations: 

State 1 <SV = 0> <Delay = 4.20>
ST_1 : Operation 4 [1/1] (0.00ns)   --->   "%si5 = alloca i32 1" [/home/silvenchen/Desktop/DitBlock/WorkDCT/DitBlock/kernel.cpp:15557]   --->   Operation 4 'alloca' 'si5' <Predicate = true> <Delay = 0.00>
ST_1 : Operation 5 [1/1] (0.00ns)   --->   "%sj5 = alloca i32 1" [/home/silvenchen/Desktop/DitBlock/WorkDCT/DitBlock/kernel.cpp:15556]   --->   Operation 5 'alloca' 'sj5' <Predicate = true> <Delay = 0.00>
ST_1 : Operation 6 [1/1] (0.00ns)   --->   "%indvar_flatten = alloca i32 1"   --->   Operation 6 'alloca' 'indvar_flatten' <Predicate = true> <Delay = 0.00>
ST_1 : Operation 7 [1/1] (0.00ns)   --->   "%tmp_read = read i10 @_ssdm_op_Read.ap_auto.i10, i10 %tmp"   --->   Operation 7 'read' 'tmp_read' <Predicate = true> <Delay = 0.00>
ST_1 : Operation 8 [1/1] (0.00ns)   --->   "%local_C5_i_load_read = read i32 @_ssdm_op_Read.ap_auto.float, i32 %local_C5_i_load"   --->   Operation 8 'read' 'local_C5_i_load_read' <Predicate = true> <Delay = 0.00>
ST_1 : Operation 9 [1/1] (0.00ns)   --->   "%local_C5_1_i_load_read = read i32 @_ssdm_op_Read.ap_auto.float, i32 %local_C5_1_i_load"   --->   Operation 9 'read' 'local_C5_1_i_load_read' <Predicate = true> <Delay = 0.00>
ST_1 : Operation 10 [1/1] (0.00ns)   --->   "%local_C5_2_i_load_read = read i32 @_ssdm_op_Read.ap_auto.float, i32 %local_C5_2_i_load"   --->   Operation 10 'read' 'local_C5_2_i_load_read' <Predicate = true> <Delay = 0.00>
ST_1 : Operation 11 [1/1] (0.00ns)   --->   "%local_C5_3_i_load_read = read i32 @_ssdm_op_Read.ap_auto.float, i32 %local_C5_3_i_load"   --->   Operation 11 'read' 'local_C5_3_i_load_read' <Predicate = true> <Delay = 0.00>
ST_1 : Operation 12 [1/1] (0.00ns)   --->   "%local_C5_4_i_load_read = read i32 @_ssdm_op_Read.ap_auto.float, i32 %local_C5_4_i_load"   --->   Operation 12 'read' 'local_C5_4_i_load_read' <Predicate = true> <Delay = 0.00>
ST_1 : Operation 13 [1/1] (0.00ns)   --->   "%local_C5_5_i_load_read = read i32 @_ssdm_op_Read.ap_auto.float, i32 %local_C5_5_i_load"   --->   Operation 13 'read' 'local_C5_5_i_load_read' <Predicate = true> <Delay = 0.00>
ST_1 : Operation 14 [1/1] (0.00ns)   --->   "%local_C5_6_i_load_read = read i32 @_ssdm_op_Read.ap_auto.float, i32 %local_C5_6_i_load"   --->   Operation 14 'read' 'local_C5_6_i_load_read' <Predicate = true> <Delay = 0.00>
ST_1 : Operation 15 [1/1] (0.00ns)   --->   "%local_C5_7_i_load_read = read i32 @_ssdm_op_Read.ap_auto.float, i32 %local_C5_7_i_load"   --->   Operation 15 'read' 'local_C5_7_i_load_read' <Predicate = true> <Delay = 0.00>
ST_1 : Operation 16 [1/1] (0.00ns)   --->   "%local_C5_8_i_load_read = read i32 @_ssdm_op_Read.ap_auto.float, i32 %local_C5_8_i_load"   --->   Operation 16 'read' 'local_C5_8_i_load_read' <Predicate = true> <Delay = 0.00>
ST_1 : Operation 17 [1/1] (0.00ns)   --->   "%local_C5_9_i_load_read = read i32 @_ssdm_op_Read.ap_auto.float, i32 %local_C5_9_i_load"   --->   Operation 17 'read' 'local_C5_9_i_load_read' <Predicate = true> <Delay = 0.00>
ST_1 : Operation 18 [1/1] (0.00ns)   --->   "%local_C5_10_i_load_read = read i32 @_ssdm_op_Read.ap_auto.float, i32 %local_C5_10_i_load"   --->   Operation 18 'read' 'local_C5_10_i_load_read' <Predicate = true> <Delay = 0.00>
ST_1 : Operation 19 [1/1] (0.00ns)   --->   "%local_C5_11_i_load_read = read i32 @_ssdm_op_Read.ap_auto.float, i32 %local_C5_11_i_load"   --->   Operation 19 'read' 'local_C5_11_i_load_read' <Predicate = true> <Delay = 0.00>
ST_1 : Operation 20 [1/1] (0.00ns)   --->   "%local_C5_12_i_load_read = read i32 @_ssdm_op_Read.ap_auto.float, i32 %local_C5_12_i_load"   --->   Operation 20 'read' 'local_C5_12_i_load_read' <Predicate = true> <Delay = 0.00>
ST_1 : Operation 21 [1/1] (0.00ns)   --->   "%local_C5_13_i_load_read = read i32 @_ssdm_op_Read.ap_auto.float, i32 %local_C5_13_i_load"   --->   Operation 21 'read' 'local_C5_13_i_load_read' <Predicate = true> <Delay = 0.00>
ST_1 : Operation 22 [1/1] (0.00ns)   --->   "%local_C5_14_i_load_read = read i32 @_ssdm_op_Read.ap_auto.float, i32 %local_C5_14_i_load"   --->   Operation 22 'read' 'local_C5_14_i_load_read' <Predicate = true> <Delay = 0.00>
ST_1 : Operation 23 [1/1] (0.00ns)   --->   "%local_C5_15_i_load_read = read i32 @_ssdm_op_Read.ap_auto.float, i32 %local_C5_15_i_load"   --->   Operation 23 'read' 'local_C5_15_i_load_read' <Predicate = true> <Delay = 0.00>
ST_1 : Operation 24 [1/1] (0.00ns)   --->   "%local_C5_16_i_load_read = read i32 @_ssdm_op_Read.ap_auto.float, i32 %local_C5_16_i_load"   --->   Operation 24 'read' 'local_C5_16_i_load_read' <Predicate = true> <Delay = 0.00>
ST_1 : Operation 25 [1/1] (0.00ns)   --->   "%local_C5_17_i_load_read = read i32 @_ssdm_op_Read.ap_auto.float, i32 %local_C5_17_i_load"   --->   Operation 25 'read' 'local_C5_17_i_load_read' <Predicate = true> <Delay = 0.00>
ST_1 : Operation 26 [1/1] (0.00ns)   --->   "%local_C5_18_i_load_read = read i32 @_ssdm_op_Read.ap_auto.float, i32 %local_C5_18_i_load"   --->   Operation 26 'read' 'local_C5_18_i_load_read' <Predicate = true> <Delay = 0.00>
ST_1 : Operation 27 [1/1] (0.00ns)   --->   "%local_C5_19_i_load_read = read i32 @_ssdm_op_Read.ap_auto.float, i32 %local_C5_19_i_load"   --->   Operation 27 'read' 'local_C5_19_i_load_read' <Predicate = true> <Delay = 0.00>
ST_1 : Operation 28 [1/1] (0.00ns)   --->   "%local_C5_20_i_load_read = read i32 @_ssdm_op_Read.ap_auto.float, i32 %local_C5_20_i_load"   --->   Operation 28 'read' 'local_C5_20_i_load_read' <Predicate = true> <Delay = 0.00>
ST_1 : Operation 29 [1/1] (0.00ns)   --->   "%local_C5_21_i_load_read = read i32 @_ssdm_op_Read.ap_auto.float, i32 %local_C5_21_i_load"   --->   Operation 29 'read' 'local_C5_21_i_load_read' <Predicate = true> <Delay = 0.00>
ST_1 : Operation 30 [1/1] (0.00ns)   --->   "%local_C5_22_i_load_read = read i32 @_ssdm_op_Read.ap_auto.float, i32 %local_C5_22_i_load"   --->   Operation 30 'read' 'local_C5_22_i_load_read' <Predicate = true> <Delay = 0.00>
ST_1 : Operation 31 [1/1] (0.00ns)   --->   "%local_C5_23_i_load_read = read i32 @_ssdm_op_Read.ap_auto.float, i32 %local_C5_23_i_load"   --->   Operation 31 'read' 'local_C5_23_i_load_read' <Predicate = true> <Delay = 0.00>
ST_1 : Operation 32 [1/1] (0.00ns)   --->   "%local_C5_24_i_load_read = read i32 @_ssdm_op_Read.ap_auto.float, i32 %local_C5_24_i_load"   --->   Operation 32 'read' 'local_C5_24_i_load_read' <Predicate = true> <Delay = 0.00>
ST_1 : Operation 33 [1/1] (0.00ns)   --->   "%local_C5_25_i_load_read = read i32 @_ssdm_op_Read.ap_auto.float, i32 %local_C5_25_i_load"   --->   Operation 33 'read' 'local_C5_25_i_load_read' <Predicate = true> <Delay = 0.00>
ST_1 : Operation 34 [1/1] (0.00ns)   --->   "%local_C5_26_i_load_read = read i32 @_ssdm_op_Read.ap_auto.float, i32 %local_C5_26_i_load"   --->   Operation 34 'read' 'local_C5_26_i_load_read' <Predicate = true> <Delay = 0.00>
ST_1 : Operation 35 [1/1] (0.00ns)   --->   "%local_C5_27_i_load_read = read i32 @_ssdm_op_Read.ap_auto.float, i32 %local_C5_27_i_load"   --->   Operation 35 'read' 'local_C5_27_i_load_read' <Predicate = true> <Delay = 0.00>
ST_1 : Operation 36 [1/1] (0.00ns)   --->   "%local_C5_28_i_load_read = read i32 @_ssdm_op_Read.ap_auto.float, i32 %local_C5_28_i_load"   --->   Operation 36 'read' 'local_C5_28_i_load_read' <Predicate = true> <Delay = 0.00>
ST_1 : Operation 37 [1/1] (0.00ns)   --->   "%local_C5_29_i_load_read = read i32 @_ssdm_op_Read.ap_auto.float, i32 %local_C5_29_i_load"   --->   Operation 37 'read' 'local_C5_29_i_load_read' <Predicate = true> <Delay = 0.00>
ST_1 : Operation 38 [1/1] (0.00ns)   --->   "%local_C5_30_i_load_read = read i32 @_ssdm_op_Read.ap_auto.float, i32 %local_C5_30_i_load"   --->   Operation 38 'read' 'local_C5_30_i_load_read' <Predicate = true> <Delay = 0.00>
ST_1 : Operation 39 [1/1] (0.00ns)   --->   "%local_C5_31_i_load_read = read i32 @_ssdm_op_Read.ap_auto.float, i32 %local_C5_31_i_load"   --->   Operation 39 'read' 'local_C5_31_i_load_read' <Predicate = true> <Delay = 0.00>
ST_1 : Operation 40 [1/1] (0.00ns)   --->   "%local_C5_32_i_load_read = read i32 @_ssdm_op_Read.ap_auto.float, i32 %local_C5_32_i_load"   --->   Operation 40 'read' 'local_C5_32_i_load_read' <Predicate = true> <Delay = 0.00>
ST_1 : Operation 41 [1/1] (0.00ns)   --->   "%local_C5_33_i_load_read = read i32 @_ssdm_op_Read.ap_auto.float, i32 %local_C5_33_i_load"   --->   Operation 41 'read' 'local_C5_33_i_load_read' <Predicate = true> <Delay = 0.00>
ST_1 : Operation 42 [1/1] (0.00ns)   --->   "%local_C5_34_i_load_read = read i32 @_ssdm_op_Read.ap_auto.float, i32 %local_C5_34_i_load"   --->   Operation 42 'read' 'local_C5_34_i_load_read' <Predicate = true> <Delay = 0.00>
ST_1 : Operation 43 [1/1] (0.00ns)   --->   "%local_C5_35_i_load_read = read i32 @_ssdm_op_Read.ap_auto.float, i32 %local_C5_35_i_load"   --->   Operation 43 'read' 'local_C5_35_i_load_read' <Predicate = true> <Delay = 0.00>
ST_1 : Operation 44 [1/1] (0.00ns)   --->   "%local_C5_36_i_load_read = read i32 @_ssdm_op_Read.ap_auto.float, i32 %local_C5_36_i_load"   --->   Operation 44 'read' 'local_C5_36_i_load_read' <Predicate = true> <Delay = 0.00>
ST_1 : Operation 45 [1/1] (0.00ns)   --->   "%local_C5_37_i_load_read = read i32 @_ssdm_op_Read.ap_auto.float, i32 %local_C5_37_i_load"   --->   Operation 45 'read' 'local_C5_37_i_load_read' <Predicate = true> <Delay = 0.00>
ST_1 : Operation 46 [1/1] (0.00ns)   --->   "%local_C5_38_i_load_read = read i32 @_ssdm_op_Read.ap_auto.float, i32 %local_C5_38_i_load"   --->   Operation 46 'read' 'local_C5_38_i_load_read' <Predicate = true> <Delay = 0.00>
ST_1 : Operation 47 [1/1] (0.00ns)   --->   "%local_C5_39_i_load_read = read i32 @_ssdm_op_Read.ap_auto.float, i32 %local_C5_39_i_load"   --->   Operation 47 'read' 'local_C5_39_i_load_read' <Predicate = true> <Delay = 0.00>
ST_1 : Operation 48 [1/1] (0.00ns)   --->   "%local_C5_40_i_load_read = read i32 @_ssdm_op_Read.ap_auto.float, i32 %local_C5_40_i_load"   --->   Operation 48 'read' 'local_C5_40_i_load_read' <Predicate = true> <Delay = 0.00>
ST_1 : Operation 49 [1/1] (0.00ns)   --->   "%local_C5_41_i_load_read = read i32 @_ssdm_op_Read.ap_auto.float, i32 %local_C5_41_i_load"   --->   Operation 49 'read' 'local_C5_41_i_load_read' <Predicate = true> <Delay = 0.00>
ST_1 : Operation 50 [1/1] (0.00ns)   --->   "%local_C5_42_i_load_read = read i32 @_ssdm_op_Read.ap_auto.float, i32 %local_C5_42_i_load"   --->   Operation 50 'read' 'local_C5_42_i_load_read' <Predicate = true> <Delay = 0.00>
ST_1 : Operation 51 [1/1] (0.00ns)   --->   "%local_C5_43_i_load_read = read i32 @_ssdm_op_Read.ap_auto.float, i32 %local_C5_43_i_load"   --->   Operation 51 'read' 'local_C5_43_i_load_read' <Predicate = true> <Delay = 0.00>
ST_1 : Operation 52 [1/1] (0.00ns)   --->   "%local_C5_44_i_load_read = read i32 @_ssdm_op_Read.ap_auto.float, i32 %local_C5_44_i_load"   --->   Operation 52 'read' 'local_C5_44_i_load_read' <Predicate = true> <Delay = 0.00>
ST_1 : Operation 53 [1/1] (0.00ns)   --->   "%local_C5_45_i_load_read = read i32 @_ssdm_op_Read.ap_auto.float, i32 %local_C5_45_i_load"   --->   Operation 53 'read' 'local_C5_45_i_load_read' <Predicate = true> <Delay = 0.00>
ST_1 : Operation 54 [1/1] (0.00ns)   --->   "%local_C5_46_i_load_read = read i32 @_ssdm_op_Read.ap_auto.float, i32 %local_C5_46_i_load"   --->   Operation 54 'read' 'local_C5_46_i_load_read' <Predicate = true> <Delay = 0.00>
ST_1 : Operation 55 [1/1] (0.00ns)   --->   "%local_C5_47_i_load_read = read i32 @_ssdm_op_Read.ap_auto.float, i32 %local_C5_47_i_load"   --->   Operation 55 'read' 'local_C5_47_i_load_read' <Predicate = true> <Delay = 0.00>
ST_1 : Operation 56 [1/1] (0.00ns)   --->   "%local_C5_48_i_load_read = read i32 @_ssdm_op_Read.ap_auto.float, i32 %local_C5_48_i_load"   --->   Operation 56 'read' 'local_C5_48_i_load_read' <Predicate = true> <Delay = 0.00>
ST_1 : Operation 57 [1/1] (0.00ns)   --->   "%local_C5_49_i_load_read = read i32 @_ssdm_op_Read.ap_auto.float, i32 %local_C5_49_i_load"   --->   Operation 57 'read' 'local_C5_49_i_load_read' <Predicate = true> <Delay = 0.00>
ST_1 : Operation 58 [1/1] (0.00ns)   --->   "%local_C5_50_i_load_read = read i32 @_ssdm_op_Read.ap_auto.float, i32 %local_C5_50_i_load"   --->   Operation 58 'read' 'local_C5_50_i_load_read' <Predicate = true> <Delay = 0.00>
ST_1 : Operation 59 [1/1] (0.00ns)   --->   "%local_C5_51_i_load_read = read i32 @_ssdm_op_Read.ap_auto.float, i32 %local_C5_51_i_load"   --->   Operation 59 'read' 'local_C5_51_i_load_read' <Predicate = true> <Delay = 0.00>
ST_1 : Operation 60 [1/1] (0.00ns)   --->   "%local_C5_52_i_load_read = read i32 @_ssdm_op_Read.ap_auto.float, i32 %local_C5_52_i_load"   --->   Operation 60 'read' 'local_C5_52_i_load_read' <Predicate = true> <Delay = 0.00>
ST_1 : Operation 61 [1/1] (0.00ns)   --->   "%local_C5_53_i_load_read = read i32 @_ssdm_op_Read.ap_auto.float, i32 %local_C5_53_i_load"   --->   Operation 61 'read' 'local_C5_53_i_load_read' <Predicate = true> <Delay = 0.00>
ST_1 : Operation 62 [1/1] (0.00ns)   --->   "%local_C5_54_i_load_read = read i32 @_ssdm_op_Read.ap_auto.float, i32 %local_C5_54_i_load"   --->   Operation 62 'read' 'local_C5_54_i_load_read' <Predicate = true> <Delay = 0.00>
ST_1 : Operation 63 [1/1] (0.00ns)   --->   "%local_C5_55_i_load_read = read i32 @_ssdm_op_Read.ap_auto.float, i32 %local_C5_55_i_load"   --->   Operation 63 'read' 'local_C5_55_i_load_read' <Predicate = true> <Delay = 0.00>
ST_1 : Operation 64 [1/1] (0.00ns)   --->   "%local_C5_56_i_load_read = read i32 @_ssdm_op_Read.ap_auto.float, i32 %local_C5_56_i_load"   --->   Operation 64 'read' 'local_C5_56_i_load_read' <Predicate = true> <Delay = 0.00>
ST_1 : Operation 65 [1/1] (0.00ns)   --->   "%local_C5_57_i_load_read = read i32 @_ssdm_op_Read.ap_auto.float, i32 %local_C5_57_i_load"   --->   Operation 65 'read' 'local_C5_57_i_load_read' <Predicate = true> <Delay = 0.00>
ST_1 : Operation 66 [1/1] (0.00ns)   --->   "%local_C5_58_i_load_read = read i32 @_ssdm_op_Read.ap_auto.float, i32 %local_C5_58_i_load"   --->   Operation 66 'read' 'local_C5_58_i_load_read' <Predicate = true> <Delay = 0.00>
ST_1 : Operation 67 [1/1] (0.00ns)   --->   "%local_C5_59_i_load_read = read i32 @_ssdm_op_Read.ap_auto.float, i32 %local_C5_59_i_load"   --->   Operation 67 'read' 'local_C5_59_i_load_read' <Predicate = true> <Delay = 0.00>
ST_1 : Operation 68 [1/1] (0.00ns)   --->   "%local_C5_60_i_load_read = read i32 @_ssdm_op_Read.ap_auto.float, i32 %local_C5_60_i_load"   --->   Operation 68 'read' 'local_C5_60_i_load_read' <Predicate = true> <Delay = 0.00>
ST_1 : Operation 69 [1/1] (0.00ns)   --->   "%local_C5_61_i_load_read = read i32 @_ssdm_op_Read.ap_auto.float, i32 %local_C5_61_i_load"   --->   Operation 69 'read' 'local_C5_61_i_load_read' <Predicate = true> <Delay = 0.00>
ST_1 : Operation 70 [1/1] (0.00ns)   --->   "%local_C5_62_i_load_read = read i32 @_ssdm_op_Read.ap_auto.float, i32 %local_C5_62_i_load"   --->   Operation 70 'read' 'local_C5_62_i_load_read' <Predicate = true> <Delay = 0.00>
ST_1 : Operation 71 [1/1] (0.00ns)   --->   "%local_C5_63_i_load_read = read i32 @_ssdm_op_Read.ap_auto.float, i32 %local_C5_63_i_load"   --->   Operation 71 'read' 'local_C5_63_i_load_read' <Predicate = true> <Delay = 0.00>
ST_1 : Operation 72 [1/1] (0.00ns)   --->   "%p_cast_read = read i6 @_ssdm_op_Read.ap_auto.i6, i6 %p_cast"   --->   Operation 72 'read' 'p_cast_read' <Predicate = true> <Delay = 0.00>
ST_1 : Operation 73 [1/1] (0.00ns)   --->   "%p_cast_cast = zext i6 %p_cast_read"   --->   Operation 73 'zext' 'p_cast_cast' <Predicate = true> <Delay = 0.00>
ST_1 : Operation 74 [1/1] (0.38ns)   --->   "%store_ln0 = store i7 0, i7 %indvar_flatten"   --->   Operation 74 'store' 'store_ln0' <Predicate = true> <Delay = 0.38>
ST_1 : Operation 75 [1/1] (0.38ns)   --->   "%store_ln15556 = store i4 0, i4 %sj5" [/home/silvenchen/Desktop/DitBlock/WorkDCT/DitBlock/kernel.cpp:15556]   --->   Operation 75 'store' 'store_ln15556' <Predicate = true> <Delay = 0.38>
ST_1 : Operation 76 [1/1] (0.38ns)   --->   "%store_ln15557 = store i4 0, i4 %si5" [/home/silvenchen/Desktop/DitBlock/WorkDCT/DitBlock/kernel.cpp:15557]   --->   Operation 76 'store' 'store_ln15557' <Predicate = true> <Delay = 0.38>
ST_1 : Operation 77 [1/1] (0.00ns)   --->   "%br_ln0 = br void %for.inc68.i.i"   --->   Operation 77 'br' 'br_ln0' <Predicate = true> <Delay = 0.00>
ST_1 : Operation 78 [1/1] (0.00ns)   --->   "%indvar_flatten_load = load i7 %indvar_flatten" [/home/silvenchen/Desktop/DitBlock/WorkDCT/DitBlock/kernel.cpp:15556]   --->   Operation 78 'load' 'indvar_flatten_load' <Predicate = true> <Delay = 0.00>
ST_1 : Operation 79 [1/1] (0.70ns)   --->   "%icmp_ln15556 = icmp_eq  i7 %indvar_flatten_load, i7 64" [/home/silvenchen/Desktop/DitBlock/WorkDCT/DitBlock/kernel.cpp:15556]   --->   Operation 79 'icmp' 'icmp_ln15556' <Predicate = true> <Delay = 0.70> <CoreInst = "Cmp">   --->   Core 9 'Cmp' <Latency = 0> <II = 1> <Delay = 0.70> <FuncUnit> <Opcode : 'icmp'> <InPorts = 2> <OutPorts = 1>
ST_1 : Operation 80 [1/1] (0.70ns)   --->   "%add_ln15556_1 = add i7 %indvar_flatten_load, i7 1" [/home/silvenchen/Desktop/DitBlock/WorkDCT/DitBlock/kernel.cpp:15556]   --->   Operation 80 'add' 'add_ln15556_1' <Predicate = true> <Delay = 0.70> <CoreInst = "Adder">   --->   Core 1 'Adder' <Latency = 0> <II = 1> <Delay = 0.70> <FuncUnit> <Opcode : 'add' 'sub'> <InPorts = 2> <OutPorts = 1>
ST_1 : Operation 81 [1/1] (0.00ns)   --->   "%br_ln15556 = br i1 %icmp_ln15556, void %for.inc71.i.i, void %dataflow_in_loop_l_ni5_Loop_l_store_C_tile_sj5_proc55.exit.exitStub" [/home/silvenchen/Desktop/DitBlock/WorkDCT/DitBlock/kernel.cpp:15556]   --->   Operation 81 'br' 'br_ln15556' <Predicate = true> <Delay = 0.00>
ST_1 : Operation 82 [1/1] (0.00ns)   --->   "%si5_load = load i4 %si5" [/home/silvenchen/Desktop/DitBlock/WorkDCT/DitBlock/kernel.cpp:15557]   --->   Operation 82 'load' 'si5_load' <Predicate = (!icmp_ln15556)> <Delay = 0.00>
ST_1 : Operation 83 [1/1] (0.00ns)   --->   "%sj5_load = load i4 %sj5" [/home/silvenchen/Desktop/DitBlock/WorkDCT/DitBlock/kernel.cpp:15556]   --->   Operation 83 'load' 'sj5_load' <Predicate = (!icmp_ln15556)> <Delay = 0.00>
ST_1 : Operation 84 [1/1] (0.70ns)   --->   "%add_ln15556 = add i4 %sj5_load, i4 1" [/home/silvenchen/Desktop/DitBlock/WorkDCT/DitBlock/kernel.cpp:15556]   --->   Operation 84 'add' 'add_ln15556' <Predicate = (!icmp_ln15556)> <Delay = 0.70> <CoreInst = "Adder">   --->   Core 1 'Adder' <Latency = 0> <II = 1> <Delay = 0.70> <FuncUnit> <Opcode : 'add' 'sub'> <InPorts = 2> <OutPorts = 1>
ST_1 : Operation 85 [1/1] (0.00ns)   --->   "%specloopname_ln0 = specloopname void @_ssdm_op_SpecLoopName, void @l_store_C_tile_sj5_l_si5_str"   --->   Operation 85 'specloopname' 'specloopname_ln0' <Predicate = (!icmp_ln15556)> <Delay = 0.00>
ST_1 : Operation 86 [1/1] (0.00ns)   --->   "%speclooptripcount_ln0 = speclooptripcount void @_ssdm_op_SpecLoopTripCount, i64 64, i64 64, i64 64"   --->   Operation 86 'speclooptripcount' 'speclooptripcount_ln0' <Predicate = (!icmp_ln15556)> <Delay = 0.00>
ST_1 : Operation 87 [1/1] (0.70ns)   --->   "%icmp_ln15557 = icmp_eq  i4 %si5_load, i4 8" [/home/silvenchen/Desktop/DitBlock/WorkDCT/DitBlock/kernel.cpp:15557]   --->   Operation 87 'icmp' 'icmp_ln15557' <Predicate = (!icmp_ln15556)> <Delay = 0.70> <CoreInst = "Cmp">   --->   Core 9 'Cmp' <Latency = 0> <II = 1> <Delay = 0.70> <FuncUnit> <Opcode : 'icmp'> <InPorts = 2> <OutPorts = 1>
ST_1 : Operation 88 [1/1] (0.35ns)   --->   "%select_ln15556 = select i1 %icmp_ln15557, i4 0, i4 %si5_load" [/home/silvenchen/Desktop/DitBlock/WorkDCT/DitBlock/kernel.cpp:15556]   --->   Operation 88 'select' 'select_ln15556' <Predicate = (!icmp_ln15556)> <Delay = 0.35> <CoreInst = "Sel">   --->   Core 73 'Sel' <Latency = 0> <II = 1> <Delay = 0.35> <FuncUnit> <Opcode : 'select'> <InPorts = 3> <OutPorts = 1>
ST_1 : Operation 89 [1/1] (0.35ns)   --->   "%select_ln15556_1 = select i1 %icmp_ln15557, i4 %add_ln15556, i4 %sj5_load" [/home/silvenchen/Desktop/DitBlock/WorkDCT/DitBlock/kernel.cpp:15556]   --->   Operation 89 'select' 'select_ln15556_1' <Predicate = (!icmp_ln15556)> <Delay = 0.35> <CoreInst = "Sel">   --->   Core 73 'Sel' <Latency = 0> <II = 1> <Delay = 0.35> <FuncUnit> <Opcode : 'select'> <InPorts = 3> <OutPorts = 1>
ST_1 : Operation 90 [1/1] (0.00ns)   --->   "%trunc_ln15556 = trunc i4 %select_ln15556_1" [/home/silvenchen/Desktop/DitBlock/WorkDCT/DitBlock/kernel.cpp:15556]   --->   Operation 90 'trunc' 'trunc_ln15556' <Predicate = (!icmp_ln15556)> <Delay = 0.00>
ST_1 : Operation 91 [1/1] (0.00ns)   --->   "%zext_ln15556 = zext i4 %select_ln15556_1" [/home/silvenchen/Desktop/DitBlock/WorkDCT/DitBlock/kernel.cpp:15556]   --->   Operation 91 'zext' 'zext_ln15556' <Predicate = (!icmp_ln15556)> <Delay = 0.00>
ST_1 : Operation 92 [1/1] (0.70ns)   --->   "%empty = add i7 %p_cast_cast, i7 %zext_ln15556" [/home/silvenchen/Desktop/DitBlock/WorkDCT/DitBlock/kernel.cpp:15556]   --->   Operation 92 'add' 'empty' <Predicate = (!icmp_ln15556)> <Delay = 0.70> <CoreInst = "Adder">   --->   Core 1 'Adder' <Latency = 0> <II = 1> <Delay = 0.70> <FuncUnit> <Opcode : 'add' 'sub'> <InPorts = 2> <OutPorts = 1>
ST_1 : Operation 93 [1/1] (0.00ns)   --->   "%zext_ln15559 = zext i7 %empty" [/home/silvenchen/Desktop/DitBlock/WorkDCT/DitBlock/kernel.cpp:15559]   --->   Operation 93 'zext' 'zext_ln15559' <Predicate = (!icmp_ln15556)> <Delay = 0.00>
ST_1 : Operation 94 [1/1] (0.58ns)   --->   "%tmp_i_i = sparsemux i32 @_ssdm_op_SparseMux.ap_auto.8f32.f32.i3, i3 0, i32 %local_C5_63_i_load_read, i3 1, i32 %local_C5_62_i_load_read, i3 2, i32 %local_C5_61_i_load_read, i3 3, i32 %local_C5_60_i_load_read, i3 4, i32 %local_C5_59_i_load_read, i3 5, i32 %local_C5_58_i_load_read, i3 6, i32 %local_C5_57_i_load_read, i3 7, i32 %local_C5_56_i_load_read, i32 <undef>, i3 %trunc_ln15556" [/home/silvenchen/Desktop/DitBlock/WorkDCT/DitBlock/kernel.cpp:15559]   --->   Operation 94 'sparsemux' 'tmp_i_i' <Predicate = (!icmp_ln15556)> <Delay = 0.58> <CoreInst = "SparseMux">   --->   Core 147 'SparseMux' <Latency = 0> <II = 1> <Delay = 0.58> <FuncUnit> <Opcode : 'sparsemux'> <InPorts = 2> <OutPorts = 1>
ST_1 : Operation 95 [1/1] (0.58ns)   --->   "%tmp_i_i_748 = sparsemux i32 @_ssdm_op_SparseMux.ap_auto.8f32.f32.i3, i3 0, i32 %local_C5_55_i_load_read, i3 1, i32 %local_C5_54_i_load_read, i3 2, i32 %local_C5_53_i_load_read, i3 3, i32 %local_C5_52_i_load_read, i3 4, i32 %local_C5_51_i_load_read, i3 5, i32 %local_C5_50_i_load_read, i3 6, i32 %local_C5_49_i_load_read, i3 7, i32 %local_C5_48_i_load_read, i32 <undef>, i3 %trunc_ln15556" [/home/silvenchen/Desktop/DitBlock/WorkDCT/DitBlock/kernel.cpp:15559]   --->   Operation 95 'sparsemux' 'tmp_i_i_748' <Predicate = (!icmp_ln15556)> <Delay = 0.58> <CoreInst = "SparseMux">   --->   Core 147 'SparseMux' <Latency = 0> <II = 1> <Delay = 0.58> <FuncUnit> <Opcode : 'sparsemux'> <InPorts = 2> <OutPorts = 1>
ST_1 : Operation 96 [1/1] (0.58ns)   --->   "%tmp_13_i_i = sparsemux i32 @_ssdm_op_SparseMux.ap_auto.8f32.f32.i3, i3 0, i32 %local_C5_47_i_load_read, i3 1, i32 %local_C5_46_i_load_read, i3 2, i32 %local_C5_45_i_load_read, i3 3, i32 %local_C5_44_i_load_read, i3 4, i32 %local_C5_43_i_load_read, i3 5, i32 %local_C5_42_i_load_read, i3 6, i32 %local_C5_41_i_load_read, i3 7, i32 %local_C5_40_i_load_read, i32 <undef>, i3 %trunc_ln15556" [/home/silvenchen/Desktop/DitBlock/WorkDCT/DitBlock/kernel.cpp:15559]   --->   Operation 96 'sparsemux' 'tmp_13_i_i' <Predicate = (!icmp_ln15556)> <Delay = 0.58> <CoreInst = "SparseMux">   --->   Core 147 'SparseMux' <Latency = 0> <II = 1> <Delay = 0.58> <FuncUnit> <Opcode : 'sparsemux'> <InPorts = 2> <OutPorts = 1>
ST_1 : Operation 97 [1/1] (0.58ns)   --->   "%tmp_14_i_i = sparsemux i32 @_ssdm_op_SparseMux.ap_auto.8f32.f32.i3, i3 0, i32 %local_C5_39_i_load_read, i3 1, i32 %local_C5_38_i_load_read, i3 2, i32 %local_C5_37_i_load_read, i3 3, i32 %local_C5_36_i_load_read, i3 4, i32 %local_C5_35_i_load_read, i3 5, i32 %local_C5_34_i_load_read, i3 6, i32 %local_C5_33_i_load_read, i3 7, i32 %local_C5_32_i_load_read, i32 <undef>, i3 %trunc_ln15556" [/home/silvenchen/Desktop/DitBlock/WorkDCT/DitBlock/kernel.cpp:15559]   --->   Operation 97 'sparsemux' 'tmp_14_i_i' <Predicate = (!icmp_ln15556)> <Delay = 0.58> <CoreInst = "SparseMux">   --->   Core 147 'SparseMux' <Latency = 0> <II = 1> <Delay = 0.58> <FuncUnit> <Opcode : 'sparsemux'> <InPorts = 2> <OutPorts = 1>
ST_1 : Operation 98 [1/1] (0.58ns)   --->   "%tmp_15_i_i = sparsemux i32 @_ssdm_op_SparseMux.ap_auto.8f32.f32.i3, i3 0, i32 %local_C5_31_i_load_read, i3 1, i32 %local_C5_30_i_load_read, i3 2, i32 %local_C5_29_i_load_read, i3 3, i32 %local_C5_28_i_load_read, i3 4, i32 %local_C5_27_i_load_read, i3 5, i32 %local_C5_26_i_load_read, i3 6, i32 %local_C5_25_i_load_read, i3 7, i32 %local_C5_24_i_load_read, i32 <undef>, i3 %trunc_ln15556" [/home/silvenchen/Desktop/DitBlock/WorkDCT/DitBlock/kernel.cpp:15559]   --->   Operation 98 'sparsemux' 'tmp_15_i_i' <Predicate = (!icmp_ln15556)> <Delay = 0.58> <CoreInst = "SparseMux">   --->   Core 147 'SparseMux' <Latency = 0> <II = 1> <Delay = 0.58> <FuncUnit> <Opcode : 'sparsemux'> <InPorts = 2> <OutPorts = 1>
ST_1 : Operation 99 [1/1] (0.58ns)   --->   "%tmp_16_i_i = sparsemux i32 @_ssdm_op_SparseMux.ap_auto.8f32.f32.i3, i3 0, i32 %local_C5_23_i_load_read, i3 1, i32 %local_C5_22_i_load_read, i3 2, i32 %local_C5_21_i_load_read, i3 3, i32 %local_C5_20_i_load_read, i3 4, i32 %local_C5_19_i_load_read, i3 5, i32 %local_C5_18_i_load_read, i3 6, i32 %local_C5_17_i_load_read, i3 7, i32 %local_C5_16_i_load_read, i32 <undef>, i3 %trunc_ln15556" [/home/silvenchen/Desktop/DitBlock/WorkDCT/DitBlock/kernel.cpp:15559]   --->   Operation 99 'sparsemux' 'tmp_16_i_i' <Predicate = (!icmp_ln15556)> <Delay = 0.58> <CoreInst = "SparseMux">   --->   Core 147 'SparseMux' <Latency = 0> <II = 1> <Delay = 0.58> <FuncUnit> <Opcode : 'sparsemux'> <InPorts = 2> <OutPorts = 1>
ST_1 : Operation 100 [1/1] (0.58ns)   --->   "%tmp_17_i_i = sparsemux i32 @_ssdm_op_SparseMux.ap_auto.8f32.f32.i3, i3 0, i32 %local_C5_15_i_load_read, i3 1, i32 %local_C5_14_i_load_read, i3 2, i32 %local_C5_13_i_load_read, i3 3, i32 %local_C5_12_i_load_read, i3 4, i32 %local_C5_11_i_load_read, i3 5, i32 %local_C5_10_i_load_read, i3 6, i32 %local_C5_9_i_load_read, i3 7, i32 %local_C5_8_i_load_read, i32 <undef>, i3 %trunc_ln15556" [/home/silvenchen/Desktop/DitBlock/WorkDCT/DitBlock/kernel.cpp:15559]   --->   Operation 100 'sparsemux' 'tmp_17_i_i' <Predicate = (!icmp_ln15556)> <Delay = 0.58> <CoreInst = "SparseMux">   --->   Core 147 'SparseMux' <Latency = 0> <II = 1> <Delay = 0.58> <FuncUnit> <Opcode : 'sparsemux'> <InPorts = 2> <OutPorts = 1>
ST_1 : Operation 101 [1/1] (0.58ns)   --->   "%tmp_18_i_i = sparsemux i32 @_ssdm_op_SparseMux.ap_auto.8f32.f32.i3, i3 0, i32 %local_C5_7_i_load_read, i3 1, i32 %local_C5_6_i_load_read, i3 2, i32 %local_C5_5_i_load_read, i3 3, i32 %local_C5_4_i_load_read, i3 4, i32 %local_C5_3_i_load_read, i3 5, i32 %local_C5_2_i_load_read, i3 6, i32 %local_C5_1_i_load_read, i3 7, i32 %local_C5_i_load_read, i32 <undef>, i3 %trunc_ln15556" [/home/silvenchen/Desktop/DitBlock/WorkDCT/DitBlock/kernel.cpp:15559]   --->   Operation 101 'sparsemux' 'tmp_18_i_i' <Predicate = (!icmp_ln15556)> <Delay = 0.58> <CoreInst = "SparseMux">   --->   Core 147 'SparseMux' <Latency = 0> <II = 1> <Delay = 0.58> <FuncUnit> <Opcode : 'sparsemux'> <InPorts = 2> <OutPorts = 1>
ST_1 : Operation 102 [1/1] (0.00ns)   --->   "%zext_ln15557 = zext i4 %select_ln15556" [/home/silvenchen/Desktop/DitBlock/WorkDCT/DitBlock/kernel.cpp:15557]   --->   Operation 102 'zext' 'zext_ln15557' <Predicate = (!icmp_ln15556)> <Delay = 0.00>
ST_1 : Operation 103 [1/1] (0.00ns)   --->   "%specpipeline_ln15558 = specpipeline void @_ssdm_op_SpecPipeline, i32 1, i32 0, i32 0, i32 0, void @empty_191" [/home/silvenchen/Desktop/DitBlock/WorkDCT/DitBlock/kernel.cpp:15558]   --->   Operation 103 'specpipeline' 'specpipeline_ln15558' <Predicate = (!icmp_ln15556)> <Delay = 0.00>
ST_1 : Operation 104 [1/1] (0.00ns)   --->   "%trunc_ln15557 = trunc i4 %select_ln15556" [/home/silvenchen/Desktop/DitBlock/WorkDCT/DitBlock/kernel.cpp:15557]   --->   Operation 104 'trunc' 'trunc_ln15557' <Predicate = (!icmp_ln15556)> <Delay = 0.00>
ST_1 : Operation 105 [1/1] (0.58ns)   --->   "%v8563 = sparsemux i32 @_ssdm_op_SparseMux.ap_auto.8f32.f32.i3, i3 0, i32 %tmp_i_i, i3 1, i32 %tmp_i_i_748, i3 2, i32 %tmp_13_i_i, i3 3, i32 %tmp_14_i_i, i3 4, i32 %tmp_15_i_i, i3 5, i32 %tmp_16_i_i, i3 6, i32 %tmp_17_i_i, i3 7, i32 %tmp_18_i_i, i32 <undef>, i3 %trunc_ln15557" [/home/silvenchen/Desktop/DitBlock/WorkDCT/DitBlock/kernel.cpp:15559]   --->   Operation 105 'sparsemux' 'v8563' <Predicate = (!icmp_ln15556)> <Delay = 0.58> <CoreInst = "SparseMux">   --->   Core 147 'SparseMux' <Latency = 0> <II = 1> <Delay = 0.58> <FuncUnit> <Opcode : 'sparsemux'> <InPorts = 2> <OutPorts = 1>
ST_1 : Operation 106 [1/1] (0.72ns)   --->   "%add_ln15560 = add i10 %tmp_read, i10 %zext_ln15557" [/home/silvenchen/Desktop/DitBlock/WorkDCT/DitBlock/kernel.cpp:15560]   --->   Operation 106 'add' 'add_ln15560' <Predicate = (!icmp_ln15556)> <Delay = 0.72> <CoreInst = "Adder">   --->   Core 1 'Adder' <Latency = 0> <II = 1> <Delay = 0.72> <FuncUnit> <Opcode : 'add' 'sub'> <InPorts = 2> <OutPorts = 1>
ST_1 : Operation 107 [1/1] (0.00ns)   --->   "%tmp_s = bitconcatenate i16 @_ssdm_op_BitConcatenate.i16.i10.i6, i10 %add_ln15560, i6 0" [/home/silvenchen/Desktop/DitBlock/WorkDCT/DitBlock/kernel.cpp:15560]   --->   Operation 107 'bitconcatenate' 'tmp_s' <Predicate = (!icmp_ln15556)> <Delay = 0.00>
ST_1 : Operation 108 [1/1] (0.78ns)   --->   "%add_ln15560_1 = add i16 %tmp_s, i16 %zext_ln15559" [/home/silvenchen/Desktop/DitBlock/WorkDCT/DitBlock/kernel.cpp:15560]   --->   Operation 108 'add' 'add_ln15560_1' <Predicate = (!icmp_ln15556)> <Delay = 0.78> <CoreInst = "Adder">   --->   Core 1 'Adder' <Latency = 0> <II = 1> <Delay = 0.78> <FuncUnit> <Opcode : 'add' 'sub'> <InPorts = 2> <OutPorts = 1>
ST_1 : Operation 109 [1/1] (0.00ns)   --->   "%zext_ln15560 = zext i16 %add_ln15560_1" [/home/silvenchen/Desktop/DitBlock/WorkDCT/DitBlock/kernel.cpp:15560]   --->   Operation 109 'zext' 'zext_ln15560' <Predicate = (!icmp_ln15556)> <Delay = 0.00>
ST_1 : Operation 110 [1/1] (0.00ns)   --->   "%v8547_addr = getelementptr i32 %v8547, i64 0, i64 %zext_ln15560" [/home/silvenchen/Desktop/DitBlock/WorkDCT/DitBlock/kernel.cpp:15560]   --->   Operation 110 'getelementptr' 'v8547_addr' <Predicate = (!icmp_ln15556)> <Delay = 0.00>
ST_1 : Operation 111 [1/1] (1.24ns)   --->   "%store_ln15560 = store i32 %v8563, i16 %v8547_addr" [/home/silvenchen/Desktop/DitBlock/WorkDCT/DitBlock/kernel.cpp:15560]   --->   Operation 111 'store' 'store_ln15560' <Predicate = (!icmp_ln15556)> <Delay = 1.24> <CoreInst = "RAM">   --->   Core 83 'RAM' <Latency = 1> <II = 1> <Delay = 1.24> <Storage> <Opcode : 'load' 'store'> <Ports = 2> <Width = 32> <Depth = 65536> <RAM>
ST_1 : Operation 112 [1/1] (0.70ns)   --->   "%add_ln15557 = add i4 %select_ln15556, i4 1" [/home/silvenchen/Desktop/DitBlock/WorkDCT/DitBlock/kernel.cpp:15557]   --->   Operation 112 'add' 'add_ln15557' <Predicate = (!icmp_ln15556)> <Delay = 0.70> <CoreInst = "Adder">   --->   Core 1 'Adder' <Latency = 0> <II = 1> <Delay = 0.70> <FuncUnit> <Opcode : 'add' 'sub'> <InPorts = 2> <OutPorts = 1>
ST_1 : Operation 113 [1/1] (0.38ns)   --->   "%store_ln15556 = store i7 %add_ln15556_1, i7 %indvar_flatten" [/home/silvenchen/Desktop/DitBlock/WorkDCT/DitBlock/kernel.cpp:15556]   --->   Operation 113 'store' 'store_ln15556' <Predicate = (!icmp_ln15556)> <Delay = 0.38>
ST_1 : Operation 114 [1/1] (0.38ns)   --->   "%store_ln15556 = store i4 %select_ln15556_1, i4 %sj5" [/home/silvenchen/Desktop/DitBlock/WorkDCT/DitBlock/kernel.cpp:15556]   --->   Operation 114 'store' 'store_ln15556' <Predicate = (!icmp_ln15556)> <Delay = 0.38>
ST_1 : Operation 115 [1/1] (0.38ns)   --->   "%store_ln15557 = store i4 %add_ln15557, i4 %si5" [/home/silvenchen/Desktop/DitBlock/WorkDCT/DitBlock/kernel.cpp:15557]   --->   Operation 115 'store' 'store_ln15557' <Predicate = (!icmp_ln15556)> <Delay = 0.38>
ST_1 : Operation 116 [1/1] (0.00ns)   --->   "%br_ln15557 = br void %for.inc68.i.i" [/home/silvenchen/Desktop/DitBlock/WorkDCT/DitBlock/kernel.cpp:15557]   --->   Operation 116 'br' 'br_ln15557' <Predicate = (!icmp_ln15556)> <Delay = 0.00>
ST_1 : Operation 117 [1/1] (0.00ns)   --->   "%ret_ln0 = ret"   --->   Operation 117 'ret' 'ret_ln0' <Predicate = (icmp_ln15556)> <Delay = 0.00>


============================================================
+ Verbose Summary: Binding
============================================================
STG Binding: 
---------------- STG Properties BEGIN ----------------
- Is combinational: 0
- Is one-state seq: 0
- Is datapath-only: 0
- Is pipelined: 0
- Is top level: 0
Port [ Return ] is wired: 1; IO mode=ap_ctrl_hs:ce=0
Port [ p_cast]:  wired=1; compound=0; hidden=0; nouse=0; global=0; static=0; extern=0; dir=0; type=0; pingpong=0; private_global=0; IO mode=ap_none:ce=0
Port [ local_C5_63_i_load]:  wired=1; compound=0; hidden=0; nouse=0; global=0; static=0; extern=0; dir=0; type=0; pingpong=0; private_global=0; IO mode=ap_none:ce=0
Port [ local_C5_62_i_load]:  wired=1; compound=0; hidden=0; nouse=0; global=0; static=0; extern=0; dir=0; type=0; pingpong=0; private_global=0; IO mode=ap_none:ce=0
Port [ local_C5_61_i_load]:  wired=1; compound=0; hidden=0; nouse=0; global=0; static=0; extern=0; dir=0; type=0; pingpong=0; private_global=0; IO mode=ap_none:ce=0
Port [ local_C5_60_i_load]:  wired=1; compound=0; hidden=0; nouse=0; global=0; static=0; extern=0; dir=0; type=0; pingpong=0; private_global=0; IO mode=ap_none:ce=0
Port [ local_C5_59_i_load]:  wired=1; compound=0; hidden=0; nouse=0; global=0; static=0; extern=0; dir=0; type=0; pingpong=0; private_global=0; IO mode=ap_none:ce=0
Port [ local_C5_58_i_load]:  wired=1; compound=0; hidden=0; nouse=0; global=0; static=0; extern=0; dir=0; type=0; pingpong=0; private_global=0; IO mode=ap_none:ce=0
Port [ local_C5_57_i_load]:  wired=1; compound=0; hidden=0; nouse=0; global=0; static=0; extern=0; dir=0; type=0; pingpong=0; private_global=0; IO mode=ap_none:ce=0
Port [ local_C5_56_i_load]:  wired=1; compound=0; hidden=0; nouse=0; global=0; static=0; extern=0; dir=0; type=0; pingpong=0; private_global=0; IO mode=ap_none:ce=0
Port [ local_C5_55_i_load]:  wired=1; compound=0; hidden=0; nouse=0; global=0; static=0; extern=0; dir=0; type=0; pingpong=0; private_global=0; IO mode=ap_none:ce=0
Port [ local_C5_54_i_load]:  wired=1; compound=0; hidden=0; nouse=0; global=0; static=0; extern=0; dir=0; type=0; pingpong=0; private_global=0; IO mode=ap_none:ce=0
Port [ local_C5_53_i_load]:  wired=1; compound=0; hidden=0; nouse=0; global=0; static=0; extern=0; dir=0; type=0; pingpong=0; private_global=0; IO mode=ap_none:ce=0
Port [ local_C5_52_i_load]:  wired=1; compound=0; hidden=0; nouse=0; global=0; static=0; extern=0; dir=0; type=0; pingpong=0; private_global=0; IO mode=ap_none:ce=0
Port [ local_C5_51_i_load]:  wired=1; compound=0; hidden=0; nouse=0; global=0; static=0; extern=0; dir=0; type=0; pingpong=0; private_global=0; IO mode=ap_none:ce=0
Port [ local_C5_50_i_load]:  wired=1; compound=0; hidden=0; nouse=0; global=0; static=0; extern=0; dir=0; type=0; pingpong=0; private_global=0; IO mode=ap_none:ce=0
Port [ local_C5_49_i_load]:  wired=1; compound=0; hidden=0; nouse=0; global=0; static=0; extern=0; dir=0; type=0; pingpong=0; private_global=0; IO mode=ap_none:ce=0
Port [ local_C5_48_i_load]:  wired=1; compound=0; hidden=0; nouse=0; global=0; static=0; extern=0; dir=0; type=0; pingpong=0; private_global=0; IO mode=ap_none:ce=0
Port [ local_C5_47_i_load]:  wired=1; compound=0; hidden=0; nouse=0; global=0; static=0; extern=0; dir=0; type=0; pingpong=0; private_global=0; IO mode=ap_none:ce=0
Port [ local_C5_46_i_load]:  wired=1; compound=0; hidden=0; nouse=0; global=0; static=0; extern=0; dir=0; type=0; pingpong=0; private_global=0; IO mode=ap_none:ce=0
Port [ local_C5_45_i_load]:  wired=1; compound=0; hidden=0; nouse=0; global=0; static=0; extern=0; dir=0; type=0; pingpong=0; private_global=0; IO mode=ap_none:ce=0
Port [ local_C5_44_i_load]:  wired=1; compound=0; hidden=0; nouse=0; global=0; static=0; extern=0; dir=0; type=0; pingpong=0; private_global=0; IO mode=ap_none:ce=0
Port [ local_C5_43_i_load]:  wired=1; compound=0; hidden=0; nouse=0; global=0; static=0; extern=0; dir=0; type=0; pingpong=0; private_global=0; IO mode=ap_none:ce=0
Port [ local_C5_42_i_load]:  wired=1; compound=0; hidden=0; nouse=0; global=0; static=0; extern=0; dir=0; type=0; pingpong=0; private_global=0; IO mode=ap_none:ce=0
Port [ local_C5_41_i_load]:  wired=1; compound=0; hidden=0; nouse=0; global=0; static=0; extern=0; dir=0; type=0; pingpong=0; private_global=0; IO mode=ap_none:ce=0
Port [ local_C5_40_i_load]:  wired=1; compound=0; hidden=0; nouse=0; global=0; static=0; extern=0; dir=0; type=0; pingpong=0; private_global=0; IO mode=ap_none:ce=0
Port [ local_C5_39_i_load]:  wired=1; compound=0; hidden=0; nouse=0; global=0; static=0; extern=0; dir=0; type=0; pingpong=0; private_global=0; IO mode=ap_none:ce=0
Port [ local_C5_38_i_load]:  wired=1; compound=0; hidden=0; nouse=0; global=0; static=0; extern=0; dir=0; type=0; pingpong=0; private_global=0; IO mode=ap_none:ce=0
Port [ local_C5_37_i_load]:  wired=1; compound=0; hidden=0; nouse=0; global=0; static=0; extern=0; dir=0; type=0; pingpong=0; private_global=0; IO mode=ap_none:ce=0
Port [ local_C5_36_i_load]:  wired=1; compound=0; hidden=0; nouse=0; global=0; static=0; extern=0; dir=0; type=0; pingpong=0; private_global=0; IO mode=ap_none:ce=0
Port [ local_C5_35_i_load]:  wired=1; compound=0; hidden=0; nouse=0; global=0; static=0; extern=0; dir=0; type=0; pingpong=0; private_global=0; IO mode=ap_none:ce=0
Port [ local_C5_34_i_load]:  wired=1; compound=0; hidden=0; nouse=0; global=0; static=0; extern=0; dir=0; type=0; pingpong=0; private_global=0; IO mode=ap_none:ce=0
Port [ local_C5_33_i_load]:  wired=1; compound=0; hidden=0; nouse=0; global=0; static=0; extern=0; dir=0; type=0; pingpong=0; private_global=0; IO mode=ap_none:ce=0
Port [ local_C5_32_i_load]:  wired=1; compound=0; hidden=0; nouse=0; global=0; static=0; extern=0; dir=0; type=0; pingpong=0; private_global=0; IO mode=ap_none:ce=0
Port [ local_C5_31_i_load]:  wired=1; compound=0; hidden=0; nouse=0; global=0; static=0; extern=0; dir=0; type=0; pingpong=0; private_global=0; IO mode=ap_none:ce=0
Port [ local_C5_30_i_load]:  wired=1; compound=0; hidden=0; nouse=0; global=0; static=0; extern=0; dir=0; type=0; pingpong=0; private_global=0; IO mode=ap_none:ce=0
Port [ local_C5_29_i_load]:  wired=1; compound=0; hidden=0; nouse=0; global=0; static=0; extern=0; dir=0; type=0; pingpong=0; private_global=0; IO mode=ap_none:ce=0
Port [ local_C5_28_i_load]:  wired=1; compound=0; hidden=0; nouse=0; global=0; static=0; extern=0; dir=0; type=0; pingpong=0; private_global=0; IO mode=ap_none:ce=0
Port [ local_C5_27_i_load]:  wired=1; compound=0; hidden=0; nouse=0; global=0; static=0; extern=0; dir=0; type=0; pingpong=0; private_global=0; IO mode=ap_none:ce=0
Port [ local_C5_26_i_load]:  wired=1; compound=0; hidden=0; nouse=0; global=0; static=0; extern=0; dir=0; type=0; pingpong=0; private_global=0; IO mode=ap_none:ce=0
Port [ local_C5_25_i_load]:  wired=1; compound=0; hidden=0; nouse=0; global=0; static=0; extern=0; dir=0; type=0; pingpong=0; private_global=0; IO mode=ap_none:ce=0
Port [ local_C5_24_i_load]:  wired=1; compound=0; hidden=0; nouse=0; global=0; static=0; extern=0; dir=0; type=0; pingpong=0; private_global=0; IO mode=ap_none:ce=0
Port [ local_C5_23_i_load]:  wired=1; compound=0; hidden=0; nouse=0; global=0; static=0; extern=0; dir=0; type=0; pingpong=0; private_global=0; IO mode=ap_none:ce=0
Port [ local_C5_22_i_load]:  wired=1; compound=0; hidden=0; nouse=0; global=0; static=0; extern=0; dir=0; type=0; pingpong=0; private_global=0; IO mode=ap_none:ce=0
Port [ local_C5_21_i_load]:  wired=1; compound=0; hidden=0; nouse=0; global=0; static=0; extern=0; dir=0; type=0; pingpong=0; private_global=0; IO mode=ap_none:ce=0
Port [ local_C5_20_i_load]:  wired=1; compound=0; hidden=0; nouse=0; global=0; static=0; extern=0; dir=0; type=0; pingpong=0; private_global=0; IO mode=ap_none:ce=0
Port [ local_C5_19_i_load]:  wired=1; compound=0; hidden=0; nouse=0; global=0; static=0; extern=0; dir=0; type=0; pingpong=0; private_global=0; IO mode=ap_none:ce=0
Port [ local_C5_18_i_load]:  wired=1; compound=0; hidden=0; nouse=0; global=0; static=0; extern=0; dir=0; type=0; pingpong=0; private_global=0; IO mode=ap_none:ce=0
Port [ local_C5_17_i_load]:  wired=1; compound=0; hidden=0; nouse=0; global=0; static=0; extern=0; dir=0; type=0; pingpong=0; private_global=0; IO mode=ap_none:ce=0
Port [ local_C5_16_i_load]:  wired=1; compound=0; hidden=0; nouse=0; global=0; static=0; extern=0; dir=0; type=0; pingpong=0; private_global=0; IO mode=ap_none:ce=0
Port [ local_C5_15_i_load]:  wired=1; compound=0; hidden=0; nouse=0; global=0; static=0; extern=0; dir=0; type=0; pingpong=0; private_global=0; IO mode=ap_none:ce=0
Port [ local_C5_14_i_load]:  wired=1; compound=0; hidden=0; nouse=0; global=0; static=0; extern=0; dir=0; type=0; pingpong=0; private_global=0; IO mode=ap_none:ce=0
Port [ local_C5_13_i_load]:  wired=1; compound=0; hidden=0; nouse=0; global=0; static=0; extern=0; dir=0; type=0; pingpong=0; private_global=0; IO mode=ap_none:ce=0
Port [ local_C5_12_i_load]:  wired=1; compound=0; hidden=0; nouse=0; global=0; static=0; extern=0; dir=0; type=0; pingpong=0; private_global=0; IO mode=ap_none:ce=0
Port [ local_C5_11_i_load]:  wired=1; compound=0; hidden=0; nouse=0; global=0; static=0; extern=0; dir=0; type=0; pingpong=0; private_global=0; IO mode=ap_none:ce=0
Port [ local_C5_10_i_load]:  wired=1; compound=0; hidden=0; nouse=0; global=0; static=0; extern=0; dir=0; type=0; pingpong=0; private_global=0; IO mode=ap_none:ce=0
Port [ local_C5_9_i_load]:  wired=1; compound=0; hidden=0; nouse=0; global=0; static=0; extern=0; dir=0; type=0; pingpong=0; private_global=0; IO mode=ap_none:ce=0
Port [ local_C5_8_i_load]:  wired=1; compound=0; hidden=0; nouse=0; global=0; static=0; extern=0; dir=0; type=0; pingpong=0; private_global=0; IO mode=ap_none:ce=0
Port [ local_C5_7_i_load]:  wired=1; compound=0; hidden=0; nouse=0; global=0; static=0; extern=0; dir=0; type=0; pingpong=0; private_global=0; IO mode=ap_none:ce=0
Port [ local_C5_6_i_load]:  wired=1; compound=0; hidden=0; nouse=0; global=0; static=0; extern=0; dir=0; type=0; pingpong=0; private_global=0; IO mode=ap_none:ce=0
Port [ local_C5_5_i_load]:  wired=1; compound=0; hidden=0; nouse=0; global=0; static=0; extern=0; dir=0; type=0; pingpong=0; private_global=0; IO mode=ap_none:ce=0
Port [ local_C5_4_i_load]:  wired=1; compound=0; hidden=0; nouse=0; global=0; static=0; extern=0; dir=0; type=0; pingpong=0; private_global=0; IO mode=ap_none:ce=0
Port [ local_C5_3_i_load]:  wired=1; compound=0; hidden=0; nouse=0; global=0; static=0; extern=0; dir=0; type=0; pingpong=0; private_global=0; IO mode=ap_none:ce=0
Port [ local_C5_2_i_load]:  wired=1; compound=0; hidden=0; nouse=0; global=0; static=0; extern=0; dir=0; type=0; pingpong=0; private_global=0; IO mode=ap_none:ce=0
Port [ local_C5_1_i_load]:  wired=1; compound=0; hidden=0; nouse=0; global=0; static=0; extern=0; dir=0; type=0; pingpong=0; private_global=0; IO mode=ap_none:ce=0
Port [ local_C5_i_load]:  wired=1; compound=0; hidden=0; nouse=0; global=0; static=0; extern=0; dir=0; type=0; pingpong=0; private_global=0; IO mode=ap_none:ce=0
Port [ tmp]:  wired=1; compound=0; hidden=0; nouse=0; global=0; static=0; extern=0; dir=0; type=0; pingpong=0; private_global=0; IO mode=ap_none:ce=0
Port [ v8547]:  wired=1; compound=1; hidden=0; nouse=0; global=0; static=0; extern=0; dir=1; type=1; pingpong=0; private_global=0; MemPort=[03]; IO mode=ap_memory:ce=0
---------------- STG Properties END ------------------

---------------- Datapath Model BEGIN ----------------

<LifeTime>
<method=bitvector/>
si5                     (alloca           ) [ 01]
sj5                     (alloca           ) [ 01]
indvar_flatten          (alloca           ) [ 01]
tmp_read                (read             ) [ 00]
local_C5_i_load_read    (read             ) [ 00]
local_C5_1_i_load_read  (read             ) [ 00]
local_C5_2_i_load_read  (read             ) [ 00]
local_C5_3_i_load_read  (read             ) [ 00]
local_C5_4_i_load_read  (read             ) [ 00]
local_C5_5_i_load_read  (read             ) [ 00]
local_C5_6_i_load_read  (read             ) [ 00]
local_C5_7_i_load_read  (read             ) [ 00]
local_C5_8_i_load_read  (read             ) [ 00]
local_C5_9_i_load_read  (read             ) [ 00]
local_C5_10_i_load_read (read             ) [ 00]
local_C5_11_i_load_read (read             ) [ 00]
local_C5_12_i_load_read (read             ) [ 00]
local_C5_13_i_load_read (read             ) [ 00]
local_C5_14_i_load_read (read             ) [ 00]
local_C5_15_i_load_read (read             ) [ 00]
local_C5_16_i_load_read (read             ) [ 00]
local_C5_17_i_load_read (read             ) [ 00]
local_C5_18_i_load_read (read             ) [ 00]
local_C5_19_i_load_read (read             ) [ 00]
local_C5_20_i_load_read (read             ) [ 00]
local_C5_21_i_load_read (read             ) [ 00]
local_C5_22_i_load_read (read             ) [ 00]
local_C5_23_i_load_read (read             ) [ 00]
local_C5_24_i_load_read (read             ) [ 00]
local_C5_25_i_load_read (read             ) [ 00]
local_C5_26_i_load_read (read             ) [ 00]
local_C5_27_i_load_read (read             ) [ 00]
local_C5_28_i_load_read (read             ) [ 00]
local_C5_29_i_load_read (read             ) [ 00]
local_C5_30_i_load_read (read             ) [ 00]
local_C5_31_i_load_read (read             ) [ 00]
local_C5_32_i_load_read (read             ) [ 00]
local_C5_33_i_load_read (read             ) [ 00]
local_C5_34_i_load_read (read             ) [ 00]
local_C5_35_i_load_read (read             ) [ 00]
local_C5_36_i_load_read (read             ) [ 00]
local_C5_37_i_load_read (read             ) [ 00]
local_C5_38_i_load_read (read             ) [ 00]
local_C5_39_i_load_read (read             ) [ 00]
local_C5_40_i_load_read (read             ) [ 00]
local_C5_41_i_load_read (read             ) [ 00]
local_C5_42_i_load_read (read             ) [ 00]
local_C5_43_i_load_read (read             ) [ 00]
local_C5_44_i_load_read (read             ) [ 00]
local_C5_45_i_load_read (read             ) [ 00]
local_C5_46_i_load_read (read             ) [ 00]
local_C5_47_i_load_read (read             ) [ 00]
local_C5_48_i_load_read (read             ) [ 00]
local_C5_49_i_load_read (read             ) [ 00]
local_C5_50_i_load_read (read             ) [ 00]
local_C5_51_i_load_read (read             ) [ 00]
local_C5_52_i_load_read (read             ) [ 00]
local_C5_53_i_load_read (read             ) [ 00]
local_C5_54_i_load_read (read             ) [ 00]
local_C5_55_i_load_read (read             ) [ 00]
local_C5_56_i_load_read (read             ) [ 00]
local_C5_57_i_load_read (read             ) [ 00]
local_C5_58_i_load_read (read             ) [ 00]
local_C5_59_i_load_read (read             ) [ 00]
local_C5_60_i_load_read (read             ) [ 00]
local_C5_61_i_load_read (read             ) [ 00]
local_C5_62_i_load_read (read             ) [ 00]
local_C5_63_i_load_read (read             ) [ 00]
p_cast_read             (read             ) [ 00]
p_cast_cast             (zext             ) [ 00]
store_ln0               (store            ) [ 00]
store_ln15556           (store            ) [ 00]
store_ln15557           (store            ) [ 00]
br_ln0                  (br               ) [ 00]
indvar_flatten_load     (load             ) [ 00]
icmp_ln15556            (icmp             ) [ 01]
add_ln15556_1           (add              ) [ 00]
br_ln15556              (br               ) [ 00]
si5_load                (load             ) [ 00]
sj5_load                (load             ) [ 00]
add_ln15556             (add              ) [ 00]
specloopname_ln0        (specloopname     ) [ 00]
speclooptripcount_ln0   (speclooptripcount) [ 00]
icmp_ln15557            (icmp             ) [ 00]
select_ln15556          (select           ) [ 00]
select_ln15556_1        (select           ) [ 00]
trunc_ln15556           (trunc            ) [ 00]
zext_ln15556            (zext             ) [ 00]
empty                   (add              ) [ 00]
zext_ln15559            (zext             ) [ 00]
tmp_i_i                 (sparsemux        ) [ 00]
tmp_i_i_748             (sparsemux        ) [ 00]
tmp_13_i_i              (sparsemux        ) [ 00]
tmp_14_i_i              (sparsemux        ) [ 00]
tmp_15_i_i              (sparsemux        ) [ 00]
tmp_16_i_i              (sparsemux        ) [ 00]
tmp_17_i_i              (sparsemux        ) [ 00]
tmp_18_i_i              (sparsemux        ) [ 00]
zext_ln15557            (zext             ) [ 00]
specpipeline_ln15558    (specpipeline     ) [ 00]
trunc_ln15557           (trunc            ) [ 00]
v8563                   (sparsemux        ) [ 00]
add_ln15560             (add              ) [ 00]
tmp_s                   (bitconcatenate   ) [ 00]
add_ln15560_1           (add              ) [ 00]
zext_ln15560            (zext             ) [ 00]
v8547_addr              (getelementptr    ) [ 00]
store_ln15560           (store            ) [ 00]
add_ln15557             (add              ) [ 00]
store_ln15556           (store            ) [ 00]
store_ln15556           (store            ) [ 00]
store_ln15557           (store            ) [ 00]
br_ln15557              (br               ) [ 00]
ret_ln0                 (ret              ) [ 00]
</LifeTime>

<model>

<comp_list>
<comp id="0" class="1000" name="p_cast">
<pin_list>
<pin id="1" dir="1" index="0" bw="1" slack="0"/>
</pin_list>
<bind>
<StgValue><ssdm name="p_cast"/></StgValue>
</bind>
</comp>

<comp id="2" class="1000" name="local_C5_63_i_load">
<pin_list>
<pin id="3" dir="1" index="0" bw="1" slack="0"/>
</pin_list>
<bind>
<StgValue><ssdm name="local_C5_63_i_load"/></StgValue>
</bind>
</comp>

<comp id="4" class="1000" name="local_C5_62_i_load">
<pin_list>
<pin id="5" dir="1" index="0" bw="1" slack="0"/>
</pin_list>
<bind>
<StgValue><ssdm name="local_C5_62_i_load"/></StgValue>
</bind>
</comp>

<comp id="6" class="1000" name="local_C5_61_i_load">
<pin_list>
<pin id="7" dir="1" index="0" bw="1" slack="0"/>
</pin_list>
<bind>
<StgValue><ssdm name="local_C5_61_i_load"/></StgValue>
</bind>
</comp>

<comp id="8" class="1000" name="local_C5_60_i_load">
<pin_list>
<pin id="9" dir="1" index="0" bw="1" slack="0"/>
</pin_list>
<bind>
<StgValue><ssdm name="local_C5_60_i_load"/></StgValue>
</bind>
</comp>

<comp id="10" class="1000" name="local_C5_59_i_load">
<pin_list>
<pin id="11" dir="1" index="0" bw="1" slack="0"/>
</pin_list>
<bind>
<StgValue><ssdm name="local_C5_59_i_load"/></StgValue>
</bind>
</comp>

<comp id="12" class="1000" name="local_C5_58_i_load">
<pin_list>
<pin id="13" dir="1" index="0" bw="1" slack="0"/>
</pin_list>
<bind>
<StgValue><ssdm name="local_C5_58_i_load"/></StgValue>
</bind>
</comp>

<comp id="14" class="1000" name="local_C5_57_i_load">
<pin_list>
<pin id="15" dir="1" index="0" bw="1" slack="0"/>
</pin_list>
<bind>
<StgValue><ssdm name="local_C5_57_i_load"/></StgValue>
</bind>
</comp>

<comp id="16" class="1000" name="local_C5_56_i_load">
<pin_list>
<pin id="17" dir="1" index="0" bw="1" slack="0"/>
</pin_list>
<bind>
<StgValue><ssdm name="local_C5_56_i_load"/></StgValue>
</bind>
</comp>

<comp id="18" class="1000" name="local_C5_55_i_load">
<pin_list>
<pin id="19" dir="1" index="0" bw="1" slack="0"/>
</pin_list>
<bind>
<StgValue><ssdm name="local_C5_55_i_load"/></StgValue>
</bind>
</comp>

<comp id="20" class="1000" name="local_C5_54_i_load">
<pin_list>
<pin id="21" dir="1" index="0" bw="1" slack="0"/>
</pin_list>
<bind>
<StgValue><ssdm name="local_C5_54_i_load"/></StgValue>
</bind>
</comp>

<comp id="22" class="1000" name="local_C5_53_i_load">
<pin_list>
<pin id="23" dir="1" index="0" bw="1" slack="0"/>
</pin_list>
<bind>
<StgValue><ssdm name="local_C5_53_i_load"/></StgValue>
</bind>
</comp>

<comp id="24" class="1000" name="local_C5_52_i_load">
<pin_list>
<pin id="25" dir="1" index="0" bw="1" slack="0"/>
</pin_list>
<bind>
<StgValue><ssdm name="local_C5_52_i_load"/></StgValue>
</bind>
</comp>

<comp id="26" class="1000" name="local_C5_51_i_load">
<pin_list>
<pin id="27" dir="1" index="0" bw="1" slack="0"/>
</pin_list>
<bind>
<StgValue><ssdm name="local_C5_51_i_load"/></StgValue>
</bind>
</comp>

<comp id="28" class="1000" name="local_C5_50_i_load">
<pin_list>
<pin id="29" dir="1" index="0" bw="1" slack="0"/>
</pin_list>
<bind>
<StgValue><ssdm name="local_C5_50_i_load"/></StgValue>
</bind>
</comp>

<comp id="30" class="1000" name="local_C5_49_i_load">
<pin_list>
<pin id="31" dir="1" index="0" bw="1" slack="0"/>
</pin_list>
<bind>
<StgValue><ssdm name="local_C5_49_i_load"/></StgValue>
</bind>
</comp>

<comp id="32" class="1000" name="local_C5_48_i_load">
<pin_list>
<pin id="33" dir="1" index="0" bw="1" slack="0"/>
</pin_list>
<bind>
<StgValue><ssdm name="local_C5_48_i_load"/></StgValue>
</bind>
</comp>

<comp id="34" class="1000" name="local_C5_47_i_load">
<pin_list>
<pin id="35" dir="1" index="0" bw="1" slack="0"/>
</pin_list>
<bind>
<StgValue><ssdm name="local_C5_47_i_load"/></StgValue>
</bind>
</comp>

<comp id="36" class="1000" name="local_C5_46_i_load">
<pin_list>
<pin id="37" dir="1" index="0" bw="1" slack="0"/>
</pin_list>
<bind>
<StgValue><ssdm name="local_C5_46_i_load"/></StgValue>
</bind>
</comp>

<comp id="38" class="1000" name="local_C5_45_i_load">
<pin_list>
<pin id="39" dir="1" index="0" bw="1" slack="0"/>
</pin_list>
<bind>
<StgValue><ssdm name="local_C5_45_i_load"/></StgValue>
</bind>
</comp>

<comp id="40" class="1000" name="local_C5_44_i_load">
<pin_list>
<pin id="41" dir="1" index="0" bw="1" slack="0"/>
</pin_list>
<bind>
<StgValue><ssdm name="local_C5_44_i_load"/></StgValue>
</bind>
</comp>

<comp id="42" class="1000" name="local_C5_43_i_load">
<pin_list>
<pin id="43" dir="1" index="0" bw="1" slack="0"/>
</pin_list>
<bind>
<StgValue><ssdm name="local_C5_43_i_load"/></StgValue>
</bind>
</comp>

<comp id="44" class="1000" name="local_C5_42_i_load">
<pin_list>
<pin id="45" dir="1" index="0" bw="1" slack="0"/>
</pin_list>
<bind>
<StgValue><ssdm name="local_C5_42_i_load"/></StgValue>
</bind>
</comp>

<comp id="46" class="1000" name="local_C5_41_i_load">
<pin_list>
<pin id="47" dir="1" index="0" bw="1" slack="0"/>
</pin_list>
<bind>
<StgValue><ssdm name="local_C5_41_i_load"/></StgValue>
</bind>
</comp>

<comp id="48" class="1000" name="local_C5_40_i_load">
<pin_list>
<pin id="49" dir="1" index="0" bw="1" slack="0"/>
</pin_list>
<bind>
<StgValue><ssdm name="local_C5_40_i_load"/></StgValue>
</bind>
</comp>

<comp id="50" class="1000" name="local_C5_39_i_load">
<pin_list>
<pin id="51" dir="1" index="0" bw="1" slack="0"/>
</pin_list>
<bind>
<StgValue><ssdm name="local_C5_39_i_load"/></StgValue>
</bind>
</comp>

<comp id="52" class="1000" name="local_C5_38_i_load">
<pin_list>
<pin id="53" dir="1" index="0" bw="1" slack="0"/>
</pin_list>
<bind>
<StgValue><ssdm name="local_C5_38_i_load"/></StgValue>
</bind>
</comp>

<comp id="54" class="1000" name="local_C5_37_i_load">
<pin_list>
<pin id="55" dir="1" index="0" bw="1" slack="0"/>
</pin_list>
<bind>
<StgValue><ssdm name="local_C5_37_i_load"/></StgValue>
</bind>
</comp>

<comp id="56" class="1000" name="local_C5_36_i_load">
<pin_list>
<pin id="57" dir="1" index="0" bw="1" slack="0"/>
</pin_list>
<bind>
<StgValue><ssdm name="local_C5_36_i_load"/></StgValue>
</bind>
</comp>

<comp id="58" class="1000" name="local_C5_35_i_load">
<pin_list>
<pin id="59" dir="1" index="0" bw="1" slack="0"/>
</pin_list>
<bind>
<StgValue><ssdm name="local_C5_35_i_load"/></StgValue>
</bind>
</comp>

<comp id="60" class="1000" name="local_C5_34_i_load">
<pin_list>
<pin id="61" dir="1" index="0" bw="1" slack="0"/>
</pin_list>
<bind>
<StgValue><ssdm name="local_C5_34_i_load"/></StgValue>
</bind>
</comp>

<comp id="62" class="1000" name="local_C5_33_i_load">
<pin_list>
<pin id="63" dir="1" index="0" bw="1" slack="0"/>
</pin_list>
<bind>
<StgValue><ssdm name="local_C5_33_i_load"/></StgValue>
</bind>
</comp>

<comp id="64" class="1000" name="local_C5_32_i_load">
<pin_list>
<pin id="65" dir="1" index="0" bw="1" slack="0"/>
</pin_list>
<bind>
<StgValue><ssdm name="local_C5_32_i_load"/></StgValue>
</bind>
</comp>

<comp id="66" class="1000" name="local_C5_31_i_load">
<pin_list>
<pin id="67" dir="1" index="0" bw="1" slack="0"/>
</pin_list>
<bind>
<StgValue><ssdm name="local_C5_31_i_load"/></StgValue>
</bind>
</comp>

<comp id="68" class="1000" name="local_C5_30_i_load">
<pin_list>
<pin id="69" dir="1" index="0" bw="1" slack="0"/>
</pin_list>
<bind>
<StgValue><ssdm name="local_C5_30_i_load"/></StgValue>
</bind>
</comp>

<comp id="70" class="1000" name="local_C5_29_i_load">
<pin_list>
<pin id="71" dir="1" index="0" bw="1" slack="0"/>
</pin_list>
<bind>
<StgValue><ssdm name="local_C5_29_i_load"/></StgValue>
</bind>
</comp>

<comp id="72" class="1000" name="local_C5_28_i_load">
<pin_list>
<pin id="73" dir="1" index="0" bw="1" slack="0"/>
</pin_list>
<bind>
<StgValue><ssdm name="local_C5_28_i_load"/></StgValue>
</bind>
</comp>

<comp id="74" class="1000" name="local_C5_27_i_load">
<pin_list>
<pin id="75" dir="1" index="0" bw="1" slack="0"/>
</pin_list>
<bind>
<StgValue><ssdm name="local_C5_27_i_load"/></StgValue>
</bind>
</comp>

<comp id="76" class="1000" name="local_C5_26_i_load">
<pin_list>
<pin id="77" dir="1" index="0" bw="1" slack="0"/>
</pin_list>
<bind>
<StgValue><ssdm name="local_C5_26_i_load"/></StgValue>
</bind>
</comp>

<comp id="78" class="1000" name="local_C5_25_i_load">
<pin_list>
<pin id="79" dir="1" index="0" bw="1" slack="0"/>
</pin_list>
<bind>
<StgValue><ssdm name="local_C5_25_i_load"/></StgValue>
</bind>
</comp>

<comp id="80" class="1000" name="local_C5_24_i_load">
<pin_list>
<pin id="81" dir="1" index="0" bw="1" slack="0"/>
</pin_list>
<bind>
<StgValue><ssdm name="local_C5_24_i_load"/></StgValue>
</bind>
</comp>

<comp id="82" class="1000" name="local_C5_23_i_load">
<pin_list>
<pin id="83" dir="1" index="0" bw="1" slack="0"/>
</pin_list>
<bind>
<StgValue><ssdm name="local_C5_23_i_load"/></StgValue>
</bind>
</comp>

<comp id="84" class="1000" name="local_C5_22_i_load">
<pin_list>
<pin id="85" dir="1" index="0" bw="1" slack="0"/>
</pin_list>
<bind>
<StgValue><ssdm name="local_C5_22_i_load"/></StgValue>
</bind>
</comp>

<comp id="86" class="1000" name="local_C5_21_i_load">
<pin_list>
<pin id="87" dir="1" index="0" bw="1" slack="0"/>
</pin_list>
<bind>
<StgValue><ssdm name="local_C5_21_i_load"/></StgValue>
</bind>
</comp>

<comp id="88" class="1000" name="local_C5_20_i_load">
<pin_list>
<pin id="89" dir="1" index="0" bw="1" slack="0"/>
</pin_list>
<bind>
<StgValue><ssdm name="local_C5_20_i_load"/></StgValue>
</bind>
</comp>

<comp id="90" class="1000" name="local_C5_19_i_load">
<pin_list>
<pin id="91" dir="1" index="0" bw="1" slack="0"/>
</pin_list>
<bind>
<StgValue><ssdm name="local_C5_19_i_load"/></StgValue>
</bind>
</comp>

<comp id="92" class="1000" name="local_C5_18_i_load">
<pin_list>
<pin id="93" dir="1" index="0" bw="1" slack="0"/>
</pin_list>
<bind>
<StgValue><ssdm name="local_C5_18_i_load"/></StgValue>
</bind>
</comp>

<comp id="94" class="1000" name="local_C5_17_i_load">
<pin_list>
<pin id="95" dir="1" index="0" bw="1" slack="0"/>
</pin_list>
<bind>
<StgValue><ssdm name="local_C5_17_i_load"/></StgValue>
</bind>
</comp>

<comp id="96" class="1000" name="local_C5_16_i_load">
<pin_list>
<pin id="97" dir="1" index="0" bw="1" slack="0"/>
</pin_list>
<bind>
<StgValue><ssdm name="local_C5_16_i_load"/></StgValue>
</bind>
</comp>

<comp id="98" class="1000" name="local_C5_15_i_load">
<pin_list>
<pin id="99" dir="1" index="0" bw="1" slack="0"/>
</pin_list>
<bind>
<StgValue><ssdm name="local_C5_15_i_load"/></StgValue>
</bind>
</comp>

<comp id="100" class="1000" name="local_C5_14_i_load">
<pin_list>
<pin id="101" dir="1" index="0" bw="1" slack="0"/>
</pin_list>
<bind>
<StgValue><ssdm name="local_C5_14_i_load"/></StgValue>
</bind>
</comp>

<comp id="102" class="1000" name="local_C5_13_i_load">
<pin_list>
<pin id="103" dir="1" index="0" bw="1" slack="0"/>
</pin_list>
<bind>
<StgValue><ssdm name="local_C5_13_i_load"/></StgValue>
</bind>
</comp>

<comp id="104" class="1000" name="local_C5_12_i_load">
<pin_list>
<pin id="105" dir="1" index="0" bw="1" slack="0"/>
</pin_list>
<bind>
<StgValue><ssdm name="local_C5_12_i_load"/></StgValue>
</bind>
</comp>

<comp id="106" class="1000" name="local_C5_11_i_load">
<pin_list>
<pin id="107" dir="1" index="0" bw="1" slack="0"/>
</pin_list>
<bind>
<StgValue><ssdm name="local_C5_11_i_load"/></StgValue>
</bind>
</comp>

<comp id="108" class="1000" name="local_C5_10_i_load">
<pin_list>
<pin id="109" dir="1" index="0" bw="1" slack="0"/>
</pin_list>
<bind>
<StgValue><ssdm name="local_C5_10_i_load"/></StgValue>
</bind>
</comp>

<comp id="110" class="1000" name="local_C5_9_i_load">
<pin_list>
<pin id="111" dir="1" index="0" bw="1" slack="0"/>
</pin_list>
<bind>
<StgValue><ssdm name="local_C5_9_i_load"/></StgValue>
</bind>
</comp>

<comp id="112" class="1000" name="local_C5_8_i_load">
<pin_list>
<pin id="113" dir="1" index="0" bw="1" slack="0"/>
</pin_list>
<bind>
<StgValue><ssdm name="local_C5_8_i_load"/></StgValue>
</bind>
</comp>

<comp id="114" class="1000" name="local_C5_7_i_load">
<pin_list>
<pin id="115" dir="1" index="0" bw="1" slack="0"/>
</pin_list>
<bind>
<StgValue><ssdm name="local_C5_7_i_load"/></StgValue>
</bind>
</comp>

<comp id="116" class="1000" name="local_C5_6_i_load">
<pin_list>
<pin id="117" dir="1" index="0" bw="1" slack="0"/>
</pin_list>
<bind>
<StgValue><ssdm name="local_C5_6_i_load"/></StgValue>
</bind>
</comp>

<comp id="118" class="1000" name="local_C5_5_i_load">
<pin_list>
<pin id="119" dir="1" index="0" bw="1" slack="0"/>
</pin_list>
<bind>
<StgValue><ssdm name="local_C5_5_i_load"/></StgValue>
</bind>
</comp>

<comp id="120" class="1000" name="local_C5_4_i_load">
<pin_list>
<pin id="121" dir="1" index="0" bw="1" slack="0"/>
</pin_list>
<bind>
<StgValue><ssdm name="local_C5_4_i_load"/></StgValue>
</bind>
</comp>

<comp id="122" class="1000" name="local_C5_3_i_load">
<pin_list>
<pin id="123" dir="1" index="0" bw="1" slack="0"/>
</pin_list>
<bind>
<StgValue><ssdm name="local_C5_3_i_load"/></StgValue>
</bind>
</comp>

<comp id="124" class="1000" name="local_C5_2_i_load">
<pin_list>
<pin id="125" dir="1" index="0" bw="1" slack="0"/>
</pin_list>
<bind>
<StgValue><ssdm name="local_C5_2_i_load"/></StgValue>
</bind>
</comp>

<comp id="126" class="1000" name="local_C5_1_i_load">
<pin_list>
<pin id="127" dir="1" index="0" bw="1" slack="0"/>
</pin_list>
<bind>
<StgValue><ssdm name="local_C5_1_i_load"/></StgValue>
</bind>
</comp>

<comp id="128" class="1000" name="local_C5_i_load">
<pin_list>
<pin id="129" dir="1" index="0" bw="1" slack="0"/>
</pin_list>
<bind>
<StgValue><ssdm name="local_C5_i_load"/></StgValue>
</bind>
</comp>

<comp id="130" class="1000" name="tmp">
<pin_list>
<pin id="131" dir="1" index="0" bw="1" slack="0"/>
</pin_list>
<bind>
<StgValue><ssdm name="tmp"/></StgValue>
</bind>
</comp>

<comp id="132" class="1000" name="v8547">
<pin_list>
<pin id="133" dir="1" index="0" bw="1" slack="0"/>
</pin_list>
<bind>
<StgValue><ssdm name="v8547"/><MemPortTyVec>0 3 </MemPortTyVec>
</StgValue>
</bind>
</comp>

<comp id="134" class="1001" name="const_134">
<pin_list>
<pin id="135" dir="1" index="0" bw="1" slack="0"/>
</pin_list>
<bind>
<StgValue><ssdm name=""/></StgValue>
</bind>
</comp>

<comp id="136" class="1001" name="const_136">
<pin_list>
<pin id="137" dir="1" index="0" bw="1" slack="0"/>
</pin_list>
<bind>
<StgValue><ssdm name="_ssdm_op_Read.ap_auto.i10"/></StgValue>
</bind>
</comp>

<comp id="138" class="1001" name="const_138">
<pin_list>
<pin id="139" dir="1" index="0" bw="1" slack="0"/>
</pin_list>
<bind>
<StgValue><ssdm name="_ssdm_op_Read.ap_auto.float"/></StgValue>
</bind>
</comp>

<comp id="140" class="1001" name="const_140">
<pin_list>
<pin id="141" dir="1" index="0" bw="1" slack="0"/>
</pin_list>
<bind>
<StgValue><ssdm name="_ssdm_op_Read.ap_auto.i6"/></StgValue>
</bind>
</comp>

<comp id="142" class="1001" name="const_142">
<pin_list>
<pin id="143" dir="1" index="0" bw="1" slack="0"/>
</pin_list>
<bind>
<StgValue><ssdm name=""/></StgValue>
</bind>
</comp>

<comp id="144" class="1001" name="const_144">
<pin_list>
<pin id="145" dir="1" index="0" bw="1" slack="0"/>
</pin_list>
<bind>
<StgValue><ssdm name=""/></StgValue>
</bind>
</comp>

<comp id="146" class="1001" name="const_146">
<pin_list>
<pin id="147" dir="1" index="0" bw="1" slack="0"/>
</pin_list>
<bind>
<StgValue><ssdm name=""/></StgValue>
</bind>
</comp>

<comp id="148" class="1001" name="const_148">
<pin_list>
<pin id="149" dir="1" index="0" bw="1" slack="0"/>
</pin_list>
<bind>
<StgValue><ssdm name=""/></StgValue>
</bind>
</comp>

<comp id="150" class="1001" name="const_150">
<pin_list>
<pin id="151" dir="1" index="0" bw="1" slack="0"/>
</pin_list>
<bind>
<StgValue><ssdm name=""/></StgValue>
</bind>
</comp>

<comp id="152" class="1001" name="const_152">
<pin_list>
<pin id="153" dir="1" index="0" bw="1" slack="2147483647"/>
</pin_list>
<bind>
<StgValue><ssdm name="_ssdm_op_SpecLoopName"/></StgValue>
</bind>
</comp>

<comp id="154" class="1001" name="const_154">
<pin_list>
<pin id="155" dir="1" index="0" bw="1" slack="2147483647"/>
</pin_list>
<bind>
<StgValue><ssdm name="l_store_C_tile_sj5_l_si5_str"/></StgValue>
</bind>
</comp>

<comp id="156" class="1001" name="const_156">
<pin_list>
<pin id="157" dir="1" index="0" bw="1" slack="2147483647"/>
</pin_list>
<bind>
<StgValue><ssdm name="_ssdm_op_SpecLoopTripCount"/></StgValue>
</bind>
</comp>

<comp id="158" class="1001" name="const_158">
<pin_list>
<pin id="159" dir="1" index="0" bw="1" slack="2147483647"/>
</pin_list>
<bind>
<StgValue><ssdm name=""/></StgValue>
</bind>
</comp>

<comp id="160" class="1001" name="const_160">
<pin_list>
<pin id="161" dir="1" index="0" bw="1" slack="0"/>
</pin_list>
<bind>
<StgValue><ssdm name=""/></StgValue>
</bind>
</comp>

<comp id="162" class="1001" name="const_162">
<pin_list>
<pin id="163" dir="1" index="0" bw="1" slack="0"/>
</pin_list>
<bind>
<StgValue><ssdm name="_ssdm_op_SparseMux.ap_auto.8f32.f32.i3"/></StgValue>
</bind>
</comp>

<comp id="164" class="1001" name="const_164">
<pin_list>
<pin id="165" dir="1" index="0" bw="1" slack="0"/>
</pin_list>
<bind>
<StgValue><ssdm name=""/></StgValue>
</bind>
</comp>

<comp id="166" class="1001" name="const_166">
<pin_list>
<pin id="167" dir="1" index="0" bw="1" slack="0"/>
</pin_list>
<bind>
<StgValue><ssdm name=""/></StgValue>
</bind>
</comp>

<comp id="168" class="1001" name="const_168">
<pin_list>
<pin id="169" dir="1" index="0" bw="1" slack="0"/>
</pin_list>
<bind>
<StgValue><ssdm name=""/></StgValue>
</bind>
</comp>

<comp id="170" class="1001" name="const_170">
<pin_list>
<pin id="171" dir="1" index="0" bw="1" slack="0"/>
</pin_list>
<bind>
<StgValue><ssdm name=""/></StgValue>
</bind>
</comp>

<comp id="172" class="1001" name="const_172">
<pin_list>
<pin id="173" dir="1" index="0" bw="1" slack="0"/>
</pin_list>
<bind>
<StgValue><ssdm name=""/></StgValue>
</bind>
</comp>

<comp id="174" class="1001" name="const_174">
<pin_list>
<pin id="175" dir="1" index="0" bw="1" slack="0"/>
</pin_list>
<bind>
<StgValue><ssdm name=""/></StgValue>
</bind>
</comp>

<comp id="176" class="1001" name="const_176">
<pin_list>
<pin id="177" dir="1" index="0" bw="1" slack="0"/>
</pin_list>
<bind>
<StgValue><ssdm name=""/></StgValue>
</bind>
</comp>

<comp id="178" class="1001" name="const_178">
<pin_list>
<pin id="179" dir="1" index="0" bw="1" slack="0"/>
</pin_list>
<bind>
<StgValue><ssdm name=""/></StgValue>
</bind>
</comp>

<comp id="180" class="1001" name="const_180">
<pin_list>
<pin id="181" dir="1" index="0" bw="1" slack="0"/>
</pin_list>
<bind>
<StgValue><ssdm name=""/></StgValue>
</bind>
</comp>

<comp id="182" class="1001" name="const_182">
<pin_list>
<pin id="183" dir="1" index="0" bw="1" slack="2147483647"/>
</pin_list>
<bind>
<StgValue><ssdm name="_ssdm_op_SpecPipeline"/></StgValue>
</bind>
</comp>

<comp id="184" class="1001" name="const_184">
<pin_list>
<pin id="185" dir="1" index="0" bw="1" slack="2147483647"/>
</pin_list>
<bind>
<StgValue><ssdm name=""/></StgValue>
</bind>
</comp>

<comp id="186" class="1001" name="const_186">
<pin_list>
<pin id="187" dir="1" index="0" bw="1" slack="2147483647"/>
</pin_list>
<bind>
<StgValue><ssdm name="empty_191"/></StgValue>
</bind>
</comp>

<comp id="188" class="1001" name="const_188">
<pin_list>
<pin id="189" dir="1" index="0" bw="1" slack="0"/>
</pin_list>
<bind>
<StgValue><ssdm name="_ssdm_op_BitConcatenate.i16.i10.i6"/></StgValue>
</bind>
</comp>

<comp id="190" class="1001" name="const_190">
<pin_list>
<pin id="191" dir="1" index="0" bw="1" slack="0"/>
</pin_list>
<bind>
<StgValue><ssdm name=""/></StgValue>
</bind>
</comp>

<comp id="192" class="1001" name="const_192">
<pin_list>
<pin id="193" dir="1" index="0" bw="1" slack="0"/>
</pin_list>
<bind>
<StgValue><ssdm name=""/></StgValue>
</bind>
</comp>

<comp id="194" class="1004" name="si5_fu_194">
<pin_list>
<pin id="195" dir="0" index="0" bw="1" slack="0"/>
<pin id="196" dir="1" index="1" bw="4" slack="0"/>
</pin_list>
<bind>
<opcode="alloca(26) " fcode="alloca"/>
<opset="si5/1 "/>
</bind>
</comp>

<comp id="198" class="1004" name="sj5_fu_198">
<pin_list>
<pin id="199" dir="0" index="0" bw="1" slack="0"/>
<pin id="200" dir="1" index="1" bw="4" slack="0"/>
</pin_list>
<bind>
<opcode="alloca(26) " fcode="alloca"/>
<opset="sj5/1 "/>
</bind>
</comp>

<comp id="202" class="1004" name="indvar_flatten_fu_202">
<pin_list>
<pin id="203" dir="0" index="0" bw="1" slack="0"/>
<pin id="204" dir="1" index="1" bw="7" slack="0"/>
</pin_list>
<bind>
<opcode="alloca(26) " fcode="alloca"/>
<opset="indvar_flatten/1 "/>
</bind>
</comp>

<comp id="206" class="1004" name="tmp_read_read_fu_206">
<pin_list>
<pin id="207" dir="0" index="0" bw="10" slack="0"/>
<pin id="208" dir="0" index="1" bw="10" slack="0"/>
<pin id="209" dir="1" index="2" bw="10" slack="0"/>
</pin_list>
<bind>
<opcode="read(1150) " fcode="read"/>
<opset="tmp_read/1 "/>
</bind>
</comp>

<comp id="212" class="1004" name="local_C5_i_load_read_read_fu_212">
<pin_list>
<pin id="213" dir="0" index="0" bw="32" slack="0"/>
<pin id="214" dir="0" index="1" bw="32" slack="0"/>
<pin id="215" dir="1" index="2" bw="32" slack="0"/>
</pin_list>
<bind>
<opcode="read(1150) " fcode="read"/>
<opset="local_C5_i_load_read/1 "/>
</bind>
</comp>

<comp id="218" class="1004" name="local_C5_1_i_load_read_read_fu_218">
<pin_list>
<pin id="219" dir="0" index="0" bw="32" slack="0"/>
<pin id="220" dir="0" index="1" bw="32" slack="0"/>
<pin id="221" dir="1" index="2" bw="32" slack="0"/>
</pin_list>
<bind>
<opcode="read(1150) " fcode="read"/>
<opset="local_C5_1_i_load_read/1 "/>
</bind>
</comp>

<comp id="224" class="1004" name="local_C5_2_i_load_read_read_fu_224">
<pin_list>
<pin id="225" dir="0" index="0" bw="32" slack="0"/>
<pin id="226" dir="0" index="1" bw="32" slack="0"/>
<pin id="227" dir="1" index="2" bw="32" slack="0"/>
</pin_list>
<bind>
<opcode="read(1150) " fcode="read"/>
<opset="local_C5_2_i_load_read/1 "/>
</bind>
</comp>

<comp id="230" class="1004" name="local_C5_3_i_load_read_read_fu_230">
<pin_list>
<pin id="231" dir="0" index="0" bw="32" slack="0"/>
<pin id="232" dir="0" index="1" bw="32" slack="0"/>
<pin id="233" dir="1" index="2" bw="32" slack="0"/>
</pin_list>
<bind>
<opcode="read(1150) " fcode="read"/>
<opset="local_C5_3_i_load_read/1 "/>
</bind>
</comp>

<comp id="236" class="1004" name="local_C5_4_i_load_read_read_fu_236">
<pin_list>
<pin id="237" dir="0" index="0" bw="32" slack="0"/>
<pin id="238" dir="0" index="1" bw="32" slack="0"/>
<pin id="239" dir="1" index="2" bw="32" slack="0"/>
</pin_list>
<bind>
<opcode="read(1150) " fcode="read"/>
<opset="local_C5_4_i_load_read/1 "/>
</bind>
</comp>

<comp id="242" class="1004" name="local_C5_5_i_load_read_read_fu_242">
<pin_list>
<pin id="243" dir="0" index="0" bw="32" slack="0"/>
<pin id="244" dir="0" index="1" bw="32" slack="0"/>
<pin id="245" dir="1" index="2" bw="32" slack="0"/>
</pin_list>
<bind>
<opcode="read(1150) " fcode="read"/>
<opset="local_C5_5_i_load_read/1 "/>
</bind>
</comp>

<comp id="248" class="1004" name="local_C5_6_i_load_read_read_fu_248">
<pin_list>
<pin id="249" dir="0" index="0" bw="32" slack="0"/>
<pin id="250" dir="0" index="1" bw="32" slack="0"/>
<pin id="251" dir="1" index="2" bw="32" slack="0"/>
</pin_list>
<bind>
<opcode="read(1150) " fcode="read"/>
<opset="local_C5_6_i_load_read/1 "/>
</bind>
</comp>

<comp id="254" class="1004" name="local_C5_7_i_load_read_read_fu_254">
<pin_list>
<pin id="255" dir="0" index="0" bw="32" slack="0"/>
<pin id="256" dir="0" index="1" bw="32" slack="0"/>
<pin id="257" dir="1" index="2" bw="32" slack="0"/>
</pin_list>
<bind>
<opcode="read(1150) " fcode="read"/>
<opset="local_C5_7_i_load_read/1 "/>
</bind>
</comp>

<comp id="260" class="1004" name="local_C5_8_i_load_read_read_fu_260">
<pin_list>
<pin id="261" dir="0" index="0" bw="32" slack="0"/>
<pin id="262" dir="0" index="1" bw="32" slack="0"/>
<pin id="263" dir="1" index="2" bw="32" slack="0"/>
</pin_list>
<bind>
<opcode="read(1150) " fcode="read"/>
<opset="local_C5_8_i_load_read/1 "/>
</bind>
</comp>

<comp id="266" class="1004" name="local_C5_9_i_load_read_read_fu_266">
<pin_list>
<pin id="267" dir="0" index="0" bw="32" slack="0"/>
<pin id="268" dir="0" index="1" bw="32" slack="0"/>
<pin id="269" dir="1" index="2" bw="32" slack="0"/>
</pin_list>
<bind>
<opcode="read(1150) " fcode="read"/>
<opset="local_C5_9_i_load_read/1 "/>
</bind>
</comp>

<comp id="272" class="1004" name="local_C5_10_i_load_read_read_fu_272">
<pin_list>
<pin id="273" dir="0" index="0" bw="32" slack="0"/>
<pin id="274" dir="0" index="1" bw="32" slack="0"/>
<pin id="275" dir="1" index="2" bw="32" slack="0"/>
</pin_list>
<bind>
<opcode="read(1150) " fcode="read"/>
<opset="local_C5_10_i_load_read/1 "/>
</bind>
</comp>

<comp id="278" class="1004" name="local_C5_11_i_load_read_read_fu_278">
<pin_list>
<pin id="279" dir="0" index="0" bw="32" slack="0"/>
<pin id="280" dir="0" index="1" bw="32" slack="0"/>
<pin id="281" dir="1" index="2" bw="32" slack="0"/>
</pin_list>
<bind>
<opcode="read(1150) " fcode="read"/>
<opset="local_C5_11_i_load_read/1 "/>
</bind>
</comp>

<comp id="284" class="1004" name="local_C5_12_i_load_read_read_fu_284">
<pin_list>
<pin id="285" dir="0" index="0" bw="32" slack="0"/>
<pin id="286" dir="0" index="1" bw="32" slack="0"/>
<pin id="287" dir="1" index="2" bw="32" slack="0"/>
</pin_list>
<bind>
<opcode="read(1150) " fcode="read"/>
<opset="local_C5_12_i_load_read/1 "/>
</bind>
</comp>

<comp id="290" class="1004" name="local_C5_13_i_load_read_read_fu_290">
<pin_list>
<pin id="291" dir="0" index="0" bw="32" slack="0"/>
<pin id="292" dir="0" index="1" bw="32" slack="0"/>
<pin id="293" dir="1" index="2" bw="32" slack="0"/>
</pin_list>
<bind>
<opcode="read(1150) " fcode="read"/>
<opset="local_C5_13_i_load_read/1 "/>
</bind>
</comp>

<comp id="296" class="1004" name="local_C5_14_i_load_read_read_fu_296">
<pin_list>
<pin id="297" dir="0" index="0" bw="32" slack="0"/>
<pin id="298" dir="0" index="1" bw="32" slack="0"/>
<pin id="299" dir="1" index="2" bw="32" slack="0"/>
</pin_list>
<bind>
<opcode="read(1150) " fcode="read"/>
<opset="local_C5_14_i_load_read/1 "/>
</bind>
</comp>

<comp id="302" class="1004" name="local_C5_15_i_load_read_read_fu_302">
<pin_list>
<pin id="303" dir="0" index="0" bw="32" slack="0"/>
<pin id="304" dir="0" index="1" bw="32" slack="0"/>
<pin id="305" dir="1" index="2" bw="32" slack="0"/>
</pin_list>
<bind>
<opcode="read(1150) " fcode="read"/>
<opset="local_C5_15_i_load_read/1 "/>
</bind>
</comp>

<comp id="308" class="1004" name="local_C5_16_i_load_read_read_fu_308">
<pin_list>
<pin id="309" dir="0" index="0" bw="32" slack="0"/>
<pin id="310" dir="0" index="1" bw="32" slack="0"/>
<pin id="311" dir="1" index="2" bw="32" slack="0"/>
</pin_list>
<bind>
<opcode="read(1150) " fcode="read"/>
<opset="local_C5_16_i_load_read/1 "/>
</bind>
</comp>

<comp id="314" class="1004" name="local_C5_17_i_load_read_read_fu_314">
<pin_list>
<pin id="315" dir="0" index="0" bw="32" slack="0"/>
<pin id="316" dir="0" index="1" bw="32" slack="0"/>
<pin id="317" dir="1" index="2" bw="32" slack="0"/>
</pin_list>
<bind>
<opcode="read(1150) " fcode="read"/>
<opset="local_C5_17_i_load_read/1 "/>
</bind>
</comp>

<comp id="320" class="1004" name="local_C5_18_i_load_read_read_fu_320">
<pin_list>
<pin id="321" dir="0" index="0" bw="32" slack="0"/>
<pin id="322" dir="0" index="1" bw="32" slack="0"/>
<pin id="323" dir="1" index="2" bw="32" slack="0"/>
</pin_list>
<bind>
<opcode="read(1150) " fcode="read"/>
<opset="local_C5_18_i_load_read/1 "/>
</bind>
</comp>

<comp id="326" class="1004" name="local_C5_19_i_load_read_read_fu_326">
<pin_list>
<pin id="327" dir="0" index="0" bw="32" slack="0"/>
<pin id="328" dir="0" index="1" bw="32" slack="0"/>
<pin id="329" dir="1" index="2" bw="32" slack="0"/>
</pin_list>
<bind>
<opcode="read(1150) " fcode="read"/>
<opset="local_C5_19_i_load_read/1 "/>
</bind>
</comp>

<comp id="332" class="1004" name="local_C5_20_i_load_read_read_fu_332">
<pin_list>
<pin id="333" dir="0" index="0" bw="32" slack="0"/>
<pin id="334" dir="0" index="1" bw="32" slack="0"/>
<pin id="335" dir="1" index="2" bw="32" slack="0"/>
</pin_list>
<bind>
<opcode="read(1150) " fcode="read"/>
<opset="local_C5_20_i_load_read/1 "/>
</bind>
</comp>

<comp id="338" class="1004" name="local_C5_21_i_load_read_read_fu_338">
<pin_list>
<pin id="339" dir="0" index="0" bw="32" slack="0"/>
<pin id="340" dir="0" index="1" bw="32" slack="0"/>
<pin id="341" dir="1" index="2" bw="32" slack="0"/>
</pin_list>
<bind>
<opcode="read(1150) " fcode="read"/>
<opset="local_C5_21_i_load_read/1 "/>
</bind>
</comp>

<comp id="344" class="1004" name="local_C5_22_i_load_read_read_fu_344">
<pin_list>
<pin id="345" dir="0" index="0" bw="32" slack="0"/>
<pin id="346" dir="0" index="1" bw="32" slack="0"/>
<pin id="347" dir="1" index="2" bw="32" slack="0"/>
</pin_list>
<bind>
<opcode="read(1150) " fcode="read"/>
<opset="local_C5_22_i_load_read/1 "/>
</bind>
</comp>

<comp id="350" class="1004" name="local_C5_23_i_load_read_read_fu_350">
<pin_list>
<pin id="351" dir="0" index="0" bw="32" slack="0"/>
<pin id="352" dir="0" index="1" bw="32" slack="0"/>
<pin id="353" dir="1" index="2" bw="32" slack="0"/>
</pin_list>
<bind>
<opcode="read(1150) " fcode="read"/>
<opset="local_C5_23_i_load_read/1 "/>
</bind>
</comp>

<comp id="356" class="1004" name="local_C5_24_i_load_read_read_fu_356">
<pin_list>
<pin id="357" dir="0" index="0" bw="32" slack="0"/>
<pin id="358" dir="0" index="1" bw="32" slack="0"/>
<pin id="359" dir="1" index="2" bw="32" slack="0"/>
</pin_list>
<bind>
<opcode="read(1150) " fcode="read"/>
<opset="local_C5_24_i_load_read/1 "/>
</bind>
</comp>

<comp id="362" class="1004" name="local_C5_25_i_load_read_read_fu_362">
<pin_list>
<pin id="363" dir="0" index="0" bw="32" slack="0"/>
<pin id="364" dir="0" index="1" bw="32" slack="0"/>
<pin id="365" dir="1" index="2" bw="32" slack="0"/>
</pin_list>
<bind>
<opcode="read(1150) " fcode="read"/>
<opset="local_C5_25_i_load_read/1 "/>
</bind>
</comp>

<comp id="368" class="1004" name="local_C5_26_i_load_read_read_fu_368">
<pin_list>
<pin id="369" dir="0" index="0" bw="32" slack="0"/>
<pin id="370" dir="0" index="1" bw="32" slack="0"/>
<pin id="371" dir="1" index="2" bw="32" slack="0"/>
</pin_list>
<bind>
<opcode="read(1150) " fcode="read"/>
<opset="local_C5_26_i_load_read/1 "/>
</bind>
</comp>

<comp id="374" class="1004" name="local_C5_27_i_load_read_read_fu_374">
<pin_list>
<pin id="375" dir="0" index="0" bw="32" slack="0"/>
<pin id="376" dir="0" index="1" bw="32" slack="0"/>
<pin id="377" dir="1" index="2" bw="32" slack="0"/>
</pin_list>
<bind>
<opcode="read(1150) " fcode="read"/>
<opset="local_C5_27_i_load_read/1 "/>
</bind>
</comp>

<comp id="380" class="1004" name="local_C5_28_i_load_read_read_fu_380">
<pin_list>
<pin id="381" dir="0" index="0" bw="32" slack="0"/>
<pin id="382" dir="0" index="1" bw="32" slack="0"/>
<pin id="383" dir="1" index="2" bw="32" slack="0"/>
</pin_list>
<bind>
<opcode="read(1150) " fcode="read"/>
<opset="local_C5_28_i_load_read/1 "/>
</bind>
</comp>

<comp id="386" class="1004" name="local_C5_29_i_load_read_read_fu_386">
<pin_list>
<pin id="387" dir="0" index="0" bw="32" slack="0"/>
<pin id="388" dir="0" index="1" bw="32" slack="0"/>
<pin id="389" dir="1" index="2" bw="32" slack="0"/>
</pin_list>
<bind>
<opcode="read(1150) " fcode="read"/>
<opset="local_C5_29_i_load_read/1 "/>
</bind>
</comp>

<comp id="392" class="1004" name="local_C5_30_i_load_read_read_fu_392">
<pin_list>
<pin id="393" dir="0" index="0" bw="32" slack="0"/>
<pin id="394" dir="0" index="1" bw="32" slack="0"/>
<pin id="395" dir="1" index="2" bw="32" slack="0"/>
</pin_list>
<bind>
<opcode="read(1150) " fcode="read"/>
<opset="local_C5_30_i_load_read/1 "/>
</bind>
</comp>

<comp id="398" class="1004" name="local_C5_31_i_load_read_read_fu_398">
<pin_list>
<pin id="399" dir="0" index="0" bw="32" slack="0"/>
<pin id="400" dir="0" index="1" bw="32" slack="0"/>
<pin id="401" dir="1" index="2" bw="32" slack="0"/>
</pin_list>
<bind>
<opcode="read(1150) " fcode="read"/>
<opset="local_C5_31_i_load_read/1 "/>
</bind>
</comp>

<comp id="404" class="1004" name="local_C5_32_i_load_read_read_fu_404">
<pin_list>
<pin id="405" dir="0" index="0" bw="32" slack="0"/>
<pin id="406" dir="0" index="1" bw="32" slack="0"/>
<pin id="407" dir="1" index="2" bw="32" slack="0"/>
</pin_list>
<bind>
<opcode="read(1150) " fcode="read"/>
<opset="local_C5_32_i_load_read/1 "/>
</bind>
</comp>

<comp id="410" class="1004" name="local_C5_33_i_load_read_read_fu_410">
<pin_list>
<pin id="411" dir="0" index="0" bw="32" slack="0"/>
<pin id="412" dir="0" index="1" bw="32" slack="0"/>
<pin id="413" dir="1" index="2" bw="32" slack="0"/>
</pin_list>
<bind>
<opcode="read(1150) " fcode="read"/>
<opset="local_C5_33_i_load_read/1 "/>
</bind>
</comp>

<comp id="416" class="1004" name="local_C5_34_i_load_read_read_fu_416">
<pin_list>
<pin id="417" dir="0" index="0" bw="32" slack="0"/>
<pin id="418" dir="0" index="1" bw="32" slack="0"/>
<pin id="419" dir="1" index="2" bw="32" slack="0"/>
</pin_list>
<bind>
<opcode="read(1150) " fcode="read"/>
<opset="local_C5_34_i_load_read/1 "/>
</bind>
</comp>

<comp id="422" class="1004" name="local_C5_35_i_load_read_read_fu_422">
<pin_list>
<pin id="423" dir="0" index="0" bw="32" slack="0"/>
<pin id="424" dir="0" index="1" bw="32" slack="0"/>
<pin id="425" dir="1" index="2" bw="32" slack="0"/>
</pin_list>
<bind>
<opcode="read(1150) " fcode="read"/>
<opset="local_C5_35_i_load_read/1 "/>
</bind>
</comp>

<comp id="428" class="1004" name="local_C5_36_i_load_read_read_fu_428">
<pin_list>
<pin id="429" dir="0" index="0" bw="32" slack="0"/>
<pin id="430" dir="0" index="1" bw="32" slack="0"/>
<pin id="431" dir="1" index="2" bw="32" slack="0"/>
</pin_list>
<bind>
<opcode="read(1150) " fcode="read"/>
<opset="local_C5_36_i_load_read/1 "/>
</bind>
</comp>

<comp id="434" class="1004" name="local_C5_37_i_load_read_read_fu_434">
<pin_list>
<pin id="435" dir="0" index="0" bw="32" slack="0"/>
<pin id="436" dir="0" index="1" bw="32" slack="0"/>
<pin id="437" dir="1" index="2" bw="32" slack="0"/>
</pin_list>
<bind>
<opcode="read(1150) " fcode="read"/>
<opset="local_C5_37_i_load_read/1 "/>
</bind>
</comp>

<comp id="440" class="1004" name="local_C5_38_i_load_read_read_fu_440">
<pin_list>
<pin id="441" dir="0" index="0" bw="32" slack="0"/>
<pin id="442" dir="0" index="1" bw="32" slack="0"/>
<pin id="443" dir="1" index="2" bw="32" slack="0"/>
</pin_list>
<bind>
<opcode="read(1150) " fcode="read"/>
<opset="local_C5_38_i_load_read/1 "/>
</bind>
</comp>

<comp id="446" class="1004" name="local_C5_39_i_load_read_read_fu_446">
<pin_list>
<pin id="447" dir="0" index="0" bw="32" slack="0"/>
<pin id="448" dir="0" index="1" bw="32" slack="0"/>
<pin id="449" dir="1" index="2" bw="32" slack="0"/>
</pin_list>
<bind>
<opcode="read(1150) " fcode="read"/>
<opset="local_C5_39_i_load_read/1 "/>
</bind>
</comp>

<comp id="452" class="1004" name="local_C5_40_i_load_read_read_fu_452">
<pin_list>
<pin id="453" dir="0" index="0" bw="32" slack="0"/>
<pin id="454" dir="0" index="1" bw="32" slack="0"/>
<pin id="455" dir="1" index="2" bw="32" slack="0"/>
</pin_list>
<bind>
<opcode="read(1150) " fcode="read"/>
<opset="local_C5_40_i_load_read/1 "/>
</bind>
</comp>

<comp id="458" class="1004" name="local_C5_41_i_load_read_read_fu_458">
<pin_list>
<pin id="459" dir="0" index="0" bw="32" slack="0"/>
<pin id="460" dir="0" index="1" bw="32" slack="0"/>
<pin id="461" dir="1" index="2" bw="32" slack="0"/>
</pin_list>
<bind>
<opcode="read(1150) " fcode="read"/>
<opset="local_C5_41_i_load_read/1 "/>
</bind>
</comp>

<comp id="464" class="1004" name="local_C5_42_i_load_read_read_fu_464">
<pin_list>
<pin id="465" dir="0" index="0" bw="32" slack="0"/>
<pin id="466" dir="0" index="1" bw="32" slack="0"/>
<pin id="467" dir="1" index="2" bw="32" slack="0"/>
</pin_list>
<bind>
<opcode="read(1150) " fcode="read"/>
<opset="local_C5_42_i_load_read/1 "/>
</bind>
</comp>

<comp id="470" class="1004" name="local_C5_43_i_load_read_read_fu_470">
<pin_list>
<pin id="471" dir="0" index="0" bw="32" slack="0"/>
<pin id="472" dir="0" index="1" bw="32" slack="0"/>
<pin id="473" dir="1" index="2" bw="32" slack="0"/>
</pin_list>
<bind>
<opcode="read(1150) " fcode="read"/>
<opset="local_C5_43_i_load_read/1 "/>
</bind>
</comp>

<comp id="476" class="1004" name="local_C5_44_i_load_read_read_fu_476">
<pin_list>
<pin id="477" dir="0" index="0" bw="32" slack="0"/>
<pin id="478" dir="0" index="1" bw="32" slack="0"/>
<pin id="479" dir="1" index="2" bw="32" slack="0"/>
</pin_list>
<bind>
<opcode="read(1150) " fcode="read"/>
<opset="local_C5_44_i_load_read/1 "/>
</bind>
</comp>

<comp id="482" class="1004" name="local_C5_45_i_load_read_read_fu_482">
<pin_list>
<pin id="483" dir="0" index="0" bw="32" slack="0"/>
<pin id="484" dir="0" index="1" bw="32" slack="0"/>
<pin id="485" dir="1" index="2" bw="32" slack="0"/>
</pin_list>
<bind>
<opcode="read(1150) " fcode="read"/>
<opset="local_C5_45_i_load_read/1 "/>
</bind>
</comp>

<comp id="488" class="1004" name="local_C5_46_i_load_read_read_fu_488">
<pin_list>
<pin id="489" dir="0" index="0" bw="32" slack="0"/>
<pin id="490" dir="0" index="1" bw="32" slack="0"/>
<pin id="491" dir="1" index="2" bw="32" slack="0"/>
</pin_list>
<bind>
<opcode="read(1150) " fcode="read"/>
<opset="local_C5_46_i_load_read/1 "/>
</bind>
</comp>

<comp id="494" class="1004" name="local_C5_47_i_load_read_read_fu_494">
<pin_list>
<pin id="495" dir="0" index="0" bw="32" slack="0"/>
<pin id="496" dir="0" index="1" bw="32" slack="0"/>
<pin id="497" dir="1" index="2" bw="32" slack="0"/>
</pin_list>
<bind>
<opcode="read(1150) " fcode="read"/>
<opset="local_C5_47_i_load_read/1 "/>
</bind>
</comp>

<comp id="500" class="1004" name="local_C5_48_i_load_read_read_fu_500">
<pin_list>
<pin id="501" dir="0" index="0" bw="32" slack="0"/>
<pin id="502" dir="0" index="1" bw="32" slack="0"/>
<pin id="503" dir="1" index="2" bw="32" slack="0"/>
</pin_list>
<bind>
<opcode="read(1150) " fcode="read"/>
<opset="local_C5_48_i_load_read/1 "/>
</bind>
</comp>

<comp id="506" class="1004" name="local_C5_49_i_load_read_read_fu_506">
<pin_list>
<pin id="507" dir="0" index="0" bw="32" slack="0"/>
<pin id="508" dir="0" index="1" bw="32" slack="0"/>
<pin id="509" dir="1" index="2" bw="32" slack="0"/>
</pin_list>
<bind>
<opcode="read(1150) " fcode="read"/>
<opset="local_C5_49_i_load_read/1 "/>
</bind>
</comp>

<comp id="512" class="1004" name="local_C5_50_i_load_read_read_fu_512">
<pin_list>
<pin id="513" dir="0" index="0" bw="32" slack="0"/>
<pin id="514" dir="0" index="1" bw="32" slack="0"/>
<pin id="515" dir="1" index="2" bw="32" slack="0"/>
</pin_list>
<bind>
<opcode="read(1150) " fcode="read"/>
<opset="local_C5_50_i_load_read/1 "/>
</bind>
</comp>

<comp id="518" class="1004" name="local_C5_51_i_load_read_read_fu_518">
<pin_list>
<pin id="519" dir="0" index="0" bw="32" slack="0"/>
<pin id="520" dir="0" index="1" bw="32" slack="0"/>
<pin id="521" dir="1" index="2" bw="32" slack="0"/>
</pin_list>
<bind>
<opcode="read(1150) " fcode="read"/>
<opset="local_C5_51_i_load_read/1 "/>
</bind>
</comp>

<comp id="524" class="1004" name="local_C5_52_i_load_read_read_fu_524">
<pin_list>
<pin id="525" dir="0" index="0" bw="32" slack="0"/>
<pin id="526" dir="0" index="1" bw="32" slack="0"/>
<pin id="527" dir="1" index="2" bw="32" slack="0"/>
</pin_list>
<bind>
<opcode="read(1150) " fcode="read"/>
<opset="local_C5_52_i_load_read/1 "/>
</bind>
</comp>

<comp id="530" class="1004" name="local_C5_53_i_load_read_read_fu_530">
<pin_list>
<pin id="531" dir="0" index="0" bw="32" slack="0"/>
<pin id="532" dir="0" index="1" bw="32" slack="0"/>
<pin id="533" dir="1" index="2" bw="32" slack="0"/>
</pin_list>
<bind>
<opcode="read(1150) " fcode="read"/>
<opset="local_C5_53_i_load_read/1 "/>
</bind>
</comp>

<comp id="536" class="1004" name="local_C5_54_i_load_read_read_fu_536">
<pin_list>
<pin id="537" dir="0" index="0" bw="32" slack="0"/>
<pin id="538" dir="0" index="1" bw="32" slack="0"/>
<pin id="539" dir="1" index="2" bw="32" slack="0"/>
</pin_list>
<bind>
<opcode="read(1150) " fcode="read"/>
<opset="local_C5_54_i_load_read/1 "/>
</bind>
</comp>

<comp id="542" class="1004" name="local_C5_55_i_load_read_read_fu_542">
<pin_list>
<pin id="543" dir="0" index="0" bw="32" slack="0"/>
<pin id="544" dir="0" index="1" bw="32" slack="0"/>
<pin id="545" dir="1" index="2" bw="32" slack="0"/>
</pin_list>
<bind>
<opcode="read(1150) " fcode="read"/>
<opset="local_C5_55_i_load_read/1 "/>
</bind>
</comp>

<comp id="548" class="1004" name="local_C5_56_i_load_read_read_fu_548">
<pin_list>
<pin id="549" dir="0" index="0" bw="32" slack="0"/>
<pin id="550" dir="0" index="1" bw="32" slack="0"/>
<pin id="551" dir="1" index="2" bw="32" slack="0"/>
</pin_list>
<bind>
<opcode="read(1150) " fcode="read"/>
<opset="local_C5_56_i_load_read/1 "/>
</bind>
</comp>

<comp id="554" class="1004" name="local_C5_57_i_load_read_read_fu_554">
<pin_list>
<pin id="555" dir="0" index="0" bw="32" slack="0"/>
<pin id="556" dir="0" index="1" bw="32" slack="0"/>
<pin id="557" dir="1" index="2" bw="32" slack="0"/>
</pin_list>
<bind>
<opcode="read(1150) " fcode="read"/>
<opset="local_C5_57_i_load_read/1 "/>
</bind>
</comp>

<comp id="560" class="1004" name="local_C5_58_i_load_read_read_fu_560">
<pin_list>
<pin id="561" dir="0" index="0" bw="32" slack="0"/>
<pin id="562" dir="0" index="1" bw="32" slack="0"/>
<pin id="563" dir="1" index="2" bw="32" slack="0"/>
</pin_list>
<bind>
<opcode="read(1150) " fcode="read"/>
<opset="local_C5_58_i_load_read/1 "/>
</bind>
</comp>

<comp id="566" class="1004" name="local_C5_59_i_load_read_read_fu_566">
<pin_list>
<pin id="567" dir="0" index="0" bw="32" slack="0"/>
<pin id="568" dir="0" index="1" bw="32" slack="0"/>
<pin id="569" dir="1" index="2" bw="32" slack="0"/>
</pin_list>
<bind>
<opcode="read(1150) " fcode="read"/>
<opset="local_C5_59_i_load_read/1 "/>
</bind>
</comp>

<comp id="572" class="1004" name="local_C5_60_i_load_read_read_fu_572">
<pin_list>
<pin id="573" dir="0" index="0" bw="32" slack="0"/>
<pin id="574" dir="0" index="1" bw="32" slack="0"/>
<pin id="575" dir="1" index="2" bw="32" slack="0"/>
</pin_list>
<bind>
<opcode="read(1150) " fcode="read"/>
<opset="local_C5_60_i_load_read/1 "/>
</bind>
</comp>

<comp id="578" class="1004" name="local_C5_61_i_load_read_read_fu_578">
<pin_list>
<pin id="579" dir="0" index="0" bw="32" slack="0"/>
<pin id="580" dir="0" index="1" bw="32" slack="0"/>
<pin id="581" dir="1" index="2" bw="32" slack="0"/>
</pin_list>
<bind>
<opcode="read(1150) " fcode="read"/>
<opset="local_C5_61_i_load_read/1 "/>
</bind>
</comp>

<comp id="584" class="1004" name="local_C5_62_i_load_read_read_fu_584">
<pin_list>
<pin id="585" dir="0" index="0" bw="32" slack="0"/>
<pin id="586" dir="0" index="1" bw="32" slack="0"/>
<pin id="587" dir="1" index="2" bw="32" slack="0"/>
</pin_list>
<bind>
<opcode="read(1150) " fcode="read"/>
<opset="local_C5_62_i_load_read/1 "/>
</bind>
</comp>

<comp id="590" class="1004" name="local_C5_63_i_load_read_read_fu_590">
<pin_list>
<pin id="591" dir="0" index="0" bw="32" slack="0"/>
<pin id="592" dir="0" index="1" bw="32" slack="0"/>
<pin id="593" dir="1" index="2" bw="32" slack="0"/>
</pin_list>
<bind>
<opcode="read(1150) " fcode="read"/>
<opset="local_C5_63_i_load_read/1 "/>
</bind>
</comp>

<comp id="596" class="1004" name="p_cast_read_read_fu_596">
<pin_list>
<pin id="597" dir="0" index="0" bw="6" slack="0"/>
<pin id="598" dir="0" index="1" bw="6" slack="0"/>
<pin id="599" dir="1" index="2" bw="6" slack="0"/>
</pin_list>
<bind>
<opcode="read(1150) " fcode="read"/>
<opset="p_cast_read/1 "/>
</bind>
</comp>

<comp id="602" class="1004" name="v8547_addr_gep_fu_602">
<pin_list>
<pin id="603" dir="0" index="0" bw="32" slack="0"/>
<pin id="604" dir="0" index="1" bw="1" slack="0"/>
<pin id="605" dir="0" index="2" bw="16" slack="0"/>
<pin id="606" dir="1" index="3" bw="16" slack="0"/>
</pin_list>
<bind>
<opcode="getelementptr(29) " fcode="getelementptr"/>
<opset="v8547_addr/1 "/>
</bind>
</comp>

<comp id="609" class="1004" name="store_ln15560_access_fu_609">
<pin_list>
<pin id="610" dir="0" index="0" bw="16" slack="0"/>
<pin id="611" dir="0" index="1" bw="32" slack="0"/>
<pin id="612" dir="0" index="2" bw="0" slack="2147483647"/>
<pin id="613" dir="1" index="3" bw="32" slack="2147483647"/>
</pin_list>
<bind>
<opcode="store(28) " fcode="store"/>
<opset="store_ln15560/1 "/>
</bind>
</comp>

<comp id="615" class="1004" name="p_cast_cast_fu_615">
<pin_list>
<pin id="616" dir="0" index="0" bw="6" slack="0"/>
<pin id="617" dir="1" index="1" bw="7" slack="0"/>
</pin_list>
<bind>
<opcode="zext(34) " fcode="zext"/>
<opset="p_cast_cast/1 "/>
</bind>
</comp>

<comp id="619" class="1004" name="store_ln0_store_fu_619">
<pin_list>
<pin id="620" dir="0" index="0" bw="1" slack="0"/>
<pin id="621" dir="0" index="1" bw="7" slack="0"/>
<pin id="622" dir="1" index="2" bw="0" slack="2147483647"/>
</pin_list>
<bind>
<opcode="store(28) " fcode="store"/>
<opset="store_ln0/1 "/>
</bind>
</comp>

<comp id="624" class="1004" name="store_ln15556_store_fu_624">
<pin_list>
<pin id="625" dir="0" index="0" bw="1" slack="0"/>
<pin id="626" dir="0" index="1" bw="4" slack="0"/>
<pin id="627" dir="1" index="2" bw="0" slack="2147483647"/>
</pin_list>
<bind>
<opcode="store(28) " fcode="store"/>
<opset="store_ln15556/1 "/>
</bind>
</comp>

<comp id="629" class="1004" name="store_ln15557_store_fu_629">
<pin_list>
<pin id="630" dir="0" index="0" bw="1" slack="0"/>
<pin id="631" dir="0" index="1" bw="4" slack="0"/>
<pin id="632" dir="1" index="2" bw="0" slack="2147483647"/>
</pin_list>
<bind>
<opcode="store(28) " fcode="store"/>
<opset="store_ln15557/1 "/>
</bind>
</comp>

<comp id="634" class="1004" name="indvar_flatten_load_load_fu_634">
<pin_list>
<pin id="635" dir="0" index="0" bw="7" slack="0"/>
<pin id="636" dir="1" index="1" bw="7" slack="0"/>
</pin_list>
<bind>
<opcode="load(27) " fcode="load"/>
<opset="indvar_flatten_load/1 "/>
</bind>
</comp>

<comp id="637" class="1004" name="icmp_ln15556_fu_637">
<pin_list>
<pin id="638" dir="0" index="0" bw="7" slack="0"/>
<pin id="639" dir="0" index="1" bw="7" slack="0"/>
<pin id="640" dir="1" index="2" bw="1" slack="2147483647"/>
</pin_list>
<bind>
<opcode="icmp(45) " fcode="icmp"/>
<opset="icmp_ln15556/1 "/>
</bind>
</comp>

<comp id="643" class="1004" name="add_ln15556_1_fu_643">
<pin_list>
<pin id="644" dir="0" index="0" bw="7" slack="0"/>
<pin id="645" dir="0" index="1" bw="1" slack="0"/>
<pin id="646" dir="1" index="2" bw="7" slack="0"/>
</pin_list>
<bind>
<opcode="add(8) " fcode="add"/>
<opset="add_ln15556_1/1 "/>
</bind>
</comp>

<comp id="649" class="1004" name="si5_load_load_fu_649">
<pin_list>
<pin id="650" dir="0" index="0" bw="4" slack="0"/>
<pin id="651" dir="1" index="1" bw="4" slack="0"/>
</pin_list>
<bind>
<opcode="load(27) " fcode="load"/>
<opset="si5_load/1 "/>
</bind>
</comp>

<comp id="652" class="1004" name="sj5_load_load_fu_652">
<pin_list>
<pin id="653" dir="0" index="0" bw="4" slack="0"/>
<pin id="654" dir="1" index="1" bw="4" slack="0"/>
</pin_list>
<bind>
<opcode="load(27) " fcode="load"/>
<opset="sj5_load/1 "/>
</bind>
</comp>

<comp id="655" class="1004" name="add_ln15556_fu_655">
<pin_list>
<pin id="656" dir="0" index="0" bw="4" slack="0"/>
<pin id="657" dir="0" index="1" bw="1" slack="0"/>
<pin id="658" dir="1" index="2" bw="4" slack="0"/>
</pin_list>
<bind>
<opcode="add(8) " fcode="add"/>
<opset="add_ln15556/1 "/>
</bind>
</comp>

<comp id="661" class="1004" name="icmp_ln15557_fu_661">
<pin_list>
<pin id="662" dir="0" index="0" bw="4" slack="0"/>
<pin id="663" dir="0" index="1" bw="4" slack="0"/>
<pin id="664" dir="1" index="2" bw="1" slack="0"/>
</pin_list>
<bind>
<opcode="icmp(45) " fcode="icmp"/>
<opset="icmp_ln15557/1 "/>
</bind>
</comp>

<comp id="667" class="1004" name="select_ln15556_fu_667">
<pin_list>
<pin id="668" dir="0" index="0" bw="1" slack="0"/>
<pin id="669" dir="0" index="1" bw="1" slack="0"/>
<pin id="670" dir="0" index="2" bw="4" slack="0"/>
<pin id="671" dir="1" index="3" bw="4" slack="0"/>
</pin_list>
<bind>
<opcode="select(49) " fcode="select"/>
<opset="select_ln15556/1 "/>
</bind>
</comp>

<comp id="675" class="1004" name="select_ln15556_1_fu_675">
<pin_list>
<pin id="676" dir="0" index="0" bw="1" slack="0"/>
<pin id="677" dir="0" index="1" bw="4" slack="0"/>
<pin id="678" dir="0" index="2" bw="4" slack="0"/>
<pin id="679" dir="1" index="3" bw="4" slack="0"/>
</pin_list>
<bind>
<opcode="select(49) " fcode="select"/>
<opset="select_ln15556_1/1 "/>
</bind>
</comp>

<comp id="683" class="1004" name="trunc_ln15556_fu_683">
<pin_list>
<pin id="684" dir="0" index="0" bw="4" slack="0"/>
<pin id="685" dir="1" index="1" bw="3" slack="0"/>
</pin_list>
<bind>
<opcode="trunc(33) " fcode="trunc"/>
<opset="trunc_ln15556/1 "/>
</bind>
</comp>

<comp id="687" class="1004" name="zext_ln15556_fu_687">
<pin_list>
<pin id="688" dir="0" index="0" bw="4" slack="0"/>
<pin id="689" dir="1" index="1" bw="7" slack="0"/>
</pin_list>
<bind>
<opcode="zext(34) " fcode="zext"/>
<opset="zext_ln15556/1 "/>
</bind>
</comp>

<comp id="691" class="1004" name="empty_fu_691">
<pin_list>
<pin id="692" dir="0" index="0" bw="6" slack="0"/>
<pin id="693" dir="0" index="1" bw="4" slack="0"/>
<pin id="694" dir="1" index="2" bw="7" slack="0"/>
</pin_list>
<bind>
<opcode="add(8) " fcode="add"/>
<opset="empty/1 "/>
</bind>
</comp>

<comp id="697" class="1004" name="zext_ln15559_fu_697">
<pin_list>
<pin id="698" dir="0" index="0" bw="7" slack="0"/>
<pin id="699" dir="1" index="1" bw="16" slack="0"/>
</pin_list>
<bind>
<opcode="zext(34) " fcode="zext"/>
<opset="zext_ln15559/1 "/>
</bind>
</comp>

<comp id="701" class="1004" name="tmp_i_i_fu_701">
<pin_list>
<pin id="702" dir="0" index="0" bw="32" slack="0"/>
<pin id="703" dir="0" index="1" bw="1" slack="0"/>
<pin id="704" dir="0" index="2" bw="32" slack="0"/>
<pin id="705" dir="0" index="3" bw="1" slack="0"/>
<pin id="706" dir="0" index="4" bw="32" slack="0"/>
<pin id="707" dir="0" index="5" bw="3" slack="0"/>
<pin id="708" dir="0" index="6" bw="32" slack="0"/>
<pin id="709" dir="0" index="7" bw="3" slack="0"/>
<pin id="710" dir="0" index="8" bw="32" slack="0"/>
<pin id="711" dir="0" index="9" bw="3" slack="0"/>
<pin id="712" dir="0" index="10" bw="32" slack="0"/>
<pin id="713" dir="0" index="11" bw="3" slack="0"/>
<pin id="714" dir="0" index="12" bw="32" slack="0"/>
<pin id="715" dir="0" index="13" bw="2" slack="0"/>
<pin id="716" dir="0" index="14" bw="32" slack="0"/>
<pin id="717" dir="0" index="15" bw="1" slack="0"/>
<pin id="718" dir="0" index="16" bw="32" slack="0"/>
<pin id="719" dir="0" index="17" bw="32" slack="0"/>
<pin id="720" dir="0" index="18" bw="3" slack="0"/>
<pin id="721" dir="1" index="19" bw="32" slack="0"/>
</pin_list>
<bind>
<opcode="sparsemux(1197) " fcode="sparsemux"/>
<opset="tmp_i_i/1 "/>
</bind>
</comp>

<comp id="741" class="1004" name="tmp_i_i_748_fu_741">
<pin_list>
<pin id="742" dir="0" index="0" bw="32" slack="0"/>
<pin id="743" dir="0" index="1" bw="1" slack="0"/>
<pin id="744" dir="0" index="2" bw="32" slack="0"/>
<pin id="745" dir="0" index="3" bw="1" slack="0"/>
<pin id="746" dir="0" index="4" bw="32" slack="0"/>
<pin id="747" dir="0" index="5" bw="3" slack="0"/>
<pin id="748" dir="0" index="6" bw="32" slack="0"/>
<pin id="749" dir="0" index="7" bw="3" slack="0"/>
<pin id="750" dir="0" index="8" bw="32" slack="0"/>
<pin id="751" dir="0" index="9" bw="3" slack="0"/>
<pin id="752" dir="0" index="10" bw="32" slack="0"/>
<pin id="753" dir="0" index="11" bw="3" slack="0"/>
<pin id="754" dir="0" index="12" bw="32" slack="0"/>
<pin id="755" dir="0" index="13" bw="2" slack="0"/>
<pin id="756" dir="0" index="14" bw="32" slack="0"/>
<pin id="757" dir="0" index="15" bw="1" slack="0"/>
<pin id="758" dir="0" index="16" bw="32" slack="0"/>
<pin id="759" dir="0" index="17" bw="32" slack="0"/>
<pin id="760" dir="0" index="18" bw="3" slack="0"/>
<pin id="761" dir="1" index="19" bw="32" slack="0"/>
</pin_list>
<bind>
<opcode="sparsemux(1197) " fcode="sparsemux"/>
<opset="tmp_i_i_748/1 "/>
</bind>
</comp>

<comp id="781" class="1004" name="tmp_13_i_i_fu_781">
<pin_list>
<pin id="782" dir="0" index="0" bw="32" slack="0"/>
<pin id="783" dir="0" index="1" bw="1" slack="0"/>
<pin id="784" dir="0" index="2" bw="32" slack="0"/>
<pin id="785" dir="0" index="3" bw="1" slack="0"/>
<pin id="786" dir="0" index="4" bw="32" slack="0"/>
<pin id="787" dir="0" index="5" bw="3" slack="0"/>
<pin id="788" dir="0" index="6" bw="32" slack="0"/>
<pin id="789" dir="0" index="7" bw="3" slack="0"/>
<pin id="790" dir="0" index="8" bw="32" slack="0"/>
<pin id="791" dir="0" index="9" bw="3" slack="0"/>
<pin id="792" dir="0" index="10" bw="32" slack="0"/>
<pin id="793" dir="0" index="11" bw="3" slack="0"/>
<pin id="794" dir="0" index="12" bw="32" slack="0"/>
<pin id="795" dir="0" index="13" bw="2" slack="0"/>
<pin id="796" dir="0" index="14" bw="32" slack="0"/>
<pin id="797" dir="0" index="15" bw="1" slack="0"/>
<pin id="798" dir="0" index="16" bw="32" slack="0"/>
<pin id="799" dir="0" index="17" bw="32" slack="0"/>
<pin id="800" dir="0" index="18" bw="3" slack="0"/>
<pin id="801" dir="1" index="19" bw="32" slack="0"/>
</pin_list>
<bind>
<opcode="sparsemux(1197) " fcode="sparsemux"/>
<opset="tmp_13_i_i/1 "/>
</bind>
</comp>

<comp id="821" class="1004" name="tmp_14_i_i_fu_821">
<pin_list>
<pin id="822" dir="0" index="0" bw="32" slack="0"/>
<pin id="823" dir="0" index="1" bw="1" slack="0"/>
<pin id="824" dir="0" index="2" bw="32" slack="0"/>
<pin id="825" dir="0" index="3" bw="1" slack="0"/>
<pin id="826" dir="0" index="4" bw="32" slack="0"/>
<pin id="827" dir="0" index="5" bw="3" slack="0"/>
<pin id="828" dir="0" index="6" bw="32" slack="0"/>
<pin id="829" dir="0" index="7" bw="3" slack="0"/>
<pin id="830" dir="0" index="8" bw="32" slack="0"/>
<pin id="831" dir="0" index="9" bw="3" slack="0"/>
<pin id="832" dir="0" index="10" bw="32" slack="0"/>
<pin id="833" dir="0" index="11" bw="3" slack="0"/>
<pin id="834" dir="0" index="12" bw="32" slack="0"/>
<pin id="835" dir="0" index="13" bw="2" slack="0"/>
<pin id="836" dir="0" index="14" bw="32" slack="0"/>
<pin id="837" dir="0" index="15" bw="1" slack="0"/>
<pin id="838" dir="0" index="16" bw="32" slack="0"/>
<pin id="839" dir="0" index="17" bw="32" slack="0"/>
<pin id="840" dir="0" index="18" bw="3" slack="0"/>
<pin id="841" dir="1" index="19" bw="32" slack="0"/>
</pin_list>
<bind>
<opcode="sparsemux(1197) " fcode="sparsemux"/>
<opset="tmp_14_i_i/1 "/>
</bind>
</comp>

<comp id="861" class="1004" name="tmp_15_i_i_fu_861">
<pin_list>
<pin id="862" dir="0" index="0" bw="32" slack="0"/>
<pin id="863" dir="0" index="1" bw="1" slack="0"/>
<pin id="864" dir="0" index="2" bw="32" slack="0"/>
<pin id="865" dir="0" index="3" bw="1" slack="0"/>
<pin id="866" dir="0" index="4" bw="32" slack="0"/>
<pin id="867" dir="0" index="5" bw="3" slack="0"/>
<pin id="868" dir="0" index="6" bw="32" slack="0"/>
<pin id="869" dir="0" index="7" bw="3" slack="0"/>
<pin id="870" dir="0" index="8" bw="32" slack="0"/>
<pin id="871" dir="0" index="9" bw="3" slack="0"/>
<pin id="872" dir="0" index="10" bw="32" slack="0"/>
<pin id="873" dir="0" index="11" bw="3" slack="0"/>
<pin id="874" dir="0" index="12" bw="32" slack="0"/>
<pin id="875" dir="0" index="13" bw="2" slack="0"/>
<pin id="876" dir="0" index="14" bw="32" slack="0"/>
<pin id="877" dir="0" index="15" bw="1" slack="0"/>
<pin id="878" dir="0" index="16" bw="32" slack="0"/>
<pin id="879" dir="0" index="17" bw="32" slack="0"/>
<pin id="880" dir="0" index="18" bw="3" slack="0"/>
<pin id="881" dir="1" index="19" bw="32" slack="0"/>
</pin_list>
<bind>
<opcode="sparsemux(1197) " fcode="sparsemux"/>
<opset="tmp_15_i_i/1 "/>
</bind>
</comp>

<comp id="901" class="1004" name="tmp_16_i_i_fu_901">
<pin_list>
<pin id="902" dir="0" index="0" bw="32" slack="0"/>
<pin id="903" dir="0" index="1" bw="1" slack="0"/>
<pin id="904" dir="0" index="2" bw="32" slack="0"/>
<pin id="905" dir="0" index="3" bw="1" slack="0"/>
<pin id="906" dir="0" index="4" bw="32" slack="0"/>
<pin id="907" dir="0" index="5" bw="3" slack="0"/>
<pin id="908" dir="0" index="6" bw="32" slack="0"/>
<pin id="909" dir="0" index="7" bw="3" slack="0"/>
<pin id="910" dir="0" index="8" bw="32" slack="0"/>
<pin id="911" dir="0" index="9" bw="3" slack="0"/>
<pin id="912" dir="0" index="10" bw="32" slack="0"/>
<pin id="913" dir="0" index="11" bw="3" slack="0"/>
<pin id="914" dir="0" index="12" bw="32" slack="0"/>
<pin id="915" dir="0" index="13" bw="2" slack="0"/>
<pin id="916" dir="0" index="14" bw="32" slack="0"/>
<pin id="917" dir="0" index="15" bw="1" slack="0"/>
<pin id="918" dir="0" index="16" bw="32" slack="0"/>
<pin id="919" dir="0" index="17" bw="32" slack="0"/>
<pin id="920" dir="0" index="18" bw="3" slack="0"/>
<pin id="921" dir="1" index="19" bw="32" slack="0"/>
</pin_list>
<bind>
<opcode="sparsemux(1197) " fcode="sparsemux"/>
<opset="tmp_16_i_i/1 "/>
</bind>
</comp>

<comp id="941" class="1004" name="tmp_17_i_i_fu_941">
<pin_list>
<pin id="942" dir="0" index="0" bw="32" slack="0"/>
<pin id="943" dir="0" index="1" bw="1" slack="0"/>
<pin id="944" dir="0" index="2" bw="32" slack="0"/>
<pin id="945" dir="0" index="3" bw="1" slack="0"/>
<pin id="946" dir="0" index="4" bw="32" slack="0"/>
<pin id="947" dir="0" index="5" bw="3" slack="0"/>
<pin id="948" dir="0" index="6" bw="32" slack="0"/>
<pin id="949" dir="0" index="7" bw="3" slack="0"/>
<pin id="950" dir="0" index="8" bw="32" slack="0"/>
<pin id="951" dir="0" index="9" bw="3" slack="0"/>
<pin id="952" dir="0" index="10" bw="32" slack="0"/>
<pin id="953" dir="0" index="11" bw="3" slack="0"/>
<pin id="954" dir="0" index="12" bw="32" slack="0"/>
<pin id="955" dir="0" index="13" bw="2" slack="0"/>
<pin id="956" dir="0" index="14" bw="32" slack="0"/>
<pin id="957" dir="0" index="15" bw="1" slack="0"/>
<pin id="958" dir="0" index="16" bw="32" slack="0"/>
<pin id="959" dir="0" index="17" bw="32" slack="0"/>
<pin id="960" dir="0" index="18" bw="3" slack="0"/>
<pin id="961" dir="1" index="19" bw="32" slack="0"/>
</pin_list>
<bind>
<opcode="sparsemux(1197) " fcode="sparsemux"/>
<opset="tmp_17_i_i/1 "/>
</bind>
</comp>

<comp id="981" class="1004" name="tmp_18_i_i_fu_981">
<pin_list>
<pin id="982" dir="0" index="0" bw="32" slack="0"/>
<pin id="983" dir="0" index="1" bw="1" slack="0"/>
<pin id="984" dir="0" index="2" bw="32" slack="0"/>
<pin id="985" dir="0" index="3" bw="1" slack="0"/>
<pin id="986" dir="0" index="4" bw="32" slack="0"/>
<pin id="987" dir="0" index="5" bw="3" slack="0"/>
<pin id="988" dir="0" index="6" bw="32" slack="0"/>
<pin id="989" dir="0" index="7" bw="3" slack="0"/>
<pin id="990" dir="0" index="8" bw="32" slack="0"/>
<pin id="991" dir="0" index="9" bw="3" slack="0"/>
<pin id="992" dir="0" index="10" bw="32" slack="0"/>
<pin id="993" dir="0" index="11" bw="3" slack="0"/>
<pin id="994" dir="0" index="12" bw="32" slack="0"/>
<pin id="995" dir="0" index="13" bw="2" slack="0"/>
<pin id="996" dir="0" index="14" bw="32" slack="0"/>
<pin id="997" dir="0" index="15" bw="1" slack="0"/>
<pin id="998" dir="0" index="16" bw="32" slack="0"/>
<pin id="999" dir="0" index="17" bw="32" slack="0"/>
<pin id="1000" dir="0" index="18" bw="3" slack="0"/>
<pin id="1001" dir="1" index="19" bw="32" slack="0"/>
</pin_list>
<bind>
<opcode="sparsemux(1197) " fcode="sparsemux"/>
<opset="tmp_18_i_i/1 "/>
</bind>
</comp>

<comp id="1021" class="1004" name="zext_ln15557_fu_1021">
<pin_list>
<pin id="1022" dir="0" index="0" bw="4" slack="0"/>
<pin id="1023" dir="1" index="1" bw="10" slack="0"/>
</pin_list>
<bind>
<opcode="zext(34) " fcode="zext"/>
<opset="zext_ln15557/1 "/>
</bind>
</comp>

<comp id="1025" class="1004" name="trunc_ln15557_fu_1025">
<pin_list>
<pin id="1026" dir="0" index="0" bw="4" slack="0"/>
<pin id="1027" dir="1" index="1" bw="3" slack="0"/>
</pin_list>
<bind>
<opcode="trunc(33) " fcode="trunc"/>
<opset="trunc_ln15557/1 "/>
</bind>
</comp>

<comp id="1029" class="1004" name="v8563_fu_1029">
<pin_list>
<pin id="1030" dir="0" index="0" bw="32" slack="0"/>
<pin id="1031" dir="0" index="1" bw="1" slack="0"/>
<pin id="1032" dir="0" index="2" bw="32" slack="0"/>
<pin id="1033" dir="0" index="3" bw="1" slack="0"/>
<pin id="1034" dir="0" index="4" bw="32" slack="0"/>
<pin id="1035" dir="0" index="5" bw="3" slack="0"/>
<pin id="1036" dir="0" index="6" bw="32" slack="0"/>
<pin id="1037" dir="0" index="7" bw="3" slack="0"/>
<pin id="1038" dir="0" index="8" bw="32" slack="0"/>
<pin id="1039" dir="0" index="9" bw="3" slack="0"/>
<pin id="1040" dir="0" index="10" bw="32" slack="0"/>
<pin id="1041" dir="0" index="11" bw="3" slack="0"/>
<pin id="1042" dir="0" index="12" bw="32" slack="0"/>
<pin id="1043" dir="0" index="13" bw="2" slack="0"/>
<pin id="1044" dir="0" index="14" bw="32" slack="0"/>
<pin id="1045" dir="0" index="15" bw="1" slack="0"/>
<pin id="1046" dir="0" index="16" bw="32" slack="0"/>
<pin id="1047" dir="0" index="17" bw="32" slack="0"/>
<pin id="1048" dir="0" index="18" bw="3" slack="0"/>
<pin id="1049" dir="1" index="19" bw="32" slack="0"/>
</pin_list>
<bind>
<opcode="sparsemux(1197) " fcode="sparsemux"/>
<opset="v8563/1 "/>
</bind>
</comp>

<comp id="1070" class="1004" name="add_ln15560_fu_1070">
<pin_list>
<pin id="1071" dir="0" index="0" bw="10" slack="0"/>
<pin id="1072" dir="0" index="1" bw="4" slack="0"/>
<pin id="1073" dir="1" index="2" bw="10" slack="0"/>
</pin_list>
<bind>
<opcode="add(8) " fcode="add"/>
<opset="add_ln15560/1 "/>
</bind>
</comp>

<comp id="1076" class="1004" name="tmp_s_fu_1076">
<pin_list>
<pin id="1077" dir="0" index="0" bw="16" slack="0"/>
<pin id="1078" dir="0" index="1" bw="10" slack="0"/>
<pin id="1079" dir="0" index="2" bw="1" slack="0"/>
<pin id="1080" dir="1" index="3" bw="16" slack="0"/>
</pin_list>
<bind>
<opcode="bitconcatenate(1004) " fcode="bitconcatenate"/>
<opset="tmp_s/1 "/>
</bind>
</comp>

<comp id="1084" class="1004" name="add_ln15560_1_fu_1084">
<pin_list>
<pin id="1085" dir="0" index="0" bw="16" slack="0"/>
<pin id="1086" dir="0" index="1" bw="7" slack="0"/>
<pin id="1087" dir="1" index="2" bw="16" slack="0"/>
</pin_list>
<bind>
<opcode="add(8) " fcode="add"/>
<opset="add_ln15560_1/1 "/>
</bind>
</comp>

<comp id="1090" class="1004" name="zext_ln15560_fu_1090">
<pin_list>
<pin id="1091" dir="0" index="0" bw="16" slack="0"/>
<pin id="1092" dir="1" index="1" bw="64" slack="0"/>
</pin_list>
<bind>
<opcode="zext(34) " fcode="zext"/>
<opset="zext_ln15560/1 "/>
</bind>
</comp>

<comp id="1095" class="1004" name="add_ln15557_fu_1095">
<pin_list>
<pin id="1096" dir="0" index="0" bw="4" slack="0"/>
<pin id="1097" dir="0" index="1" bw="1" slack="0"/>
<pin id="1098" dir="1" index="2" bw="4" slack="0"/>
</pin_list>
<bind>
<opcode="add(8) " fcode="add"/>
<opset="add_ln15557/1 "/>
</bind>
</comp>

<comp id="1101" class="1004" name="store_ln15556_store_fu_1101">
<pin_list>
<pin id="1102" dir="0" index="0" bw="7" slack="0"/>
<pin id="1103" dir="0" index="1" bw="7" slack="0"/>
<pin id="1104" dir="1" index="2" bw="0" slack="2147483647"/>
</pin_list>
<bind>
<opcode="store(28) " fcode="store"/>
<opset="store_ln15556/1 "/>
</bind>
</comp>

<comp id="1106" class="1004" name="store_ln15556_store_fu_1106">
<pin_list>
<pin id="1107" dir="0" index="0" bw="4" slack="0"/>
<pin id="1108" dir="0" index="1" bw="4" slack="0"/>
<pin id="1109" dir="1" index="2" bw="0" slack="2147483647"/>
</pin_list>
<bind>
<opcode="store(28) " fcode="store"/>
<opset="store_ln15556/1 "/>
</bind>
</comp>

<comp id="1111" class="1004" name="store_ln15557_store_fu_1111">
<pin_list>
<pin id="1112" dir="0" index="0" bw="4" slack="0"/>
<pin id="1113" dir="0" index="1" bw="4" slack="0"/>
<pin id="1114" dir="1" index="2" bw="0" slack="2147483647"/>
</pin_list>
<bind>
<opcode="store(28) " fcode="store"/>
<opset="store_ln15557/1 "/>
</bind>
</comp>

<comp id="1116" class="1005" name="si5_reg_1116">
<pin_list>
<pin id="1117" dir="0" index="0" bw="4" slack="0"/>
<pin id="1118" dir="1" index="1" bw="4" slack="0"/>
</pin_list>
<bind>
<opset="si5 "/>
</bind>
</comp>

<comp id="1123" class="1005" name="sj5_reg_1123">
<pin_list>
<pin id="1124" dir="0" index="0" bw="4" slack="0"/>
<pin id="1125" dir="1" index="1" bw="4" slack="0"/>
</pin_list>
<bind>
<opset="sj5 "/>
</bind>
</comp>

<comp id="1130" class="1005" name="indvar_flatten_reg_1130">
<pin_list>
<pin id="1131" dir="0" index="0" bw="7" slack="0"/>
<pin id="1132" dir="1" index="1" bw="7" slack="0"/>
</pin_list>
<bind>
<opset="indvar_flatten "/>
</bind>
</comp>

</comp_list>

<net_list>
<net id="197"><net_src comp="134" pin="0"/><net_sink comp="194" pin=0"/></net>

<net id="201"><net_src comp="134" pin="0"/><net_sink comp="198" pin=0"/></net>

<net id="205"><net_src comp="134" pin="0"/><net_sink comp="202" pin=0"/></net>

<net id="210"><net_src comp="136" pin="0"/><net_sink comp="206" pin=0"/></net>

<net id="211"><net_src comp="130" pin="0"/><net_sink comp="206" pin=1"/></net>

<net id="216"><net_src comp="138" pin="0"/><net_sink comp="212" pin=0"/></net>

<net id="217"><net_src comp="128" pin="0"/><net_sink comp="212" pin=1"/></net>

<net id="222"><net_src comp="138" pin="0"/><net_sink comp="218" pin=0"/></net>

<net id="223"><net_src comp="126" pin="0"/><net_sink comp="218" pin=1"/></net>

<net id="228"><net_src comp="138" pin="0"/><net_sink comp="224" pin=0"/></net>

<net id="229"><net_src comp="124" pin="0"/><net_sink comp="224" pin=1"/></net>

<net id="234"><net_src comp="138" pin="0"/><net_sink comp="230" pin=0"/></net>

<net id="235"><net_src comp="122" pin="0"/><net_sink comp="230" pin=1"/></net>

<net id="240"><net_src comp="138" pin="0"/><net_sink comp="236" pin=0"/></net>

<net id="241"><net_src comp="120" pin="0"/><net_sink comp="236" pin=1"/></net>

<net id="246"><net_src comp="138" pin="0"/><net_sink comp="242" pin=0"/></net>

<net id="247"><net_src comp="118" pin="0"/><net_sink comp="242" pin=1"/></net>

<net id="252"><net_src comp="138" pin="0"/><net_sink comp="248" pin=0"/></net>

<net id="253"><net_src comp="116" pin="0"/><net_sink comp="248" pin=1"/></net>

<net id="258"><net_src comp="138" pin="0"/><net_sink comp="254" pin=0"/></net>

<net id="259"><net_src comp="114" pin="0"/><net_sink comp="254" pin=1"/></net>

<net id="264"><net_src comp="138" pin="0"/><net_sink comp="260" pin=0"/></net>

<net id="265"><net_src comp="112" pin="0"/><net_sink comp="260" pin=1"/></net>

<net id="270"><net_src comp="138" pin="0"/><net_sink comp="266" pin=0"/></net>

<net id="271"><net_src comp="110" pin="0"/><net_sink comp="266" pin=1"/></net>

<net id="276"><net_src comp="138" pin="0"/><net_sink comp="272" pin=0"/></net>

<net id="277"><net_src comp="108" pin="0"/><net_sink comp="272" pin=1"/></net>

<net id="282"><net_src comp="138" pin="0"/><net_sink comp="278" pin=0"/></net>

<net id="283"><net_src comp="106" pin="0"/><net_sink comp="278" pin=1"/></net>

<net id="288"><net_src comp="138" pin="0"/><net_sink comp="284" pin=0"/></net>

<net id="289"><net_src comp="104" pin="0"/><net_sink comp="284" pin=1"/></net>

<net id="294"><net_src comp="138" pin="0"/><net_sink comp="290" pin=0"/></net>

<net id="295"><net_src comp="102" pin="0"/><net_sink comp="290" pin=1"/></net>

<net id="300"><net_src comp="138" pin="0"/><net_sink comp="296" pin=0"/></net>

<net id="301"><net_src comp="100" pin="0"/><net_sink comp="296" pin=1"/></net>

<net id="306"><net_src comp="138" pin="0"/><net_sink comp="302" pin=0"/></net>

<net id="307"><net_src comp="98" pin="0"/><net_sink comp="302" pin=1"/></net>

<net id="312"><net_src comp="138" pin="0"/><net_sink comp="308" pin=0"/></net>

<net id="313"><net_src comp="96" pin="0"/><net_sink comp="308" pin=1"/></net>

<net id="318"><net_src comp="138" pin="0"/><net_sink comp="314" pin=0"/></net>

<net id="319"><net_src comp="94" pin="0"/><net_sink comp="314" pin=1"/></net>

<net id="324"><net_src comp="138" pin="0"/><net_sink comp="320" pin=0"/></net>

<net id="325"><net_src comp="92" pin="0"/><net_sink comp="320" pin=1"/></net>

<net id="330"><net_src comp="138" pin="0"/><net_sink comp="326" pin=0"/></net>

<net id="331"><net_src comp="90" pin="0"/><net_sink comp="326" pin=1"/></net>

<net id="336"><net_src comp="138" pin="0"/><net_sink comp="332" pin=0"/></net>

<net id="337"><net_src comp="88" pin="0"/><net_sink comp="332" pin=1"/></net>

<net id="342"><net_src comp="138" pin="0"/><net_sink comp="338" pin=0"/></net>

<net id="343"><net_src comp="86" pin="0"/><net_sink comp="338" pin=1"/></net>

<net id="348"><net_src comp="138" pin="0"/><net_sink comp="344" pin=0"/></net>

<net id="349"><net_src comp="84" pin="0"/><net_sink comp="344" pin=1"/></net>

<net id="354"><net_src comp="138" pin="0"/><net_sink comp="350" pin=0"/></net>

<net id="355"><net_src comp="82" pin="0"/><net_sink comp="350" pin=1"/></net>

<net id="360"><net_src comp="138" pin="0"/><net_sink comp="356" pin=0"/></net>

<net id="361"><net_src comp="80" pin="0"/><net_sink comp="356" pin=1"/></net>

<net id="366"><net_src comp="138" pin="0"/><net_sink comp="362" pin=0"/></net>

<net id="367"><net_src comp="78" pin="0"/><net_sink comp="362" pin=1"/></net>

<net id="372"><net_src comp="138" pin="0"/><net_sink comp="368" pin=0"/></net>

<net id="373"><net_src comp="76" pin="0"/><net_sink comp="368" pin=1"/></net>

<net id="378"><net_src comp="138" pin="0"/><net_sink comp="374" pin=0"/></net>

<net id="379"><net_src comp="74" pin="0"/><net_sink comp="374" pin=1"/></net>

<net id="384"><net_src comp="138" pin="0"/><net_sink comp="380" pin=0"/></net>

<net id="385"><net_src comp="72" pin="0"/><net_sink comp="380" pin=1"/></net>

<net id="390"><net_src comp="138" pin="0"/><net_sink comp="386" pin=0"/></net>

<net id="391"><net_src comp="70" pin="0"/><net_sink comp="386" pin=1"/></net>

<net id="396"><net_src comp="138" pin="0"/><net_sink comp="392" pin=0"/></net>

<net id="397"><net_src comp="68" pin="0"/><net_sink comp="392" pin=1"/></net>

<net id="402"><net_src comp="138" pin="0"/><net_sink comp="398" pin=0"/></net>

<net id="403"><net_src comp="66" pin="0"/><net_sink comp="398" pin=1"/></net>

<net id="408"><net_src comp="138" pin="0"/><net_sink comp="404" pin=0"/></net>

<net id="409"><net_src comp="64" pin="0"/><net_sink comp="404" pin=1"/></net>

<net id="414"><net_src comp="138" pin="0"/><net_sink comp="410" pin=0"/></net>

<net id="415"><net_src comp="62" pin="0"/><net_sink comp="410" pin=1"/></net>

<net id="420"><net_src comp="138" pin="0"/><net_sink comp="416" pin=0"/></net>

<net id="421"><net_src comp="60" pin="0"/><net_sink comp="416" pin=1"/></net>

<net id="426"><net_src comp="138" pin="0"/><net_sink comp="422" pin=0"/></net>

<net id="427"><net_src comp="58" pin="0"/><net_sink comp="422" pin=1"/></net>

<net id="432"><net_src comp="138" pin="0"/><net_sink comp="428" pin=0"/></net>

<net id="433"><net_src comp="56" pin="0"/><net_sink comp="428" pin=1"/></net>

<net id="438"><net_src comp="138" pin="0"/><net_sink comp="434" pin=0"/></net>

<net id="439"><net_src comp="54" pin="0"/><net_sink comp="434" pin=1"/></net>

<net id="444"><net_src comp="138" pin="0"/><net_sink comp="440" pin=0"/></net>

<net id="445"><net_src comp="52" pin="0"/><net_sink comp="440" pin=1"/></net>

<net id="450"><net_src comp="138" pin="0"/><net_sink comp="446" pin=0"/></net>

<net id="451"><net_src comp="50" pin="0"/><net_sink comp="446" pin=1"/></net>

<net id="456"><net_src comp="138" pin="0"/><net_sink comp="452" pin=0"/></net>

<net id="457"><net_src comp="48" pin="0"/><net_sink comp="452" pin=1"/></net>

<net id="462"><net_src comp="138" pin="0"/><net_sink comp="458" pin=0"/></net>

<net id="463"><net_src comp="46" pin="0"/><net_sink comp="458" pin=1"/></net>

<net id="468"><net_src comp="138" pin="0"/><net_sink comp="464" pin=0"/></net>

<net id="469"><net_src comp="44" pin="0"/><net_sink comp="464" pin=1"/></net>

<net id="474"><net_src comp="138" pin="0"/><net_sink comp="470" pin=0"/></net>

<net id="475"><net_src comp="42" pin="0"/><net_sink comp="470" pin=1"/></net>

<net id="480"><net_src comp="138" pin="0"/><net_sink comp="476" pin=0"/></net>

<net id="481"><net_src comp="40" pin="0"/><net_sink comp="476" pin=1"/></net>

<net id="486"><net_src comp="138" pin="0"/><net_sink comp="482" pin=0"/></net>

<net id="487"><net_src comp="38" pin="0"/><net_sink comp="482" pin=1"/></net>

<net id="492"><net_src comp="138" pin="0"/><net_sink comp="488" pin=0"/></net>

<net id="493"><net_src comp="36" pin="0"/><net_sink comp="488" pin=1"/></net>

<net id="498"><net_src comp="138" pin="0"/><net_sink comp="494" pin=0"/></net>

<net id="499"><net_src comp="34" pin="0"/><net_sink comp="494" pin=1"/></net>

<net id="504"><net_src comp="138" pin="0"/><net_sink comp="500" pin=0"/></net>

<net id="505"><net_src comp="32" pin="0"/><net_sink comp="500" pin=1"/></net>

<net id="510"><net_src comp="138" pin="0"/><net_sink comp="506" pin=0"/></net>

<net id="511"><net_src comp="30" pin="0"/><net_sink comp="506" pin=1"/></net>

<net id="516"><net_src comp="138" pin="0"/><net_sink comp="512" pin=0"/></net>

<net id="517"><net_src comp="28" pin="0"/><net_sink comp="512" pin=1"/></net>

<net id="522"><net_src comp="138" pin="0"/><net_sink comp="518" pin=0"/></net>

<net id="523"><net_src comp="26" pin="0"/><net_sink comp="518" pin=1"/></net>

<net id="528"><net_src comp="138" pin="0"/><net_sink comp="524" pin=0"/></net>

<net id="529"><net_src comp="24" pin="0"/><net_sink comp="524" pin=1"/></net>

<net id="534"><net_src comp="138" pin="0"/><net_sink comp="530" pin=0"/></net>

<net id="535"><net_src comp="22" pin="0"/><net_sink comp="530" pin=1"/></net>

<net id="540"><net_src comp="138" pin="0"/><net_sink comp="536" pin=0"/></net>

<net id="541"><net_src comp="20" pin="0"/><net_sink comp="536" pin=1"/></net>

<net id="546"><net_src comp="138" pin="0"/><net_sink comp="542" pin=0"/></net>

<net id="547"><net_src comp="18" pin="0"/><net_sink comp="542" pin=1"/></net>

<net id="552"><net_src comp="138" pin="0"/><net_sink comp="548" pin=0"/></net>

<net id="553"><net_src comp="16" pin="0"/><net_sink comp="548" pin=1"/></net>

<net id="558"><net_src comp="138" pin="0"/><net_sink comp="554" pin=0"/></net>

<net id="559"><net_src comp="14" pin="0"/><net_sink comp="554" pin=1"/></net>

<net id="564"><net_src comp="138" pin="0"/><net_sink comp="560" pin=0"/></net>

<net id="565"><net_src comp="12" pin="0"/><net_sink comp="560" pin=1"/></net>

<net id="570"><net_src comp="138" pin="0"/><net_sink comp="566" pin=0"/></net>

<net id="571"><net_src comp="10" pin="0"/><net_sink comp="566" pin=1"/></net>

<net id="576"><net_src comp="138" pin="0"/><net_sink comp="572" pin=0"/></net>

<net id="577"><net_src comp="8" pin="0"/><net_sink comp="572" pin=1"/></net>

<net id="582"><net_src comp="138" pin="0"/><net_sink comp="578" pin=0"/></net>

<net id="583"><net_src comp="6" pin="0"/><net_sink comp="578" pin=1"/></net>

<net id="588"><net_src comp="138" pin="0"/><net_sink comp="584" pin=0"/></net>

<net id="589"><net_src comp="4" pin="0"/><net_sink comp="584" pin=1"/></net>

<net id="594"><net_src comp="138" pin="0"/><net_sink comp="590" pin=0"/></net>

<net id="595"><net_src comp="2" pin="0"/><net_sink comp="590" pin=1"/></net>

<net id="600"><net_src comp="140" pin="0"/><net_sink comp="596" pin=0"/></net>

<net id="601"><net_src comp="0" pin="0"/><net_sink comp="596" pin=1"/></net>

<net id="607"><net_src comp="132" pin="0"/><net_sink comp="602" pin=0"/></net>

<net id="608"><net_src comp="192" pin="0"/><net_sink comp="602" pin=1"/></net>

<net id="614"><net_src comp="602" pin="3"/><net_sink comp="609" pin=0"/></net>

<net id="618"><net_src comp="596" pin="2"/><net_sink comp="615" pin=0"/></net>

<net id="623"><net_src comp="142" pin="0"/><net_sink comp="619" pin=0"/></net>

<net id="628"><net_src comp="144" pin="0"/><net_sink comp="624" pin=0"/></net>

<net id="633"><net_src comp="144" pin="0"/><net_sink comp="629" pin=0"/></net>

<net id="641"><net_src comp="634" pin="1"/><net_sink comp="637" pin=0"/></net>

<net id="642"><net_src comp="146" pin="0"/><net_sink comp="637" pin=1"/></net>

<net id="647"><net_src comp="634" pin="1"/><net_sink comp="643" pin=0"/></net>

<net id="648"><net_src comp="148" pin="0"/><net_sink comp="643" pin=1"/></net>

<net id="659"><net_src comp="652" pin="1"/><net_sink comp="655" pin=0"/></net>

<net id="660"><net_src comp="150" pin="0"/><net_sink comp="655" pin=1"/></net>

<net id="665"><net_src comp="649" pin="1"/><net_sink comp="661" pin=0"/></net>

<net id="666"><net_src comp="160" pin="0"/><net_sink comp="661" pin=1"/></net>

<net id="672"><net_src comp="661" pin="2"/><net_sink comp="667" pin=0"/></net>

<net id="673"><net_src comp="144" pin="0"/><net_sink comp="667" pin=1"/></net>

<net id="674"><net_src comp="649" pin="1"/><net_sink comp="667" pin=2"/></net>

<net id="680"><net_src comp="661" pin="2"/><net_sink comp="675" pin=0"/></net>

<net id="681"><net_src comp="655" pin="2"/><net_sink comp="675" pin=1"/></net>

<net id="682"><net_src comp="652" pin="1"/><net_sink comp="675" pin=2"/></net>

<net id="686"><net_src comp="675" pin="3"/><net_sink comp="683" pin=0"/></net>

<net id="690"><net_src comp="675" pin="3"/><net_sink comp="687" pin=0"/></net>

<net id="695"><net_src comp="615" pin="1"/><net_sink comp="691" pin=0"/></net>

<net id="696"><net_src comp="687" pin="1"/><net_sink comp="691" pin=1"/></net>

<net id="700"><net_src comp="691" pin="2"/><net_sink comp="697" pin=0"/></net>

<net id="722"><net_src comp="162" pin="0"/><net_sink comp="701" pin=0"/></net>

<net id="723"><net_src comp="164" pin="0"/><net_sink comp="701" pin=1"/></net>

<net id="724"><net_src comp="590" pin="2"/><net_sink comp="701" pin=2"/></net>

<net id="725"><net_src comp="166" pin="0"/><net_sink comp="701" pin=3"/></net>

<net id="726"><net_src comp="584" pin="2"/><net_sink comp="701" pin=4"/></net>

<net id="727"><net_src comp="168" pin="0"/><net_sink comp="701" pin=5"/></net>

<net id="728"><net_src comp="578" pin="2"/><net_sink comp="701" pin=6"/></net>

<net id="729"><net_src comp="170" pin="0"/><net_sink comp="701" pin=7"/></net>

<net id="730"><net_src comp="572" pin="2"/><net_sink comp="701" pin=8"/></net>

<net id="731"><net_src comp="172" pin="0"/><net_sink comp="701" pin=9"/></net>

<net id="732"><net_src comp="566" pin="2"/><net_sink comp="701" pin=10"/></net>

<net id="733"><net_src comp="174" pin="0"/><net_sink comp="701" pin=11"/></net>

<net id="734"><net_src comp="560" pin="2"/><net_sink comp="701" pin=12"/></net>

<net id="735"><net_src comp="176" pin="0"/><net_sink comp="701" pin=13"/></net>

<net id="736"><net_src comp="554" pin="2"/><net_sink comp="701" pin=14"/></net>

<net id="737"><net_src comp="178" pin="0"/><net_sink comp="701" pin=15"/></net>

<net id="738"><net_src comp="548" pin="2"/><net_sink comp="701" pin=16"/></net>

<net id="739"><net_src comp="180" pin="0"/><net_sink comp="701" pin=17"/></net>

<net id="740"><net_src comp="683" pin="1"/><net_sink comp="701" pin=18"/></net>

<net id="762"><net_src comp="162" pin="0"/><net_sink comp="741" pin=0"/></net>

<net id="763"><net_src comp="164" pin="0"/><net_sink comp="741" pin=1"/></net>

<net id="764"><net_src comp="542" pin="2"/><net_sink comp="741" pin=2"/></net>

<net id="765"><net_src comp="166" pin="0"/><net_sink comp="741" pin=3"/></net>

<net id="766"><net_src comp="536" pin="2"/><net_sink comp="741" pin=4"/></net>

<net id="767"><net_src comp="168" pin="0"/><net_sink comp="741" pin=5"/></net>

<net id="768"><net_src comp="530" pin="2"/><net_sink comp="741" pin=6"/></net>

<net id="769"><net_src comp="170" pin="0"/><net_sink comp="741" pin=7"/></net>

<net id="770"><net_src comp="524" pin="2"/><net_sink comp="741" pin=8"/></net>

<net id="771"><net_src comp="172" pin="0"/><net_sink comp="741" pin=9"/></net>

<net id="772"><net_src comp="518" pin="2"/><net_sink comp="741" pin=10"/></net>

<net id="773"><net_src comp="174" pin="0"/><net_sink comp="741" pin=11"/></net>

<net id="774"><net_src comp="512" pin="2"/><net_sink comp="741" pin=12"/></net>

<net id="775"><net_src comp="176" pin="0"/><net_sink comp="741" pin=13"/></net>

<net id="776"><net_src comp="506" pin="2"/><net_sink comp="741" pin=14"/></net>

<net id="777"><net_src comp="178" pin="0"/><net_sink comp="741" pin=15"/></net>

<net id="778"><net_src comp="500" pin="2"/><net_sink comp="741" pin=16"/></net>

<net id="779"><net_src comp="180" pin="0"/><net_sink comp="741" pin=17"/></net>

<net id="780"><net_src comp="683" pin="1"/><net_sink comp="741" pin=18"/></net>

<net id="802"><net_src comp="162" pin="0"/><net_sink comp="781" pin=0"/></net>

<net id="803"><net_src comp="164" pin="0"/><net_sink comp="781" pin=1"/></net>

<net id="804"><net_src comp="494" pin="2"/><net_sink comp="781" pin=2"/></net>

<net id="805"><net_src comp="166" pin="0"/><net_sink comp="781" pin=3"/></net>

<net id="806"><net_src comp="488" pin="2"/><net_sink comp="781" pin=4"/></net>

<net id="807"><net_src comp="168" pin="0"/><net_sink comp="781" pin=5"/></net>

<net id="808"><net_src comp="482" pin="2"/><net_sink comp="781" pin=6"/></net>

<net id="809"><net_src comp="170" pin="0"/><net_sink comp="781" pin=7"/></net>

<net id="810"><net_src comp="476" pin="2"/><net_sink comp="781" pin=8"/></net>

<net id="811"><net_src comp="172" pin="0"/><net_sink comp="781" pin=9"/></net>

<net id="812"><net_src comp="470" pin="2"/><net_sink comp="781" pin=10"/></net>

<net id="813"><net_src comp="174" pin="0"/><net_sink comp="781" pin=11"/></net>

<net id="814"><net_src comp="464" pin="2"/><net_sink comp="781" pin=12"/></net>

<net id="815"><net_src comp="176" pin="0"/><net_sink comp="781" pin=13"/></net>

<net id="816"><net_src comp="458" pin="2"/><net_sink comp="781" pin=14"/></net>

<net id="817"><net_src comp="178" pin="0"/><net_sink comp="781" pin=15"/></net>

<net id="818"><net_src comp="452" pin="2"/><net_sink comp="781" pin=16"/></net>

<net id="819"><net_src comp="180" pin="0"/><net_sink comp="781" pin=17"/></net>

<net id="820"><net_src comp="683" pin="1"/><net_sink comp="781" pin=18"/></net>

<net id="842"><net_src comp="162" pin="0"/><net_sink comp="821" pin=0"/></net>

<net id="843"><net_src comp="164" pin="0"/><net_sink comp="821" pin=1"/></net>

<net id="844"><net_src comp="446" pin="2"/><net_sink comp="821" pin=2"/></net>

<net id="845"><net_src comp="166" pin="0"/><net_sink comp="821" pin=3"/></net>

<net id="846"><net_src comp="440" pin="2"/><net_sink comp="821" pin=4"/></net>

<net id="847"><net_src comp="168" pin="0"/><net_sink comp="821" pin=5"/></net>

<net id="848"><net_src comp="434" pin="2"/><net_sink comp="821" pin=6"/></net>

<net id="849"><net_src comp="170" pin="0"/><net_sink comp="821" pin=7"/></net>

<net id="850"><net_src comp="428" pin="2"/><net_sink comp="821" pin=8"/></net>

<net id="851"><net_src comp="172" pin="0"/><net_sink comp="821" pin=9"/></net>

<net id="852"><net_src comp="422" pin="2"/><net_sink comp="821" pin=10"/></net>

<net id="853"><net_src comp="174" pin="0"/><net_sink comp="821" pin=11"/></net>

<net id="854"><net_src comp="416" pin="2"/><net_sink comp="821" pin=12"/></net>

<net id="855"><net_src comp="176" pin="0"/><net_sink comp="821" pin=13"/></net>

<net id="856"><net_src comp="410" pin="2"/><net_sink comp="821" pin=14"/></net>

<net id="857"><net_src comp="178" pin="0"/><net_sink comp="821" pin=15"/></net>

<net id="858"><net_src comp="404" pin="2"/><net_sink comp="821" pin=16"/></net>

<net id="859"><net_src comp="180" pin="0"/><net_sink comp="821" pin=17"/></net>

<net id="860"><net_src comp="683" pin="1"/><net_sink comp="821" pin=18"/></net>

<net id="882"><net_src comp="162" pin="0"/><net_sink comp="861" pin=0"/></net>

<net id="883"><net_src comp="164" pin="0"/><net_sink comp="861" pin=1"/></net>

<net id="884"><net_src comp="398" pin="2"/><net_sink comp="861" pin=2"/></net>

<net id="885"><net_src comp="166" pin="0"/><net_sink comp="861" pin=3"/></net>

<net id="886"><net_src comp="392" pin="2"/><net_sink comp="861" pin=4"/></net>

<net id="887"><net_src comp="168" pin="0"/><net_sink comp="861" pin=5"/></net>

<net id="888"><net_src comp="386" pin="2"/><net_sink comp="861" pin=6"/></net>

<net id="889"><net_src comp="170" pin="0"/><net_sink comp="861" pin=7"/></net>

<net id="890"><net_src comp="380" pin="2"/><net_sink comp="861" pin=8"/></net>

<net id="891"><net_src comp="172" pin="0"/><net_sink comp="861" pin=9"/></net>

<net id="892"><net_src comp="374" pin="2"/><net_sink comp="861" pin=10"/></net>

<net id="893"><net_src comp="174" pin="0"/><net_sink comp="861" pin=11"/></net>

<net id="894"><net_src comp="368" pin="2"/><net_sink comp="861" pin=12"/></net>

<net id="895"><net_src comp="176" pin="0"/><net_sink comp="861" pin=13"/></net>

<net id="896"><net_src comp="362" pin="2"/><net_sink comp="861" pin=14"/></net>

<net id="897"><net_src comp="178" pin="0"/><net_sink comp="861" pin=15"/></net>

<net id="898"><net_src comp="356" pin="2"/><net_sink comp="861" pin=16"/></net>

<net id="899"><net_src comp="180" pin="0"/><net_sink comp="861" pin=17"/></net>

<net id="900"><net_src comp="683" pin="1"/><net_sink comp="861" pin=18"/></net>

<net id="922"><net_src comp="162" pin="0"/><net_sink comp="901" pin=0"/></net>

<net id="923"><net_src comp="164" pin="0"/><net_sink comp="901" pin=1"/></net>

<net id="924"><net_src comp="350" pin="2"/><net_sink comp="901" pin=2"/></net>

<net id="925"><net_src comp="166" pin="0"/><net_sink comp="901" pin=3"/></net>

<net id="926"><net_src comp="344" pin="2"/><net_sink comp="901" pin=4"/></net>

<net id="927"><net_src comp="168" pin="0"/><net_sink comp="901" pin=5"/></net>

<net id="928"><net_src comp="338" pin="2"/><net_sink comp="901" pin=6"/></net>

<net id="929"><net_src comp="170" pin="0"/><net_sink comp="901" pin=7"/></net>

<net id="930"><net_src comp="332" pin="2"/><net_sink comp="901" pin=8"/></net>

<net id="931"><net_src comp="172" pin="0"/><net_sink comp="901" pin=9"/></net>

<net id="932"><net_src comp="326" pin="2"/><net_sink comp="901" pin=10"/></net>

<net id="933"><net_src comp="174" pin="0"/><net_sink comp="901" pin=11"/></net>

<net id="934"><net_src comp="320" pin="2"/><net_sink comp="901" pin=12"/></net>

<net id="935"><net_src comp="176" pin="0"/><net_sink comp="901" pin=13"/></net>

<net id="936"><net_src comp="314" pin="2"/><net_sink comp="901" pin=14"/></net>

<net id="937"><net_src comp="178" pin="0"/><net_sink comp="901" pin=15"/></net>

<net id="938"><net_src comp="308" pin="2"/><net_sink comp="901" pin=16"/></net>

<net id="939"><net_src comp="180" pin="0"/><net_sink comp="901" pin=17"/></net>

<net id="940"><net_src comp="683" pin="1"/><net_sink comp="901" pin=18"/></net>

<net id="962"><net_src comp="162" pin="0"/><net_sink comp="941" pin=0"/></net>

<net id="963"><net_src comp="164" pin="0"/><net_sink comp="941" pin=1"/></net>

<net id="964"><net_src comp="302" pin="2"/><net_sink comp="941" pin=2"/></net>

<net id="965"><net_src comp="166" pin="0"/><net_sink comp="941" pin=3"/></net>

<net id="966"><net_src comp="296" pin="2"/><net_sink comp="941" pin=4"/></net>

<net id="967"><net_src comp="168" pin="0"/><net_sink comp="941" pin=5"/></net>

<net id="968"><net_src comp="290" pin="2"/><net_sink comp="941" pin=6"/></net>

<net id="969"><net_src comp="170" pin="0"/><net_sink comp="941" pin=7"/></net>

<net id="970"><net_src comp="284" pin="2"/><net_sink comp="941" pin=8"/></net>

<net id="971"><net_src comp="172" pin="0"/><net_sink comp="941" pin=9"/></net>

<net id="972"><net_src comp="278" pin="2"/><net_sink comp="941" pin=10"/></net>

<net id="973"><net_src comp="174" pin="0"/><net_sink comp="941" pin=11"/></net>

<net id="974"><net_src comp="272" pin="2"/><net_sink comp="941" pin=12"/></net>

<net id="975"><net_src comp="176" pin="0"/><net_sink comp="941" pin=13"/></net>

<net id="976"><net_src comp="266" pin="2"/><net_sink comp="941" pin=14"/></net>

<net id="977"><net_src comp="178" pin="0"/><net_sink comp="941" pin=15"/></net>

<net id="978"><net_src comp="260" pin="2"/><net_sink comp="941" pin=16"/></net>

<net id="979"><net_src comp="180" pin="0"/><net_sink comp="941" pin=17"/></net>

<net id="980"><net_src comp="683" pin="1"/><net_sink comp="941" pin=18"/></net>

<net id="1002"><net_src comp="162" pin="0"/><net_sink comp="981" pin=0"/></net>

<net id="1003"><net_src comp="164" pin="0"/><net_sink comp="981" pin=1"/></net>

<net id="1004"><net_src comp="254" pin="2"/><net_sink comp="981" pin=2"/></net>

<net id="1005"><net_src comp="166" pin="0"/><net_sink comp="981" pin=3"/></net>

<net id="1006"><net_src comp="248" pin="2"/><net_sink comp="981" pin=4"/></net>

<net id="1007"><net_src comp="168" pin="0"/><net_sink comp="981" pin=5"/></net>

<net id="1008"><net_src comp="242" pin="2"/><net_sink comp="981" pin=6"/></net>

<net id="1009"><net_src comp="170" pin="0"/><net_sink comp="981" pin=7"/></net>

<net id="1010"><net_src comp="236" pin="2"/><net_sink comp="981" pin=8"/></net>

<net id="1011"><net_src comp="172" pin="0"/><net_sink comp="981" pin=9"/></net>

<net id="1012"><net_src comp="230" pin="2"/><net_sink comp="981" pin=10"/></net>

<net id="1013"><net_src comp="174" pin="0"/><net_sink comp="981" pin=11"/></net>

<net id="1014"><net_src comp="224" pin="2"/><net_sink comp="981" pin=12"/></net>

<net id="1015"><net_src comp="176" pin="0"/><net_sink comp="981" pin=13"/></net>

<net id="1016"><net_src comp="218" pin="2"/><net_sink comp="981" pin=14"/></net>

<net id="1017"><net_src comp="178" pin="0"/><net_sink comp="981" pin=15"/></net>

<net id="1018"><net_src comp="212" pin="2"/><net_sink comp="981" pin=16"/></net>

<net id="1019"><net_src comp="180" pin="0"/><net_sink comp="981" pin=17"/></net>

<net id="1020"><net_src comp="683" pin="1"/><net_sink comp="981" pin=18"/></net>

<net id="1024"><net_src comp="667" pin="3"/><net_sink comp="1021" pin=0"/></net>

<net id="1028"><net_src comp="667" pin="3"/><net_sink comp="1025" pin=0"/></net>

<net id="1050"><net_src comp="162" pin="0"/><net_sink comp="1029" pin=0"/></net>

<net id="1051"><net_src comp="164" pin="0"/><net_sink comp="1029" pin=1"/></net>

<net id="1052"><net_src comp="701" pin="19"/><net_sink comp="1029" pin=2"/></net>

<net id="1053"><net_src comp="166" pin="0"/><net_sink comp="1029" pin=3"/></net>

<net id="1054"><net_src comp="741" pin="19"/><net_sink comp="1029" pin=4"/></net>

<net id="1055"><net_src comp="168" pin="0"/><net_sink comp="1029" pin=5"/></net>

<net id="1056"><net_src comp="781" pin="19"/><net_sink comp="1029" pin=6"/></net>

<net id="1057"><net_src comp="170" pin="0"/><net_sink comp="1029" pin=7"/></net>

<net id="1058"><net_src comp="821" pin="19"/><net_sink comp="1029" pin=8"/></net>

<net id="1059"><net_src comp="172" pin="0"/><net_sink comp="1029" pin=9"/></net>

<net id="1060"><net_src comp="861" pin="19"/><net_sink comp="1029" pin=10"/></net>

<net id="1061"><net_src comp="174" pin="0"/><net_sink comp="1029" pin=11"/></net>

<net id="1062"><net_src comp="901" pin="19"/><net_sink comp="1029" pin=12"/></net>

<net id="1063"><net_src comp="176" pin="0"/><net_sink comp="1029" pin=13"/></net>

<net id="1064"><net_src comp="941" pin="19"/><net_sink comp="1029" pin=14"/></net>

<net id="1065"><net_src comp="178" pin="0"/><net_sink comp="1029" pin=15"/></net>

<net id="1066"><net_src comp="981" pin="19"/><net_sink comp="1029" pin=16"/></net>

<net id="1067"><net_src comp="180" pin="0"/><net_sink comp="1029" pin=17"/></net>

<net id="1068"><net_src comp="1025" pin="1"/><net_sink comp="1029" pin=18"/></net>

<net id="1069"><net_src comp="1029" pin="19"/><net_sink comp="609" pin=1"/></net>

<net id="1074"><net_src comp="206" pin="2"/><net_sink comp="1070" pin=0"/></net>

<net id="1075"><net_src comp="1021" pin="1"/><net_sink comp="1070" pin=1"/></net>

<net id="1081"><net_src comp="188" pin="0"/><net_sink comp="1076" pin=0"/></net>

<net id="1082"><net_src comp="1070" pin="2"/><net_sink comp="1076" pin=1"/></net>

<net id="1083"><net_src comp="190" pin="0"/><net_sink comp="1076" pin=2"/></net>

<net id="1088"><net_src comp="1076" pin="3"/><net_sink comp="1084" pin=0"/></net>

<net id="1089"><net_src comp="697" pin="1"/><net_sink comp="1084" pin=1"/></net>

<net id="1093"><net_src comp="1084" pin="2"/><net_sink comp="1090" pin=0"/></net>

<net id="1094"><net_src comp="1090" pin="1"/><net_sink comp="602" pin=2"/></net>

<net id="1099"><net_src comp="667" pin="3"/><net_sink comp="1095" pin=0"/></net>

<net id="1100"><net_src comp="150" pin="0"/><net_sink comp="1095" pin=1"/></net>

<net id="1105"><net_src comp="643" pin="2"/><net_sink comp="1101" pin=0"/></net>

<net id="1110"><net_src comp="675" pin="3"/><net_sink comp="1106" pin=0"/></net>

<net id="1115"><net_src comp="1095" pin="2"/><net_sink comp="1111" pin=0"/></net>

<net id="1119"><net_src comp="194" pin="1"/><net_sink comp="1116" pin=0"/></net>

<net id="1120"><net_src comp="1116" pin="1"/><net_sink comp="629" pin=1"/></net>

<net id="1121"><net_src comp="1116" pin="1"/><net_sink comp="649" pin=0"/></net>

<net id="1122"><net_src comp="1116" pin="1"/><net_sink comp="1111" pin=1"/></net>

<net id="1126"><net_src comp="198" pin="1"/><net_sink comp="1123" pin=0"/></net>

<net id="1127"><net_src comp="1123" pin="1"/><net_sink comp="624" pin=1"/></net>

<net id="1128"><net_src comp="1123" pin="1"/><net_sink comp="652" pin=0"/></net>

<net id="1129"><net_src comp="1123" pin="1"/><net_sink comp="1106" pin=1"/></net>

<net id="1133"><net_src comp="202" pin="1"/><net_sink comp="1130" pin=0"/></net>

<net id="1134"><net_src comp="1130" pin="1"/><net_sink comp="619" pin=1"/></net>

<net id="1135"><net_src comp="1130" pin="1"/><net_sink comp="634" pin=0"/></net>

<net id="1136"><net_src comp="1130" pin="1"/><net_sink comp="1101" pin=1"/></net>

</net_list>

</model> 
---------------- Datapath Model END ------------------

* FSMD analyzer results:
  - Output states:
	Port: v8547 | {1 }
 - Input state : 
	Port: dataflow_in_loop_l_ni5_Loop_l_store_C_tile_sj5_proc55_Pipeline_l_store_C_tile_sj : p_cast | {1 }
	Port: dataflow_in_loop_l_ni5_Loop_l_store_C_tile_sj5_proc55_Pipeline_l_store_C_tile_sj : local_C5_63_i_load | {1 }
	Port: dataflow_in_loop_l_ni5_Loop_l_store_C_tile_sj5_proc55_Pipeline_l_store_C_tile_sj : local_C5_62_i_load | {1 }
	Port: dataflow_in_loop_l_ni5_Loop_l_store_C_tile_sj5_proc55_Pipeline_l_store_C_tile_sj : local_C5_61_i_load | {1 }
	Port: dataflow_in_loop_l_ni5_Loop_l_store_C_tile_sj5_proc55_Pipeline_l_store_C_tile_sj : local_C5_60_i_load | {1 }
	Port: dataflow_in_loop_l_ni5_Loop_l_store_C_tile_sj5_proc55_Pipeline_l_store_C_tile_sj : local_C5_59_i_load | {1 }
	Port: dataflow_in_loop_l_ni5_Loop_l_store_C_tile_sj5_proc55_Pipeline_l_store_C_tile_sj : local_C5_58_i_load | {1 }
	Port: dataflow_in_loop_l_ni5_Loop_l_store_C_tile_sj5_proc55_Pipeline_l_store_C_tile_sj : local_C5_57_i_load | {1 }
	Port: dataflow_in_loop_l_ni5_Loop_l_store_C_tile_sj5_proc55_Pipeline_l_store_C_tile_sj : local_C5_56_i_load | {1 }
	Port: dataflow_in_loop_l_ni5_Loop_l_store_C_tile_sj5_proc55_Pipeline_l_store_C_tile_sj : local_C5_55_i_load | {1 }
	Port: dataflow_in_loop_l_ni5_Loop_l_store_C_tile_sj5_proc55_Pipeline_l_store_C_tile_sj : local_C5_54_i_load | {1 }
	Port: dataflow_in_loop_l_ni5_Loop_l_store_C_tile_sj5_proc55_Pipeline_l_store_C_tile_sj : local_C5_53_i_load | {1 }
	Port: dataflow_in_loop_l_ni5_Loop_l_store_C_tile_sj5_proc55_Pipeline_l_store_C_tile_sj : local_C5_52_i_load | {1 }
	Port: dataflow_in_loop_l_ni5_Loop_l_store_C_tile_sj5_proc55_Pipeline_l_store_C_tile_sj : local_C5_51_i_load | {1 }
	Port: dataflow_in_loop_l_ni5_Loop_l_store_C_tile_sj5_proc55_Pipeline_l_store_C_tile_sj : local_C5_50_i_load | {1 }
	Port: dataflow_in_loop_l_ni5_Loop_l_store_C_tile_sj5_proc55_Pipeline_l_store_C_tile_sj : local_C5_49_i_load | {1 }
	Port: dataflow_in_loop_l_ni5_Loop_l_store_C_tile_sj5_proc55_Pipeline_l_store_C_tile_sj : local_C5_48_i_load | {1 }
	Port: dataflow_in_loop_l_ni5_Loop_l_store_C_tile_sj5_proc55_Pipeline_l_store_C_tile_sj : local_C5_47_i_load | {1 }
	Port: dataflow_in_loop_l_ni5_Loop_l_store_C_tile_sj5_proc55_Pipeline_l_store_C_tile_sj : local_C5_46_i_load | {1 }
	Port: dataflow_in_loop_l_ni5_Loop_l_store_C_tile_sj5_proc55_Pipeline_l_store_C_tile_sj : local_C5_45_i_load | {1 }
	Port: dataflow_in_loop_l_ni5_Loop_l_store_C_tile_sj5_proc55_Pipeline_l_store_C_tile_sj : local_C5_44_i_load | {1 }
	Port: dataflow_in_loop_l_ni5_Loop_l_store_C_tile_sj5_proc55_Pipeline_l_store_C_tile_sj : local_C5_43_i_load | {1 }
	Port: dataflow_in_loop_l_ni5_Loop_l_store_C_tile_sj5_proc55_Pipeline_l_store_C_tile_sj : local_C5_42_i_load | {1 }
	Port: dataflow_in_loop_l_ni5_Loop_l_store_C_tile_sj5_proc55_Pipeline_l_store_C_tile_sj : local_C5_41_i_load | {1 }
	Port: dataflow_in_loop_l_ni5_Loop_l_store_C_tile_sj5_proc55_Pipeline_l_store_C_tile_sj : local_C5_40_i_load | {1 }
	Port: dataflow_in_loop_l_ni5_Loop_l_store_C_tile_sj5_proc55_Pipeline_l_store_C_tile_sj : local_C5_39_i_load | {1 }
	Port: dataflow_in_loop_l_ni5_Loop_l_store_C_tile_sj5_proc55_Pipeline_l_store_C_tile_sj : local_C5_38_i_load | {1 }
	Port: dataflow_in_loop_l_ni5_Loop_l_store_C_tile_sj5_proc55_Pipeline_l_store_C_tile_sj : local_C5_37_i_load | {1 }
	Port: dataflow_in_loop_l_ni5_Loop_l_store_C_tile_sj5_proc55_Pipeline_l_store_C_tile_sj : local_C5_36_i_load | {1 }
	Port: dataflow_in_loop_l_ni5_Loop_l_store_C_tile_sj5_proc55_Pipeline_l_store_C_tile_sj : local_C5_35_i_load | {1 }
	Port: dataflow_in_loop_l_ni5_Loop_l_store_C_tile_sj5_proc55_Pipeline_l_store_C_tile_sj : local_C5_34_i_load | {1 }
	Port: dataflow_in_loop_l_ni5_Loop_l_store_C_tile_sj5_proc55_Pipeline_l_store_C_tile_sj : local_C5_33_i_load | {1 }
	Port: dataflow_in_loop_l_ni5_Loop_l_store_C_tile_sj5_proc55_Pipeline_l_store_C_tile_sj : local_C5_32_i_load | {1 }
	Port: dataflow_in_loop_l_ni5_Loop_l_store_C_tile_sj5_proc55_Pipeline_l_store_C_tile_sj : local_C5_31_i_load | {1 }
	Port: dataflow_in_loop_l_ni5_Loop_l_store_C_tile_sj5_proc55_Pipeline_l_store_C_tile_sj : local_C5_30_i_load | {1 }
	Port: dataflow_in_loop_l_ni5_Loop_l_store_C_tile_sj5_proc55_Pipeline_l_store_C_tile_sj : local_C5_29_i_load | {1 }
	Port: dataflow_in_loop_l_ni5_Loop_l_store_C_tile_sj5_proc55_Pipeline_l_store_C_tile_sj : local_C5_28_i_load | {1 }
	Port: dataflow_in_loop_l_ni5_Loop_l_store_C_tile_sj5_proc55_Pipeline_l_store_C_tile_sj : local_C5_27_i_load | {1 }
	Port: dataflow_in_loop_l_ni5_Loop_l_store_C_tile_sj5_proc55_Pipeline_l_store_C_tile_sj : local_C5_26_i_load | {1 }
	Port: dataflow_in_loop_l_ni5_Loop_l_store_C_tile_sj5_proc55_Pipeline_l_store_C_tile_sj : local_C5_25_i_load | {1 }
	Port: dataflow_in_loop_l_ni5_Loop_l_store_C_tile_sj5_proc55_Pipeline_l_store_C_tile_sj : local_C5_24_i_load | {1 }
	Port: dataflow_in_loop_l_ni5_Loop_l_store_C_tile_sj5_proc55_Pipeline_l_store_C_tile_sj : local_C5_23_i_load | {1 }
	Port: dataflow_in_loop_l_ni5_Loop_l_store_C_tile_sj5_proc55_Pipeline_l_store_C_tile_sj : local_C5_22_i_load | {1 }
	Port: dataflow_in_loop_l_ni5_Loop_l_store_C_tile_sj5_proc55_Pipeline_l_store_C_tile_sj : local_C5_21_i_load | {1 }
	Port: dataflow_in_loop_l_ni5_Loop_l_store_C_tile_sj5_proc55_Pipeline_l_store_C_tile_sj : local_C5_20_i_load | {1 }
	Port: dataflow_in_loop_l_ni5_Loop_l_store_C_tile_sj5_proc55_Pipeline_l_store_C_tile_sj : local_C5_19_i_load | {1 }
	Port: dataflow_in_loop_l_ni5_Loop_l_store_C_tile_sj5_proc55_Pipeline_l_store_C_tile_sj : local_C5_18_i_load | {1 }
	Port: dataflow_in_loop_l_ni5_Loop_l_store_C_tile_sj5_proc55_Pipeline_l_store_C_tile_sj : local_C5_17_i_load | {1 }
	Port: dataflow_in_loop_l_ni5_Loop_l_store_C_tile_sj5_proc55_Pipeline_l_store_C_tile_sj : local_C5_16_i_load | {1 }
	Port: dataflow_in_loop_l_ni5_Loop_l_store_C_tile_sj5_proc55_Pipeline_l_store_C_tile_sj : local_C5_15_i_load | {1 }
	Port: dataflow_in_loop_l_ni5_Loop_l_store_C_tile_sj5_proc55_Pipeline_l_store_C_tile_sj : local_C5_14_i_load | {1 }
	Port: dataflow_in_loop_l_ni5_Loop_l_store_C_tile_sj5_proc55_Pipeline_l_store_C_tile_sj : local_C5_13_i_load | {1 }
	Port: dataflow_in_loop_l_ni5_Loop_l_store_C_tile_sj5_proc55_Pipeline_l_store_C_tile_sj : local_C5_12_i_load | {1 }
	Port: dataflow_in_loop_l_ni5_Loop_l_store_C_tile_sj5_proc55_Pipeline_l_store_C_tile_sj : local_C5_11_i_load | {1 }
	Port: dataflow_in_loop_l_ni5_Loop_l_store_C_tile_sj5_proc55_Pipeline_l_store_C_tile_sj : local_C5_10_i_load | {1 }
	Port: dataflow_in_loop_l_ni5_Loop_l_store_C_tile_sj5_proc55_Pipeline_l_store_C_tile_sj : local_C5_9_i_load | {1 }
	Port: dataflow_in_loop_l_ni5_Loop_l_store_C_tile_sj5_proc55_Pipeline_l_store_C_tile_sj : local_C5_8_i_load | {1 }
	Port: dataflow_in_loop_l_ni5_Loop_l_store_C_tile_sj5_proc55_Pipeline_l_store_C_tile_sj : local_C5_7_i_load | {1 }
	Port: dataflow_in_loop_l_ni5_Loop_l_store_C_tile_sj5_proc55_Pipeline_l_store_C_tile_sj : local_C5_6_i_load | {1 }
	Port: dataflow_in_loop_l_ni5_Loop_l_store_C_tile_sj5_proc55_Pipeline_l_store_C_tile_sj : local_C5_5_i_load | {1 }
	Port: dataflow_in_loop_l_ni5_Loop_l_store_C_tile_sj5_proc55_Pipeline_l_store_C_tile_sj : local_C5_4_i_load | {1 }
	Port: dataflow_in_loop_l_ni5_Loop_l_store_C_tile_sj5_proc55_Pipeline_l_store_C_tile_sj : local_C5_3_i_load | {1 }
	Port: dataflow_in_loop_l_ni5_Loop_l_store_C_tile_sj5_proc55_Pipeline_l_store_C_tile_sj : local_C5_2_i_load | {1 }
	Port: dataflow_in_loop_l_ni5_Loop_l_store_C_tile_sj5_proc55_Pipeline_l_store_C_tile_sj : local_C5_1_i_load | {1 }
	Port: dataflow_in_loop_l_ni5_Loop_l_store_C_tile_sj5_proc55_Pipeline_l_store_C_tile_sj : local_C5_i_load | {1 }
	Port: dataflow_in_loop_l_ni5_Loop_l_store_C_tile_sj5_proc55_Pipeline_l_store_C_tile_sj : tmp | {1 }
  - Chain level:
	State 1
		store_ln0 : 1
		store_ln15556 : 1
		store_ln15557 : 1
		indvar_flatten_load : 1
		icmp_ln15556 : 2
		add_ln15556_1 : 2
		br_ln15556 : 3
		si5_load : 1
		sj5_load : 1
		add_ln15556 : 2
		icmp_ln15557 : 2
		select_ln15556 : 3
		select_ln15556_1 : 3
		trunc_ln15556 : 4
		zext_ln15556 : 4
		empty : 5
		zext_ln15559 : 6
		tmp_i_i : 5
		tmp_i_i_748 : 5
		tmp_13_i_i : 5
		tmp_14_i_i : 5
		tmp_15_i_i : 5
		tmp_16_i_i : 5
		tmp_17_i_i : 5
		tmp_18_i_i : 5
		zext_ln15557 : 4
		trunc_ln15557 : 4
		v8563 : 6
		add_ln15560 : 5
		tmp_s : 6
		add_ln15560_1 : 7
		zext_ln15560 : 8
		v8547_addr : 9
		store_ln15560 : 10
		add_ln15557 : 4
		store_ln15556 : 3
		store_ln15556 : 4
		store_ln15557 : 5


============================================================
+ Verbose Summary: Datapath Resource usage 
============================================================

* Functional unit list:
|----------|-------------------------------------|---------|---------|
| Operation|           Functional Unit           |    FF   |   LUT   |
|----------|-------------------------------------|---------|---------|
|          |            tmp_i_i_fu_701           |    0    |    43   |
|          |          tmp_i_i_748_fu_741         |    0    |    43   |
|          |          tmp_13_i_i_fu_781          |    0    |    43   |
|          |          tmp_14_i_i_fu_821          |    0    |    43   |
| sparsemux|          tmp_15_i_i_fu_861          |    0    |    43   |
|          |          tmp_16_i_i_fu_901          |    0    |    43   |
|          |          tmp_17_i_i_fu_941          |    0    |    43   |
|          |          tmp_18_i_i_fu_981          |    0    |    43   |
|          |            v8563_fu_1029            |    0    |    43   |
|----------|-------------------------------------|---------|---------|
|          |         add_ln15556_1_fu_643        |    0    |    14   |
|          |          add_ln15556_fu_655         |    0    |    12   |
|    add   |             empty_fu_691            |    0    |    13   |
|          |         add_ln15560_fu_1070         |    0    |    17   |
|          |        add_ln15560_1_fu_1084        |    0    |    23   |
|          |         add_ln15557_fu_1095         |    0    |    12   |
|----------|-------------------------------------|---------|---------|
|   icmp   |         icmp_ln15556_fu_637         |    0    |    14   |
|          |         icmp_ln15557_fu_661         |    0    |    12   |
|----------|-------------------------------------|---------|---------|
|  select  |        select_ln15556_fu_667        |    0    |    4    |
|          |       select_ln15556_1_fu_675       |    0    |    4    |
|----------|-------------------------------------|---------|---------|
|          |         tmp_read_read_fu_206        |    0    |    0    |
|          |   local_C5_i_load_read_read_fu_212  |    0    |    0    |
|          |  local_C5_1_i_load_read_read_fu_218 |    0    |    0    |
|          |  local_C5_2_i_load_read_read_fu_224 |    0    |    0    |
|          |  local_C5_3_i_load_read_read_fu_230 |    0    |    0    |
|          |  local_C5_4_i_load_read_read_fu_236 |    0    |    0    |
|          |  local_C5_5_i_load_read_read_fu_242 |    0    |    0    |
|          |  local_C5_6_i_load_read_read_fu_248 |    0    |    0    |
|          |  local_C5_7_i_load_read_read_fu_254 |    0    |    0    |
|          |  local_C5_8_i_load_read_read_fu_260 |    0    |    0    |
|          |  local_C5_9_i_load_read_read_fu_266 |    0    |    0    |
|          | local_C5_10_i_load_read_read_fu_272 |    0    |    0    |
|          | local_C5_11_i_load_read_read_fu_278 |    0    |    0    |
|          | local_C5_12_i_load_read_read_fu_284 |    0    |    0    |
|          | local_C5_13_i_load_read_read_fu_290 |    0    |    0    |
|          | local_C5_14_i_load_read_read_fu_296 |    0    |    0    |
|          | local_C5_15_i_load_read_read_fu_302 |    0    |    0    |
|          | local_C5_16_i_load_read_read_fu_308 |    0    |    0    |
|          | local_C5_17_i_load_read_read_fu_314 |    0    |    0    |
|          | local_C5_18_i_load_read_read_fu_320 |    0    |    0    |
|          | local_C5_19_i_load_read_read_fu_326 |    0    |    0    |
|          | local_C5_20_i_load_read_read_fu_332 |    0    |    0    |
|          | local_C5_21_i_load_read_read_fu_338 |    0    |    0    |
|          | local_C5_22_i_load_read_read_fu_344 |    0    |    0    |
|          | local_C5_23_i_load_read_read_fu_350 |    0    |    0    |
|          | local_C5_24_i_load_read_read_fu_356 |    0    |    0    |
|          | local_C5_25_i_load_read_read_fu_362 |    0    |    0    |
|          | local_C5_26_i_load_read_read_fu_368 |    0    |    0    |
|          | local_C5_27_i_load_read_read_fu_374 |    0    |    0    |
|          | local_C5_28_i_load_read_read_fu_380 |    0    |    0    |
|          | local_C5_29_i_load_read_read_fu_386 |    0    |    0    |
|          | local_C5_30_i_load_read_read_fu_392 |    0    |    0    |
|   read   | local_C5_31_i_load_read_read_fu_398 |    0    |    0    |
|          | local_C5_32_i_load_read_read_fu_404 |    0    |    0    |
|          | local_C5_33_i_load_read_read_fu_410 |    0    |    0    |
|          | local_C5_34_i_load_read_read_fu_416 |    0    |    0    |
|          | local_C5_35_i_load_read_read_fu_422 |    0    |    0    |
|          | local_C5_36_i_load_read_read_fu_428 |    0    |    0    |
|          | local_C5_37_i_load_read_read_fu_434 |    0    |    0    |
|          | local_C5_38_i_load_read_read_fu_440 |    0    |    0    |
|          | local_C5_39_i_load_read_read_fu_446 |    0    |    0    |
|          | local_C5_40_i_load_read_read_fu_452 |    0    |    0    |
|          | local_C5_41_i_load_read_read_fu_458 |    0    |    0    |
|          | local_C5_42_i_load_read_read_fu_464 |    0    |    0    |
|          | local_C5_43_i_load_read_read_fu_470 |    0    |    0    |
|          | local_C5_44_i_load_read_read_fu_476 |    0    |    0    |
|          | local_C5_45_i_load_read_read_fu_482 |    0    |    0    |
|          | local_C5_46_i_load_read_read_fu_488 |    0    |    0    |
|          | local_C5_47_i_load_read_read_fu_494 |    0    |    0    |
|          | local_C5_48_i_load_read_read_fu_500 |    0    |    0    |
|          | local_C5_49_i_load_read_read_fu_506 |    0    |    0    |
|          | local_C5_50_i_load_read_read_fu_512 |    0    |    0    |
|          | local_C5_51_i_load_read_read_fu_518 |    0    |    0    |
|          | local_C5_52_i_load_read_read_fu_524 |    0    |    0    |
|          | local_C5_53_i_load_read_read_fu_530 |    0    |    0    |
|          | local_C5_54_i_load_read_read_fu_536 |    0    |    0    |
|          | local_C5_55_i_load_read_read_fu_542 |    0    |    0    |
|          | local_C5_56_i_load_read_read_fu_548 |    0    |    0    |
|          | local_C5_57_i_load_read_read_fu_554 |    0    |    0    |
|          | local_C5_58_i_load_read_read_fu_560 |    0    |    0    |
|          | local_C5_59_i_load_read_read_fu_566 |    0    |    0    |
|          | local_C5_60_i_load_read_read_fu_572 |    0    |    0    |
|          | local_C5_61_i_load_read_read_fu_578 |    0    |    0    |
|          | local_C5_62_i_load_read_read_fu_584 |    0    |    0    |
|          | local_C5_63_i_load_read_read_fu_590 |    0    |    0    |
|          |       p_cast_read_read_fu_596       |    0    |    0    |
|----------|-------------------------------------|---------|---------|
|          |          p_cast_cast_fu_615         |    0    |    0    |
|          |         zext_ln15556_fu_687         |    0    |    0    |
|   zext   |         zext_ln15559_fu_697         |    0    |    0    |
|          |         zext_ln15557_fu_1021        |    0    |    0    |
|          |         zext_ln15560_fu_1090        |    0    |    0    |
|----------|-------------------------------------|---------|---------|
|   trunc  |         trunc_ln15556_fu_683        |    0    |    0    |
|          |        trunc_ln15557_fu_1025        |    0    |    0    |
|----------|-------------------------------------|---------|---------|
|bitconcatenate|            tmp_s_fu_1076            |    0    |    0    |
|----------|-------------------------------------|---------|---------|
|   Total  |                                     |    0    |   512   |
|----------|-------------------------------------|---------|---------|

Memories:
N/A

* Register list:
+-----------------------+--------+
|                       |   FF   |
+-----------------------+--------+
|indvar_flatten_reg_1130|    7   |
|      si5_reg_1116     |    4   |
|      sj5_reg_1123     |    4   |
+-----------------------+--------+
|         Total         |   15   |
+-----------------------+--------+

* Multiplexer (MUX) list: 
|--------|------|------|------|--------|
|  Comp  |  Pin | Size |  BW  | S x BW |
|--------|------|------|------|--------|
|  Total |      |      |      |    0   |
|--------|------|------|------|--------|



* Summary:
+-----------+--------+--------+
|           |   FF   |   LUT  |
+-----------+--------+--------+
|  Function |    0   |   512  |
|   Memory  |    -   |    -   |
|Multiplexer|    -   |    -   |
|  Register |   15   |    -   |
+-----------+--------+--------+
|   Total   |   15   |   512  |
+-----------+--------+--------+
