

================================================================
== Vitis HLS Report for 'systolic_tile_QKT_Loop_l_data_load_k272_proc35122'
================================================================
* Date:           Mon Feb 17 20:38:08 2025

* Version:        2023.2 (Build 4023990 on Oct 11 2023)
* Project:        DitBlock
* Solution:       hls (Vivado IP Flow Target)
* Product family: virtexuplusHBM
* Target device:  xcu280-fsvh2892-2L-e


================================================================
== Performance Estimates
================================================================
+ Timing: 
    * Summary: 
    +--------+----------+----------+------------+
    |  Clock |  Target  | Estimated| Uncertainty|
    +--------+----------+----------+------------+
    |ap_clk  |  10.00 ns|  2.131 ns|     2.70 ns|
    +--------+----------+----------+------------+

+ Latency: 
    * Summary: 
    +---------+---------+----------+----------+-----+-----+---------+
    |  Latency (cycles) |  Latency (absolute) |  Interval | Pipeline|
    |   min   |   max   |    min   |    max   | min | max |   Type  |
    +---------+---------+----------+----------+-----+-----+---------+
    |       66|       66|  0.660 us|  0.660 us|   66|   66|       no|
    +---------+---------+----------+----------+-----+-----+---------+

    + Detail: 
        * Instance: 
        N/A

        * Loop: 
        +--------------------+---------+---------+----------+-----------+-----------+------+----------+
        |                    |  Latency (cycles) | Iteration|  Initiation Interval  | Trip |          |
        |      Loop Name     |   min   |   max   |  Latency |  achieved |   target  | Count| Pipelined|
        +--------------------+---------+---------+----------+-----------+-----------+------+----------+
        |- l_data_load_k272  |       64|       64|         2|          1|          1|    64|       yes|
        +--------------------+---------+---------+----------+-----------+-----------+------+----------+



================================================================
== Utilization Estimates
================================================================
* Summary: 
+---------------------+---------+------+---------+---------+-----+
|         Name        | BRAM_18K|  DSP |    FF   |   LUT   | URAM|
+---------------------+---------+------+---------+---------+-----+
|DSP                  |        -|     -|        -|        -|    -|
|Expression           |        -|     -|        0|       37|    -|
|FIFO                 |        -|     -|        -|        -|    -|
|Instance             |        -|     -|        -|        -|    -|
|Memory               |        -|     -|        -|        -|    -|
|Multiplexer          |        -|     -|        -|      189|    -|
|Register             |        -|     -|       11|        -|    -|
+---------------------+---------+------+---------+---------+-----+
|Total                |        0|     0|       11|      226|    0|
+---------------------+---------+------+---------+---------+-----+
|Available SLR        |     1344|  3008|   869120|   434560|  320|
+---------------------+---------+------+---------+---------+-----+
|Utilization SLR (%)  |        0|     0|       ~0|       ~0|    0|
+---------------------+---------+------+---------+---------+-----+
|Available            |     4032|  9024|  2607360|  1303680|  960|
+---------------------+---------+------+---------+---------+-----+
|Utilization (%)      |        0|     0|       ~0|       ~0|    0|
+---------------------+---------+------+---------+---------+-----+

+ Detail: 
    * Instance: 
    N/A

    * DSP: 
    N/A

    * Memory: 
    N/A

    * FIFO: 
    N/A

    * Expression: 
    +----------------------------------+----------+----+---+----+------------+------------+
    |           Variable Name          | Operation| DSP| FF| LUT| Bitwidth P0| Bitwidth P1|
    +----------------------------------+----------+----+---+----+------------+------------+
    |add_ln12116_fu_434_p2             |         +|   0|  0|  14|           7|           1|
    |ap_condition_363                  |       and|   0|  0|   2|           1|           1|
    |icmp_ln12116_fu_428_p2            |      icmp|   0|  0|  15|           7|           8|
    |ap_block_pp0_stage0_01001         |        or|   0|  0|   2|           1|           1|
    |ap_block_state2_pp0_stage0_iter1  |        or|   0|  0|   2|           1|           1|
    |ap_enable_pp0                     |       xor|   0|  0|   2|           1|           2|
    +----------------------------------+----------+----+---+----+------------+------------+
    |Total                             |          |   0|  0|  37|          18|          14|
    +----------------------------------+----------+----+---+----+------------+------------+

    * Multiplexer: 
    +-------------------------+----+-----------+-----+-----------+
    |           Name          | LUT| Input Size| Bits| Total Bits|
    +-------------------------+----+-----------+-----+-----------+
    |A_fifo4_18_blk_n         |   9|          2|    1|          2|
    |A_fifo4_27_blk_n         |   9|          2|    1|          2|
    |A_fifo4_36_blk_n         |   9|          2|    1|          2|
    |A_fifo4_45_blk_n         |   9|          2|    1|          2|
    |A_fifo4_54_blk_n         |   9|          2|    1|          2|
    |A_fifo4_63_blk_n         |   9|          2|    1|          2|
    |A_fifo4_9_blk_n          |   9|          2|    1|          2|
    |A_fifo4_blk_n            |   9|          2|    1|          2|
    |B_fifo4_18_blk_n         |   9|          2|    1|          2|
    |B_fifo4_27_blk_n         |   9|          2|    1|          2|
    |B_fifo4_36_blk_n         |   9|          2|    1|          2|
    |B_fifo4_45_blk_n         |   9|          2|    1|          2|
    |B_fifo4_54_blk_n         |   9|          2|    1|          2|
    |B_fifo4_63_blk_n         |   9|          2|    1|          2|
    |B_fifo4_9_blk_n          |   9|          2|    1|          2|
    |B_fifo4_blk_n            |   9|          2|    1|          2|
    |ap_done_int              |   9|          2|    1|          2|
    |ap_enable_reg_pp0_iter1  |   9|          2|    1|          2|
    |ap_sig_allocacmp_k272_1  |   9|          2|    7|         14|
    |k272_fu_96               |   9|          2|    7|         14|
    |real_start               |   9|          2|    1|          2|
    +-------------------------+----+-----------+-----+-----------+
    |Total                    | 189|         42|   33|         66|
    +-------------------------+----+-----------+-----+-----------+

    * Register: 
    +-------------------------+---+----+-----+-----------+
    |           Name          | FF| LUT| Bits| Const Bits|
    +-------------------------+---+----+-----+-----------+
    |ap_CS_fsm                |  1|   0|    1|          0|
    |ap_done_reg              |  1|   0|    1|          0|
    |ap_enable_reg_pp0_iter1  |  1|   0|    1|          0|
    |k272_fu_96               |  7|   0|    7|          0|
    |start_once_reg           |  1|   0|    1|          0|
    +-------------------------+---+----+-----+-----------+
    |Total                    | 11|   0|   11|          0|
    +-------------------------+---+----+-----+-----------+



================================================================
== Interface
================================================================
* Summary: 
+---------------------------+-----+-----+------------+---------------------------------------------------+--------------+
|         RTL Ports         | Dir | Bits|  Protocol  |                   Source Object                   |    C Type    |
+---------------------------+-----+-----+------------+---------------------------------------------------+--------------+
|ap_clk                     |   in|    1|  ap_ctrl_hs|  systolic_tile_QKT_Loop_l_data_load_k272_proc35122|  return value|
|ap_rst                     |   in|    1|  ap_ctrl_hs|  systolic_tile_QKT_Loop_l_data_load_k272_proc35122|  return value|
|ap_start                   |   in|    1|  ap_ctrl_hs|  systolic_tile_QKT_Loop_l_data_load_k272_proc35122|  return value|
|start_full_n               |   in|    1|  ap_ctrl_hs|  systolic_tile_QKT_Loop_l_data_load_k272_proc35122|  return value|
|ap_done                    |  out|    1|  ap_ctrl_hs|  systolic_tile_QKT_Loop_l_data_load_k272_proc35122|  return value|
|ap_continue                |   in|    1|  ap_ctrl_hs|  systolic_tile_QKT_Loop_l_data_load_k272_proc35122|  return value|
|ap_idle                    |  out|    1|  ap_ctrl_hs|  systolic_tile_QKT_Loop_l_data_load_k272_proc35122|  return value|
|ap_ready                   |  out|    1|  ap_ctrl_hs|  systolic_tile_QKT_Loop_l_data_load_k272_proc35122|  return value|
|start_out                  |  out|    1|  ap_ctrl_hs|  systolic_tile_QKT_Loop_l_data_load_k272_proc35122|  return value|
|start_write                |  out|    1|  ap_ctrl_hs|  systolic_tile_QKT_Loop_l_data_load_k272_proc35122|  return value|
|A_fifo4_din                |  out|   32|     ap_fifo|                                            A_fifo4|       pointer|
|A_fifo4_num_data_valid     |   in|    5|     ap_fifo|                                            A_fifo4|       pointer|
|A_fifo4_fifo_cap           |   in|    5|     ap_fifo|                                            A_fifo4|       pointer|
|A_fifo4_full_n             |   in|    1|     ap_fifo|                                            A_fifo4|       pointer|
|A_fifo4_write              |  out|    1|     ap_fifo|                                            A_fifo4|       pointer|
|A_fifo4_9_din              |  out|   32|     ap_fifo|                                          A_fifo4_9|       pointer|
|A_fifo4_9_num_data_valid   |   in|    5|     ap_fifo|                                          A_fifo4_9|       pointer|
|A_fifo4_9_fifo_cap         |   in|    5|     ap_fifo|                                          A_fifo4_9|       pointer|
|A_fifo4_9_full_n           |   in|    1|     ap_fifo|                                          A_fifo4_9|       pointer|
|A_fifo4_9_write            |  out|    1|     ap_fifo|                                          A_fifo4_9|       pointer|
|A_fifo4_18_din             |  out|   32|     ap_fifo|                                         A_fifo4_18|       pointer|
|A_fifo4_18_num_data_valid  |   in|    5|     ap_fifo|                                         A_fifo4_18|       pointer|
|A_fifo4_18_fifo_cap        |   in|    5|     ap_fifo|                                         A_fifo4_18|       pointer|
|A_fifo4_18_full_n          |   in|    1|     ap_fifo|                                         A_fifo4_18|       pointer|
|A_fifo4_18_write           |  out|    1|     ap_fifo|                                         A_fifo4_18|       pointer|
|A_fifo4_27_din             |  out|   32|     ap_fifo|                                         A_fifo4_27|       pointer|
|A_fifo4_27_num_data_valid  |   in|    5|     ap_fifo|                                         A_fifo4_27|       pointer|
|A_fifo4_27_fifo_cap        |   in|    5|     ap_fifo|                                         A_fifo4_27|       pointer|
|A_fifo4_27_full_n          |   in|    1|     ap_fifo|                                         A_fifo4_27|       pointer|
|A_fifo4_27_write           |  out|    1|     ap_fifo|                                         A_fifo4_27|       pointer|
|A_fifo4_36_din             |  out|   32|     ap_fifo|                                         A_fifo4_36|       pointer|
|A_fifo4_36_num_data_valid  |   in|    5|     ap_fifo|                                         A_fifo4_36|       pointer|
|A_fifo4_36_fifo_cap        |   in|    5|     ap_fifo|                                         A_fifo4_36|       pointer|
|A_fifo4_36_full_n          |   in|    1|     ap_fifo|                                         A_fifo4_36|       pointer|
|A_fifo4_36_write           |  out|    1|     ap_fifo|                                         A_fifo4_36|       pointer|
|A_fifo4_45_din             |  out|   32|     ap_fifo|                                         A_fifo4_45|       pointer|
|A_fifo4_45_num_data_valid  |   in|    5|     ap_fifo|                                         A_fifo4_45|       pointer|
|A_fifo4_45_fifo_cap        |   in|    5|     ap_fifo|                                         A_fifo4_45|       pointer|
|A_fifo4_45_full_n          |   in|    1|     ap_fifo|                                         A_fifo4_45|       pointer|
|A_fifo4_45_write           |  out|    1|     ap_fifo|                                         A_fifo4_45|       pointer|
|A_fifo4_54_din             |  out|   32|     ap_fifo|                                         A_fifo4_54|       pointer|
|A_fifo4_54_num_data_valid  |   in|    5|     ap_fifo|                                         A_fifo4_54|       pointer|
|A_fifo4_54_fifo_cap        |   in|    5|     ap_fifo|                                         A_fifo4_54|       pointer|
|A_fifo4_54_full_n          |   in|    1|     ap_fifo|                                         A_fifo4_54|       pointer|
|A_fifo4_54_write           |  out|    1|     ap_fifo|                                         A_fifo4_54|       pointer|
|A_fifo4_63_din             |  out|   32|     ap_fifo|                                         A_fifo4_63|       pointer|
|A_fifo4_63_num_data_valid  |   in|    5|     ap_fifo|                                         A_fifo4_63|       pointer|
|A_fifo4_63_fifo_cap        |   in|    5|     ap_fifo|                                         A_fifo4_63|       pointer|
|A_fifo4_63_full_n          |   in|    1|     ap_fifo|                                         A_fifo4_63|       pointer|
|A_fifo4_63_write           |  out|    1|     ap_fifo|                                         A_fifo4_63|       pointer|
|B_fifo4_din                |  out|   32|     ap_fifo|                                            B_fifo4|       pointer|
|B_fifo4_num_data_valid     |   in|    5|     ap_fifo|                                            B_fifo4|       pointer|
|B_fifo4_fifo_cap           |   in|    5|     ap_fifo|                                            B_fifo4|       pointer|
|B_fifo4_full_n             |   in|    1|     ap_fifo|                                            B_fifo4|       pointer|
|B_fifo4_write              |  out|    1|     ap_fifo|                                            B_fifo4|       pointer|
|B_fifo4_9_din              |  out|   32|     ap_fifo|                                          B_fifo4_9|       pointer|
|B_fifo4_9_num_data_valid   |   in|    5|     ap_fifo|                                          B_fifo4_9|       pointer|
|B_fifo4_9_fifo_cap         |   in|    5|     ap_fifo|                                          B_fifo4_9|       pointer|
|B_fifo4_9_full_n           |   in|    1|     ap_fifo|                                          B_fifo4_9|       pointer|
|B_fifo4_9_write            |  out|    1|     ap_fifo|                                          B_fifo4_9|       pointer|
|B_fifo4_18_din             |  out|   32|     ap_fifo|                                         B_fifo4_18|       pointer|
|B_fifo4_18_num_data_valid  |   in|    5|     ap_fifo|                                         B_fifo4_18|       pointer|
|B_fifo4_18_fifo_cap        |   in|    5|     ap_fifo|                                         B_fifo4_18|       pointer|
|B_fifo4_18_full_n          |   in|    1|     ap_fifo|                                         B_fifo4_18|       pointer|
|B_fifo4_18_write           |  out|    1|     ap_fifo|                                         B_fifo4_18|       pointer|
|B_fifo4_27_din             |  out|   32|     ap_fifo|                                         B_fifo4_27|       pointer|
|B_fifo4_27_num_data_valid  |   in|    5|     ap_fifo|                                         B_fifo4_27|       pointer|
|B_fifo4_27_fifo_cap        |   in|    5|     ap_fifo|                                         B_fifo4_27|       pointer|
|B_fifo4_27_full_n          |   in|    1|     ap_fifo|                                         B_fifo4_27|       pointer|
|B_fifo4_27_write           |  out|    1|     ap_fifo|                                         B_fifo4_27|       pointer|
|B_fifo4_36_din             |  out|   32|     ap_fifo|                                         B_fifo4_36|       pointer|
|B_fifo4_36_num_data_valid  |   in|    5|     ap_fifo|                                         B_fifo4_36|       pointer|
|B_fifo4_36_fifo_cap        |   in|    5|     ap_fifo|                                         B_fifo4_36|       pointer|
|B_fifo4_36_full_n          |   in|    1|     ap_fifo|                                         B_fifo4_36|       pointer|
|B_fifo4_36_write           |  out|    1|     ap_fifo|                                         B_fifo4_36|       pointer|
|B_fifo4_45_din             |  out|   32|     ap_fifo|                                         B_fifo4_45|       pointer|
|B_fifo4_45_num_data_valid  |   in|    5|     ap_fifo|                                         B_fifo4_45|       pointer|
|B_fifo4_45_fifo_cap        |   in|    5|     ap_fifo|                                         B_fifo4_45|       pointer|
|B_fifo4_45_full_n          |   in|    1|     ap_fifo|                                         B_fifo4_45|       pointer|
|B_fifo4_45_write           |  out|    1|     ap_fifo|                                         B_fifo4_45|       pointer|
|B_fifo4_54_din             |  out|   32|     ap_fifo|                                         B_fifo4_54|       pointer|
|B_fifo4_54_num_data_valid  |   in|    5|     ap_fifo|                                         B_fifo4_54|       pointer|
|B_fifo4_54_fifo_cap        |   in|    5|     ap_fifo|                                         B_fifo4_54|       pointer|
|B_fifo4_54_full_n          |   in|    1|     ap_fifo|                                         B_fifo4_54|       pointer|
|B_fifo4_54_write           |  out|    1|     ap_fifo|                                         B_fifo4_54|       pointer|
|B_fifo4_63_din             |  out|   32|     ap_fifo|                                         B_fifo4_63|       pointer|
|B_fifo4_63_num_data_valid  |   in|    5|     ap_fifo|                                         B_fifo4_63|       pointer|
|B_fifo4_63_fifo_cap        |   in|    5|     ap_fifo|                                         B_fifo4_63|       pointer|
|B_fifo4_63_full_n          |   in|    1|     ap_fifo|                                         B_fifo4_63|       pointer|
|B_fifo4_63_write           |  out|    1|     ap_fifo|                                         B_fifo4_63|       pointer|
|v6609_0_address0           |  out|    6|   ap_memory|                                            v6609_0|         array|
|v6609_0_ce0                |  out|    1|   ap_memory|                                            v6609_0|         array|
|v6609_0_q0                 |   in|   32|   ap_memory|                                            v6609_0|         array|
|v6609_1_address0           |  out|    6|   ap_memory|                                            v6609_1|         array|
|v6609_1_ce0                |  out|    1|   ap_memory|                                            v6609_1|         array|
|v6609_1_q0                 |   in|   32|   ap_memory|                                            v6609_1|         array|
|v6609_2_address0           |  out|    6|   ap_memory|                                            v6609_2|         array|
|v6609_2_ce0                |  out|    1|   ap_memory|                                            v6609_2|         array|
|v6609_2_q0                 |   in|   32|   ap_memory|                                            v6609_2|         array|
|v6609_3_address0           |  out|    6|   ap_memory|                                            v6609_3|         array|
|v6609_3_ce0                |  out|    1|   ap_memory|                                            v6609_3|         array|
|v6609_3_q0                 |   in|   32|   ap_memory|                                            v6609_3|         array|
|v6609_4_address0           |  out|    6|   ap_memory|                                            v6609_4|         array|
|v6609_4_ce0                |  out|    1|   ap_memory|                                            v6609_4|         array|
|v6609_4_q0                 |   in|   32|   ap_memory|                                            v6609_4|         array|
|v6609_5_address0           |  out|    6|   ap_memory|                                            v6609_5|         array|
|v6609_5_ce0                |  out|    1|   ap_memory|                                            v6609_5|         array|
|v6609_5_q0                 |   in|   32|   ap_memory|                                            v6609_5|         array|
|v6609_6_address0           |  out|    6|   ap_memory|                                            v6609_6|         array|
|v6609_6_ce0                |  out|    1|   ap_memory|                                            v6609_6|         array|
|v6609_6_q0                 |   in|   32|   ap_memory|                                            v6609_6|         array|
|v6609_7_address0           |  out|    6|   ap_memory|                                            v6609_7|         array|
|v6609_7_ce0                |  out|    1|   ap_memory|                                            v6609_7|         array|
|v6609_7_q0                 |   in|   32|   ap_memory|                                            v6609_7|         array|
|v6610_0_address0           |  out|    6|   ap_memory|                                            v6610_0|         array|
|v6610_0_ce0                |  out|    1|   ap_memory|                                            v6610_0|         array|
|v6610_0_q0                 |   in|   32|   ap_memory|                                            v6610_0|         array|
|v6610_1_address0           |  out|    6|   ap_memory|                                            v6610_1|         array|
|v6610_1_ce0                |  out|    1|   ap_memory|                                            v6610_1|         array|
|v6610_1_q0                 |   in|   32|   ap_memory|                                            v6610_1|         array|
|v6610_2_address0           |  out|    6|   ap_memory|                                            v6610_2|         array|
|v6610_2_ce0                |  out|    1|   ap_memory|                                            v6610_2|         array|
|v6610_2_q0                 |   in|   32|   ap_memory|                                            v6610_2|         array|
|v6610_3_address0           |  out|    6|   ap_memory|                                            v6610_3|         array|
|v6610_3_ce0                |  out|    1|   ap_memory|                                            v6610_3|         array|
|v6610_3_q0                 |   in|   32|   ap_memory|                                            v6610_3|         array|
|v6610_4_address0           |  out|    6|   ap_memory|                                            v6610_4|         array|
|v6610_4_ce0                |  out|    1|   ap_memory|                                            v6610_4|         array|
|v6610_4_q0                 |   in|   32|   ap_memory|                                            v6610_4|         array|
|v6610_5_address0           |  out|    6|   ap_memory|                                            v6610_5|         array|
|v6610_5_ce0                |  out|    1|   ap_memory|                                            v6610_5|         array|
|v6610_5_q0                 |   in|   32|   ap_memory|                                            v6610_5|         array|
|v6610_6_address0           |  out|    6|   ap_memory|                                            v6610_6|         array|
|v6610_6_ce0                |  out|    1|   ap_memory|                                            v6610_6|         array|
|v6610_6_q0                 |   in|   32|   ap_memory|                                            v6610_6|         array|
|v6610_7_address0           |  out|    6|   ap_memory|                                            v6610_7|         array|
|v6610_7_ce0                |  out|    1|   ap_memory|                                            v6610_7|         array|
|v6610_7_q0                 |   in|   32|   ap_memory|                                            v6610_7|         array|
+---------------------------+-----+-----+------------+---------------------------------------------------+--------------+

============================================================
+ Verbose Summary: Synthesis Manager
============================================================
InlineROM: 1
ExposeGlobal: 0
============================================================
+ Verbose Summary: CDFG Model
============================================================
IsTopModel: 0
ResetActiveHigh: 1
IsCombinational: 2
IsDatapathOnly: 0
HasWiredReturn: 1
HasMFsm: 2
HasVarLatency: 1
IsPipeline: 0
IsRtlPipelined: 0
IsInstanceOverlapped: 0
IsDontTouch: 0
HasImplIP: 0
IsGatedGlobalClock: 0

+ Individual pipeline summary: 
  * Pipeline-0: initiation interval (II) = 1, depth = 2


============================================================
+ Verbose Summary: Schedule
============================================================
* Number of FSM states : 2
* Pipeline : 1
  Pipeline-0 : II = 1, D = 2, States = { 1 2 }
* Dataflow Pipeline: 0

* FSM state transitions: 
1 --> 2 
2 --> 

* FSM state operations: 

State 1 <SV = 0> <Delay = 1.47>
ST_1 : Operation 5 [1/1] (0.00ns)   --->   "%k272 = alloca i32 1" [/home/silvenchen/Desktop/DitBlock/WorkDCT/DitBlock/kernel.cpp:12116]   --->   Operation 5 'alloca' 'k272' <Predicate = true> <Delay = 0.00>
ST_1 : Operation 6 [1/1] (0.00ns)   --->   "%specinterface_ln0 = specinterface void @_ssdm_op_SpecInterface, i32 %B_fifo4_63, void @empty_234, i32 0, i32 0, void @empty_191, i32 0, i32 0, void @empty_191, void @empty_191, void @empty_191, i32 0, i32 0, i32 0, i32 0, void @empty_191, void @empty_191, i32 4294967295, i32 0"   --->   Operation 6 'specinterface' 'specinterface_ln0' <Predicate = true> <Delay = 0.00>
ST_1 : Operation 7 [1/1] (0.00ns)   --->   "%specinterface_ln0 = specinterface void @_ssdm_op_SpecInterface, i32 %B_fifo4_54, void @empty_234, i32 0, i32 0, void @empty_191, i32 0, i32 0, void @empty_191, void @empty_191, void @empty_191, i32 0, i32 0, i32 0, i32 0, void @empty_191, void @empty_191, i32 4294967295, i32 0"   --->   Operation 7 'specinterface' 'specinterface_ln0' <Predicate = true> <Delay = 0.00>
ST_1 : Operation 8 [1/1] (0.00ns)   --->   "%specinterface_ln0 = specinterface void @_ssdm_op_SpecInterface, i32 %B_fifo4_45, void @empty_234, i32 0, i32 0, void @empty_191, i32 0, i32 0, void @empty_191, void @empty_191, void @empty_191, i32 0, i32 0, i32 0, i32 0, void @empty_191, void @empty_191, i32 4294967295, i32 0"   --->   Operation 8 'specinterface' 'specinterface_ln0' <Predicate = true> <Delay = 0.00>
ST_1 : Operation 9 [1/1] (0.00ns)   --->   "%specinterface_ln0 = specinterface void @_ssdm_op_SpecInterface, i32 %B_fifo4_36, void @empty_234, i32 0, i32 0, void @empty_191, i32 0, i32 0, void @empty_191, void @empty_191, void @empty_191, i32 0, i32 0, i32 0, i32 0, void @empty_191, void @empty_191, i32 4294967295, i32 0"   --->   Operation 9 'specinterface' 'specinterface_ln0' <Predicate = true> <Delay = 0.00>
ST_1 : Operation 10 [1/1] (0.00ns)   --->   "%specinterface_ln0 = specinterface void @_ssdm_op_SpecInterface, i32 %B_fifo4_27, void @empty_234, i32 0, i32 0, void @empty_191, i32 0, i32 0, void @empty_191, void @empty_191, void @empty_191, i32 0, i32 0, i32 0, i32 0, void @empty_191, void @empty_191, i32 4294967295, i32 0"   --->   Operation 10 'specinterface' 'specinterface_ln0' <Predicate = true> <Delay = 0.00>
ST_1 : Operation 11 [1/1] (0.00ns)   --->   "%specinterface_ln0 = specinterface void @_ssdm_op_SpecInterface, i32 %B_fifo4_18, void @empty_234, i32 0, i32 0, void @empty_191, i32 0, i32 0, void @empty_191, void @empty_191, void @empty_191, i32 0, i32 0, i32 0, i32 0, void @empty_191, void @empty_191, i32 4294967295, i32 0"   --->   Operation 11 'specinterface' 'specinterface_ln0' <Predicate = true> <Delay = 0.00>
ST_1 : Operation 12 [1/1] (0.00ns)   --->   "%specinterface_ln0 = specinterface void @_ssdm_op_SpecInterface, i32 %B_fifo4_9, void @empty_234, i32 0, i32 0, void @empty_191, i32 0, i32 0, void @empty_191, void @empty_191, void @empty_191, i32 0, i32 0, i32 0, i32 0, void @empty_191, void @empty_191, i32 4294967295, i32 0"   --->   Operation 12 'specinterface' 'specinterface_ln0' <Predicate = true> <Delay = 0.00>
ST_1 : Operation 13 [1/1] (0.00ns)   --->   "%specinterface_ln0 = specinterface void @_ssdm_op_SpecInterface, i32 %B_fifo4, void @empty_234, i32 0, i32 0, void @empty_191, i32 0, i32 0, void @empty_191, void @empty_191, void @empty_191, i32 0, i32 0, i32 0, i32 0, void @empty_191, void @empty_191, i32 4294967295, i32 0"   --->   Operation 13 'specinterface' 'specinterface_ln0' <Predicate = true> <Delay = 0.00>
ST_1 : Operation 14 [1/1] (0.00ns)   --->   "%specinterface_ln0 = specinterface void @_ssdm_op_SpecInterface, i32 %A_fifo4_63, void @empty_234, i32 0, i32 0, void @empty_191, i32 0, i32 0, void @empty_191, void @empty_191, void @empty_191, i32 0, i32 0, i32 0, i32 0, void @empty_191, void @empty_191, i32 4294967295, i32 0"   --->   Operation 14 'specinterface' 'specinterface_ln0' <Predicate = true> <Delay = 0.00>
ST_1 : Operation 15 [1/1] (0.00ns)   --->   "%specinterface_ln0 = specinterface void @_ssdm_op_SpecInterface, i32 %A_fifo4_54, void @empty_234, i32 0, i32 0, void @empty_191, i32 0, i32 0, void @empty_191, void @empty_191, void @empty_191, i32 0, i32 0, i32 0, i32 0, void @empty_191, void @empty_191, i32 4294967295, i32 0"   --->   Operation 15 'specinterface' 'specinterface_ln0' <Predicate = true> <Delay = 0.00>
ST_1 : Operation 16 [1/1] (0.00ns)   --->   "%specinterface_ln0 = specinterface void @_ssdm_op_SpecInterface, i32 %A_fifo4_45, void @empty_234, i32 0, i32 0, void @empty_191, i32 0, i32 0, void @empty_191, void @empty_191, void @empty_191, i32 0, i32 0, i32 0, i32 0, void @empty_191, void @empty_191, i32 4294967295, i32 0"   --->   Operation 16 'specinterface' 'specinterface_ln0' <Predicate = true> <Delay = 0.00>
ST_1 : Operation 17 [1/1] (0.00ns)   --->   "%specinterface_ln0 = specinterface void @_ssdm_op_SpecInterface, i32 %A_fifo4_36, void @empty_234, i32 0, i32 0, void @empty_191, i32 0, i32 0, void @empty_191, void @empty_191, void @empty_191, i32 0, i32 0, i32 0, i32 0, void @empty_191, void @empty_191, i32 4294967295, i32 0"   --->   Operation 17 'specinterface' 'specinterface_ln0' <Predicate = true> <Delay = 0.00>
ST_1 : Operation 18 [1/1] (0.00ns)   --->   "%specinterface_ln0 = specinterface void @_ssdm_op_SpecInterface, i32 %A_fifo4_27, void @empty_234, i32 0, i32 0, void @empty_191, i32 0, i32 0, void @empty_191, void @empty_191, void @empty_191, i32 0, i32 0, i32 0, i32 0, void @empty_191, void @empty_191, i32 4294967295, i32 0"   --->   Operation 18 'specinterface' 'specinterface_ln0' <Predicate = true> <Delay = 0.00>
ST_1 : Operation 19 [1/1] (0.00ns)   --->   "%specinterface_ln0 = specinterface void @_ssdm_op_SpecInterface, i32 %A_fifo4_18, void @empty_234, i32 0, i32 0, void @empty_191, i32 0, i32 0, void @empty_191, void @empty_191, void @empty_191, i32 0, i32 0, i32 0, i32 0, void @empty_191, void @empty_191, i32 4294967295, i32 0"   --->   Operation 19 'specinterface' 'specinterface_ln0' <Predicate = true> <Delay = 0.00>
ST_1 : Operation 20 [1/1] (0.00ns)   --->   "%specinterface_ln0 = specinterface void @_ssdm_op_SpecInterface, i32 %A_fifo4_9, void @empty_234, i32 0, i32 0, void @empty_191, i32 0, i32 0, void @empty_191, void @empty_191, void @empty_191, i32 0, i32 0, i32 0, i32 0, void @empty_191, void @empty_191, i32 4294967295, i32 0"   --->   Operation 20 'specinterface' 'specinterface_ln0' <Predicate = true> <Delay = 0.00>
ST_1 : Operation 21 [1/1] (0.00ns)   --->   "%specinterface_ln0 = specinterface void @_ssdm_op_SpecInterface, i32 %A_fifo4, void @empty_234, i32 0, i32 0, void @empty_191, i32 0, i32 0, void @empty_191, void @empty_191, void @empty_191, i32 0, i32 0, i32 0, i32 0, void @empty_191, void @empty_191, i32 4294967295, i32 0"   --->   Operation 21 'specinterface' 'specinterface_ln0' <Predicate = true> <Delay = 0.00>
ST_1 : Operation 22 [1/1] (0.38ns)   --->   "%store_ln12116 = store i7 0, i7 %k272" [/home/silvenchen/Desktop/DitBlock/WorkDCT/DitBlock/kernel.cpp:12116]   --->   Operation 22 'store' 'store_ln12116' <Predicate = true> <Delay = 0.38>
ST_1 : Operation 23 [1/1] (0.00ns)   --->   "%br_ln0 = br void %for.cond"   --->   Operation 23 'br' 'br_ln0' <Predicate = true> <Delay = 0.00>
ST_1 : Operation 24 [1/1] (0.00ns)   --->   "%k272_1 = load i7 %k272" [/home/silvenchen/Desktop/DitBlock/WorkDCT/DitBlock/kernel.cpp:12116]   --->   Operation 24 'load' 'k272_1' <Predicate = true> <Delay = 0.00>
ST_1 : Operation 25 [1/1] (0.70ns)   --->   "%icmp_ln12116 = icmp_eq  i7 %k272_1, i7 64" [/home/silvenchen/Desktop/DitBlock/WorkDCT/DitBlock/kernel.cpp:12116]   --->   Operation 25 'icmp' 'icmp_ln12116' <Predicate = true> <Delay = 0.70> <CoreInst = "Cmp">   --->   Core 9 'Cmp' <Latency = 0> <II = 1> <Delay = 0.70> <FuncUnit> <Opcode : 'icmp'> <InPorts = 2> <OutPorts = 1>
ST_1 : Operation 26 [1/1] (0.70ns)   --->   "%add_ln12116 = add i7 %k272_1, i7 1" [/home/silvenchen/Desktop/DitBlock/WorkDCT/DitBlock/kernel.cpp:12116]   --->   Operation 26 'add' 'add_ln12116' <Predicate = true> <Delay = 0.70> <CoreInst = "Adder">   --->   Core 1 'Adder' <Latency = 0> <II = 1> <Delay = 0.70> <FuncUnit> <Opcode : 'add' 'sub'> <InPorts = 2> <OutPorts = 1>
ST_1 : Operation 27 [1/1] (0.00ns)   --->   "%br_ln12116 = br i1 %icmp_ln12116, void %l_S_m_0_m8, void %for.end47.exitStub" [/home/silvenchen/Desktop/DitBlock/WorkDCT/DitBlock/kernel.cpp:12116]   --->   Operation 27 'br' 'br_ln12116' <Predicate = true> <Delay = 0.00>
ST_1 : Operation 28 [1/1] (0.00ns)   --->   "%zext_ln12116 = zext i7 %k272_1" [/home/silvenchen/Desktop/DitBlock/WorkDCT/DitBlock/kernel.cpp:12116]   --->   Operation 28 'zext' 'zext_ln12116' <Predicate = (!icmp_ln12116)> <Delay = 0.00>
ST_1 : Operation 29 [1/1] (0.00ns)   --->   "%v6609_0_addr = getelementptr i32 %v6609_0, i64 0, i64 %zext_ln12116" [/home/silvenchen/Desktop/DitBlock/WorkDCT/DitBlock/kernel.cpp:12116]   --->   Operation 29 'getelementptr' 'v6609_0_addr' <Predicate = (!icmp_ln12116)> <Delay = 0.00>
ST_1 : Operation 30 [2/2] (0.69ns)   --->   "%v6618 = load i6 %v6609_0_addr" [/home/silvenchen/Desktop/DitBlock/WorkDCT/DitBlock/kernel.cpp:12116]   --->   Operation 30 'load' 'v6618' <Predicate = (!icmp_ln12116)> <Delay = 0.69> <CoreInst = "RAM">   --->   Core 83 'RAM' <Latency = 1> <II = 1> <Delay = 0.69> <Storage> <Opcode : 'load' 'store'> <Ports = 2> <Width = 32> <Depth = 64> <RAM>
ST_1 : Operation 31 [1/1] (0.00ns)   --->   "%v6609_1_addr = getelementptr i32 %v6609_1, i64 0, i64 %zext_ln12116" [/home/silvenchen/Desktop/DitBlock/WorkDCT/DitBlock/kernel.cpp:12116]   --->   Operation 31 'getelementptr' 'v6609_1_addr' <Predicate = (!icmp_ln12116)> <Delay = 0.00>
ST_1 : Operation 32 [2/2] (0.69ns)   --->   "%v6618_1 = load i6 %v6609_1_addr" [/home/silvenchen/Desktop/DitBlock/WorkDCT/DitBlock/kernel.cpp:12116]   --->   Operation 32 'load' 'v6618_1' <Predicate = (!icmp_ln12116)> <Delay = 0.69> <CoreInst = "RAM">   --->   Core 83 'RAM' <Latency = 1> <II = 1> <Delay = 0.69> <Storage> <Opcode : 'load' 'store'> <Ports = 2> <Width = 32> <Depth = 64> <RAM>
ST_1 : Operation 33 [1/1] (0.00ns)   --->   "%v6609_2_addr = getelementptr i32 %v6609_2, i64 0, i64 %zext_ln12116" [/home/silvenchen/Desktop/DitBlock/WorkDCT/DitBlock/kernel.cpp:12116]   --->   Operation 33 'getelementptr' 'v6609_2_addr' <Predicate = (!icmp_ln12116)> <Delay = 0.00>
ST_1 : Operation 34 [2/2] (0.69ns)   --->   "%v6618_2 = load i6 %v6609_2_addr" [/home/silvenchen/Desktop/DitBlock/WorkDCT/DitBlock/kernel.cpp:12116]   --->   Operation 34 'load' 'v6618_2' <Predicate = (!icmp_ln12116)> <Delay = 0.69> <CoreInst = "RAM">   --->   Core 83 'RAM' <Latency = 1> <II = 1> <Delay = 0.69> <Storage> <Opcode : 'load' 'store'> <Ports = 2> <Width = 32> <Depth = 64> <RAM>
ST_1 : Operation 35 [1/1] (0.00ns)   --->   "%v6609_3_addr = getelementptr i32 %v6609_3, i64 0, i64 %zext_ln12116" [/home/silvenchen/Desktop/DitBlock/WorkDCT/DitBlock/kernel.cpp:12116]   --->   Operation 35 'getelementptr' 'v6609_3_addr' <Predicate = (!icmp_ln12116)> <Delay = 0.00>
ST_1 : Operation 36 [2/2] (0.69ns)   --->   "%v6618_3 = load i6 %v6609_3_addr" [/home/silvenchen/Desktop/DitBlock/WorkDCT/DitBlock/kernel.cpp:12116]   --->   Operation 36 'load' 'v6618_3' <Predicate = (!icmp_ln12116)> <Delay = 0.69> <CoreInst = "RAM">   --->   Core 83 'RAM' <Latency = 1> <II = 1> <Delay = 0.69> <Storage> <Opcode : 'load' 'store'> <Ports = 2> <Width = 32> <Depth = 64> <RAM>
ST_1 : Operation 37 [1/1] (0.00ns)   --->   "%v6609_4_addr = getelementptr i32 %v6609_4, i64 0, i64 %zext_ln12116" [/home/silvenchen/Desktop/DitBlock/WorkDCT/DitBlock/kernel.cpp:12116]   --->   Operation 37 'getelementptr' 'v6609_4_addr' <Predicate = (!icmp_ln12116)> <Delay = 0.00>
ST_1 : Operation 38 [2/2] (0.69ns)   --->   "%v6618_4 = load i6 %v6609_4_addr" [/home/silvenchen/Desktop/DitBlock/WorkDCT/DitBlock/kernel.cpp:12116]   --->   Operation 38 'load' 'v6618_4' <Predicate = (!icmp_ln12116)> <Delay = 0.69> <CoreInst = "RAM">   --->   Core 83 'RAM' <Latency = 1> <II = 1> <Delay = 0.69> <Storage> <Opcode : 'load' 'store'> <Ports = 2> <Width = 32> <Depth = 64> <RAM>
ST_1 : Operation 39 [1/1] (0.00ns)   --->   "%v6609_5_addr = getelementptr i32 %v6609_5, i64 0, i64 %zext_ln12116" [/home/silvenchen/Desktop/DitBlock/WorkDCT/DitBlock/kernel.cpp:12116]   --->   Operation 39 'getelementptr' 'v6609_5_addr' <Predicate = (!icmp_ln12116)> <Delay = 0.00>
ST_1 : Operation 40 [2/2] (0.69ns)   --->   "%v6618_5 = load i6 %v6609_5_addr" [/home/silvenchen/Desktop/DitBlock/WorkDCT/DitBlock/kernel.cpp:12116]   --->   Operation 40 'load' 'v6618_5' <Predicate = (!icmp_ln12116)> <Delay = 0.69> <CoreInst = "RAM">   --->   Core 83 'RAM' <Latency = 1> <II = 1> <Delay = 0.69> <Storage> <Opcode : 'load' 'store'> <Ports = 2> <Width = 32> <Depth = 64> <RAM>
ST_1 : Operation 41 [1/1] (0.00ns)   --->   "%v6609_6_addr = getelementptr i32 %v6609_6, i64 0, i64 %zext_ln12116" [/home/silvenchen/Desktop/DitBlock/WorkDCT/DitBlock/kernel.cpp:12116]   --->   Operation 41 'getelementptr' 'v6609_6_addr' <Predicate = (!icmp_ln12116)> <Delay = 0.00>
ST_1 : Operation 42 [2/2] (0.69ns)   --->   "%v6618_6 = load i6 %v6609_6_addr" [/home/silvenchen/Desktop/DitBlock/WorkDCT/DitBlock/kernel.cpp:12116]   --->   Operation 42 'load' 'v6618_6' <Predicate = (!icmp_ln12116)> <Delay = 0.69> <CoreInst = "RAM">   --->   Core 83 'RAM' <Latency = 1> <II = 1> <Delay = 0.69> <Storage> <Opcode : 'load' 'store'> <Ports = 2> <Width = 32> <Depth = 64> <RAM>
ST_1 : Operation 43 [1/1] (0.00ns)   --->   "%v6609_7_addr = getelementptr i32 %v6609_7, i64 0, i64 %zext_ln12116" [/home/silvenchen/Desktop/DitBlock/WorkDCT/DitBlock/kernel.cpp:12116]   --->   Operation 43 'getelementptr' 'v6609_7_addr' <Predicate = (!icmp_ln12116)> <Delay = 0.00>
ST_1 : Operation 44 [2/2] (0.69ns)   --->   "%v6618_7 = load i6 %v6609_7_addr" [/home/silvenchen/Desktop/DitBlock/WorkDCT/DitBlock/kernel.cpp:12116]   --->   Operation 44 'load' 'v6618_7' <Predicate = (!icmp_ln12116)> <Delay = 0.69> <CoreInst = "RAM">   --->   Core 83 'RAM' <Latency = 1> <II = 1> <Delay = 0.69> <Storage> <Opcode : 'load' 'store'> <Ports = 2> <Width = 32> <Depth = 64> <RAM>
ST_1 : Operation 45 [1/1] (0.00ns)   --->   "%v6610_0_addr = getelementptr i32 %v6610_0, i64 0, i64 %zext_ln12116" [/home/silvenchen/Desktop/DitBlock/WorkDCT/DitBlock/kernel.cpp:12116]   --->   Operation 45 'getelementptr' 'v6610_0_addr' <Predicate = (!icmp_ln12116)> <Delay = 0.00>
ST_1 : Operation 46 [2/2] (0.69ns)   --->   "%v6620 = load i6 %v6610_0_addr" [/home/silvenchen/Desktop/DitBlock/WorkDCT/DitBlock/kernel.cpp:12116]   --->   Operation 46 'load' 'v6620' <Predicate = (!icmp_ln12116)> <Delay = 0.69> <CoreInst = "RAM">   --->   Core 83 'RAM' <Latency = 1> <II = 1> <Delay = 0.69> <Storage> <Opcode : 'load' 'store'> <Ports = 2> <Width = 32> <Depth = 64> <RAM>
ST_1 : Operation 47 [1/1] (0.00ns)   --->   "%v6610_1_addr = getelementptr i32 %v6610_1, i64 0, i64 %zext_ln12116" [/home/silvenchen/Desktop/DitBlock/WorkDCT/DitBlock/kernel.cpp:12116]   --->   Operation 47 'getelementptr' 'v6610_1_addr' <Predicate = (!icmp_ln12116)> <Delay = 0.00>
ST_1 : Operation 48 [2/2] (0.69ns)   --->   "%v6620_1 = load i6 %v6610_1_addr" [/home/silvenchen/Desktop/DitBlock/WorkDCT/DitBlock/kernel.cpp:12116]   --->   Operation 48 'load' 'v6620_1' <Predicate = (!icmp_ln12116)> <Delay = 0.69> <CoreInst = "RAM">   --->   Core 83 'RAM' <Latency = 1> <II = 1> <Delay = 0.69> <Storage> <Opcode : 'load' 'store'> <Ports = 2> <Width = 32> <Depth = 64> <RAM>
ST_1 : Operation 49 [1/1] (0.00ns)   --->   "%v6610_2_addr = getelementptr i32 %v6610_2, i64 0, i64 %zext_ln12116" [/home/silvenchen/Desktop/DitBlock/WorkDCT/DitBlock/kernel.cpp:12116]   --->   Operation 49 'getelementptr' 'v6610_2_addr' <Predicate = (!icmp_ln12116)> <Delay = 0.00>
ST_1 : Operation 50 [2/2] (0.69ns)   --->   "%v6620_2 = load i6 %v6610_2_addr" [/home/silvenchen/Desktop/DitBlock/WorkDCT/DitBlock/kernel.cpp:12116]   --->   Operation 50 'load' 'v6620_2' <Predicate = (!icmp_ln12116)> <Delay = 0.69> <CoreInst = "RAM">   --->   Core 83 'RAM' <Latency = 1> <II = 1> <Delay = 0.69> <Storage> <Opcode : 'load' 'store'> <Ports = 2> <Width = 32> <Depth = 64> <RAM>
ST_1 : Operation 51 [1/1] (0.00ns)   --->   "%v6610_3_addr = getelementptr i32 %v6610_3, i64 0, i64 %zext_ln12116" [/home/silvenchen/Desktop/DitBlock/WorkDCT/DitBlock/kernel.cpp:12116]   --->   Operation 51 'getelementptr' 'v6610_3_addr' <Predicate = (!icmp_ln12116)> <Delay = 0.00>
ST_1 : Operation 52 [2/2] (0.69ns)   --->   "%v6620_3 = load i6 %v6610_3_addr" [/home/silvenchen/Desktop/DitBlock/WorkDCT/DitBlock/kernel.cpp:12116]   --->   Operation 52 'load' 'v6620_3' <Predicate = (!icmp_ln12116)> <Delay = 0.69> <CoreInst = "RAM">   --->   Core 83 'RAM' <Latency = 1> <II = 1> <Delay = 0.69> <Storage> <Opcode : 'load' 'store'> <Ports = 2> <Width = 32> <Depth = 64> <RAM>
ST_1 : Operation 53 [1/1] (0.00ns)   --->   "%v6610_4_addr = getelementptr i32 %v6610_4, i64 0, i64 %zext_ln12116" [/home/silvenchen/Desktop/DitBlock/WorkDCT/DitBlock/kernel.cpp:12116]   --->   Operation 53 'getelementptr' 'v6610_4_addr' <Predicate = (!icmp_ln12116)> <Delay = 0.00>
ST_1 : Operation 54 [2/2] (0.69ns)   --->   "%v6620_4 = load i6 %v6610_4_addr" [/home/silvenchen/Desktop/DitBlock/WorkDCT/DitBlock/kernel.cpp:12116]   --->   Operation 54 'load' 'v6620_4' <Predicate = (!icmp_ln12116)> <Delay = 0.69> <CoreInst = "RAM">   --->   Core 83 'RAM' <Latency = 1> <II = 1> <Delay = 0.69> <Storage> <Opcode : 'load' 'store'> <Ports = 2> <Width = 32> <Depth = 64> <RAM>
ST_1 : Operation 55 [1/1] (0.00ns)   --->   "%v6610_5_addr = getelementptr i32 %v6610_5, i64 0, i64 %zext_ln12116" [/home/silvenchen/Desktop/DitBlock/WorkDCT/DitBlock/kernel.cpp:12116]   --->   Operation 55 'getelementptr' 'v6610_5_addr' <Predicate = (!icmp_ln12116)> <Delay = 0.00>
ST_1 : Operation 56 [2/2] (0.69ns)   --->   "%v6620_5 = load i6 %v6610_5_addr" [/home/silvenchen/Desktop/DitBlock/WorkDCT/DitBlock/kernel.cpp:12116]   --->   Operation 56 'load' 'v6620_5' <Predicate = (!icmp_ln12116)> <Delay = 0.69> <CoreInst = "RAM">   --->   Core 83 'RAM' <Latency = 1> <II = 1> <Delay = 0.69> <Storage> <Opcode : 'load' 'store'> <Ports = 2> <Width = 32> <Depth = 64> <RAM>
ST_1 : Operation 57 [1/1] (0.00ns)   --->   "%v6610_6_addr = getelementptr i32 %v6610_6, i64 0, i64 %zext_ln12116" [/home/silvenchen/Desktop/DitBlock/WorkDCT/DitBlock/kernel.cpp:12116]   --->   Operation 57 'getelementptr' 'v6610_6_addr' <Predicate = (!icmp_ln12116)> <Delay = 0.00>
ST_1 : Operation 58 [2/2] (0.69ns)   --->   "%v6620_6 = load i6 %v6610_6_addr" [/home/silvenchen/Desktop/DitBlock/WorkDCT/DitBlock/kernel.cpp:12116]   --->   Operation 58 'load' 'v6620_6' <Predicate = (!icmp_ln12116)> <Delay = 0.69> <CoreInst = "RAM">   --->   Core 83 'RAM' <Latency = 1> <II = 1> <Delay = 0.69> <Storage> <Opcode : 'load' 'store'> <Ports = 2> <Width = 32> <Depth = 64> <RAM>
ST_1 : Operation 59 [1/1] (0.00ns)   --->   "%v6610_7_addr = getelementptr i32 %v6610_7, i64 0, i64 %zext_ln12116" [/home/silvenchen/Desktop/DitBlock/WorkDCT/DitBlock/kernel.cpp:12116]   --->   Operation 59 'getelementptr' 'v6610_7_addr' <Predicate = (!icmp_ln12116)> <Delay = 0.00>
ST_1 : Operation 60 [2/2] (0.69ns)   --->   "%v6620_7 = load i6 %v6610_7_addr" [/home/silvenchen/Desktop/DitBlock/WorkDCT/DitBlock/kernel.cpp:12116]   --->   Operation 60 'load' 'v6620_7' <Predicate = (!icmp_ln12116)> <Delay = 0.69> <CoreInst = "RAM">   --->   Core 83 'RAM' <Latency = 1> <II = 1> <Delay = 0.69> <Storage> <Opcode : 'load' 'store'> <Ports = 2> <Width = 32> <Depth = 64> <RAM>
ST_1 : Operation 61 [1/1] (0.38ns)   --->   "%store_ln12116 = store i7 %add_ln12116, i7 %k272" [/home/silvenchen/Desktop/DitBlock/WorkDCT/DitBlock/kernel.cpp:12116]   --->   Operation 61 'store' 'store_ln12116' <Predicate = (!icmp_ln12116)> <Delay = 0.38>
ST_1 : Operation 114 [1/1] (0.00ns)   --->   "%ret_ln0 = ret"   --->   Operation 114 'ret' 'ret_ln0' <Predicate = (icmp_ln12116)> <Delay = 0.00>

State 2 <SV = 1> <Delay = 2.13>
ST_2 : Operation 62 [1/1] (0.00ns)   --->   "%specpipeline_ln0 = specpipeline void @_ssdm_op_SpecPipeline, i32 4294967295, i32 0, i32 0, i32 0, void @empty_191"   --->   Operation 62 'specpipeline' 'specpipeline_ln0' <Predicate = true> <Delay = 0.00>
ST_2 : Operation 63 [1/1] (0.00ns)   --->   "%speclooptripcount_ln0 = speclooptripcount void @_ssdm_op_SpecLoopTripCount, i64 64, i64 64, i64 64"   --->   Operation 63 'speclooptripcount' 'speclooptripcount_ln0' <Predicate = true> <Delay = 0.00>
ST_2 : Operation 64 [1/1] (0.00ns)   --->   "%specloopname_ln12116 = specloopname void @_ssdm_op_SpecLoopName, void @empty_178" [/home/silvenchen/Desktop/DitBlock/WorkDCT/DitBlock/kernel.cpp:12116]   --->   Operation 64 'specloopname' 'specloopname_ln12116' <Predicate = true> <Delay = 0.00>
ST_2 : Operation 65 [1/2] (0.69ns)   --->   "%v6618 = load i6 %v6609_0_addr" [/home/silvenchen/Desktop/DitBlock/WorkDCT/DitBlock/kernel.cpp:12116]   --->   Operation 65 'load' 'v6618' <Predicate = true> <Delay = 0.69> <CoreInst = "RAM">   --->   Core 83 'RAM' <Latency = 1> <II = 1> <Delay = 0.69> <Storage> <Opcode : 'load' 'store'> <Ports = 2> <Width = 32> <Depth = 64> <RAM>
ST_2 : Operation 66 [1/1] (0.00ns)   --->   "%bitcast_ln12119 = bitcast i32 %v6618" [/home/silvenchen/Desktop/DitBlock/WorkDCT/DitBlock/kernel.cpp:12119]   --->   Operation 66 'bitcast' 'bitcast_ln12119' <Predicate = true> <Delay = 0.00>
ST_2 : Operation 67 [1/2] (0.69ns)   --->   "%v6618_1 = load i6 %v6609_1_addr" [/home/silvenchen/Desktop/DitBlock/WorkDCT/DitBlock/kernel.cpp:12116]   --->   Operation 67 'load' 'v6618_1' <Predicate = true> <Delay = 0.69> <CoreInst = "RAM">   --->   Core 83 'RAM' <Latency = 1> <II = 1> <Delay = 0.69> <Storage> <Opcode : 'load' 'store'> <Ports = 2> <Width = 32> <Depth = 64> <RAM>
ST_2 : Operation 68 [1/1] (0.00ns)   --->   "%bitcast_ln12119_1 = bitcast i32 %v6618_1" [/home/silvenchen/Desktop/DitBlock/WorkDCT/DitBlock/kernel.cpp:12119]   --->   Operation 68 'bitcast' 'bitcast_ln12119_1' <Predicate = true> <Delay = 0.00>
ST_2 : Operation 69 [1/2] (0.69ns)   --->   "%v6618_2 = load i6 %v6609_2_addr" [/home/silvenchen/Desktop/DitBlock/WorkDCT/DitBlock/kernel.cpp:12116]   --->   Operation 69 'load' 'v6618_2' <Predicate = true> <Delay = 0.69> <CoreInst = "RAM">   --->   Core 83 'RAM' <Latency = 1> <II = 1> <Delay = 0.69> <Storage> <Opcode : 'load' 'store'> <Ports = 2> <Width = 32> <Depth = 64> <RAM>
ST_2 : Operation 70 [1/1] (0.00ns)   --->   "%bitcast_ln12119_2 = bitcast i32 %v6618_2" [/home/silvenchen/Desktop/DitBlock/WorkDCT/DitBlock/kernel.cpp:12119]   --->   Operation 70 'bitcast' 'bitcast_ln12119_2' <Predicate = true> <Delay = 0.00>
ST_2 : Operation 71 [1/2] (0.69ns)   --->   "%v6618_3 = load i6 %v6609_3_addr" [/home/silvenchen/Desktop/DitBlock/WorkDCT/DitBlock/kernel.cpp:12116]   --->   Operation 71 'load' 'v6618_3' <Predicate = true> <Delay = 0.69> <CoreInst = "RAM">   --->   Core 83 'RAM' <Latency = 1> <II = 1> <Delay = 0.69> <Storage> <Opcode : 'load' 'store'> <Ports = 2> <Width = 32> <Depth = 64> <RAM>
ST_2 : Operation 72 [1/1] (0.00ns)   --->   "%bitcast_ln12119_3 = bitcast i32 %v6618_3" [/home/silvenchen/Desktop/DitBlock/WorkDCT/DitBlock/kernel.cpp:12119]   --->   Operation 72 'bitcast' 'bitcast_ln12119_3' <Predicate = true> <Delay = 0.00>
ST_2 : Operation 73 [1/2] (0.69ns)   --->   "%v6618_4 = load i6 %v6609_4_addr" [/home/silvenchen/Desktop/DitBlock/WorkDCT/DitBlock/kernel.cpp:12116]   --->   Operation 73 'load' 'v6618_4' <Predicate = true> <Delay = 0.69> <CoreInst = "RAM">   --->   Core 83 'RAM' <Latency = 1> <II = 1> <Delay = 0.69> <Storage> <Opcode : 'load' 'store'> <Ports = 2> <Width = 32> <Depth = 64> <RAM>
ST_2 : Operation 74 [1/1] (0.00ns)   --->   "%bitcast_ln12119_4 = bitcast i32 %v6618_4" [/home/silvenchen/Desktop/DitBlock/WorkDCT/DitBlock/kernel.cpp:12119]   --->   Operation 74 'bitcast' 'bitcast_ln12119_4' <Predicate = true> <Delay = 0.00>
ST_2 : Operation 75 [1/2] (0.69ns)   --->   "%v6618_5 = load i6 %v6609_5_addr" [/home/silvenchen/Desktop/DitBlock/WorkDCT/DitBlock/kernel.cpp:12116]   --->   Operation 75 'load' 'v6618_5' <Predicate = true> <Delay = 0.69> <CoreInst = "RAM">   --->   Core 83 'RAM' <Latency = 1> <II = 1> <Delay = 0.69> <Storage> <Opcode : 'load' 'store'> <Ports = 2> <Width = 32> <Depth = 64> <RAM>
ST_2 : Operation 76 [1/1] (0.00ns)   --->   "%bitcast_ln12119_5 = bitcast i32 %v6618_5" [/home/silvenchen/Desktop/DitBlock/WorkDCT/DitBlock/kernel.cpp:12119]   --->   Operation 76 'bitcast' 'bitcast_ln12119_5' <Predicate = true> <Delay = 0.00>
ST_2 : Operation 77 [1/2] (0.69ns)   --->   "%v6618_6 = load i6 %v6609_6_addr" [/home/silvenchen/Desktop/DitBlock/WorkDCT/DitBlock/kernel.cpp:12116]   --->   Operation 77 'load' 'v6618_6' <Predicate = true> <Delay = 0.69> <CoreInst = "RAM">   --->   Core 83 'RAM' <Latency = 1> <II = 1> <Delay = 0.69> <Storage> <Opcode : 'load' 'store'> <Ports = 2> <Width = 32> <Depth = 64> <RAM>
ST_2 : Operation 78 [1/1] (0.00ns)   --->   "%bitcast_ln12119_6 = bitcast i32 %v6618_6" [/home/silvenchen/Desktop/DitBlock/WorkDCT/DitBlock/kernel.cpp:12119]   --->   Operation 78 'bitcast' 'bitcast_ln12119_6' <Predicate = true> <Delay = 0.00>
ST_2 : Operation 79 [1/2] (0.69ns)   --->   "%v6618_7 = load i6 %v6609_7_addr" [/home/silvenchen/Desktop/DitBlock/WorkDCT/DitBlock/kernel.cpp:12116]   --->   Operation 79 'load' 'v6618_7' <Predicate = true> <Delay = 0.69> <CoreInst = "RAM">   --->   Core 83 'RAM' <Latency = 1> <II = 1> <Delay = 0.69> <Storage> <Opcode : 'load' 'store'> <Ports = 2> <Width = 32> <Depth = 64> <RAM>
ST_2 : Operation 80 [1/1] (0.00ns)   --->   "%bitcast_ln12119_7 = bitcast i32 %v6618_7" [/home/silvenchen/Desktop/DitBlock/WorkDCT/DitBlock/kernel.cpp:12119]   --->   Operation 80 'bitcast' 'bitcast_ln12119_7' <Predicate = true> <Delay = 0.00>
ST_2 : Operation 81 [1/1] (1.43ns)   --->   "%write_ln12119 = write void @_ssdm_op_Write.ap_fifo.volatile.i32P0A, i32 %A_fifo4, i32 %bitcast_ln12119" [/home/silvenchen/Desktop/DitBlock/WorkDCT/DitBlock/kernel.cpp:12119]   --->   Operation 81 'write' 'write_ln12119' <Predicate = true> <Delay = 1.43> <CoreInst = "FIFO_SRL">   --->   Core 81 'FIFO_SRL' <Latency = 0> <II = 1> <Delay = 1.43> <Storage> <Opcode : 'read' 'write' 'nbread' 'nbwrite'> <Ports = 0> <Width = 32> <Depth = 9> <FIFO>
ST_2 : Operation 82 [1/1] (1.43ns)   --->   "%write_ln12119 = write void @_ssdm_op_Write.ap_fifo.volatile.i32P0A, i32 %A_fifo4_9, i32 %bitcast_ln12119_1" [/home/silvenchen/Desktop/DitBlock/WorkDCT/DitBlock/kernel.cpp:12119]   --->   Operation 82 'write' 'write_ln12119' <Predicate = true> <Delay = 1.43> <CoreInst = "FIFO_SRL">   --->   Core 81 'FIFO_SRL' <Latency = 0> <II = 1> <Delay = 1.43> <Storage> <Opcode : 'read' 'write' 'nbread' 'nbwrite'> <Ports = 0> <Width = 32> <Depth = 9> <FIFO>
ST_2 : Operation 83 [1/1] (1.43ns)   --->   "%write_ln12119 = write void @_ssdm_op_Write.ap_fifo.volatile.i32P0A, i32 %A_fifo4_18, i32 %bitcast_ln12119_2" [/home/silvenchen/Desktop/DitBlock/WorkDCT/DitBlock/kernel.cpp:12119]   --->   Operation 83 'write' 'write_ln12119' <Predicate = true> <Delay = 1.43> <CoreInst = "FIFO_SRL">   --->   Core 81 'FIFO_SRL' <Latency = 0> <II = 1> <Delay = 1.43> <Storage> <Opcode : 'read' 'write' 'nbread' 'nbwrite'> <Ports = 0> <Width = 32> <Depth = 9> <FIFO>
ST_2 : Operation 84 [1/1] (1.43ns)   --->   "%write_ln12119 = write void @_ssdm_op_Write.ap_fifo.volatile.i32P0A, i32 %A_fifo4_27, i32 %bitcast_ln12119_3" [/home/silvenchen/Desktop/DitBlock/WorkDCT/DitBlock/kernel.cpp:12119]   --->   Operation 84 'write' 'write_ln12119' <Predicate = true> <Delay = 1.43> <CoreInst = "FIFO_SRL">   --->   Core 81 'FIFO_SRL' <Latency = 0> <II = 1> <Delay = 1.43> <Storage> <Opcode : 'read' 'write' 'nbread' 'nbwrite'> <Ports = 0> <Width = 32> <Depth = 9> <FIFO>
ST_2 : Operation 85 [1/1] (1.43ns)   --->   "%write_ln12119 = write void @_ssdm_op_Write.ap_fifo.volatile.i32P0A, i32 %A_fifo4_36, i32 %bitcast_ln12119_4" [/home/silvenchen/Desktop/DitBlock/WorkDCT/DitBlock/kernel.cpp:12119]   --->   Operation 85 'write' 'write_ln12119' <Predicate = true> <Delay = 1.43> <CoreInst = "FIFO_SRL">   --->   Core 81 'FIFO_SRL' <Latency = 0> <II = 1> <Delay = 1.43> <Storage> <Opcode : 'read' 'write' 'nbread' 'nbwrite'> <Ports = 0> <Width = 32> <Depth = 9> <FIFO>
ST_2 : Operation 86 [1/1] (1.43ns)   --->   "%write_ln12119 = write void @_ssdm_op_Write.ap_fifo.volatile.i32P0A, i32 %A_fifo4_45, i32 %bitcast_ln12119_5" [/home/silvenchen/Desktop/DitBlock/WorkDCT/DitBlock/kernel.cpp:12119]   --->   Operation 86 'write' 'write_ln12119' <Predicate = true> <Delay = 1.43> <CoreInst = "FIFO_SRL">   --->   Core 81 'FIFO_SRL' <Latency = 0> <II = 1> <Delay = 1.43> <Storage> <Opcode : 'read' 'write' 'nbread' 'nbwrite'> <Ports = 0> <Width = 32> <Depth = 9> <FIFO>
ST_2 : Operation 87 [1/1] (1.43ns)   --->   "%write_ln12119 = write void @_ssdm_op_Write.ap_fifo.volatile.i32P0A, i32 %A_fifo4_54, i32 %bitcast_ln12119_6" [/home/silvenchen/Desktop/DitBlock/WorkDCT/DitBlock/kernel.cpp:12119]   --->   Operation 87 'write' 'write_ln12119' <Predicate = true> <Delay = 1.43> <CoreInst = "FIFO_SRL">   --->   Core 81 'FIFO_SRL' <Latency = 0> <II = 1> <Delay = 1.43> <Storage> <Opcode : 'read' 'write' 'nbread' 'nbwrite'> <Ports = 0> <Width = 32> <Depth = 9> <FIFO>
ST_2 : Operation 88 [1/1] (1.43ns)   --->   "%write_ln12119 = write void @_ssdm_op_Write.ap_fifo.volatile.i32P0A, i32 %A_fifo4_63, i32 %bitcast_ln12119_7" [/home/silvenchen/Desktop/DitBlock/WorkDCT/DitBlock/kernel.cpp:12119]   --->   Operation 88 'write' 'write_ln12119' <Predicate = true> <Delay = 1.43> <CoreInst = "FIFO_SRL">   --->   Core 81 'FIFO_SRL' <Latency = 0> <II = 1> <Delay = 1.43> <Storage> <Opcode : 'read' 'write' 'nbread' 'nbwrite'> <Ports = 0> <Width = 32> <Depth = 9> <FIFO>
ST_2 : Operation 89 [1/2] (0.69ns)   --->   "%v6620 = load i6 %v6610_0_addr" [/home/silvenchen/Desktop/DitBlock/WorkDCT/DitBlock/kernel.cpp:12116]   --->   Operation 89 'load' 'v6620' <Predicate = true> <Delay = 0.69> <CoreInst = "RAM">   --->   Core 83 'RAM' <Latency = 1> <II = 1> <Delay = 0.69> <Storage> <Opcode : 'load' 'store'> <Ports = 2> <Width = 32> <Depth = 64> <RAM>
ST_2 : Operation 90 [1/1] (0.00ns)   --->   "%bitcast_ln12123 = bitcast i32 %v6620" [/home/silvenchen/Desktop/DitBlock/WorkDCT/DitBlock/kernel.cpp:12123]   --->   Operation 90 'bitcast' 'bitcast_ln12123' <Predicate = true> <Delay = 0.00>
ST_2 : Operation 91 [1/2] (0.69ns)   --->   "%v6620_1 = load i6 %v6610_1_addr" [/home/silvenchen/Desktop/DitBlock/WorkDCT/DitBlock/kernel.cpp:12116]   --->   Operation 91 'load' 'v6620_1' <Predicate = true> <Delay = 0.69> <CoreInst = "RAM">   --->   Core 83 'RAM' <Latency = 1> <II = 1> <Delay = 0.69> <Storage> <Opcode : 'load' 'store'> <Ports = 2> <Width = 32> <Depth = 64> <RAM>
ST_2 : Operation 92 [1/1] (0.00ns)   --->   "%bitcast_ln12123_1 = bitcast i32 %v6620_1" [/home/silvenchen/Desktop/DitBlock/WorkDCT/DitBlock/kernel.cpp:12123]   --->   Operation 92 'bitcast' 'bitcast_ln12123_1' <Predicate = true> <Delay = 0.00>
ST_2 : Operation 93 [1/2] (0.69ns)   --->   "%v6620_2 = load i6 %v6610_2_addr" [/home/silvenchen/Desktop/DitBlock/WorkDCT/DitBlock/kernel.cpp:12116]   --->   Operation 93 'load' 'v6620_2' <Predicate = true> <Delay = 0.69> <CoreInst = "RAM">   --->   Core 83 'RAM' <Latency = 1> <II = 1> <Delay = 0.69> <Storage> <Opcode : 'load' 'store'> <Ports = 2> <Width = 32> <Depth = 64> <RAM>
ST_2 : Operation 94 [1/1] (0.00ns)   --->   "%bitcast_ln12123_2 = bitcast i32 %v6620_2" [/home/silvenchen/Desktop/DitBlock/WorkDCT/DitBlock/kernel.cpp:12123]   --->   Operation 94 'bitcast' 'bitcast_ln12123_2' <Predicate = true> <Delay = 0.00>
ST_2 : Operation 95 [1/2] (0.69ns)   --->   "%v6620_3 = load i6 %v6610_3_addr" [/home/silvenchen/Desktop/DitBlock/WorkDCT/DitBlock/kernel.cpp:12116]   --->   Operation 95 'load' 'v6620_3' <Predicate = true> <Delay = 0.69> <CoreInst = "RAM">   --->   Core 83 'RAM' <Latency = 1> <II = 1> <Delay = 0.69> <Storage> <Opcode : 'load' 'store'> <Ports = 2> <Width = 32> <Depth = 64> <RAM>
ST_2 : Operation 96 [1/1] (0.00ns)   --->   "%bitcast_ln12123_3 = bitcast i32 %v6620_3" [/home/silvenchen/Desktop/DitBlock/WorkDCT/DitBlock/kernel.cpp:12123]   --->   Operation 96 'bitcast' 'bitcast_ln12123_3' <Predicate = true> <Delay = 0.00>
ST_2 : Operation 97 [1/2] (0.69ns)   --->   "%v6620_4 = load i6 %v6610_4_addr" [/home/silvenchen/Desktop/DitBlock/WorkDCT/DitBlock/kernel.cpp:12116]   --->   Operation 97 'load' 'v6620_4' <Predicate = true> <Delay = 0.69> <CoreInst = "RAM">   --->   Core 83 'RAM' <Latency = 1> <II = 1> <Delay = 0.69> <Storage> <Opcode : 'load' 'store'> <Ports = 2> <Width = 32> <Depth = 64> <RAM>
ST_2 : Operation 98 [1/1] (0.00ns)   --->   "%bitcast_ln12123_4 = bitcast i32 %v6620_4" [/home/silvenchen/Desktop/DitBlock/WorkDCT/DitBlock/kernel.cpp:12123]   --->   Operation 98 'bitcast' 'bitcast_ln12123_4' <Predicate = true> <Delay = 0.00>
ST_2 : Operation 99 [1/2] (0.69ns)   --->   "%v6620_5 = load i6 %v6610_5_addr" [/home/silvenchen/Desktop/DitBlock/WorkDCT/DitBlock/kernel.cpp:12116]   --->   Operation 99 'load' 'v6620_5' <Predicate = true> <Delay = 0.69> <CoreInst = "RAM">   --->   Core 83 'RAM' <Latency = 1> <II = 1> <Delay = 0.69> <Storage> <Opcode : 'load' 'store'> <Ports = 2> <Width = 32> <Depth = 64> <RAM>
ST_2 : Operation 100 [1/1] (0.00ns)   --->   "%bitcast_ln12123_5 = bitcast i32 %v6620_5" [/home/silvenchen/Desktop/DitBlock/WorkDCT/DitBlock/kernel.cpp:12123]   --->   Operation 100 'bitcast' 'bitcast_ln12123_5' <Predicate = true> <Delay = 0.00>
ST_2 : Operation 101 [1/2] (0.69ns)   --->   "%v6620_6 = load i6 %v6610_6_addr" [/home/silvenchen/Desktop/DitBlock/WorkDCT/DitBlock/kernel.cpp:12116]   --->   Operation 101 'load' 'v6620_6' <Predicate = true> <Delay = 0.69> <CoreInst = "RAM">   --->   Core 83 'RAM' <Latency = 1> <II = 1> <Delay = 0.69> <Storage> <Opcode : 'load' 'store'> <Ports = 2> <Width = 32> <Depth = 64> <RAM>
ST_2 : Operation 102 [1/1] (0.00ns)   --->   "%bitcast_ln12123_6 = bitcast i32 %v6620_6" [/home/silvenchen/Desktop/DitBlock/WorkDCT/DitBlock/kernel.cpp:12123]   --->   Operation 102 'bitcast' 'bitcast_ln12123_6' <Predicate = true> <Delay = 0.00>
ST_2 : Operation 103 [1/2] (0.69ns)   --->   "%v6620_7 = load i6 %v6610_7_addr" [/home/silvenchen/Desktop/DitBlock/WorkDCT/DitBlock/kernel.cpp:12116]   --->   Operation 103 'load' 'v6620_7' <Predicate = true> <Delay = 0.69> <CoreInst = "RAM">   --->   Core 83 'RAM' <Latency = 1> <II = 1> <Delay = 0.69> <Storage> <Opcode : 'load' 'store'> <Ports = 2> <Width = 32> <Depth = 64> <RAM>
ST_2 : Operation 104 [1/1] (0.00ns)   --->   "%bitcast_ln12123_7 = bitcast i32 %v6620_7" [/home/silvenchen/Desktop/DitBlock/WorkDCT/DitBlock/kernel.cpp:12123]   --->   Operation 104 'bitcast' 'bitcast_ln12123_7' <Predicate = true> <Delay = 0.00>
ST_2 : Operation 105 [1/1] (1.43ns)   --->   "%write_ln12123 = write void @_ssdm_op_Write.ap_fifo.volatile.i32P0A, i32 %B_fifo4, i32 %bitcast_ln12123" [/home/silvenchen/Desktop/DitBlock/WorkDCT/DitBlock/kernel.cpp:12123]   --->   Operation 105 'write' 'write_ln12123' <Predicate = true> <Delay = 1.43> <CoreInst = "FIFO_SRL">   --->   Core 81 'FIFO_SRL' <Latency = 0> <II = 1> <Delay = 1.43> <Storage> <Opcode : 'read' 'write' 'nbread' 'nbwrite'> <Ports = 0> <Width = 32> <Depth = 9> <FIFO>
ST_2 : Operation 106 [1/1] (1.43ns)   --->   "%write_ln12123 = write void @_ssdm_op_Write.ap_fifo.volatile.i32P0A, i32 %B_fifo4_9, i32 %bitcast_ln12123_1" [/home/silvenchen/Desktop/DitBlock/WorkDCT/DitBlock/kernel.cpp:12123]   --->   Operation 106 'write' 'write_ln12123' <Predicate = true> <Delay = 1.43> <CoreInst = "FIFO_SRL">   --->   Core 81 'FIFO_SRL' <Latency = 0> <II = 1> <Delay = 1.43> <Storage> <Opcode : 'read' 'write' 'nbread' 'nbwrite'> <Ports = 0> <Width = 32> <Depth = 9> <FIFO>
ST_2 : Operation 107 [1/1] (1.43ns)   --->   "%write_ln12123 = write void @_ssdm_op_Write.ap_fifo.volatile.i32P0A, i32 %B_fifo4_18, i32 %bitcast_ln12123_2" [/home/silvenchen/Desktop/DitBlock/WorkDCT/DitBlock/kernel.cpp:12123]   --->   Operation 107 'write' 'write_ln12123' <Predicate = true> <Delay = 1.43> <CoreInst = "FIFO_SRL">   --->   Core 81 'FIFO_SRL' <Latency = 0> <II = 1> <Delay = 1.43> <Storage> <Opcode : 'read' 'write' 'nbread' 'nbwrite'> <Ports = 0> <Width = 32> <Depth = 9> <FIFO>
ST_2 : Operation 108 [1/1] (1.43ns)   --->   "%write_ln12123 = write void @_ssdm_op_Write.ap_fifo.volatile.i32P0A, i32 %B_fifo4_27, i32 %bitcast_ln12123_3" [/home/silvenchen/Desktop/DitBlock/WorkDCT/DitBlock/kernel.cpp:12123]   --->   Operation 108 'write' 'write_ln12123' <Predicate = true> <Delay = 1.43> <CoreInst = "FIFO_SRL">   --->   Core 81 'FIFO_SRL' <Latency = 0> <II = 1> <Delay = 1.43> <Storage> <Opcode : 'read' 'write' 'nbread' 'nbwrite'> <Ports = 0> <Width = 32> <Depth = 9> <FIFO>
ST_2 : Operation 109 [1/1] (1.43ns)   --->   "%write_ln12123 = write void @_ssdm_op_Write.ap_fifo.volatile.i32P0A, i32 %B_fifo4_36, i32 %bitcast_ln12123_4" [/home/silvenchen/Desktop/DitBlock/WorkDCT/DitBlock/kernel.cpp:12123]   --->   Operation 109 'write' 'write_ln12123' <Predicate = true> <Delay = 1.43> <CoreInst = "FIFO_SRL">   --->   Core 81 'FIFO_SRL' <Latency = 0> <II = 1> <Delay = 1.43> <Storage> <Opcode : 'read' 'write' 'nbread' 'nbwrite'> <Ports = 0> <Width = 32> <Depth = 9> <FIFO>
ST_2 : Operation 110 [1/1] (1.43ns)   --->   "%write_ln12123 = write void @_ssdm_op_Write.ap_fifo.volatile.i32P0A, i32 %B_fifo4_45, i32 %bitcast_ln12123_5" [/home/silvenchen/Desktop/DitBlock/WorkDCT/DitBlock/kernel.cpp:12123]   --->   Operation 110 'write' 'write_ln12123' <Predicate = true> <Delay = 1.43> <CoreInst = "FIFO_SRL">   --->   Core 81 'FIFO_SRL' <Latency = 0> <II = 1> <Delay = 1.43> <Storage> <Opcode : 'read' 'write' 'nbread' 'nbwrite'> <Ports = 0> <Width = 32> <Depth = 9> <FIFO>
ST_2 : Operation 111 [1/1] (1.43ns)   --->   "%write_ln12123 = write void @_ssdm_op_Write.ap_fifo.volatile.i32P0A, i32 %B_fifo4_54, i32 %bitcast_ln12123_6" [/home/silvenchen/Desktop/DitBlock/WorkDCT/DitBlock/kernel.cpp:12123]   --->   Operation 111 'write' 'write_ln12123' <Predicate = true> <Delay = 1.43> <CoreInst = "FIFO_SRL">   --->   Core 81 'FIFO_SRL' <Latency = 0> <II = 1> <Delay = 1.43> <Storage> <Opcode : 'read' 'write' 'nbread' 'nbwrite'> <Ports = 0> <Width = 32> <Depth = 9> <FIFO>
ST_2 : Operation 112 [1/1] (1.43ns)   --->   "%write_ln12123 = write void @_ssdm_op_Write.ap_fifo.volatile.i32P0A, i32 %B_fifo4_63, i32 %bitcast_ln12123_7" [/home/silvenchen/Desktop/DitBlock/WorkDCT/DitBlock/kernel.cpp:12123]   --->   Operation 112 'write' 'write_ln12123' <Predicate = true> <Delay = 1.43> <CoreInst = "FIFO_SRL">   --->   Core 81 'FIFO_SRL' <Latency = 0> <II = 1> <Delay = 1.43> <Storage> <Opcode : 'read' 'write' 'nbread' 'nbwrite'> <Ports = 0> <Width = 32> <Depth = 9> <FIFO>
ST_2 : Operation 113 [1/1] (0.00ns)   --->   "%br_ln12116 = br void %for.cond" [/home/silvenchen/Desktop/DitBlock/WorkDCT/DitBlock/kernel.cpp:12116]   --->   Operation 113 'br' 'br_ln12116' <Predicate = true> <Delay = 0.00>


============================================================
+ Verbose Summary: Binding
============================================================
STG Binding: 
---------------- STG Properties BEGIN ----------------
- Is combinational: 0
- Is one-state seq: 0
- Is datapath-only: 0
- Is pipelined: 0
- Is top level: 0
Port [ Return ] is wired: 1; IO mode=ap_ctrl_hs:ce=0
Port [ v6609_0]:  wired=1; compound=1; hidden=0; nouse=0; global=0; static=0; extern=0; dir=0; type=1; pingpong=1; private_global=0; MemPort=[13]; IO mode=ap_memory:ce=0
Port [ v6609_1]:  wired=1; compound=1; hidden=0; nouse=0; global=0; static=0; extern=0; dir=0; type=1; pingpong=1; private_global=0; MemPort=[13]; IO mode=ap_memory:ce=0
Port [ v6609_2]:  wired=1; compound=1; hidden=0; nouse=0; global=0; static=0; extern=0; dir=0; type=1; pingpong=1; private_global=0; MemPort=[13]; IO mode=ap_memory:ce=0
Port [ v6609_3]:  wired=1; compound=1; hidden=0; nouse=0; global=0; static=0; extern=0; dir=0; type=1; pingpong=1; private_global=0; MemPort=[13]; IO mode=ap_memory:ce=0
Port [ v6609_4]:  wired=1; compound=1; hidden=0; nouse=0; global=0; static=0; extern=0; dir=0; type=1; pingpong=1; private_global=0; MemPort=[13]; IO mode=ap_memory:ce=0
Port [ v6609_5]:  wired=1; compound=1; hidden=0; nouse=0; global=0; static=0; extern=0; dir=0; type=1; pingpong=1; private_global=0; MemPort=[13]; IO mode=ap_memory:ce=0
Port [ v6609_6]:  wired=1; compound=1; hidden=0; nouse=0; global=0; static=0; extern=0; dir=0; type=1; pingpong=1; private_global=0; MemPort=[13]; IO mode=ap_memory:ce=0
Port [ v6609_7]:  wired=1; compound=1; hidden=0; nouse=0; global=0; static=0; extern=0; dir=0; type=1; pingpong=1; private_global=0; MemPort=[13]; IO mode=ap_memory:ce=0
Port [ A_fifo4]:  wired=1; compound=1; hidden=0; nouse=0; global=0; static=0; extern=0; dir=1; type=3; pingpong=0; private_global=0; IO mode=ap_fifo:ce=0
Port [ A_fifo4_9]:  wired=1; compound=1; hidden=0; nouse=0; global=0; static=0; extern=0; dir=1; type=3; pingpong=0; private_global=0; IO mode=ap_fifo:ce=0
Port [ A_fifo4_18]:  wired=1; compound=1; hidden=0; nouse=0; global=0; static=0; extern=0; dir=1; type=3; pingpong=0; private_global=0; IO mode=ap_fifo:ce=0
Port [ A_fifo4_27]:  wired=1; compound=1; hidden=0; nouse=0; global=0; static=0; extern=0; dir=1; type=3; pingpong=0; private_global=0; IO mode=ap_fifo:ce=0
Port [ A_fifo4_36]:  wired=1; compound=1; hidden=0; nouse=0; global=0; static=0; extern=0; dir=1; type=3; pingpong=0; private_global=0; IO mode=ap_fifo:ce=0
Port [ A_fifo4_45]:  wired=1; compound=1; hidden=0; nouse=0; global=0; static=0; extern=0; dir=1; type=3; pingpong=0; private_global=0; IO mode=ap_fifo:ce=0
Port [ A_fifo4_54]:  wired=1; compound=1; hidden=0; nouse=0; global=0; static=0; extern=0; dir=1; type=3; pingpong=0; private_global=0; IO mode=ap_fifo:ce=0
Port [ A_fifo4_63]:  wired=1; compound=1; hidden=0; nouse=0; global=0; static=0; extern=0; dir=1; type=3; pingpong=0; private_global=0; IO mode=ap_fifo:ce=0
Port [ v6610_0]:  wired=1; compound=1; hidden=0; nouse=0; global=0; static=0; extern=0; dir=0; type=1; pingpong=1; private_global=0; MemPort=[13]; IO mode=ap_memory:ce=0
Port [ v6610_1]:  wired=1; compound=1; hidden=0; nouse=0; global=0; static=0; extern=0; dir=0; type=1; pingpong=1; private_global=0; MemPort=[13]; IO mode=ap_memory:ce=0
Port [ v6610_2]:  wired=1; compound=1; hidden=0; nouse=0; global=0; static=0; extern=0; dir=0; type=1; pingpong=1; private_global=0; MemPort=[13]; IO mode=ap_memory:ce=0
Port [ v6610_3]:  wired=1; compound=1; hidden=0; nouse=0; global=0; static=0; extern=0; dir=0; type=1; pingpong=1; private_global=0; MemPort=[13]; IO mode=ap_memory:ce=0
Port [ v6610_4]:  wired=1; compound=1; hidden=0; nouse=0; global=0; static=0; extern=0; dir=0; type=1; pingpong=1; private_global=0; MemPort=[13]; IO mode=ap_memory:ce=0
Port [ v6610_5]:  wired=1; compound=1; hidden=0; nouse=0; global=0; static=0; extern=0; dir=0; type=1; pingpong=1; private_global=0; MemPort=[13]; IO mode=ap_memory:ce=0
Port [ v6610_6]:  wired=1; compound=1; hidden=0; nouse=0; global=0; static=0; extern=0; dir=0; type=1; pingpong=1; private_global=0; MemPort=[13]; IO mode=ap_memory:ce=0
Port [ v6610_7]:  wired=1; compound=1; hidden=0; nouse=0; global=0; static=0; extern=0; dir=0; type=1; pingpong=1; private_global=0; MemPort=[13]; IO mode=ap_memory:ce=0
Port [ B_fifo4]:  wired=1; compound=1; hidden=0; nouse=0; global=0; static=0; extern=0; dir=1; type=3; pingpong=0; private_global=0; IO mode=ap_fifo:ce=0
Port [ B_fifo4_9]:  wired=1; compound=1; hidden=0; nouse=0; global=0; static=0; extern=0; dir=1; type=3; pingpong=0; private_global=0; IO mode=ap_fifo:ce=0
Port [ B_fifo4_18]:  wired=1; compound=1; hidden=0; nouse=0; global=0; static=0; extern=0; dir=1; type=3; pingpong=0; private_global=0; IO mode=ap_fifo:ce=0
Port [ B_fifo4_27]:  wired=1; compound=1; hidden=0; nouse=0; global=0; static=0; extern=0; dir=1; type=3; pingpong=0; private_global=0; IO mode=ap_fifo:ce=0
Port [ B_fifo4_36]:  wired=1; compound=1; hidden=0; nouse=0; global=0; static=0; extern=0; dir=1; type=3; pingpong=0; private_global=0; IO mode=ap_fifo:ce=0
Port [ B_fifo4_45]:  wired=1; compound=1; hidden=0; nouse=0; global=0; static=0; extern=0; dir=1; type=3; pingpong=0; private_global=0; IO mode=ap_fifo:ce=0
Port [ B_fifo4_54]:  wired=1; compound=1; hidden=0; nouse=0; global=0; static=0; extern=0; dir=1; type=3; pingpong=0; private_global=0; IO mode=ap_fifo:ce=0
Port [ B_fifo4_63]:  wired=1; compound=1; hidden=0; nouse=0; global=0; static=0; extern=0; dir=1; type=3; pingpong=0; private_global=0; IO mode=ap_fifo:ce=0
---------------- STG Properties END ------------------

---------------- Datapath Model BEGIN ----------------

<LifeTime>
<method=bitvector/>
k272                  (alloca           ) [ 010]
specinterface_ln0     (specinterface    ) [ 000]
specinterface_ln0     (specinterface    ) [ 000]
specinterface_ln0     (specinterface    ) [ 000]
specinterface_ln0     (specinterface    ) [ 000]
specinterface_ln0     (specinterface    ) [ 000]
specinterface_ln0     (specinterface    ) [ 000]
specinterface_ln0     (specinterface    ) [ 000]
specinterface_ln0     (specinterface    ) [ 000]
specinterface_ln0     (specinterface    ) [ 000]
specinterface_ln0     (specinterface    ) [ 000]
specinterface_ln0     (specinterface    ) [ 000]
specinterface_ln0     (specinterface    ) [ 000]
specinterface_ln0     (specinterface    ) [ 000]
specinterface_ln0     (specinterface    ) [ 000]
specinterface_ln0     (specinterface    ) [ 000]
specinterface_ln0     (specinterface    ) [ 000]
store_ln12116         (store            ) [ 000]
br_ln0                (br               ) [ 000]
k272_1                (load             ) [ 000]
icmp_ln12116          (icmp             ) [ 010]
add_ln12116           (add              ) [ 000]
br_ln12116            (br               ) [ 000]
zext_ln12116          (zext             ) [ 000]
v6609_0_addr          (getelementptr    ) [ 011]
v6609_1_addr          (getelementptr    ) [ 011]
v6609_2_addr          (getelementptr    ) [ 011]
v6609_3_addr          (getelementptr    ) [ 011]
v6609_4_addr          (getelementptr    ) [ 011]
v6609_5_addr          (getelementptr    ) [ 011]
v6609_6_addr          (getelementptr    ) [ 011]
v6609_7_addr          (getelementptr    ) [ 011]
v6610_0_addr          (getelementptr    ) [ 011]
v6610_1_addr          (getelementptr    ) [ 011]
v6610_2_addr          (getelementptr    ) [ 011]
v6610_3_addr          (getelementptr    ) [ 011]
v6610_4_addr          (getelementptr    ) [ 011]
v6610_5_addr          (getelementptr    ) [ 011]
v6610_6_addr          (getelementptr    ) [ 011]
v6610_7_addr          (getelementptr    ) [ 011]
store_ln12116         (store            ) [ 000]
specpipeline_ln0      (specpipeline     ) [ 000]
speclooptripcount_ln0 (speclooptripcount) [ 000]
specloopname_ln12116  (specloopname     ) [ 000]
v6618                 (load             ) [ 000]
bitcast_ln12119       (bitcast          ) [ 000]
v6618_1               (load             ) [ 000]
bitcast_ln12119_1     (bitcast          ) [ 000]
v6618_2               (load             ) [ 000]
bitcast_ln12119_2     (bitcast          ) [ 000]
v6618_3               (load             ) [ 000]
bitcast_ln12119_3     (bitcast          ) [ 000]
v6618_4               (load             ) [ 000]
bitcast_ln12119_4     (bitcast          ) [ 000]
v6618_5               (load             ) [ 000]
bitcast_ln12119_5     (bitcast          ) [ 000]
v6618_6               (load             ) [ 000]
bitcast_ln12119_6     (bitcast          ) [ 000]
v6618_7               (load             ) [ 000]
bitcast_ln12119_7     (bitcast          ) [ 000]
write_ln12119         (write            ) [ 000]
write_ln12119         (write            ) [ 000]
write_ln12119         (write            ) [ 000]
write_ln12119         (write            ) [ 000]
write_ln12119         (write            ) [ 000]
write_ln12119         (write            ) [ 000]
write_ln12119         (write            ) [ 000]
write_ln12119         (write            ) [ 000]
v6620                 (load             ) [ 000]
bitcast_ln12123       (bitcast          ) [ 000]
v6620_1               (load             ) [ 000]
bitcast_ln12123_1     (bitcast          ) [ 000]
v6620_2               (load             ) [ 000]
bitcast_ln12123_2     (bitcast          ) [ 000]
v6620_3               (load             ) [ 000]
bitcast_ln12123_3     (bitcast          ) [ 000]
v6620_4               (load             ) [ 000]
bitcast_ln12123_4     (bitcast          ) [ 000]
v6620_5               (load             ) [ 000]
bitcast_ln12123_5     (bitcast          ) [ 000]
v6620_6               (load             ) [ 000]
bitcast_ln12123_6     (bitcast          ) [ 000]
v6620_7               (load             ) [ 000]
bitcast_ln12123_7     (bitcast          ) [ 000]
write_ln12123         (write            ) [ 000]
write_ln12123         (write            ) [ 000]
write_ln12123         (write            ) [ 000]
write_ln12123         (write            ) [ 000]
write_ln12123         (write            ) [ 000]
write_ln12123         (write            ) [ 000]
write_ln12123         (write            ) [ 000]
write_ln12123         (write            ) [ 000]
br_ln12116            (br               ) [ 000]
ret_ln0               (ret              ) [ 000]
</LifeTime>

<model>

<comp_list>
<comp id="0" class="1000" name="v6609_0">
<pin_list>
<pin id="1" dir="1" index="0" bw="1" slack="0"/>
</pin_list>
<bind>
<StgValue><ssdm name="v6609_0"/><MemPortTyVec>1 3 </MemPortTyVec>
</StgValue>
</bind>
</comp>

<comp id="2" class="1000" name="v6609_1">
<pin_list>
<pin id="3" dir="1" index="0" bw="1" slack="0"/>
</pin_list>
<bind>
<StgValue><ssdm name="v6609_1"/><MemPortTyVec>1 3 </MemPortTyVec>
</StgValue>
</bind>
</comp>

<comp id="4" class="1000" name="v6609_2">
<pin_list>
<pin id="5" dir="1" index="0" bw="1" slack="0"/>
</pin_list>
<bind>
<StgValue><ssdm name="v6609_2"/><MemPortTyVec>1 3 </MemPortTyVec>
</StgValue>
</bind>
</comp>

<comp id="6" class="1000" name="v6609_3">
<pin_list>
<pin id="7" dir="1" index="0" bw="1" slack="0"/>
</pin_list>
<bind>
<StgValue><ssdm name="v6609_3"/><MemPortTyVec>1 3 </MemPortTyVec>
</StgValue>
</bind>
</comp>

<comp id="8" class="1000" name="v6609_4">
<pin_list>
<pin id="9" dir="1" index="0" bw="1" slack="0"/>
</pin_list>
<bind>
<StgValue><ssdm name="v6609_4"/><MemPortTyVec>1 3 </MemPortTyVec>
</StgValue>
</bind>
</comp>

<comp id="10" class="1000" name="v6609_5">
<pin_list>
<pin id="11" dir="1" index="0" bw="1" slack="0"/>
</pin_list>
<bind>
<StgValue><ssdm name="v6609_5"/><MemPortTyVec>1 3 </MemPortTyVec>
</StgValue>
</bind>
</comp>

<comp id="12" class="1000" name="v6609_6">
<pin_list>
<pin id="13" dir="1" index="0" bw="1" slack="0"/>
</pin_list>
<bind>
<StgValue><ssdm name="v6609_6"/><MemPortTyVec>1 3 </MemPortTyVec>
</StgValue>
</bind>
</comp>

<comp id="14" class="1000" name="v6609_7">
<pin_list>
<pin id="15" dir="1" index="0" bw="1" slack="0"/>
</pin_list>
<bind>
<StgValue><ssdm name="v6609_7"/><MemPortTyVec>1 3 </MemPortTyVec>
</StgValue>
</bind>
</comp>

<comp id="16" class="1000" name="A_fifo4">
<pin_list>
<pin id="17" dir="1" index="0" bw="1" slack="0"/>
</pin_list>
<bind>
<StgValue><ssdm name="A_fifo4"/></StgValue>
</bind>
</comp>

<comp id="18" class="1000" name="A_fifo4_9">
<pin_list>
<pin id="19" dir="1" index="0" bw="1" slack="0"/>
</pin_list>
<bind>
<StgValue><ssdm name="A_fifo4_9"/></StgValue>
</bind>
</comp>

<comp id="20" class="1000" name="A_fifo4_18">
<pin_list>
<pin id="21" dir="1" index="0" bw="1" slack="0"/>
</pin_list>
<bind>
<StgValue><ssdm name="A_fifo4_18"/></StgValue>
</bind>
</comp>

<comp id="22" class="1000" name="A_fifo4_27">
<pin_list>
<pin id="23" dir="1" index="0" bw="1" slack="0"/>
</pin_list>
<bind>
<StgValue><ssdm name="A_fifo4_27"/></StgValue>
</bind>
</comp>

<comp id="24" class="1000" name="A_fifo4_36">
<pin_list>
<pin id="25" dir="1" index="0" bw="1" slack="0"/>
</pin_list>
<bind>
<StgValue><ssdm name="A_fifo4_36"/></StgValue>
</bind>
</comp>

<comp id="26" class="1000" name="A_fifo4_45">
<pin_list>
<pin id="27" dir="1" index="0" bw="1" slack="0"/>
</pin_list>
<bind>
<StgValue><ssdm name="A_fifo4_45"/></StgValue>
</bind>
</comp>

<comp id="28" class="1000" name="A_fifo4_54">
<pin_list>
<pin id="29" dir="1" index="0" bw="1" slack="0"/>
</pin_list>
<bind>
<StgValue><ssdm name="A_fifo4_54"/></StgValue>
</bind>
</comp>

<comp id="30" class="1000" name="A_fifo4_63">
<pin_list>
<pin id="31" dir="1" index="0" bw="1" slack="0"/>
</pin_list>
<bind>
<StgValue><ssdm name="A_fifo4_63"/></StgValue>
</bind>
</comp>

<comp id="32" class="1000" name="v6610_0">
<pin_list>
<pin id="33" dir="1" index="0" bw="1" slack="0"/>
</pin_list>
<bind>
<StgValue><ssdm name="v6610_0"/><MemPortTyVec>1 3 </MemPortTyVec>
</StgValue>
</bind>
</comp>

<comp id="34" class="1000" name="v6610_1">
<pin_list>
<pin id="35" dir="1" index="0" bw="1" slack="0"/>
</pin_list>
<bind>
<StgValue><ssdm name="v6610_1"/><MemPortTyVec>1 3 </MemPortTyVec>
</StgValue>
</bind>
</comp>

<comp id="36" class="1000" name="v6610_2">
<pin_list>
<pin id="37" dir="1" index="0" bw="1" slack="0"/>
</pin_list>
<bind>
<StgValue><ssdm name="v6610_2"/><MemPortTyVec>1 3 </MemPortTyVec>
</StgValue>
</bind>
</comp>

<comp id="38" class="1000" name="v6610_3">
<pin_list>
<pin id="39" dir="1" index="0" bw="1" slack="0"/>
</pin_list>
<bind>
<StgValue><ssdm name="v6610_3"/><MemPortTyVec>1 3 </MemPortTyVec>
</StgValue>
</bind>
</comp>

<comp id="40" class="1000" name="v6610_4">
<pin_list>
<pin id="41" dir="1" index="0" bw="1" slack="0"/>
</pin_list>
<bind>
<StgValue><ssdm name="v6610_4"/><MemPortTyVec>1 3 </MemPortTyVec>
</StgValue>
</bind>
</comp>

<comp id="42" class="1000" name="v6610_5">
<pin_list>
<pin id="43" dir="1" index="0" bw="1" slack="0"/>
</pin_list>
<bind>
<StgValue><ssdm name="v6610_5"/><MemPortTyVec>1 3 </MemPortTyVec>
</StgValue>
</bind>
</comp>

<comp id="44" class="1000" name="v6610_6">
<pin_list>
<pin id="45" dir="1" index="0" bw="1" slack="0"/>
</pin_list>
<bind>
<StgValue><ssdm name="v6610_6"/><MemPortTyVec>1 3 </MemPortTyVec>
</StgValue>
</bind>
</comp>

<comp id="46" class="1000" name="v6610_7">
<pin_list>
<pin id="47" dir="1" index="0" bw="1" slack="0"/>
</pin_list>
<bind>
<StgValue><ssdm name="v6610_7"/><MemPortTyVec>1 3 </MemPortTyVec>
</StgValue>
</bind>
</comp>

<comp id="48" class="1000" name="B_fifo4">
<pin_list>
<pin id="49" dir="1" index="0" bw="1" slack="0"/>
</pin_list>
<bind>
<StgValue><ssdm name="B_fifo4"/></StgValue>
</bind>
</comp>

<comp id="50" class="1000" name="B_fifo4_9">
<pin_list>
<pin id="51" dir="1" index="0" bw="1" slack="0"/>
</pin_list>
<bind>
<StgValue><ssdm name="B_fifo4_9"/></StgValue>
</bind>
</comp>

<comp id="52" class="1000" name="B_fifo4_18">
<pin_list>
<pin id="53" dir="1" index="0" bw="1" slack="0"/>
</pin_list>
<bind>
<StgValue><ssdm name="B_fifo4_18"/></StgValue>
</bind>
</comp>

<comp id="54" class="1000" name="B_fifo4_27">
<pin_list>
<pin id="55" dir="1" index="0" bw="1" slack="0"/>
</pin_list>
<bind>
<StgValue><ssdm name="B_fifo4_27"/></StgValue>
</bind>
</comp>

<comp id="56" class="1000" name="B_fifo4_36">
<pin_list>
<pin id="57" dir="1" index="0" bw="1" slack="0"/>
</pin_list>
<bind>
<StgValue><ssdm name="B_fifo4_36"/></StgValue>
</bind>
</comp>

<comp id="58" class="1000" name="B_fifo4_45">
<pin_list>
<pin id="59" dir="1" index="0" bw="1" slack="0"/>
</pin_list>
<bind>
<StgValue><ssdm name="B_fifo4_45"/></StgValue>
</bind>
</comp>

<comp id="60" class="1000" name="B_fifo4_54">
<pin_list>
<pin id="61" dir="1" index="0" bw="1" slack="0"/>
</pin_list>
<bind>
<StgValue><ssdm name="B_fifo4_54"/></StgValue>
</bind>
</comp>

<comp id="62" class="1000" name="B_fifo4_63">
<pin_list>
<pin id="63" dir="1" index="0" bw="1" slack="0"/>
</pin_list>
<bind>
<StgValue><ssdm name="B_fifo4_63"/></StgValue>
</bind>
</comp>

<comp id="64" class="1001" name="const_64">
<pin_list>
<pin id="65" dir="1" index="0" bw="1" slack="0"/>
</pin_list>
<bind>
<StgValue><ssdm name=""/></StgValue>
</bind>
</comp>

<comp id="66" class="1001" name="const_66">
<pin_list>
<pin id="67" dir="1" index="0" bw="1" slack="2147483647"/>
</pin_list>
<bind>
<StgValue><ssdm name="_ssdm_op_SpecInterface"/></StgValue>
</bind>
</comp>

<comp id="68" class="1001" name="const_68">
<pin_list>
<pin id="69" dir="1" index="0" bw="1" slack="2147483647"/>
</pin_list>
<bind>
<StgValue><ssdm name="empty_234"/></StgValue>
</bind>
</comp>

<comp id="70" class="1001" name="const_70">
<pin_list>
<pin id="71" dir="1" index="0" bw="1" slack="2147483647"/>
</pin_list>
<bind>
<StgValue><ssdm name=""/></StgValue>
</bind>
</comp>

<comp id="72" class="1001" name="const_72">
<pin_list>
<pin id="73" dir="1" index="0" bw="1" slack="2147483647"/>
</pin_list>
<bind>
<StgValue><ssdm name="empty_191"/></StgValue>
</bind>
</comp>

<comp id="74" class="1001" name="const_74">
<pin_list>
<pin id="75" dir="1" index="0" bw="1" slack="2147483647"/>
</pin_list>
<bind>
<StgValue><ssdm name=""/></StgValue>
</bind>
</comp>

<comp id="76" class="1001" name="const_76">
<pin_list>
<pin id="77" dir="1" index="0" bw="1" slack="0"/>
</pin_list>
<bind>
<StgValue><ssdm name=""/></StgValue>
</bind>
</comp>

<comp id="78" class="1001" name="const_78">
<pin_list>
<pin id="79" dir="1" index="0" bw="1" slack="0"/>
</pin_list>
<bind>
<StgValue><ssdm name=""/></StgValue>
</bind>
</comp>

<comp id="80" class="1001" name="const_80">
<pin_list>
<pin id="81" dir="1" index="0" bw="1" slack="0"/>
</pin_list>
<bind>
<StgValue><ssdm name=""/></StgValue>
</bind>
</comp>

<comp id="82" class="1001" name="const_82">
<pin_list>
<pin id="83" dir="1" index="0" bw="1" slack="0"/>
</pin_list>
<bind>
<StgValue><ssdm name=""/></StgValue>
</bind>
</comp>

<comp id="84" class="1001" name="const_84">
<pin_list>
<pin id="85" dir="1" index="0" bw="1" slack="2147483647"/>
</pin_list>
<bind>
<StgValue><ssdm name="_ssdm_op_SpecPipeline"/></StgValue>
</bind>
</comp>

<comp id="86" class="1001" name="const_86">
<pin_list>
<pin id="87" dir="1" index="0" bw="1" slack="2147483647"/>
</pin_list>
<bind>
<StgValue><ssdm name="_ssdm_op_SpecLoopTripCount"/></StgValue>
</bind>
</comp>

<comp id="88" class="1001" name="const_88">
<pin_list>
<pin id="89" dir="1" index="0" bw="1" slack="2147483647"/>
</pin_list>
<bind>
<StgValue><ssdm name=""/></StgValue>
</bind>
</comp>

<comp id="90" class="1001" name="const_90">
<pin_list>
<pin id="91" dir="1" index="0" bw="1" slack="2147483647"/>
</pin_list>
<bind>
<StgValue><ssdm name="_ssdm_op_SpecLoopName"/></StgValue>
</bind>
</comp>

<comp id="92" class="1001" name="const_92">
<pin_list>
<pin id="93" dir="1" index="0" bw="1" slack="2147483647"/>
</pin_list>
<bind>
<StgValue><ssdm name="empty_178"/></StgValue>
</bind>
</comp>

<comp id="94" class="1001" name="const_94">
<pin_list>
<pin id="95" dir="1" index="0" bw="1" slack="0"/>
</pin_list>
<bind>
<StgValue><ssdm name="_ssdm_op_Write.ap_fifo.volatile.i32P0A"/></StgValue>
</bind>
</comp>

<comp id="96" class="1004" name="k272_fu_96">
<pin_list>
<pin id="97" dir="0" index="0" bw="1" slack="0"/>
<pin id="98" dir="1" index="1" bw="7" slack="0"/>
</pin_list>
<bind>
<opcode="alloca(26) " fcode="alloca"/>
<opset="k272/1 "/>
</bind>
</comp>

<comp id="100" class="1004" name="write_ln12119_write_fu_100">
<pin_list>
<pin id="101" dir="0" index="0" bw="0" slack="0"/>
<pin id="102" dir="0" index="1" bw="32" slack="0"/>
<pin id="103" dir="0" index="2" bw="32" slack="0"/>
<pin id="104" dir="1" index="3" bw="0" slack="2147483647"/>
</pin_list>
<bind>
<opcode="write(1151) " fcode="write"/>
<opset="write_ln12119/2 "/>
</bind>
</comp>

<comp id="107" class="1004" name="write_ln12119_write_fu_107">
<pin_list>
<pin id="108" dir="0" index="0" bw="0" slack="0"/>
<pin id="109" dir="0" index="1" bw="32" slack="0"/>
<pin id="110" dir="0" index="2" bw="32" slack="0"/>
<pin id="111" dir="1" index="3" bw="0" slack="2147483647"/>
</pin_list>
<bind>
<opcode="write(1151) " fcode="write"/>
<opset="write_ln12119/2 "/>
</bind>
</comp>

<comp id="114" class="1004" name="write_ln12119_write_fu_114">
<pin_list>
<pin id="115" dir="0" index="0" bw="0" slack="0"/>
<pin id="116" dir="0" index="1" bw="32" slack="0"/>
<pin id="117" dir="0" index="2" bw="32" slack="0"/>
<pin id="118" dir="1" index="3" bw="0" slack="2147483647"/>
</pin_list>
<bind>
<opcode="write(1151) " fcode="write"/>
<opset="write_ln12119/2 "/>
</bind>
</comp>

<comp id="121" class="1004" name="write_ln12119_write_fu_121">
<pin_list>
<pin id="122" dir="0" index="0" bw="0" slack="0"/>
<pin id="123" dir="0" index="1" bw="32" slack="0"/>
<pin id="124" dir="0" index="2" bw="32" slack="0"/>
<pin id="125" dir="1" index="3" bw="0" slack="2147483647"/>
</pin_list>
<bind>
<opcode="write(1151) " fcode="write"/>
<opset="write_ln12119/2 "/>
</bind>
</comp>

<comp id="128" class="1004" name="write_ln12119_write_fu_128">
<pin_list>
<pin id="129" dir="0" index="0" bw="0" slack="0"/>
<pin id="130" dir="0" index="1" bw="32" slack="0"/>
<pin id="131" dir="0" index="2" bw="32" slack="0"/>
<pin id="132" dir="1" index="3" bw="0" slack="2147483647"/>
</pin_list>
<bind>
<opcode="write(1151) " fcode="write"/>
<opset="write_ln12119/2 "/>
</bind>
</comp>

<comp id="135" class="1004" name="write_ln12119_write_fu_135">
<pin_list>
<pin id="136" dir="0" index="0" bw="0" slack="0"/>
<pin id="137" dir="0" index="1" bw="32" slack="0"/>
<pin id="138" dir="0" index="2" bw="32" slack="0"/>
<pin id="139" dir="1" index="3" bw="0" slack="2147483647"/>
</pin_list>
<bind>
<opcode="write(1151) " fcode="write"/>
<opset="write_ln12119/2 "/>
</bind>
</comp>

<comp id="142" class="1004" name="write_ln12119_write_fu_142">
<pin_list>
<pin id="143" dir="0" index="0" bw="0" slack="0"/>
<pin id="144" dir="0" index="1" bw="32" slack="0"/>
<pin id="145" dir="0" index="2" bw="32" slack="0"/>
<pin id="146" dir="1" index="3" bw="0" slack="2147483647"/>
</pin_list>
<bind>
<opcode="write(1151) " fcode="write"/>
<opset="write_ln12119/2 "/>
</bind>
</comp>

<comp id="149" class="1004" name="write_ln12119_write_fu_149">
<pin_list>
<pin id="150" dir="0" index="0" bw="0" slack="0"/>
<pin id="151" dir="0" index="1" bw="32" slack="0"/>
<pin id="152" dir="0" index="2" bw="32" slack="0"/>
<pin id="153" dir="1" index="3" bw="0" slack="2147483647"/>
</pin_list>
<bind>
<opcode="write(1151) " fcode="write"/>
<opset="write_ln12119/2 "/>
</bind>
</comp>

<comp id="156" class="1004" name="write_ln12123_write_fu_156">
<pin_list>
<pin id="157" dir="0" index="0" bw="0" slack="0"/>
<pin id="158" dir="0" index="1" bw="32" slack="0"/>
<pin id="159" dir="0" index="2" bw="32" slack="0"/>
<pin id="160" dir="1" index="3" bw="0" slack="2147483647"/>
</pin_list>
<bind>
<opcode="write(1151) " fcode="write"/>
<opset="write_ln12123/2 "/>
</bind>
</comp>

<comp id="163" class="1004" name="write_ln12123_write_fu_163">
<pin_list>
<pin id="164" dir="0" index="0" bw="0" slack="0"/>
<pin id="165" dir="0" index="1" bw="32" slack="0"/>
<pin id="166" dir="0" index="2" bw="32" slack="0"/>
<pin id="167" dir="1" index="3" bw="0" slack="2147483647"/>
</pin_list>
<bind>
<opcode="write(1151) " fcode="write"/>
<opset="write_ln12123/2 "/>
</bind>
</comp>

<comp id="170" class="1004" name="write_ln12123_write_fu_170">
<pin_list>
<pin id="171" dir="0" index="0" bw="0" slack="0"/>
<pin id="172" dir="0" index="1" bw="32" slack="0"/>
<pin id="173" dir="0" index="2" bw="32" slack="0"/>
<pin id="174" dir="1" index="3" bw="0" slack="2147483647"/>
</pin_list>
<bind>
<opcode="write(1151) " fcode="write"/>
<opset="write_ln12123/2 "/>
</bind>
</comp>

<comp id="177" class="1004" name="write_ln12123_write_fu_177">
<pin_list>
<pin id="178" dir="0" index="0" bw="0" slack="0"/>
<pin id="179" dir="0" index="1" bw="32" slack="0"/>
<pin id="180" dir="0" index="2" bw="32" slack="0"/>
<pin id="181" dir="1" index="3" bw="0" slack="2147483647"/>
</pin_list>
<bind>
<opcode="write(1151) " fcode="write"/>
<opset="write_ln12123/2 "/>
</bind>
</comp>

<comp id="184" class="1004" name="write_ln12123_write_fu_184">
<pin_list>
<pin id="185" dir="0" index="0" bw="0" slack="0"/>
<pin id="186" dir="0" index="1" bw="32" slack="0"/>
<pin id="187" dir="0" index="2" bw="32" slack="0"/>
<pin id="188" dir="1" index="3" bw="0" slack="2147483647"/>
</pin_list>
<bind>
<opcode="write(1151) " fcode="write"/>
<opset="write_ln12123/2 "/>
</bind>
</comp>

<comp id="191" class="1004" name="write_ln12123_write_fu_191">
<pin_list>
<pin id="192" dir="0" index="0" bw="0" slack="0"/>
<pin id="193" dir="0" index="1" bw="32" slack="0"/>
<pin id="194" dir="0" index="2" bw="32" slack="0"/>
<pin id="195" dir="1" index="3" bw="0" slack="2147483647"/>
</pin_list>
<bind>
<opcode="write(1151) " fcode="write"/>
<opset="write_ln12123/2 "/>
</bind>
</comp>

<comp id="198" class="1004" name="write_ln12123_write_fu_198">
<pin_list>
<pin id="199" dir="0" index="0" bw="0" slack="0"/>
<pin id="200" dir="0" index="1" bw="32" slack="0"/>
<pin id="201" dir="0" index="2" bw="32" slack="0"/>
<pin id="202" dir="1" index="3" bw="0" slack="2147483647"/>
</pin_list>
<bind>
<opcode="write(1151) " fcode="write"/>
<opset="write_ln12123/2 "/>
</bind>
</comp>

<comp id="205" class="1004" name="write_ln12123_write_fu_205">
<pin_list>
<pin id="206" dir="0" index="0" bw="0" slack="0"/>
<pin id="207" dir="0" index="1" bw="32" slack="0"/>
<pin id="208" dir="0" index="2" bw="32" slack="0"/>
<pin id="209" dir="1" index="3" bw="0" slack="2147483647"/>
</pin_list>
<bind>
<opcode="write(1151) " fcode="write"/>
<opset="write_ln12123/2 "/>
</bind>
</comp>

<comp id="212" class="1004" name="v6609_0_addr_gep_fu_212">
<pin_list>
<pin id="213" dir="0" index="0" bw="32" slack="0"/>
<pin id="214" dir="0" index="1" bw="1" slack="0"/>
<pin id="215" dir="0" index="2" bw="7" slack="0"/>
<pin id="216" dir="1" index="3" bw="6" slack="0"/>
</pin_list>
<bind>
<opcode="getelementptr(29) " fcode="getelementptr"/>
<opset="v6609_0_addr/1 "/>
</bind>
</comp>

<comp id="219" class="1004" name="grp_access_fu_219">
<pin_list>
<pin id="220" dir="0" index="0" bw="6" slack="0"/>
<pin id="221" dir="0" index="1" bw="32" slack="2147483647"/>
<pin id="222" dir="0" index="2" bw="0" slack="2147483647"/>
<pin id="223" dir="1" index="3" bw="32" slack="0"/>
</pin_list>
<bind>
<opcode="load(27) " fcode="load"/>
<opset="v6618/1 "/>
</bind>
</comp>

<comp id="225" class="1004" name="v6609_1_addr_gep_fu_225">
<pin_list>
<pin id="226" dir="0" index="0" bw="32" slack="0"/>
<pin id="227" dir="0" index="1" bw="1" slack="0"/>
<pin id="228" dir="0" index="2" bw="7" slack="0"/>
<pin id="229" dir="1" index="3" bw="6" slack="0"/>
</pin_list>
<bind>
<opcode="getelementptr(29) " fcode="getelementptr"/>
<opset="v6609_1_addr/1 "/>
</bind>
</comp>

<comp id="232" class="1004" name="grp_access_fu_232">
<pin_list>
<pin id="233" dir="0" index="0" bw="6" slack="0"/>
<pin id="234" dir="0" index="1" bw="32" slack="2147483647"/>
<pin id="235" dir="0" index="2" bw="0" slack="2147483647"/>
<pin id="236" dir="1" index="3" bw="32" slack="0"/>
</pin_list>
<bind>
<opcode="load(27) " fcode="load"/>
<opset="v6618_1/1 "/>
</bind>
</comp>

<comp id="238" class="1004" name="v6609_2_addr_gep_fu_238">
<pin_list>
<pin id="239" dir="0" index="0" bw="32" slack="0"/>
<pin id="240" dir="0" index="1" bw="1" slack="0"/>
<pin id="241" dir="0" index="2" bw="7" slack="0"/>
<pin id="242" dir="1" index="3" bw="6" slack="0"/>
</pin_list>
<bind>
<opcode="getelementptr(29) " fcode="getelementptr"/>
<opset="v6609_2_addr/1 "/>
</bind>
</comp>

<comp id="245" class="1004" name="grp_access_fu_245">
<pin_list>
<pin id="246" dir="0" index="0" bw="6" slack="0"/>
<pin id="247" dir="0" index="1" bw="32" slack="2147483647"/>
<pin id="248" dir="0" index="2" bw="0" slack="2147483647"/>
<pin id="249" dir="1" index="3" bw="32" slack="0"/>
</pin_list>
<bind>
<opcode="load(27) " fcode="load"/>
<opset="v6618_2/1 "/>
</bind>
</comp>

<comp id="251" class="1004" name="v6609_3_addr_gep_fu_251">
<pin_list>
<pin id="252" dir="0" index="0" bw="32" slack="0"/>
<pin id="253" dir="0" index="1" bw="1" slack="0"/>
<pin id="254" dir="0" index="2" bw="7" slack="0"/>
<pin id="255" dir="1" index="3" bw="6" slack="0"/>
</pin_list>
<bind>
<opcode="getelementptr(29) " fcode="getelementptr"/>
<opset="v6609_3_addr/1 "/>
</bind>
</comp>

<comp id="258" class="1004" name="grp_access_fu_258">
<pin_list>
<pin id="259" dir="0" index="0" bw="6" slack="0"/>
<pin id="260" dir="0" index="1" bw="32" slack="2147483647"/>
<pin id="261" dir="0" index="2" bw="0" slack="2147483647"/>
<pin id="262" dir="1" index="3" bw="32" slack="0"/>
</pin_list>
<bind>
<opcode="load(27) " fcode="load"/>
<opset="v6618_3/1 "/>
</bind>
</comp>

<comp id="264" class="1004" name="v6609_4_addr_gep_fu_264">
<pin_list>
<pin id="265" dir="0" index="0" bw="32" slack="0"/>
<pin id="266" dir="0" index="1" bw="1" slack="0"/>
<pin id="267" dir="0" index="2" bw="7" slack="0"/>
<pin id="268" dir="1" index="3" bw="6" slack="0"/>
</pin_list>
<bind>
<opcode="getelementptr(29) " fcode="getelementptr"/>
<opset="v6609_4_addr/1 "/>
</bind>
</comp>

<comp id="271" class="1004" name="grp_access_fu_271">
<pin_list>
<pin id="272" dir="0" index="0" bw="6" slack="0"/>
<pin id="273" dir="0" index="1" bw="32" slack="2147483647"/>
<pin id="274" dir="0" index="2" bw="0" slack="2147483647"/>
<pin id="275" dir="1" index="3" bw="32" slack="0"/>
</pin_list>
<bind>
<opcode="load(27) " fcode="load"/>
<opset="v6618_4/1 "/>
</bind>
</comp>

<comp id="277" class="1004" name="v6609_5_addr_gep_fu_277">
<pin_list>
<pin id="278" dir="0" index="0" bw="32" slack="0"/>
<pin id="279" dir="0" index="1" bw="1" slack="0"/>
<pin id="280" dir="0" index="2" bw="7" slack="0"/>
<pin id="281" dir="1" index="3" bw="6" slack="0"/>
</pin_list>
<bind>
<opcode="getelementptr(29) " fcode="getelementptr"/>
<opset="v6609_5_addr/1 "/>
</bind>
</comp>

<comp id="284" class="1004" name="grp_access_fu_284">
<pin_list>
<pin id="285" dir="0" index="0" bw="6" slack="0"/>
<pin id="286" dir="0" index="1" bw="32" slack="2147483647"/>
<pin id="287" dir="0" index="2" bw="0" slack="2147483647"/>
<pin id="288" dir="1" index="3" bw="32" slack="0"/>
</pin_list>
<bind>
<opcode="load(27) " fcode="load"/>
<opset="v6618_5/1 "/>
</bind>
</comp>

<comp id="290" class="1004" name="v6609_6_addr_gep_fu_290">
<pin_list>
<pin id="291" dir="0" index="0" bw="32" slack="0"/>
<pin id="292" dir="0" index="1" bw="1" slack="0"/>
<pin id="293" dir="0" index="2" bw="7" slack="0"/>
<pin id="294" dir="1" index="3" bw="6" slack="0"/>
</pin_list>
<bind>
<opcode="getelementptr(29) " fcode="getelementptr"/>
<opset="v6609_6_addr/1 "/>
</bind>
</comp>

<comp id="297" class="1004" name="grp_access_fu_297">
<pin_list>
<pin id="298" dir="0" index="0" bw="6" slack="0"/>
<pin id="299" dir="0" index="1" bw="32" slack="2147483647"/>
<pin id="300" dir="0" index="2" bw="0" slack="2147483647"/>
<pin id="301" dir="1" index="3" bw="32" slack="0"/>
</pin_list>
<bind>
<opcode="load(27) " fcode="load"/>
<opset="v6618_6/1 "/>
</bind>
</comp>

<comp id="303" class="1004" name="v6609_7_addr_gep_fu_303">
<pin_list>
<pin id="304" dir="0" index="0" bw="32" slack="0"/>
<pin id="305" dir="0" index="1" bw="1" slack="0"/>
<pin id="306" dir="0" index="2" bw="7" slack="0"/>
<pin id="307" dir="1" index="3" bw="6" slack="0"/>
</pin_list>
<bind>
<opcode="getelementptr(29) " fcode="getelementptr"/>
<opset="v6609_7_addr/1 "/>
</bind>
</comp>

<comp id="310" class="1004" name="grp_access_fu_310">
<pin_list>
<pin id="311" dir="0" index="0" bw="6" slack="0"/>
<pin id="312" dir="0" index="1" bw="32" slack="2147483647"/>
<pin id="313" dir="0" index="2" bw="0" slack="2147483647"/>
<pin id="314" dir="1" index="3" bw="32" slack="0"/>
</pin_list>
<bind>
<opcode="load(27) " fcode="load"/>
<opset="v6618_7/1 "/>
</bind>
</comp>

<comp id="316" class="1004" name="v6610_0_addr_gep_fu_316">
<pin_list>
<pin id="317" dir="0" index="0" bw="32" slack="0"/>
<pin id="318" dir="0" index="1" bw="1" slack="0"/>
<pin id="319" dir="0" index="2" bw="7" slack="0"/>
<pin id="320" dir="1" index="3" bw="6" slack="0"/>
</pin_list>
<bind>
<opcode="getelementptr(29) " fcode="getelementptr"/>
<opset="v6610_0_addr/1 "/>
</bind>
</comp>

<comp id="323" class="1004" name="grp_access_fu_323">
<pin_list>
<pin id="324" dir="0" index="0" bw="6" slack="0"/>
<pin id="325" dir="0" index="1" bw="32" slack="2147483647"/>
<pin id="326" dir="0" index="2" bw="0" slack="2147483647"/>
<pin id="327" dir="1" index="3" bw="32" slack="0"/>
</pin_list>
<bind>
<opcode="load(27) " fcode="load"/>
<opset="v6620/1 "/>
</bind>
</comp>

<comp id="329" class="1004" name="v6610_1_addr_gep_fu_329">
<pin_list>
<pin id="330" dir="0" index="0" bw="32" slack="0"/>
<pin id="331" dir="0" index="1" bw="1" slack="0"/>
<pin id="332" dir="0" index="2" bw="7" slack="0"/>
<pin id="333" dir="1" index="3" bw="6" slack="0"/>
</pin_list>
<bind>
<opcode="getelementptr(29) " fcode="getelementptr"/>
<opset="v6610_1_addr/1 "/>
</bind>
</comp>

<comp id="336" class="1004" name="grp_access_fu_336">
<pin_list>
<pin id="337" dir="0" index="0" bw="6" slack="0"/>
<pin id="338" dir="0" index="1" bw="32" slack="2147483647"/>
<pin id="339" dir="0" index="2" bw="0" slack="2147483647"/>
<pin id="340" dir="1" index="3" bw="32" slack="0"/>
</pin_list>
<bind>
<opcode="load(27) " fcode="load"/>
<opset="v6620_1/1 "/>
</bind>
</comp>

<comp id="342" class="1004" name="v6610_2_addr_gep_fu_342">
<pin_list>
<pin id="343" dir="0" index="0" bw="32" slack="0"/>
<pin id="344" dir="0" index="1" bw="1" slack="0"/>
<pin id="345" dir="0" index="2" bw="7" slack="0"/>
<pin id="346" dir="1" index="3" bw="6" slack="0"/>
</pin_list>
<bind>
<opcode="getelementptr(29) " fcode="getelementptr"/>
<opset="v6610_2_addr/1 "/>
</bind>
</comp>

<comp id="349" class="1004" name="grp_access_fu_349">
<pin_list>
<pin id="350" dir="0" index="0" bw="6" slack="0"/>
<pin id="351" dir="0" index="1" bw="32" slack="2147483647"/>
<pin id="352" dir="0" index="2" bw="0" slack="2147483647"/>
<pin id="353" dir="1" index="3" bw="32" slack="0"/>
</pin_list>
<bind>
<opcode="load(27) " fcode="load"/>
<opset="v6620_2/1 "/>
</bind>
</comp>

<comp id="355" class="1004" name="v6610_3_addr_gep_fu_355">
<pin_list>
<pin id="356" dir="0" index="0" bw="32" slack="0"/>
<pin id="357" dir="0" index="1" bw="1" slack="0"/>
<pin id="358" dir="0" index="2" bw="7" slack="0"/>
<pin id="359" dir="1" index="3" bw="6" slack="0"/>
</pin_list>
<bind>
<opcode="getelementptr(29) " fcode="getelementptr"/>
<opset="v6610_3_addr/1 "/>
</bind>
</comp>

<comp id="362" class="1004" name="grp_access_fu_362">
<pin_list>
<pin id="363" dir="0" index="0" bw="6" slack="0"/>
<pin id="364" dir="0" index="1" bw="32" slack="2147483647"/>
<pin id="365" dir="0" index="2" bw="0" slack="2147483647"/>
<pin id="366" dir="1" index="3" bw="32" slack="0"/>
</pin_list>
<bind>
<opcode="load(27) " fcode="load"/>
<opset="v6620_3/1 "/>
</bind>
</comp>

<comp id="368" class="1004" name="v6610_4_addr_gep_fu_368">
<pin_list>
<pin id="369" dir="0" index="0" bw="32" slack="0"/>
<pin id="370" dir="0" index="1" bw="1" slack="0"/>
<pin id="371" dir="0" index="2" bw="7" slack="0"/>
<pin id="372" dir="1" index="3" bw="6" slack="0"/>
</pin_list>
<bind>
<opcode="getelementptr(29) " fcode="getelementptr"/>
<opset="v6610_4_addr/1 "/>
</bind>
</comp>

<comp id="375" class="1004" name="grp_access_fu_375">
<pin_list>
<pin id="376" dir="0" index="0" bw="6" slack="0"/>
<pin id="377" dir="0" index="1" bw="32" slack="2147483647"/>
<pin id="378" dir="0" index="2" bw="0" slack="2147483647"/>
<pin id="379" dir="1" index="3" bw="32" slack="0"/>
</pin_list>
<bind>
<opcode="load(27) " fcode="load"/>
<opset="v6620_4/1 "/>
</bind>
</comp>

<comp id="381" class="1004" name="v6610_5_addr_gep_fu_381">
<pin_list>
<pin id="382" dir="0" index="0" bw="32" slack="0"/>
<pin id="383" dir="0" index="1" bw="1" slack="0"/>
<pin id="384" dir="0" index="2" bw="7" slack="0"/>
<pin id="385" dir="1" index="3" bw="6" slack="0"/>
</pin_list>
<bind>
<opcode="getelementptr(29) " fcode="getelementptr"/>
<opset="v6610_5_addr/1 "/>
</bind>
</comp>

<comp id="388" class="1004" name="grp_access_fu_388">
<pin_list>
<pin id="389" dir="0" index="0" bw="6" slack="0"/>
<pin id="390" dir="0" index="1" bw="32" slack="2147483647"/>
<pin id="391" dir="0" index="2" bw="0" slack="2147483647"/>
<pin id="392" dir="1" index="3" bw="32" slack="0"/>
</pin_list>
<bind>
<opcode="load(27) " fcode="load"/>
<opset="v6620_5/1 "/>
</bind>
</comp>

<comp id="394" class="1004" name="v6610_6_addr_gep_fu_394">
<pin_list>
<pin id="395" dir="0" index="0" bw="32" slack="0"/>
<pin id="396" dir="0" index="1" bw="1" slack="0"/>
<pin id="397" dir="0" index="2" bw="7" slack="0"/>
<pin id="398" dir="1" index="3" bw="6" slack="0"/>
</pin_list>
<bind>
<opcode="getelementptr(29) " fcode="getelementptr"/>
<opset="v6610_6_addr/1 "/>
</bind>
</comp>

<comp id="401" class="1004" name="grp_access_fu_401">
<pin_list>
<pin id="402" dir="0" index="0" bw="6" slack="0"/>
<pin id="403" dir="0" index="1" bw="32" slack="2147483647"/>
<pin id="404" dir="0" index="2" bw="0" slack="2147483647"/>
<pin id="405" dir="1" index="3" bw="32" slack="0"/>
</pin_list>
<bind>
<opcode="load(27) " fcode="load"/>
<opset="v6620_6/1 "/>
</bind>
</comp>

<comp id="407" class="1004" name="v6610_7_addr_gep_fu_407">
<pin_list>
<pin id="408" dir="0" index="0" bw="32" slack="0"/>
<pin id="409" dir="0" index="1" bw="1" slack="0"/>
<pin id="410" dir="0" index="2" bw="7" slack="0"/>
<pin id="411" dir="1" index="3" bw="6" slack="0"/>
</pin_list>
<bind>
<opcode="getelementptr(29) " fcode="getelementptr"/>
<opset="v6610_7_addr/1 "/>
</bind>
</comp>

<comp id="414" class="1004" name="grp_access_fu_414">
<pin_list>
<pin id="415" dir="0" index="0" bw="6" slack="0"/>
<pin id="416" dir="0" index="1" bw="32" slack="2147483647"/>
<pin id="417" dir="0" index="2" bw="0" slack="2147483647"/>
<pin id="418" dir="1" index="3" bw="32" slack="0"/>
</pin_list>
<bind>
<opcode="load(27) " fcode="load"/>
<opset="v6620_7/1 "/>
</bind>
</comp>

<comp id="420" class="1004" name="store_ln12116_store_fu_420">
<pin_list>
<pin id="421" dir="0" index="0" bw="1" slack="0"/>
<pin id="422" dir="0" index="1" bw="7" slack="0"/>
<pin id="423" dir="1" index="2" bw="0" slack="2147483647"/>
</pin_list>
<bind>
<opcode="store(28) " fcode="store"/>
<opset="store_ln12116/1 "/>
</bind>
</comp>

<comp id="425" class="1004" name="k272_1_load_fu_425">
<pin_list>
<pin id="426" dir="0" index="0" bw="7" slack="0"/>
<pin id="427" dir="1" index="1" bw="7" slack="0"/>
</pin_list>
<bind>
<opcode="load(27) " fcode="load"/>
<opset="k272_1/1 "/>
</bind>
</comp>

<comp id="428" class="1004" name="icmp_ln12116_fu_428">
<pin_list>
<pin id="429" dir="0" index="0" bw="7" slack="0"/>
<pin id="430" dir="0" index="1" bw="7" slack="0"/>
<pin id="431" dir="1" index="2" bw="1" slack="2147483647"/>
</pin_list>
<bind>
<opcode="icmp(45) " fcode="icmp"/>
<opset="icmp_ln12116/1 "/>
</bind>
</comp>

<comp id="434" class="1004" name="add_ln12116_fu_434">
<pin_list>
<pin id="435" dir="0" index="0" bw="7" slack="0"/>
<pin id="436" dir="0" index="1" bw="1" slack="0"/>
<pin id="437" dir="1" index="2" bw="7" slack="0"/>
</pin_list>
<bind>
<opcode="add(8) " fcode="add"/>
<opset="add_ln12116/1 "/>
</bind>
</comp>

<comp id="440" class="1004" name="zext_ln12116_fu_440">
<pin_list>
<pin id="441" dir="0" index="0" bw="7" slack="0"/>
<pin id="442" dir="1" index="1" bw="64" slack="0"/>
</pin_list>
<bind>
<opcode="zext(34) " fcode="zext"/>
<opset="zext_ln12116/1 "/>
</bind>
</comp>

<comp id="460" class="1004" name="store_ln12116_store_fu_460">
<pin_list>
<pin id="461" dir="0" index="0" bw="7" slack="0"/>
<pin id="462" dir="0" index="1" bw="7" slack="0"/>
<pin id="463" dir="1" index="2" bw="0" slack="2147483647"/>
</pin_list>
<bind>
<opcode="store(28) " fcode="store"/>
<opset="store_ln12116/1 "/>
</bind>
</comp>

<comp id="465" class="1004" name="bitcast_ln12119_fu_465">
<pin_list>
<pin id="466" dir="0" index="0" bw="32" slack="0"/>
<pin id="467" dir="1" index="1" bw="32" slack="0"/>
</pin_list>
<bind>
<opcode="bitcast(44) " fcode="bitcast"/>
<opset="bitcast_ln12119/2 "/>
</bind>
</comp>

<comp id="470" class="1004" name="bitcast_ln12119_1_fu_470">
<pin_list>
<pin id="471" dir="0" index="0" bw="32" slack="0"/>
<pin id="472" dir="1" index="1" bw="32" slack="0"/>
</pin_list>
<bind>
<opcode="bitcast(44) " fcode="bitcast"/>
<opset="bitcast_ln12119_1/2 "/>
</bind>
</comp>

<comp id="475" class="1004" name="bitcast_ln12119_2_fu_475">
<pin_list>
<pin id="476" dir="0" index="0" bw="32" slack="0"/>
<pin id="477" dir="1" index="1" bw="32" slack="0"/>
</pin_list>
<bind>
<opcode="bitcast(44) " fcode="bitcast"/>
<opset="bitcast_ln12119_2/2 "/>
</bind>
</comp>

<comp id="480" class="1004" name="bitcast_ln12119_3_fu_480">
<pin_list>
<pin id="481" dir="0" index="0" bw="32" slack="0"/>
<pin id="482" dir="1" index="1" bw="32" slack="0"/>
</pin_list>
<bind>
<opcode="bitcast(44) " fcode="bitcast"/>
<opset="bitcast_ln12119_3/2 "/>
</bind>
</comp>

<comp id="485" class="1004" name="bitcast_ln12119_4_fu_485">
<pin_list>
<pin id="486" dir="0" index="0" bw="32" slack="0"/>
<pin id="487" dir="1" index="1" bw="32" slack="0"/>
</pin_list>
<bind>
<opcode="bitcast(44) " fcode="bitcast"/>
<opset="bitcast_ln12119_4/2 "/>
</bind>
</comp>

<comp id="490" class="1004" name="bitcast_ln12119_5_fu_490">
<pin_list>
<pin id="491" dir="0" index="0" bw="32" slack="0"/>
<pin id="492" dir="1" index="1" bw="32" slack="0"/>
</pin_list>
<bind>
<opcode="bitcast(44) " fcode="bitcast"/>
<opset="bitcast_ln12119_5/2 "/>
</bind>
</comp>

<comp id="495" class="1004" name="bitcast_ln12119_6_fu_495">
<pin_list>
<pin id="496" dir="0" index="0" bw="32" slack="0"/>
<pin id="497" dir="1" index="1" bw="32" slack="0"/>
</pin_list>
<bind>
<opcode="bitcast(44) " fcode="bitcast"/>
<opset="bitcast_ln12119_6/2 "/>
</bind>
</comp>

<comp id="500" class="1004" name="bitcast_ln12119_7_fu_500">
<pin_list>
<pin id="501" dir="0" index="0" bw="32" slack="0"/>
<pin id="502" dir="1" index="1" bw="32" slack="0"/>
</pin_list>
<bind>
<opcode="bitcast(44) " fcode="bitcast"/>
<opset="bitcast_ln12119_7/2 "/>
</bind>
</comp>

<comp id="505" class="1004" name="bitcast_ln12123_fu_505">
<pin_list>
<pin id="506" dir="0" index="0" bw="32" slack="0"/>
<pin id="507" dir="1" index="1" bw="32" slack="0"/>
</pin_list>
<bind>
<opcode="bitcast(44) " fcode="bitcast"/>
<opset="bitcast_ln12123/2 "/>
</bind>
</comp>

<comp id="510" class="1004" name="bitcast_ln12123_1_fu_510">
<pin_list>
<pin id="511" dir="0" index="0" bw="32" slack="0"/>
<pin id="512" dir="1" index="1" bw="32" slack="0"/>
</pin_list>
<bind>
<opcode="bitcast(44) " fcode="bitcast"/>
<opset="bitcast_ln12123_1/2 "/>
</bind>
</comp>

<comp id="515" class="1004" name="bitcast_ln12123_2_fu_515">
<pin_list>
<pin id="516" dir="0" index="0" bw="32" slack="0"/>
<pin id="517" dir="1" index="1" bw="32" slack="0"/>
</pin_list>
<bind>
<opcode="bitcast(44) " fcode="bitcast"/>
<opset="bitcast_ln12123_2/2 "/>
</bind>
</comp>

<comp id="520" class="1004" name="bitcast_ln12123_3_fu_520">
<pin_list>
<pin id="521" dir="0" index="0" bw="32" slack="0"/>
<pin id="522" dir="1" index="1" bw="32" slack="0"/>
</pin_list>
<bind>
<opcode="bitcast(44) " fcode="bitcast"/>
<opset="bitcast_ln12123_3/2 "/>
</bind>
</comp>

<comp id="525" class="1004" name="bitcast_ln12123_4_fu_525">
<pin_list>
<pin id="526" dir="0" index="0" bw="32" slack="0"/>
<pin id="527" dir="1" index="1" bw="32" slack="0"/>
</pin_list>
<bind>
<opcode="bitcast(44) " fcode="bitcast"/>
<opset="bitcast_ln12123_4/2 "/>
</bind>
</comp>

<comp id="530" class="1004" name="bitcast_ln12123_5_fu_530">
<pin_list>
<pin id="531" dir="0" index="0" bw="32" slack="0"/>
<pin id="532" dir="1" index="1" bw="32" slack="0"/>
</pin_list>
<bind>
<opcode="bitcast(44) " fcode="bitcast"/>
<opset="bitcast_ln12123_5/2 "/>
</bind>
</comp>

<comp id="535" class="1004" name="bitcast_ln12123_6_fu_535">
<pin_list>
<pin id="536" dir="0" index="0" bw="32" slack="0"/>
<pin id="537" dir="1" index="1" bw="32" slack="0"/>
</pin_list>
<bind>
<opcode="bitcast(44) " fcode="bitcast"/>
<opset="bitcast_ln12123_6/2 "/>
</bind>
</comp>

<comp id="540" class="1004" name="bitcast_ln12123_7_fu_540">
<pin_list>
<pin id="541" dir="0" index="0" bw="32" slack="0"/>
<pin id="542" dir="1" index="1" bw="32" slack="0"/>
</pin_list>
<bind>
<opcode="bitcast(44) " fcode="bitcast"/>
<opset="bitcast_ln12123_7/2 "/>
</bind>
</comp>

<comp id="545" class="1005" name="k272_reg_545">
<pin_list>
<pin id="546" dir="0" index="0" bw="7" slack="0"/>
<pin id="547" dir="1" index="1" bw="7" slack="0"/>
</pin_list>
<bind>
<opset="k272 "/>
</bind>
</comp>

<comp id="555" class="1005" name="v6609_0_addr_reg_555">
<pin_list>
<pin id="556" dir="0" index="0" bw="6" slack="1"/>
<pin id="557" dir="1" index="1" bw="6" slack="1"/>
</pin_list>
<bind>
<opset="v6609_0_addr "/>
</bind>
</comp>

<comp id="560" class="1005" name="v6609_1_addr_reg_560">
<pin_list>
<pin id="561" dir="0" index="0" bw="6" slack="1"/>
<pin id="562" dir="1" index="1" bw="6" slack="1"/>
</pin_list>
<bind>
<opset="v6609_1_addr "/>
</bind>
</comp>

<comp id="565" class="1005" name="v6609_2_addr_reg_565">
<pin_list>
<pin id="566" dir="0" index="0" bw="6" slack="1"/>
<pin id="567" dir="1" index="1" bw="6" slack="1"/>
</pin_list>
<bind>
<opset="v6609_2_addr "/>
</bind>
</comp>

<comp id="570" class="1005" name="v6609_3_addr_reg_570">
<pin_list>
<pin id="571" dir="0" index="0" bw="6" slack="1"/>
<pin id="572" dir="1" index="1" bw="6" slack="1"/>
</pin_list>
<bind>
<opset="v6609_3_addr "/>
</bind>
</comp>

<comp id="575" class="1005" name="v6609_4_addr_reg_575">
<pin_list>
<pin id="576" dir="0" index="0" bw="6" slack="1"/>
<pin id="577" dir="1" index="1" bw="6" slack="1"/>
</pin_list>
<bind>
<opset="v6609_4_addr "/>
</bind>
</comp>

<comp id="580" class="1005" name="v6609_5_addr_reg_580">
<pin_list>
<pin id="581" dir="0" index="0" bw="6" slack="1"/>
<pin id="582" dir="1" index="1" bw="6" slack="1"/>
</pin_list>
<bind>
<opset="v6609_5_addr "/>
</bind>
</comp>

<comp id="585" class="1005" name="v6609_6_addr_reg_585">
<pin_list>
<pin id="586" dir="0" index="0" bw="6" slack="1"/>
<pin id="587" dir="1" index="1" bw="6" slack="1"/>
</pin_list>
<bind>
<opset="v6609_6_addr "/>
</bind>
</comp>

<comp id="590" class="1005" name="v6609_7_addr_reg_590">
<pin_list>
<pin id="591" dir="0" index="0" bw="6" slack="1"/>
<pin id="592" dir="1" index="1" bw="6" slack="1"/>
</pin_list>
<bind>
<opset="v6609_7_addr "/>
</bind>
</comp>

<comp id="595" class="1005" name="v6610_0_addr_reg_595">
<pin_list>
<pin id="596" dir="0" index="0" bw="6" slack="1"/>
<pin id="597" dir="1" index="1" bw="6" slack="1"/>
</pin_list>
<bind>
<opset="v6610_0_addr "/>
</bind>
</comp>

<comp id="600" class="1005" name="v6610_1_addr_reg_600">
<pin_list>
<pin id="601" dir="0" index="0" bw="6" slack="1"/>
<pin id="602" dir="1" index="1" bw="6" slack="1"/>
</pin_list>
<bind>
<opset="v6610_1_addr "/>
</bind>
</comp>

<comp id="605" class="1005" name="v6610_2_addr_reg_605">
<pin_list>
<pin id="606" dir="0" index="0" bw="6" slack="1"/>
<pin id="607" dir="1" index="1" bw="6" slack="1"/>
</pin_list>
<bind>
<opset="v6610_2_addr "/>
</bind>
</comp>

<comp id="610" class="1005" name="v6610_3_addr_reg_610">
<pin_list>
<pin id="611" dir="0" index="0" bw="6" slack="1"/>
<pin id="612" dir="1" index="1" bw="6" slack="1"/>
</pin_list>
<bind>
<opset="v6610_3_addr "/>
</bind>
</comp>

<comp id="615" class="1005" name="v6610_4_addr_reg_615">
<pin_list>
<pin id="616" dir="0" index="0" bw="6" slack="1"/>
<pin id="617" dir="1" index="1" bw="6" slack="1"/>
</pin_list>
<bind>
<opset="v6610_4_addr "/>
</bind>
</comp>

<comp id="620" class="1005" name="v6610_5_addr_reg_620">
<pin_list>
<pin id="621" dir="0" index="0" bw="6" slack="1"/>
<pin id="622" dir="1" index="1" bw="6" slack="1"/>
</pin_list>
<bind>
<opset="v6610_5_addr "/>
</bind>
</comp>

<comp id="625" class="1005" name="v6610_6_addr_reg_625">
<pin_list>
<pin id="626" dir="0" index="0" bw="6" slack="1"/>
<pin id="627" dir="1" index="1" bw="6" slack="1"/>
</pin_list>
<bind>
<opset="v6610_6_addr "/>
</bind>
</comp>

<comp id="630" class="1005" name="v6610_7_addr_reg_630">
<pin_list>
<pin id="631" dir="0" index="0" bw="6" slack="1"/>
<pin id="632" dir="1" index="1" bw="6" slack="1"/>
</pin_list>
<bind>
<opset="v6610_7_addr "/>
</bind>
</comp>

</comp_list>

<net_list>
<net id="99"><net_src comp="64" pin="0"/><net_sink comp="96" pin=0"/></net>

<net id="105"><net_src comp="94" pin="0"/><net_sink comp="100" pin=0"/></net>

<net id="106"><net_src comp="16" pin="0"/><net_sink comp="100" pin=1"/></net>

<net id="112"><net_src comp="94" pin="0"/><net_sink comp="107" pin=0"/></net>

<net id="113"><net_src comp="18" pin="0"/><net_sink comp="107" pin=1"/></net>

<net id="119"><net_src comp="94" pin="0"/><net_sink comp="114" pin=0"/></net>

<net id="120"><net_src comp="20" pin="0"/><net_sink comp="114" pin=1"/></net>

<net id="126"><net_src comp="94" pin="0"/><net_sink comp="121" pin=0"/></net>

<net id="127"><net_src comp="22" pin="0"/><net_sink comp="121" pin=1"/></net>

<net id="133"><net_src comp="94" pin="0"/><net_sink comp="128" pin=0"/></net>

<net id="134"><net_src comp="24" pin="0"/><net_sink comp="128" pin=1"/></net>

<net id="140"><net_src comp="94" pin="0"/><net_sink comp="135" pin=0"/></net>

<net id="141"><net_src comp="26" pin="0"/><net_sink comp="135" pin=1"/></net>

<net id="147"><net_src comp="94" pin="0"/><net_sink comp="142" pin=0"/></net>

<net id="148"><net_src comp="28" pin="0"/><net_sink comp="142" pin=1"/></net>

<net id="154"><net_src comp="94" pin="0"/><net_sink comp="149" pin=0"/></net>

<net id="155"><net_src comp="30" pin="0"/><net_sink comp="149" pin=1"/></net>

<net id="161"><net_src comp="94" pin="0"/><net_sink comp="156" pin=0"/></net>

<net id="162"><net_src comp="48" pin="0"/><net_sink comp="156" pin=1"/></net>

<net id="168"><net_src comp="94" pin="0"/><net_sink comp="163" pin=0"/></net>

<net id="169"><net_src comp="50" pin="0"/><net_sink comp="163" pin=1"/></net>

<net id="175"><net_src comp="94" pin="0"/><net_sink comp="170" pin=0"/></net>

<net id="176"><net_src comp="52" pin="0"/><net_sink comp="170" pin=1"/></net>

<net id="182"><net_src comp="94" pin="0"/><net_sink comp="177" pin=0"/></net>

<net id="183"><net_src comp="54" pin="0"/><net_sink comp="177" pin=1"/></net>

<net id="189"><net_src comp="94" pin="0"/><net_sink comp="184" pin=0"/></net>

<net id="190"><net_src comp="56" pin="0"/><net_sink comp="184" pin=1"/></net>

<net id="196"><net_src comp="94" pin="0"/><net_sink comp="191" pin=0"/></net>

<net id="197"><net_src comp="58" pin="0"/><net_sink comp="191" pin=1"/></net>

<net id="203"><net_src comp="94" pin="0"/><net_sink comp="198" pin=0"/></net>

<net id="204"><net_src comp="60" pin="0"/><net_sink comp="198" pin=1"/></net>

<net id="210"><net_src comp="94" pin="0"/><net_sink comp="205" pin=0"/></net>

<net id="211"><net_src comp="62" pin="0"/><net_sink comp="205" pin=1"/></net>

<net id="217"><net_src comp="0" pin="0"/><net_sink comp="212" pin=0"/></net>

<net id="218"><net_src comp="82" pin="0"/><net_sink comp="212" pin=1"/></net>

<net id="224"><net_src comp="212" pin="3"/><net_sink comp="219" pin=0"/></net>

<net id="230"><net_src comp="2" pin="0"/><net_sink comp="225" pin=0"/></net>

<net id="231"><net_src comp="82" pin="0"/><net_sink comp="225" pin=1"/></net>

<net id="237"><net_src comp="225" pin="3"/><net_sink comp="232" pin=0"/></net>

<net id="243"><net_src comp="4" pin="0"/><net_sink comp="238" pin=0"/></net>

<net id="244"><net_src comp="82" pin="0"/><net_sink comp="238" pin=1"/></net>

<net id="250"><net_src comp="238" pin="3"/><net_sink comp="245" pin=0"/></net>

<net id="256"><net_src comp="6" pin="0"/><net_sink comp="251" pin=0"/></net>

<net id="257"><net_src comp="82" pin="0"/><net_sink comp="251" pin=1"/></net>

<net id="263"><net_src comp="251" pin="3"/><net_sink comp="258" pin=0"/></net>

<net id="269"><net_src comp="8" pin="0"/><net_sink comp="264" pin=0"/></net>

<net id="270"><net_src comp="82" pin="0"/><net_sink comp="264" pin=1"/></net>

<net id="276"><net_src comp="264" pin="3"/><net_sink comp="271" pin=0"/></net>

<net id="282"><net_src comp="10" pin="0"/><net_sink comp="277" pin=0"/></net>

<net id="283"><net_src comp="82" pin="0"/><net_sink comp="277" pin=1"/></net>

<net id="289"><net_src comp="277" pin="3"/><net_sink comp="284" pin=0"/></net>

<net id="295"><net_src comp="12" pin="0"/><net_sink comp="290" pin=0"/></net>

<net id="296"><net_src comp="82" pin="0"/><net_sink comp="290" pin=1"/></net>

<net id="302"><net_src comp="290" pin="3"/><net_sink comp="297" pin=0"/></net>

<net id="308"><net_src comp="14" pin="0"/><net_sink comp="303" pin=0"/></net>

<net id="309"><net_src comp="82" pin="0"/><net_sink comp="303" pin=1"/></net>

<net id="315"><net_src comp="303" pin="3"/><net_sink comp="310" pin=0"/></net>

<net id="321"><net_src comp="32" pin="0"/><net_sink comp="316" pin=0"/></net>

<net id="322"><net_src comp="82" pin="0"/><net_sink comp="316" pin=1"/></net>

<net id="328"><net_src comp="316" pin="3"/><net_sink comp="323" pin=0"/></net>

<net id="334"><net_src comp="34" pin="0"/><net_sink comp="329" pin=0"/></net>

<net id="335"><net_src comp="82" pin="0"/><net_sink comp="329" pin=1"/></net>

<net id="341"><net_src comp="329" pin="3"/><net_sink comp="336" pin=0"/></net>

<net id="347"><net_src comp="36" pin="0"/><net_sink comp="342" pin=0"/></net>

<net id="348"><net_src comp="82" pin="0"/><net_sink comp="342" pin=1"/></net>

<net id="354"><net_src comp="342" pin="3"/><net_sink comp="349" pin=0"/></net>

<net id="360"><net_src comp="38" pin="0"/><net_sink comp="355" pin=0"/></net>

<net id="361"><net_src comp="82" pin="0"/><net_sink comp="355" pin=1"/></net>

<net id="367"><net_src comp="355" pin="3"/><net_sink comp="362" pin=0"/></net>

<net id="373"><net_src comp="40" pin="0"/><net_sink comp="368" pin=0"/></net>

<net id="374"><net_src comp="82" pin="0"/><net_sink comp="368" pin=1"/></net>

<net id="380"><net_src comp="368" pin="3"/><net_sink comp="375" pin=0"/></net>

<net id="386"><net_src comp="42" pin="0"/><net_sink comp="381" pin=0"/></net>

<net id="387"><net_src comp="82" pin="0"/><net_sink comp="381" pin=1"/></net>

<net id="393"><net_src comp="381" pin="3"/><net_sink comp="388" pin=0"/></net>

<net id="399"><net_src comp="44" pin="0"/><net_sink comp="394" pin=0"/></net>

<net id="400"><net_src comp="82" pin="0"/><net_sink comp="394" pin=1"/></net>

<net id="406"><net_src comp="394" pin="3"/><net_sink comp="401" pin=0"/></net>

<net id="412"><net_src comp="46" pin="0"/><net_sink comp="407" pin=0"/></net>

<net id="413"><net_src comp="82" pin="0"/><net_sink comp="407" pin=1"/></net>

<net id="419"><net_src comp="407" pin="3"/><net_sink comp="414" pin=0"/></net>

<net id="424"><net_src comp="76" pin="0"/><net_sink comp="420" pin=0"/></net>

<net id="432"><net_src comp="425" pin="1"/><net_sink comp="428" pin=0"/></net>

<net id="433"><net_src comp="78" pin="0"/><net_sink comp="428" pin=1"/></net>

<net id="438"><net_src comp="425" pin="1"/><net_sink comp="434" pin=0"/></net>

<net id="439"><net_src comp="80" pin="0"/><net_sink comp="434" pin=1"/></net>

<net id="443"><net_src comp="425" pin="1"/><net_sink comp="440" pin=0"/></net>

<net id="444"><net_src comp="440" pin="1"/><net_sink comp="212" pin=2"/></net>

<net id="445"><net_src comp="440" pin="1"/><net_sink comp="225" pin=2"/></net>

<net id="446"><net_src comp="440" pin="1"/><net_sink comp="238" pin=2"/></net>

<net id="447"><net_src comp="440" pin="1"/><net_sink comp="251" pin=2"/></net>

<net id="448"><net_src comp="440" pin="1"/><net_sink comp="264" pin=2"/></net>

<net id="449"><net_src comp="440" pin="1"/><net_sink comp="277" pin=2"/></net>

<net id="450"><net_src comp="440" pin="1"/><net_sink comp="290" pin=2"/></net>

<net id="451"><net_src comp="440" pin="1"/><net_sink comp="303" pin=2"/></net>

<net id="452"><net_src comp="440" pin="1"/><net_sink comp="316" pin=2"/></net>

<net id="453"><net_src comp="440" pin="1"/><net_sink comp="329" pin=2"/></net>

<net id="454"><net_src comp="440" pin="1"/><net_sink comp="342" pin=2"/></net>

<net id="455"><net_src comp="440" pin="1"/><net_sink comp="355" pin=2"/></net>

<net id="456"><net_src comp="440" pin="1"/><net_sink comp="368" pin=2"/></net>

<net id="457"><net_src comp="440" pin="1"/><net_sink comp="381" pin=2"/></net>

<net id="458"><net_src comp="440" pin="1"/><net_sink comp="394" pin=2"/></net>

<net id="459"><net_src comp="440" pin="1"/><net_sink comp="407" pin=2"/></net>

<net id="464"><net_src comp="434" pin="2"/><net_sink comp="460" pin=0"/></net>

<net id="468"><net_src comp="219" pin="3"/><net_sink comp="465" pin=0"/></net>

<net id="469"><net_src comp="465" pin="1"/><net_sink comp="100" pin=2"/></net>

<net id="473"><net_src comp="232" pin="3"/><net_sink comp="470" pin=0"/></net>

<net id="474"><net_src comp="470" pin="1"/><net_sink comp="107" pin=2"/></net>

<net id="478"><net_src comp="245" pin="3"/><net_sink comp="475" pin=0"/></net>

<net id="479"><net_src comp="475" pin="1"/><net_sink comp="114" pin=2"/></net>

<net id="483"><net_src comp="258" pin="3"/><net_sink comp="480" pin=0"/></net>

<net id="484"><net_src comp="480" pin="1"/><net_sink comp="121" pin=2"/></net>

<net id="488"><net_src comp="271" pin="3"/><net_sink comp="485" pin=0"/></net>

<net id="489"><net_src comp="485" pin="1"/><net_sink comp="128" pin=2"/></net>

<net id="493"><net_src comp="284" pin="3"/><net_sink comp="490" pin=0"/></net>

<net id="494"><net_src comp="490" pin="1"/><net_sink comp="135" pin=2"/></net>

<net id="498"><net_src comp="297" pin="3"/><net_sink comp="495" pin=0"/></net>

<net id="499"><net_src comp="495" pin="1"/><net_sink comp="142" pin=2"/></net>

<net id="503"><net_src comp="310" pin="3"/><net_sink comp="500" pin=0"/></net>

<net id="504"><net_src comp="500" pin="1"/><net_sink comp="149" pin=2"/></net>

<net id="508"><net_src comp="323" pin="3"/><net_sink comp="505" pin=0"/></net>

<net id="509"><net_src comp="505" pin="1"/><net_sink comp="156" pin=2"/></net>

<net id="513"><net_src comp="336" pin="3"/><net_sink comp="510" pin=0"/></net>

<net id="514"><net_src comp="510" pin="1"/><net_sink comp="163" pin=2"/></net>

<net id="518"><net_src comp="349" pin="3"/><net_sink comp="515" pin=0"/></net>

<net id="519"><net_src comp="515" pin="1"/><net_sink comp="170" pin=2"/></net>

<net id="523"><net_src comp="362" pin="3"/><net_sink comp="520" pin=0"/></net>

<net id="524"><net_src comp="520" pin="1"/><net_sink comp="177" pin=2"/></net>

<net id="528"><net_src comp="375" pin="3"/><net_sink comp="525" pin=0"/></net>

<net id="529"><net_src comp="525" pin="1"/><net_sink comp="184" pin=2"/></net>

<net id="533"><net_src comp="388" pin="3"/><net_sink comp="530" pin=0"/></net>

<net id="534"><net_src comp="530" pin="1"/><net_sink comp="191" pin=2"/></net>

<net id="538"><net_src comp="401" pin="3"/><net_sink comp="535" pin=0"/></net>

<net id="539"><net_src comp="535" pin="1"/><net_sink comp="198" pin=2"/></net>

<net id="543"><net_src comp="414" pin="3"/><net_sink comp="540" pin=0"/></net>

<net id="544"><net_src comp="540" pin="1"/><net_sink comp="205" pin=2"/></net>

<net id="548"><net_src comp="96" pin="1"/><net_sink comp="545" pin=0"/></net>

<net id="549"><net_src comp="545" pin="1"/><net_sink comp="420" pin=1"/></net>

<net id="550"><net_src comp="545" pin="1"/><net_sink comp="425" pin=0"/></net>

<net id="551"><net_src comp="545" pin="1"/><net_sink comp="460" pin=1"/></net>

<net id="558"><net_src comp="212" pin="3"/><net_sink comp="555" pin=0"/></net>

<net id="559"><net_src comp="555" pin="1"/><net_sink comp="219" pin=0"/></net>

<net id="563"><net_src comp="225" pin="3"/><net_sink comp="560" pin=0"/></net>

<net id="564"><net_src comp="560" pin="1"/><net_sink comp="232" pin=0"/></net>

<net id="568"><net_src comp="238" pin="3"/><net_sink comp="565" pin=0"/></net>

<net id="569"><net_src comp="565" pin="1"/><net_sink comp="245" pin=0"/></net>

<net id="573"><net_src comp="251" pin="3"/><net_sink comp="570" pin=0"/></net>

<net id="574"><net_src comp="570" pin="1"/><net_sink comp="258" pin=0"/></net>

<net id="578"><net_src comp="264" pin="3"/><net_sink comp="575" pin=0"/></net>

<net id="579"><net_src comp="575" pin="1"/><net_sink comp="271" pin=0"/></net>

<net id="583"><net_src comp="277" pin="3"/><net_sink comp="580" pin=0"/></net>

<net id="584"><net_src comp="580" pin="1"/><net_sink comp="284" pin=0"/></net>

<net id="588"><net_src comp="290" pin="3"/><net_sink comp="585" pin=0"/></net>

<net id="589"><net_src comp="585" pin="1"/><net_sink comp="297" pin=0"/></net>

<net id="593"><net_src comp="303" pin="3"/><net_sink comp="590" pin=0"/></net>

<net id="594"><net_src comp="590" pin="1"/><net_sink comp="310" pin=0"/></net>

<net id="598"><net_src comp="316" pin="3"/><net_sink comp="595" pin=0"/></net>

<net id="599"><net_src comp="595" pin="1"/><net_sink comp="323" pin=0"/></net>

<net id="603"><net_src comp="329" pin="3"/><net_sink comp="600" pin=0"/></net>

<net id="604"><net_src comp="600" pin="1"/><net_sink comp="336" pin=0"/></net>

<net id="608"><net_src comp="342" pin="3"/><net_sink comp="605" pin=0"/></net>

<net id="609"><net_src comp="605" pin="1"/><net_sink comp="349" pin=0"/></net>

<net id="613"><net_src comp="355" pin="3"/><net_sink comp="610" pin=0"/></net>

<net id="614"><net_src comp="610" pin="1"/><net_sink comp="362" pin=0"/></net>

<net id="618"><net_src comp="368" pin="3"/><net_sink comp="615" pin=0"/></net>

<net id="619"><net_src comp="615" pin="1"/><net_sink comp="375" pin=0"/></net>

<net id="623"><net_src comp="381" pin="3"/><net_sink comp="620" pin=0"/></net>

<net id="624"><net_src comp="620" pin="1"/><net_sink comp="388" pin=0"/></net>

<net id="628"><net_src comp="394" pin="3"/><net_sink comp="625" pin=0"/></net>

<net id="629"><net_src comp="625" pin="1"/><net_sink comp="401" pin=0"/></net>

<net id="633"><net_src comp="407" pin="3"/><net_sink comp="630" pin=0"/></net>

<net id="634"><net_src comp="630" pin="1"/><net_sink comp="414" pin=0"/></net>

</net_list>

</model> 
---------------- Datapath Model END ------------------

* FSMD analyzer results:
  - Output states:
	Port: v6609_0 | {}
	Port: v6609_1 | {}
	Port: v6609_2 | {}
	Port: v6609_3 | {}
	Port: v6609_4 | {}
	Port: v6609_5 | {}
	Port: v6609_6 | {}
	Port: v6609_7 | {}
	Port: A_fifo4 | {2 }
	Port: A_fifo4_9 | {2 }
	Port: A_fifo4_18 | {2 }
	Port: A_fifo4_27 | {2 }
	Port: A_fifo4_36 | {2 }
	Port: A_fifo4_45 | {2 }
	Port: A_fifo4_54 | {2 }
	Port: A_fifo4_63 | {2 }
	Port: v6610_0 | {}
	Port: v6610_1 | {}
	Port: v6610_2 | {}
	Port: v6610_3 | {}
	Port: v6610_4 | {}
	Port: v6610_5 | {}
	Port: v6610_6 | {}
	Port: v6610_7 | {}
	Port: B_fifo4 | {2 }
	Port: B_fifo4_9 | {2 }
	Port: B_fifo4_18 | {2 }
	Port: B_fifo4_27 | {2 }
	Port: B_fifo4_36 | {2 }
	Port: B_fifo4_45 | {2 }
	Port: B_fifo4_54 | {2 }
	Port: B_fifo4_63 | {2 }
 - Input state : 
	Port: systolic_tile_QKT_Loop_l_data_load_k272_proc35122 : v6609_0 | {1 2 }
	Port: systolic_tile_QKT_Loop_l_data_load_k272_proc35122 : v6609_1 | {1 2 }
	Port: systolic_tile_QKT_Loop_l_data_load_k272_proc35122 : v6609_2 | {1 2 }
	Port: systolic_tile_QKT_Loop_l_data_load_k272_proc35122 : v6609_3 | {1 2 }
	Port: systolic_tile_QKT_Loop_l_data_load_k272_proc35122 : v6609_4 | {1 2 }
	Port: systolic_tile_QKT_Loop_l_data_load_k272_proc35122 : v6609_5 | {1 2 }
	Port: systolic_tile_QKT_Loop_l_data_load_k272_proc35122 : v6609_6 | {1 2 }
	Port: systolic_tile_QKT_Loop_l_data_load_k272_proc35122 : v6609_7 | {1 2 }
	Port: systolic_tile_QKT_Loop_l_data_load_k272_proc35122 : v6610_0 | {1 2 }
	Port: systolic_tile_QKT_Loop_l_data_load_k272_proc35122 : v6610_1 | {1 2 }
	Port: systolic_tile_QKT_Loop_l_data_load_k272_proc35122 : v6610_2 | {1 2 }
	Port: systolic_tile_QKT_Loop_l_data_load_k272_proc35122 : v6610_3 | {1 2 }
	Port: systolic_tile_QKT_Loop_l_data_load_k272_proc35122 : v6610_4 | {1 2 }
	Port: systolic_tile_QKT_Loop_l_data_load_k272_proc35122 : v6610_5 | {1 2 }
	Port: systolic_tile_QKT_Loop_l_data_load_k272_proc35122 : v6610_6 | {1 2 }
	Port: systolic_tile_QKT_Loop_l_data_load_k272_proc35122 : v6610_7 | {1 2 }
  - Chain level:
	State 1
		store_ln12116 : 1
		k272_1 : 1
		icmp_ln12116 : 2
		add_ln12116 : 2
		br_ln12116 : 3
		zext_ln12116 : 2
		v6609_0_addr : 3
		v6618 : 4
		v6609_1_addr : 3
		v6618_1 : 4
		v6609_2_addr : 3
		v6618_2 : 4
		v6609_3_addr : 3
		v6618_3 : 4
		v6609_4_addr : 3
		v6618_4 : 4
		v6609_5_addr : 3
		v6618_5 : 4
		v6609_6_addr : 3
		v6618_6 : 4
		v6609_7_addr : 3
		v6618_7 : 4
		v6610_0_addr : 3
		v6620 : 4
		v6610_1_addr : 3
		v6620_1 : 4
		v6610_2_addr : 3
		v6620_2 : 4
		v6610_3_addr : 3
		v6620_3 : 4
		v6610_4_addr : 3
		v6620_4 : 4
		v6610_5_addr : 3
		v6620_5 : 4
		v6610_6_addr : 3
		v6620_6 : 4
		v6610_7_addr : 3
		v6620_7 : 4
		store_ln12116 : 3
	State 2
		bitcast_ln12119 : 1
		bitcast_ln12119_1 : 1
		bitcast_ln12119_2 : 1
		bitcast_ln12119_3 : 1
		bitcast_ln12119_4 : 1
		bitcast_ln12119_5 : 1
		bitcast_ln12119_6 : 1
		bitcast_ln12119_7 : 1
		write_ln12119 : 2
		write_ln12119 : 2
		write_ln12119 : 2
		write_ln12119 : 2
		write_ln12119 : 2
		write_ln12119 : 2
		write_ln12119 : 2
		write_ln12119 : 2
		bitcast_ln12123 : 1
		bitcast_ln12123_1 : 1
		bitcast_ln12123_2 : 1
		bitcast_ln12123_3 : 1
		bitcast_ln12123_4 : 1
		bitcast_ln12123_5 : 1
		bitcast_ln12123_6 : 1
		bitcast_ln12123_7 : 1
		write_ln12123 : 2
		write_ln12123 : 2
		write_ln12123 : 2
		write_ln12123 : 2
		write_ln12123 : 2
		write_ln12123 : 2
		write_ln12123 : 2
		write_ln12123 : 2


============================================================
+ Verbose Summary: Datapath Resource usage 
============================================================

* Functional unit list:
|----------|----------------------------|---------|---------|
| Operation|       Functional Unit      |    FF   |   LUT   |
|----------|----------------------------|---------|---------|
|   icmp   |     icmp_ln12116_fu_428    |    0    |    14   |
|----------|----------------------------|---------|---------|
|    add   |     add_ln12116_fu_434     |    0    |    14   |
|----------|----------------------------|---------|---------|
|          | write_ln12119_write_fu_100 |    0    |    0    |
|          | write_ln12119_write_fu_107 |    0    |    0    |
|          | write_ln12119_write_fu_114 |    0    |    0    |
|          | write_ln12119_write_fu_121 |    0    |    0    |
|          | write_ln12119_write_fu_128 |    0    |    0    |
|          | write_ln12119_write_fu_135 |    0    |    0    |
|          | write_ln12119_write_fu_142 |    0    |    0    |
|   write  | write_ln12119_write_fu_149 |    0    |    0    |
|          | write_ln12123_write_fu_156 |    0    |    0    |
|          | write_ln12123_write_fu_163 |    0    |    0    |
|          | write_ln12123_write_fu_170 |    0    |    0    |
|          | write_ln12123_write_fu_177 |    0    |    0    |
|          | write_ln12123_write_fu_184 |    0    |    0    |
|          | write_ln12123_write_fu_191 |    0    |    0    |
|          | write_ln12123_write_fu_198 |    0    |    0    |
|          | write_ln12123_write_fu_205 |    0    |    0    |
|----------|----------------------------|---------|---------|
|   zext   |     zext_ln12116_fu_440    |    0    |    0    |
|----------|----------------------------|---------|---------|
|   Total  |                            |    0    |    28   |
|----------|----------------------------|---------|---------|

Memories:
N/A

* Register list:
+--------------------+--------+
|                    |   FF   |
+--------------------+--------+
|    k272_reg_545    |    7   |
|v6609_0_addr_reg_555|    6   |
|v6609_1_addr_reg_560|    6   |
|v6609_2_addr_reg_565|    6   |
|v6609_3_addr_reg_570|    6   |
|v6609_4_addr_reg_575|    6   |
|v6609_5_addr_reg_580|    6   |
|v6609_6_addr_reg_585|    6   |
|v6609_7_addr_reg_590|    6   |
|v6610_0_addr_reg_595|    6   |
|v6610_1_addr_reg_600|    6   |
|v6610_2_addr_reg_605|    6   |
|v6610_3_addr_reg_610|    6   |
|v6610_4_addr_reg_615|    6   |
|v6610_5_addr_reg_620|    6   |
|v6610_6_addr_reg_625|    6   |
|v6610_7_addr_reg_630|    6   |
+--------------------+--------+
|        Total       |   103  |
+--------------------+--------+

* Multiplexer (MUX) list: 
|-------------------|------|------|------|--------||---------||---------|
|        Comp       |  Pin | Size |  BW  | S x BW ||  Delay  ||   LUT   |
|-------------------|------|------|------|--------||---------||---------|
| grp_access_fu_219 |  p0  |   2  |   6  |   12   ||    9    |
| grp_access_fu_232 |  p0  |   2  |   6  |   12   ||    9    |
| grp_access_fu_245 |  p0  |   2  |   6  |   12   ||    9    |
| grp_access_fu_258 |  p0  |   2  |   6  |   12   ||    9    |
| grp_access_fu_271 |  p0  |   2  |   6  |   12   ||    9    |
| grp_access_fu_284 |  p0  |   2  |   6  |   12   ||    9    |
| grp_access_fu_297 |  p0  |   2  |   6  |   12   ||    9    |
| grp_access_fu_310 |  p0  |   2  |   6  |   12   ||    9    |
| grp_access_fu_323 |  p0  |   2  |   6  |   12   ||    9    |
| grp_access_fu_336 |  p0  |   2  |   6  |   12   ||    9    |
| grp_access_fu_349 |  p0  |   2  |   6  |   12   ||    9    |
| grp_access_fu_362 |  p0  |   2  |   6  |   12   ||    9    |
| grp_access_fu_375 |  p0  |   2  |   6  |   12   ||    9    |
| grp_access_fu_388 |  p0  |   2  |   6  |   12   ||    9    |
| grp_access_fu_401 |  p0  |   2  |   6  |   12   ||    9    |
| grp_access_fu_414 |  p0  |   2  |   6  |   12   ||    9    |
|-------------------|------|------|------|--------||---------||---------|
|       Total       |      |      |      |   192  ||  6.192  ||   144   |
|-------------------|------|------|------|--------||---------||---------|



* Summary:
+-----------+--------+--------+--------+
|           |  Delay |   FF   |   LUT  |
+-----------+--------+--------+--------+
|  Function |    -   |    0   |   28   |
|   Memory  |    -   |    -   |    -   |
|Multiplexer|    6   |    -   |   144  |
|  Register |    -   |   103  |    -   |
+-----------+--------+--------+--------+
|   Total   |    6   |   103  |   172  |
+-----------+--------+--------+--------+
