

================================================================
== Vitis HLS Report for 'systolic_tile_modulate_Loop_l_data_load_k8_proc31'
================================================================
* Date:           Mon Feb 17 20:36:06 2025

* Version:        2023.2 (Build 4023990 on Oct 11 2023)
* Project:        DitBlock
* Solution:       hls (Vivado IP Flow Target)
* Product family: virtexuplusHBM
* Target device:  xcu280-fsvh2892-2L-e


================================================================
== Performance Estimates
================================================================
+ Timing: 
    * Summary: 
    +--------+----------+----------+------------+
    |  Clock |  Target  | Estimated| Uncertainty|
    +--------+----------+----------+------------+
    |ap_clk  |  10.00 ns|  2.541 ns|     2.70 ns|
    +--------+----------+----------+------------+

+ Latency: 
    * Summary: 
    +---------+---------+-----------+-----------+------+------+---------+
    |  Latency (cycles) |   Latency (absolute)  |   Interval  | Pipeline|
    |   min   |   max   |    min    |    max    |  min |  max |   Type  |
    +---------+---------+-----------+-----------+------+------+---------+
    |     1027|     1027|  10.270 us|  10.270 us|  1027|  1027|       no|
    +---------+---------+-----------+-----------+------+------+---------+

    + Detail: 
        * Instance: 
        N/A

        * Loop: 
        +----------------------------+---------+---------+----------+-----------+-----------+------+----------+
        |                            |  Latency (cycles) | Iteration|  Initiation Interval  | Trip |          |
        |          Loop Name         |   min   |   max   |  Latency |  achieved |   target  | Count| Pipelined|
        +----------------------------+---------+---------+----------+-----------+-----------+------+----------+
        |- l_data_load_k8_l_S_n_1_n  |     1025|     1025|         3|          1|          1|  1024|       yes|
        +----------------------------+---------+---------+----------+-----------+-----------+------+----------+

============================================================
+ Verbose Summary: Synthesis Manager
============================================================
InlineROM: 1
ExposeGlobal: 0
============================================================
+ Verbose Summary: CDFG Model
============================================================
IsTopModel: 0
ResetActiveHigh: 1
IsCombinational: 2
IsDatapathOnly: 0
HasWiredReturn: 1
HasMFsm: 2
HasVarLatency: 1
IsPipeline: 0
IsRtlPipelined: 0
IsInstanceOverlapped: 0
IsDontTouch: 0
HasImplIP: 0
IsGatedGlobalClock: 0

+ Individual pipeline summary: 
  * Pipeline-0: initiation interval (II) = 1, depth = 3


============================================================
+ Verbose Summary: Schedule
============================================================
* Number of FSM states : 3
* Pipeline : 1
  Pipeline-0 : II = 1, D = 3, States = { 1 2 3 }
* Dataflow Pipeline: 0

* FSM state transitions: 
1 --> 2 
2 --> 3 
3 --> 

* FSM state operations: 

State 1 <SV = 0> <Delay = 2.54>
ST_1 : Operation 6 [1/1] (0.00ns)   --->   "%n = alloca i32 1" [/home/silvenchen/Desktop/DitBlock/WorkDCT/DitBlock/kernel.cpp:351]   --->   Operation 6 'alloca' 'n' <Predicate = true> <Delay = 0.00>
ST_1 : Operation 7 [1/1] (0.00ns)   --->   "%k8 = alloca i32 1" [/home/silvenchen/Desktop/DitBlock/WorkDCT/DitBlock/kernel.cpp:346]   --->   Operation 7 'alloca' 'k8' <Predicate = true> <Delay = 0.00>
ST_1 : Operation 8 [1/1] (0.00ns)   --->   "%indvar_flatten = alloca i32 1"   --->   Operation 8 'alloca' 'indvar_flatten' <Predicate = true> <Delay = 0.00>
ST_1 : Operation 9 [1/1] (0.00ns)   --->   "%v169_7_load1 = alloca i32 1"   --->   Operation 9 'alloca' 'v169_7_load1' <Predicate = true> <Delay = 0.00>
ST_1 : Operation 10 [1/1] (0.00ns)   --->   "%v169_6_load3 = alloca i32 1"   --->   Operation 10 'alloca' 'v169_6_load3' <Predicate = true> <Delay = 0.00>
ST_1 : Operation 11 [1/1] (0.00ns)   --->   "%v169_5_load5 = alloca i32 1"   --->   Operation 11 'alloca' 'v169_5_load5' <Predicate = true> <Delay = 0.00>
ST_1 : Operation 12 [1/1] (0.00ns)   --->   "%v169_4_load7 = alloca i32 1"   --->   Operation 12 'alloca' 'v169_4_load7' <Predicate = true> <Delay = 0.00>
ST_1 : Operation 13 [1/1] (0.00ns)   --->   "%v169_3_load9 = alloca i32 1"   --->   Operation 13 'alloca' 'v169_3_load9' <Predicate = true> <Delay = 0.00>
ST_1 : Operation 14 [1/1] (0.00ns)   --->   "%v169_2_load11 = alloca i32 1"   --->   Operation 14 'alloca' 'v169_2_load11' <Predicate = true> <Delay = 0.00>
ST_1 : Operation 15 [1/1] (0.00ns)   --->   "%v169_1_load13 = alloca i32 1"   --->   Operation 15 'alloca' 'v169_1_load13' <Predicate = true> <Delay = 0.00>
ST_1 : Operation 16 [1/1] (0.00ns)   --->   "%v169_0_load15 = alloca i32 1"   --->   Operation 16 'alloca' 'v169_0_load15' <Predicate = true> <Delay = 0.00>
ST_1 : Operation 17 [1/1] (0.00ns)   --->   "%specinterface_ln0 = specinterface void @_ssdm_op_SpecInterface, i32 %B_fifo_14, void @empty_234, i32 0, i32 0, void @empty_191, i32 0, i32 0, void @empty_191, void @empty_191, void @empty_191, i32 0, i32 0, i32 0, i32 0, void @empty_191, void @empty_191, i32 4294967295, i32 0"   --->   Operation 17 'specinterface' 'specinterface_ln0' <Predicate = true> <Delay = 0.00>
ST_1 : Operation 18 [1/1] (0.00ns)   --->   "%specinterface_ln0 = specinterface void @_ssdm_op_SpecInterface, i32 %B_fifo_12, void @empty_234, i32 0, i32 0, void @empty_191, i32 0, i32 0, void @empty_191, void @empty_191, void @empty_191, i32 0, i32 0, i32 0, i32 0, void @empty_191, void @empty_191, i32 4294967295, i32 0"   --->   Operation 18 'specinterface' 'specinterface_ln0' <Predicate = true> <Delay = 0.00>
ST_1 : Operation 19 [1/1] (0.00ns)   --->   "%specinterface_ln0 = specinterface void @_ssdm_op_SpecInterface, i32 %B_fifo_10, void @empty_234, i32 0, i32 0, void @empty_191, i32 0, i32 0, void @empty_191, void @empty_191, void @empty_191, i32 0, i32 0, i32 0, i32 0, void @empty_191, void @empty_191, i32 4294967295, i32 0"   --->   Operation 19 'specinterface' 'specinterface_ln0' <Predicate = true> <Delay = 0.00>
ST_1 : Operation 20 [1/1] (0.00ns)   --->   "%specinterface_ln0 = specinterface void @_ssdm_op_SpecInterface, i32 %B_fifo_8, void @empty_234, i32 0, i32 0, void @empty_191, i32 0, i32 0, void @empty_191, void @empty_191, void @empty_191, i32 0, i32 0, i32 0, i32 0, void @empty_191, void @empty_191, i32 4294967295, i32 0"   --->   Operation 20 'specinterface' 'specinterface_ln0' <Predicate = true> <Delay = 0.00>
ST_1 : Operation 21 [1/1] (0.00ns)   --->   "%specinterface_ln0 = specinterface void @_ssdm_op_SpecInterface, i32 %B_fifo_6, void @empty_234, i32 0, i32 0, void @empty_191, i32 0, i32 0, void @empty_191, void @empty_191, void @empty_191, i32 0, i32 0, i32 0, i32 0, void @empty_191, void @empty_191, i32 4294967295, i32 0"   --->   Operation 21 'specinterface' 'specinterface_ln0' <Predicate = true> <Delay = 0.00>
ST_1 : Operation 22 [1/1] (0.00ns)   --->   "%specinterface_ln0 = specinterface void @_ssdm_op_SpecInterface, i32 %B_fifo_4, void @empty_234, i32 0, i32 0, void @empty_191, i32 0, i32 0, void @empty_191, void @empty_191, void @empty_191, i32 0, i32 0, i32 0, i32 0, void @empty_191, void @empty_191, i32 4294967295, i32 0"   --->   Operation 22 'specinterface' 'specinterface_ln0' <Predicate = true> <Delay = 0.00>
ST_1 : Operation 23 [1/1] (0.00ns)   --->   "%specinterface_ln0 = specinterface void @_ssdm_op_SpecInterface, i32 %B_fifo_2, void @empty_234, i32 0, i32 0, void @empty_191, i32 0, i32 0, void @empty_191, void @empty_191, void @empty_191, i32 0, i32 0, i32 0, i32 0, void @empty_191, void @empty_191, i32 4294967295, i32 0"   --->   Operation 23 'specinterface' 'specinterface_ln0' <Predicate = true> <Delay = 0.00>
ST_1 : Operation 24 [1/1] (0.00ns)   --->   "%specinterface_ln0 = specinterface void @_ssdm_op_SpecInterface, i32 %B_fifo, void @empty_234, i32 0, i32 0, void @empty_191, i32 0, i32 0, void @empty_191, void @empty_191, void @empty_191, i32 0, i32 0, i32 0, i32 0, void @empty_191, void @empty_191, i32 4294967295, i32 0"   --->   Operation 24 'specinterface' 'specinterface_ln0' <Predicate = true> <Delay = 0.00>
ST_1 : Operation 25 [1/1] (0.00ns)   --->   "%specinterface_ln0 = specinterface void @_ssdm_op_SpecInterface, i32 %A_fifo, void @empty_234, i32 0, i32 0, void @empty_191, i32 0, i32 0, void @empty_191, void @empty_191, void @empty_191, i32 0, i32 0, i32 0, i32 0, void @empty_191, void @empty_191, i32 4294967295, i32 0"   --->   Operation 25 'specinterface' 'specinterface_ln0' <Predicate = true> <Delay = 0.00>
ST_1 : Operation 26 [1/1] (0.38ns)   --->   "%store_ln0 = store i11 0, i11 %indvar_flatten"   --->   Operation 26 'store' 'store_ln0' <Predicate = true> <Delay = 0.38>
ST_1 : Operation 27 [1/1] (0.38ns)   --->   "%store_ln346 = store i8 0, i8 %k8" [/home/silvenchen/Desktop/DitBlock/WorkDCT/DitBlock/kernel.cpp:346]   --->   Operation 27 'store' 'store_ln346' <Predicate = true> <Delay = 0.38>
ST_1 : Operation 28 [1/1] (0.38ns)   --->   "%store_ln351 = store i4 0, i4 %n" [/home/silvenchen/Desktop/DitBlock/WorkDCT/DitBlock/kernel.cpp:351]   --->   Operation 28 'store' 'store_ln351' <Predicate = true> <Delay = 0.38>
ST_1 : Operation 29 [1/1] (0.38ns)   --->   "%br_ln0 = br void %for.inc42"   --->   Operation 29 'br' 'br_ln0' <Predicate = true> <Delay = 0.38>
ST_1 : Operation 30 [1/1] (0.00ns)   --->   "%first_iter_0 = phi i1 1, void %newFuncRoot, i1 0, void %V.i4144.exit"   --->   Operation 30 'phi' 'first_iter_0' <Predicate = true> <Delay = 0.00>
ST_1 : Operation 31 [1/1] (0.00ns)   --->   "%indvar_flatten_load = load i11 %indvar_flatten" [/home/silvenchen/Desktop/DitBlock/WorkDCT/DitBlock/kernel.cpp:346]   --->   Operation 31 'load' 'indvar_flatten_load' <Predicate = true> <Delay = 0.00>
ST_1 : Operation 32 [1/1] (0.73ns)   --->   "%icmp_ln346 = icmp_eq  i11 %indvar_flatten_load, i11 1024" [/home/silvenchen/Desktop/DitBlock/WorkDCT/DitBlock/kernel.cpp:346]   --->   Operation 32 'icmp' 'icmp_ln346' <Predicate = true> <Delay = 0.73> <CoreInst = "Cmp">   --->   Core 9 'Cmp' <Latency = 0> <II = 1> <Delay = 0.73> <FuncUnit> <Opcode : 'icmp'> <InPorts = 2> <OutPorts = 1>
ST_1 : Operation 33 [1/1] (0.73ns)   --->   "%add_ln346_1 = add i11 %indvar_flatten_load, i11 1" [/home/silvenchen/Desktop/DitBlock/WorkDCT/DitBlock/kernel.cpp:346]   --->   Operation 33 'add' 'add_ln346_1' <Predicate = true> <Delay = 0.73> <CoreInst = "Adder">   --->   Core 1 'Adder' <Latency = 0> <II = 1> <Delay = 0.73> <FuncUnit> <Opcode : 'add' 'sub'> <InPorts = 2> <OutPorts = 1>
ST_1 : Operation 34 [1/1] (0.00ns)   --->   "%br_ln346 = br i1 %icmp_ln346, void %for.inc45, void %for.end47.exitStub" [/home/silvenchen/Desktop/DitBlock/WorkDCT/DitBlock/kernel.cpp:346]   --->   Operation 34 'br' 'br_ln346' <Predicate = true> <Delay = 0.00>
ST_1 : Operation 35 [1/1] (0.00ns)   --->   "%n_load = load i4 %n" [/home/silvenchen/Desktop/DitBlock/WorkDCT/DitBlock/kernel.cpp:351]   --->   Operation 35 'load' 'n_load' <Predicate = (!icmp_ln346)> <Delay = 0.00>
ST_1 : Operation 36 [1/1] (0.00ns)   --->   "%k8_load = load i8 %k8" [/home/silvenchen/Desktop/DitBlock/WorkDCT/DitBlock/kernel.cpp:346]   --->   Operation 36 'load' 'k8_load' <Predicate = (!icmp_ln346)> <Delay = 0.00>
ST_1 : Operation 37 [1/1] (0.70ns)   --->   "%add_ln346 = add i8 %k8_load, i8 1" [/home/silvenchen/Desktop/DitBlock/WorkDCT/DitBlock/kernel.cpp:346]   --->   Operation 37 'add' 'add_ln346' <Predicate = (!icmp_ln346)> <Delay = 0.70> <CoreInst = "Adder">   --->   Core 1 'Adder' <Latency = 0> <II = 1> <Delay = 0.70> <FuncUnit> <Opcode : 'add' 'sub'> <InPorts = 2> <OutPorts = 1>
ST_1 : Operation 38 [1/1] (0.00ns)   --->   "%specloopname_ln0 = specloopname void @_ssdm_op_SpecLoopName, void @l_data_load_k8_l_S_n_1_n_str"   --->   Operation 38 'specloopname' 'specloopname_ln0' <Predicate = (!icmp_ln346)> <Delay = 0.00>
ST_1 : Operation 39 [1/1] (0.00ns)   --->   "%speclooptripcount_ln0 = speclooptripcount void @_ssdm_op_SpecLoopTripCount, i64 1024, i64 1024, i64 1024"   --->   Operation 39 'speclooptripcount' 'speclooptripcount_ln0' <Predicate = (!icmp_ln346)> <Delay = 0.00>
ST_1 : Operation 40 [1/1] (0.70ns)   --->   "%icmp_ln351 = icmp_eq  i4 %n_load, i4 8" [/home/silvenchen/Desktop/DitBlock/WorkDCT/DitBlock/kernel.cpp:351]   --->   Operation 40 'icmp' 'icmp_ln351' <Predicate = (!icmp_ln346)> <Delay = 0.70> <CoreInst = "Cmp">   --->   Core 9 'Cmp' <Latency = 0> <II = 1> <Delay = 0.70> <FuncUnit> <Opcode : 'icmp'> <InPorts = 2> <OutPorts = 1>
ST_1 : Operation 41 [1/1] (0.12ns)   --->   "%or_ln346 = or i1 %icmp_ln351, i1 %first_iter_0" [/home/silvenchen/Desktop/DitBlock/WorkDCT/DitBlock/kernel.cpp:346]   --->   Operation 41 'or' 'or_ln346' <Predicate = (!icmp_ln346)> <Delay = 0.12> <CoreInst = "LogicGate">   --->   Core 74 'LogicGate' <Latency = 0> <II = 1> <Delay = 0.12> <FuncUnit> <Opcode : 'and' 'or' 'xor'> <InPorts = 2> <OutPorts = 1>
ST_1 : Operation 42 [1/1] (0.35ns)   --->   "%select_ln346 = select i1 %icmp_ln351, i4 0, i4 %n_load" [/home/silvenchen/Desktop/DitBlock/WorkDCT/DitBlock/kernel.cpp:346]   --->   Operation 42 'select' 'select_ln346' <Predicate = (!icmp_ln346)> <Delay = 0.35> <CoreInst = "Sel">   --->   Core 73 'Sel' <Latency = 0> <II = 1> <Delay = 0.35> <FuncUnit> <Opcode : 'select'> <InPorts = 3> <OutPorts = 1>
ST_1 : Operation 43 [1/1] (0.30ns)   --->   "%select_ln346_1 = select i1 %icmp_ln351, i8 %add_ln346, i8 %k8_load" [/home/silvenchen/Desktop/DitBlock/WorkDCT/DitBlock/kernel.cpp:346]   --->   Operation 43 'select' 'select_ln346_1' <Predicate = (!icmp_ln346)> <Delay = 0.30> <CoreInst = "Sel">   --->   Core 73 'Sel' <Latency = 0> <II = 1> <Delay = 0.30> <FuncUnit> <Opcode : 'select'> <InPorts = 3> <OutPorts = 1>
ST_1 : Operation 44 [1/1] (0.00ns)   --->   "%zext_ln346 = zext i8 %select_ln346_1" [/home/silvenchen/Desktop/DitBlock/WorkDCT/DitBlock/kernel.cpp:346]   --->   Operation 44 'zext' 'zext_ln346' <Predicate = (!icmp_ln346)> <Delay = 0.00>
ST_1 : Operation 45 [1/1] (0.00ns)   --->   "%v168_0_addr = getelementptr i32 %v168_0, i64 0, i64 %zext_ln346" [/home/silvenchen/Desktop/DitBlock/WorkDCT/DitBlock/kernel.cpp:348]   --->   Operation 45 'getelementptr' 'v168_0_addr' <Predicate = (!icmp_ln346)> <Delay = 0.00>
ST_1 : Operation 46 [1/1] (0.00ns)   --->   "%v169_0_addr = getelementptr i32 %v169_0, i64 0, i64 %zext_ln346" [/home/silvenchen/Desktop/DitBlock/WorkDCT/DitBlock/kernel.cpp:346]   --->   Operation 46 'getelementptr' 'v169_0_addr' <Predicate = (!icmp_ln346)> <Delay = 0.00>
ST_1 : Operation 47 [1/1] (0.00ns)   --->   "%v169_1_addr = getelementptr i32 %v169_1, i64 0, i64 %zext_ln346" [/home/silvenchen/Desktop/DitBlock/WorkDCT/DitBlock/kernel.cpp:346]   --->   Operation 47 'getelementptr' 'v169_1_addr' <Predicate = (!icmp_ln346)> <Delay = 0.00>
ST_1 : Operation 48 [1/1] (0.00ns)   --->   "%v169_2_addr = getelementptr i32 %v169_2, i64 0, i64 %zext_ln346" [/home/silvenchen/Desktop/DitBlock/WorkDCT/DitBlock/kernel.cpp:346]   --->   Operation 48 'getelementptr' 'v169_2_addr' <Predicate = (!icmp_ln346)> <Delay = 0.00>
ST_1 : Operation 49 [1/1] (0.00ns)   --->   "%v169_3_addr = getelementptr i32 %v169_3, i64 0, i64 %zext_ln346" [/home/silvenchen/Desktop/DitBlock/WorkDCT/DitBlock/kernel.cpp:346]   --->   Operation 49 'getelementptr' 'v169_3_addr' <Predicate = (!icmp_ln346)> <Delay = 0.00>
ST_1 : Operation 50 [1/1] (0.00ns)   --->   "%v169_4_addr = getelementptr i32 %v169_4, i64 0, i64 %zext_ln346" [/home/silvenchen/Desktop/DitBlock/WorkDCT/DitBlock/kernel.cpp:346]   --->   Operation 50 'getelementptr' 'v169_4_addr' <Predicate = (!icmp_ln346)> <Delay = 0.00>
ST_1 : Operation 51 [1/1] (0.00ns)   --->   "%v169_5_addr = getelementptr i32 %v169_5, i64 0, i64 %zext_ln346" [/home/silvenchen/Desktop/DitBlock/WorkDCT/DitBlock/kernel.cpp:346]   --->   Operation 51 'getelementptr' 'v169_5_addr' <Predicate = (!icmp_ln346)> <Delay = 0.00>
ST_1 : Operation 52 [1/1] (0.00ns)   --->   "%v169_6_addr = getelementptr i32 %v169_6, i64 0, i64 %zext_ln346" [/home/silvenchen/Desktop/DitBlock/WorkDCT/DitBlock/kernel.cpp:346]   --->   Operation 52 'getelementptr' 'v169_6_addr' <Predicate = (!icmp_ln346)> <Delay = 0.00>
ST_1 : Operation 53 [1/1] (0.00ns)   --->   "%v169_7_addr = getelementptr i32 %v169_7, i64 0, i64 %zext_ln346" [/home/silvenchen/Desktop/DitBlock/WorkDCT/DitBlock/kernel.cpp:346]   --->   Operation 53 'getelementptr' 'v169_7_addr' <Predicate = (!icmp_ln346)> <Delay = 0.00>
ST_1 : Operation 54 [1/1] (0.00ns)   --->   "%br_ln351 = br i1 %or_ln346, void %for.inc42.split, void %for.first.iter.for.inc42" [/home/silvenchen/Desktop/DitBlock/WorkDCT/DitBlock/kernel.cpp:351]   --->   Operation 54 'br' 'br_ln351' <Predicate = (!icmp_ln346)> <Delay = 0.00>
ST_1 : Operation 55 [2/2] (0.60ns)   --->   "%v169_0_load = load i7 %v169_0_addr" [/home/silvenchen/Desktop/DitBlock/WorkDCT/DitBlock/kernel.cpp:346]   --->   Operation 55 'load' 'v169_0_load' <Predicate = (!icmp_ln346 & or_ln346)> <Delay = 0.60> <CoreInst = "RAM">   --->   Core 83 'RAM' <Latency = 1> <II = 1> <Delay = 0.60> <Storage> <Opcode : 'load' 'store'> <Ports = 2> <Width = 32> <Depth = 128> <RAM>
ST_1 : Operation 56 [2/2] (0.60ns)   --->   "%v169_1_load = load i7 %v169_1_addr" [/home/silvenchen/Desktop/DitBlock/WorkDCT/DitBlock/kernel.cpp:346]   --->   Operation 56 'load' 'v169_1_load' <Predicate = (!icmp_ln346 & or_ln346)> <Delay = 0.60> <CoreInst = "RAM">   --->   Core 83 'RAM' <Latency = 1> <II = 1> <Delay = 0.60> <Storage> <Opcode : 'load' 'store'> <Ports = 2> <Width = 32> <Depth = 128> <RAM>
ST_1 : Operation 57 [2/2] (0.60ns)   --->   "%v169_2_load = load i7 %v169_2_addr" [/home/silvenchen/Desktop/DitBlock/WorkDCT/DitBlock/kernel.cpp:346]   --->   Operation 57 'load' 'v169_2_load' <Predicate = (!icmp_ln346 & or_ln346)> <Delay = 0.60> <CoreInst = "RAM">   --->   Core 83 'RAM' <Latency = 1> <II = 1> <Delay = 0.60> <Storage> <Opcode : 'load' 'store'> <Ports = 2> <Width = 32> <Depth = 128> <RAM>
ST_1 : Operation 58 [2/2] (0.60ns)   --->   "%v169_3_load = load i7 %v169_3_addr" [/home/silvenchen/Desktop/DitBlock/WorkDCT/DitBlock/kernel.cpp:346]   --->   Operation 58 'load' 'v169_3_load' <Predicate = (!icmp_ln346 & or_ln346)> <Delay = 0.60> <CoreInst = "RAM">   --->   Core 83 'RAM' <Latency = 1> <II = 1> <Delay = 0.60> <Storage> <Opcode : 'load' 'store'> <Ports = 2> <Width = 32> <Depth = 128> <RAM>
ST_1 : Operation 59 [2/2] (0.60ns)   --->   "%v169_4_load = load i7 %v169_4_addr" [/home/silvenchen/Desktop/DitBlock/WorkDCT/DitBlock/kernel.cpp:346]   --->   Operation 59 'load' 'v169_4_load' <Predicate = (!icmp_ln346 & or_ln346)> <Delay = 0.60> <CoreInst = "RAM">   --->   Core 83 'RAM' <Latency = 1> <II = 1> <Delay = 0.60> <Storage> <Opcode : 'load' 'store'> <Ports = 2> <Width = 32> <Depth = 128> <RAM>
ST_1 : Operation 60 [2/2] (0.60ns)   --->   "%v169_5_load = load i7 %v169_5_addr" [/home/silvenchen/Desktop/DitBlock/WorkDCT/DitBlock/kernel.cpp:346]   --->   Operation 60 'load' 'v169_5_load' <Predicate = (!icmp_ln346 & or_ln346)> <Delay = 0.60> <CoreInst = "RAM">   --->   Core 83 'RAM' <Latency = 1> <II = 1> <Delay = 0.60> <Storage> <Opcode : 'load' 'store'> <Ports = 2> <Width = 32> <Depth = 128> <RAM>
ST_1 : Operation 61 [2/2] (0.60ns)   --->   "%v169_6_load = load i7 %v169_6_addr" [/home/silvenchen/Desktop/DitBlock/WorkDCT/DitBlock/kernel.cpp:346]   --->   Operation 61 'load' 'v169_6_load' <Predicate = (!icmp_ln346 & or_ln346)> <Delay = 0.60> <CoreInst = "RAM">   --->   Core 83 'RAM' <Latency = 1> <II = 1> <Delay = 0.60> <Storage> <Opcode : 'load' 'store'> <Ports = 2> <Width = 32> <Depth = 128> <RAM>
ST_1 : Operation 62 [2/2] (0.60ns)   --->   "%v169_7_load = load i7 %v169_7_addr" [/home/silvenchen/Desktop/DitBlock/WorkDCT/DitBlock/kernel.cpp:346]   --->   Operation 62 'load' 'v169_7_load' <Predicate = (!icmp_ln346 & or_ln346)> <Delay = 0.60> <CoreInst = "RAM">   --->   Core 83 'RAM' <Latency = 1> <II = 1> <Delay = 0.60> <Storage> <Opcode : 'load' 'store'> <Ports = 2> <Width = 32> <Depth = 128> <RAM>
ST_1 : Operation 63 [1/1] (0.00ns)   --->   "%trunc_ln351 = trunc i4 %select_ln346" [/home/silvenchen/Desktop/DitBlock/WorkDCT/DitBlock/kernel.cpp:351]   --->   Operation 63 'trunc' 'trunc_ln351' <Predicate = (!icmp_ln346)> <Delay = 0.00>
ST_1 : Operation 64 [1/1] (0.67ns)   --->   "%switch_ln353 = switch i3 %trunc_ln351, void %V.i4144.case.7, i3 0, void %V.i4144.case.0, i3 1, void %V.i4144.case.1, i3 2, void %V.i4144.case.2, i3 3, void %V.i4144.case.3, i3 4, void %V.i4144.case.4, i3 5, void %V.i4144.case.5, i3 6, void %V.i4144.case.6" [/home/silvenchen/Desktop/DitBlock/WorkDCT/DitBlock/kernel.cpp:353]   --->   Operation 64 'switch' 'switch_ln353' <Predicate = (!icmp_ln346)> <Delay = 0.67>
ST_1 : Operation 65 [1/1] (0.70ns)   --->   "%add_ln351 = add i4 %select_ln346, i4 1" [/home/silvenchen/Desktop/DitBlock/WorkDCT/DitBlock/kernel.cpp:351]   --->   Operation 65 'add' 'add_ln351' <Predicate = (!icmp_ln346)> <Delay = 0.70> <CoreInst = "Adder">   --->   Core 1 'Adder' <Latency = 0> <II = 1> <Delay = 0.70> <FuncUnit> <Opcode : 'add' 'sub'> <InPorts = 2> <OutPorts = 1>
ST_1 : Operation 66 [1/1] (0.38ns)   --->   "%store_ln346 = store i11 %add_ln346_1, i11 %indvar_flatten" [/home/silvenchen/Desktop/DitBlock/WorkDCT/DitBlock/kernel.cpp:346]   --->   Operation 66 'store' 'store_ln346' <Predicate = (!icmp_ln346)> <Delay = 0.38>
ST_1 : Operation 67 [1/1] (0.38ns)   --->   "%store_ln346 = store i8 %select_ln346_1, i8 %k8" [/home/silvenchen/Desktop/DitBlock/WorkDCT/DitBlock/kernel.cpp:346]   --->   Operation 67 'store' 'store_ln346' <Predicate = (!icmp_ln346)> <Delay = 0.38>
ST_1 : Operation 68 [1/1] (0.38ns)   --->   "%store_ln351 = store i4 %add_ln351, i4 %n" [/home/silvenchen/Desktop/DitBlock/WorkDCT/DitBlock/kernel.cpp:351]   --->   Operation 68 'store' 'store_ln351' <Predicate = (!icmp_ln346)> <Delay = 0.38>
ST_1 : Operation 69 [1/1] (0.00ns)   --->   "%br_ln351 = br void %for.inc42" [/home/silvenchen/Desktop/DitBlock/WorkDCT/DitBlock/kernel.cpp:351]   --->   Operation 69 'br' 'br_ln351' <Predicate = (!icmp_ln346)> <Delay = 0.00>

State 2 <SV = 1> <Delay = 0.60>
ST_2 : Operation 70 [2/2] (0.60ns)   --->   "%v177 = load i7 %v168_0_addr" [/home/silvenchen/Desktop/DitBlock/WorkDCT/DitBlock/kernel.cpp:348]   --->   Operation 70 'load' 'v177' <Predicate = (or_ln346)> <Delay = 0.60> <CoreInst = "RAM">   --->   Core 83 'RAM' <Latency = 1> <II = 1> <Delay = 0.60> <Storage> <Opcode : 'load' 'store'> <Ports = 2> <Width = 32> <Depth = 128> <RAM>
ST_2 : Operation 71 [1/2] (0.60ns)   --->   "%v169_0_load = load i7 %v169_0_addr" [/home/silvenchen/Desktop/DitBlock/WorkDCT/DitBlock/kernel.cpp:346]   --->   Operation 71 'load' 'v169_0_load' <Predicate = (or_ln346)> <Delay = 0.60> <CoreInst = "RAM">   --->   Core 83 'RAM' <Latency = 1> <II = 1> <Delay = 0.60> <Storage> <Opcode : 'load' 'store'> <Ports = 2> <Width = 32> <Depth = 128> <RAM>
ST_2 : Operation 72 [1/2] (0.60ns)   --->   "%v169_1_load = load i7 %v169_1_addr" [/home/silvenchen/Desktop/DitBlock/WorkDCT/DitBlock/kernel.cpp:346]   --->   Operation 72 'load' 'v169_1_load' <Predicate = (or_ln346)> <Delay = 0.60> <CoreInst = "RAM">   --->   Core 83 'RAM' <Latency = 1> <II = 1> <Delay = 0.60> <Storage> <Opcode : 'load' 'store'> <Ports = 2> <Width = 32> <Depth = 128> <RAM>
ST_2 : Operation 73 [1/2] (0.60ns)   --->   "%v169_2_load = load i7 %v169_2_addr" [/home/silvenchen/Desktop/DitBlock/WorkDCT/DitBlock/kernel.cpp:346]   --->   Operation 73 'load' 'v169_2_load' <Predicate = (or_ln346)> <Delay = 0.60> <CoreInst = "RAM">   --->   Core 83 'RAM' <Latency = 1> <II = 1> <Delay = 0.60> <Storage> <Opcode : 'load' 'store'> <Ports = 2> <Width = 32> <Depth = 128> <RAM>
ST_2 : Operation 74 [1/2] (0.60ns)   --->   "%v169_3_load = load i7 %v169_3_addr" [/home/silvenchen/Desktop/DitBlock/WorkDCT/DitBlock/kernel.cpp:346]   --->   Operation 74 'load' 'v169_3_load' <Predicate = (or_ln346)> <Delay = 0.60> <CoreInst = "RAM">   --->   Core 83 'RAM' <Latency = 1> <II = 1> <Delay = 0.60> <Storage> <Opcode : 'load' 'store'> <Ports = 2> <Width = 32> <Depth = 128> <RAM>
ST_2 : Operation 75 [1/2] (0.60ns)   --->   "%v169_4_load = load i7 %v169_4_addr" [/home/silvenchen/Desktop/DitBlock/WorkDCT/DitBlock/kernel.cpp:346]   --->   Operation 75 'load' 'v169_4_load' <Predicate = (or_ln346)> <Delay = 0.60> <CoreInst = "RAM">   --->   Core 83 'RAM' <Latency = 1> <II = 1> <Delay = 0.60> <Storage> <Opcode : 'load' 'store'> <Ports = 2> <Width = 32> <Depth = 128> <RAM>
ST_2 : Operation 76 [1/2] (0.60ns)   --->   "%v169_5_load = load i7 %v169_5_addr" [/home/silvenchen/Desktop/DitBlock/WorkDCT/DitBlock/kernel.cpp:346]   --->   Operation 76 'load' 'v169_5_load' <Predicate = (or_ln346)> <Delay = 0.60> <CoreInst = "RAM">   --->   Core 83 'RAM' <Latency = 1> <II = 1> <Delay = 0.60> <Storage> <Opcode : 'load' 'store'> <Ports = 2> <Width = 32> <Depth = 128> <RAM>
ST_2 : Operation 77 [1/2] (0.60ns)   --->   "%v169_6_load = load i7 %v169_6_addr" [/home/silvenchen/Desktop/DitBlock/WorkDCT/DitBlock/kernel.cpp:346]   --->   Operation 77 'load' 'v169_6_load' <Predicate = (or_ln346)> <Delay = 0.60> <CoreInst = "RAM">   --->   Core 83 'RAM' <Latency = 1> <II = 1> <Delay = 0.60> <Storage> <Opcode : 'load' 'store'> <Ports = 2> <Width = 32> <Depth = 128> <RAM>
ST_2 : Operation 78 [1/2] (0.60ns)   --->   "%v169_7_load = load i7 %v169_7_addr" [/home/silvenchen/Desktop/DitBlock/WorkDCT/DitBlock/kernel.cpp:346]   --->   Operation 78 'load' 'v169_7_load' <Predicate = (or_ln346)> <Delay = 0.60> <CoreInst = "RAM">   --->   Core 83 'RAM' <Latency = 1> <II = 1> <Delay = 0.60> <Storage> <Opcode : 'load' 'store'> <Ports = 2> <Width = 32> <Depth = 128> <RAM>
ST_2 : Operation 79 [1/1] (0.00ns)   --->   "%store_ln346 = store i32 %v169_0_load, i32 %v169_0_load15" [/home/silvenchen/Desktop/DitBlock/WorkDCT/DitBlock/kernel.cpp:346]   --->   Operation 79 'store' 'store_ln346' <Predicate = (or_ln346)> <Delay = 0.00>
ST_2 : Operation 80 [1/1] (0.00ns)   --->   "%store_ln346 = store i32 %v169_1_load, i32 %v169_1_load13" [/home/silvenchen/Desktop/DitBlock/WorkDCT/DitBlock/kernel.cpp:346]   --->   Operation 80 'store' 'store_ln346' <Predicate = (or_ln346)> <Delay = 0.00>
ST_2 : Operation 81 [1/1] (0.00ns)   --->   "%store_ln346 = store i32 %v169_2_load, i32 %v169_2_load11" [/home/silvenchen/Desktop/DitBlock/WorkDCT/DitBlock/kernel.cpp:346]   --->   Operation 81 'store' 'store_ln346' <Predicate = (or_ln346)> <Delay = 0.00>
ST_2 : Operation 82 [1/1] (0.00ns)   --->   "%store_ln346 = store i32 %v169_3_load, i32 %v169_3_load9" [/home/silvenchen/Desktop/DitBlock/WorkDCT/DitBlock/kernel.cpp:346]   --->   Operation 82 'store' 'store_ln346' <Predicate = (or_ln346)> <Delay = 0.00>
ST_2 : Operation 83 [1/1] (0.00ns)   --->   "%store_ln346 = store i32 %v169_4_load, i32 %v169_4_load7" [/home/silvenchen/Desktop/DitBlock/WorkDCT/DitBlock/kernel.cpp:346]   --->   Operation 83 'store' 'store_ln346' <Predicate = (or_ln346)> <Delay = 0.00>
ST_2 : Operation 84 [1/1] (0.00ns)   --->   "%store_ln346 = store i32 %v169_5_load, i32 %v169_5_load5" [/home/silvenchen/Desktop/DitBlock/WorkDCT/DitBlock/kernel.cpp:346]   --->   Operation 84 'store' 'store_ln346' <Predicate = (or_ln346)> <Delay = 0.00>
ST_2 : Operation 85 [1/1] (0.00ns)   --->   "%store_ln346 = store i32 %v169_6_load, i32 %v169_6_load3" [/home/silvenchen/Desktop/DitBlock/WorkDCT/DitBlock/kernel.cpp:346]   --->   Operation 85 'store' 'store_ln346' <Predicate = (or_ln346)> <Delay = 0.00>
ST_2 : Operation 86 [1/1] (0.00ns)   --->   "%store_ln346 = store i32 %v169_7_load, i32 %v169_7_load1" [/home/silvenchen/Desktop/DitBlock/WorkDCT/DitBlock/kernel.cpp:346]   --->   Operation 86 'store' 'store_ln346' <Predicate = (or_ln346)> <Delay = 0.00>
ST_2 : Operation 118 [1/1] (0.00ns)   --->   "%ret_ln0 = ret"   --->   Operation 118 'ret' 'ret_ln0' <Predicate = (icmp_ln346)> <Delay = 0.00>

State 3 <SV = 2> <Delay = 2.01>
ST_3 : Operation 87 [1/2] (0.60ns)   --->   "%v177 = load i7 %v168_0_addr" [/home/silvenchen/Desktop/DitBlock/WorkDCT/DitBlock/kernel.cpp:348]   --->   Operation 87 'load' 'v177' <Predicate = (or_ln346)> <Delay = 0.60> <CoreInst = "RAM">   --->   Core 83 'RAM' <Latency = 1> <II = 1> <Delay = 0.60> <Storage> <Opcode : 'load' 'store'> <Ports = 2> <Width = 32> <Depth = 128> <RAM>
ST_3 : Operation 88 [1/1] (0.00ns)   --->   "%bitcast_ln349 = bitcast i32 %v177" [/home/silvenchen/Desktop/DitBlock/WorkDCT/DitBlock/kernel.cpp:349]   --->   Operation 88 'bitcast' 'bitcast_ln349' <Predicate = (or_ln346)> <Delay = 0.00>
ST_3 : Operation 89 [1/1] (1.39ns)   --->   "%write_ln349 = write void @_ssdm_op_Write.ap_fifo.volatile.i32P0A, i32 %A_fifo, i32 %bitcast_ln349" [/home/silvenchen/Desktop/DitBlock/WorkDCT/DitBlock/kernel.cpp:349]   --->   Operation 89 'write' 'write_ln349' <Predicate = (or_ln346)> <Delay = 1.39> <CoreInst = "FIFO_SRL">   --->   Core 81 'FIFO_SRL' <Latency = 0> <II = 1> <Delay = 1.39> <Storage> <Opcode : 'read' 'write' 'nbread' 'nbwrite'> <Ports = 0> <Width = 32> <Depth = 2> <FIFO>
ST_3 : Operation 90 [1/1] (0.00ns)   --->   "%br_ln351 = br void %for.inc42.split" [/home/silvenchen/Desktop/DitBlock/WorkDCT/DitBlock/kernel.cpp:351]   --->   Operation 90 'br' 'br_ln351' <Predicate = (or_ln346)> <Delay = 0.00>
ST_3 : Operation 91 [1/1] (0.00ns)   --->   "%v169_7_load_1 = load i32 %v169_7_load1"   --->   Operation 91 'load' 'v169_7_load_1' <Predicate = (trunc_ln351 == 7)> <Delay = 0.00>
ST_3 : Operation 92 [1/1] (0.00ns)   --->   "%v169_6_load_1 = load i32 %v169_6_load3"   --->   Operation 92 'load' 'v169_6_load_1' <Predicate = (trunc_ln351 == 6)> <Delay = 0.00>
ST_3 : Operation 93 [1/1] (0.00ns)   --->   "%v169_5_load_1 = load i32 %v169_5_load5"   --->   Operation 93 'load' 'v169_5_load_1' <Predicate = (trunc_ln351 == 5)> <Delay = 0.00>
ST_3 : Operation 94 [1/1] (0.00ns)   --->   "%v169_4_load_1 = load i32 %v169_4_load7"   --->   Operation 94 'load' 'v169_4_load_1' <Predicate = (trunc_ln351 == 4)> <Delay = 0.00>
ST_3 : Operation 95 [1/1] (0.00ns)   --->   "%v169_3_load_1 = load i32 %v169_3_load9"   --->   Operation 95 'load' 'v169_3_load_1' <Predicate = (trunc_ln351 == 3)> <Delay = 0.00>
ST_3 : Operation 96 [1/1] (0.00ns)   --->   "%v169_2_load_1 = load i32 %v169_2_load11"   --->   Operation 96 'load' 'v169_2_load_1' <Predicate = (trunc_ln351 == 2)> <Delay = 0.00>
ST_3 : Operation 97 [1/1] (0.00ns)   --->   "%v169_1_load_1 = load i32 %v169_1_load13"   --->   Operation 97 'load' 'v169_1_load_1' <Predicate = (trunc_ln351 == 1)> <Delay = 0.00>
ST_3 : Operation 98 [1/1] (0.00ns)   --->   "%v169_0_load_1 = load i32 %v169_0_load15"   --->   Operation 98 'load' 'v169_0_load_1' <Predicate = (trunc_ln351 == 0)> <Delay = 0.00>
ST_3 : Operation 99 [1/1] (0.00ns)   --->   "%specpipeline_ln351 = specpipeline void @_ssdm_op_SpecPipeline, i32 4294967295, i32 0, i32 0, i32 0, void @empty_191" [/home/silvenchen/Desktop/DitBlock/WorkDCT/DitBlock/kernel.cpp:351]   --->   Operation 99 'specpipeline' 'specpipeline_ln351' <Predicate = true> <Delay = 0.00>
ST_3 : Operation 100 [1/1] (0.58ns)   --->   "%v179 = sparsemux i32 @_ssdm_op_SparseMux.ap_auto.8f32.f32.i3, i3 0, i32 %v169_0_load_1, i3 1, i32 %v169_1_load_1, i3 2, i32 %v169_2_load_1, i3 3, i32 %v169_3_load_1, i3 4, i32 %v169_4_load_1, i3 5, i32 %v169_5_load_1, i3 6, i32 %v169_6_load_1, i3 7, i32 %v169_7_load_1, i32 <undef>, i3 %trunc_ln351" [/home/silvenchen/Desktop/DitBlock/WorkDCT/DitBlock/kernel.cpp:352]   --->   Operation 100 'sparsemux' 'v179' <Predicate = true> <Delay = 0.58> <CoreInst = "SparseMux">   --->   Core 147 'SparseMux' <Latency = 0> <II = 1> <Delay = 0.58> <FuncUnit> <Opcode : 'sparsemux'> <InPorts = 2> <OutPorts = 1>
ST_3 : Operation 101 [1/1] (0.00ns)   --->   "%bitcast_ln353 = bitcast i32 %v179" [/home/silvenchen/Desktop/DitBlock/WorkDCT/DitBlock/kernel.cpp:353]   --->   Operation 101 'bitcast' 'bitcast_ln353' <Predicate = true> <Delay = 0.00>
ST_3 : Operation 102 [1/1] (1.43ns)   --->   "%write_ln353 = write void @_ssdm_op_Write.ap_fifo.volatile.i32P0A, i32 %B_fifo_12, i32 %bitcast_ln353" [/home/silvenchen/Desktop/DitBlock/WorkDCT/DitBlock/kernel.cpp:353]   --->   Operation 102 'write' 'write_ln353' <Predicate = (trunc_ln351 == 6)> <Delay = 1.43> <CoreInst = "FIFO_SRL">   --->   Core 81 'FIFO_SRL' <Latency = 0> <II = 1> <Delay = 1.43> <Storage> <Opcode : 'read' 'write' 'nbread' 'nbwrite'> <Ports = 0> <Width = 32> <Depth = 9> <FIFO>
ST_3 : Operation 103 [1/1] (0.00ns)   --->   "%br_ln353 = br void %V.i4144.exit" [/home/silvenchen/Desktop/DitBlock/WorkDCT/DitBlock/kernel.cpp:353]   --->   Operation 103 'br' 'br_ln353' <Predicate = (trunc_ln351 == 6)> <Delay = 0.00>
ST_3 : Operation 104 [1/1] (1.43ns)   --->   "%write_ln353 = write void @_ssdm_op_Write.ap_fifo.volatile.i32P0A, i32 %B_fifo_10, i32 %bitcast_ln353" [/home/silvenchen/Desktop/DitBlock/WorkDCT/DitBlock/kernel.cpp:353]   --->   Operation 104 'write' 'write_ln353' <Predicate = (trunc_ln351 == 5)> <Delay = 1.43> <CoreInst = "FIFO_SRL">   --->   Core 81 'FIFO_SRL' <Latency = 0> <II = 1> <Delay = 1.43> <Storage> <Opcode : 'read' 'write' 'nbread' 'nbwrite'> <Ports = 0> <Width = 32> <Depth = 9> <FIFO>
ST_3 : Operation 105 [1/1] (0.00ns)   --->   "%br_ln353 = br void %V.i4144.exit" [/home/silvenchen/Desktop/DitBlock/WorkDCT/DitBlock/kernel.cpp:353]   --->   Operation 105 'br' 'br_ln353' <Predicate = (trunc_ln351 == 5)> <Delay = 0.00>
ST_3 : Operation 106 [1/1] (1.43ns)   --->   "%write_ln353 = write void @_ssdm_op_Write.ap_fifo.volatile.i32P0A, i32 %B_fifo_8, i32 %bitcast_ln353" [/home/silvenchen/Desktop/DitBlock/WorkDCT/DitBlock/kernel.cpp:353]   --->   Operation 106 'write' 'write_ln353' <Predicate = (trunc_ln351 == 4)> <Delay = 1.43> <CoreInst = "FIFO_SRL">   --->   Core 81 'FIFO_SRL' <Latency = 0> <II = 1> <Delay = 1.43> <Storage> <Opcode : 'read' 'write' 'nbread' 'nbwrite'> <Ports = 0> <Width = 32> <Depth = 9> <FIFO>
ST_3 : Operation 107 [1/1] (0.00ns)   --->   "%br_ln353 = br void %V.i4144.exit" [/home/silvenchen/Desktop/DitBlock/WorkDCT/DitBlock/kernel.cpp:353]   --->   Operation 107 'br' 'br_ln353' <Predicate = (trunc_ln351 == 4)> <Delay = 0.00>
ST_3 : Operation 108 [1/1] (1.43ns)   --->   "%write_ln353 = write void @_ssdm_op_Write.ap_fifo.volatile.i32P0A, i32 %B_fifo_6, i32 %bitcast_ln353" [/home/silvenchen/Desktop/DitBlock/WorkDCT/DitBlock/kernel.cpp:353]   --->   Operation 108 'write' 'write_ln353' <Predicate = (trunc_ln351 == 3)> <Delay = 1.43> <CoreInst = "FIFO_SRL">   --->   Core 81 'FIFO_SRL' <Latency = 0> <II = 1> <Delay = 1.43> <Storage> <Opcode : 'read' 'write' 'nbread' 'nbwrite'> <Ports = 0> <Width = 32> <Depth = 9> <FIFO>
ST_3 : Operation 109 [1/1] (0.00ns)   --->   "%br_ln353 = br void %V.i4144.exit" [/home/silvenchen/Desktop/DitBlock/WorkDCT/DitBlock/kernel.cpp:353]   --->   Operation 109 'br' 'br_ln353' <Predicate = (trunc_ln351 == 3)> <Delay = 0.00>
ST_3 : Operation 110 [1/1] (1.43ns)   --->   "%write_ln353 = write void @_ssdm_op_Write.ap_fifo.volatile.i32P0A, i32 %B_fifo_4, i32 %bitcast_ln353" [/home/silvenchen/Desktop/DitBlock/WorkDCT/DitBlock/kernel.cpp:353]   --->   Operation 110 'write' 'write_ln353' <Predicate = (trunc_ln351 == 2)> <Delay = 1.43> <CoreInst = "FIFO_SRL">   --->   Core 81 'FIFO_SRL' <Latency = 0> <II = 1> <Delay = 1.43> <Storage> <Opcode : 'read' 'write' 'nbread' 'nbwrite'> <Ports = 0> <Width = 32> <Depth = 9> <FIFO>
ST_3 : Operation 111 [1/1] (0.00ns)   --->   "%br_ln353 = br void %V.i4144.exit" [/home/silvenchen/Desktop/DitBlock/WorkDCT/DitBlock/kernel.cpp:353]   --->   Operation 111 'br' 'br_ln353' <Predicate = (trunc_ln351 == 2)> <Delay = 0.00>
ST_3 : Operation 112 [1/1] (1.43ns)   --->   "%write_ln353 = write void @_ssdm_op_Write.ap_fifo.volatile.i32P0A, i32 %B_fifo_2, i32 %bitcast_ln353" [/home/silvenchen/Desktop/DitBlock/WorkDCT/DitBlock/kernel.cpp:353]   --->   Operation 112 'write' 'write_ln353' <Predicate = (trunc_ln351 == 1)> <Delay = 1.43> <CoreInst = "FIFO_SRL">   --->   Core 81 'FIFO_SRL' <Latency = 0> <II = 1> <Delay = 1.43> <Storage> <Opcode : 'read' 'write' 'nbread' 'nbwrite'> <Ports = 0> <Width = 32> <Depth = 9> <FIFO>
ST_3 : Operation 113 [1/1] (0.00ns)   --->   "%br_ln353 = br void %V.i4144.exit" [/home/silvenchen/Desktop/DitBlock/WorkDCT/DitBlock/kernel.cpp:353]   --->   Operation 113 'br' 'br_ln353' <Predicate = (trunc_ln351 == 1)> <Delay = 0.00>
ST_3 : Operation 114 [1/1] (1.43ns)   --->   "%write_ln353 = write void @_ssdm_op_Write.ap_fifo.volatile.i32P0A, i32 %B_fifo, i32 %bitcast_ln353" [/home/silvenchen/Desktop/DitBlock/WorkDCT/DitBlock/kernel.cpp:353]   --->   Operation 114 'write' 'write_ln353' <Predicate = (trunc_ln351 == 0)> <Delay = 1.43> <CoreInst = "FIFO_SRL">   --->   Core 81 'FIFO_SRL' <Latency = 0> <II = 1> <Delay = 1.43> <Storage> <Opcode : 'read' 'write' 'nbread' 'nbwrite'> <Ports = 0> <Width = 32> <Depth = 9> <FIFO>
ST_3 : Operation 115 [1/1] (0.00ns)   --->   "%br_ln353 = br void %V.i4144.exit" [/home/silvenchen/Desktop/DitBlock/WorkDCT/DitBlock/kernel.cpp:353]   --->   Operation 115 'br' 'br_ln353' <Predicate = (trunc_ln351 == 0)> <Delay = 0.00>
ST_3 : Operation 116 [1/1] (1.43ns)   --->   "%write_ln353 = write void @_ssdm_op_Write.ap_fifo.volatile.i32P0A, i32 %B_fifo_14, i32 %bitcast_ln353" [/home/silvenchen/Desktop/DitBlock/WorkDCT/DitBlock/kernel.cpp:353]   --->   Operation 116 'write' 'write_ln353' <Predicate = (trunc_ln351 == 7)> <Delay = 1.43> <CoreInst = "FIFO_SRL">   --->   Core 81 'FIFO_SRL' <Latency = 0> <II = 1> <Delay = 1.43> <Storage> <Opcode : 'read' 'write' 'nbread' 'nbwrite'> <Ports = 0> <Width = 32> <Depth = 9> <FIFO>
ST_3 : Operation 117 [1/1] (0.00ns)   --->   "%br_ln353 = br void %V.i4144.exit" [/home/silvenchen/Desktop/DitBlock/WorkDCT/DitBlock/kernel.cpp:353]   --->   Operation 117 'br' 'br_ln353' <Predicate = (trunc_ln351 == 7)> <Delay = 0.00>


============================================================
+ Verbose Summary: Binding
============================================================
STG Binding: 
---------------- STG Properties BEGIN ----------------
- Is combinational: 0
- Is one-state seq: 0
- Is datapath-only: 0
- Is pipelined: 0
- Is top level: 0
Port [ Return ] is wired: 1; IO mode=ap_ctrl_hs:ce=0
Port [ v168_0]:  wired=1; compound=1; hidden=0; nouse=0; global=0; static=0; extern=0; dir=0; type=1; pingpong=0; private_global=0; MemPort=[13]; IO mode=ap_memory:ce=0
Port [ A_fifo]:  wired=1; compound=1; hidden=0; nouse=0; global=0; static=0; extern=0; dir=1; type=3; pingpong=0; private_global=0; IO mode=ap_fifo:ce=0
Port [ v169_0]:  wired=1; compound=1; hidden=0; nouse=0; global=0; static=0; extern=0; dir=0; type=1; pingpong=0; private_global=0; MemPort=[13]; IO mode=ap_memory:ce=0
Port [ v169_1]:  wired=1; compound=1; hidden=0; nouse=0; global=0; static=0; extern=0; dir=0; type=1; pingpong=0; private_global=0; MemPort=[13]; IO mode=ap_memory:ce=0
Port [ v169_2]:  wired=1; compound=1; hidden=0; nouse=0; global=0; static=0; extern=0; dir=0; type=1; pingpong=0; private_global=0; MemPort=[13]; IO mode=ap_memory:ce=0
Port [ v169_3]:  wired=1; compound=1; hidden=0; nouse=0; global=0; static=0; extern=0; dir=0; type=1; pingpong=0; private_global=0; MemPort=[13]; IO mode=ap_memory:ce=0
Port [ v169_4]:  wired=1; compound=1; hidden=0; nouse=0; global=0; static=0; extern=0; dir=0; type=1; pingpong=0; private_global=0; MemPort=[13]; IO mode=ap_memory:ce=0
Port [ v169_5]:  wired=1; compound=1; hidden=0; nouse=0; global=0; static=0; extern=0; dir=0; type=1; pingpong=0; private_global=0; MemPort=[13]; IO mode=ap_memory:ce=0
Port [ v169_6]:  wired=1; compound=1; hidden=0; nouse=0; global=0; static=0; extern=0; dir=0; type=1; pingpong=0; private_global=0; MemPort=[13]; IO mode=ap_memory:ce=0
Port [ v169_7]:  wired=1; compound=1; hidden=0; nouse=0; global=0; static=0; extern=0; dir=0; type=1; pingpong=0; private_global=0; MemPort=[13]; IO mode=ap_memory:ce=0
Port [ B_fifo]:  wired=1; compound=1; hidden=0; nouse=0; global=0; static=0; extern=0; dir=1; type=3; pingpong=0; private_global=0; IO mode=ap_fifo:ce=0
Port [ B_fifo_2]:  wired=1; compound=1; hidden=0; nouse=0; global=0; static=0; extern=0; dir=1; type=3; pingpong=0; private_global=0; IO mode=ap_fifo:ce=0
Port [ B_fifo_4]:  wired=1; compound=1; hidden=0; nouse=0; global=0; static=0; extern=0; dir=1; type=3; pingpong=0; private_global=0; IO mode=ap_fifo:ce=0
Port [ B_fifo_6]:  wired=1; compound=1; hidden=0; nouse=0; global=0; static=0; extern=0; dir=1; type=3; pingpong=0; private_global=0; IO mode=ap_fifo:ce=0
Port [ B_fifo_8]:  wired=1; compound=1; hidden=0; nouse=0; global=0; static=0; extern=0; dir=1; type=3; pingpong=0; private_global=0; IO mode=ap_fifo:ce=0
Port [ B_fifo_10]:  wired=1; compound=1; hidden=0; nouse=0; global=0; static=0; extern=0; dir=1; type=3; pingpong=0; private_global=0; IO mode=ap_fifo:ce=0
Port [ B_fifo_12]:  wired=1; compound=1; hidden=0; nouse=0; global=0; static=0; extern=0; dir=1; type=3; pingpong=0; private_global=0; IO mode=ap_fifo:ce=0
Port [ B_fifo_14]:  wired=1; compound=1; hidden=0; nouse=0; global=0; static=0; extern=0; dir=1; type=3; pingpong=0; private_global=0; IO mode=ap_fifo:ce=0
---------------- STG Properties END ------------------

---------------- Datapath Model BEGIN ----------------

<LifeTime>
<method=bitvector/>
n                     (alloca           ) [ 0100]
k8                    (alloca           ) [ 0100]
indvar_flatten        (alloca           ) [ 0100]
v169_7_load1          (alloca           ) [ 0111]
v169_6_load3          (alloca           ) [ 0111]
v169_5_load5          (alloca           ) [ 0111]
v169_4_load7          (alloca           ) [ 0111]
v169_3_load9          (alloca           ) [ 0111]
v169_2_load11         (alloca           ) [ 0111]
v169_1_load13         (alloca           ) [ 0111]
v169_0_load15         (alloca           ) [ 0111]
specinterface_ln0     (specinterface    ) [ 0000]
specinterface_ln0     (specinterface    ) [ 0000]
specinterface_ln0     (specinterface    ) [ 0000]
specinterface_ln0     (specinterface    ) [ 0000]
specinterface_ln0     (specinterface    ) [ 0000]
specinterface_ln0     (specinterface    ) [ 0000]
specinterface_ln0     (specinterface    ) [ 0000]
specinterface_ln0     (specinterface    ) [ 0000]
specinterface_ln0     (specinterface    ) [ 0000]
store_ln0             (store            ) [ 0000]
store_ln346           (store            ) [ 0000]
store_ln351           (store            ) [ 0000]
br_ln0                (br               ) [ 0000]
first_iter_0          (phi              ) [ 0100]
indvar_flatten_load   (load             ) [ 0000]
icmp_ln346            (icmp             ) [ 0111]
add_ln346_1           (add              ) [ 0000]
br_ln346              (br               ) [ 0000]
n_load                (load             ) [ 0000]
k8_load               (load             ) [ 0000]
add_ln346             (add              ) [ 0000]
specloopname_ln0      (specloopname     ) [ 0000]
speclooptripcount_ln0 (speclooptripcount) [ 0000]
icmp_ln351            (icmp             ) [ 0000]
or_ln346              (or               ) [ 0111]
select_ln346          (select           ) [ 0000]
select_ln346_1        (select           ) [ 0000]
zext_ln346            (zext             ) [ 0000]
v168_0_addr           (getelementptr    ) [ 0111]
v169_0_addr           (getelementptr    ) [ 0110]
v169_1_addr           (getelementptr    ) [ 0110]
v169_2_addr           (getelementptr    ) [ 0110]
v169_3_addr           (getelementptr    ) [ 0110]
v169_4_addr           (getelementptr    ) [ 0110]
v169_5_addr           (getelementptr    ) [ 0110]
v169_6_addr           (getelementptr    ) [ 0110]
v169_7_addr           (getelementptr    ) [ 0110]
br_ln351              (br               ) [ 0000]
trunc_ln351           (trunc            ) [ 0111]
switch_ln353          (switch           ) [ 0000]
add_ln351             (add              ) [ 0000]
store_ln346           (store            ) [ 0000]
store_ln346           (store            ) [ 0000]
store_ln351           (store            ) [ 0000]
br_ln351              (br               ) [ 0100]
v169_0_load           (load             ) [ 0000]
v169_1_load           (load             ) [ 0000]
v169_2_load           (load             ) [ 0000]
v169_3_load           (load             ) [ 0000]
v169_4_load           (load             ) [ 0000]
v169_5_load           (load             ) [ 0000]
v169_6_load           (load             ) [ 0000]
v169_7_load           (load             ) [ 0000]
store_ln346           (store            ) [ 0000]
store_ln346           (store            ) [ 0000]
store_ln346           (store            ) [ 0000]
store_ln346           (store            ) [ 0000]
store_ln346           (store            ) [ 0000]
store_ln346           (store            ) [ 0000]
store_ln346           (store            ) [ 0000]
store_ln346           (store            ) [ 0000]
v177                  (load             ) [ 0000]
bitcast_ln349         (bitcast          ) [ 0000]
write_ln349           (write            ) [ 0000]
br_ln351              (br               ) [ 0000]
v169_7_load_1         (load             ) [ 0000]
v169_6_load_1         (load             ) [ 0000]
v169_5_load_1         (load             ) [ 0000]
v169_4_load_1         (load             ) [ 0000]
v169_3_load_1         (load             ) [ 0000]
v169_2_load_1         (load             ) [ 0000]
v169_1_load_1         (load             ) [ 0000]
v169_0_load_1         (load             ) [ 0000]
specpipeline_ln351    (specpipeline     ) [ 0000]
v179                  (sparsemux        ) [ 0000]
bitcast_ln353         (bitcast          ) [ 0000]
write_ln353           (write            ) [ 0000]
br_ln353              (br               ) [ 0000]
write_ln353           (write            ) [ 0000]
br_ln353              (br               ) [ 0000]
write_ln353           (write            ) [ 0000]
br_ln353              (br               ) [ 0000]
write_ln353           (write            ) [ 0000]
br_ln353              (br               ) [ 0000]
write_ln353           (write            ) [ 0000]
br_ln353              (br               ) [ 0000]
write_ln353           (write            ) [ 0000]
br_ln353              (br               ) [ 0000]
write_ln353           (write            ) [ 0000]
br_ln353              (br               ) [ 0000]
write_ln353           (write            ) [ 0000]
br_ln353              (br               ) [ 0000]
ret_ln0               (ret              ) [ 0000]
</LifeTime>

<model>

<comp_list>
<comp id="0" class="1000" name="v168_0">
<pin_list>
<pin id="1" dir="1" index="0" bw="1" slack="0"/>
</pin_list>
<bind>
<StgValue><ssdm name="v168_0"/><MemPortTyVec>1 3 </MemPortTyVec>
</StgValue>
</bind>
</comp>

<comp id="2" class="1000" name="A_fifo">
<pin_list>
<pin id="3" dir="1" index="0" bw="1" slack="0"/>
</pin_list>
<bind>
<StgValue><ssdm name="A_fifo"/></StgValue>
</bind>
</comp>

<comp id="4" class="1000" name="v169_0">
<pin_list>
<pin id="5" dir="1" index="0" bw="1" slack="0"/>
</pin_list>
<bind>
<StgValue><ssdm name="v169_0"/><MemPortTyVec>1 3 </MemPortTyVec>
</StgValue>
</bind>
</comp>

<comp id="6" class="1000" name="v169_1">
<pin_list>
<pin id="7" dir="1" index="0" bw="1" slack="0"/>
</pin_list>
<bind>
<StgValue><ssdm name="v169_1"/><MemPortTyVec>1 3 </MemPortTyVec>
</StgValue>
</bind>
</comp>

<comp id="8" class="1000" name="v169_2">
<pin_list>
<pin id="9" dir="1" index="0" bw="1" slack="0"/>
</pin_list>
<bind>
<StgValue><ssdm name="v169_2"/><MemPortTyVec>1 3 </MemPortTyVec>
</StgValue>
</bind>
</comp>

<comp id="10" class="1000" name="v169_3">
<pin_list>
<pin id="11" dir="1" index="0" bw="1" slack="0"/>
</pin_list>
<bind>
<StgValue><ssdm name="v169_3"/><MemPortTyVec>1 3 </MemPortTyVec>
</StgValue>
</bind>
</comp>

<comp id="12" class="1000" name="v169_4">
<pin_list>
<pin id="13" dir="1" index="0" bw="1" slack="0"/>
</pin_list>
<bind>
<StgValue><ssdm name="v169_4"/><MemPortTyVec>1 3 </MemPortTyVec>
</StgValue>
</bind>
</comp>

<comp id="14" class="1000" name="v169_5">
<pin_list>
<pin id="15" dir="1" index="0" bw="1" slack="0"/>
</pin_list>
<bind>
<StgValue><ssdm name="v169_5"/><MemPortTyVec>1 3 </MemPortTyVec>
</StgValue>
</bind>
</comp>

<comp id="16" class="1000" name="v169_6">
<pin_list>
<pin id="17" dir="1" index="0" bw="1" slack="0"/>
</pin_list>
<bind>
<StgValue><ssdm name="v169_6"/><MemPortTyVec>1 3 </MemPortTyVec>
</StgValue>
</bind>
</comp>

<comp id="18" class="1000" name="v169_7">
<pin_list>
<pin id="19" dir="1" index="0" bw="1" slack="0"/>
</pin_list>
<bind>
<StgValue><ssdm name="v169_7"/><MemPortTyVec>1 3 </MemPortTyVec>
</StgValue>
</bind>
</comp>

<comp id="20" class="1000" name="B_fifo">
<pin_list>
<pin id="21" dir="1" index="0" bw="1" slack="0"/>
</pin_list>
<bind>
<StgValue><ssdm name="B_fifo"/></StgValue>
</bind>
</comp>

<comp id="22" class="1000" name="B_fifo_2">
<pin_list>
<pin id="23" dir="1" index="0" bw="1" slack="0"/>
</pin_list>
<bind>
<StgValue><ssdm name="B_fifo_2"/></StgValue>
</bind>
</comp>

<comp id="24" class="1000" name="B_fifo_4">
<pin_list>
<pin id="25" dir="1" index="0" bw="1" slack="0"/>
</pin_list>
<bind>
<StgValue><ssdm name="B_fifo_4"/></StgValue>
</bind>
</comp>

<comp id="26" class="1000" name="B_fifo_6">
<pin_list>
<pin id="27" dir="1" index="0" bw="1" slack="0"/>
</pin_list>
<bind>
<StgValue><ssdm name="B_fifo_6"/></StgValue>
</bind>
</comp>

<comp id="28" class="1000" name="B_fifo_8">
<pin_list>
<pin id="29" dir="1" index="0" bw="1" slack="0"/>
</pin_list>
<bind>
<StgValue><ssdm name="B_fifo_8"/></StgValue>
</bind>
</comp>

<comp id="30" class="1000" name="B_fifo_10">
<pin_list>
<pin id="31" dir="1" index="0" bw="1" slack="0"/>
</pin_list>
<bind>
<StgValue><ssdm name="B_fifo_10"/></StgValue>
</bind>
</comp>

<comp id="32" class="1000" name="B_fifo_12">
<pin_list>
<pin id="33" dir="1" index="0" bw="1" slack="0"/>
</pin_list>
<bind>
<StgValue><ssdm name="B_fifo_12"/></StgValue>
</bind>
</comp>

<comp id="34" class="1000" name="B_fifo_14">
<pin_list>
<pin id="35" dir="1" index="0" bw="1" slack="0"/>
</pin_list>
<bind>
<StgValue><ssdm name="B_fifo_14"/></StgValue>
</bind>
</comp>

<comp id="36" class="1001" name="const_36">
<pin_list>
<pin id="37" dir="1" index="0" bw="1" slack="0"/>
</pin_list>
<bind>
<StgValue><ssdm name=""/></StgValue>
</bind>
</comp>

<comp id="38" class="1001" name="const_38">
<pin_list>
<pin id="39" dir="1" index="0" bw="1" slack="2147483647"/>
</pin_list>
<bind>
<StgValue><ssdm name="_ssdm_op_SpecInterface"/></StgValue>
</bind>
</comp>

<comp id="40" class="1001" name="const_40">
<pin_list>
<pin id="41" dir="1" index="0" bw="1" slack="2147483647"/>
</pin_list>
<bind>
<StgValue><ssdm name="empty_234"/></StgValue>
</bind>
</comp>

<comp id="42" class="1001" name="const_42">
<pin_list>
<pin id="43" dir="1" index="0" bw="1" slack="2147483647"/>
</pin_list>
<bind>
<StgValue><ssdm name=""/></StgValue>
</bind>
</comp>

<comp id="44" class="1001" name="const_44">
<pin_list>
<pin id="45" dir="1" index="0" bw="1" slack="2147483647"/>
</pin_list>
<bind>
<StgValue><ssdm name="empty_191"/></StgValue>
</bind>
</comp>

<comp id="46" class="1001" name="const_46">
<pin_list>
<pin id="47" dir="1" index="0" bw="1" slack="2147483647"/>
</pin_list>
<bind>
<StgValue><ssdm name=""/></StgValue>
</bind>
</comp>

<comp id="48" class="1001" name="const_48">
<pin_list>
<pin id="49" dir="1" index="0" bw="1" slack="0"/>
</pin_list>
<bind>
<StgValue><ssdm name=""/></StgValue>
</bind>
</comp>

<comp id="50" class="1001" name="const_50">
<pin_list>
<pin id="51" dir="1" index="0" bw="1" slack="0"/>
</pin_list>
<bind>
<StgValue><ssdm name=""/></StgValue>
</bind>
</comp>

<comp id="52" class="1001" name="const_52">
<pin_list>
<pin id="53" dir="1" index="0" bw="1" slack="0"/>
</pin_list>
<bind>
<StgValue><ssdm name=""/></StgValue>
</bind>
</comp>

<comp id="54" class="1001" name="const_54">
<pin_list>
<pin id="55" dir="1" index="0" bw="1" slack="0"/>
</pin_list>
<bind>
<StgValue><ssdm name=""/></StgValue>
</bind>
</comp>

<comp id="56" class="1001" name="const_56">
<pin_list>
<pin id="57" dir="1" index="0" bw="1" slack="0"/>
</pin_list>
<bind>
<StgValue><ssdm name=""/></StgValue>
</bind>
</comp>

<comp id="58" class="1001" name="const_58">
<pin_list>
<pin id="59" dir="1" index="0" bw="1" slack="0"/>
</pin_list>
<bind>
<StgValue><ssdm name=""/></StgValue>
</bind>
</comp>

<comp id="60" class="1001" name="const_60">
<pin_list>
<pin id="61" dir="1" index="0" bw="1" slack="0"/>
</pin_list>
<bind>
<StgValue><ssdm name=""/></StgValue>
</bind>
</comp>

<comp id="62" class="1001" name="const_62">
<pin_list>
<pin id="63" dir="1" index="0" bw="1" slack="0"/>
</pin_list>
<bind>
<StgValue><ssdm name=""/></StgValue>
</bind>
</comp>

<comp id="64" class="1001" name="const_64">
<pin_list>
<pin id="65" dir="1" index="0" bw="1" slack="2147483647"/>
</pin_list>
<bind>
<StgValue><ssdm name="_ssdm_op_SpecLoopName"/></StgValue>
</bind>
</comp>

<comp id="66" class="1001" name="const_66">
<pin_list>
<pin id="67" dir="1" index="0" bw="1" slack="2147483647"/>
</pin_list>
<bind>
<StgValue><ssdm name="l_data_load_k8_l_S_n_1_n_str"/></StgValue>
</bind>
</comp>

<comp id="68" class="1001" name="const_68">
<pin_list>
<pin id="69" dir="1" index="0" bw="1" slack="2147483647"/>
</pin_list>
<bind>
<StgValue><ssdm name="_ssdm_op_SpecLoopTripCount"/></StgValue>
</bind>
</comp>

<comp id="70" class="1001" name="const_70">
<pin_list>
<pin id="71" dir="1" index="0" bw="1" slack="2147483647"/>
</pin_list>
<bind>
<StgValue><ssdm name=""/></StgValue>
</bind>
</comp>

<comp id="72" class="1001" name="const_72">
<pin_list>
<pin id="73" dir="1" index="0" bw="1" slack="0"/>
</pin_list>
<bind>
<StgValue><ssdm name=""/></StgValue>
</bind>
</comp>

<comp id="74" class="1001" name="const_74">
<pin_list>
<pin id="75" dir="1" index="0" bw="1" slack="0"/>
</pin_list>
<bind>
<StgValue><ssdm name=""/></StgValue>
</bind>
</comp>

<comp id="76" class="1001" name="const_76">
<pin_list>
<pin id="77" dir="1" index="0" bw="1" slack="0"/>
</pin_list>
<bind>
<StgValue><ssdm name=""/></StgValue>
</bind>
</comp>

<comp id="78" class="1001" name="const_78">
<pin_list>
<pin id="79" dir="1" index="0" bw="1" slack="0"/>
</pin_list>
<bind>
<StgValue><ssdm name=""/></StgValue>
</bind>
</comp>

<comp id="80" class="1001" name="const_80">
<pin_list>
<pin id="81" dir="1" index="0" bw="1" slack="0"/>
</pin_list>
<bind>
<StgValue><ssdm name=""/></StgValue>
</bind>
</comp>

<comp id="82" class="1001" name="const_82">
<pin_list>
<pin id="83" dir="1" index="0" bw="1" slack="0"/>
</pin_list>
<bind>
<StgValue><ssdm name=""/></StgValue>
</bind>
</comp>

<comp id="84" class="1001" name="const_84">
<pin_list>
<pin id="85" dir="1" index="0" bw="1" slack="0"/>
</pin_list>
<bind>
<StgValue><ssdm name=""/></StgValue>
</bind>
</comp>

<comp id="86" class="1001" name="const_86">
<pin_list>
<pin id="87" dir="1" index="0" bw="1" slack="0"/>
</pin_list>
<bind>
<StgValue><ssdm name=""/></StgValue>
</bind>
</comp>

<comp id="88" class="1001" name="const_88">
<pin_list>
<pin id="89" dir="1" index="0" bw="1" slack="0"/>
</pin_list>
<bind>
<StgValue><ssdm name=""/></StgValue>
</bind>
</comp>

<comp id="90" class="1001" name="const_90">
<pin_list>
<pin id="91" dir="1" index="0" bw="1" slack="0"/>
</pin_list>
<bind>
<StgValue><ssdm name=""/></StgValue>
</bind>
</comp>

<comp id="92" class="1001" name="const_92">
<pin_list>
<pin id="93" dir="1" index="0" bw="1" slack="0"/>
</pin_list>
<bind>
<StgValue><ssdm name="_ssdm_op_Write.ap_fifo.volatile.i32P0A"/></StgValue>
</bind>
</comp>

<comp id="94" class="1001" name="const_94">
<pin_list>
<pin id="95" dir="1" index="0" bw="1" slack="2147483647"/>
</pin_list>
<bind>
<StgValue><ssdm name="_ssdm_op_SpecPipeline"/></StgValue>
</bind>
</comp>

<comp id="96" class="1001" name="const_96">
<pin_list>
<pin id="97" dir="1" index="0" bw="1" slack="0"/>
</pin_list>
<bind>
<StgValue><ssdm name="_ssdm_op_SparseMux.ap_auto.8f32.f32.i3"/></StgValue>
</bind>
</comp>

<comp id="98" class="1001" name="const_98">
<pin_list>
<pin id="99" dir="1" index="0" bw="1" slack="0"/>
</pin_list>
<bind>
<StgValue><ssdm name=""/></StgValue>
</bind>
</comp>

<comp id="100" class="1001" name="const_100">
<pin_list>
<pin id="101" dir="1" index="0" bw="1" slack="0"/>
</pin_list>
<bind>
<StgValue><ssdm name=""/></StgValue>
</bind>
</comp>

<comp id="102" class="1004" name="n_fu_102">
<pin_list>
<pin id="103" dir="0" index="0" bw="1" slack="0"/>
<pin id="104" dir="1" index="1" bw="4" slack="0"/>
</pin_list>
<bind>
<opcode="alloca(26) " fcode="alloca"/>
<opset="n/1 "/>
</bind>
</comp>

<comp id="106" class="1004" name="k8_fu_106">
<pin_list>
<pin id="107" dir="0" index="0" bw="1" slack="0"/>
<pin id="108" dir="1" index="1" bw="8" slack="0"/>
</pin_list>
<bind>
<opcode="alloca(26) " fcode="alloca"/>
<opset="k8/1 "/>
</bind>
</comp>

<comp id="110" class="1004" name="indvar_flatten_fu_110">
<pin_list>
<pin id="111" dir="0" index="0" bw="1" slack="0"/>
<pin id="112" dir="1" index="1" bw="11" slack="0"/>
</pin_list>
<bind>
<opcode="alloca(26) " fcode="alloca"/>
<opset="indvar_flatten/1 "/>
</bind>
</comp>

<comp id="114" class="1004" name="v169_7_load1_fu_114">
<pin_list>
<pin id="115" dir="0" index="0" bw="1" slack="0"/>
<pin id="116" dir="1" index="1" bw="32" slack="1"/>
</pin_list>
<bind>
<opcode="alloca(26) " fcode="alloca"/>
<opset="v169_7_load1/1 "/>
</bind>
</comp>

<comp id="118" class="1004" name="v169_6_load3_fu_118">
<pin_list>
<pin id="119" dir="0" index="0" bw="1" slack="0"/>
<pin id="120" dir="1" index="1" bw="32" slack="1"/>
</pin_list>
<bind>
<opcode="alloca(26) " fcode="alloca"/>
<opset="v169_6_load3/1 "/>
</bind>
</comp>

<comp id="122" class="1004" name="v169_5_load5_fu_122">
<pin_list>
<pin id="123" dir="0" index="0" bw="1" slack="0"/>
<pin id="124" dir="1" index="1" bw="32" slack="1"/>
</pin_list>
<bind>
<opcode="alloca(26) " fcode="alloca"/>
<opset="v169_5_load5/1 "/>
</bind>
</comp>

<comp id="126" class="1004" name="v169_4_load7_fu_126">
<pin_list>
<pin id="127" dir="0" index="0" bw="1" slack="0"/>
<pin id="128" dir="1" index="1" bw="32" slack="1"/>
</pin_list>
<bind>
<opcode="alloca(26) " fcode="alloca"/>
<opset="v169_4_load7/1 "/>
</bind>
</comp>

<comp id="130" class="1004" name="v169_3_load9_fu_130">
<pin_list>
<pin id="131" dir="0" index="0" bw="1" slack="0"/>
<pin id="132" dir="1" index="1" bw="32" slack="1"/>
</pin_list>
<bind>
<opcode="alloca(26) " fcode="alloca"/>
<opset="v169_3_load9/1 "/>
</bind>
</comp>

<comp id="134" class="1004" name="v169_2_load11_fu_134">
<pin_list>
<pin id="135" dir="0" index="0" bw="1" slack="0"/>
<pin id="136" dir="1" index="1" bw="32" slack="1"/>
</pin_list>
<bind>
<opcode="alloca(26) " fcode="alloca"/>
<opset="v169_2_load11/1 "/>
</bind>
</comp>

<comp id="138" class="1004" name="v169_1_load13_fu_138">
<pin_list>
<pin id="139" dir="0" index="0" bw="1" slack="0"/>
<pin id="140" dir="1" index="1" bw="32" slack="1"/>
</pin_list>
<bind>
<opcode="alloca(26) " fcode="alloca"/>
<opset="v169_1_load13/1 "/>
</bind>
</comp>

<comp id="142" class="1004" name="v169_0_load15_fu_142">
<pin_list>
<pin id="143" dir="0" index="0" bw="1" slack="0"/>
<pin id="144" dir="1" index="1" bw="32" slack="1"/>
</pin_list>
<bind>
<opcode="alloca(26) " fcode="alloca"/>
<opset="v169_0_load15/1 "/>
</bind>
</comp>

<comp id="146" class="1004" name="write_ln349_write_fu_146">
<pin_list>
<pin id="147" dir="0" index="0" bw="0" slack="0"/>
<pin id="148" dir="0" index="1" bw="32" slack="0"/>
<pin id="149" dir="0" index="2" bw="32" slack="0"/>
<pin id="150" dir="1" index="3" bw="0" slack="2147483647"/>
</pin_list>
<bind>
<opcode="write(1151) " fcode="write"/>
<opset="write_ln349/3 "/>
</bind>
</comp>

<comp id="153" class="1004" name="write_ln353_write_fu_153">
<pin_list>
<pin id="154" dir="0" index="0" bw="0" slack="0"/>
<pin id="155" dir="0" index="1" bw="32" slack="0"/>
<pin id="156" dir="0" index="2" bw="32" slack="0"/>
<pin id="157" dir="1" index="3" bw="0" slack="2147483647"/>
</pin_list>
<bind>
<opcode="write(1151) " fcode="write"/>
<opset="write_ln353/3 "/>
</bind>
</comp>

<comp id="160" class="1004" name="write_ln353_write_fu_160">
<pin_list>
<pin id="161" dir="0" index="0" bw="0" slack="0"/>
<pin id="162" dir="0" index="1" bw="32" slack="0"/>
<pin id="163" dir="0" index="2" bw="32" slack="0"/>
<pin id="164" dir="1" index="3" bw="0" slack="2147483647"/>
</pin_list>
<bind>
<opcode="write(1151) " fcode="write"/>
<opset="write_ln353/3 "/>
</bind>
</comp>

<comp id="167" class="1004" name="write_ln353_write_fu_167">
<pin_list>
<pin id="168" dir="0" index="0" bw="0" slack="0"/>
<pin id="169" dir="0" index="1" bw="32" slack="0"/>
<pin id="170" dir="0" index="2" bw="32" slack="0"/>
<pin id="171" dir="1" index="3" bw="0" slack="2147483647"/>
</pin_list>
<bind>
<opcode="write(1151) " fcode="write"/>
<opset="write_ln353/3 "/>
</bind>
</comp>

<comp id="174" class="1004" name="write_ln353_write_fu_174">
<pin_list>
<pin id="175" dir="0" index="0" bw="0" slack="0"/>
<pin id="176" dir="0" index="1" bw="32" slack="0"/>
<pin id="177" dir="0" index="2" bw="32" slack="0"/>
<pin id="178" dir="1" index="3" bw="0" slack="2147483647"/>
</pin_list>
<bind>
<opcode="write(1151) " fcode="write"/>
<opset="write_ln353/3 "/>
</bind>
</comp>

<comp id="181" class="1004" name="write_ln353_write_fu_181">
<pin_list>
<pin id="182" dir="0" index="0" bw="0" slack="0"/>
<pin id="183" dir="0" index="1" bw="32" slack="0"/>
<pin id="184" dir="0" index="2" bw="32" slack="0"/>
<pin id="185" dir="1" index="3" bw="0" slack="2147483647"/>
</pin_list>
<bind>
<opcode="write(1151) " fcode="write"/>
<opset="write_ln353/3 "/>
</bind>
</comp>

<comp id="188" class="1004" name="write_ln353_write_fu_188">
<pin_list>
<pin id="189" dir="0" index="0" bw="0" slack="0"/>
<pin id="190" dir="0" index="1" bw="32" slack="0"/>
<pin id="191" dir="0" index="2" bw="32" slack="0"/>
<pin id="192" dir="1" index="3" bw="0" slack="2147483647"/>
</pin_list>
<bind>
<opcode="write(1151) " fcode="write"/>
<opset="write_ln353/3 "/>
</bind>
</comp>

<comp id="195" class="1004" name="write_ln353_write_fu_195">
<pin_list>
<pin id="196" dir="0" index="0" bw="0" slack="0"/>
<pin id="197" dir="0" index="1" bw="32" slack="0"/>
<pin id="198" dir="0" index="2" bw="32" slack="0"/>
<pin id="199" dir="1" index="3" bw="0" slack="2147483647"/>
</pin_list>
<bind>
<opcode="write(1151) " fcode="write"/>
<opset="write_ln353/3 "/>
</bind>
</comp>

<comp id="202" class="1004" name="write_ln353_write_fu_202">
<pin_list>
<pin id="203" dir="0" index="0" bw="0" slack="0"/>
<pin id="204" dir="0" index="1" bw="32" slack="0"/>
<pin id="205" dir="0" index="2" bw="32" slack="0"/>
<pin id="206" dir="1" index="3" bw="0" slack="2147483647"/>
</pin_list>
<bind>
<opcode="write(1151) " fcode="write"/>
<opset="write_ln353/3 "/>
</bind>
</comp>

<comp id="209" class="1004" name="v168_0_addr_gep_fu_209">
<pin_list>
<pin id="210" dir="0" index="0" bw="32" slack="0"/>
<pin id="211" dir="0" index="1" bw="1" slack="0"/>
<pin id="212" dir="0" index="2" bw="8" slack="0"/>
<pin id="213" dir="1" index="3" bw="7" slack="1"/>
</pin_list>
<bind>
<opcode="getelementptr(29) " fcode="getelementptr"/>
<opset="v168_0_addr/1 "/>
</bind>
</comp>

<comp id="216" class="1004" name="v169_0_addr_gep_fu_216">
<pin_list>
<pin id="217" dir="0" index="0" bw="32" slack="0"/>
<pin id="218" dir="0" index="1" bw="1" slack="0"/>
<pin id="219" dir="0" index="2" bw="8" slack="0"/>
<pin id="220" dir="1" index="3" bw="7" slack="0"/>
</pin_list>
<bind>
<opcode="getelementptr(29) " fcode="getelementptr"/>
<opset="v169_0_addr/1 "/>
</bind>
</comp>

<comp id="223" class="1004" name="v169_1_addr_gep_fu_223">
<pin_list>
<pin id="224" dir="0" index="0" bw="32" slack="0"/>
<pin id="225" dir="0" index="1" bw="1" slack="0"/>
<pin id="226" dir="0" index="2" bw="8" slack="0"/>
<pin id="227" dir="1" index="3" bw="7" slack="0"/>
</pin_list>
<bind>
<opcode="getelementptr(29) " fcode="getelementptr"/>
<opset="v169_1_addr/1 "/>
</bind>
</comp>

<comp id="230" class="1004" name="v169_2_addr_gep_fu_230">
<pin_list>
<pin id="231" dir="0" index="0" bw="32" slack="0"/>
<pin id="232" dir="0" index="1" bw="1" slack="0"/>
<pin id="233" dir="0" index="2" bw="8" slack="0"/>
<pin id="234" dir="1" index="3" bw="7" slack="0"/>
</pin_list>
<bind>
<opcode="getelementptr(29) " fcode="getelementptr"/>
<opset="v169_2_addr/1 "/>
</bind>
</comp>

<comp id="237" class="1004" name="v169_3_addr_gep_fu_237">
<pin_list>
<pin id="238" dir="0" index="0" bw="32" slack="0"/>
<pin id="239" dir="0" index="1" bw="1" slack="0"/>
<pin id="240" dir="0" index="2" bw="8" slack="0"/>
<pin id="241" dir="1" index="3" bw="7" slack="0"/>
</pin_list>
<bind>
<opcode="getelementptr(29) " fcode="getelementptr"/>
<opset="v169_3_addr/1 "/>
</bind>
</comp>

<comp id="244" class="1004" name="v169_4_addr_gep_fu_244">
<pin_list>
<pin id="245" dir="0" index="0" bw="32" slack="0"/>
<pin id="246" dir="0" index="1" bw="1" slack="0"/>
<pin id="247" dir="0" index="2" bw="8" slack="0"/>
<pin id="248" dir="1" index="3" bw="7" slack="0"/>
</pin_list>
<bind>
<opcode="getelementptr(29) " fcode="getelementptr"/>
<opset="v169_4_addr/1 "/>
</bind>
</comp>

<comp id="251" class="1004" name="v169_5_addr_gep_fu_251">
<pin_list>
<pin id="252" dir="0" index="0" bw="32" slack="0"/>
<pin id="253" dir="0" index="1" bw="1" slack="0"/>
<pin id="254" dir="0" index="2" bw="8" slack="0"/>
<pin id="255" dir="1" index="3" bw="7" slack="0"/>
</pin_list>
<bind>
<opcode="getelementptr(29) " fcode="getelementptr"/>
<opset="v169_5_addr/1 "/>
</bind>
</comp>

<comp id="258" class="1004" name="v169_6_addr_gep_fu_258">
<pin_list>
<pin id="259" dir="0" index="0" bw="32" slack="0"/>
<pin id="260" dir="0" index="1" bw="1" slack="0"/>
<pin id="261" dir="0" index="2" bw="8" slack="0"/>
<pin id="262" dir="1" index="3" bw="7" slack="0"/>
</pin_list>
<bind>
<opcode="getelementptr(29) " fcode="getelementptr"/>
<opset="v169_6_addr/1 "/>
</bind>
</comp>

<comp id="265" class="1004" name="v169_7_addr_gep_fu_265">
<pin_list>
<pin id="266" dir="0" index="0" bw="32" slack="0"/>
<pin id="267" dir="0" index="1" bw="1" slack="0"/>
<pin id="268" dir="0" index="2" bw="8" slack="0"/>
<pin id="269" dir="1" index="3" bw="7" slack="0"/>
</pin_list>
<bind>
<opcode="getelementptr(29) " fcode="getelementptr"/>
<opset="v169_7_addr/1 "/>
</bind>
</comp>

<comp id="272" class="1004" name="grp_access_fu_272">
<pin_list>
<pin id="273" dir="0" index="0" bw="7" slack="0"/>
<pin id="274" dir="0" index="1" bw="32" slack="2147483647"/>
<pin id="275" dir="0" index="2" bw="0" slack="2147483647"/>
<pin id="276" dir="1" index="3" bw="32" slack="0"/>
</pin_list>
<bind>
<opcode="load(27) " fcode="load"/>
<opset="v169_0_load/1 "/>
</bind>
</comp>

<comp id="278" class="1004" name="grp_access_fu_278">
<pin_list>
<pin id="279" dir="0" index="0" bw="7" slack="0"/>
<pin id="280" dir="0" index="1" bw="32" slack="2147483647"/>
<pin id="281" dir="0" index="2" bw="0" slack="2147483647"/>
<pin id="282" dir="1" index="3" bw="32" slack="0"/>
</pin_list>
<bind>
<opcode="load(27) " fcode="load"/>
<opset="v169_1_load/1 "/>
</bind>
</comp>

<comp id="284" class="1004" name="grp_access_fu_284">
<pin_list>
<pin id="285" dir="0" index="0" bw="7" slack="0"/>
<pin id="286" dir="0" index="1" bw="32" slack="2147483647"/>
<pin id="287" dir="0" index="2" bw="0" slack="2147483647"/>
<pin id="288" dir="1" index="3" bw="32" slack="0"/>
</pin_list>
<bind>
<opcode="load(27) " fcode="load"/>
<opset="v169_2_load/1 "/>
</bind>
</comp>

<comp id="290" class="1004" name="grp_access_fu_290">
<pin_list>
<pin id="291" dir="0" index="0" bw="7" slack="0"/>
<pin id="292" dir="0" index="1" bw="32" slack="2147483647"/>
<pin id="293" dir="0" index="2" bw="0" slack="2147483647"/>
<pin id="294" dir="1" index="3" bw="32" slack="0"/>
</pin_list>
<bind>
<opcode="load(27) " fcode="load"/>
<opset="v169_3_load/1 "/>
</bind>
</comp>

<comp id="296" class="1004" name="grp_access_fu_296">
<pin_list>
<pin id="297" dir="0" index="0" bw="7" slack="0"/>
<pin id="298" dir="0" index="1" bw="32" slack="2147483647"/>
<pin id="299" dir="0" index="2" bw="0" slack="2147483647"/>
<pin id="300" dir="1" index="3" bw="32" slack="0"/>
</pin_list>
<bind>
<opcode="load(27) " fcode="load"/>
<opset="v169_4_load/1 "/>
</bind>
</comp>

<comp id="302" class="1004" name="grp_access_fu_302">
<pin_list>
<pin id="303" dir="0" index="0" bw="7" slack="0"/>
<pin id="304" dir="0" index="1" bw="32" slack="2147483647"/>
<pin id="305" dir="0" index="2" bw="0" slack="2147483647"/>
<pin id="306" dir="1" index="3" bw="32" slack="0"/>
</pin_list>
<bind>
<opcode="load(27) " fcode="load"/>
<opset="v169_5_load/1 "/>
</bind>
</comp>

<comp id="308" class="1004" name="grp_access_fu_308">
<pin_list>
<pin id="309" dir="0" index="0" bw="7" slack="0"/>
<pin id="310" dir="0" index="1" bw="32" slack="2147483647"/>
<pin id="311" dir="0" index="2" bw="0" slack="2147483647"/>
<pin id="312" dir="1" index="3" bw="32" slack="0"/>
</pin_list>
<bind>
<opcode="load(27) " fcode="load"/>
<opset="v169_6_load/1 "/>
</bind>
</comp>

<comp id="314" class="1004" name="grp_access_fu_314">
<pin_list>
<pin id="315" dir="0" index="0" bw="7" slack="0"/>
<pin id="316" dir="0" index="1" bw="32" slack="2147483647"/>
<pin id="317" dir="0" index="2" bw="0" slack="2147483647"/>
<pin id="318" dir="1" index="3" bw="32" slack="0"/>
</pin_list>
<bind>
<opcode="load(27) " fcode="load"/>
<opset="v169_7_load/1 "/>
</bind>
</comp>

<comp id="320" class="1004" name="grp_access_fu_320">
<pin_list>
<pin id="321" dir="0" index="0" bw="7" slack="1"/>
<pin id="322" dir="0" index="1" bw="32" slack="2147483647"/>
<pin id="323" dir="0" index="2" bw="0" slack="2147483647"/>
<pin id="324" dir="1" index="3" bw="32" slack="0"/>
</pin_list>
<bind>
<opcode="load(27) " fcode="load"/>
<opset="v177/2 "/>
</bind>
</comp>

<comp id="325" class="1005" name="first_iter_0_reg_325">
<pin_list>
<pin id="326" dir="0" index="0" bw="1" slack="2147483647"/>
<pin id="327" dir="1" index="1" bw="1" slack="2147483647"/>
</pin_list>
<bind>
<opset="first_iter_0 (phireg) "/>
</bind>
</comp>

<comp id="328" class="1004" name="first_iter_0_phi_fu_328">
<pin_list>
<pin id="329" dir="0" index="0" bw="1" slack="0"/>
<pin id="330" dir="0" index="1" bw="0" slack="2147483647"/>
<pin id="331" dir="0" index="2" bw="1" slack="0"/>
<pin id="332" dir="0" index="3" bw="0" slack="2147483647"/>
<pin id="333" dir="1" index="4" bw="1" slack="0"/>
</pin_list>
<bind>
<opcode="phi(47) " fcode="phi"/>
<opset="first_iter_0/1 "/>
</bind>
</comp>

<comp id="336" class="1004" name="store_ln0_store_fu_336">
<pin_list>
<pin id="337" dir="0" index="0" bw="1" slack="0"/>
<pin id="338" dir="0" index="1" bw="11" slack="0"/>
<pin id="339" dir="1" index="2" bw="0" slack="2147483647"/>
</pin_list>
<bind>
<opcode="store(28) " fcode="store"/>
<opset="store_ln0/1 "/>
</bind>
</comp>

<comp id="341" class="1004" name="store_ln346_store_fu_341">
<pin_list>
<pin id="342" dir="0" index="0" bw="1" slack="0"/>
<pin id="343" dir="0" index="1" bw="8" slack="0"/>
<pin id="344" dir="1" index="2" bw="0" slack="2147483647"/>
</pin_list>
<bind>
<opcode="store(28) " fcode="store"/>
<opset="store_ln346/1 "/>
</bind>
</comp>

<comp id="346" class="1004" name="store_ln351_store_fu_346">
<pin_list>
<pin id="347" dir="0" index="0" bw="1" slack="0"/>
<pin id="348" dir="0" index="1" bw="4" slack="0"/>
<pin id="349" dir="1" index="2" bw="0" slack="2147483647"/>
</pin_list>
<bind>
<opcode="store(28) " fcode="store"/>
<opset="store_ln351/1 "/>
</bind>
</comp>

<comp id="351" class="1004" name="indvar_flatten_load_load_fu_351">
<pin_list>
<pin id="352" dir="0" index="0" bw="11" slack="0"/>
<pin id="353" dir="1" index="1" bw="11" slack="0"/>
</pin_list>
<bind>
<opcode="load(27) " fcode="load"/>
<opset="indvar_flatten_load/1 "/>
</bind>
</comp>

<comp id="354" class="1004" name="icmp_ln346_fu_354">
<pin_list>
<pin id="355" dir="0" index="0" bw="11" slack="0"/>
<pin id="356" dir="0" index="1" bw="11" slack="0"/>
<pin id="357" dir="1" index="2" bw="1" slack="1"/>
</pin_list>
<bind>
<opcode="icmp(45) " fcode="icmp"/>
<opset="icmp_ln346/1 "/>
</bind>
</comp>

<comp id="360" class="1004" name="add_ln346_1_fu_360">
<pin_list>
<pin id="361" dir="0" index="0" bw="11" slack="0"/>
<pin id="362" dir="0" index="1" bw="1" slack="0"/>
<pin id="363" dir="1" index="2" bw="11" slack="0"/>
</pin_list>
<bind>
<opcode="add(8) " fcode="add"/>
<opset="add_ln346_1/1 "/>
</bind>
</comp>

<comp id="366" class="1004" name="n_load_load_fu_366">
<pin_list>
<pin id="367" dir="0" index="0" bw="4" slack="0"/>
<pin id="368" dir="1" index="1" bw="4" slack="0"/>
</pin_list>
<bind>
<opcode="load(27) " fcode="load"/>
<opset="n_load/1 "/>
</bind>
</comp>

<comp id="369" class="1004" name="k8_load_load_fu_369">
<pin_list>
<pin id="370" dir="0" index="0" bw="8" slack="0"/>
<pin id="371" dir="1" index="1" bw="8" slack="0"/>
</pin_list>
<bind>
<opcode="load(27) " fcode="load"/>
<opset="k8_load/1 "/>
</bind>
</comp>

<comp id="372" class="1004" name="add_ln346_fu_372">
<pin_list>
<pin id="373" dir="0" index="0" bw="8" slack="0"/>
<pin id="374" dir="0" index="1" bw="1" slack="0"/>
<pin id="375" dir="1" index="2" bw="8" slack="0"/>
</pin_list>
<bind>
<opcode="add(8) " fcode="add"/>
<opset="add_ln346/1 "/>
</bind>
</comp>

<comp id="378" class="1004" name="icmp_ln351_fu_378">
<pin_list>
<pin id="379" dir="0" index="0" bw="4" slack="0"/>
<pin id="380" dir="0" index="1" bw="4" slack="0"/>
<pin id="381" dir="1" index="2" bw="1" slack="0"/>
</pin_list>
<bind>
<opcode="icmp(45) " fcode="icmp"/>
<opset="icmp_ln351/1 "/>
</bind>
</comp>

<comp id="384" class="1004" name="or_ln346_fu_384">
<pin_list>
<pin id="385" dir="0" index="0" bw="1" slack="0"/>
<pin id="386" dir="0" index="1" bw="1" slack="0"/>
<pin id="387" dir="1" index="2" bw="1" slack="1"/>
</pin_list>
<bind>
<opcode="or(24) " fcode="or"/>
<opset="or_ln346/1 "/>
</bind>
</comp>

<comp id="390" class="1004" name="select_ln346_fu_390">
<pin_list>
<pin id="391" dir="0" index="0" bw="1" slack="0"/>
<pin id="392" dir="0" index="1" bw="1" slack="0"/>
<pin id="393" dir="0" index="2" bw="4" slack="0"/>
<pin id="394" dir="1" index="3" bw="4" slack="0"/>
</pin_list>
<bind>
<opcode="select(49) " fcode="select"/>
<opset="select_ln346/1 "/>
</bind>
</comp>

<comp id="398" class="1004" name="select_ln346_1_fu_398">
<pin_list>
<pin id="399" dir="0" index="0" bw="1" slack="0"/>
<pin id="400" dir="0" index="1" bw="8" slack="0"/>
<pin id="401" dir="0" index="2" bw="8" slack="0"/>
<pin id="402" dir="1" index="3" bw="8" slack="0"/>
</pin_list>
<bind>
<opcode="select(49) " fcode="select"/>
<opset="select_ln346_1/1 "/>
</bind>
</comp>

<comp id="406" class="1004" name="zext_ln346_fu_406">
<pin_list>
<pin id="407" dir="0" index="0" bw="8" slack="0"/>
<pin id="408" dir="1" index="1" bw="64" slack="0"/>
</pin_list>
<bind>
<opcode="zext(34) " fcode="zext"/>
<opset="zext_ln346/1 "/>
</bind>
</comp>

<comp id="419" class="1004" name="trunc_ln351_fu_419">
<pin_list>
<pin id="420" dir="0" index="0" bw="4" slack="0"/>
<pin id="421" dir="1" index="1" bw="3" slack="2"/>
</pin_list>
<bind>
<opcode="trunc(33) " fcode="trunc"/>
<opset="trunc_ln351/1 "/>
</bind>
</comp>

<comp id="423" class="1004" name="add_ln351_fu_423">
<pin_list>
<pin id="424" dir="0" index="0" bw="4" slack="0"/>
<pin id="425" dir="0" index="1" bw="1" slack="0"/>
<pin id="426" dir="1" index="2" bw="4" slack="0"/>
</pin_list>
<bind>
<opcode="add(8) " fcode="add"/>
<opset="add_ln351/1 "/>
</bind>
</comp>

<comp id="429" class="1004" name="store_ln346_store_fu_429">
<pin_list>
<pin id="430" dir="0" index="0" bw="11" slack="0"/>
<pin id="431" dir="0" index="1" bw="11" slack="0"/>
<pin id="432" dir="1" index="2" bw="0" slack="2147483647"/>
</pin_list>
<bind>
<opcode="store(28) " fcode="store"/>
<opset="store_ln346/1 "/>
</bind>
</comp>

<comp id="434" class="1004" name="store_ln346_store_fu_434">
<pin_list>
<pin id="435" dir="0" index="0" bw="8" slack="0"/>
<pin id="436" dir="0" index="1" bw="8" slack="0"/>
<pin id="437" dir="1" index="2" bw="0" slack="2147483647"/>
</pin_list>
<bind>
<opcode="store(28) " fcode="store"/>
<opset="store_ln346/1 "/>
</bind>
</comp>

<comp id="439" class="1004" name="store_ln351_store_fu_439">
<pin_list>
<pin id="440" dir="0" index="0" bw="4" slack="0"/>
<pin id="441" dir="0" index="1" bw="4" slack="0"/>
<pin id="442" dir="1" index="2" bw="0" slack="2147483647"/>
</pin_list>
<bind>
<opcode="store(28) " fcode="store"/>
<opset="store_ln351/1 "/>
</bind>
</comp>

<comp id="444" class="1004" name="store_ln346_store_fu_444">
<pin_list>
<pin id="445" dir="0" index="0" bw="32" slack="0"/>
<pin id="446" dir="0" index="1" bw="32" slack="1"/>
<pin id="447" dir="1" index="2" bw="0" slack="2147483647"/>
</pin_list>
<bind>
<opcode="store(28) " fcode="store"/>
<opset="store_ln346/2 "/>
</bind>
</comp>

<comp id="449" class="1004" name="store_ln346_store_fu_449">
<pin_list>
<pin id="450" dir="0" index="0" bw="32" slack="0"/>
<pin id="451" dir="0" index="1" bw="32" slack="1"/>
<pin id="452" dir="1" index="2" bw="0" slack="2147483647"/>
</pin_list>
<bind>
<opcode="store(28) " fcode="store"/>
<opset="store_ln346/2 "/>
</bind>
</comp>

<comp id="454" class="1004" name="store_ln346_store_fu_454">
<pin_list>
<pin id="455" dir="0" index="0" bw="32" slack="0"/>
<pin id="456" dir="0" index="1" bw="32" slack="1"/>
<pin id="457" dir="1" index="2" bw="0" slack="2147483647"/>
</pin_list>
<bind>
<opcode="store(28) " fcode="store"/>
<opset="store_ln346/2 "/>
</bind>
</comp>

<comp id="459" class="1004" name="store_ln346_store_fu_459">
<pin_list>
<pin id="460" dir="0" index="0" bw="32" slack="0"/>
<pin id="461" dir="0" index="1" bw="32" slack="1"/>
<pin id="462" dir="1" index="2" bw="0" slack="2147483647"/>
</pin_list>
<bind>
<opcode="store(28) " fcode="store"/>
<opset="store_ln346/2 "/>
</bind>
</comp>

<comp id="464" class="1004" name="store_ln346_store_fu_464">
<pin_list>
<pin id="465" dir="0" index="0" bw="32" slack="0"/>
<pin id="466" dir="0" index="1" bw="32" slack="1"/>
<pin id="467" dir="1" index="2" bw="0" slack="2147483647"/>
</pin_list>
<bind>
<opcode="store(28) " fcode="store"/>
<opset="store_ln346/2 "/>
</bind>
</comp>

<comp id="469" class="1004" name="store_ln346_store_fu_469">
<pin_list>
<pin id="470" dir="0" index="0" bw="32" slack="0"/>
<pin id="471" dir="0" index="1" bw="32" slack="1"/>
<pin id="472" dir="1" index="2" bw="0" slack="2147483647"/>
</pin_list>
<bind>
<opcode="store(28) " fcode="store"/>
<opset="store_ln346/2 "/>
</bind>
</comp>

<comp id="474" class="1004" name="store_ln346_store_fu_474">
<pin_list>
<pin id="475" dir="0" index="0" bw="32" slack="0"/>
<pin id="476" dir="0" index="1" bw="32" slack="1"/>
<pin id="477" dir="1" index="2" bw="0" slack="2147483647"/>
</pin_list>
<bind>
<opcode="store(28) " fcode="store"/>
<opset="store_ln346/2 "/>
</bind>
</comp>

<comp id="479" class="1004" name="store_ln346_store_fu_479">
<pin_list>
<pin id="480" dir="0" index="0" bw="32" slack="0"/>
<pin id="481" dir="0" index="1" bw="32" slack="1"/>
<pin id="482" dir="1" index="2" bw="0" slack="2147483647"/>
</pin_list>
<bind>
<opcode="store(28) " fcode="store"/>
<opset="store_ln346/2 "/>
</bind>
</comp>

<comp id="484" class="1004" name="bitcast_ln349_fu_484">
<pin_list>
<pin id="485" dir="0" index="0" bw="32" slack="0"/>
<pin id="486" dir="1" index="1" bw="32" slack="0"/>
</pin_list>
<bind>
<opcode="bitcast(44) " fcode="bitcast"/>
<opset="bitcast_ln349/3 "/>
</bind>
</comp>

<comp id="489" class="1004" name="v169_7_load_1_load_fu_489">
<pin_list>
<pin id="490" dir="0" index="0" bw="32" slack="2"/>
<pin id="491" dir="1" index="1" bw="32" slack="0"/>
</pin_list>
<bind>
<opcode="load(27) " fcode="load"/>
<opset="v169_7_load_1/3 "/>
</bind>
</comp>

<comp id="492" class="1004" name="v169_6_load_1_load_fu_492">
<pin_list>
<pin id="493" dir="0" index="0" bw="32" slack="2"/>
<pin id="494" dir="1" index="1" bw="32" slack="0"/>
</pin_list>
<bind>
<opcode="load(27) " fcode="load"/>
<opset="v169_6_load_1/3 "/>
</bind>
</comp>

<comp id="495" class="1004" name="v169_5_load_1_load_fu_495">
<pin_list>
<pin id="496" dir="0" index="0" bw="32" slack="2"/>
<pin id="497" dir="1" index="1" bw="32" slack="0"/>
</pin_list>
<bind>
<opcode="load(27) " fcode="load"/>
<opset="v169_5_load_1/3 "/>
</bind>
</comp>

<comp id="498" class="1004" name="v169_4_load_1_load_fu_498">
<pin_list>
<pin id="499" dir="0" index="0" bw="32" slack="2"/>
<pin id="500" dir="1" index="1" bw="32" slack="0"/>
</pin_list>
<bind>
<opcode="load(27) " fcode="load"/>
<opset="v169_4_load_1/3 "/>
</bind>
</comp>

<comp id="501" class="1004" name="v169_3_load_1_load_fu_501">
<pin_list>
<pin id="502" dir="0" index="0" bw="32" slack="2"/>
<pin id="503" dir="1" index="1" bw="32" slack="0"/>
</pin_list>
<bind>
<opcode="load(27) " fcode="load"/>
<opset="v169_3_load_1/3 "/>
</bind>
</comp>

<comp id="504" class="1004" name="v169_2_load_1_load_fu_504">
<pin_list>
<pin id="505" dir="0" index="0" bw="32" slack="2"/>
<pin id="506" dir="1" index="1" bw="32" slack="0"/>
</pin_list>
<bind>
<opcode="load(27) " fcode="load"/>
<opset="v169_2_load_1/3 "/>
</bind>
</comp>

<comp id="507" class="1004" name="v169_1_load_1_load_fu_507">
<pin_list>
<pin id="508" dir="0" index="0" bw="32" slack="2"/>
<pin id="509" dir="1" index="1" bw="32" slack="0"/>
</pin_list>
<bind>
<opcode="load(27) " fcode="load"/>
<opset="v169_1_load_1/3 "/>
</bind>
</comp>

<comp id="510" class="1004" name="v169_0_load_1_load_fu_510">
<pin_list>
<pin id="511" dir="0" index="0" bw="32" slack="2"/>
<pin id="512" dir="1" index="1" bw="32" slack="0"/>
</pin_list>
<bind>
<opcode="load(27) " fcode="load"/>
<opset="v169_0_load_1/3 "/>
</bind>
</comp>

<comp id="513" class="1004" name="v179_fu_513">
<pin_list>
<pin id="514" dir="0" index="0" bw="32" slack="0"/>
<pin id="515" dir="0" index="1" bw="1" slack="0"/>
<pin id="516" dir="0" index="2" bw="32" slack="0"/>
<pin id="517" dir="0" index="3" bw="1" slack="0"/>
<pin id="518" dir="0" index="4" bw="32" slack="0"/>
<pin id="519" dir="0" index="5" bw="3" slack="0"/>
<pin id="520" dir="0" index="6" bw="32" slack="0"/>
<pin id="521" dir="0" index="7" bw="3" slack="0"/>
<pin id="522" dir="0" index="8" bw="32" slack="0"/>
<pin id="523" dir="0" index="9" bw="3" slack="0"/>
<pin id="524" dir="0" index="10" bw="32" slack="0"/>
<pin id="525" dir="0" index="11" bw="3" slack="0"/>
<pin id="526" dir="0" index="12" bw="32" slack="0"/>
<pin id="527" dir="0" index="13" bw="2" slack="0"/>
<pin id="528" dir="0" index="14" bw="32" slack="0"/>
<pin id="529" dir="0" index="15" bw="1" slack="0"/>
<pin id="530" dir="0" index="16" bw="32" slack="0"/>
<pin id="531" dir="0" index="17" bw="32" slack="0"/>
<pin id="532" dir="0" index="18" bw="3" slack="2"/>
<pin id="533" dir="1" index="19" bw="32" slack="0"/>
</pin_list>
<bind>
<opcode="sparsemux(1197) " fcode="sparsemux"/>
<opset="v179/3 "/>
</bind>
</comp>

<comp id="552" class="1004" name="bitcast_ln353_fu_552">
<pin_list>
<pin id="553" dir="0" index="0" bw="32" slack="0"/>
<pin id="554" dir="1" index="1" bw="32" slack="0"/>
</pin_list>
<bind>
<opcode="bitcast(44) " fcode="bitcast"/>
<opset="bitcast_ln353/3 "/>
</bind>
</comp>

<comp id="564" class="1005" name="n_reg_564">
<pin_list>
<pin id="565" dir="0" index="0" bw="4" slack="0"/>
<pin id="566" dir="1" index="1" bw="4" slack="0"/>
</pin_list>
<bind>
<opset="n "/>
</bind>
</comp>

<comp id="571" class="1005" name="k8_reg_571">
<pin_list>
<pin id="572" dir="0" index="0" bw="8" slack="0"/>
<pin id="573" dir="1" index="1" bw="8" slack="0"/>
</pin_list>
<bind>
<opset="k8 "/>
</bind>
</comp>

<comp id="578" class="1005" name="indvar_flatten_reg_578">
<pin_list>
<pin id="579" dir="0" index="0" bw="11" slack="0"/>
<pin id="580" dir="1" index="1" bw="11" slack="0"/>
</pin_list>
<bind>
<opset="indvar_flatten "/>
</bind>
</comp>

<comp id="585" class="1005" name="v169_7_load1_reg_585">
<pin_list>
<pin id="586" dir="0" index="0" bw="32" slack="1"/>
<pin id="587" dir="1" index="1" bw="32" slack="1"/>
</pin_list>
<bind>
<opset="v169_7_load1 "/>
</bind>
</comp>

<comp id="591" class="1005" name="v169_6_load3_reg_591">
<pin_list>
<pin id="592" dir="0" index="0" bw="32" slack="1"/>
<pin id="593" dir="1" index="1" bw="32" slack="1"/>
</pin_list>
<bind>
<opset="v169_6_load3 "/>
</bind>
</comp>

<comp id="597" class="1005" name="v169_5_load5_reg_597">
<pin_list>
<pin id="598" dir="0" index="0" bw="32" slack="1"/>
<pin id="599" dir="1" index="1" bw="32" slack="1"/>
</pin_list>
<bind>
<opset="v169_5_load5 "/>
</bind>
</comp>

<comp id="603" class="1005" name="v169_4_load7_reg_603">
<pin_list>
<pin id="604" dir="0" index="0" bw="32" slack="1"/>
<pin id="605" dir="1" index="1" bw="32" slack="1"/>
</pin_list>
<bind>
<opset="v169_4_load7 "/>
</bind>
</comp>

<comp id="609" class="1005" name="v169_3_load9_reg_609">
<pin_list>
<pin id="610" dir="0" index="0" bw="32" slack="1"/>
<pin id="611" dir="1" index="1" bw="32" slack="1"/>
</pin_list>
<bind>
<opset="v169_3_load9 "/>
</bind>
</comp>

<comp id="615" class="1005" name="v169_2_load11_reg_615">
<pin_list>
<pin id="616" dir="0" index="0" bw="32" slack="1"/>
<pin id="617" dir="1" index="1" bw="32" slack="1"/>
</pin_list>
<bind>
<opset="v169_2_load11 "/>
</bind>
</comp>

<comp id="621" class="1005" name="v169_1_load13_reg_621">
<pin_list>
<pin id="622" dir="0" index="0" bw="32" slack="1"/>
<pin id="623" dir="1" index="1" bw="32" slack="1"/>
</pin_list>
<bind>
<opset="v169_1_load13 "/>
</bind>
</comp>

<comp id="627" class="1005" name="v169_0_load15_reg_627">
<pin_list>
<pin id="628" dir="0" index="0" bw="32" slack="1"/>
<pin id="629" dir="1" index="1" bw="32" slack="1"/>
</pin_list>
<bind>
<opset="v169_0_load15 "/>
</bind>
</comp>

<comp id="633" class="1005" name="icmp_ln346_reg_633">
<pin_list>
<pin id="634" dir="0" index="0" bw="1" slack="1"/>
<pin id="635" dir="1" index="1" bw="1" slack="2147483647"/>
</pin_list>
<bind>
<opset="icmp_ln346 "/>
</bind>
</comp>

<comp id="637" class="1005" name="or_ln346_reg_637">
<pin_list>
<pin id="638" dir="0" index="0" bw="1" slack="1"/>
<pin id="639" dir="1" index="1" bw="1" slack="2147483647"/>
</pin_list>
<bind>
<opset="or_ln346 "/>
</bind>
</comp>

<comp id="641" class="1005" name="v168_0_addr_reg_641">
<pin_list>
<pin id="642" dir="0" index="0" bw="7" slack="1"/>
<pin id="643" dir="1" index="1" bw="7" slack="1"/>
</pin_list>
<bind>
<opset="v168_0_addr "/>
</bind>
</comp>

<comp id="646" class="1005" name="v169_0_addr_reg_646">
<pin_list>
<pin id="647" dir="0" index="0" bw="7" slack="1"/>
<pin id="648" dir="1" index="1" bw="7" slack="1"/>
</pin_list>
<bind>
<opset="v169_0_addr "/>
</bind>
</comp>

<comp id="651" class="1005" name="v169_1_addr_reg_651">
<pin_list>
<pin id="652" dir="0" index="0" bw="7" slack="1"/>
<pin id="653" dir="1" index="1" bw="7" slack="1"/>
</pin_list>
<bind>
<opset="v169_1_addr "/>
</bind>
</comp>

<comp id="656" class="1005" name="v169_2_addr_reg_656">
<pin_list>
<pin id="657" dir="0" index="0" bw="7" slack="1"/>
<pin id="658" dir="1" index="1" bw="7" slack="1"/>
</pin_list>
<bind>
<opset="v169_2_addr "/>
</bind>
</comp>

<comp id="661" class="1005" name="v169_3_addr_reg_661">
<pin_list>
<pin id="662" dir="0" index="0" bw="7" slack="1"/>
<pin id="663" dir="1" index="1" bw="7" slack="1"/>
</pin_list>
<bind>
<opset="v169_3_addr "/>
</bind>
</comp>

<comp id="666" class="1005" name="v169_4_addr_reg_666">
<pin_list>
<pin id="667" dir="0" index="0" bw="7" slack="1"/>
<pin id="668" dir="1" index="1" bw="7" slack="1"/>
</pin_list>
<bind>
<opset="v169_4_addr "/>
</bind>
</comp>

<comp id="671" class="1005" name="v169_5_addr_reg_671">
<pin_list>
<pin id="672" dir="0" index="0" bw="7" slack="1"/>
<pin id="673" dir="1" index="1" bw="7" slack="1"/>
</pin_list>
<bind>
<opset="v169_5_addr "/>
</bind>
</comp>

<comp id="676" class="1005" name="v169_6_addr_reg_676">
<pin_list>
<pin id="677" dir="0" index="0" bw="7" slack="1"/>
<pin id="678" dir="1" index="1" bw="7" slack="1"/>
</pin_list>
<bind>
<opset="v169_6_addr "/>
</bind>
</comp>

<comp id="681" class="1005" name="v169_7_addr_reg_681">
<pin_list>
<pin id="682" dir="0" index="0" bw="7" slack="1"/>
<pin id="683" dir="1" index="1" bw="7" slack="1"/>
</pin_list>
<bind>
<opset="v169_7_addr "/>
</bind>
</comp>

<comp id="686" class="1005" name="trunc_ln351_reg_686">
<pin_list>
<pin id="687" dir="0" index="0" bw="3" slack="2"/>
<pin id="688" dir="1" index="1" bw="3" slack="2"/>
</pin_list>
<bind>
<opset="trunc_ln351 "/>
</bind>
</comp>

</comp_list>

<net_list>
<net id="105"><net_src comp="36" pin="0"/><net_sink comp="102" pin=0"/></net>

<net id="109"><net_src comp="36" pin="0"/><net_sink comp="106" pin=0"/></net>

<net id="113"><net_src comp="36" pin="0"/><net_sink comp="110" pin=0"/></net>

<net id="117"><net_src comp="36" pin="0"/><net_sink comp="114" pin=0"/></net>

<net id="121"><net_src comp="36" pin="0"/><net_sink comp="118" pin=0"/></net>

<net id="125"><net_src comp="36" pin="0"/><net_sink comp="122" pin=0"/></net>

<net id="129"><net_src comp="36" pin="0"/><net_sink comp="126" pin=0"/></net>

<net id="133"><net_src comp="36" pin="0"/><net_sink comp="130" pin=0"/></net>

<net id="137"><net_src comp="36" pin="0"/><net_sink comp="134" pin=0"/></net>

<net id="141"><net_src comp="36" pin="0"/><net_sink comp="138" pin=0"/></net>

<net id="145"><net_src comp="36" pin="0"/><net_sink comp="142" pin=0"/></net>

<net id="151"><net_src comp="92" pin="0"/><net_sink comp="146" pin=0"/></net>

<net id="152"><net_src comp="2" pin="0"/><net_sink comp="146" pin=1"/></net>

<net id="158"><net_src comp="92" pin="0"/><net_sink comp="153" pin=0"/></net>

<net id="159"><net_src comp="32" pin="0"/><net_sink comp="153" pin=1"/></net>

<net id="165"><net_src comp="92" pin="0"/><net_sink comp="160" pin=0"/></net>

<net id="166"><net_src comp="30" pin="0"/><net_sink comp="160" pin=1"/></net>

<net id="172"><net_src comp="92" pin="0"/><net_sink comp="167" pin=0"/></net>

<net id="173"><net_src comp="28" pin="0"/><net_sink comp="167" pin=1"/></net>

<net id="179"><net_src comp="92" pin="0"/><net_sink comp="174" pin=0"/></net>

<net id="180"><net_src comp="26" pin="0"/><net_sink comp="174" pin=1"/></net>

<net id="186"><net_src comp="92" pin="0"/><net_sink comp="181" pin=0"/></net>

<net id="187"><net_src comp="24" pin="0"/><net_sink comp="181" pin=1"/></net>

<net id="193"><net_src comp="92" pin="0"/><net_sink comp="188" pin=0"/></net>

<net id="194"><net_src comp="22" pin="0"/><net_sink comp="188" pin=1"/></net>

<net id="200"><net_src comp="92" pin="0"/><net_sink comp="195" pin=0"/></net>

<net id="201"><net_src comp="20" pin="0"/><net_sink comp="195" pin=1"/></net>

<net id="207"><net_src comp="92" pin="0"/><net_sink comp="202" pin=0"/></net>

<net id="208"><net_src comp="34" pin="0"/><net_sink comp="202" pin=1"/></net>

<net id="214"><net_src comp="0" pin="0"/><net_sink comp="209" pin=0"/></net>

<net id="215"><net_src comp="74" pin="0"/><net_sink comp="209" pin=1"/></net>

<net id="221"><net_src comp="4" pin="0"/><net_sink comp="216" pin=0"/></net>

<net id="222"><net_src comp="74" pin="0"/><net_sink comp="216" pin=1"/></net>

<net id="228"><net_src comp="6" pin="0"/><net_sink comp="223" pin=0"/></net>

<net id="229"><net_src comp="74" pin="0"/><net_sink comp="223" pin=1"/></net>

<net id="235"><net_src comp="8" pin="0"/><net_sink comp="230" pin=0"/></net>

<net id="236"><net_src comp="74" pin="0"/><net_sink comp="230" pin=1"/></net>

<net id="242"><net_src comp="10" pin="0"/><net_sink comp="237" pin=0"/></net>

<net id="243"><net_src comp="74" pin="0"/><net_sink comp="237" pin=1"/></net>

<net id="249"><net_src comp="12" pin="0"/><net_sink comp="244" pin=0"/></net>

<net id="250"><net_src comp="74" pin="0"/><net_sink comp="244" pin=1"/></net>

<net id="256"><net_src comp="14" pin="0"/><net_sink comp="251" pin=0"/></net>

<net id="257"><net_src comp="74" pin="0"/><net_sink comp="251" pin=1"/></net>

<net id="263"><net_src comp="16" pin="0"/><net_sink comp="258" pin=0"/></net>

<net id="264"><net_src comp="74" pin="0"/><net_sink comp="258" pin=1"/></net>

<net id="270"><net_src comp="18" pin="0"/><net_sink comp="265" pin=0"/></net>

<net id="271"><net_src comp="74" pin="0"/><net_sink comp="265" pin=1"/></net>

<net id="277"><net_src comp="216" pin="3"/><net_sink comp="272" pin=0"/></net>

<net id="283"><net_src comp="223" pin="3"/><net_sink comp="278" pin=0"/></net>

<net id="289"><net_src comp="230" pin="3"/><net_sink comp="284" pin=0"/></net>

<net id="295"><net_src comp="237" pin="3"/><net_sink comp="290" pin=0"/></net>

<net id="301"><net_src comp="244" pin="3"/><net_sink comp="296" pin=0"/></net>

<net id="307"><net_src comp="251" pin="3"/><net_sink comp="302" pin=0"/></net>

<net id="313"><net_src comp="258" pin="3"/><net_sink comp="308" pin=0"/></net>

<net id="319"><net_src comp="265" pin="3"/><net_sink comp="314" pin=0"/></net>

<net id="334"><net_src comp="54" pin="0"/><net_sink comp="328" pin=0"/></net>

<net id="335"><net_src comp="56" pin="0"/><net_sink comp="328" pin=2"/></net>

<net id="340"><net_src comp="48" pin="0"/><net_sink comp="336" pin=0"/></net>

<net id="345"><net_src comp="50" pin="0"/><net_sink comp="341" pin=0"/></net>

<net id="350"><net_src comp="52" pin="0"/><net_sink comp="346" pin=0"/></net>

<net id="358"><net_src comp="351" pin="1"/><net_sink comp="354" pin=0"/></net>

<net id="359"><net_src comp="58" pin="0"/><net_sink comp="354" pin=1"/></net>

<net id="364"><net_src comp="351" pin="1"/><net_sink comp="360" pin=0"/></net>

<net id="365"><net_src comp="60" pin="0"/><net_sink comp="360" pin=1"/></net>

<net id="376"><net_src comp="369" pin="1"/><net_sink comp="372" pin=0"/></net>

<net id="377"><net_src comp="62" pin="0"/><net_sink comp="372" pin=1"/></net>

<net id="382"><net_src comp="366" pin="1"/><net_sink comp="378" pin=0"/></net>

<net id="383"><net_src comp="72" pin="0"/><net_sink comp="378" pin=1"/></net>

<net id="388"><net_src comp="378" pin="2"/><net_sink comp="384" pin=0"/></net>

<net id="389"><net_src comp="328" pin="4"/><net_sink comp="384" pin=1"/></net>

<net id="395"><net_src comp="378" pin="2"/><net_sink comp="390" pin=0"/></net>

<net id="396"><net_src comp="52" pin="0"/><net_sink comp="390" pin=1"/></net>

<net id="397"><net_src comp="366" pin="1"/><net_sink comp="390" pin=2"/></net>

<net id="403"><net_src comp="378" pin="2"/><net_sink comp="398" pin=0"/></net>

<net id="404"><net_src comp="372" pin="2"/><net_sink comp="398" pin=1"/></net>

<net id="405"><net_src comp="369" pin="1"/><net_sink comp="398" pin=2"/></net>

<net id="409"><net_src comp="398" pin="3"/><net_sink comp="406" pin=0"/></net>

<net id="410"><net_src comp="406" pin="1"/><net_sink comp="209" pin=2"/></net>

<net id="411"><net_src comp="406" pin="1"/><net_sink comp="216" pin=2"/></net>

<net id="412"><net_src comp="406" pin="1"/><net_sink comp="223" pin=2"/></net>

<net id="413"><net_src comp="406" pin="1"/><net_sink comp="230" pin=2"/></net>

<net id="414"><net_src comp="406" pin="1"/><net_sink comp="237" pin=2"/></net>

<net id="415"><net_src comp="406" pin="1"/><net_sink comp="244" pin=2"/></net>

<net id="416"><net_src comp="406" pin="1"/><net_sink comp="251" pin=2"/></net>

<net id="417"><net_src comp="406" pin="1"/><net_sink comp="258" pin=2"/></net>

<net id="418"><net_src comp="406" pin="1"/><net_sink comp="265" pin=2"/></net>

<net id="422"><net_src comp="390" pin="3"/><net_sink comp="419" pin=0"/></net>

<net id="427"><net_src comp="390" pin="3"/><net_sink comp="423" pin=0"/></net>

<net id="428"><net_src comp="90" pin="0"/><net_sink comp="423" pin=1"/></net>

<net id="433"><net_src comp="360" pin="2"/><net_sink comp="429" pin=0"/></net>

<net id="438"><net_src comp="398" pin="3"/><net_sink comp="434" pin=0"/></net>

<net id="443"><net_src comp="423" pin="2"/><net_sink comp="439" pin=0"/></net>

<net id="448"><net_src comp="272" pin="3"/><net_sink comp="444" pin=0"/></net>

<net id="453"><net_src comp="278" pin="3"/><net_sink comp="449" pin=0"/></net>

<net id="458"><net_src comp="284" pin="3"/><net_sink comp="454" pin=0"/></net>

<net id="463"><net_src comp="290" pin="3"/><net_sink comp="459" pin=0"/></net>

<net id="468"><net_src comp="296" pin="3"/><net_sink comp="464" pin=0"/></net>

<net id="473"><net_src comp="302" pin="3"/><net_sink comp="469" pin=0"/></net>

<net id="478"><net_src comp="308" pin="3"/><net_sink comp="474" pin=0"/></net>

<net id="483"><net_src comp="314" pin="3"/><net_sink comp="479" pin=0"/></net>

<net id="487"><net_src comp="320" pin="3"/><net_sink comp="484" pin=0"/></net>

<net id="488"><net_src comp="484" pin="1"/><net_sink comp="146" pin=2"/></net>

<net id="534"><net_src comp="96" pin="0"/><net_sink comp="513" pin=0"/></net>

<net id="535"><net_src comp="76" pin="0"/><net_sink comp="513" pin=1"/></net>

<net id="536"><net_src comp="510" pin="1"/><net_sink comp="513" pin=2"/></net>

<net id="537"><net_src comp="78" pin="0"/><net_sink comp="513" pin=3"/></net>

<net id="538"><net_src comp="507" pin="1"/><net_sink comp="513" pin=4"/></net>

<net id="539"><net_src comp="80" pin="0"/><net_sink comp="513" pin=5"/></net>

<net id="540"><net_src comp="504" pin="1"/><net_sink comp="513" pin=6"/></net>

<net id="541"><net_src comp="82" pin="0"/><net_sink comp="513" pin=7"/></net>

<net id="542"><net_src comp="501" pin="1"/><net_sink comp="513" pin=8"/></net>

<net id="543"><net_src comp="84" pin="0"/><net_sink comp="513" pin=9"/></net>

<net id="544"><net_src comp="498" pin="1"/><net_sink comp="513" pin=10"/></net>

<net id="545"><net_src comp="86" pin="0"/><net_sink comp="513" pin=11"/></net>

<net id="546"><net_src comp="495" pin="1"/><net_sink comp="513" pin=12"/></net>

<net id="547"><net_src comp="88" pin="0"/><net_sink comp="513" pin=13"/></net>

<net id="548"><net_src comp="492" pin="1"/><net_sink comp="513" pin=14"/></net>

<net id="549"><net_src comp="98" pin="0"/><net_sink comp="513" pin=15"/></net>

<net id="550"><net_src comp="489" pin="1"/><net_sink comp="513" pin=16"/></net>

<net id="551"><net_src comp="100" pin="0"/><net_sink comp="513" pin=17"/></net>

<net id="555"><net_src comp="513" pin="19"/><net_sink comp="552" pin=0"/></net>

<net id="556"><net_src comp="552" pin="1"/><net_sink comp="153" pin=2"/></net>

<net id="557"><net_src comp="552" pin="1"/><net_sink comp="160" pin=2"/></net>

<net id="558"><net_src comp="552" pin="1"/><net_sink comp="167" pin=2"/></net>

<net id="559"><net_src comp="552" pin="1"/><net_sink comp="174" pin=2"/></net>

<net id="560"><net_src comp="552" pin="1"/><net_sink comp="181" pin=2"/></net>

<net id="561"><net_src comp="552" pin="1"/><net_sink comp="188" pin=2"/></net>

<net id="562"><net_src comp="552" pin="1"/><net_sink comp="195" pin=2"/></net>

<net id="563"><net_src comp="552" pin="1"/><net_sink comp="202" pin=2"/></net>

<net id="567"><net_src comp="102" pin="1"/><net_sink comp="564" pin=0"/></net>

<net id="568"><net_src comp="564" pin="1"/><net_sink comp="346" pin=1"/></net>

<net id="569"><net_src comp="564" pin="1"/><net_sink comp="366" pin=0"/></net>

<net id="570"><net_src comp="564" pin="1"/><net_sink comp="439" pin=1"/></net>

<net id="574"><net_src comp="106" pin="1"/><net_sink comp="571" pin=0"/></net>

<net id="575"><net_src comp="571" pin="1"/><net_sink comp="341" pin=1"/></net>

<net id="576"><net_src comp="571" pin="1"/><net_sink comp="369" pin=0"/></net>

<net id="577"><net_src comp="571" pin="1"/><net_sink comp="434" pin=1"/></net>

<net id="581"><net_src comp="110" pin="1"/><net_sink comp="578" pin=0"/></net>

<net id="582"><net_src comp="578" pin="1"/><net_sink comp="336" pin=1"/></net>

<net id="583"><net_src comp="578" pin="1"/><net_sink comp="351" pin=0"/></net>

<net id="584"><net_src comp="578" pin="1"/><net_sink comp="429" pin=1"/></net>

<net id="588"><net_src comp="114" pin="1"/><net_sink comp="585" pin=0"/></net>

<net id="589"><net_src comp="585" pin="1"/><net_sink comp="479" pin=1"/></net>

<net id="590"><net_src comp="585" pin="1"/><net_sink comp="489" pin=0"/></net>

<net id="594"><net_src comp="118" pin="1"/><net_sink comp="591" pin=0"/></net>

<net id="595"><net_src comp="591" pin="1"/><net_sink comp="474" pin=1"/></net>

<net id="596"><net_src comp="591" pin="1"/><net_sink comp="492" pin=0"/></net>

<net id="600"><net_src comp="122" pin="1"/><net_sink comp="597" pin=0"/></net>

<net id="601"><net_src comp="597" pin="1"/><net_sink comp="469" pin=1"/></net>

<net id="602"><net_src comp="597" pin="1"/><net_sink comp="495" pin=0"/></net>

<net id="606"><net_src comp="126" pin="1"/><net_sink comp="603" pin=0"/></net>

<net id="607"><net_src comp="603" pin="1"/><net_sink comp="464" pin=1"/></net>

<net id="608"><net_src comp="603" pin="1"/><net_sink comp="498" pin=0"/></net>

<net id="612"><net_src comp="130" pin="1"/><net_sink comp="609" pin=0"/></net>

<net id="613"><net_src comp="609" pin="1"/><net_sink comp="459" pin=1"/></net>

<net id="614"><net_src comp="609" pin="1"/><net_sink comp="501" pin=0"/></net>

<net id="618"><net_src comp="134" pin="1"/><net_sink comp="615" pin=0"/></net>

<net id="619"><net_src comp="615" pin="1"/><net_sink comp="454" pin=1"/></net>

<net id="620"><net_src comp="615" pin="1"/><net_sink comp="504" pin=0"/></net>

<net id="624"><net_src comp="138" pin="1"/><net_sink comp="621" pin=0"/></net>

<net id="625"><net_src comp="621" pin="1"/><net_sink comp="449" pin=1"/></net>

<net id="626"><net_src comp="621" pin="1"/><net_sink comp="507" pin=0"/></net>

<net id="630"><net_src comp="142" pin="1"/><net_sink comp="627" pin=0"/></net>

<net id="631"><net_src comp="627" pin="1"/><net_sink comp="444" pin=1"/></net>

<net id="632"><net_src comp="627" pin="1"/><net_sink comp="510" pin=0"/></net>

<net id="636"><net_src comp="354" pin="2"/><net_sink comp="633" pin=0"/></net>

<net id="640"><net_src comp="384" pin="2"/><net_sink comp="637" pin=0"/></net>

<net id="644"><net_src comp="209" pin="3"/><net_sink comp="641" pin=0"/></net>

<net id="645"><net_src comp="641" pin="1"/><net_sink comp="320" pin=0"/></net>

<net id="649"><net_src comp="216" pin="3"/><net_sink comp="646" pin=0"/></net>

<net id="650"><net_src comp="646" pin="1"/><net_sink comp="272" pin=0"/></net>

<net id="654"><net_src comp="223" pin="3"/><net_sink comp="651" pin=0"/></net>

<net id="655"><net_src comp="651" pin="1"/><net_sink comp="278" pin=0"/></net>

<net id="659"><net_src comp="230" pin="3"/><net_sink comp="656" pin=0"/></net>

<net id="660"><net_src comp="656" pin="1"/><net_sink comp="284" pin=0"/></net>

<net id="664"><net_src comp="237" pin="3"/><net_sink comp="661" pin=0"/></net>

<net id="665"><net_src comp="661" pin="1"/><net_sink comp="290" pin=0"/></net>

<net id="669"><net_src comp="244" pin="3"/><net_sink comp="666" pin=0"/></net>

<net id="670"><net_src comp="666" pin="1"/><net_sink comp="296" pin=0"/></net>

<net id="674"><net_src comp="251" pin="3"/><net_sink comp="671" pin=0"/></net>

<net id="675"><net_src comp="671" pin="1"/><net_sink comp="302" pin=0"/></net>

<net id="679"><net_src comp="258" pin="3"/><net_sink comp="676" pin=0"/></net>

<net id="680"><net_src comp="676" pin="1"/><net_sink comp="308" pin=0"/></net>

<net id="684"><net_src comp="265" pin="3"/><net_sink comp="681" pin=0"/></net>

<net id="685"><net_src comp="681" pin="1"/><net_sink comp="314" pin=0"/></net>

<net id="689"><net_src comp="419" pin="1"/><net_sink comp="686" pin=0"/></net>

<net id="690"><net_src comp="686" pin="1"/><net_sink comp="513" pin=18"/></net>

</net_list>

</model> 
---------------- Datapath Model END ------------------

* FSMD analyzer results:
  - Output states:
	Port: A_fifo | {3 }
	Port: B_fifo | {3 }
	Port: B_fifo_2 | {3 }
	Port: B_fifo_4 | {3 }
	Port: B_fifo_6 | {3 }
	Port: B_fifo_8 | {3 }
	Port: B_fifo_10 | {3 }
	Port: B_fifo_12 | {3 }
	Port: B_fifo_14 | {3 }
 - Input state : 
	Port: systolic_tile_modulate_Loop_l_data_load_k8_proc31 : v168_0 | {2 3 }
	Port: systolic_tile_modulate_Loop_l_data_load_k8_proc31 : v169_0 | {1 2 }
	Port: systolic_tile_modulate_Loop_l_data_load_k8_proc31 : v169_1 | {1 2 }
	Port: systolic_tile_modulate_Loop_l_data_load_k8_proc31 : v169_2 | {1 2 }
	Port: systolic_tile_modulate_Loop_l_data_load_k8_proc31 : v169_3 | {1 2 }
	Port: systolic_tile_modulate_Loop_l_data_load_k8_proc31 : v169_4 | {1 2 }
	Port: systolic_tile_modulate_Loop_l_data_load_k8_proc31 : v169_5 | {1 2 }
	Port: systolic_tile_modulate_Loop_l_data_load_k8_proc31 : v169_6 | {1 2 }
	Port: systolic_tile_modulate_Loop_l_data_load_k8_proc31 : v169_7 | {1 2 }
  - Chain level:
	State 1
		store_ln0 : 1
		store_ln346 : 1
		store_ln351 : 1
		first_iter_0 : 1
		indvar_flatten_load : 1
		icmp_ln346 : 2
		add_ln346_1 : 2
		br_ln346 : 3
		n_load : 1
		k8_load : 1
		add_ln346 : 2
		icmp_ln351 : 2
		or_ln346 : 3
		select_ln346 : 3
		select_ln346_1 : 3
		zext_ln346 : 4
		v168_0_addr : 5
		v169_0_addr : 5
		v169_1_addr : 5
		v169_2_addr : 5
		v169_3_addr : 5
		v169_4_addr : 5
		v169_5_addr : 5
		v169_6_addr : 5
		v169_7_addr : 5
		br_ln351 : 3
		v169_0_load : 6
		v169_1_load : 6
		v169_2_load : 6
		v169_3_load : 6
		v169_4_load : 6
		v169_5_load : 6
		v169_6_load : 6
		v169_7_load : 6
		trunc_ln351 : 4
		switch_ln353 : 5
		add_ln351 : 4
		store_ln346 : 3
		store_ln346 : 4
		store_ln351 : 5
	State 2
		store_ln346 : 1
		store_ln346 : 1
		store_ln346 : 1
		store_ln346 : 1
		store_ln346 : 1
		store_ln346 : 1
		store_ln346 : 1
		store_ln346 : 1
	State 3
		bitcast_ln349 : 1
		write_ln349 : 2
		v179 : 1
		bitcast_ln353 : 2
		write_ln353 : 3
		write_ln353 : 3
		write_ln353 : 3
		write_ln353 : 3
		write_ln353 : 3
		write_ln353 : 3
		write_ln353 : 3
		write_ln353 : 3


============================================================
+ Verbose Summary: Datapath Resource usage 
============================================================

* Functional unit list:
|----------|--------------------------|---------|---------|
| Operation|      Functional Unit     |    FF   |   LUT   |
|----------|--------------------------|---------|---------|
|          |    add_ln346_1_fu_360    |    0    |    18   |
|    add   |     add_ln346_fu_372     |    0    |    15   |
|          |     add_ln351_fu_423     |    0    |    12   |
|----------|--------------------------|---------|---------|
| sparsemux|        v179_fu_513       |    0    |    43   |
|----------|--------------------------|---------|---------|
|   icmp   |     icmp_ln346_fu_354    |    0    |    18   |
|          |     icmp_ln351_fu_378    |    0    |    12   |
|----------|--------------------------|---------|---------|
|  select  |    select_ln346_fu_390   |    0    |    4    |
|          |   select_ln346_1_fu_398  |    0    |    8    |
|----------|--------------------------|---------|---------|
|    or    |      or_ln346_fu_384     |    0    |    2    |
|----------|--------------------------|---------|---------|
|          | write_ln349_write_fu_146 |    0    |    0    |
|          | write_ln353_write_fu_153 |    0    |    0    |
|          | write_ln353_write_fu_160 |    0    |    0    |
|          | write_ln353_write_fu_167 |    0    |    0    |
|   write  | write_ln353_write_fu_174 |    0    |    0    |
|          | write_ln353_write_fu_181 |    0    |    0    |
|          | write_ln353_write_fu_188 |    0    |    0    |
|          | write_ln353_write_fu_195 |    0    |    0    |
|          | write_ln353_write_fu_202 |    0    |    0    |
|----------|--------------------------|---------|---------|
|   zext   |     zext_ln346_fu_406    |    0    |    0    |
|----------|--------------------------|---------|---------|
|   trunc  |    trunc_ln351_fu_419    |    0    |    0    |
|----------|--------------------------|---------|---------|
|   Total  |                          |    0    |   132   |
|----------|--------------------------|---------|---------|

Memories:
N/A

* Register list:
+----------------------+--------+
|                      |   FF   |
+----------------------+--------+
| first_iter_0_reg_325 |    1   |
|  icmp_ln346_reg_633  |    1   |
|indvar_flatten_reg_578|   11   |
|      k8_reg_571      |    8   |
|       n_reg_564      |    4   |
|   or_ln346_reg_637   |    1   |
|  trunc_ln351_reg_686 |    3   |
|  v168_0_addr_reg_641 |    7   |
|  v169_0_addr_reg_646 |    7   |
| v169_0_load15_reg_627|   32   |
|  v169_1_addr_reg_651 |    7   |
| v169_1_load13_reg_621|   32   |
|  v169_2_addr_reg_656 |    7   |
| v169_2_load11_reg_615|   32   |
|  v169_3_addr_reg_661 |    7   |
| v169_3_load9_reg_609 |   32   |
|  v169_4_addr_reg_666 |    7   |
| v169_4_load7_reg_603 |   32   |
|  v169_5_addr_reg_671 |    7   |
| v169_5_load5_reg_597 |   32   |
|  v169_6_addr_reg_676 |    7   |
| v169_6_load3_reg_591 |   32   |
|  v169_7_addr_reg_681 |    7   |
| v169_7_load1_reg_585 |   32   |
+----------------------+--------+
|         Total        |   348  |
+----------------------+--------+

* Multiplexer (MUX) list: 
|-------------------|------|------|------|--------||---------||---------|
|        Comp       |  Pin | Size |  BW  | S x BW ||  Delay  ||   LUT   |
|-------------------|------|------|------|--------||---------||---------|
| grp_access_fu_272 |  p0  |   2  |   7  |   14   ||    9    |
| grp_access_fu_278 |  p0  |   2  |   7  |   14   ||    9    |
| grp_access_fu_284 |  p0  |   2  |   7  |   14   ||    9    |
| grp_access_fu_290 |  p0  |   2  |   7  |   14   ||    9    |
| grp_access_fu_296 |  p0  |   2  |   7  |   14   ||    9    |
| grp_access_fu_302 |  p0  |   2  |   7  |   14   ||    9    |
| grp_access_fu_308 |  p0  |   2  |   7  |   14   ||    9    |
| grp_access_fu_314 |  p0  |   2  |   7  |   14   ||    9    |
|-------------------|------|------|------|--------||---------||---------|
|       Total       |      |      |      |   112  ||  3.096  ||    72   |
|-------------------|------|------|------|--------||---------||---------|



* Summary:
+-----------+--------+--------+--------+
|           |  Delay |   FF   |   LUT  |
+-----------+--------+--------+--------+
|  Function |    -   |    0   |   132  |
|   Memory  |    -   |    -   |    -   |
|Multiplexer|    3   |    -   |   72   |
|  Register |    -   |   348  |    -   |
+-----------+--------+--------+--------+
|   Total   |    3   |   348  |   204  |
+-----------+--------+--------+--------+
